# Blender 5.2.1 LTS
# www.blender.org
mtllib bottom0.mtl
o Text.001
v -1.717815 -0.250000 0.392007
v -1.708335 -0.250000 0.393377
v -1.698954 -0.250000 0.394628
v -1.689672 -0.250000 0.395759
v -1.680489 -0.250000 0.396772
v -1.671407 -0.250000 0.397665
v -1.662423 -0.250000 0.398439
v -1.653538 -0.250000 0.399095
v -1.644753 -0.250000 0.399631
v -1.636067 -0.250000 0.400048
v -1.627480 -0.250000 0.400345
v -1.618992 -0.250000 0.400524
v -1.610604 -0.250000 0.400584
v -1.596632 -0.250000 0.400420
v -1.582828 -0.250000 0.399929
v -1.569194 -0.250000 0.399110
v -1.555728 -0.250000 0.397963
v -1.542431 -0.250000 0.396489
v -1.529302 -0.250000 0.394687
v -1.516343 -0.250000 0.392558
v -1.503552 -0.250000 0.390101
v -1.490930 -0.250000 0.387316
v -1.478477 -0.250000 0.384204
v -1.466192 -0.250000 0.380765
v -1.454076 -0.250000 0.376997
v -1.442174 -0.250000 0.372902
v -1.430530 -0.250000 0.368480
v -1.419143 -0.250000 0.363730
v -1.408015 -0.250000 0.358652
v -1.397145 -0.250000 0.353247
v -1.386533 -0.250000 0.347514
v -1.376179 -0.250000 0.341454
v -1.366084 -0.250000 0.335066
v -1.356246 -0.250000 0.328350
v -1.346667 -0.250000 0.321307
v -1.337345 -0.250000 0.313936
v -1.328282 -0.250000 0.306238
v -1.319506 -0.250000 0.298207
v -1.311049 -0.250000 0.289839
v -1.302909 -0.250000 0.281133
v -1.295086 -0.250000 0.272089
v -1.287581 -0.250000 0.262708
v -1.280395 -0.250000 0.252990
v -1.273525 -0.250000 0.242934
v -1.266973 -0.250000 0.232540
v -1.260739 -0.250000 0.221809
v -1.254823 -0.250000 0.210741
v -1.249224 -0.250000 0.199335
v -1.243943 -0.250000 0.187591
v -1.239034 -0.250000 0.175510
v -1.234552 -0.250000 0.163092
v -1.230497 -0.250000 0.150336
v -1.226868 -0.250000 0.137242
v -1.223667 -0.250000 0.123811
v -1.220892 -0.250000 0.110042
v -1.218545 -0.250000 0.095936
v -1.216624 -0.250000 0.081492
v -1.215130 -0.250000 0.066711
v -1.214062 -0.250000 0.051592
v -1.213422 -0.250000 0.036136
v -1.213209 -0.250000 0.020342
v -1.213423 -0.250000 0.004802
v -1.214063 -0.250000 -0.010372
v -1.215130 -0.250000 -0.025178
v -1.216624 -0.250000 -0.039616
v -1.218545 -0.250000 -0.053688
v -1.220893 -0.250000 -0.067392
v -1.223667 -0.250000 -0.080729
v -1.226869 -0.250000 -0.093698
v -1.230497 -0.250000 -0.106301
v -1.234552 -0.250000 -0.118536
v -1.239034 -0.250000 -0.130403
v -1.243943 -0.250000 -0.141904
v -1.249199 -0.250000 -0.153052
v -1.254723 -0.250000 -0.163862
v -1.260515 -0.250000 -0.174335
v -1.266576 -0.250000 -0.184470
v -1.272904 -0.250000 -0.194268
v -1.279501 -0.250000 -0.203729
v -1.286365 -0.250000 -0.212851
v -1.293498 -0.250000 -0.221637
v -1.300898 -0.250000 -0.230085
v -1.308567 -0.250000 -0.238195
v -1.316504 -0.250000 -0.245968
v -1.324708 -0.250000 -0.253403
v -1.333146 -0.250000 -0.260511
v -1.341783 -0.250000 -0.267301
v -1.350618 -0.250000 -0.273773
v -1.359651 -0.250000 -0.279928
v -1.368883 -0.250000 -0.285765
v -1.378314 -0.250000 -0.291284
v -1.387943 -0.250000 -0.296486
v -1.397771 -0.250000 -0.301370
v -1.407797 -0.250000 -0.305936
v -1.418022 -0.250000 -0.310185
v -1.428445 -0.250000 -0.314116
v -1.439066 -0.250000 -0.317730
v -1.449807 -0.250000 -0.321040
v -1.460588 -0.250000 -0.324063
v -1.471408 -0.250000 -0.326798
v -1.482268 -0.250000 -0.329245
v -1.493168 -0.250000 -0.331404
v -1.504107 -0.250000 -0.333275
v -1.515086 -0.250000 -0.334858
v -1.526105 -0.250000 -0.336154
v -1.537164 -0.250000 -0.337161
v -1.548262 -0.250000 -0.337881
v -1.559401 -0.250000 -0.338313
v -1.570579 -0.250000 -0.338457
v -1.583111 -0.250000 -0.338298
v -1.595455 -0.250000 -0.337822
v -1.607611 -0.250000 -0.337027
v -1.619578 -0.250000 -0.335916
v -1.631356 -0.250000 -0.334486
v -1.642946 -0.250000 -0.332739
v -1.654347 -0.250000 -0.330674
v -1.665560 -0.250000 -0.328292
v -1.676583 -0.250000 -0.325592
v -1.687419 -0.250000 -0.322574
v -1.698066 -0.250000 -0.319238
v -1.708523 -0.250000 -0.315585
v -1.718768 -0.250000 -0.311654
v -1.728774 -0.250000 -0.307485
v -1.738542 -0.250000 -0.303077
v -1.748072 -0.250000 -0.298432
v -1.757364 -0.250000 -0.293548
v -1.766417 -0.250000 -0.288425
v -1.775232 -0.250000 -0.283065
v -1.783809 -0.250000 -0.277466
v -1.792148 -0.250000 -0.271629
v -1.800248 -0.250000 -0.265554
v -1.808110 -0.250000 -0.259240
v -1.815734 -0.250000 -0.252688
v -1.823100 -0.250000 -0.245908
v -1.830188 -0.250000 -0.238910
v -1.836998 -0.250000 -0.231693
v -1.843530 -0.250000 -0.224257
v -1.849784 -0.250000 -0.216604
v -1.855760 -0.250000 -0.208732
v -1.861458 -0.250000 -0.200641
v -1.866878 -0.250000 -0.192332
v -1.872020 -0.250000 -0.183805
v -1.876884 -0.250000 -0.175059
v -1.881470 -0.250000 -0.166095
v -1.885779 -0.250000 -0.156913
v -1.889774 -0.250000 -0.147552
v -1.893422 -0.250000 -0.138052
v -1.896723 -0.250000 -0.128413
v -1.899677 -0.250000 -0.118635
v -1.902282 -0.250000 -0.108718
v -1.904541 -0.250000 -0.098662
v -1.906451 -0.250000 -0.088467
v -1.908015 -0.250000 -0.078133
v -1.909231 -0.250000 -0.067660
v -1.910100 -0.250000 -0.057048
v -1.910621 -0.250000 -0.046297
v -1.910794 -0.250000 -0.035407
v -1.910606 -0.250000 -0.027466
v -1.910040 -0.250000 -0.019842
v -1.909097 -0.250000 -0.012536
v -1.907777 -0.250000 -0.005547
v -1.906079 -0.250000 0.001124
v -1.904005 -0.250000 0.007477
v -1.901552 -0.250000 0.013513
v -1.898723 -0.250000 0.019230
v -1.895517 -0.250000 0.024631
v -1.891933 -0.250000 0.029713
v -1.887973 -0.250000 0.034478
v -1.883635 -0.250000 0.038925
v -1.878959 -0.250000 0.043085
v -1.873986 -0.250000 0.046986
v -1.868715 -0.250000 0.050629
v -1.863145 -0.250000 0.054014
v -1.857279 -0.250000 0.057141
v -1.851114 -0.250000 0.060010
v -1.844652 -0.250000 0.062621
v -1.837891 -0.250000 0.064974
v -1.830833 -0.250000 0.067068
v -1.823478 -0.250000 0.068905
v -1.815824 -0.250000 0.070483
v -1.807872 -0.250000 0.071804
v -1.454791 -0.250000 0.124694
v -1.457640 -0.250000 0.132393
v -1.460946 -0.250000 0.139763
v -1.464708 -0.250000 0.146806
v -1.468927 -0.250000 0.153522
v -1.473602 -0.250000 0.159910
v -1.478734 -0.250000 0.165970
v -1.484323 -0.250000 0.171703
v -1.490369 -0.250000 0.177108
v -1.496871 -0.250000 0.182186
v -1.503830 -0.250000 0.186936
v -1.511245 -0.250000 0.191359
v -1.519118 -0.250000 0.195453
v -1.527317 -0.250000 0.199221
v -1.535715 -0.250000 0.202660
v -1.544312 -0.250000 0.205773
v -1.553107 -0.250000 0.208557
v -1.562101 -0.250000 0.211014
v -1.571294 -0.250000 0.213143
v -1.580684 -0.250000 0.214945
v -1.590274 -0.250000 0.216419
v -1.600062 -0.250000 0.217566
v -1.610048 -0.250000 0.218385
v -1.620233 -0.250000 0.218876
v -1.630617 -0.250000 0.219040
v -1.640340 -0.250000 0.218936
v -1.649975 -0.250000 0.218623
v -1.659519 -0.250000 0.218102
v -1.668974 -0.250000 0.217372
v -1.678340 -0.250000 0.216434
v -1.687617 -0.250000 0.215287
v -1.696805 -0.250000 0.213932
v -1.705903 -0.250000 0.212369
v -1.714911 -0.250000 0.210597
v -1.723831 -0.250000 0.208617
v -1.732661 -0.250000 0.206428
v -1.741401 -0.250000 0.204030
v -1.749963 -0.250000 0.201494
v -1.758257 -0.250000 0.198888
v -1.766283 -0.250000 0.196213
v -1.774041 -0.250000 0.193468
v -1.781531 -0.250000 0.190654
v -1.788753 -0.250000 0.187770
v -1.795707 -0.250000 0.184817
v -1.802392 -0.250000 0.181794
v -1.808810 -0.250000 0.178702
v -1.814960 -0.250000 0.175540
v -1.820841 -0.250000 0.172309
v -1.826455 -0.250000 0.169008
v -1.830218 -0.250000 0.171470
v -1.833881 -0.250000 0.174091
v -1.837445 -0.250000 0.176870
v -1.840909 -0.250000 0.179809
v -1.844275 -0.250000 0.182906
v -1.847540 -0.250000 0.186162
v -1.850707 -0.250000 0.189577
v -1.853774 -0.250000 0.193150
v -1.856742 -0.250000 0.196883
v -1.859611 -0.250000 0.200774
v -1.862381 -0.250000 0.204824
v -1.865052 -0.250000 0.209033
v -1.867563 -0.250000 0.213342
v -1.869856 -0.250000 0.217690
v -1.871931 -0.250000 0.222077
v -1.873787 -0.250000 0.226505
v -1.875425 -0.250000 0.230972
v -1.876845 -0.250000 0.235479
v -1.878046 -0.250000 0.240025
v -1.879028 -0.250000 0.244612
v -1.879793 -0.250000 0.249238
v -1.880339 -0.250000 0.253903
v -1.880666 -0.250000 0.258609
v -1.880776 -0.250000 0.263354
v -1.880359 -0.250000 0.273846
v -1.879108 -0.250000 0.283883
v -1.877023 -0.250000 0.293462
v -1.874105 -0.250000 0.302585
v -1.870353 -0.250000 0.311251
v -1.865766 -0.250000 0.319461
v -1.860346 -0.250000 0.327214
v -1.854092 -0.250000 0.334510
v -1.847004 -0.250000 0.341350
v -1.839083 -0.250000 0.347733
v -1.830327 -0.250000 0.353659
v -1.820738 -0.250000 0.359129
v -1.813034 -0.250000 0.363070
v -1.805172 -0.250000 0.366792
v -1.797151 -0.250000 0.370297
v -1.788971 -0.250000 0.373582
v -1.780633 -0.250000 0.376650
v -1.772135 -0.250000 0.379499
v -1.763479 -0.250000 0.382129
v -1.754664 -0.250000 0.384542
v -1.745690 -0.250000 0.386736
v -1.736557 -0.250000 0.388711
v -1.727266 -0.250000 0.390468
v -1.650630 -0.250000 -0.132612
v -1.645924 -0.250000 -0.137178
v -1.640861 -0.250000 -0.141348
v -1.635441 -0.250000 -0.145120
v -1.629664 -0.250000 -0.148495
v -1.623529 -0.250000 -0.151473
v -1.617037 -0.250000 -0.154054
v -1.610187 -0.250000 -0.156238
v -1.602980 -0.250000 -0.158025
v -1.595416 -0.250000 -0.159415
v -1.587494 -0.250000 -0.160407
v -1.579215 -0.250000 -0.161003
v -1.570579 -0.250000 -0.161202
v -1.564925 -0.250000 -0.161122
v -1.559401 -0.250000 -0.160884
v -1.554006 -0.250000 -0.160487
v -1.548740 -0.250000 -0.159931
v -1.543602 -0.250000 -0.159216
v -1.538594 -0.250000 -0.158343
v -1.533715 -0.250000 -0.157310
v -1.528965 -0.250000 -0.156119
v -1.524344 -0.250000 -0.154769
v -1.519852 -0.250000 -0.153260
v -1.515489 -0.250000 -0.151592
v -1.511255 -0.250000 -0.149766
v -1.507150 -0.250000 -0.147815
v -1.503175 -0.250000 -0.145775
v -1.499328 -0.250000 -0.143646
v -1.495610 -0.250000 -0.141427
v -1.492022 -0.250000 -0.139119
v -1.488562 -0.250000 -0.136722
v -1.485232 -0.250000 -0.134235
v -1.482030 -0.250000 -0.131659
v -1.478958 -0.250000 -0.128994
v -1.476014 -0.250000 -0.126239
v -1.473200 -0.250000 -0.123395
v -1.470515 -0.250000 -0.120461
v -1.467949 -0.250000 -0.117454
v -1.465492 -0.250000 -0.114386
v -1.463144 -0.250000 -0.111259
v -1.460906 -0.250000 -0.108073
v -1.458776 -0.250000 -0.104827
v -1.456756 -0.250000 -0.101521
v -1.454845 -0.250000 -0.098156
v -1.453044 -0.250000 -0.094731
v -1.451351 -0.250000 -0.091246
v -1.449768 -0.250000 -0.087703
v -1.448294 -0.250000 -0.084099
v -1.446929 -0.250000 -0.080436
v -1.445663 -0.250000 -0.076738
v -1.444487 -0.250000 -0.073031
v -1.443400 -0.250000 -0.069313
v -1.442402 -0.250000 -0.065585
v -1.441494 -0.250000 -0.061848
v -1.440675 -0.250000 -0.058100
v -1.439945 -0.250000 -0.054343
v -1.439305 -0.250000 -0.050576
v -1.438754 -0.250000 -0.046799
v -1.438292 -0.250000 -0.043011
v -1.437920 -0.250000 -0.039214
v -1.437637 -0.250000 -0.035407
v -1.682078 -0.250000 -0.075433
v -1.681205 -0.250000 -0.080198
v -1.680013 -0.250000 -0.084963
v -1.678504 -0.250000 -0.089728
v -1.676678 -0.250000 -0.094493
v -1.674534 -0.250000 -0.099258
v -1.672072 -0.250000 -0.104022
v -1.669292 -0.250000 -0.108787
v -1.666195 -0.250000 -0.113552
v -1.662780 -0.250000 -0.118317
v -1.659047 -0.250000 -0.123082
v -1.654997 -0.250000 -0.127847
v -1.010223 -0.250000 -0.136186
v -1.004465 -0.250000 -0.137898
v -0.998628 -0.250000 -0.139462
v -0.992712 -0.250000 -0.140876
v -0.986716 -0.250000 -0.142142
v -0.980641 -0.250000 -0.143259
v -0.974486 -0.250000 -0.144226
v -0.968252 -0.250000 -0.145046
v -0.961939 -0.250000 -0.145716
v -0.955546 -0.250000 -0.146237
v -0.949073 -0.250000 -0.146609
v -0.942521 -0.250000 -0.146832
v -0.935890 -0.250000 -0.146907
v -0.929959 -0.250000 -0.146827
v -0.924077 -0.250000 -0.146589
v -0.918245 -0.250000 -0.146192
v -0.912462 -0.250000 -0.145636
v -0.906729 -0.250000 -0.144921
v -0.901046 -0.250000 -0.144048
v -0.895413 -0.250000 -0.143015
v -0.889829 -0.250000 -0.141824
v -0.884295 -0.250000 -0.140474
v -0.878810 -0.250000 -0.138965
v -0.873375 -0.250000 -0.137297
v -0.867990 -0.250000 -0.135471
v -0.862689 -0.250000 -0.133491
v -0.857507 -0.250000 -0.131361
v -0.852445 -0.250000 -0.129083
v -0.847501 -0.250000 -0.126656
v -0.842676 -0.250000 -0.124080
v -0.837971 -0.250000 -0.121355
v -0.833385 -0.250000 -0.118481
v -0.828918 -0.250000 -0.115458
v -0.824569 -0.250000 -0.112287
v -0.820341 -0.250000 -0.108966
v -0.816231 -0.250000 -0.105497
v -0.812240 -0.250000 -0.101878
v -0.808374 -0.250000 -0.098111
v -0.804636 -0.250000 -0.094195
v -0.801028 -0.250000 -0.090130
v -0.797549 -0.250000 -0.085916
v -0.794198 -0.250000 -0.081553
v -0.790977 -0.250000 -0.077041
v -0.787884 -0.250000 -0.072380
v -0.784921 -0.250000 -0.067571
v -0.782087 -0.250000 -0.062612
v -0.779382 -0.250000 -0.057505
v -0.776806 -0.250000 -0.052248
v -0.774359 -0.250000 -0.046843
v -0.772076 -0.250000 -0.041284
v -0.769991 -0.250000 -0.035566
v -0.768105 -0.250000 -0.029690
v -0.766418 -0.250000 -0.023654
v -0.764928 -0.250000 -0.017460
v -0.763638 -0.250000 -0.011106
v -0.762546 -0.250000 -0.004594
v -0.761653 -0.250000 0.002077
v -0.760958 -0.250000 0.008906
v -0.760461 -0.250000 0.015895
v -0.760164 -0.250000 0.023042
v -0.760064 -0.250000 0.030349
v -0.760417 -0.250000 0.044812
v -0.761474 -0.250000 0.058660
v -0.763236 -0.250000 0.071893
v -0.765703 -0.250000 0.084510
v -0.768874 -0.250000 0.096512
v -0.772751 -0.250000 0.107898
v -0.777332 -0.250000 0.118669
v -0.782618 -0.250000 0.128824
v -0.788609 -0.250000 0.138364
v -0.795305 -0.250000 0.147288
v -0.802706 -0.250000 0.155597
v -0.810811 -0.250000 0.163290
v -0.819422 -0.250000 0.170368
v -0.828342 -0.250000 0.176831
v -0.837569 -0.250000 0.182677
v -0.847103 -0.250000 0.187909
v -0.856946 -0.250000 0.192525
v -0.867096 -0.250000 0.196526
v -0.877554 -0.250000 0.199911
v -0.888320 -0.250000 0.202680
v -0.899394 -0.250000 0.204834
v -0.910775 -0.250000 0.206373
v -0.922464 -0.250000 0.207296
v -0.934461 -0.250000 0.207604
v -0.941529 -0.250000 0.207535
v -0.948438 -0.250000 0.207326
v -0.955188 -0.250000 0.206979
v -0.961779 -0.250000 0.206492
v -0.968212 -0.250000 0.205867
v -0.974486 -0.250000 0.205102
v -0.980601 -0.250000 0.204199
v -0.986557 -0.250000 0.203157
v -0.992354 -0.250000 0.201975
v -0.997993 -0.250000 0.200655
v -1.003473 -0.250000 0.199196
v -1.008794 -0.250000 0.197598
v -1.013985 -0.250000 0.195920
v -1.019078 -0.250000 0.194222
v -1.024071 -0.250000 0.192505
v -1.028965 -0.250000 0.190768
v -1.033759 -0.250000 0.189011
v -1.038455 -0.250000 0.187234
v -1.043051 -0.250000 0.185437
v -1.047548 -0.250000 0.183621
v -1.051946 -0.250000 0.181784
v -1.056244 -0.250000 0.179928
v -1.060443 -0.250000 0.178052
v -1.064543 -0.250000 0.176155
v -1.069209 -0.250000 0.179516
v -1.073676 -0.250000 0.182926
v -1.077945 -0.250000 0.186385
v -1.082015 -0.250000 0.189894
v -1.085886 -0.250000 0.193453
v -1.089559 -0.250000 0.197062
v -1.093034 -0.250000 0.200720
v -1.096309 -0.250000 0.204427
v -1.099387 -0.250000 0.208185
v -1.102266 -0.250000 0.211992
v -1.104946 -0.250000 0.215848
v -1.107428 -0.250000 0.219755
v -1.109711 -0.250000 0.223750
v -1.111795 -0.250000 0.227875
v -1.113682 -0.250000 0.232129
v -1.115369 -0.250000 0.236511
v -1.116858 -0.250000 0.241023
v -1.118149 -0.250000 0.245664
v -1.119241 -0.250000 0.250434
v -1.120134 -0.250000 0.255333
v -1.120829 -0.250000 0.260361
v -1.121325 -0.250000 0.265518
v -1.121623 -0.250000 0.270804
v -1.121722 -0.250000 0.276219
v -1.121336 -0.250000 0.285803
v -1.120174 -0.250000 0.295021
v -1.118238 -0.250000 0.303870
v -1.115528 -0.250000 0.312353
v -1.112044 -0.250000 0.320468
v -1.107785 -0.250000 0.328216
v -1.102752 -0.250000 0.335597
v -1.096945 -0.250000 0.342610
v -1.090364 -0.250000 0.349256
v -1.083008 -0.250000 0.355535
v -1.074878 -0.250000 0.361447
v -1.065973 -0.250000 0.366991
v -1.056383 -0.250000 0.372128
v -1.046198 -0.250000 0.376819
v -1.035418 -0.250000 0.381062
v -1.024041 -0.250000 0.384859
v -1.012069 -0.250000 0.388210
v -0.999502 -0.250000 0.391113
v -0.986339 -0.250000 0.393570
v -0.972580 -0.250000 0.395581
v -0.958226 -0.250000 0.397144
v -0.943276 -0.250000 0.398261
v -0.927730 -0.250000 0.398931
v -0.911589 -0.250000 0.399154
v -0.896699 -0.250000 0.398971
v -0.882046 -0.250000 0.398420
v -0.867633 -0.250000 0.397501
v -0.853457 -0.250000 0.396216
v -0.839519 -0.250000 0.394563
v -0.825820 -0.250000 0.392543
v -0.812359 -0.250000 0.390155
v -0.799136 -0.250000 0.387401
v -0.786152 -0.250000 0.384279
v -0.773406 -0.250000 0.380789
v -0.760898 -0.250000 0.376933
v -0.748628 -0.250000 0.372709
v -0.736622 -0.250000 0.368152
v -0.724903 -0.250000 0.363298
v -0.713472 -0.250000 0.358146
v -0.702329 -0.250000 0.352696
v -0.691474 -0.250000 0.346948
v -0.680907 -0.250000 0.340903
v -0.670628 -0.250000 0.334560
v -0.660636 -0.250000 0.327918
v -0.650932 -0.250000 0.320980
v -0.641517 -0.250000 0.313743
v -0.632389 -0.250000 0.306208
v -0.623549 -0.250000 0.298376
v -0.615017 -0.250000 0.290261
v -0.606812 -0.250000 0.281877
v -0.598935 -0.250000 0.273226
v -0.591386 -0.250000 0.264307
v -0.584164 -0.250000 0.255119
v -0.577270 -0.250000 0.245664
v -0.570703 -0.250000 0.235940
v -0.564464 -0.250000 0.225949
v -0.558552 -0.250000 0.215689
v -0.552969 -0.250000 0.205162
v -0.547712 -0.250000 0.194366
v -0.542783 -0.250000 0.183303
v -0.538217 -0.250000 0.172006
v -0.534048 -0.250000 0.160511
v -0.530276 -0.250000 0.148817
v -0.526900 -0.250000 0.136924
v -0.523922 -0.250000 0.124833
v -0.521341 -0.250000 0.112544
v -0.519157 -0.250000 0.100056
v -0.517370 -0.250000 0.087369
v -0.515981 -0.250000 0.074484
v -0.514988 -0.250000 0.061400
v -0.514392 -0.250000 0.048118
v -0.514194 -0.250000 0.034637
v -0.514407 -0.250000 0.019077
v -0.515048 -0.250000 0.003844
v -0.516115 -0.250000 -0.011062
v -0.517609 -0.250000 -0.025639
v -0.519530 -0.250000 -0.039889
v -0.521878 -0.250000 -0.053812
v -0.524652 -0.250000 -0.067407
v -0.527853 -0.250000 -0.080674
v -0.531482 -0.250000 -0.093614
v -0.535537 -0.250000 -0.106226
v -0.540019 -0.250000 -0.118511
v -0.544928 -0.250000 -0.130468
v -0.550204 -0.250000 -0.142087
v -0.555788 -0.250000 -0.153359
v -0.561679 -0.250000 -0.164284
v -0.567879 -0.250000 -0.174861
v -0.574386 -0.250000 -0.185091
v -0.581201 -0.250000 -0.194973
v -0.588323 -0.250000 -0.204508
v -0.595754 -0.250000 -0.213695
v -0.603492 -0.250000 -0.222535
v -0.611538 -0.250000 -0.231028
v -0.619891 -0.250000 -0.239173
v -0.628552 -0.250000 -0.246970
v -0.637482 -0.250000 -0.254435
v -0.646639 -0.250000 -0.261583
v -0.656025 -0.250000 -0.268412
v -0.665639 -0.250000 -0.274925
v -0.675482 -0.250000 -0.281119
v -0.685553 -0.250000 -0.286996
v -0.695852 -0.250000 -0.292555
v -0.706379 -0.250000 -0.297796
v -0.717135 -0.250000 -0.302720
v -0.728119 -0.250000 -0.307326
v -0.739332 -0.250000 -0.311615
v -0.750773 -0.250000 -0.315585
v -0.762382 -0.250000 -0.319238
v -0.774101 -0.250000 -0.322574
v -0.785929 -0.250000 -0.325592
v -0.797866 -0.250000 -0.328292
v -0.809912 -0.250000 -0.330674
v -0.822068 -0.250000 -0.332739
v -0.834332 -0.250000 -0.334486
v -0.846706 -0.250000 -0.335916
v -0.859190 -0.250000 -0.337028
v -0.871782 -0.250000 -0.337822
v -0.884484 -0.250000 -0.338298
v -0.897294 -0.250000 -0.338457
v -0.914120 -0.250000 -0.338199
v -0.930291 -0.250000 -0.337425
v -0.945807 -0.250000 -0.336134
v -0.960668 -0.250000 -0.334327
v -0.974873 -0.250000 -0.332005
v -0.988423 -0.250000 -0.329165
v -1.001318 -0.250000 -0.325810
v -1.013558 -0.250000 -0.321939
v -1.025143 -0.250000 -0.317551
v -1.036072 -0.250000 -0.312647
v -1.046347 -0.250000 -0.307227
v -1.055967 -0.250000 -0.301290
v -1.064871 -0.250000 -0.294947
v -1.073001 -0.250000 -0.288306
v -1.080357 -0.250000 -0.281367
v -1.086939 -0.250000 -0.274130
v -1.092746 -0.250000 -0.266596
v -1.097779 -0.250000 -0.258763
v -1.102037 -0.250000 -0.250633
v -1.105522 -0.250000 -0.242205
v -1.108232 -0.250000 -0.233480
v -1.110168 -0.250000 -0.224456
v -1.111329 -0.250000 -0.215135
v -1.111716 -0.250000 -0.205515
v -1.111627 -0.250000 -0.201014
v -1.111359 -0.250000 -0.196561
v -1.110912 -0.250000 -0.192159
v -1.110287 -0.250000 -0.187806
v -1.109483 -0.250000 -0.183502
v -1.108500 -0.250000 -0.179249
v -1.107338 -0.250000 -0.175045
v -1.105998 -0.250000 -0.170890
v -1.104479 -0.250000 -0.166785
v -1.102782 -0.250000 -0.162730
v -1.100906 -0.250000 -0.158725
v -1.098851 -0.250000 -0.154769
v -1.096677 -0.250000 -0.150883
v -1.094443 -0.250000 -0.147085
v -1.092150 -0.250000 -0.143378
v -1.089798 -0.250000 -0.139759
v -1.087386 -0.250000 -0.136230
v -1.084914 -0.250000 -0.132791
v -1.082382 -0.250000 -0.129440
v -1.079791 -0.250000 -0.126179
v -1.077141 -0.250000 -0.123008
v -1.074431 -0.250000 -0.119925
v -1.071661 -0.250000 -0.116932
v -1.068832 -0.250000 -0.114029
v -1.064712 -0.250000 -0.115930
v -1.060454 -0.250000 -0.117821
v -1.056056 -0.250000 -0.119702
v -1.051519 -0.250000 -0.121573
v -1.046844 -0.250000 -0.123435
v -1.042029 -0.250000 -0.125286
v -1.037076 -0.250000 -0.127127
v -1.031983 -0.250000 -0.128959
v -1.026752 -0.250000 -0.130780
v -1.021381 -0.250000 -0.132592
v -1.015872 -0.250000 -0.134394
v 0.011140 -0.250000 0.205460
v 0.007234 -0.250000 0.208314
v 0.002900 -0.250000 0.210920
v -0.001860 -0.250000 0.213277
v -0.007046 -0.250000 0.215387
v -0.012660 -0.250000 0.217248
v -0.018701 -0.250000 0.218861
v -0.025168 -0.250000 0.220226
v -0.032062 -0.250000 0.221343
v -0.039383 -0.250000 0.222211
v -0.047131 -0.250000 0.222832
v -0.055306 -0.250000 0.223204
v -0.063908 -0.250000 0.223328
v -0.067993 -0.250000 0.223294
v -0.072147 -0.250000 0.223189
v -0.076371 -0.250000 0.223016
v -0.080665 -0.250000 0.222772
v -0.085027 -0.250000 0.222460
v -0.089460 -0.250000 0.222077
v -0.093962 -0.250000 0.221626
v -0.098533 -0.250000 0.221105
v -0.103174 -0.250000 0.220514
v -0.107884 -0.250000 0.219854
v -0.112664 -0.250000 0.219124
v -0.117513 -0.250000 0.218325
v -0.122293 -0.250000 0.217466
v -0.126864 -0.250000 0.216558
v -0.131227 -0.250000 0.215600
v -0.135382 -0.250000 0.214593
v -0.139328 -0.250000 0.213535
v -0.143065 -0.250000 0.212429
v -0.146594 -0.250000 0.211272
v -0.149915 -0.250000 0.210066
v -0.153027 -0.250000 0.208810
v -0.155931 -0.250000 0.207505
v -0.158626 -0.250000 0.206150
v -0.161113 -0.250000 0.204745
v -0.161113 -0.250000 0.090387
v -0.058190 -0.250000 0.098964
v -0.051618 -0.250000 0.099520
v -0.045245 -0.250000 0.100234
v -0.039071 -0.250000 0.101108
v -0.033095 -0.250000 0.102140
v -0.027317 -0.250000 0.103331
v -0.021738 -0.250000 0.104681
v -0.016358 -0.250000 0.106190
v -0.011176 -0.250000 0.107858
v -0.006193 -0.250000 0.109685
v -0.001408 -0.250000 0.111670
v 0.003178 -0.250000 0.113814
v 0.007566 -0.250000 0.116117
v 0.011676 -0.250000 0.118599
v 0.015428 -0.250000 0.121279
v 0.018823 -0.250000 0.124158
v 0.021861 -0.250000 0.127236
v 0.024541 -0.250000 0.130511
v 0.026864 -0.250000 0.133986
v 0.028830 -0.250000 0.137659
v 0.030438 -0.250000 0.141530
v 0.031688 -0.250000 0.145600
v 0.032582 -0.250000 0.149869
v 0.033118 -0.250000 0.154336
v 0.033297 -0.250000 0.159002
v 0.033143 -0.250000 0.163692
v 0.032681 -0.250000 0.168234
v 0.031912 -0.250000 0.172626
v 0.030835 -0.250000 0.176870
v 0.029450 -0.250000 0.180965
v 0.027757 -0.250000 0.184911
v 0.025757 -0.250000 0.188708
v 0.023449 -0.250000 0.192356
v 0.020833 -0.250000 0.195855
v 0.017910 -0.250000 0.199206
v 0.014679 -0.250000 0.202407
v 0.054024 -0.250000 -0.331310
v 0.044658 -0.250000 -0.332451
v 0.035381 -0.250000 -0.333493
v 0.026194 -0.250000 -0.334437
v 0.017096 -0.250000 -0.335280
v 0.008087 -0.250000 -0.336025
v -0.000832 -0.250000 -0.336670
v -0.009662 -0.250000 -0.337216
v -0.018403 -0.250000 -0.337663
v -0.027054 -0.250000 -0.338010
v -0.035616 -0.250000 -0.338258
v -0.044089 -0.250000 -0.338407
v -0.052472 -0.250000 -0.338457
v -0.065243 -0.250000 -0.338348
v -0.077826 -0.250000 -0.338020
v -0.090219 -0.250000 -0.337474
v -0.102424 -0.250000 -0.336710
v -0.114441 -0.250000 -0.335727
v -0.126269 -0.250000 -0.334526
v -0.137908 -0.250000 -0.333106
v -0.149359 -0.250000 -0.331468
v -0.160621 -0.250000 -0.329612
v -0.171695 -0.250000 -0.327537
v -0.182580 -0.250000 -0.325244
v -0.193276 -0.250000 -0.322733
v -0.203749 -0.250000 -0.319998
v -0.213964 -0.250000 -0.317035
v -0.223920 -0.250000 -0.313843
v -0.233619 -0.250000 -0.310423
v -0.243059 -0.250000 -0.306775
v -0.252242 -0.250000 -0.302899
v -0.261166 -0.250000 -0.298794
v -0.269832 -0.250000 -0.294461
v -0.278241 -0.250000 -0.289899
v -0.286391 -0.250000 -0.285110
v -0.294282 -0.250000 -0.280092
v -0.301916 -0.250000 -0.274845
v -0.309277 -0.250000 -0.269365
v -0.316350 -0.250000 -0.263648
v -0.323135 -0.250000 -0.257691
v -0.329632 -0.250000 -0.251497
v -0.335841 -0.250000 -0.245064
v -0.341763 -0.250000 -0.238393
v -0.347396 -0.250000 -0.231484
v -0.352742 -0.250000 -0.224337
v -0.357800 -0.250000 -0.216951
v -0.362569 -0.250000 -0.209327
v -0.367051 -0.250000 -0.201465
v -0.371246 -0.250000 -0.193365
v -0.375127 -0.250000 -0.185021
v -0.378671 -0.250000 -0.176429
v -0.381878 -0.250000 -0.167590
v -0.384746 -0.250000 -0.158501
v -0.387278 -0.250000 -0.149165
v -0.389472 -0.250000 -0.139581
v -0.391328 -0.250000 -0.129748
v -0.392847 -0.250000 -0.119667
v -0.394028 -0.250000 -0.109338
v -0.394872 -0.250000 -0.098761
v -0.395378 -0.250000 -0.087936
v -0.395547 -0.250000 -0.076862
v -0.395547 -0.250000 0.243341
v -0.395403 -0.250000 0.249441
v -0.394971 -0.250000 0.255353
v -0.394252 -0.250000 0.261075
v -0.393244 -0.250000 0.266610
v -0.391948 -0.250000 0.271955
v -0.390365 -0.250000 0.277112
v -0.388494 -0.250000 0.282081
v -0.386335 -0.250000 0.286861
v -0.383888 -0.250000 0.291452
v -0.381153 -0.250000 0.295855
v -0.378130 -0.250000 0.300068
v -0.374820 -0.250000 0.304094
v -0.371310 -0.250000 0.307980
v -0.367692 -0.250000 0.311777
v -0.363965 -0.250000 0.315485
v -0.360128 -0.250000 0.319103
v -0.356182 -0.250000 0.322632
v -0.352127 -0.250000 0.326072
v -0.347962 -0.250000 0.329422
v -0.343689 -0.250000 0.332683
v -0.339306 -0.250000 0.335855
v -0.334814 -0.250000 0.338937
v -0.330213 -0.250000 0.341930
v -0.325503 -0.250000 0.344834
v -0.309490 -0.250000 0.353738
v -0.292426 -0.250000 0.361869
v -0.274309 -0.250000 0.369224
v -0.255140 -0.250000 0.375806
v -0.234919 -0.250000 0.381613
v -0.213646 -0.250000 0.386646
v -0.191320 -0.250000 0.390905
v -0.167942 -0.250000 0.394389
v -0.143512 -0.250000 0.397099
v -0.118029 -0.250000 0.399035
v -0.091495 -0.250000 0.400196
v -0.063908 -0.250000 0.400584
v -0.051385 -0.250000 0.400484
v -0.039071 -0.250000 0.400187
v -0.026965 -0.250000 0.399690
v -0.015067 -0.250000 0.398995
v -0.003378 -0.250000 0.398102
v 0.008102 -0.250000 0.397010
v 0.019374 -0.250000 0.395719
v 0.030438 -0.250000 0.394230
v 0.041293 -0.250000 0.392543
v 0.051939 -0.250000 0.390657
v 0.062378 -0.250000 0.388572
v 0.072607 -0.250000 0.386289
v 0.082614 -0.250000 0.383807
v 0.092382 -0.250000 0.381127
v 0.101912 -0.250000 0.378248
v 0.111203 -0.250000 0.375171
v 0.120257 -0.250000 0.371895
v 0.129072 -0.250000 0.368420
v 0.137649 -0.250000 0.364747
v 0.145987 -0.250000 0.360876
v 0.154088 -0.250000 0.356806
v 0.161950 -0.250000 0.352537
v 0.169574 -0.250000 0.348070
v 0.176959 -0.250000 0.343405
v 0.184087 -0.250000 0.338530
v 0.190936 -0.250000 0.333438
v 0.197508 -0.250000 0.328127
v 0.203802 -0.250000 0.322598
v 0.209818 -0.250000 0.316850
v 0.215555 -0.250000 0.310884
v 0.221015 -0.250000 0.304699
v 0.226197 -0.250000 0.298297
v 0.231101 -0.250000 0.291675
v 0.235727 -0.250000 0.284836
v 0.240075 -0.250000 0.277778
v 0.244145 -0.250000 0.270501
v 0.247912 -0.250000 0.263016
v 0.251352 -0.250000 0.255333
v 0.254464 -0.250000 0.247451
v 0.257248 -0.250000 0.239370
v 0.259705 -0.250000 0.231091
v 0.261835 -0.250000 0.222614
v 0.263636 -0.250000 0.213937
v 0.265110 -0.250000 0.205063
v 0.266257 -0.250000 0.195989
v 0.267076 -0.250000 0.186718
v 0.267567 -0.250000 0.177247
v 0.267731 -0.250000 0.167579
v 0.267324 -0.250000 0.151457
v 0.266103 -0.250000 0.135971
v 0.264068 -0.250000 0.121121
v 0.261219 -0.250000 0.106905
v 0.257556 -0.250000 0.093325
v 0.253079 -0.250000 0.080380
v 0.247788 -0.250000 0.068071
v 0.241683 -0.250000 0.056397
v 0.234764 -0.250000 0.045358
v 0.227031 -0.250000 0.034955
v 0.218484 -0.250000 0.025187
v 0.209123 -0.250000 0.016054
v 0.198908 -0.250000 0.007517
v 0.187799 -0.250000 -0.000465
v 0.175798 -0.250000 -0.007890
v 0.162903 -0.250000 -0.014759
v 0.149114 -0.250000 -0.021073
v 0.134432 -0.250000 -0.026831
v 0.118857 -0.250000 -0.032032
v 0.102388 -0.250000 -0.036678
v 0.085026 -0.250000 -0.040768
v 0.066770 -0.250000 -0.044302
v 0.047621 -0.250000 -0.047280
v 0.027579 -0.250000 -0.049702
v -0.159683 -0.250000 -0.069715
v -0.159683 -0.250000 -0.079721
v -0.159430 -0.250000 -0.086467
v -0.158670 -0.250000 -0.092884
v -0.157405 -0.250000 -0.098975
v -0.155633 -0.250000 -0.104737
v -0.153354 -0.250000 -0.110172
v -0.150570 -0.250000 -0.115280
v -0.147279 -0.250000 -0.120059
v -0.143482 -0.250000 -0.124512
v -0.139179 -0.250000 -0.128636
v -0.134369 -0.250000 -0.132433
v -0.129053 -0.250000 -0.135903
v -0.123231 -0.250000 -0.139045
v -0.116933 -0.250000 -0.141899
v -0.110187 -0.250000 -0.144504
v -0.102995 -0.250000 -0.146862
v -0.095356 -0.250000 -0.148972
v -0.087271 -0.250000 -0.150833
v -0.078739 -0.250000 -0.152446
v -0.069760 -0.250000 -0.153811
v -0.060334 -0.250000 -0.154928
v -0.050462 -0.250000 -0.155796
v -0.040143 -0.250000 -0.156417
v -0.029377 -0.250000 -0.156789
v -0.018165 -0.250000 -0.156913
v -0.009131 -0.250000 -0.156834
v -0.000137 -0.250000 -0.156595
v 0.008817 -0.250000 -0.156198
v 0.017731 -0.250000 -0.155642
v 0.026606 -0.250000 -0.154928
v 0.035441 -0.250000 -0.154054
v 0.044236 -0.250000 -0.153022
v 0.052992 -0.250000 -0.151830
v 0.061707 -0.250000 -0.150480
v 0.070384 -0.250000 -0.148972
v 0.079020 -0.250000 -0.147304
v 0.087617 -0.250000 -0.145477
v 0.096124 -0.250000 -0.143532
v 0.104493 -0.250000 -0.141507
v 0.112722 -0.250000 -0.139402
v 0.120813 -0.250000 -0.137218
v 0.128764 -0.250000 -0.134955
v 0.136577 -0.250000 -0.132612
v 0.144250 -0.250000 -0.130190
v 0.151785 -0.250000 -0.127688
v 0.159180 -0.250000 -0.125107
v 0.166437 -0.250000 -0.122447
v 0.173554 -0.250000 -0.119707
v 0.180533 -0.250000 -0.116888
v 0.183590 -0.250000 -0.119126
v 0.186568 -0.250000 -0.121553
v 0.189467 -0.250000 -0.124169
v 0.192286 -0.250000 -0.126973
v 0.195026 -0.250000 -0.129966
v 0.197687 -0.250000 -0.133148
v 0.200268 -0.250000 -0.136518
v 0.202769 -0.250000 -0.140077
v 0.205191 -0.250000 -0.143824
v 0.207534 -0.250000 -0.147761
v 0.209798 -0.250000 -0.151885
v 0.211982 -0.250000 -0.156198
v 0.214036 -0.250000 -0.160621
v 0.215913 -0.250000 -0.165073
v 0.217610 -0.250000 -0.169555
v 0.219129 -0.250000 -0.174067
v 0.220469 -0.250000 -0.178608
v 0.221630 -0.250000 -0.183180
v 0.222613 -0.250000 -0.187781
v 0.223417 -0.250000 -0.192412
v 0.224043 -0.250000 -0.197073
v 0.224489 -0.250000 -0.201763
v 0.224758 -0.250000 -0.206483
v 0.224847 -0.250000 -0.211233
v 0.224723 -0.250000 -0.217323
v 0.224350 -0.250000 -0.223205
v 0.223730 -0.250000 -0.228878
v 0.222862 -0.250000 -0.234343
v 0.221745 -0.250000 -0.239600
v 0.220380 -0.250000 -0.244647
v 0.218767 -0.250000 -0.249487
v 0.216905 -0.250000 -0.254118
v 0.214796 -0.250000 -0.258540
v 0.212438 -0.250000 -0.262754
v 0.209833 -0.250000 -0.266760
v 0.206978 -0.250000 -0.270557
v 0.203866 -0.250000 -0.274205
v 0.200486 -0.250000 -0.277764
v 0.196838 -0.250000 -0.281233
v 0.192922 -0.250000 -0.284613
v 0.188738 -0.250000 -0.287904
v 0.184285 -0.250000 -0.291105
v 0.179565 -0.250000 -0.294218
v 0.174577 -0.250000 -0.297240
v 0.169320 -0.250000 -0.300174
v 0.163796 -0.250000 -0.303018
v 0.158004 -0.250000 -0.305773
v 0.151943 -0.250000 -0.308438
v 0.144930 -0.250000 -0.310999
v 0.137708 -0.250000 -0.313441
v 0.130278 -0.250000 -0.315764
v 0.122639 -0.250000 -0.317968
v 0.114792 -0.250000 -0.320052
v 0.106736 -0.250000 -0.322018
v 0.098472 -0.250000 -0.323864
v 0.089999 -0.250000 -0.325592
v 0.081318 -0.250000 -0.327200
v 0.072429 -0.250000 -0.328689
v 0.063331 -0.250000 -0.330059
v 0.898131 -0.250000 -0.321303
v 0.887063 -0.250000 -0.324043
v 0.875776 -0.250000 -0.326545
v 0.864271 -0.250000 -0.328808
v 0.852547 -0.250000 -0.330833
v 0.840605 -0.250000 -0.332620
v 0.828444 -0.250000 -0.334169
v 0.816065 -0.250000 -0.335479
v 0.803468 -0.250000 -0.336551
v 0.790652 -0.250000 -0.337385
v 0.777618 -0.250000 -0.337981
v 0.764366 -0.250000 -0.338338
v 0.750895 -0.250000 -0.338457
v 0.736685 -0.250000 -0.338303
v 0.722643 -0.250000 -0.337841
v 0.708770 -0.250000 -0.337072
v 0.695066 -0.250000 -0.335995
v 0.681531 -0.250000 -0.334610
v 0.668164 -0.250000 -0.332918
v 0.654966 -0.250000 -0.330917
v 0.641937 -0.250000 -0.328609
v 0.629077 -0.250000 -0.325994
v 0.616385 -0.250000 -0.323070
v 0.603862 -0.250000 -0.319839
v 0.591508 -0.250000 -0.316300
v 0.579382 -0.250000 -0.312443
v 0.567544 -0.250000 -0.308259
v 0.555995 -0.250000 -0.303747
v 0.544732 -0.250000 -0.298908
v 0.533758 -0.250000 -0.293741
v 0.523072 -0.250000 -0.288247
v 0.512673 -0.250000 -0.282424
v 0.502563 -0.250000 -0.276275
v 0.492740 -0.250000 -0.269797
v 0.483205 -0.250000 -0.262992
v 0.473958 -0.250000 -0.255860
v 0.464999 -0.250000 -0.248400
v 0.456343 -0.250000 -0.240612
v 0.448004 -0.250000 -0.232497
v 0.439983 -0.250000 -0.224054
v 0.432280 -0.250000 -0.215284
v 0.424895 -0.250000 -0.206186
v 0.417827 -0.250000 -0.196760
v 0.411076 -0.250000 -0.187007
v 0.404644 -0.250000 -0.176926
v 0.398529 -0.250000 -0.166517
v 0.392731 -0.250000 -0.155782
v 0.387252 -0.250000 -0.144718
v 0.382089 -0.250000 -0.133327
v 0.377295 -0.250000 -0.121588
v 0.372917 -0.250000 -0.109482
v 0.368956 -0.250000 -0.097009
v 0.365412 -0.250000 -0.084168
v 0.362285 -0.250000 -0.070961
v 0.359575 -0.250000 -0.057386
v 0.357282 -0.250000 -0.043443
v 0.355406 -0.250000 -0.029133
v 0.353947 -0.250000 -0.014457
v 0.352904 -0.250000 0.000588
v 0.352279 -0.250000 0.015999
v 0.352070 -0.250000 0.031778
v 0.352249 -0.250000 0.046867
v 0.352785 -0.250000 0.061638
v 0.353679 -0.250000 0.076092
v 0.354929 -0.250000 0.090228
v 0.356538 -0.250000 0.104046
v 0.358503 -0.250000 0.117547
v 0.360826 -0.250000 0.130730
v 0.363506 -0.250000 0.143595
v 0.366544 -0.250000 0.156143
v 0.369939 -0.250000 0.168373
v 0.373691 -0.250000 0.180285
v 0.377801 -0.250000 0.191880
v 0.382238 -0.250000 0.203162
v 0.386974 -0.250000 0.214136
v 0.392006 -0.250000 0.224802
v 0.397337 -0.250000 0.235161
v 0.402966 -0.250000 0.245212
v 0.408892 -0.250000 0.254956
v 0.415116 -0.250000 0.264391
v 0.421638 -0.250000 0.273519
v 0.428458 -0.250000 0.282339
v 0.435576 -0.250000 0.290851
v 0.442991 -0.250000 0.299056
v 0.450705 -0.250000 0.306953
v 0.458701 -0.250000 0.314532
v 0.466965 -0.250000 0.321784
v 0.475497 -0.250000 0.328708
v 0.484297 -0.250000 0.335304
v 0.493366 -0.250000 0.341573
v 0.502702 -0.250000 0.347514
v 0.512306 -0.250000 0.353128
v 0.522179 -0.250000 0.358414
v 0.532319 -0.250000 0.363373
v 0.542727 -0.250000 0.368003
v 0.553404 -0.250000 0.372307
v 0.564348 -0.250000 0.376283
v 0.575531 -0.250000 0.379936
v 0.586922 -0.250000 0.383271
v 0.598522 -0.250000 0.386289
v 0.610330 -0.250000 0.388989
v 0.622346 -0.250000 0.391371
v 0.634571 -0.250000 0.393436
v 0.647005 -0.250000 0.395183
v 0.659647 -0.250000 0.396613
v 0.672497 -0.250000 0.397725
v 0.685556 -0.250000 0.398519
v 0.698823 -0.250000 0.398995
v 0.712299 -0.250000 0.399154
v 0.722484 -0.250000 0.399025
v 0.732550 -0.250000 0.398638
v 0.742497 -0.250000 0.397993
v 0.752325 -0.250000 0.397089
v 0.762033 -0.250000 0.395928
v 0.771623 -0.250000 0.394508
v 0.781093 -0.250000 0.392831
v 0.790444 -0.250000 0.390895
v 0.799676 -0.250000 0.388701
v 0.808789 -0.250000 0.386249
v 0.817783 -0.250000 0.383539
v 0.826657 -0.250000 0.380571
v 0.826657 -0.250000 0.617864
v 0.829159 -0.250000 0.618584
v 0.831899 -0.250000 0.619314
v 0.834877 -0.250000 0.620053
v 0.838093 -0.250000 0.620803
v 0.841548 -0.250000 0.621562
v 0.845240 -0.250000 0.622332
v 0.849172 -0.250000 0.623111
v 0.853341 -0.250000 0.623900
v 0.857748 -0.250000 0.624699
v 0.862394 -0.250000 0.625508
v 0.867278 -0.250000 0.626327
v 0.872401 -0.250000 0.627156
v 0.877652 -0.250000 0.627955
v 0.882923 -0.250000 0.628685
v 0.888214 -0.250000 0.629345
v 0.893525 -0.250000 0.629936
v 0.898856 -0.250000 0.630457
v 0.904207 -0.250000 0.630908
v 0.909577 -0.250000 0.631291
v 0.914967 -0.250000 0.631603
v 0.920378 -0.250000 0.631847
v 0.925808 -0.250000 0.632020
v 0.931258 -0.250000 0.632125
v 0.936727 -0.250000 0.632159
v 0.941924 -0.250000 0.632129
v 0.947031 -0.250000 0.632040
v 0.952050 -0.250000 0.631891
v 0.956978 -0.250000 0.631683
v 0.961818 -0.250000 0.631415
v 0.966568 -0.250000 0.631087
v 0.971228 -0.250000 0.630700
v 0.975800 -0.250000 0.630253
v 0.980282 -0.250000 0.629747
v 0.984675 -0.250000 0.629181
v 0.988978 -0.250000 0.628556
v 0.993192 -0.250000 0.627871
v 0.997306 -0.250000 0.627097
v 1.001312 -0.250000 0.626203
v 1.005208 -0.250000 0.625191
v 1.008996 -0.250000 0.624059
v 1.012673 -0.250000 0.622808
v 1.016242 -0.250000 0.621438
v 1.019702 -0.250000 0.619949
v 1.023052 -0.250000 0.618341
v 1.026293 -0.250000 0.616614
v 1.029425 -0.250000 0.614767
v 1.032448 -0.250000 0.612802
v 1.035361 -0.250000 0.610717
v 1.038161 -0.250000 0.608508
v 1.040841 -0.250000 0.606171
v 1.043402 -0.250000 0.603704
v 1.045844 -0.250000 0.601108
v 1.048167 -0.250000 0.598383
v 1.050371 -0.250000 0.595529
v 1.052456 -0.250000 0.592546
v 1.054421 -0.250000 0.589434
v 1.056268 -0.250000 0.586193
v 1.057995 -0.250000 0.582822
v 1.059603 -0.250000 0.579323
v 1.061092 -0.250000 0.575695
v 1.062462 -0.250000 0.571908
v 1.063713 -0.250000 0.567932
v 1.064844 -0.250000 0.563768
v 1.065857 -0.250000 0.559415
v 1.066750 -0.250000 0.554873
v 1.067525 -0.250000 0.550143
v 1.068180 -0.250000 0.545224
v 1.068716 -0.250000 0.540117
v 1.069133 -0.250000 0.534821
v 1.069431 -0.250000 0.529336
v 1.069609 -0.250000 0.523663
v 1.069669 -0.250000 0.517801
v 1.069669 -0.250000 -0.168349
v 1.069555 -0.250000 -0.174682
v 1.069212 -0.250000 -0.180817
v 1.068642 -0.250000 -0.186754
v 1.067842 -0.250000 -0.192491
v 1.066815 -0.250000 -0.198031
v 1.065559 -0.250000 -0.203371
v 1.064075 -0.250000 -0.208513
v 1.062363 -0.250000 -0.213457
v 1.060422 -0.250000 -0.218202
v 1.058253 -0.250000 -0.222749
v 1.055856 -0.250000 -0.227097
v 1.053230 -0.250000 -0.231246
v 1.050406 -0.250000 -0.235267
v 1.047413 -0.250000 -0.239227
v 1.044251 -0.250000 -0.243129
v 1.040920 -0.250000 -0.246970
v 1.037421 -0.250000 -0.250753
v 1.033753 -0.250000 -0.254475
v 1.029917 -0.250000 -0.258138
v 1.025911 -0.250000 -0.261742
v 1.021737 -0.250000 -0.265285
v 1.017394 -0.250000 -0.268770
v 1.012882 -0.250000 -0.272195
v 1.008201 -0.250000 -0.275560
v 1.000667 -0.250000 -0.280245
v 0.992834 -0.250000 -0.284772
v 0.984704 -0.250000 -0.289140
v 0.976276 -0.250000 -0.293349
v 0.967551 -0.250000 -0.297399
v 0.958527 -0.250000 -0.301290
v 0.949206 -0.250000 -0.305023
v 0.939586 -0.250000 -0.308597
v 0.929669 -0.250000 -0.312012
v 0.919454 -0.250000 -0.315268
v 0.908942 -0.250000 -0.318365
v 0.790920 -0.250000 0.201886
v 0.787565 -0.250000 0.202799
v 0.784170 -0.250000 0.203633
v 0.780735 -0.250000 0.204388
v 0.777261 -0.250000 0.205063
v 0.773747 -0.250000 0.205658
v 0.770193 -0.250000 0.206175
v 0.766600 -0.250000 0.206611
v 0.762966 -0.250000 0.206969
v 0.759293 -0.250000 0.207247
v 0.755581 -0.250000 0.207445
v 0.751828 -0.250000 0.207564
v 0.748036 -0.250000 0.207604
v 0.724519 -0.250000 0.206383
v 0.703047 -0.250000 0.202720
v 0.683620 -0.250000 0.196615
v 0.666238 -0.250000 0.188068
v 0.650901 -0.250000 0.177079
v 0.637609 -0.250000 0.163648
v 0.626362 -0.250000 0.147774
v 0.617159 -0.250000 0.129459
v 0.610002 -0.250000 0.108702
v 0.604890 -0.250000 0.085503
v 0.601822 -0.250000 0.059861
v 0.600800 -0.250000 0.031778
v 0.601053 -0.250000 0.016858
v 0.601812 -0.250000 0.002593
v 0.603078 -0.250000 -0.011017
v 0.604850 -0.250000 -0.023972
v 0.607128 -0.250000 -0.036271
v 0.609913 -0.250000 -0.047915
v 0.613204 -0.250000 -0.058904
v 0.617001 -0.250000 -0.069238
v 0.621304 -0.250000 -0.078917
v 0.626114 -0.250000 -0.087941
v 0.631430 -0.250000 -0.096309
v 0.637251 -0.250000 -0.104022
v 0.643550 -0.250000 -0.111100
v 0.650295 -0.250000 -0.117563
v 0.657488 -0.250000 -0.123410
v 0.665126 -0.250000 -0.128641
v 0.673212 -0.250000 -0.133257
v 0.681744 -0.250000 -0.137258
v 0.690723 -0.250000 -0.140643
v 0.700149 -0.250000 -0.143412
v 0.710021 -0.250000 -0.145567
v 0.720340 -0.250000 -0.147105
v 0.731106 -0.250000 -0.148029
v 0.742318 -0.250000 -0.148336
v 0.746805 -0.250000 -0.148292
v 0.751213 -0.250000 -0.148158
v 0.755541 -0.250000 -0.147934
v 0.759790 -0.250000 -0.147622
v 0.763959 -0.250000 -0.147219
v 0.768049 -0.250000 -0.146728
v 0.772059 -0.250000 -0.146147
v 0.775990 -0.250000 -0.145477
v 0.779842 -0.250000 -0.144718
v 0.783614 -0.250000 -0.143869
v 0.787307 -0.250000 -0.142931
v 0.790920 -0.250000 -0.141904
v 0.794454 -0.250000 -0.140817
v 0.797909 -0.250000 -0.139700
v 0.801284 -0.250000 -0.138553
v 0.804580 -0.250000 -0.137377
v 0.807796 -0.250000 -0.136171
v 0.810933 -0.250000 -0.134935
v 0.813991 -0.250000 -0.133669
v 0.816969 -0.250000 -0.132374
v 0.819867 -0.250000 -0.131048
v 0.822687 -0.250000 -0.129693
v 0.825426 -0.250000 -0.128309
v 0.828087 -0.250000 -0.126894
v 0.828087 -0.250000 0.187591
v 0.825208 -0.250000 0.189001
v 0.822290 -0.250000 0.190371
v 0.819331 -0.250000 0.191701
v 0.816334 -0.250000 0.192992
v 0.813296 -0.250000 0.194242
v 0.810218 -0.250000 0.195453
v 0.807101 -0.250000 0.196625
v 0.803945 -0.250000 0.197756
v 0.800748 -0.250000 0.198848
v 0.797512 -0.250000 0.199901
v 0.794236 -0.250000 0.200913
v 1.532820 -0.250000 0.053220
v 1.592858 -0.250000 0.033208
v 1.603262 -0.250000 0.029629
v 1.613506 -0.250000 0.026040
v 1.623592 -0.250000 0.022442
v 1.633519 -0.250000 0.018833
v 1.643287 -0.250000 0.015215
v 1.652896 -0.250000 0.011587
v 1.662347 -0.250000 0.007948
v 1.671638 -0.250000 0.004300
v 1.680771 -0.250000 0.000642
v 1.689745 -0.250000 -0.003026
v 1.698560 -0.250000 -0.006704
v 1.707217 -0.250000 -0.010392
v 1.715694 -0.250000 -0.014149
v 1.723973 -0.250000 -0.018035
v 1.732054 -0.250000 -0.022051
v 1.739936 -0.250000 -0.026195
v 1.747619 -0.250000 -0.030469
v 1.755104 -0.250000 -0.034871
v 1.762390 -0.250000 -0.039403
v 1.769478 -0.250000 -0.044064
v 1.776368 -0.250000 -0.048853
v 1.783058 -0.250000 -0.053772
v 1.789551 -0.250000 -0.058820
v 1.795844 -0.250000 -0.063997
v 1.801924 -0.250000 -0.069323
v 1.807776 -0.250000 -0.074817
v 1.813400 -0.250000 -0.080481
v 1.818795 -0.250000 -0.086313
v 1.823962 -0.250000 -0.092314
v 1.828901 -0.250000 -0.098483
v 1.833611 -0.250000 -0.104821
v 1.838093 -0.250000 -0.111329
v 1.842347 -0.250000 -0.118004
v 1.846372 -0.250000 -0.124849
v 1.850169 -0.250000 -0.131862
v 1.853738 -0.250000 -0.139045
v 1.857049 -0.250000 -0.146445
v 1.860071 -0.250000 -0.154114
v 1.862806 -0.250000 -0.162050
v 1.865253 -0.250000 -0.170255
v 1.867412 -0.250000 -0.178728
v 1.869284 -0.250000 -0.187468
v 1.870867 -0.250000 -0.196477
v 1.872162 -0.250000 -0.205754
v 1.873170 -0.250000 -0.215299
v 1.873890 -0.250000 -0.225111
v 1.874322 -0.250000 -0.235192
v 1.874466 -0.250000 -0.245541
v 1.873815 -0.250000 -0.265454
v 1.871865 -0.250000 -0.284693
v 1.868614 -0.250000 -0.303256
v 1.864062 -0.250000 -0.321144
v 1.858210 -0.250000 -0.338358
v 1.851058 -0.250000 -0.354896
v 1.842605 -0.250000 -0.370759
v 1.832852 -0.250000 -0.385947
v 1.821798 -0.250000 -0.400461
v 1.809444 -0.250000 -0.414299
v 1.795790 -0.250000 -0.427462
v 1.780835 -0.250000 -0.439950
v 1.764708 -0.250000 -0.451594
v 1.747540 -0.250000 -0.462226
v 1.729329 -0.250000 -0.471845
v 1.710075 -0.250000 -0.480452
v 1.689780 -0.250000 -0.488046
v 1.668442 -0.250000 -0.494627
v 1.646062 -0.250000 -0.500196
v 1.622639 -0.250000 -0.504753
v 1.598174 -0.250000 -0.508297
v 1.572667 -0.250000 -0.510828
v 1.546117 -0.250000 -0.512347
v 1.518525 -0.250000 -0.512853
v 1.508340 -0.250000 -0.512794
v 1.498274 -0.250000 -0.512615
v 1.488328 -0.250000 -0.512317
v 1.478500 -0.250000 -0.511900
v 1.468791 -0.250000 -0.511364
v 1.459202 -0.250000 -0.510709
v 1.449731 -0.250000 -0.509935
v 1.440380 -0.250000 -0.509041
v 1.431148 -0.250000 -0.508029
v 1.422035 -0.250000 -0.506897
v 1.413041 -0.250000 -0.505646
v 1.404167 -0.250000 -0.504277
v 1.395456 -0.250000 -0.502783
v 1.386954 -0.250000 -0.501159
v 1.378660 -0.250000 -0.499407
v 1.370574 -0.250000 -0.497526
v 1.362697 -0.250000 -0.495516
v 1.355029 -0.250000 -0.493377
v 1.347569 -0.250000 -0.491108
v 1.340317 -0.250000 -0.488711
v 1.333274 -0.250000 -0.486185
v 1.326439 -0.250000 -0.483529
v 1.319813 -0.250000 -0.480745
v 1.313395 -0.250000 -0.477831
v 1.307196 -0.250000 -0.474784
v 1.301225 -0.250000 -0.471597
v 1.295482 -0.250000 -0.468271
v 1.289967 -0.250000 -0.464807
v 1.284681 -0.250000 -0.461204
v 1.279624 -0.250000 -0.457461
v 1.274794 -0.250000 -0.453580
v 1.270193 -0.250000 -0.449559
v 1.265820 -0.250000 -0.445400
v 1.261676 -0.250000 -0.441101
v 1.257760 -0.250000 -0.436664
v 1.254072 -0.250000 -0.432088
v 1.250647 -0.250000 -0.427377
v 1.247520 -0.250000 -0.422538
v 1.244691 -0.250000 -0.417570
v 1.242159 -0.250000 -0.412472
v 1.239926 -0.250000 -0.407246
v 1.237990 -0.250000 -0.401890
v 1.236352 -0.250000 -0.396405
v 1.235012 -0.250000 -0.390792
v 1.233970 -0.250000 -0.385049
v 1.233225 -0.250000 -0.379177
v 1.232778 -0.250000 -0.373176
v 1.232630 -0.250000 -0.367046
v 1.232749 -0.250000 -0.360927
v 1.233106 -0.250000 -0.354955
v 1.233701 -0.250000 -0.349133
v 1.234535 -0.250000 -0.343460
v 1.235607 -0.250000 -0.337936
v 1.236918 -0.250000 -0.332560
v 1.238466 -0.250000 -0.327334
v 1.240253 -0.250000 -0.322256
v 1.242278 -0.250000 -0.317327
v 1.244542 -0.250000 -0.312548
v 1.247043 -0.250000 -0.307917
v 1.249783 -0.250000 -0.303435
v 1.252692 -0.250000 -0.299082
v 1.255700 -0.250000 -0.294838
v 1.258807 -0.250000 -0.290703
v 1.262013 -0.250000 -0.286678
v 1.265319 -0.250000 -0.282762
v 1.268724 -0.250000 -0.278955
v 1.272228 -0.250000 -0.275257
v 1.275831 -0.250000 -0.271668
v 1.279534 -0.250000 -0.268189
v 1.283336 -0.250000 -0.264819
v 1.287238 -0.250000 -0.261558
v 1.291238 -0.250000 -0.258406
v 1.296628 -0.250000 -0.261707
v 1.302317 -0.250000 -0.264938
v 1.308303 -0.250000 -0.268100
v 1.314586 -0.250000 -0.271192
v 1.321168 -0.250000 -0.274215
v 1.328047 -0.250000 -0.277168
v 1.335224 -0.250000 -0.280052
v 1.342699 -0.250000 -0.282866
v 1.350472 -0.250000 -0.285611
v 1.358543 -0.250000 -0.288286
v 1.366911 -0.250000 -0.290892
v 1.375577 -0.250000 -0.293428
v 1.384462 -0.250000 -0.295826
v 1.393486 -0.250000 -0.298015
v 1.402648 -0.250000 -0.299995
v 1.411950 -0.250000 -0.301767
v 1.421390 -0.250000 -0.303330
v 1.430970 -0.250000 -0.304685
v 1.440688 -0.250000 -0.305832
v 1.450546 -0.250000 -0.306770
v 1.460542 -0.250000 -0.307500
v 1.470677 -0.250000 -0.308021
v 1.480952 -0.250000 -0.308334
v 1.491365 -0.250000 -0.308438
v 1.501848 -0.250000 -0.308314
v 1.511854 -0.250000 -0.307941
v 1.521384 -0.250000 -0.307321
v 1.530438 -0.250000 -0.306452
v 1.539014 -0.250000 -0.305336
v 1.547115 -0.250000 -0.303971
v 1.554739 -0.250000 -0.302357
v 1.561886 -0.250000 -0.300496
v 1.568557 -0.250000 -0.298387
v 1.574751 -0.250000 -0.296029
v 1.580469 -0.250000 -0.293423
v 1.585711 -0.250000 -0.290569
v 1.590505 -0.250000 -0.287527
v 1.594883 -0.250000 -0.284355
v 1.598844 -0.250000 -0.281054
v 1.602388 -0.250000 -0.277625
v 1.605515 -0.250000 -0.274066
v 1.608225 -0.250000 -0.270378
v 1.610518 -0.250000 -0.266561
v 1.612394 -0.250000 -0.262615
v 1.613854 -0.250000 -0.258540
v 1.614896 -0.250000 -0.254336
v 1.615521 -0.250000 -0.250003
v 1.615730 -0.250000 -0.245541
v 1.615601 -0.250000 -0.242022
v 1.615214 -0.250000 -0.238612
v 1.614568 -0.250000 -0.235311
v 1.613665 -0.250000 -0.232120
v 1.612504 -0.250000 -0.229037
v 1.611084 -0.250000 -0.226064
v 1.609406 -0.250000 -0.223200
v 1.607471 -0.250000 -0.220445
v 1.605277 -0.250000 -0.217800
v 1.602825 -0.250000 -0.215264
v 1.600115 -0.250000 -0.212836
v 1.597147 -0.250000 -0.210519
v 1.593920 -0.250000 -0.208270
v 1.590436 -0.250000 -0.206051
v 1.586694 -0.250000 -0.203863
v 1.582693 -0.250000 -0.201703
v 1.578434 -0.250000 -0.199574
v 1.573918 -0.250000 -0.197475
v 1.569143 -0.250000 -0.195405
v 1.564110 -0.250000 -0.193365
v 1.558819 -0.250000 -0.191355
v 1.553270 -0.250000 -0.189374
v 1.547462 -0.250000 -0.187424
v 1.541397 -0.250000 -0.185503
v 1.465635 -0.250000 -0.161202
v 1.443671 -0.250000 -0.153890
v 1.422571 -0.250000 -0.146252
v 1.402335 -0.250000 -0.138285
v 1.382963 -0.250000 -0.129991
v 1.364454 -0.250000 -0.121370
v 1.346809 -0.250000 -0.112421
v 1.330028 -0.250000 -0.103144
v 1.314110 -0.250000 -0.093540
v 1.299056 -0.250000 -0.083608
v 1.284865 -0.250000 -0.073348
v 1.271538 -0.250000 -0.062761
v 1.259075 -0.250000 -0.051846
v 1.247545 -0.250000 -0.040435
v 1.237017 -0.250000 -0.028359
v 1.227492 -0.250000 -0.015618
v 1.218970 -0.250000 -0.002212
v 1.211450 -0.250000 0.011860
v 1.204933 -0.250000 0.026596
v 1.199419 -0.250000 0.041998
v 1.194907 -0.250000 0.058065
v 1.191398 -0.250000 0.074796
v 1.188891 -0.250000 0.092193
v 1.187387 -0.250000 0.110255
v 1.186886 -0.250000 0.128983
v 1.187551 -0.250000 0.148911
v 1.189547 -0.250000 0.168194
v 1.192872 -0.250000 0.186832
v 1.197528 -0.250000 0.204824
v 1.203514 -0.250000 0.222172
v 1.210830 -0.250000 0.238874
v 1.219476 -0.250000 0.254931
v 1.229453 -0.250000 0.270342
v 1.240760 -0.250000 0.285109
v 1.253397 -0.250000 0.299230
v 1.267364 -0.250000 0.312705
v 1.282661 -0.250000 0.325536
v 1.299249 -0.250000 0.337523
v 1.317088 -0.250000 0.348467
v 1.336177 -0.250000 0.358369
v 1.356518 -0.250000 0.367229
v 1.378109 -0.250000 0.375047
v 1.400951 -0.250000 0.381822
v 1.425043 -0.250000 0.387555
v 1.450387 -0.250000 0.392245
v 1.476981 -0.250000 0.395893
v 1.504826 -0.250000 0.398499
v 1.533922 -0.250000 0.400063
v 1.564269 -0.250000 0.400584
v 1.575163 -0.250000 0.400509
v 1.585929 -0.250000 0.400286
v 1.596566 -0.250000 0.399914
v 1.607074 -0.250000 0.399392
v 1.617452 -0.250000 0.398722
v 1.627702 -0.250000 0.397903
v 1.637822 -0.250000 0.396936
v 1.647814 -0.250000 0.395819
v 1.657676 -0.250000 0.394553
v 1.667409 -0.250000 0.393138
v 1.677014 -0.250000 0.391575
v 1.686489 -0.250000 0.389863
v 1.695801 -0.250000 0.388006
v 1.704913 -0.250000 0.386011
v 1.713828 -0.250000 0.383877
v 1.722544 -0.250000 0.381603
v 1.731061 -0.250000 0.379191
v 1.739380 -0.250000 0.376640
v 1.747500 -0.250000 0.373950
v 1.755422 -0.250000 0.371121
v 1.763145 -0.250000 0.368152
v 1.770669 -0.250000 0.365045
v 1.777996 -0.250000 0.361799
v 1.785123 -0.250000 0.358414
v 1.792022 -0.250000 0.354890
v 1.798663 -0.250000 0.351227
v 1.805046 -0.250000 0.347425
v 1.811171 -0.250000 0.343484
v 1.817038 -0.250000 0.339404
v 1.822647 -0.250000 0.335185
v 1.827998 -0.250000 0.330827
v 1.833090 -0.250000 0.326330
v 1.837924 -0.250000 0.321694
v 1.842501 -0.250000 0.316919
v 1.846819 -0.250000 0.312006
v 1.850879 -0.250000 0.306953
v 1.854646 -0.250000 0.301766
v 1.858086 -0.250000 0.296450
v 1.861198 -0.250000 0.291005
v 1.863983 -0.250000 0.285431
v 1.866440 -0.250000 0.279728
v 1.868569 -0.250000 0.273896
v 1.870371 -0.250000 0.267935
v 1.871845 -0.250000 0.261845
v 1.872991 -0.250000 0.255626
v 1.873810 -0.250000 0.249277
v 1.874302 -0.250000 0.242800
v 1.874466 -0.250000 0.236194
v 1.874297 -0.250000 0.229369
v 1.873791 -0.250000 0.222713
v 1.872947 -0.250000 0.216226
v 1.871765 -0.250000 0.209907
v 1.870247 -0.250000 0.203757
v 1.868390 -0.250000 0.197776
v 1.866196 -0.250000 0.191964
v 1.863665 -0.250000 0.186321
v 1.860796 -0.250000 0.180846
v 1.857590 -0.250000 0.175540
v 1.854046 -0.250000 0.170403
v 1.850164 -0.250000 0.165434
v 1.846084 -0.250000 0.160645
v 1.841945 -0.250000 0.156043
v 1.837746 -0.250000 0.151631
v 1.833487 -0.250000 0.147407
v 1.829169 -0.250000 0.143372
v 1.824791 -0.250000 0.139525
v 1.820354 -0.250000 0.135867
v 1.815857 -0.250000 0.132398
v 1.811300 -0.250000 0.129117
v 1.806684 -0.250000 0.126024
v 1.802009 -0.250000 0.123121
v 1.797274 -0.250000 0.120406
v 1.790479 -0.250000 0.125588
v 1.783435 -0.250000 0.130650
v 1.776144 -0.250000 0.135594
v 1.768605 -0.250000 0.140418
v 1.760817 -0.250000 0.145124
v 1.752781 -0.250000 0.149710
v 1.744497 -0.250000 0.154177
v 1.735965 -0.250000 0.158525
v 1.727185 -0.250000 0.162754
v 1.718156 -0.250000 0.166864
v 1.708879 -0.250000 0.170854
v 1.699354 -0.250000 0.174726
v 1.689631 -0.250000 0.178379
v 1.679759 -0.250000 0.181715
v 1.669737 -0.250000 0.184732
v 1.659567 -0.250000 0.187432
v 1.649248 -0.250000 0.189815
v 1.638780 -0.250000 0.191880
v 1.628163 -0.250000 0.193627
v 1.617398 -0.250000 0.195056
v 1.606483 -0.250000 0.196168
v 1.595419 -0.250000 0.196962
v 1.584207 -0.250000 0.197439
v 1.572845 -0.250000 0.197598
v 1.561459 -0.250000 0.197449
v 1.550649 -0.250000 0.197002
v 1.540414 -0.250000 0.196258
v 1.530755 -0.250000 0.195215
v 1.521672 -0.250000 0.193875
v 1.513165 -0.250000 0.192237
v 1.505233 -0.250000 0.190301
v 1.497877 -0.250000 0.188068
v 1.491097 -0.250000 0.185536
v 1.484893 -0.250000 0.182707
v 1.479264 -0.250000 0.179580
v 1.474211 -0.250000 0.176155
v 1.469645 -0.250000 0.172532
v 1.465476 -0.250000 0.168810
v 1.461704 -0.250000 0.164988
v 1.458328 -0.250000 0.161067
v 1.455350 -0.250000 0.157046
v 1.452769 -0.250000 0.152926
v 1.450585 -0.250000 0.148707
v 1.448798 -0.250000 0.144389
v 1.447409 -0.250000 0.139972
v 1.446416 -0.250000 0.135455
v 1.445820 -0.250000 0.130839
v 1.445622 -0.250000 0.126124
v 1.445781 -0.250000 0.121453
v 1.446257 -0.250000 0.116971
v 1.447051 -0.250000 0.112678
v 1.448163 -0.250000 0.108573
v 1.449593 -0.250000 0.104657
v 1.451340 -0.250000 0.100929
v 1.453405 -0.250000 0.097390
v 1.455787 -0.250000 0.094040
v 1.458487 -0.250000 0.090878
v 1.461505 -0.250000 0.087905
v 1.464840 -0.250000 0.085121
v 1.468493 -0.250000 0.082525
v 1.472435 -0.250000 0.080028
v 1.476634 -0.250000 0.077541
v 1.481091 -0.250000 0.075064
v 1.485806 -0.250000 0.072598
v 1.490780 -0.250000 0.070141
v 1.496011 -0.250000 0.067694
v 1.501501 -0.250000 0.065257
v 1.507248 -0.250000 0.062830
v 1.513254 -0.250000 0.060412
v 1.519518 -0.250000 0.058005
v 1.526040 -0.250000 0.055608
v -1.717815 0.250000 0.392007
v -1.708335 0.250000 0.393377
v -1.698954 0.250000 0.394628
v -1.689672 0.250000 0.395759
v -1.680489 0.250000 0.396772
v -1.671407 0.250000 0.397665
v -1.662423 0.250000 0.398439
v -1.653538 0.250000 0.399095
v -1.644753 0.250000 0.399631
v -1.636067 0.250000 0.400048
v -1.627480 0.250000 0.400345
v -1.618992 0.250000 0.400524
v -1.610604 0.250000 0.400584
v -1.596632 0.250000 0.400420
v -1.582828 0.250000 0.399929
v -1.569194 0.250000 0.399110
v -1.555728 0.250000 0.397963
v -1.542431 0.250000 0.396489
v -1.529302 0.250000 0.394687
v -1.516343 0.250000 0.392558
v -1.503552 0.250000 0.390101
v -1.490930 0.250000 0.387316
v -1.478477 0.250000 0.384204
v -1.466192 0.250000 0.380765
v -1.454076 0.250000 0.376997
v -1.442174 0.250000 0.372902
v -1.430530 0.250000 0.368480
v -1.419143 0.250000 0.363730
v -1.408015 0.250000 0.358652
v -1.397145 0.250000 0.353247
v -1.386533 0.250000 0.347514
v -1.376179 0.250000 0.341454
v -1.366084 0.250000 0.335066
v -1.356246 0.250000 0.328350
v -1.346667 0.250000 0.321307
v -1.337345 0.250000 0.313936
v -1.328282 0.250000 0.306238
v -1.319506 0.250000 0.298207
v -1.311049 0.250000 0.289839
v -1.302909 0.250000 0.281133
v -1.295086 0.250000 0.272089
v -1.287581 0.250000 0.262708
v -1.280395 0.250000 0.252990
v -1.273525 0.250000 0.242934
v -1.266973 0.250000 0.232540
v -1.260739 0.250000 0.221809
v -1.254823 0.250000 0.210741
v -1.249224 0.250000 0.199335
v -1.243943 0.250000 0.187591
v -1.239034 0.250000 0.175510
v -1.234552 0.250000 0.163092
v -1.230497 0.250000 0.150336
v -1.226868 0.250000 0.137242
v -1.223667 0.250000 0.123811
v -1.220892 0.250000 0.110042
v -1.218545 0.250000 0.095936
v -1.216624 0.250000 0.081492
v -1.215130 0.250000 0.066711
v -1.214062 0.250000 0.051592
v -1.213422 0.250000 0.036136
v -1.213209 0.250000 0.020342
v -1.213423 0.250000 0.004802
v -1.214063 0.250000 -0.010372
v -1.215130 0.250000 -0.025178
v -1.216624 0.250000 -0.039616
v -1.218545 0.250000 -0.053688
v -1.220893 0.250000 -0.067392
v -1.223667 0.250000 -0.080729
v -1.226869 0.250000 -0.093698
v -1.230497 0.250000 -0.106301
v -1.234552 0.250000 -0.118536
v -1.239034 0.250000 -0.130403
v -1.243943 0.250000 -0.141904
v -1.249199 0.250000 -0.153052
v -1.254723 0.250000 -0.163862
v -1.260515 0.250000 -0.174335
v -1.266576 0.250000 -0.184470
v -1.272904 0.250000 -0.194268
v -1.279501 0.250000 -0.203729
v -1.286365 0.250000 -0.212851
v -1.293498 0.250000 -0.221637
v -1.300898 0.250000 -0.230085
v -1.308567 0.250000 -0.238195
v -1.316504 0.250000 -0.245968
v -1.324708 0.250000 -0.253403
v -1.333146 0.250000 -0.260511
v -1.341783 0.250000 -0.267301
v -1.350618 0.250000 -0.273773
v -1.359651 0.250000 -0.279928
v -1.368883 0.250000 -0.285765
v -1.378314 0.250000 -0.291284
v -1.387943 0.250000 -0.296486
v -1.397771 0.250000 -0.301370
v -1.407797 0.250000 -0.305936
v -1.418022 0.250000 -0.310185
v -1.428445 0.250000 -0.314116
v -1.439066 0.250000 -0.317730
v -1.449807 0.250000 -0.321040
v -1.460588 0.250000 -0.324063
v -1.471408 0.250000 -0.326798
v -1.482268 0.250000 -0.329245
v -1.493168 0.250000 -0.331404
v -1.504107 0.250000 -0.333275
v -1.515086 0.250000 -0.334858
v -1.526105 0.250000 -0.336154
v -1.537164 0.250000 -0.337161
v -1.548262 0.250000 -0.337881
v -1.559401 0.250000 -0.338313
v -1.570579 0.250000 -0.338457
v -1.583111 0.250000 -0.338298
v -1.595455 0.250000 -0.337822
v -1.607611 0.250000 -0.337027
v -1.619578 0.250000 -0.335916
v -1.631356 0.250000 -0.334486
v -1.642946 0.250000 -0.332739
v -1.654347 0.250000 -0.330674
v -1.665560 0.250000 -0.328292
v -1.676583 0.250000 -0.325592
v -1.687419 0.250000 -0.322574
v -1.698066 0.250000 -0.319238
v -1.708523 0.250000 -0.315585
v -1.718768 0.250000 -0.311654
v -1.728774 0.250000 -0.307485
v -1.738542 0.250000 -0.303077
v -1.748072 0.250000 -0.298432
v -1.757364 0.250000 -0.293548
v -1.766417 0.250000 -0.288425
v -1.775232 0.250000 -0.283065
v -1.783809 0.250000 -0.277466
v -1.792148 0.250000 -0.271629
v -1.800248 0.250000 -0.265554
v -1.808110 0.250000 -0.259240
v -1.815734 0.250000 -0.252688
v -1.823100 0.250000 -0.245908
v -1.830188 0.250000 -0.238910
v -1.836998 0.250000 -0.231693
v -1.843530 0.250000 -0.224257
v -1.849784 0.250000 -0.216604
v -1.855760 0.250000 -0.208732
v -1.861458 0.250000 -0.200641
v -1.866878 0.250000 -0.192332
v -1.872020 0.250000 -0.183805
v -1.876884 0.250000 -0.175059
v -1.881470 0.250000 -0.166095
v -1.885779 0.250000 -0.156913
v -1.889774 0.250000 -0.147552
v -1.893422 0.250000 -0.138052
v -1.896723 0.250000 -0.128413
v -1.899677 0.250000 -0.118635
v -1.902282 0.250000 -0.108718
v -1.904541 0.250000 -0.098662
v -1.906451 0.250000 -0.088467
v -1.908015 0.250000 -0.078133
v -1.909231 0.250000 -0.067660
v -1.910100 0.250000 -0.057048
v -1.910621 0.250000 -0.046297
v -1.910794 0.250000 -0.035407
v -1.910606 0.250000 -0.027466
v -1.910040 0.250000 -0.019842
v -1.909097 0.250000 -0.012536
v -1.907777 0.250000 -0.005547
v -1.906079 0.250000 0.001124
v -1.904005 0.250000 0.007477
v -1.901552 0.250000 0.013513
v -1.898723 0.250000 0.019230
v -1.895517 0.250000 0.024631
v -1.891933 0.250000 0.029713
v -1.887973 0.250000 0.034478
v -1.883635 0.250000 0.038925
v -1.878959 0.250000 0.043085
v -1.873986 0.250000 0.046986
v -1.868715 0.250000 0.050629
v -1.863145 0.250000 0.054014
v -1.857279 0.250000 0.057141
v -1.851114 0.250000 0.060010
v -1.844652 0.250000 0.062621
v -1.837891 0.250000 0.064974
v -1.830833 0.250000 0.067068
v -1.823478 0.250000 0.068905
v -1.815824 0.250000 0.070483
v -1.807872 0.250000 0.071804
v -1.454791 0.250000 0.124694
v -1.457640 0.250000 0.132393
v -1.460946 0.250000 0.139763
v -1.464708 0.250000 0.146806
v -1.468927 0.250000 0.153522
v -1.473602 0.250000 0.159910
v -1.478734 0.250000 0.165970
v -1.484323 0.250000 0.171703
v -1.490369 0.250000 0.177108
v -1.496871 0.250000 0.182186
v -1.503830 0.250000 0.186936
v -1.511245 0.250000 0.191359
v -1.519118 0.250000 0.195453
v -1.527317 0.250000 0.199221
v -1.535715 0.250000 0.202660
v -1.544312 0.250000 0.205773
v -1.553107 0.250000 0.208557
v -1.562101 0.250000 0.211014
v -1.571294 0.250000 0.213143
v -1.580684 0.250000 0.214945
v -1.590274 0.250000 0.216419
v -1.600062 0.250000 0.217566
v -1.610048 0.250000 0.218385
v -1.620233 0.250000 0.218876
v -1.630617 0.250000 0.219040
v -1.640340 0.250000 0.218936
v -1.649975 0.250000 0.218623
v -1.659519 0.250000 0.218102
v -1.668974 0.250000 0.217372
v -1.678340 0.250000 0.216434
v -1.687617 0.250000 0.215287
v -1.696805 0.250000 0.213932
v -1.705903 0.250000 0.212369
v -1.714911 0.250000 0.210597
v -1.723831 0.250000 0.208617
v -1.732661 0.250000 0.206428
v -1.741401 0.250000 0.204030
v -1.749963 0.250000 0.201494
v -1.758257 0.250000 0.198888
v -1.766283 0.250000 0.196213
v -1.774041 0.250000 0.193468
v -1.781531 0.250000 0.190654
v -1.788753 0.250000 0.187770
v -1.795707 0.250000 0.184817
v -1.802392 0.250000 0.181794
v -1.808810 0.250000 0.178702
v -1.814960 0.250000 0.175540
v -1.820841 0.250000 0.172309
v -1.826455 0.250000 0.169008
v -1.830218 0.250000 0.171470
v -1.833881 0.250000 0.174091
v -1.837445 0.250000 0.176870
v -1.840909 0.250000 0.179809
v -1.844275 0.250000 0.182906
v -1.847540 0.250000 0.186162
v -1.850707 0.250000 0.189577
v -1.853774 0.250000 0.193150
v -1.856742 0.250000 0.196883
v -1.859611 0.250000 0.200774
v -1.862381 0.250000 0.204824
v -1.865052 0.250000 0.209033
v -1.867563 0.250000 0.213342
v -1.869856 0.250000 0.217690
v -1.871931 0.250000 0.222077
v -1.873787 0.250000 0.226505
v -1.875425 0.250000 0.230972
v -1.876845 0.250000 0.235479
v -1.878046 0.250000 0.240025
v -1.879028 0.250000 0.244612
v -1.879793 0.250000 0.249238
v -1.880339 0.250000 0.253903
v -1.880666 0.250000 0.258609
v -1.880776 0.250000 0.263354
v -1.880359 0.250000 0.273846
v -1.879108 0.250000 0.283883
v -1.877023 0.250000 0.293462
v -1.874105 0.250000 0.302585
v -1.870353 0.250000 0.311251
v -1.865766 0.250000 0.319461
v -1.860346 0.250000 0.327214
v -1.854092 0.250000 0.334510
v -1.847004 0.250000 0.341350
v -1.839083 0.250000 0.347733
v -1.830327 0.250000 0.353659
v -1.820738 0.250000 0.359129
v -1.813034 0.250000 0.363070
v -1.805172 0.250000 0.366792
v -1.797151 0.250000 0.370297
v -1.788971 0.250000 0.373582
v -1.780633 0.250000 0.376650
v -1.772135 0.250000 0.379499
v -1.763479 0.250000 0.382129
v -1.754664 0.250000 0.384542
v -1.745690 0.250000 0.386736
v -1.736557 0.250000 0.388711
v -1.727266 0.250000 0.390468
v -1.650630 0.250000 -0.132612
v -1.645924 0.250000 -0.137178
v -1.640861 0.250000 -0.141348
v -1.635441 0.250000 -0.145120
v -1.629664 0.250000 -0.148495
v -1.623529 0.250000 -0.151473
v -1.617037 0.250000 -0.154054
v -1.610187 0.250000 -0.156238
v -1.602980 0.250000 -0.158025
v -1.595416 0.250000 -0.159415
v -1.587494 0.250000 -0.160407
v -1.579215 0.250000 -0.161003
v -1.570579 0.250000 -0.161202
v -1.564925 0.250000 -0.161122
v -1.559401 0.250000 -0.160884
v -1.554006 0.250000 -0.160487
v -1.548740 0.250000 -0.159931
v -1.543602 0.250000 -0.159216
v -1.538594 0.250000 -0.158343
v -1.533715 0.250000 -0.157310
v -1.528965 0.250000 -0.156119
v -1.524344 0.250000 -0.154769
v -1.519852 0.250000 -0.153260
v -1.515489 0.250000 -0.151592
v -1.511255 0.250000 -0.149766
v -1.507150 0.250000 -0.147815
v -1.503175 0.250000 -0.145775
v -1.499328 0.250000 -0.143646
v -1.495610 0.250000 -0.141427
v -1.492022 0.250000 -0.139119
v -1.488562 0.250000 -0.136722
v -1.485232 0.250000 -0.134235
v -1.482030 0.250000 -0.131659
v -1.478958 0.250000 -0.128994
v -1.476014 0.250000 -0.126239
v -1.473200 0.250000 -0.123395
v -1.470515 0.250000 -0.120461
v -1.467949 0.250000 -0.117454
v -1.465492 0.250000 -0.114386
v -1.463144 0.250000 -0.111259
v -1.460906 0.250000 -0.108073
v -1.458776 0.250000 -0.104827
v -1.456756 0.250000 -0.101521
v -1.454845 0.250000 -0.098156
v -1.453044 0.250000 -0.094731
v -1.451351 0.250000 -0.091246
v -1.449768 0.250000 -0.087703
v -1.448294 0.250000 -0.084099
v -1.446929 0.250000 -0.080436
v -1.445663 0.250000 -0.076738
v -1.444487 0.250000 -0.073031
v -1.443400 0.250000 -0.069313
v -1.442402 0.250000 -0.065585
v -1.441494 0.250000 -0.061848
v -1.440675 0.250000 -0.058100
v -1.439945 0.250000 -0.054343
v -1.439305 0.250000 -0.050576
v -1.438754 0.250000 -0.046799
v -1.438292 0.250000 -0.043011
v -1.437920 0.250000 -0.039214
v -1.437637 0.250000 -0.035407
v -1.682078 0.250000 -0.075433
v -1.681205 0.250000 -0.080198
v -1.680013 0.250000 -0.084963
v -1.678504 0.250000 -0.089728
v -1.676678 0.250000 -0.094493
v -1.674534 0.250000 -0.099258
v -1.672072 0.250000 -0.104022
v -1.669292 0.250000 -0.108787
v -1.666195 0.250000 -0.113552
v -1.662780 0.250000 -0.118317
v -1.659047 0.250000 -0.123082
v -1.654997 0.250000 -0.127847
v -1.010223 0.250000 -0.136186
v -1.004465 0.250000 -0.137898
v -0.998628 0.250000 -0.139462
v -0.992712 0.250000 -0.140876
v -0.986716 0.250000 -0.142142
v -0.980641 0.250000 -0.143259
v -0.974486 0.250000 -0.144226
v -0.968252 0.250000 -0.145046
v -0.961939 0.250000 -0.145716
v -0.955546 0.250000 -0.146237
v -0.949073 0.250000 -0.146609
v -0.942521 0.250000 -0.146832
v -0.935890 0.250000 -0.146907
v -0.929959 0.250000 -0.146827
v -0.924077 0.250000 -0.146589
v -0.918245 0.250000 -0.146192
v -0.912462 0.250000 -0.145636
v -0.906729 0.250000 -0.144921
v -0.901046 0.250000 -0.144048
v -0.895413 0.250000 -0.143015
v -0.889829 0.250000 -0.141824
v -0.884295 0.250000 -0.140474
v -0.878810 0.250000 -0.138965
v -0.873375 0.250000 -0.137297
v -0.867990 0.250000 -0.135471
v -0.862689 0.250000 -0.133491
v -0.857507 0.250000 -0.131361
v -0.852445 0.250000 -0.129083
v -0.847501 0.250000 -0.126656
v -0.842676 0.250000 -0.124080
v -0.837971 0.250000 -0.121355
v -0.833385 0.250000 -0.118481
v -0.828918 0.250000 -0.115458
v -0.824569 0.250000 -0.112287
v -0.820341 0.250000 -0.108966
v -0.816231 0.250000 -0.105497
v -0.812240 0.250000 -0.101878
v -0.808374 0.250000 -0.098111
v -0.804636 0.250000 -0.094195
v -0.801028 0.250000 -0.090130
v -0.797549 0.250000 -0.085916
v -0.794198 0.250000 -0.081553
v -0.790977 0.250000 -0.077041
v -0.787884 0.250000 -0.072380
v -0.784921 0.250000 -0.067571
v -0.782087 0.250000 -0.062612
v -0.779382 0.250000 -0.057505
v -0.776806 0.250000 -0.052248
v -0.774359 0.250000 -0.046843
v -0.772076 0.250000 -0.041284
v -0.769991 0.250000 -0.035566
v -0.768105 0.250000 -0.029690
v -0.766418 0.250000 -0.023654
v -0.764928 0.250000 -0.017460
v -0.763638 0.250000 -0.011106
v -0.762546 0.250000 -0.004594
v -0.761653 0.250000 0.002077
v -0.760958 0.250000 0.008906
v -0.760461 0.250000 0.015895
v -0.760164 0.250000 0.023042
v -0.760064 0.250000 0.030349
v -0.760417 0.250000 0.044812
v -0.761474 0.250000 0.058660
v -0.763236 0.250000 0.071893
v -0.765703 0.250000 0.084510
v -0.768874 0.250000 0.096512
v -0.772751 0.250000 0.107898
v -0.777332 0.250000 0.118669
v -0.782618 0.250000 0.128824
v -0.788609 0.250000 0.138364
v -0.795305 0.250000 0.147288
v -0.802706 0.250000 0.155597
v -0.810811 0.250000 0.163290
v -0.819422 0.250000 0.170368
v -0.828342 0.250000 0.176831
v -0.837569 0.250000 0.182677
v -0.847103 0.250000 0.187909
v -0.856946 0.250000 0.192525
v -0.867096 0.250000 0.196526
v -0.877554 0.250000 0.199911
v -0.888320 0.250000 0.202680
v -0.899394 0.250000 0.204834
v -0.910775 0.250000 0.206373
v -0.922464 0.250000 0.207296
v -0.934461 0.250000 0.207604
v -0.941529 0.250000 0.207535
v -0.948438 0.250000 0.207326
v -0.955188 0.250000 0.206979
v -0.961779 0.250000 0.206492
v -0.968212 0.250000 0.205867
v -0.974486 0.250000 0.205102
v -0.980601 0.250000 0.204199
v -0.986557 0.250000 0.203157
v -0.992354 0.250000 0.201975
v -0.997993 0.250000 0.200655
v -1.003473 0.250000 0.199196
v -1.008794 0.250000 0.197598
v -1.013985 0.250000 0.195920
v -1.019078 0.250000 0.194222
v -1.024071 0.250000 0.192505
v -1.028965 0.250000 0.190768
v -1.033759 0.250000 0.189011
v -1.038455 0.250000 0.187234
v -1.043051 0.250000 0.185437
v -1.047548 0.250000 0.183621
v -1.051946 0.250000 0.181784
v -1.056244 0.250000 0.179928
v -1.060443 0.250000 0.178052
v -1.064543 0.250000 0.176155
v -1.069209 0.250000 0.179516
v -1.073676 0.250000 0.182926
v -1.077945 0.250000 0.186385
v -1.082015 0.250000 0.189894
v -1.085886 0.250000 0.193453
v -1.089559 0.250000 0.197062
v -1.093034 0.250000 0.200720
v -1.096309 0.250000 0.204427
v -1.099387 0.250000 0.208185
v -1.102266 0.250000 0.211992
v -1.104946 0.250000 0.215848
v -1.107428 0.250000 0.219755
v -1.109711 0.250000 0.223750
v -1.111795 0.250000 0.227875
v -1.113682 0.250000 0.232129
v -1.115369 0.250000 0.236511
v -1.116858 0.250000 0.241023
v -1.118149 0.250000 0.245664
v -1.119241 0.250000 0.250434
v -1.120134 0.250000 0.255333
v -1.120829 0.250000 0.260361
v -1.121325 0.250000 0.265518
v -1.121623 0.250000 0.270804
v -1.121722 0.250000 0.276219
v -1.121336 0.250000 0.285803
v -1.120174 0.250000 0.295021
v -1.118238 0.250000 0.303870
v -1.115528 0.250000 0.312353
v -1.112044 0.250000 0.320468
v -1.107785 0.250000 0.328216
v -1.102752 0.250000 0.335597
v -1.096945 0.250000 0.342610
v -1.090364 0.250000 0.349256
v -1.083008 0.250000 0.355535
v -1.074878 0.250000 0.361447
v -1.065973 0.250000 0.366991
v -1.056383 0.250000 0.372128
v -1.046198 0.250000 0.376819
v -1.035418 0.250000 0.381062
v -1.024041 0.250000 0.384859
v -1.012069 0.250000 0.388210
v -0.999502 0.250000 0.391113
v -0.986339 0.250000 0.393570
v -0.972580 0.250000 0.395581
v -0.958226 0.250000 0.397144
v -0.943276 0.250000 0.398261
v -0.927730 0.250000 0.398931
v -0.911589 0.250000 0.399154
v -0.896699 0.250000 0.398971
v -0.882046 0.250000 0.398420
v -0.867633 0.250000 0.397501
v -0.853457 0.250000 0.396216
v -0.839519 0.250000 0.394563
v -0.825820 0.250000 0.392543
v -0.812359 0.250000 0.390155
v -0.799136 0.250000 0.387401
v -0.786152 0.250000 0.384279
v -0.773406 0.250000 0.380789
v -0.760898 0.250000 0.376933
v -0.748628 0.250000 0.372709
v -0.736622 0.250000 0.368152
v -0.724903 0.250000 0.363298
v -0.713472 0.250000 0.358146
v -0.702329 0.250000 0.352696
v -0.691474 0.250000 0.346948
v -0.680907 0.250000 0.340903
v -0.670628 0.250000 0.334560
v -0.660636 0.250000 0.327918
v -0.650932 0.250000 0.320980
v -0.641517 0.250000 0.313743
v -0.632389 0.250000 0.306208
v -0.623549 0.250000 0.298376
v -0.615017 0.250000 0.290261
v -0.606812 0.250000 0.281877
v -0.598935 0.250000 0.273226
v -0.591386 0.250000 0.264307
v -0.584164 0.250000 0.255119
v -0.577270 0.250000 0.245664
v -0.570703 0.250000 0.235940
v -0.564464 0.250000 0.225949
v -0.558552 0.250000 0.215689
v -0.552969 0.250000 0.205162
v -0.547712 0.250000 0.194366
v -0.542783 0.250000 0.183303
v -0.538217 0.250000 0.172006
v -0.534048 0.250000 0.160511
v -0.530276 0.250000 0.148817
v -0.526900 0.250000 0.136924
v -0.523922 0.250000 0.124833
v -0.521341 0.250000 0.112544
v -0.519157 0.250000 0.100056
v -0.517370 0.250000 0.087369
v -0.515981 0.250000 0.074484
v -0.514988 0.250000 0.061400
v -0.514392 0.250000 0.048118
v -0.514194 0.250000 0.034637
v -0.514407 0.250000 0.019077
v -0.515048 0.250000 0.003844
v -0.516115 0.250000 -0.011062
v -0.517609 0.250000 -0.025639
v -0.519530 0.250000 -0.039889
v -0.521878 0.250000 -0.053812
v -0.524652 0.250000 -0.067407
v -0.527853 0.250000 -0.080674
v -0.531482 0.250000 -0.093614
v -0.535537 0.250000 -0.106226
v -0.540019 0.250000 -0.118511
v -0.544928 0.250000 -0.130468
v -0.550204 0.250000 -0.142087
v -0.555788 0.250000 -0.153359
v -0.561679 0.250000 -0.164284
v -0.567879 0.250000 -0.174861
v -0.574386 0.250000 -0.185091
v -0.581201 0.250000 -0.194973
v -0.588323 0.250000 -0.204508
v -0.595754 0.250000 -0.213695
v -0.603492 0.250000 -0.222535
v -0.611538 0.250000 -0.231028
v -0.619891 0.250000 -0.239173
v -0.628552 0.250000 -0.246970
v -0.637482 0.250000 -0.254435
v -0.646639 0.250000 -0.261583
v -0.656025 0.250000 -0.268412
v -0.665639 0.250000 -0.274925
v -0.675482 0.250000 -0.281119
v -0.685553 0.250000 -0.286996
v -0.695852 0.250000 -0.292555
v -0.706379 0.250000 -0.297796
v -0.717135 0.250000 -0.302720
v -0.728119 0.250000 -0.307326
v -0.739332 0.250000 -0.311615
v -0.750773 0.250000 -0.315585
v -0.762382 0.250000 -0.319238
v -0.774101 0.250000 -0.322574
v -0.785929 0.250000 -0.325592
v -0.797866 0.250000 -0.328292
v -0.809912 0.250000 -0.330674
v -0.822068 0.250000 -0.332739
v -0.834332 0.250000 -0.334486
v -0.846706 0.250000 -0.335916
v -0.859190 0.250000 -0.337028
v -0.871782 0.250000 -0.337822
v -0.884484 0.250000 -0.338298
v -0.897294 0.250000 -0.338457
v -0.914120 0.250000 -0.338199
v -0.930291 0.250000 -0.337425
v -0.945807 0.250000 -0.336134
v -0.960668 0.250000 -0.334327
v -0.974873 0.250000 -0.332005
v -0.988423 0.250000 -0.329165
v -1.001318 0.250000 -0.325810
v -1.013558 0.250000 -0.321939
v -1.025143 0.250000 -0.317551
v -1.036072 0.250000 -0.312647
v -1.046347 0.250000 -0.307227
v -1.055967 0.250000 -0.301290
v -1.064871 0.250000 -0.294947
v -1.073001 0.250000 -0.288306
v -1.080357 0.250000 -0.281367
v -1.086939 0.250000 -0.274130
v -1.092746 0.250000 -0.266596
v -1.097779 0.250000 -0.258763
v -1.102037 0.250000 -0.250633
v -1.105522 0.250000 -0.242205
v -1.108232 0.250000 -0.233480
v -1.110168 0.250000 -0.224456
v -1.111329 0.250000 -0.215135
v -1.111716 0.250000 -0.205515
v -1.111627 0.250000 -0.201014
v -1.111359 0.250000 -0.196561
v -1.110912 0.250000 -0.192159
v -1.110287 0.250000 -0.187806
v -1.109483 0.250000 -0.183502
v -1.108500 0.250000 -0.179249
v -1.107338 0.250000 -0.175045
v -1.105998 0.250000 -0.170890
v -1.104479 0.250000 -0.166785
v -1.102782 0.250000 -0.162730
v -1.100906 0.250000 -0.158725
v -1.098851 0.250000 -0.154769
v -1.096677 0.250000 -0.150883
v -1.094443 0.250000 -0.147085
v -1.092150 0.250000 -0.143378
v -1.089798 0.250000 -0.139759
v -1.087386 0.250000 -0.136230
v -1.084914 0.250000 -0.132791
v -1.082382 0.250000 -0.129440
v -1.079791 0.250000 -0.126179
v -1.077141 0.250000 -0.123008
v -1.074431 0.250000 -0.119925
v -1.071661 0.250000 -0.116932
v -1.068832 0.250000 -0.114029
v -1.064712 0.250000 -0.115930
v -1.060454 0.250000 -0.117821
v -1.056056 0.250000 -0.119702
v -1.051519 0.250000 -0.121573
v -1.046844 0.250000 -0.123435
v -1.042029 0.250000 -0.125286
v -1.037076 0.250000 -0.127127
v -1.031983 0.250000 -0.128959
v -1.026752 0.250000 -0.130780
v -1.021381 0.250000 -0.132592
v -1.015872 0.250000 -0.134394
v 0.011140 0.250000 0.205460
v 0.007234 0.250000 0.208314
v 0.002900 0.250000 0.210920
v -0.001860 0.250000 0.213277
v -0.007046 0.250000 0.215387
v -0.012660 0.250000 0.217248
v -0.018701 0.250000 0.218861
v -0.025168 0.250000 0.220226
v -0.032062 0.250000 0.221343
v -0.039383 0.250000 0.222211
v -0.047131 0.250000 0.222832
v -0.055306 0.250000 0.223204
v -0.063908 0.250000 0.223328
v -0.067993 0.250000 0.223294
v -0.072147 0.250000 0.223189
v -0.076371 0.250000 0.223016
v -0.080665 0.250000 0.222772
v -0.085027 0.250000 0.222460
v -0.089460 0.250000 0.222077
v -0.093962 0.250000 0.221626
v -0.098533 0.250000 0.221105
v -0.103174 0.250000 0.220514
v -0.107884 0.250000 0.219854
v -0.112664 0.250000 0.219124
v -0.117513 0.250000 0.218325
v -0.122293 0.250000 0.217466
v -0.126864 0.250000 0.216558
v -0.131227 0.250000 0.215600
v -0.135382 0.250000 0.214593
v -0.139328 0.250000 0.213535
v -0.143065 0.250000 0.212429
v -0.146594 0.250000 0.211272
v -0.149915 0.250000 0.210066
v -0.153027 0.250000 0.208810
v -0.155931 0.250000 0.207505
v -0.158626 0.250000 0.206150
v -0.161113 0.250000 0.204745
v -0.161113 0.250000 0.090387
v -0.058190 0.250000 0.098964
v -0.051618 0.250000 0.099520
v -0.045245 0.250000 0.100234
v -0.039071 0.250000 0.101108
v -0.033095 0.250000 0.102140
v -0.027317 0.250000 0.103331
v -0.021738 0.250000 0.104681
v -0.016358 0.250000 0.106190
v -0.011176 0.250000 0.107858
v -0.006193 0.250000 0.109685
v -0.001408 0.250000 0.111670
v 0.003178 0.250000 0.113814
v 0.007566 0.250000 0.116117
v 0.011676 0.250000 0.118599
v 0.015428 0.250000 0.121279
v 0.018823 0.250000 0.124158
v 0.021861 0.250000 0.127236
v 0.024541 0.250000 0.130511
v 0.026864 0.250000 0.133986
v 0.028830 0.250000 0.137659
v 0.030438 0.250000 0.141530
v 0.031688 0.250000 0.145600
v 0.032582 0.250000 0.149869
v 0.033118 0.250000 0.154336
v 0.033297 0.250000 0.159002
v 0.033143 0.250000 0.163692
v 0.032681 0.250000 0.168234
v 0.031912 0.250000 0.172626
v 0.030835 0.250000 0.176870
v 0.029450 0.250000 0.180965
v 0.027757 0.250000 0.184911
v 0.025757 0.250000 0.188708
v 0.023449 0.250000 0.192356
v 0.020833 0.250000 0.195855
v 0.017910 0.250000 0.199206
v 0.014679 0.250000 0.202407
v 0.054024 0.250000 -0.331310
v 0.044658 0.250000 -0.332451
v 0.035381 0.250000 -0.333493
v 0.026194 0.250000 -0.334437
v 0.017096 0.250000 -0.335280
v 0.008087 0.250000 -0.336025
v -0.000832 0.250000 -0.336670
v -0.009662 0.250000 -0.337216
v -0.018403 0.250000 -0.337663
v -0.027054 0.250000 -0.338010
v -0.035616 0.250000 -0.338258
v -0.044089 0.250000 -0.338407
v -0.052472 0.250000 -0.338457
v -0.065243 0.250000 -0.338348
v -0.077826 0.250000 -0.338020
v -0.090219 0.250000 -0.337474
v -0.102424 0.250000 -0.336710
v -0.114441 0.250000 -0.335727
v -0.126269 0.250000 -0.334526
v -0.137908 0.250000 -0.333106
v -0.149359 0.250000 -0.331468
v -0.160621 0.250000 -0.329612
v -0.171695 0.250000 -0.327537
v -0.182580 0.250000 -0.325244
v -0.193276 0.250000 -0.322733
v -0.203749 0.250000 -0.319998
v -0.213964 0.250000 -0.317035
v -0.223920 0.250000 -0.313843
v -0.233619 0.250000 -0.310423
v -0.243059 0.250000 -0.306775
v -0.252242 0.250000 -0.302899
v -0.261166 0.250000 -0.298794
v -0.269832 0.250000 -0.294461
v -0.278241 0.250000 -0.289899
v -0.286391 0.250000 -0.285110
v -0.294282 0.250000 -0.280092
v -0.301916 0.250000 -0.274845
v -0.309277 0.250000 -0.269365
v -0.316350 0.250000 -0.263648
v -0.323135 0.250000 -0.257691
v -0.329632 0.250000 -0.251497
v -0.335841 0.250000 -0.245064
v -0.341763 0.250000 -0.238393
v -0.347396 0.250000 -0.231484
v -0.352742 0.250000 -0.224337
v -0.357800 0.250000 -0.216951
v -0.362569 0.250000 -0.209327
v -0.367051 0.250000 -0.201465
v -0.371246 0.250000 -0.193365
v -0.375127 0.250000 -0.185021
v -0.378671 0.250000 -0.176429
v -0.381878 0.250000 -0.167590
v -0.384746 0.250000 -0.158501
v -0.387278 0.250000 -0.149165
v -0.389472 0.250000 -0.139581
v -0.391328 0.250000 -0.129748
v -0.392847 0.250000 -0.119667
v -0.394028 0.250000 -0.109338
v -0.394872 0.250000 -0.098761
v -0.395378 0.250000 -0.087936
v -0.395547 0.250000 -0.076862
v -0.395547 0.250000 0.243341
v -0.395403 0.250000 0.249441
v -0.394971 0.250000 0.255353
v -0.394252 0.250000 0.261075
v -0.393244 0.250000 0.266610
v -0.391948 0.250000 0.271955
v -0.390365 0.250000 0.277112
v -0.388494 0.250000 0.282081
v -0.386335 0.250000 0.286861
v -0.383888 0.250000 0.291452
v -0.381153 0.250000 0.295855
v -0.378130 0.250000 0.300068
v -0.374820 0.250000 0.304094
v -0.371310 0.250000 0.307980
v -0.367692 0.250000 0.311777
v -0.363965 0.250000 0.315485
v -0.360128 0.250000 0.319103
v -0.356182 0.250000 0.322632
v -0.352127 0.250000 0.326072
v -0.347962 0.250000 0.329422
v -0.343689 0.250000 0.332683
v -0.339306 0.250000 0.335855
v -0.334814 0.250000 0.338937
v -0.330213 0.250000 0.341930
v -0.325503 0.250000 0.344834
v -0.309490 0.250000 0.353738
v -0.292426 0.250000 0.361869
v -0.274309 0.250000 0.369224
v -0.255140 0.250000 0.375806
v -0.234919 0.250000 0.381613
v -0.213646 0.250000 0.386646
v -0.191320 0.250000 0.390905
v -0.167942 0.250000 0.394389
v -0.143512 0.250000 0.397099
v -0.118029 0.250000 0.399035
v -0.091495 0.250000 0.400196
v -0.063908 0.250000 0.400584
v -0.051385 0.250000 0.400484
v -0.039071 0.250000 0.400187
v -0.026965 0.250000 0.399690
v -0.015067 0.250000 0.398995
v -0.003378 0.250000 0.398102
v 0.008102 0.250000 0.397010
v 0.019374 0.250000 0.395719
v 0.030438 0.250000 0.394230
v 0.041293 0.250000 0.392543
v 0.051939 0.250000 0.390657
v 0.062378 0.250000 0.388572
v 0.072607 0.250000 0.386289
v 0.082614 0.250000 0.383807
v 0.092382 0.250000 0.381127
v 0.101912 0.250000 0.378248
v 0.111203 0.250000 0.375171
v 0.120257 0.250000 0.371895
v 0.129072 0.250000 0.368420
v 0.137649 0.250000 0.364747
v 0.145987 0.250000 0.360876
v 0.154088 0.250000 0.356806
v 0.161950 0.250000 0.352537
v 0.169574 0.250000 0.348070
v 0.176959 0.250000 0.343405
v 0.184087 0.250000 0.338530
v 0.190936 0.250000 0.333438
v 0.197508 0.250000 0.328127
v 0.203802 0.250000 0.322598
v 0.209818 0.250000 0.316850
v 0.215555 0.250000 0.310884
v 0.221015 0.250000 0.304699
v 0.226197 0.250000 0.298297
v 0.231101 0.250000 0.291675
v 0.235727 0.250000 0.284836
v 0.240075 0.250000 0.277778
v 0.244145 0.250000 0.270501
v 0.247912 0.250000 0.263016
v 0.251352 0.250000 0.255333
v 0.254464 0.250000 0.247451
v 0.257248 0.250000 0.239370
v 0.259705 0.250000 0.231091
v 0.261835 0.250000 0.222614
v 0.263636 0.250000 0.213937
v 0.265110 0.250000 0.205063
v 0.266257 0.250000 0.195989
v 0.267076 0.250000 0.186718
v 0.267567 0.250000 0.177247
v 0.267731 0.250000 0.167579
v 0.267324 0.250000 0.151457
v 0.266103 0.250000 0.135971
v 0.264068 0.250000 0.121121
v 0.261219 0.250000 0.106905
v 0.257556 0.250000 0.093325
v 0.253079 0.250000 0.080380
v 0.247788 0.250000 0.068071
v 0.241683 0.250000 0.056397
v 0.234764 0.250000 0.045358
v 0.227031 0.250000 0.034955
v 0.218484 0.250000 0.025187
v 0.209123 0.250000 0.016054
v 0.198908 0.250000 0.007517
v 0.187799 0.250000 -0.000465
v 0.175798 0.250000 -0.007890
v 0.162903 0.250000 -0.014759
v 0.149114 0.250000 -0.021073
v 0.134432 0.250000 -0.026831
v 0.118857 0.250000 -0.032032
v 0.102388 0.250000 -0.036678
v 0.085026 0.250000 -0.040768
v 0.066770 0.250000 -0.044302
v 0.047621 0.250000 -0.047280
v 0.027579 0.250000 -0.049702
v -0.159683 0.250000 -0.069715
v -0.159683 0.250000 -0.079721
v -0.159430 0.250000 -0.086467
v -0.158670 0.250000 -0.092884
v -0.157405 0.250000 -0.098975
v -0.155633 0.250000 -0.104737
v -0.153354 0.250000 -0.110172
v -0.150570 0.250000 -0.115280
v -0.147279 0.250000 -0.120059
v -0.143482 0.250000 -0.124512
v -0.139179 0.250000 -0.128636
v -0.134369 0.250000 -0.132433
v -0.129053 0.250000 -0.135903
v -0.123231 0.250000 -0.139045
v -0.116933 0.250000 -0.141899
v -0.110187 0.250000 -0.144504
v -0.102995 0.250000 -0.146862
v -0.095356 0.250000 -0.148972
v -0.087271 0.250000 -0.150833
v -0.078739 0.250000 -0.152446
v -0.069760 0.250000 -0.153811
v -0.060334 0.250000 -0.154928
v -0.050462 0.250000 -0.155796
v -0.040143 0.250000 -0.156417
v -0.029377 0.250000 -0.156789
v -0.018165 0.250000 -0.156913
v -0.009131 0.250000 -0.156834
v -0.000137 0.250000 -0.156595
v 0.008817 0.250000 -0.156198
v 0.017731 0.250000 -0.155642
v 0.026606 0.250000 -0.154928
v 0.035441 0.250000 -0.154054
v 0.044236 0.250000 -0.153022
v 0.052992 0.250000 -0.151830
v 0.061707 0.250000 -0.150480
v 0.070384 0.250000 -0.148972
v 0.079020 0.250000 -0.147304
v 0.087617 0.250000 -0.145477
v 0.096124 0.250000 -0.143532
v 0.104493 0.250000 -0.141507
v 0.112722 0.250000 -0.139402
v 0.120813 0.250000 -0.137218
v 0.128764 0.250000 -0.134955
v 0.136577 0.250000 -0.132612
v 0.144250 0.250000 -0.130190
v 0.151785 0.250000 -0.127688
v 0.159180 0.250000 -0.125107
v 0.166437 0.250000 -0.122447
v 0.173554 0.250000 -0.119707
v 0.180533 0.250000 -0.116888
v 0.183590 0.250000 -0.119126
v 0.186568 0.250000 -0.121553
v 0.189467 0.250000 -0.124169
v 0.192286 0.250000 -0.126973
v 0.195026 0.250000 -0.129966
v 0.197687 0.250000 -0.133148
v 0.200268 0.250000 -0.136518
v 0.202769 0.250000 -0.140077
v 0.205191 0.250000 -0.143824
v 0.207534 0.250000 -0.147761
v 0.209798 0.250000 -0.151885
v 0.211982 0.250000 -0.156198
v 0.214036 0.250000 -0.160621
v 0.215913 0.250000 -0.165073
v 0.217610 0.250000 -0.169555
v 0.219129 0.250000 -0.174067
v 0.220469 0.250000 -0.178608
v 0.221630 0.250000 -0.183180
v 0.222613 0.250000 -0.187781
v 0.223417 0.250000 -0.192412
v 0.224043 0.250000 -0.197073
v 0.224489 0.250000 -0.201763
v 0.224758 0.250000 -0.206483
v 0.224847 0.250000 -0.211233
v 0.224723 0.250000 -0.217323
v 0.224350 0.250000 -0.223205
v 0.223730 0.250000 -0.228878
v 0.222862 0.250000 -0.234343
v 0.221745 0.250000 -0.239600
v 0.220380 0.250000 -0.244647
v 0.218767 0.250000 -0.249487
v 0.216905 0.250000 -0.254118
v 0.214796 0.250000 -0.258540
v 0.212438 0.250000 -0.262754
v 0.209833 0.250000 -0.266760
v 0.206978 0.250000 -0.270557
v 0.203866 0.250000 -0.274205
v 0.200486 0.250000 -0.277764
v 0.196838 0.250000 -0.281233
v 0.192922 0.250000 -0.284613
v 0.188738 0.250000 -0.287904
v 0.184285 0.250000 -0.291105
v 0.179565 0.250000 -0.294218
v 0.174577 0.250000 -0.297240
v 0.169320 0.250000 -0.300174
v 0.163796 0.250000 -0.303018
v 0.158004 0.250000 -0.305773
v 0.151943 0.250000 -0.308438
v 0.144930 0.250000 -0.310999
v 0.137708 0.250000 -0.313441
v 0.130278 0.250000 -0.315764
v 0.122639 0.250000 -0.317968
v 0.114792 0.250000 -0.320052
v 0.106736 0.250000 -0.322018
v 0.098472 0.250000 -0.323864
v 0.089999 0.250000 -0.325592
v 0.081318 0.250000 -0.327200
v 0.072429 0.250000 -0.328689
v 0.063331 0.250000 -0.330059
v 0.898131 0.250000 -0.321303
v 0.887063 0.250000 -0.324043
v 0.875776 0.250000 -0.326545
v 0.864271 0.250000 -0.328808
v 0.852547 0.250000 -0.330833
v 0.840605 0.250000 -0.332620
v 0.828444 0.250000 -0.334169
v 0.816065 0.250000 -0.335479
v 0.803468 0.250000 -0.336551
v 0.790652 0.250000 -0.337385
v 0.777618 0.250000 -0.337981
v 0.764366 0.250000 -0.338338
v 0.750895 0.250000 -0.338457
v 0.736685 0.250000 -0.338303
v 0.722643 0.250000 -0.337841
v 0.708770 0.250000 -0.337072
v 0.695066 0.250000 -0.335995
v 0.681531 0.250000 -0.334610
v 0.668164 0.250000 -0.332918
v 0.654966 0.250000 -0.330917
v 0.641937 0.250000 -0.328609
v 0.629077 0.250000 -0.325994
v 0.616385 0.250000 -0.323070
v 0.603862 0.250000 -0.319839
v 0.591508 0.250000 -0.316300
v 0.579382 0.250000 -0.312443
v 0.567544 0.250000 -0.308259
v 0.555995 0.250000 -0.303747
v 0.544732 0.250000 -0.298908
v 0.533758 0.250000 -0.293741
v 0.523072 0.250000 -0.288247
v 0.512673 0.250000 -0.282424
v 0.502563 0.250000 -0.276275
v 0.492740 0.250000 -0.269797
v 0.483205 0.250000 -0.262992
v 0.473958 0.250000 -0.255860
v 0.464999 0.250000 -0.248400
v 0.456343 0.250000 -0.240612
v 0.448004 0.250000 -0.232497
v 0.439983 0.250000 -0.224054
v 0.432280 0.250000 -0.215284
v 0.424895 0.250000 -0.206186
v 0.417827 0.250000 -0.196760
v 0.411076 0.250000 -0.187007
v 0.404644 0.250000 -0.176926
v 0.398529 0.250000 -0.166517
v 0.392731 0.250000 -0.155782
v 0.387252 0.250000 -0.144718
v 0.382089 0.250000 -0.133327
v 0.377295 0.250000 -0.121588
v 0.372917 0.250000 -0.109482
v 0.368956 0.250000 -0.097009
v 0.365412 0.250000 -0.084168
v 0.362285 0.250000 -0.070961
v 0.359575 0.250000 -0.057386
v 0.357282 0.250000 -0.043443
v 0.355406 0.250000 -0.029133
v 0.353947 0.250000 -0.014457
v 0.352904 0.250000 0.000588
v 0.352279 0.250000 0.015999
v 0.352070 0.250000 0.031778
v 0.352249 0.250000 0.046867
v 0.352785 0.250000 0.061638
v 0.353679 0.250000 0.076092
v 0.354929 0.250000 0.090228
v 0.356538 0.250000 0.104046
v 0.358503 0.250000 0.117547
v 0.360826 0.250000 0.130730
v 0.363506 0.250000 0.143595
v 0.366544 0.250000 0.156143
v 0.369939 0.250000 0.168373
v 0.373691 0.250000 0.180285
v 0.377801 0.250000 0.191880
v 0.382238 0.250000 0.203162
v 0.386974 0.250000 0.214136
v 0.392006 0.250000 0.224802
v 0.397337 0.250000 0.235161
v 0.402966 0.250000 0.245212
v 0.408892 0.250000 0.254956
v 0.415116 0.250000 0.264391
v 0.421638 0.250000 0.273519
v 0.428458 0.250000 0.282339
v 0.435576 0.250000 0.290851
v 0.442991 0.250000 0.299056
v 0.450705 0.250000 0.306953
v 0.458701 0.250000 0.314532
v 0.466965 0.250000 0.321784
v 0.475497 0.250000 0.328708
v 0.484297 0.250000 0.335304
v 0.493366 0.250000 0.341573
v 0.502702 0.250000 0.347514
v 0.512306 0.250000 0.353128
v 0.522179 0.250000 0.358414
v 0.532319 0.250000 0.363373
v 0.542727 0.250000 0.368003
v 0.553404 0.250000 0.372307
v 0.564348 0.250000 0.376283
v 0.575531 0.250000 0.379936
v 0.586922 0.250000 0.383271
v 0.598522 0.250000 0.386289
v 0.610330 0.250000 0.388989
v 0.622346 0.250000 0.391371
v 0.634571 0.250000 0.393436
v 0.647005 0.250000 0.395183
v 0.659647 0.250000 0.396613
v 0.672497 0.250000 0.397725
v 0.685556 0.250000 0.398519
v 0.698823 0.250000 0.398995
v 0.712299 0.250000 0.399154
v 0.722484 0.250000 0.399025
v 0.732550 0.250000 0.398638
v 0.742497 0.250000 0.397993
v 0.752325 0.250000 0.397089
v 0.762033 0.250000 0.395928
v 0.771623 0.250000 0.394508
v 0.781093 0.250000 0.392831
v 0.790444 0.250000 0.390895
v 0.799676 0.250000 0.388701
v 0.808789 0.250000 0.386249
v 0.817783 0.250000 0.383539
v 0.826657 0.250000 0.380571
v 0.826657 0.250000 0.617864
v 0.829159 0.250000 0.618584
v 0.831899 0.250000 0.619314
v 0.834877 0.250000 0.620053
v 0.838093 0.250000 0.620803
v 0.841548 0.250000 0.621562
v 0.845240 0.250000 0.622332
v 0.849172 0.250000 0.623111
v 0.853341 0.250000 0.623900
v 0.857748 0.250000 0.624699
v 0.862394 0.250000 0.625508
v 0.867278 0.250000 0.626327
v 0.872401 0.250000 0.627156
v 0.877652 0.250000 0.627955
v 0.882923 0.250000 0.628685
v 0.888214 0.250000 0.629345
v 0.893525 0.250000 0.629936
v 0.898856 0.250000 0.630457
v 0.904207 0.250000 0.630908
v 0.909577 0.250000 0.631291
v 0.914967 0.250000 0.631603
v 0.920378 0.250000 0.631847
v 0.925808 0.250000 0.632020
v 0.931258 0.250000 0.632125
v 0.936727 0.250000 0.632159
v 0.941924 0.250000 0.632129
v 0.947031 0.250000 0.632040
v 0.952050 0.250000 0.631891
v 0.956978 0.250000 0.631683
v 0.961818 0.250000 0.631415
v 0.966568 0.250000 0.631087
v 0.971228 0.250000 0.630700
v 0.975800 0.250000 0.630253
v 0.980282 0.250000 0.629747
v 0.984675 0.250000 0.629181
v 0.988978 0.250000 0.628556
v 0.993192 0.250000 0.627871
v 0.997306 0.250000 0.627097
v 1.001312 0.250000 0.626203
v 1.005208 0.250000 0.625191
v 1.008996 0.250000 0.624059
v 1.012673 0.250000 0.622808
v 1.016242 0.250000 0.621438
v 1.019702 0.250000 0.619949
v 1.023052 0.250000 0.618341
v 1.026293 0.250000 0.616614
v 1.029425 0.250000 0.614767
v 1.032448 0.250000 0.612802
v 1.035361 0.250000 0.610717
v 1.038161 0.250000 0.608508
v 1.040841 0.250000 0.606171
v 1.043402 0.250000 0.603704
v 1.045844 0.250000 0.601108
v 1.048167 0.250000 0.598383
v 1.050371 0.250000 0.595529
v 1.052456 0.250000 0.592546
v 1.054421 0.250000 0.589434
v 1.056268 0.250000 0.586193
v 1.057995 0.250000 0.582822
v 1.059603 0.250000 0.579323
v 1.061092 0.250000 0.575695
v 1.062462 0.250000 0.571908
v 1.063713 0.250000 0.567932
v 1.064844 0.250000 0.563768
v 1.065857 0.250000 0.559415
v 1.066750 0.250000 0.554873
v 1.067525 0.250000 0.550143
v 1.068180 0.250000 0.545224
v 1.068716 0.250000 0.540117
v 1.069133 0.250000 0.534821
v 1.069431 0.250000 0.529336
v 1.069609 0.250000 0.523663
v 1.069669 0.250000 0.517801
v 1.069669 0.250000 -0.168349
v 1.069555 0.250000 -0.174682
v 1.069212 0.250000 -0.180817
v 1.068642 0.250000 -0.186754
v 1.067842 0.250000 -0.192491
v 1.066815 0.250000 -0.198031
v 1.065559 0.250000 -0.203371
v 1.064075 0.250000 -0.208513
v 1.062363 0.250000 -0.213457
v 1.060422 0.250000 -0.218202
v 1.058253 0.250000 -0.222749
v 1.055856 0.250000 -0.227097
v 1.053230 0.250000 -0.231246
v 1.050406 0.250000 -0.235267
v 1.047413 0.250000 -0.239227
v 1.044251 0.250000 -0.243129
v 1.040920 0.250000 -0.246970
v 1.037421 0.250000 -0.250753
v 1.033753 0.250000 -0.254475
v 1.029917 0.250000 -0.258138
v 1.025911 0.250000 -0.261742
v 1.021737 0.250000 -0.265285
v 1.017394 0.250000 -0.268770
v 1.012882 0.250000 -0.272195
v 1.008201 0.250000 -0.275560
v 1.000667 0.250000 -0.280245
v 0.992834 0.250000 -0.284772
v 0.984704 0.250000 -0.289140
v 0.976276 0.250000 -0.293349
v 0.967551 0.250000 -0.297399
v 0.958527 0.250000 -0.301290
v 0.949206 0.250000 -0.305023
v 0.939586 0.250000 -0.308597
v 0.929669 0.250000 -0.312012
v 0.919454 0.250000 -0.315268
v 0.908942 0.250000 -0.318365
v 0.790920 0.250000 0.201886
v 0.787565 0.250000 0.202799
v 0.784170 0.250000 0.203633
v 0.780735 0.250000 0.204388
v 0.777261 0.250000 0.205063
v 0.773747 0.250000 0.205658
v 0.770193 0.250000 0.206175
v 0.766600 0.250000 0.206611
v 0.762966 0.250000 0.206969
v 0.759293 0.250000 0.207247
v 0.755581 0.250000 0.207445
v 0.751828 0.250000 0.207564
v 0.748036 0.250000 0.207604
v 0.724519 0.250000 0.206383
v 0.703047 0.250000 0.202720
v 0.683620 0.250000 0.196615
v 0.666238 0.250000 0.188068
v 0.650901 0.250000 0.177079
v 0.637609 0.250000 0.163648
v 0.626362 0.250000 0.147774
v 0.617159 0.250000 0.129459
v 0.610002 0.250000 0.108702
v 0.604890 0.250000 0.085503
v 0.601822 0.250000 0.059861
v 0.600800 0.250000 0.031778
v 0.601053 0.250000 0.016858
v 0.601812 0.250000 0.002593
v 0.603078 0.250000 -0.011017
v 0.604850 0.250000 -0.023972
v 0.607128 0.250000 -0.036271
v 0.609913 0.250000 -0.047915
v 0.613204 0.250000 -0.058904
v 0.617001 0.250000 -0.069238
v 0.621304 0.250000 -0.078917
v 0.626114 0.250000 -0.087941
v 0.631430 0.250000 -0.096309
v 0.637251 0.250000 -0.104022
v 0.643550 0.250000 -0.111100
v 0.650295 0.250000 -0.117563
v 0.657488 0.250000 -0.123410
v 0.665126 0.250000 -0.128641
v 0.673212 0.250000 -0.133257
v 0.681744 0.250000 -0.137258
v 0.690723 0.250000 -0.140643
v 0.700149 0.250000 -0.143412
v 0.710021 0.250000 -0.145567
v 0.720340 0.250000 -0.147105
v 0.731106 0.250000 -0.148029
v 0.742318 0.250000 -0.148336
v 0.746805 0.250000 -0.148292
v 0.751213 0.250000 -0.148158
v 0.755541 0.250000 -0.147934
v 0.759790 0.250000 -0.147622
v 0.763959 0.250000 -0.147219
v 0.768049 0.250000 -0.146728
v 0.772059 0.250000 -0.146147
v 0.775990 0.250000 -0.145477
v 0.779842 0.250000 -0.144718
v 0.783614 0.250000 -0.143869
v 0.787307 0.250000 -0.142931
v 0.790920 0.250000 -0.141904
v 0.794454 0.250000 -0.140817
v 0.797909 0.250000 -0.139700
v 0.801284 0.250000 -0.138553
v 0.804580 0.250000 -0.137377
v 0.807796 0.250000 -0.136171
v 0.810933 0.250000 -0.134935
v 0.813991 0.250000 -0.133669
v 0.816969 0.250000 -0.132374
v 0.819867 0.250000 -0.131048
v 0.822687 0.250000 -0.129693
v 0.825426 0.250000 -0.128309
v 0.828087 0.250000 -0.126894
v 0.828087 0.250000 0.187591
v 0.825208 0.250000 0.189001
v 0.822290 0.250000 0.190371
v 0.819331 0.250000 0.191701
v 0.816334 0.250000 0.192992
v 0.813296 0.250000 0.194242
v 0.810218 0.250000 0.195453
v 0.807101 0.250000 0.196625
v 0.803945 0.250000 0.197756
v 0.800748 0.250000 0.198848
v 0.797512 0.250000 0.199901
v 0.794236 0.250000 0.200913
v 1.532820 0.250000 0.053220
v 1.592858 0.250000 0.033208
v 1.603262 0.250000 0.029629
v 1.613506 0.250000 0.026040
v 1.623592 0.250000 0.022442
v 1.633519 0.250000 0.018833
v 1.643287 0.250000 0.015215
v 1.652896 0.250000 0.011587
v 1.662347 0.250000 0.007948
v 1.671638 0.250000 0.004300
v 1.680771 0.250000 0.000642
v 1.689745 0.250000 -0.003026
v 1.698560 0.250000 -0.006704
v 1.707217 0.250000 -0.010392
v 1.715694 0.250000 -0.014149
v 1.723973 0.250000 -0.018035
v 1.732054 0.250000 -0.022051
v 1.739936 0.250000 -0.026195
v 1.747619 0.250000 -0.030469
v 1.755104 0.250000 -0.034871
v 1.762390 0.250000 -0.039403
v 1.769478 0.250000 -0.044064
v 1.776368 0.250000 -0.048853
v 1.783058 0.250000 -0.053772
v 1.789551 0.250000 -0.058820
v 1.795844 0.250000 -0.063997
v 1.801924 0.250000 -0.069323
v 1.807776 0.250000 -0.074817
v 1.813400 0.250000 -0.080481
v 1.818795 0.250000 -0.086313
v 1.823962 0.250000 -0.092314
v 1.828901 0.250000 -0.098483
v 1.833611 0.250000 -0.104821
v 1.838093 0.250000 -0.111329
v 1.842347 0.250000 -0.118004
v 1.846372 0.250000 -0.124849
v 1.850169 0.250000 -0.131862
v 1.853738 0.250000 -0.139045
v 1.857049 0.250000 -0.146445
v 1.860071 0.250000 -0.154114
v 1.862806 0.250000 -0.162050
v 1.865253 0.250000 -0.170255
v 1.867412 0.250000 -0.178728
v 1.869284 0.250000 -0.187468
v 1.870867 0.250000 -0.196477
v 1.872162 0.250000 -0.205754
v 1.873170 0.250000 -0.215299
v 1.873890 0.250000 -0.225111
v 1.874322 0.250000 -0.235192
v 1.874465 0.250000 -0.245541
v 1.873815 0.250000 -0.265454
v 1.871865 0.250000 -0.284693
v 1.868614 0.250000 -0.303256
v 1.864062 0.250000 -0.321144
v 1.858210 0.250000 -0.338358
v 1.851058 0.250000 -0.354896
v 1.842605 0.250000 -0.370759
v 1.832852 0.250000 -0.385947
v 1.821798 0.250000 -0.400461
v 1.809444 0.250000 -0.414299
v 1.795790 0.250000 -0.427462
v 1.780835 0.250000 -0.439950
v 1.764708 0.250000 -0.451594
v 1.747540 0.250000 -0.462226
v 1.729329 0.250000 -0.471845
v 1.710075 0.250000 -0.480452
v 1.689780 0.250000 -0.488046
v 1.668442 0.250000 -0.494627
v 1.646062 0.250000 -0.500196
v 1.622639 0.250000 -0.504753
v 1.598174 0.250000 -0.508297
v 1.572667 0.250000 -0.510828
v 1.546117 0.250000 -0.512347
v 1.518525 0.250000 -0.512853
v 1.508340 0.250000 -0.512794
v 1.498274 0.250000 -0.512615
v 1.488328 0.250000 -0.512317
v 1.478500 0.250000 -0.511900
v 1.468791 0.250000 -0.511364
v 1.459202 0.250000 -0.510709
v 1.449731 0.250000 -0.509935
v 1.440380 0.250000 -0.509041
v 1.431148 0.250000 -0.508029
v 1.422035 0.250000 -0.506897
v 1.413041 0.250000 -0.505646
v 1.404167 0.250000 -0.504277
v 1.395456 0.250000 -0.502783
v 1.386954 0.250000 -0.501159
v 1.378660 0.250000 -0.499407
v 1.370574 0.250000 -0.497526
v 1.362697 0.250000 -0.495516
v 1.355029 0.250000 -0.493377
v 1.347569 0.250000 -0.491108
v 1.340317 0.250000 -0.488711
v 1.333274 0.250000 -0.486185
v 1.326439 0.250000 -0.483529
v 1.319813 0.250000 -0.480745
v 1.313395 0.250000 -0.477831
v 1.307196 0.250000 -0.474784
v 1.301225 0.250000 -0.471597
v 1.295482 0.250000 -0.468271
v 1.289967 0.250000 -0.464807
v 1.284681 0.250000 -0.461204
v 1.279624 0.250000 -0.457461
v 1.274794 0.250000 -0.453580
v 1.270193 0.250000 -0.449559
v 1.265820 0.250000 -0.445400
v 1.261676 0.250000 -0.441101
v 1.257760 0.250000 -0.436664
v 1.254072 0.250000 -0.432088
v 1.250647 0.250000 -0.427377
v 1.247520 0.250000 -0.422538
v 1.244691 0.250000 -0.417570
v 1.242159 0.250000 -0.412472
v 1.239926 0.250000 -0.407246
v 1.237990 0.250000 -0.401890
v 1.236352 0.250000 -0.396405
v 1.235012 0.250000 -0.390792
v 1.233970 0.250000 -0.385049
v 1.233225 0.250000 -0.379177
v 1.232778 0.250000 -0.373176
v 1.232630 0.250000 -0.367046
v 1.232749 0.250000 -0.360927
v 1.233106 0.250000 -0.354955
v 1.233701 0.250000 -0.349133
v 1.234535 0.250000 -0.343460
v 1.235607 0.250000 -0.337936
v 1.236918 0.250000 -0.332560
v 1.238466 0.250000 -0.327334
v 1.240253 0.250000 -0.322256
v 1.242278 0.250000 -0.317327
v 1.244542 0.250000 -0.312548
v 1.247043 0.250000 -0.307917
v 1.249783 0.250000 -0.303435
v 1.252692 0.250000 -0.299082
v 1.255700 0.250000 -0.294838
v 1.258807 0.250000 -0.290703
v 1.262013 0.250000 -0.286678
v 1.265319 0.250000 -0.282762
v 1.268724 0.250000 -0.278955
v 1.272228 0.250000 -0.275257
v 1.275831 0.250000 -0.271668
v 1.279534 0.250000 -0.268189
v 1.283336 0.250000 -0.264819
v 1.287238 0.250000 -0.261558
v 1.291238 0.250000 -0.258406
v 1.296628 0.250000 -0.261707
v 1.302317 0.250000 -0.264938
v 1.308303 0.250000 -0.268100
v 1.314586 0.250000 -0.271192
v 1.321168 0.250000 -0.274215
v 1.328047 0.250000 -0.277168
v 1.335224 0.250000 -0.280052
v 1.342699 0.250000 -0.282866
v 1.350472 0.250000 -0.285611
v 1.358543 0.250000 -0.288286
v 1.366911 0.250000 -0.290892
v 1.375577 0.250000 -0.293428
v 1.384462 0.250000 -0.295826
v 1.393486 0.250000 -0.298015
v 1.402648 0.250000 -0.299995
v 1.411950 0.250000 -0.301767
v 1.421390 0.250000 -0.303330
v 1.430970 0.250000 -0.304685
v 1.440688 0.250000 -0.305832
v 1.450546 0.250000 -0.306770
v 1.460542 0.250000 -0.307500
v 1.470677 0.250000 -0.308021
v 1.480952 0.250000 -0.308334
v 1.491365 0.250000 -0.308438
v 1.501848 0.250000 -0.308314
v 1.511854 0.250000 -0.307941
v 1.521384 0.250000 -0.307321
v 1.530438 0.250000 -0.306452
v 1.539014 0.250000 -0.305336
v 1.547115 0.250000 -0.303971
v 1.554739 0.250000 -0.302357
v 1.561886 0.250000 -0.300496
v 1.568557 0.250000 -0.298387
v 1.574751 0.250000 -0.296029
v 1.580469 0.250000 -0.293423
v 1.585711 0.250000 -0.290569
v 1.590505 0.250000 -0.287527
v 1.594883 0.250000 -0.284355
v 1.598844 0.250000 -0.281054
v 1.602388 0.250000 -0.277625
v 1.605515 0.250000 -0.274066
v 1.608225 0.250000 -0.270378
v 1.610518 0.250000 -0.266561
v 1.612394 0.250000 -0.262615
v 1.613854 0.250000 -0.258540
v 1.614896 0.250000 -0.254336
v 1.615521 0.250000 -0.250003
v 1.615730 0.250000 -0.245541
v 1.615601 0.250000 -0.242022
v 1.615214 0.250000 -0.238612
v 1.614568 0.250000 -0.235311
v 1.613665 0.250000 -0.232120
v 1.612504 0.250000 -0.229037
v 1.611084 0.250000 -0.226064
v 1.609406 0.250000 -0.223200
v 1.607471 0.250000 -0.220445
v 1.605277 0.250000 -0.217800
v 1.602825 0.250000 -0.215264
v 1.600115 0.250000 -0.212836
v 1.597147 0.250000 -0.210519
v 1.593920 0.250000 -0.208270
v 1.590436 0.250000 -0.206051
v 1.586694 0.250000 -0.203863
v 1.582693 0.250000 -0.201703
v 1.578434 0.250000 -0.199574
v 1.573918 0.250000 -0.197475
v 1.569143 0.250000 -0.195405
v 1.564110 0.250000 -0.193365
v 1.558819 0.250000 -0.191355
v 1.553270 0.250000 -0.189374
v 1.547462 0.250000 -0.187424
v 1.541397 0.250000 -0.185503
v 1.465634 0.250000 -0.161202
v 1.443671 0.250000 -0.153890
v 1.422571 0.250000 -0.146252
v 1.402335 0.250000 -0.138285
v 1.382963 0.250000 -0.129991
v 1.364454 0.250000 -0.121370
v 1.346809 0.250000 -0.112421
v 1.330028 0.250000 -0.103144
v 1.314110 0.250000 -0.093540
v 1.299056 0.250000 -0.083608
v 1.284865 0.250000 -0.073348
v 1.271538 0.250000 -0.062761
v 1.259075 0.250000 -0.051846
v 1.247545 0.250000 -0.040435
v 1.237017 0.250000 -0.028359
v 1.227492 0.250000 -0.015618
v 1.218970 0.250000 -0.002212
v 1.211450 0.250000 0.011860
v 1.204933 0.250000 0.026596
v 1.199419 0.250000 0.041998
v 1.194907 0.250000 0.058065
v 1.191398 0.250000 0.074796
v 1.188891 0.250000 0.092193
v 1.187387 0.250000 0.110255
v 1.186886 0.250000 0.128983
v 1.187551 0.250000 0.148911
v 1.189547 0.250000 0.168194
v 1.192872 0.250000 0.186832
v 1.197528 0.250000 0.204824
v 1.203514 0.250000 0.222172
v 1.210830 0.250000 0.238874
v 1.219476 0.250000 0.254931
v 1.229453 0.250000 0.270342
v 1.240760 0.250000 0.285109
v 1.253397 0.250000 0.299230
v 1.267364 0.250000 0.312705
v 1.282661 0.250000 0.325536
v 1.299249 0.250000 0.337523
v 1.317088 0.250000 0.348467
v 1.336177 0.250000 0.358369
v 1.356518 0.250000 0.367229
v 1.378109 0.250000 0.375047
v 1.400951 0.250000 0.381822
v 1.425043 0.250000 0.387555
v 1.450387 0.250000 0.392245
v 1.476981 0.250000 0.395893
v 1.504826 0.250000 0.398499
v 1.533922 0.250000 0.400063
v 1.564269 0.250000 0.400584
v 1.575163 0.250000 0.400509
v 1.585929 0.250000 0.400286
v 1.596566 0.250000 0.399914
v 1.607073 0.250000 0.399392
v 1.617452 0.250000 0.398722
v 1.627702 0.250000 0.397903
v 1.637822 0.250000 0.396936
v 1.647814 0.250000 0.395819
v 1.657676 0.250000 0.394553
v 1.667409 0.250000 0.393138
v 1.677014 0.250000 0.391575
v 1.686489 0.250000 0.389863
v 1.695801 0.250000 0.388006
v 1.704913 0.250000 0.386011
v 1.713828 0.250000 0.383877
v 1.722544 0.250000 0.381603
v 1.731061 0.250000 0.379191
v 1.739380 0.250000 0.376640
v 1.747500 0.250000 0.373950
v 1.755422 0.250000 0.371121
v 1.763145 0.250000 0.368152
v 1.770669 0.250000 0.365045
v 1.777996 0.250000 0.361799
v 1.785123 0.250000 0.358414
v 1.792022 0.250000 0.354890
v 1.798663 0.250000 0.351227
v 1.805046 0.250000 0.347425
v 1.811171 0.250000 0.343484
v 1.817038 0.250000 0.339404
v 1.822647 0.250000 0.335185
v 1.827997 0.250000 0.330827
v 1.833090 0.250000 0.326330
v 1.837924 0.250000 0.321694
v 1.842501 0.250000 0.316919
v 1.846819 0.250000 0.312006
v 1.850879 0.250000 0.306953
v 1.854646 0.250000 0.301766
v 1.858086 0.250000 0.296450
v 1.861198 0.250000 0.291005
v 1.863983 0.250000 0.285431
v 1.866440 0.250000 0.279728
v 1.868569 0.250000 0.273896
v 1.870371 0.250000 0.267935
v 1.871845 0.250000 0.261845
v 1.872991 0.250000 0.255626
v 1.873810 0.250000 0.249277
v 1.874302 0.250000 0.242800
v 1.874465 0.250000 0.236194
v 1.874297 0.250000 0.229369
v 1.873791 0.250000 0.222713
v 1.872947 0.250000 0.216226
v 1.871765 0.250000 0.209907
v 1.870247 0.250000 0.203757
v 1.868390 0.250000 0.197776
v 1.866196 0.250000 0.191964
v 1.863665 0.250000 0.186321
v 1.860796 0.250000 0.180846
v 1.857590 0.250000 0.175540
v 1.854046 0.250000 0.170403
v 1.850164 0.250000 0.165434
v 1.846084 0.250000 0.160645
v 1.841945 0.250000 0.156043
v 1.837746 0.250000 0.151631
v 1.833487 0.250000 0.147407
v 1.829169 0.250000 0.143372
v 1.824791 0.250000 0.139525
v 1.820354 0.250000 0.135867
v 1.815857 0.250000 0.132398
v 1.811300 0.250000 0.129117
v 1.806684 0.250000 0.126024
v 1.802009 0.250000 0.123121
v 1.797274 0.250000 0.120406
v 1.790479 0.250000 0.125588
v 1.783435 0.250000 0.130650
v 1.776144 0.250000 0.135594
v 1.768605 0.250000 0.140418
v 1.760817 0.250000 0.145124
v 1.752781 0.250000 0.149710
v 1.744497 0.250000 0.154177
v 1.735965 0.250000 0.158525
v 1.727185 0.250000 0.162754
v 1.718156 0.250000 0.166864
v 1.708879 0.250000 0.170854
v 1.699354 0.250000 0.174726
v 1.689631 0.250000 0.178379
v 1.679759 0.250000 0.181715
v 1.669737 0.250000 0.184732
v 1.659567 0.250000 0.187432
v 1.649248 0.250000 0.189815
v 1.638780 0.250000 0.191880
v 1.628163 0.250000 0.193627
v 1.617398 0.250000 0.195056
v 1.606483 0.250000 0.196168
v 1.595419 0.250000 0.196962
v 1.584207 0.250000 0.197439
v 1.572845 0.250000 0.197598
v 1.561459 0.250000 0.197449
v 1.550649 0.250000 0.197002
v 1.540414 0.250000 0.196258
v 1.530755 0.250000 0.195215
v 1.521672 0.250000 0.193875
v 1.513165 0.250000 0.192237
v 1.505233 0.250000 0.190301
v 1.497877 0.250000 0.188068
v 1.491097 0.250000 0.185536
v 1.484893 0.250000 0.182707
v 1.479264 0.250000 0.179580
v 1.474211 0.250000 0.176155
v 1.469645 0.250000 0.172532
v 1.465476 0.250000 0.168810
v 1.461703 0.250000 0.164988
v 1.458328 0.250000 0.161067
v 1.455350 0.250000 0.157046
v 1.452769 0.250000 0.152926
v 1.450585 0.250000 0.148707
v 1.448798 0.250000 0.144389
v 1.447409 0.250000 0.139972
v 1.446416 0.250000 0.135455
v 1.445820 0.250000 0.130839
v 1.445622 0.250000 0.126124
v 1.445781 0.250000 0.121453
v 1.446257 0.250000 0.116971
v 1.447051 0.250000 0.112678
v 1.448163 0.250000 0.108573
v 1.449593 0.250000 0.104657
v 1.451340 0.250000 0.100929
v 1.453405 0.250000 0.097390
v 1.455787 0.250000 0.094040
v 1.458487 0.250000 0.090878
v 1.461505 0.250000 0.087905
v 1.464840 0.250000 0.085121
v 1.468493 0.250000 0.082525
v 1.472435 0.250000 0.080028
v 1.476634 0.250000 0.077541
v 1.481091 0.250000 0.075064
v 1.485806 0.250000 0.072598
v 1.490779 0.250000 0.070141
v 1.496011 0.250000 0.067694
v 1.501500 0.250000 0.065257
v 1.507248 0.250000 0.062830
v 1.513254 0.250000 0.060412
v 1.519518 0.250000 0.058005
v 1.526040 0.250000 0.055608
v 1.532820 0.250000 0.053220
v 1.532820 -0.250000 0.053220
v 1.592858 0.250000 0.033208
v 1.592858 -0.250000 0.033208
v 1.603262 0.250000 0.029629
v 1.603262 -0.250000 0.029629
v 1.613506 0.250000 0.026040
v 1.613506 -0.250000 0.026040
v 1.623592 0.250000 0.022442
v 1.623592 -0.250000 0.022442
v 1.633519 0.250000 0.018833
v 1.633519 -0.250000 0.018833
v 1.643287 0.250000 0.015215
v 1.643287 -0.250000 0.015215
v 1.652896 0.250000 0.011587
v 1.652896 -0.250000 0.011587
v 1.662347 0.250000 0.007948
v 1.662347 -0.250000 0.007948
v 1.671638 0.250000 0.004300
v 1.671638 -0.250000 0.004300
v 1.680771 0.250000 0.000642
v 1.680771 -0.250000 0.000642
v 1.689745 0.250000 -0.003026
v 1.689745 -0.250000 -0.003026
v 1.698560 0.250000 -0.006704
v 1.698560 -0.250000 -0.006704
v 1.707217 0.250000 -0.010392
v 1.707217 -0.250000 -0.010392
v 1.715694 0.250000 -0.014149
v 1.715694 -0.250000 -0.014149
v 1.723973 0.250000 -0.018035
v 1.723973 -0.250000 -0.018035
v 1.732054 0.250000 -0.022051
v 1.732054 -0.250000 -0.022051
v 1.739936 0.250000 -0.026195
v 1.739936 -0.250000 -0.026195
v 1.747619 0.250000 -0.030469
v 1.747619 -0.250000 -0.030469
v 1.755104 0.250000 -0.034871
v 1.755104 -0.250000 -0.034871
v 1.762390 0.250000 -0.039403
v 1.762390 -0.250000 -0.039403
v 1.769478 0.250000 -0.044064
v 1.769478 -0.250000 -0.044064
v 1.776368 0.250000 -0.048853
v 1.776368 -0.250000 -0.048853
v 1.783058 0.250000 -0.053772
v 1.783058 -0.250000 -0.053772
v 1.789551 0.250000 -0.058820
v 1.789551 -0.250000 -0.058820
v 1.795844 0.250000 -0.063997
v 1.795844 -0.250000 -0.063997
v 1.801924 0.250000 -0.069323
v 1.801924 -0.250000 -0.069323
v 1.807776 0.250000 -0.074817
v 1.807776 -0.250000 -0.074817
v 1.813400 0.250000 -0.080481
v 1.813400 -0.250000 -0.080481
v 1.818795 0.250000 -0.086313
v 1.818795 -0.250000 -0.086313
v 1.823962 0.250000 -0.092314
v 1.823962 -0.250000 -0.092314
v 1.828901 0.250000 -0.098483
v 1.828901 -0.250000 -0.098483
v 1.833611 0.250000 -0.104821
v 1.833611 -0.250000 -0.104821
v 1.838093 0.250000 -0.111329
v 1.838093 -0.250000 -0.111329
v 1.842347 0.250000 -0.118004
v 1.842347 -0.250000 -0.118004
v 1.846372 0.250000 -0.124849
v 1.846372 -0.250000 -0.124849
v 1.850169 0.250000 -0.131862
v 1.850169 -0.250000 -0.131862
v 1.853738 0.250000 -0.139045
v 1.853738 -0.250000 -0.139045
v 1.857049 0.250000 -0.146445
v 1.857049 -0.250000 -0.146445
v 1.860071 0.250000 -0.154114
v 1.860071 -0.250000 -0.154114
v 1.862806 0.250000 -0.162050
v 1.862806 -0.250000 -0.162050
v 1.865253 0.250000 -0.170255
v 1.865253 -0.250000 -0.170255
v 1.867412 0.250000 -0.178728
v 1.867412 -0.250000 -0.178728
v 1.869284 0.250000 -0.187468
v 1.869284 -0.250000 -0.187468
v 1.870867 0.250000 -0.196477
v 1.870867 -0.250000 -0.196477
v 1.872162 0.250000 -0.205754
v 1.872162 -0.250000 -0.205754
v 1.873170 0.250000 -0.215299
v 1.873170 -0.250000 -0.215299
v 1.873890 0.250000 -0.225111
v 1.873890 -0.250000 -0.225111
v 1.874322 0.250000 -0.235192
v 1.874322 -0.250000 -0.235192
v 1.874465 0.250000 -0.245541
v 1.874466 -0.250000 -0.245541
v 1.873815 0.250000 -0.265454
v 1.873815 -0.250000 -0.265454
v 1.871865 0.250000 -0.284693
v 1.871865 -0.250000 -0.284693
v 1.868614 0.250000 -0.303256
v 1.868614 -0.250000 -0.303256
v 1.864062 0.250000 -0.321144
v 1.864062 -0.250000 -0.321144
v 1.858210 0.250000 -0.338358
v 1.858210 -0.250000 -0.338358
v 1.851058 0.250000 -0.354896
v 1.851058 -0.250000 -0.354896
v 1.842605 0.250000 -0.370759
v 1.842605 -0.250000 -0.370759
v 1.832852 0.250000 -0.385947
v 1.832852 -0.250000 -0.385947
v 1.821798 0.250000 -0.400461
v 1.821798 -0.250000 -0.400461
v 1.809444 0.250000 -0.414299
v 1.809444 -0.250000 -0.414299
v 1.795790 0.250000 -0.427462
v 1.795790 -0.250000 -0.427462
v 1.780835 0.250000 -0.439950
v 1.780835 -0.250000 -0.439950
v 1.764708 0.250000 -0.451594
v 1.764708 -0.250000 -0.451594
v 1.747540 0.250000 -0.462226
v 1.747540 -0.250000 -0.462226
v 1.729329 0.250000 -0.471845
v 1.729329 -0.250000 -0.471845
v 1.710075 0.250000 -0.480452
v 1.710075 -0.250000 -0.480452
v 1.689780 0.250000 -0.488046
v 1.689780 -0.250000 -0.488046
v 1.668442 0.250000 -0.494627
v 1.668442 -0.250000 -0.494627
v 1.646062 0.250000 -0.500196
v 1.646062 -0.250000 -0.500196
v 1.622639 0.250000 -0.504753
v 1.622639 -0.250000 -0.504753
v 1.598174 0.250000 -0.508297
v 1.598174 -0.250000 -0.508297
v 1.572667 0.250000 -0.510828
v 1.572667 -0.250000 -0.510828
v 1.546117 0.250000 -0.512347
v 1.546117 -0.250000 -0.512347
v 1.518525 0.250000 -0.512853
v 1.518525 -0.250000 -0.512853
v 1.508340 0.250000 -0.512794
v 1.508340 -0.250000 -0.512794
v 1.498274 0.250000 -0.512615
v 1.498274 -0.250000 -0.512615
v 1.488328 0.250000 -0.512317
v 1.488328 -0.250000 -0.512317
v 1.478500 0.250000 -0.511900
v 1.478500 -0.250000 -0.511900
v 1.468791 0.250000 -0.511364
v 1.468791 -0.250000 -0.511364
v 1.459202 0.250000 -0.510709
v 1.459202 -0.250000 -0.510709
v 1.449731 0.250000 -0.509935
v 1.449731 -0.250000 -0.509935
v 1.440380 0.250000 -0.509041
v 1.440380 -0.250000 -0.509041
v 1.431148 0.250000 -0.508029
v 1.431148 -0.250000 -0.508029
v 1.422035 0.250000 -0.506897
v 1.422035 -0.250000 -0.506897
v 1.413041 0.250000 -0.505646
v 1.413041 -0.250000 -0.505646
v 1.404167 0.250000 -0.504277
v 1.404167 -0.250000 -0.504277
v 1.395456 0.250000 -0.502783
v 1.395456 -0.250000 -0.502783
v 1.386954 0.250000 -0.501159
v 1.386954 -0.250000 -0.501159
v 1.378660 0.250000 -0.499407
v 1.378660 -0.250000 -0.499407
v 1.370574 0.250000 -0.497526
v 1.370574 -0.250000 -0.497526
v 1.362697 0.250000 -0.495516
v 1.362697 -0.250000 -0.495516
v 1.355029 0.250000 -0.493377
v 1.355029 -0.250000 -0.493377
v 1.347569 0.250000 -0.491108
v 1.347569 -0.250000 -0.491108
v 1.340317 0.250000 -0.488711
v 1.340317 -0.250000 -0.488711
v 1.333274 0.250000 -0.486185
v 1.333274 -0.250000 -0.486185
v 1.326439 0.250000 -0.483529
v 1.326439 -0.250000 -0.483529
v 1.319813 0.250000 -0.480745
v 1.319813 -0.250000 -0.480745
v 1.313395 0.250000 -0.477831
v 1.313395 -0.250000 -0.477831
v 1.307196 0.250000 -0.474784
v 1.307196 -0.250000 -0.474784
v 1.301225 0.250000 -0.471597
v 1.301225 -0.250000 -0.471597
v 1.295482 0.250000 -0.468271
v 1.295482 -0.250000 -0.468271
v 1.289967 0.250000 -0.464807
v 1.289967 -0.250000 -0.464807
v 1.284681 0.250000 -0.461204
v 1.284681 -0.250000 -0.461204
v 1.279624 0.250000 -0.457461
v 1.279624 -0.250000 -0.457461
v 1.274794 0.250000 -0.453580
v 1.274794 -0.250000 -0.453580
v 1.270193 0.250000 -0.449559
v 1.270193 -0.250000 -0.449559
v 1.265820 0.250000 -0.445400
v 1.265820 -0.250000 -0.445400
v 1.261676 0.250000 -0.441101
v 1.261676 -0.250000 -0.441101
v 1.257760 0.250000 -0.436664
v 1.257760 -0.250000 -0.436664
v 1.254072 0.250000 -0.432088
v 1.254072 -0.250000 -0.432088
v 1.250647 0.250000 -0.427377
v 1.250647 -0.250000 -0.427377
v 1.247520 0.250000 -0.422538
v 1.247520 -0.250000 -0.422538
v 1.244691 0.250000 -0.417570
v 1.244691 -0.250000 -0.417570
v 1.242159 0.250000 -0.412472
v 1.242159 -0.250000 -0.412472
v 1.239926 0.250000 -0.407246
v 1.239926 -0.250000 -0.407246
v 1.237990 0.250000 -0.401890
v 1.237990 -0.250000 -0.401890
v 1.236352 0.250000 -0.396405
v 1.236352 -0.250000 -0.396405
v 1.235012 0.250000 -0.390792
v 1.235012 -0.250000 -0.390792
v 1.233970 0.250000 -0.385049
v 1.233970 -0.250000 -0.385049
v 1.233225 0.250000 -0.379177
v 1.233225 -0.250000 -0.379177
v 1.232778 0.250000 -0.373176
v 1.232778 -0.250000 -0.373176
v 1.232630 0.250000 -0.367046
v 1.232630 -0.250000 -0.367046
v 1.232749 0.250000 -0.360927
v 1.232749 -0.250000 -0.360927
v 1.233106 0.250000 -0.354955
v 1.233106 -0.250000 -0.354955
v 1.233701 0.250000 -0.349133
v 1.233701 -0.250000 -0.349133
v 1.234535 0.250000 -0.343460
v 1.234535 -0.250000 -0.343460
v 1.235607 0.250000 -0.337936
v 1.235607 -0.250000 -0.337936
v 1.236918 0.250000 -0.332560
v 1.236918 -0.250000 -0.332560
v 1.238466 0.250000 -0.327334
v 1.238466 -0.250000 -0.327334
v 1.240253 0.250000 -0.322256
v 1.240253 -0.250000 -0.322256
v 1.242278 0.250000 -0.317327
v 1.242278 -0.250000 -0.317327
v 1.244542 0.250000 -0.312548
v 1.244542 -0.250000 -0.312548
v 1.247043 0.250000 -0.307917
v 1.247043 -0.250000 -0.307917
v 1.249783 0.250000 -0.303435
v 1.249783 -0.250000 -0.303435
v 1.252692 0.250000 -0.299082
v 1.252692 -0.250000 -0.299082
v 1.255700 0.250000 -0.294838
v 1.255700 -0.250000 -0.294838
v 1.258807 0.250000 -0.290703
v 1.258807 -0.250000 -0.290703
v 1.262013 0.250000 -0.286678
v 1.262013 -0.250000 -0.286678
v 1.265319 0.250000 -0.282762
v 1.265319 -0.250000 -0.282762
v 1.268724 0.250000 -0.278955
v 1.268724 -0.250000 -0.278955
v 1.272228 0.250000 -0.275257
v 1.272228 -0.250000 -0.275257
v 1.275831 0.250000 -0.271668
v 1.275831 -0.250000 -0.271668
v 1.279534 0.250000 -0.268189
v 1.279534 -0.250000 -0.268189
v 1.283336 0.250000 -0.264819
v 1.283336 -0.250000 -0.264819
v 1.287238 0.250000 -0.261558
v 1.287238 -0.250000 -0.261558
v 1.291238 0.250000 -0.258406
v 1.291238 -0.250000 -0.258406
v 1.296628 0.250000 -0.261707
v 1.296628 -0.250000 -0.261707
v 1.302317 0.250000 -0.264938
v 1.302317 -0.250000 -0.264938
v 1.308303 0.250000 -0.268100
v 1.308303 -0.250000 -0.268100
v 1.314586 0.250000 -0.271192
v 1.314586 -0.250000 -0.271192
v 1.321168 0.250000 -0.274215
v 1.321168 -0.250000 -0.274215
v 1.328047 0.250000 -0.277168
v 1.328047 -0.250000 -0.277168
v 1.335224 0.250000 -0.280052
v 1.335224 -0.250000 -0.280052
v 1.342699 0.250000 -0.282866
v 1.342699 -0.250000 -0.282866
v 1.350472 0.250000 -0.285611
v 1.350472 -0.250000 -0.285611
v 1.358543 0.250000 -0.288286
v 1.358543 -0.250000 -0.288286
v 1.366911 0.250000 -0.290892
v 1.366911 -0.250000 -0.290892
v 1.375577 0.250000 -0.293428
v 1.375577 -0.250000 -0.293428
v 1.384462 0.250000 -0.295826
v 1.384462 -0.250000 -0.295826
v 1.393486 0.250000 -0.298015
v 1.393486 -0.250000 -0.298015
v 1.402648 0.250000 -0.299995
v 1.402648 -0.250000 -0.299995
v 1.411950 0.250000 -0.301767
v 1.411950 -0.250000 -0.301767
v 1.421390 0.250000 -0.303330
v 1.421390 -0.250000 -0.303330
v 1.430970 0.250000 -0.304685
v 1.430970 -0.250000 -0.304685
v 1.440688 0.250000 -0.305832
v 1.440688 -0.250000 -0.305832
v 1.450546 0.250000 -0.306770
v 1.450546 -0.250000 -0.306770
v 1.460542 0.250000 -0.307500
v 1.460542 -0.250000 -0.307500
v 1.470677 0.250000 -0.308021
v 1.470677 -0.250000 -0.308021
v 1.480952 0.250000 -0.308334
v 1.480952 -0.250000 -0.308334
v 1.491365 0.250000 -0.308438
v 1.491365 -0.250000 -0.308438
v 1.501848 0.250000 -0.308314
v 1.501848 -0.250000 -0.308314
v 1.511854 0.250000 -0.307941
v 1.511854 -0.250000 -0.307941
v 1.521384 0.250000 -0.307321
v 1.521384 -0.250000 -0.307321
v 1.530438 0.250000 -0.306452
v 1.530438 -0.250000 -0.306452
v 1.539014 0.250000 -0.305336
v 1.539014 -0.250000 -0.305336
v 1.547115 0.250000 -0.303971
v 1.547115 -0.250000 -0.303971
v 1.554739 0.250000 -0.302357
v 1.554739 -0.250000 -0.302357
v 1.561886 0.250000 -0.300496
v 1.561886 -0.250000 -0.300496
v 1.568557 0.250000 -0.298387
v 1.568557 -0.250000 -0.298387
v 1.574751 0.250000 -0.296029
v 1.574751 -0.250000 -0.296029
v 1.580469 0.250000 -0.293423
v 1.580469 -0.250000 -0.293423
v 1.585711 0.250000 -0.290569
v 1.585711 -0.250000 -0.290569
v 1.590505 0.250000 -0.287527
v 1.590505 -0.250000 -0.287527
v 1.594883 0.250000 -0.284355
v 1.594883 -0.250000 -0.284355
v 1.598844 0.250000 -0.281054
v 1.598844 -0.250000 -0.281054
v 1.602388 0.250000 -0.277625
v 1.602388 -0.250000 -0.277625
v 1.605515 0.250000 -0.274066
v 1.605515 -0.250000 -0.274066
v 1.608225 0.250000 -0.270378
v 1.608225 -0.250000 -0.270378
v 1.610518 0.250000 -0.266561
v 1.610518 -0.250000 -0.266561
v 1.612394 0.250000 -0.262615
v 1.612394 -0.250000 -0.262615
v 1.613854 0.250000 -0.258540
v 1.613854 -0.250000 -0.258540
v 1.614896 0.250000 -0.254336
v 1.614896 -0.250000 -0.254336
v 1.615521 0.250000 -0.250003
v 1.615521 -0.250000 -0.250003
v 1.615730 0.250000 -0.245541
v 1.615730 -0.250000 -0.245541
v 1.615601 0.250000 -0.242022
v 1.615601 -0.250000 -0.242022
v 1.615214 0.250000 -0.238612
v 1.615214 -0.250000 -0.238612
v 1.614568 0.250000 -0.235311
v 1.614568 -0.250000 -0.235311
v 1.613665 0.250000 -0.232120
v 1.613665 -0.250000 -0.232120
v 1.612504 0.250000 -0.229037
v 1.612504 -0.250000 -0.229037
v 1.611084 0.250000 -0.226064
v 1.611084 -0.250000 -0.226064
v 1.609406 0.250000 -0.223200
v 1.609406 -0.250000 -0.223200
v 1.607471 0.250000 -0.220445
v 1.607471 -0.250000 -0.220445
v 1.605277 0.250000 -0.217800
v 1.605277 -0.250000 -0.217800
v 1.602825 0.250000 -0.215264
v 1.602825 -0.250000 -0.215264
v 1.600115 0.250000 -0.212836
v 1.600115 -0.250000 -0.212836
v 1.597147 0.250000 -0.210519
v 1.597147 -0.250000 -0.210519
v 1.593920 0.250000 -0.208270
v 1.593920 -0.250000 -0.208270
v 1.590436 0.250000 -0.206051
v 1.590436 -0.250000 -0.206051
v 1.586694 0.250000 -0.203863
v 1.586694 -0.250000 -0.203863
v 1.582693 0.250000 -0.201703
v 1.582693 -0.250000 -0.201703
v 1.578434 0.250000 -0.199574
v 1.578434 -0.250000 -0.199574
v 1.573918 0.250000 -0.197475
v 1.573918 -0.250000 -0.197475
v 1.569143 0.250000 -0.195405
v 1.569143 -0.250000 -0.195405
v 1.564110 0.250000 -0.193365
v 1.564110 -0.250000 -0.193365
v 1.558819 0.250000 -0.191355
v 1.558819 -0.250000 -0.191355
v 1.553270 0.250000 -0.189374
v 1.553270 -0.250000 -0.189374
v 1.547462 0.250000 -0.187424
v 1.547462 -0.250000 -0.187424
v 1.541397 0.250000 -0.185503
v 1.541397 -0.250000 -0.185503
v 1.465634 0.250000 -0.161202
v 1.465635 -0.250000 -0.161202
v 1.443671 0.250000 -0.153890
v 1.443671 -0.250000 -0.153890
v 1.422571 0.250000 -0.146252
v 1.422571 -0.250000 -0.146252
v 1.402335 0.250000 -0.138285
v 1.402335 -0.250000 -0.138285
v 1.382963 0.250000 -0.129991
v 1.382963 -0.250000 -0.129991
v 1.364454 0.250000 -0.121370
v 1.364454 -0.250000 -0.121370
v 1.346809 0.250000 -0.112421
v 1.346809 -0.250000 -0.112421
v 1.330028 0.250000 -0.103144
v 1.330028 -0.250000 -0.103144
v 1.314110 0.250000 -0.093540
v 1.314110 -0.250000 -0.093540
v 1.299056 0.250000 -0.083608
v 1.299056 -0.250000 -0.083608
v 1.284865 0.250000 -0.073348
v 1.284865 -0.250000 -0.073348
v 1.271538 0.250000 -0.062761
v 1.271538 -0.250000 -0.062761
v 1.259075 0.250000 -0.051846
v 1.259075 -0.250000 -0.051846
v 1.247545 0.250000 -0.040435
v 1.247545 -0.250000 -0.040435
v 1.237017 0.250000 -0.028359
v 1.237017 -0.250000 -0.028359
v 1.227492 0.250000 -0.015618
v 1.227492 -0.250000 -0.015618
v 1.218970 0.250000 -0.002212
v 1.218970 -0.250000 -0.002212
v 1.211450 0.250000 0.011860
v 1.211450 -0.250000 0.011860
v 1.204933 0.250000 0.026596
v 1.204933 -0.250000 0.026596
v 1.199419 0.250000 0.041998
v 1.199419 -0.250000 0.041998
v 1.194907 0.250000 0.058065
v 1.194907 -0.250000 0.058065
v 1.191398 0.250000 0.074796
v 1.191398 -0.250000 0.074796
v 1.188891 0.250000 0.092193
v 1.188891 -0.250000 0.092193
v 1.187387 0.250000 0.110255
v 1.187387 -0.250000 0.110255
v 1.186886 0.250000 0.128983
v 1.186886 -0.250000 0.128983
v 1.187551 0.250000 0.148911
v 1.187551 -0.250000 0.148911
v 1.189547 0.250000 0.168194
v 1.189547 -0.250000 0.168194
v 1.192872 0.250000 0.186832
v 1.192872 -0.250000 0.186832
v 1.197528 0.250000 0.204824
v 1.197528 -0.250000 0.204824
v 1.203514 0.250000 0.222172
v 1.203514 -0.250000 0.222172
v 1.210830 0.250000 0.238874
v 1.210830 -0.250000 0.238874
v 1.219476 0.250000 0.254931
v 1.219476 -0.250000 0.254931
v 1.229453 0.250000 0.270342
v 1.229453 -0.250000 0.270342
v 1.240760 0.250000 0.285109
v 1.240760 -0.250000 0.285109
v 1.253397 0.250000 0.299230
v 1.253397 -0.250000 0.299230
v 1.267364 0.250000 0.312705
v 1.267364 -0.250000 0.312705
v 1.282661 0.250000 0.325536
v 1.282661 -0.250000 0.325536
v 1.299249 0.250000 0.337523
v 1.299249 -0.250000 0.337523
v 1.317088 0.250000 0.348467
v 1.317088 -0.250000 0.348467
v 1.336177 0.250000 0.358369
v 1.336177 -0.250000 0.358369
v 1.356518 0.250000 0.367229
v 1.356518 -0.250000 0.367229
v 1.378109 0.250000 0.375047
v 1.378109 -0.250000 0.375047
v 1.400951 0.250000 0.381822
v 1.400951 -0.250000 0.381822
v 1.425043 0.250000 0.387555
v 1.425043 -0.250000 0.387555
v 1.450387 0.250000 0.392245
v 1.450387 -0.250000 0.392245
v 1.476981 0.250000 0.395893
v 1.476981 -0.250000 0.395893
v 1.504826 0.250000 0.398499
v 1.504826 -0.250000 0.398499
v 1.533922 0.250000 0.400063
v 1.533922 -0.250000 0.400063
v 1.564269 0.250000 0.400584
v 1.564269 -0.250000 0.400584
v 1.575163 0.250000 0.400509
v 1.575163 -0.250000 0.400509
v 1.585929 0.250000 0.400286
v 1.585929 -0.250000 0.400286
v 1.596566 0.250000 0.399914
v 1.596566 -0.250000 0.399914
v 1.607073 0.250000 0.399392
v 1.607074 -0.250000 0.399392
v 1.617452 0.250000 0.398722
v 1.617452 -0.250000 0.398722
v 1.627702 0.250000 0.397903
v 1.627702 -0.250000 0.397903
v 1.637822 0.250000 0.396936
v 1.637822 -0.250000 0.396936
v 1.647814 0.250000 0.395819
v 1.647814 -0.250000 0.395819
v 1.657676 0.250000 0.394553
v 1.657676 -0.250000 0.394553
v 1.667409 0.250000 0.393138
v 1.667409 -0.250000 0.393138
v 1.677014 0.250000 0.391575
v 1.677014 -0.250000 0.391575
v 1.686489 0.250000 0.389863
v 1.686489 -0.250000 0.389863
v 1.695801 0.250000 0.388006
v 1.695801 -0.250000 0.388006
v 1.704913 0.250000 0.386011
v 1.704913 -0.250000 0.386011
v 1.713828 0.250000 0.383877
v 1.713828 -0.250000 0.383877
v 1.722544 0.250000 0.381603
v 1.722544 -0.250000 0.381603
v 1.731061 0.250000 0.379191
v 1.731061 -0.250000 0.379191
v 1.739380 0.250000 0.376640
v 1.739380 -0.250000 0.376640
v 1.747500 0.250000 0.373950
v 1.747500 -0.250000 0.373950
v 1.755422 0.250000 0.371121
v 1.755422 -0.250000 0.371121
v 1.763145 0.250000 0.368152
v 1.763145 -0.250000 0.368152
v 1.770669 0.250000 0.365045
v 1.770669 -0.250000 0.365045
v 1.777996 0.250000 0.361799
v 1.777996 -0.250000 0.361799
v 1.785123 0.250000 0.358414
v 1.785123 -0.250000 0.358414
v 1.792022 0.250000 0.354890
v 1.792022 -0.250000 0.354890
v 1.798663 0.250000 0.351227
v 1.798663 -0.250000 0.351227
v 1.805046 0.250000 0.347425
v 1.805046 -0.250000 0.347425
v 1.811171 0.250000 0.343484
v 1.811171 -0.250000 0.343484
v 1.817038 0.250000 0.339404
v 1.817038 -0.250000 0.339404
v 1.822647 0.250000 0.335185
v 1.822647 -0.250000 0.335185
v 1.827997 0.250000 0.330827
v 1.827998 -0.250000 0.330827
v 1.833090 0.250000 0.326330
v 1.833090 -0.250000 0.326330
v 1.837924 0.250000 0.321694
v 1.837924 -0.250000 0.321694
v 1.842501 0.250000 0.316919
v 1.842501 -0.250000 0.316919
v 1.846819 0.250000 0.312006
v 1.846819 -0.250000 0.312006
v 1.850879 0.250000 0.306953
v 1.850879 -0.250000 0.306953
v 1.854646 0.250000 0.301766
v 1.854646 -0.250000 0.301766
v 1.858086 0.250000 0.296450
v 1.858086 -0.250000 0.296450
v 1.861198 0.250000 0.291005
v 1.861198 -0.250000 0.291005
v 1.863983 0.250000 0.285431
v 1.863983 -0.250000 0.285431
v 1.866440 0.250000 0.279728
v 1.866440 -0.250000 0.279728
v 1.868569 0.250000 0.273896
v 1.868569 -0.250000 0.273896
v 1.870371 0.250000 0.267935
v 1.870371 -0.250000 0.267935
v 1.871845 0.250000 0.261845
v 1.871845 -0.250000 0.261845
v 1.872991 0.250000 0.255626
v 1.872991 -0.250000 0.255626
v 1.873810 0.250000 0.249277
v 1.873810 -0.250000 0.249277
v 1.874302 0.250000 0.242800
v 1.874302 -0.250000 0.242800
v 1.874465 0.250000 0.236194
v 1.874466 -0.250000 0.236194
v 1.874297 0.250000 0.229369
v 1.874297 -0.250000 0.229369
v 1.873791 0.250000 0.222713
v 1.873791 -0.250000 0.222713
v 1.872947 0.250000 0.216226
v 1.872947 -0.250000 0.216226
v 1.871765 0.250000 0.209907
v 1.871765 -0.250000 0.209907
v 1.870247 0.250000 0.203757
v 1.870247 -0.250000 0.203757
v 1.868390 0.250000 0.197776
v 1.868390 -0.250000 0.197776
v 1.866196 0.250000 0.191964
v 1.866196 -0.250000 0.191964
v 1.863665 0.250000 0.186321
v 1.863665 -0.250000 0.186321
v 1.860796 0.250000 0.180846
v 1.860796 -0.250000 0.180846
v 1.857590 0.250000 0.175540
v 1.857590 -0.250000 0.175540
v 1.854046 0.250000 0.170403
v 1.854046 -0.250000 0.170403
v 1.850164 0.250000 0.165434
v 1.850164 -0.250000 0.165434
v 1.846084 0.250000 0.160645
v 1.846084 -0.250000 0.160645
v 1.841945 0.250000 0.156043
v 1.841945 -0.250000 0.156043
v 1.837746 0.250000 0.151631
v 1.837746 -0.250000 0.151631
v 1.833487 0.250000 0.147407
v 1.833487 -0.250000 0.147407
v 1.829169 0.250000 0.143372
v 1.829169 -0.250000 0.143372
v 1.824791 0.250000 0.139525
v 1.824791 -0.250000 0.139525
v 1.820354 0.250000 0.135867
v 1.820354 -0.250000 0.135867
v 1.815857 0.250000 0.132398
v 1.815857 -0.250000 0.132398
v 1.811300 0.250000 0.129117
v 1.811300 -0.250000 0.129117
v 1.806684 0.250000 0.126024
v 1.806684 -0.250000 0.126024
v 1.802009 0.250000 0.123121
v 1.802009 -0.250000 0.123121
v 1.797274 0.250000 0.120406
v 1.797274 -0.250000 0.120406
v 1.790479 0.250000 0.125588
v 1.790479 -0.250000 0.125588
v 1.783435 0.250000 0.130650
v 1.783435 -0.250000 0.130650
v 1.776144 0.250000 0.135594
v 1.776144 -0.250000 0.135594
v 1.768605 0.250000 0.140418
v 1.768605 -0.250000 0.140418
v 1.760817 0.250000 0.145124
v 1.760817 -0.250000 0.145124
v 1.752781 0.250000 0.149710
v 1.752781 -0.250000 0.149710
v 1.744497 0.250000 0.154177
v 1.744497 -0.250000 0.154177
v 1.735965 0.250000 0.158525
v 1.735965 -0.250000 0.158525
v 1.727185 0.250000 0.162754
v 1.727185 -0.250000 0.162754
v 1.718156 0.250000 0.166864
v 1.718156 -0.250000 0.166864
v 1.708879 0.250000 0.170854
v 1.708879 -0.250000 0.170854
v 1.699354 0.250000 0.174726
v 1.699354 -0.250000 0.174726
v 1.689631 0.250000 0.178379
v 1.689631 -0.250000 0.178379
v 1.679759 0.250000 0.181715
v 1.679759 -0.250000 0.181715
v 1.669737 0.250000 0.184732
v 1.669737 -0.250000 0.184732
v 1.659567 0.250000 0.187432
v 1.659567 -0.250000 0.187432
v 1.649248 0.250000 0.189815
v 1.649248 -0.250000 0.189815
v 1.638780 0.250000 0.191880
v 1.638780 -0.250000 0.191880
v 1.628163 0.250000 0.193627
v 1.628163 -0.250000 0.193627
v 1.617398 0.250000 0.195056
v 1.617398 -0.250000 0.195056
v 1.606483 0.250000 0.196168
v 1.606483 -0.250000 0.196168
v 1.595419 0.250000 0.196962
v 1.595419 -0.250000 0.196962
v 1.584207 0.250000 0.197439
v 1.584207 -0.250000 0.197439
v 1.572845 0.250000 0.197598
v 1.572845 -0.250000 0.197598
v 1.561459 0.250000 0.197449
v 1.561459 -0.250000 0.197449
v 1.550649 0.250000 0.197002
v 1.550649 -0.250000 0.197002
v 1.540414 0.250000 0.196258
v 1.540414 -0.250000 0.196258
v 1.530755 0.250000 0.195215
v 1.530755 -0.250000 0.195215
v 1.521672 0.250000 0.193875
v 1.521672 -0.250000 0.193875
v 1.513165 0.250000 0.192237
v 1.513165 -0.250000 0.192237
v 1.505233 0.250000 0.190301
v 1.505233 -0.250000 0.190301
v 1.497877 0.250000 0.188068
v 1.497877 -0.250000 0.188068
v 1.491097 0.250000 0.185536
v 1.491097 -0.250000 0.185536
v 1.484893 0.250000 0.182707
v 1.484893 -0.250000 0.182707
v 1.479264 0.250000 0.179580
v 1.479264 -0.250000 0.179580
v 1.474211 0.250000 0.176155
v 1.474211 -0.250000 0.176155
v 1.469645 0.250000 0.172532
v 1.469645 -0.250000 0.172532
v 1.465476 0.250000 0.168810
v 1.465476 -0.250000 0.168810
v 1.461703 0.250000 0.164988
v 1.461704 -0.250000 0.164988
v 1.458328 0.250000 0.161067
v 1.458328 -0.250000 0.161067
v 1.455350 0.250000 0.157046
v 1.455350 -0.250000 0.157046
v 1.452769 0.250000 0.152926
v 1.452769 -0.250000 0.152926
v 1.450585 0.250000 0.148707
v 1.450585 -0.250000 0.148707
v 1.448798 0.250000 0.144389
v 1.448798 -0.250000 0.144389
v 1.447409 0.250000 0.139972
v 1.447409 -0.250000 0.139972
v 1.446416 0.250000 0.135455
v 1.446416 -0.250000 0.135455
v 1.445820 0.250000 0.130839
v 1.445820 -0.250000 0.130839
v 1.445622 0.250000 0.126124
v 1.445622 -0.250000 0.126124
v 1.445781 0.250000 0.121453
v 1.445781 -0.250000 0.121453
v 1.446257 0.250000 0.116971
v 1.446257 -0.250000 0.116971
v 1.447051 0.250000 0.112678
v 1.447051 -0.250000 0.112678
v 1.448163 0.250000 0.108573
v 1.448163 -0.250000 0.108573
v 1.449593 0.250000 0.104657
v 1.449593 -0.250000 0.104657
v 1.451340 0.250000 0.100929
v 1.451340 -0.250000 0.100929
v 1.453405 0.250000 0.097390
v 1.453405 -0.250000 0.097390
v 1.455787 0.250000 0.094040
v 1.455787 -0.250000 0.094040
v 1.458487 0.250000 0.090878
v 1.458487 -0.250000 0.090878
v 1.461505 0.250000 0.087905
v 1.461505 -0.250000 0.087905
v 1.464840 0.250000 0.085121
v 1.464840 -0.250000 0.085121
v 1.468493 0.250000 0.082525
v 1.468493 -0.250000 0.082525
v 1.472435 0.250000 0.080028
v 1.472435 -0.250000 0.080028
v 1.476634 0.250000 0.077541
v 1.476634 -0.250000 0.077541
v 1.481091 0.250000 0.075064
v 1.481091 -0.250000 0.075064
v 1.485806 0.250000 0.072598
v 1.485806 -0.250000 0.072598
v 1.490779 0.250000 0.070141
v 1.490780 -0.250000 0.070141
v 1.496011 0.250000 0.067694
v 1.496011 -0.250000 0.067694
v 1.501500 0.250000 0.065257
v 1.501501 -0.250000 0.065257
v 1.507248 0.250000 0.062830
v 1.507248 -0.250000 0.062830
v 1.513254 0.250000 0.060412
v 1.513254 -0.250000 0.060412
v 1.519518 0.250000 0.058005
v 1.519518 -0.250000 0.058005
v 1.526040 0.250000 0.055608
v 1.526040 -0.250000 0.055608
v 0.898131 0.250000 -0.321303
v 0.898131 -0.250000 -0.321303
v 0.887063 0.250000 -0.324043
v 0.887063 -0.250000 -0.324043
v 0.875776 0.250000 -0.326545
v 0.875776 -0.250000 -0.326545
v 0.864271 0.250000 -0.328808
v 0.864271 -0.250000 -0.328808
v 0.852547 0.250000 -0.330833
v 0.852547 -0.250000 -0.330833
v 0.840605 0.250000 -0.332620
v 0.840605 -0.250000 -0.332620
v 0.828444 0.250000 -0.334169
v 0.828444 -0.250000 -0.334169
v 0.816065 0.250000 -0.335479
v 0.816065 -0.250000 -0.335479
v 0.803468 0.250000 -0.336551
v 0.803468 -0.250000 -0.336551
v 0.790652 0.250000 -0.337385
v 0.790652 -0.250000 -0.337385
v 0.777618 0.250000 -0.337981
v 0.777618 -0.250000 -0.337981
v 0.764366 0.250000 -0.338338
v 0.764366 -0.250000 -0.338338
v 0.750895 0.250000 -0.338457
v 0.750895 -0.250000 -0.338457
v 0.736685 0.250000 -0.338303
v 0.736685 -0.250000 -0.338303
v 0.722643 0.250000 -0.337841
v 0.722643 -0.250000 -0.337841
v 0.708770 0.250000 -0.337072
v 0.708770 -0.250000 -0.337072
v 0.695066 0.250000 -0.335995
v 0.695066 -0.250000 -0.335995
v 0.681531 0.250000 -0.334610
v 0.681531 -0.250000 -0.334610
v 0.668164 0.250000 -0.332918
v 0.668164 -0.250000 -0.332918
v 0.654966 0.250000 -0.330917
v 0.654966 -0.250000 -0.330917
v 0.641937 0.250000 -0.328609
v 0.641937 -0.250000 -0.328609
v 0.629077 0.250000 -0.325994
v 0.629077 -0.250000 -0.325994
v 0.616385 0.250000 -0.323070
v 0.616385 -0.250000 -0.323070
v 0.603862 0.250000 -0.319839
v 0.603862 -0.250000 -0.319839
v 0.591508 0.250000 -0.316300
v 0.591508 -0.250000 -0.316300
v 0.579382 0.250000 -0.312443
v 0.579382 -0.250000 -0.312443
v 0.567544 0.250000 -0.308259
v 0.567544 -0.250000 -0.308259
v 0.555995 0.250000 -0.303747
v 0.555995 -0.250000 -0.303747
v 0.544732 0.250000 -0.298908
v 0.544732 -0.250000 -0.298908
v 0.533758 0.250000 -0.293741
v 0.533758 -0.250000 -0.293741
v 0.523072 0.250000 -0.288247
v 0.523072 -0.250000 -0.288247
v 0.512673 0.250000 -0.282424
v 0.512673 -0.250000 -0.282424
v 0.502563 0.250000 -0.276275
v 0.502563 -0.250000 -0.276275
v 0.492740 0.250000 -0.269797
v 0.492740 -0.250000 -0.269797
v 0.483205 0.250000 -0.262992
v 0.483205 -0.250000 -0.262992
v 0.473958 0.250000 -0.255860
v 0.473958 -0.250000 -0.255860
v 0.464999 0.250000 -0.248400
v 0.464999 -0.250000 -0.248400
v 0.456343 0.250000 -0.240612
v 0.456343 -0.250000 -0.240612
v 0.448004 0.250000 -0.232497
v 0.448004 -0.250000 -0.232497
v 0.439983 0.250000 -0.224054
v 0.439983 -0.250000 -0.224054
v 0.432280 0.250000 -0.215284
v 0.432280 -0.250000 -0.215284
v 0.424895 0.250000 -0.206186
v 0.424895 -0.250000 -0.206186
v 0.417827 0.250000 -0.196760
v 0.417827 -0.250000 -0.196760
v 0.411076 0.250000 -0.187007
v 0.411076 -0.250000 -0.187007
v 0.404644 0.250000 -0.176926
v 0.404644 -0.250000 -0.176926
v 0.398529 0.250000 -0.166517
v 0.398529 -0.250000 -0.166517
v 0.392731 0.250000 -0.155782
v 0.392731 -0.250000 -0.155782
v 0.387252 0.250000 -0.144718
v 0.387252 -0.250000 -0.144718
v 0.382089 0.250000 -0.133327
v 0.382089 -0.250000 -0.133327
v 0.377295 0.250000 -0.121588
v 0.377295 -0.250000 -0.121588
v 0.372917 0.250000 -0.109482
v 0.372917 -0.250000 -0.109482
v 0.368956 0.250000 -0.097009
v 0.368956 -0.250000 -0.097009
v 0.365412 0.250000 -0.084168
v 0.365412 -0.250000 -0.084168
v 0.362285 0.250000 -0.070961
v 0.362285 -0.250000 -0.070961
v 0.359575 0.250000 -0.057386
v 0.359575 -0.250000 -0.057386
v 0.357282 0.250000 -0.043443
v 0.357282 -0.250000 -0.043443
v 0.355406 0.250000 -0.029133
v 0.355406 -0.250000 -0.029133
v 0.353947 0.250000 -0.014457
v 0.353947 -0.250000 -0.014457
v 0.352904 0.250000 0.000588
v 0.352904 -0.250000 0.000588
v 0.352279 0.250000 0.015999
v 0.352279 -0.250000 0.015999
v 0.352070 0.250000 0.031778
v 0.352070 -0.250000 0.031778
v 0.352249 0.250000 0.046867
v 0.352249 -0.250000 0.046867
v 0.352785 0.250000 0.061638
v 0.352785 -0.250000 0.061638
v 0.353679 0.250000 0.076092
v 0.353679 -0.250000 0.076092
v 0.354929 0.250000 0.090228
v 0.354929 -0.250000 0.090228
v 0.356538 0.250000 0.104046
v 0.356538 -0.250000 0.104046
v 0.358503 0.250000 0.117547
v 0.358503 -0.250000 0.117547
v 0.360826 0.250000 0.130730
v 0.360826 -0.250000 0.130730
v 0.363506 0.250000 0.143595
v 0.363506 -0.250000 0.143595
v 0.366544 0.250000 0.156143
v 0.366544 -0.250000 0.156143
v 0.369939 0.250000 0.168373
v 0.369939 -0.250000 0.168373
v 0.373691 0.250000 0.180285
v 0.373691 -0.250000 0.180285
v 0.377801 0.250000 0.191880
v 0.377801 -0.250000 0.191880
v 0.382238 0.250000 0.203162
v 0.382238 -0.250000 0.203162
v 0.386974 0.250000 0.214136
v 0.386974 -0.250000 0.214136
v 0.392006 0.250000 0.224802
v 0.392006 -0.250000 0.224802
v 0.397337 0.250000 0.235161
v 0.397337 -0.250000 0.235161
v 0.402966 0.250000 0.245212
v 0.402966 -0.250000 0.245212
v 0.408892 0.250000 0.254956
v 0.408892 -0.250000 0.254956
v 0.415116 0.250000 0.264391
v 0.415116 -0.250000 0.264391
v 0.421638 0.250000 0.273519
v 0.421638 -0.250000 0.273519
v 0.428458 0.250000 0.282339
v 0.428458 -0.250000 0.282339
v 0.435576 0.250000 0.290851
v 0.435576 -0.250000 0.290851
v 0.442991 0.250000 0.299056
v 0.442991 -0.250000 0.299056
v 0.450705 0.250000 0.306953
v 0.450705 -0.250000 0.306953
v 0.458701 0.250000 0.314532
v 0.458701 -0.250000 0.314532
v 0.466965 0.250000 0.321784
v 0.466965 -0.250000 0.321784
v 0.475497 0.250000 0.328708
v 0.475497 -0.250000 0.328708
v 0.484297 0.250000 0.335304
v 0.484297 -0.250000 0.335304
v 0.493366 0.250000 0.341573
v 0.493366 -0.250000 0.341573
v 0.502702 0.250000 0.347514
v 0.502702 -0.250000 0.347514
v 0.512306 0.250000 0.353128
v 0.512306 -0.250000 0.353128
v 0.522179 0.250000 0.358414
v 0.522179 -0.250000 0.358414
v 0.532319 0.250000 0.363373
v 0.532319 -0.250000 0.363373
v 0.542727 0.250000 0.368003
v 0.542727 -0.250000 0.368003
v 0.553404 0.250000 0.372307
v 0.553404 -0.250000 0.372307
v 0.564348 0.250000 0.376283
v 0.564348 -0.250000 0.376283
v 0.575531 0.250000 0.379936
v 0.575531 -0.250000 0.379936
v 0.586922 0.250000 0.383271
v 0.586922 -0.250000 0.383271
v 0.598522 0.250000 0.386289
v 0.598522 -0.250000 0.386289
v 0.610330 0.250000 0.388989
v 0.610330 -0.250000 0.388989
v 0.622346 0.250000 0.391371
v 0.622346 -0.250000 0.391371
v 0.634571 0.250000 0.393436
v 0.634571 -0.250000 0.393436
v 0.647005 0.250000 0.395183
v 0.647005 -0.250000 0.395183
v 0.659647 0.250000 0.396613
v 0.659647 -0.250000 0.396613
v 0.672497 0.250000 0.397725
v 0.672497 -0.250000 0.397725
v 0.685556 0.250000 0.398519
v 0.685556 -0.250000 0.398519
v 0.698823 0.250000 0.398995
v 0.698823 -0.250000 0.398995
v 0.712299 0.250000 0.399154
v 0.712299 -0.250000 0.399154
v 0.722484 0.250000 0.399025
v 0.722484 -0.250000 0.399025
v 0.732550 0.250000 0.398638
v 0.732550 -0.250000 0.398638
v 0.742497 0.250000 0.397993
v 0.742497 -0.250000 0.397993
v 0.752325 0.250000 0.397089
v 0.752325 -0.250000 0.397089
v 0.762033 0.250000 0.395928
v 0.762033 -0.250000 0.395928
v 0.771623 0.250000 0.394508
v 0.771623 -0.250000 0.394508
v 0.781093 0.250000 0.392831
v 0.781093 -0.250000 0.392831
v 0.790444 0.250000 0.390895
v 0.790444 -0.250000 0.390895
v 0.799676 0.250000 0.388701
v 0.799676 -0.250000 0.388701
v 0.808789 0.250000 0.386249
v 0.808789 -0.250000 0.386249
v 0.817783 0.250000 0.383539
v 0.817783 -0.250000 0.383539
v 0.826657 0.250000 0.380571
v 0.826657 -0.250000 0.380571
v 0.826657 0.250000 0.617864
v 0.826657 -0.250000 0.617864
v 0.829159 0.250000 0.618584
v 0.829159 -0.250000 0.618584
v 0.831899 0.250000 0.619314
v 0.831899 -0.250000 0.619314
v 0.834877 0.250000 0.620053
v 0.834877 -0.250000 0.620053
v 0.838093 0.250000 0.620803
v 0.838093 -0.250000 0.620803
v 0.841548 0.250000 0.621562
v 0.841548 -0.250000 0.621562
v 0.845240 0.250000 0.622332
v 0.845240 -0.250000 0.622332
v 0.849172 0.250000 0.623111
v 0.849172 -0.250000 0.623111
v 0.853341 0.250000 0.623900
v 0.853341 -0.250000 0.623900
v 0.857748 0.250000 0.624699
v 0.857748 -0.250000 0.624699
v 0.862394 0.250000 0.625508
v 0.862394 -0.250000 0.625508
v 0.867278 0.250000 0.626327
v 0.867278 -0.250000 0.626327
v 0.872401 0.250000 0.627156
v 0.872401 -0.250000 0.627156
v 0.877652 0.250000 0.627955
v 0.877652 -0.250000 0.627955
v 0.882923 0.250000 0.628685
v 0.882923 -0.250000 0.628685
v 0.888214 0.250000 0.629345
v 0.888214 -0.250000 0.629345
v 0.893525 0.250000 0.629936
v 0.893525 -0.250000 0.629936
v 0.898856 0.250000 0.630457
v 0.898856 -0.250000 0.630457
v 0.904207 0.250000 0.630908
v 0.904207 -0.250000 0.630908
v 0.909577 0.250000 0.631291
v 0.909577 -0.250000 0.631291
v 0.914967 0.250000 0.631603
v 0.914967 -0.250000 0.631603
v 0.920378 0.250000 0.631847
v 0.920378 -0.250000 0.631847
v 0.925808 0.250000 0.632020
v 0.925808 -0.250000 0.632020
v 0.931258 0.250000 0.632125
v 0.931258 -0.250000 0.632125
v 0.936727 0.250000 0.632159
v 0.936727 -0.250000 0.632159
v 0.941924 0.250000 0.632129
v 0.941924 -0.250000 0.632129
v 0.947031 0.250000 0.632040
v 0.947031 -0.250000 0.632040
v 0.952050 0.250000 0.631891
v 0.952050 -0.250000 0.631891
v 0.956978 0.250000 0.631683
v 0.956978 -0.250000 0.631683
v 0.961818 0.250000 0.631415
v 0.961818 -0.250000 0.631415
v 0.966568 0.250000 0.631087
v 0.966568 -0.250000 0.631087
v 0.971228 0.250000 0.630700
v 0.971228 -0.250000 0.630700
v 0.975800 0.250000 0.630253
v 0.975800 -0.250000 0.630253
v 0.980282 0.250000 0.629747
v 0.980282 -0.250000 0.629747
v 0.984675 0.250000 0.629181
v 0.984675 -0.250000 0.629181
v 0.988978 0.250000 0.628556
v 0.988978 -0.250000 0.628556
v 0.993192 0.250000 0.627871
v 0.993192 -0.250000 0.627871
v 0.997306 0.250000 0.627097
v 0.997306 -0.250000 0.627097
v 1.001312 0.250000 0.626203
v 1.001312 -0.250000 0.626203
v 1.005208 0.250000 0.625191
v 1.005208 -0.250000 0.625191
v 1.008996 0.250000 0.624059
v 1.008996 -0.250000 0.624059
v 1.012673 0.250000 0.622808
v 1.012673 -0.250000 0.622808
v 1.016242 0.250000 0.621438
v 1.016242 -0.250000 0.621438
v 1.019702 0.250000 0.619949
v 1.019702 -0.250000 0.619949
v 1.023052 0.250000 0.618341
v 1.023052 -0.250000 0.618341
v 1.026293 0.250000 0.616614
v 1.026293 -0.250000 0.616614
v 1.029425 0.250000 0.614767
v 1.029425 -0.250000 0.614767
v 1.032448 0.250000 0.612802
v 1.032448 -0.250000 0.612802
v 1.035361 0.250000 0.610717
v 1.035361 -0.250000 0.610717
v 1.038161 0.250000 0.608508
v 1.038161 -0.250000 0.608508
v 1.040841 0.250000 0.606171
v 1.040841 -0.250000 0.606171
v 1.043402 0.250000 0.603704
v 1.043402 -0.250000 0.603704
v 1.045844 0.250000 0.601108
v 1.045844 -0.250000 0.601108
v 1.048167 0.250000 0.598383
v 1.048167 -0.250000 0.598383
v 1.050371 0.250000 0.595529
v 1.050371 -0.250000 0.595529
v 1.052456 0.250000 0.592546
v 1.052456 -0.250000 0.592546
v 1.054421 0.250000 0.589434
v 1.054421 -0.250000 0.589434
v 1.056268 0.250000 0.586193
v 1.056268 -0.250000 0.586193
v 1.057995 0.250000 0.582822
v 1.057995 -0.250000 0.582822
v 1.059603 0.250000 0.579323
v 1.059603 -0.250000 0.579323
v 1.061092 0.250000 0.575695
v 1.061092 -0.250000 0.575695
v 1.062462 0.250000 0.571908
v 1.062462 -0.250000 0.571908
v 1.063713 0.250000 0.567932
v 1.063713 -0.250000 0.567932
v 1.064844 0.250000 0.563768
v 1.064844 -0.250000 0.563768
v 1.065857 0.250000 0.559415
v 1.065857 -0.250000 0.559415
v 1.066750 0.250000 0.554873
v 1.066750 -0.250000 0.554873
v 1.067525 0.250000 0.550143
v 1.067525 -0.250000 0.550143
v 1.068180 0.250000 0.545224
v 1.068180 -0.250000 0.545224
v 1.068716 0.250000 0.540117
v 1.068716 -0.250000 0.540117
v 1.069133 0.250000 0.534821
v 1.069133 -0.250000 0.534821
v 1.069431 0.250000 0.529336
v 1.069431 -0.250000 0.529336
v 1.069609 0.250000 0.523663
v 1.069609 -0.250000 0.523663
v 1.069669 0.250000 0.517801
v 1.069669 -0.250000 0.517801
v 1.069669 0.250000 -0.168349
v 1.069669 -0.250000 -0.168349
v 1.069555 0.250000 -0.174682
v 1.069555 -0.250000 -0.174682
v 1.069212 0.250000 -0.180817
v 1.069212 -0.250000 -0.180817
v 1.068642 0.250000 -0.186754
v 1.068642 -0.250000 -0.186754
v 1.067842 0.250000 -0.192491
v 1.067842 -0.250000 -0.192491
v 1.066815 0.250000 -0.198031
v 1.066815 -0.250000 -0.198031
v 1.065559 0.250000 -0.203371
v 1.065559 -0.250000 -0.203371
v 1.064075 0.250000 -0.208513
v 1.064075 -0.250000 -0.208513
v 1.062363 0.250000 -0.213457
v 1.062363 -0.250000 -0.213457
v 1.060422 0.250000 -0.218202
v 1.060422 -0.250000 -0.218202
v 1.058253 0.250000 -0.222749
v 1.058253 -0.250000 -0.222749
v 1.055856 0.250000 -0.227097
v 1.055856 -0.250000 -0.227097
v 1.053230 0.250000 -0.231246
v 1.053230 -0.250000 -0.231246
v 1.050406 0.250000 -0.235267
v 1.050406 -0.250000 -0.235267
v 1.047413 0.250000 -0.239227
v 1.047413 -0.250000 -0.239227
v 1.044251 0.250000 -0.243129
v 1.044251 -0.250000 -0.243129
v 1.040920 0.250000 -0.246970
v 1.040920 -0.250000 -0.246970
v 1.037421 0.250000 -0.250753
v 1.037421 -0.250000 -0.250753
v 1.033753 0.250000 -0.254475
v 1.033753 -0.250000 -0.254475
v 1.029917 0.250000 -0.258138
v 1.029917 -0.250000 -0.258138
v 1.025911 0.250000 -0.261742
v 1.025911 -0.250000 -0.261742
v 1.021737 0.250000 -0.265285
v 1.021737 -0.250000 -0.265285
v 1.017394 0.250000 -0.268770
v 1.017394 -0.250000 -0.268770
v 1.012882 0.250000 -0.272195
v 1.012882 -0.250000 -0.272195
v 1.008201 0.250000 -0.275560
v 1.008201 -0.250000 -0.275560
v 1.000667 0.250000 -0.280245
v 1.000667 -0.250000 -0.280245
v 0.992834 0.250000 -0.284772
v 0.992834 -0.250000 -0.284772
v 0.984704 0.250000 -0.289140
v 0.984704 -0.250000 -0.289140
v 0.976276 0.250000 -0.293349
v 0.976276 -0.250000 -0.293349
v 0.967551 0.250000 -0.297399
v 0.967551 -0.250000 -0.297399
v 0.958527 0.250000 -0.301290
v 0.958527 -0.250000 -0.301290
v 0.949206 0.250000 -0.305023
v 0.949206 -0.250000 -0.305023
v 0.939586 0.250000 -0.308597
v 0.939586 -0.250000 -0.308597
v 0.929669 0.250000 -0.312012
v 0.929669 -0.250000 -0.312012
v 0.919454 0.250000 -0.315268
v 0.919454 -0.250000 -0.315268
v 0.908942 0.250000 -0.318365
v 0.908942 -0.250000 -0.318365
v 0.790920 0.250000 0.201886
v 0.790920 -0.250000 0.201886
v 0.787565 0.250000 0.202799
v 0.787565 -0.250000 0.202799
v 0.784170 0.250000 0.203633
v 0.784170 -0.250000 0.203633
v 0.780735 0.250000 0.204388
v 0.780735 -0.250000 0.204388
v 0.777261 0.250000 0.205063
v 0.777261 -0.250000 0.205063
v 0.773747 0.250000 0.205658
v 0.773747 -0.250000 0.205658
v 0.770193 0.250000 0.206175
v 0.770193 -0.250000 0.206175
v 0.766600 0.250000 0.206611
v 0.766600 -0.250000 0.206611
v 0.762966 0.250000 0.206969
v 0.762966 -0.250000 0.206969
v 0.759293 0.250000 0.207247
v 0.759293 -0.250000 0.207247
v 0.755581 0.250000 0.207445
v 0.755581 -0.250000 0.207445
v 0.751828 0.250000 0.207564
v 0.751828 -0.250000 0.207564
v 0.748036 0.250000 0.207604
v 0.748036 -0.250000 0.207604
v 0.724519 0.250000 0.206383
v 0.724519 -0.250000 0.206383
v 0.703047 0.250000 0.202720
v 0.703047 -0.250000 0.202720
v 0.683620 0.250000 0.196615
v 0.683620 -0.250000 0.196615
v 0.666238 0.250000 0.188068
v 0.666238 -0.250000 0.188068
v 0.650901 0.250000 0.177079
v 0.650901 -0.250000 0.177079
v 0.637609 0.250000 0.163648
v 0.637609 -0.250000 0.163648
v 0.626362 0.250000 0.147774
v 0.626362 -0.250000 0.147774
v 0.617159 0.250000 0.129459
v 0.617159 -0.250000 0.129459
v 0.610002 0.250000 0.108702
v 0.610002 -0.250000 0.108702
v 0.604890 0.250000 0.085503
v 0.604890 -0.250000 0.085503
v 0.601822 0.250000 0.059861
v 0.601822 -0.250000 0.059861
v 0.600800 0.250000 0.031778
v 0.600800 -0.250000 0.031778
v 0.601053 0.250000 0.016858
v 0.601053 -0.250000 0.016858
v 0.601812 0.250000 0.002593
v 0.601812 -0.250000 0.002593
v 0.603078 0.250000 -0.011017
v 0.603078 -0.250000 -0.011017
v 0.604850 0.250000 -0.023972
v 0.604850 -0.250000 -0.023972
v 0.607128 0.250000 -0.036271
v 0.607128 -0.250000 -0.036271
v 0.609913 0.250000 -0.047915
v 0.609913 -0.250000 -0.047915
v 0.613204 0.250000 -0.058904
v 0.613204 -0.250000 -0.058904
v 0.617001 0.250000 -0.069238
v 0.617001 -0.250000 -0.069238
v 0.621304 0.250000 -0.078917
v 0.621304 -0.250000 -0.078917
v 0.626114 0.250000 -0.087941
v 0.626114 -0.250000 -0.087941
v 0.631430 0.250000 -0.096309
v 0.631430 -0.250000 -0.096309
v 0.637251 0.250000 -0.104022
v 0.637251 -0.250000 -0.104022
v 0.643550 0.250000 -0.111100
v 0.643550 -0.250000 -0.111100
v 0.650295 0.250000 -0.117563
v 0.650295 -0.250000 -0.117563
v 0.657488 0.250000 -0.123410
v 0.657488 -0.250000 -0.123410
v 0.665126 0.250000 -0.128641
v 0.665126 -0.250000 -0.128641
v 0.673212 0.250000 -0.133257
v 0.673212 -0.250000 -0.133257
v 0.681744 0.250000 -0.137258
v 0.681744 -0.250000 -0.137258
v 0.690723 0.250000 -0.140643
v 0.690723 -0.250000 -0.140643
v 0.700149 0.250000 -0.143412
v 0.700149 -0.250000 -0.143412
v 0.710021 0.250000 -0.145567
v 0.710021 -0.250000 -0.145567
v 0.720340 0.250000 -0.147105
v 0.720340 -0.250000 -0.147105
v 0.731106 0.250000 -0.148029
v 0.731106 -0.250000 -0.148029
v 0.742318 0.250000 -0.148336
v 0.742318 -0.250000 -0.148336
v 0.746805 0.250000 -0.148292
v 0.746805 -0.250000 -0.148292
v 0.751213 0.250000 -0.148158
v 0.751213 -0.250000 -0.148158
v 0.755541 0.250000 -0.147934
v 0.755541 -0.250000 -0.147934
v 0.759790 0.250000 -0.147622
v 0.759790 -0.250000 -0.147622
v 0.763959 0.250000 -0.147219
v 0.763959 -0.250000 -0.147219
v 0.768049 0.250000 -0.146728
v 0.768049 -0.250000 -0.146728
v 0.772059 0.250000 -0.146147
v 0.772059 -0.250000 -0.146147
v 0.775990 0.250000 -0.145477
v 0.775990 -0.250000 -0.145477
v 0.779842 0.250000 -0.144718
v 0.779842 -0.250000 -0.144718
v 0.783614 0.250000 -0.143869
v 0.783614 -0.250000 -0.143869
v 0.787307 0.250000 -0.142931
v 0.787307 -0.250000 -0.142931
v 0.790920 0.250000 -0.141904
v 0.790920 -0.250000 -0.141904
v 0.794454 0.250000 -0.140817
v 0.794454 -0.250000 -0.140817
v 0.797909 0.250000 -0.139700
v 0.797909 -0.250000 -0.139700
v 0.801284 0.250000 -0.138553
v 0.801284 -0.250000 -0.138553
v 0.804580 0.250000 -0.137377
v 0.804580 -0.250000 -0.137377
v 0.807796 0.250000 -0.136171
v 0.807796 -0.250000 -0.136171
v 0.810933 0.250000 -0.134935
v 0.810933 -0.250000 -0.134935
v 0.813991 0.250000 -0.133669
v 0.813991 -0.250000 -0.133669
v 0.816969 0.250000 -0.132374
v 0.816969 -0.250000 -0.132374
v 0.819867 0.250000 -0.131048
v 0.819867 -0.250000 -0.131048
v 0.822687 0.250000 -0.129693
v 0.822687 -0.250000 -0.129693
v 0.825426 0.250000 -0.128309
v 0.825426 -0.250000 -0.128309
v 0.828087 0.250000 -0.126894
v 0.828087 -0.250000 -0.126894
v 0.828087 0.250000 0.187591
v 0.828087 -0.250000 0.187591
v 0.825208 0.250000 0.189001
v 0.825208 -0.250000 0.189001
v 0.822290 0.250000 0.190371
v 0.822290 -0.250000 0.190371
v 0.819331 0.250000 0.191701
v 0.819331 -0.250000 0.191701
v 0.816334 0.250000 0.192992
v 0.816334 -0.250000 0.192992
v 0.813296 0.250000 0.194242
v 0.813296 -0.250000 0.194242
v 0.810218 0.250000 0.195453
v 0.810218 -0.250000 0.195453
v 0.807101 0.250000 0.196625
v 0.807101 -0.250000 0.196625
v 0.803945 0.250000 0.197756
v 0.803945 -0.250000 0.197756
v 0.800748 0.250000 0.198848
v 0.800748 -0.250000 0.198848
v 0.797512 0.250000 0.199901
v 0.797512 -0.250000 0.199901
v 0.794236 0.250000 0.200913
v 0.794236 -0.250000 0.200913
v 0.011140 0.250000 0.205460
v 0.011140 -0.250000 0.205460
v 0.007234 0.250000 0.208314
v 0.007234 -0.250000 0.208314
v 0.002900 0.250000 0.210920
v 0.002900 -0.250000 0.210920
v -0.001860 0.250000 0.213277
v -0.001860 -0.250000 0.213277
v -0.007046 0.250000 0.215387
v -0.007046 -0.250000 0.215387
v -0.012660 0.250000 0.217248
v -0.012660 -0.250000 0.217248
v -0.018701 0.250000 0.218861
v -0.018701 -0.250000 0.218861
v -0.025168 0.250000 0.220226
v -0.025168 -0.250000 0.220226
v -0.032062 0.250000 0.221343
v -0.032062 -0.250000 0.221343
v -0.039383 0.250000 0.222211
v -0.039383 -0.250000 0.222211
v -0.047131 0.250000 0.222832
v -0.047131 -0.250000 0.222832
v -0.055306 0.250000 0.223204
v -0.055306 -0.250000 0.223204
v -0.063908 0.250000 0.223328
v -0.063908 -0.250000 0.223328
v -0.067993 0.250000 0.223294
v -0.067993 -0.250000 0.223294
v -0.072147 0.250000 0.223189
v -0.072147 -0.250000 0.223189
v -0.076371 0.250000 0.223016
v -0.076371 -0.250000 0.223016
v -0.080665 0.250000 0.222772
v -0.080665 -0.250000 0.222772
v -0.085027 0.250000 0.222460
v -0.085027 -0.250000 0.222460
v -0.089460 0.250000 0.222077
v -0.089460 -0.250000 0.222077
v -0.093962 0.250000 0.221626
v -0.093962 -0.250000 0.221626
v -0.098533 0.250000 0.221105
v -0.098533 -0.250000 0.221105
v -0.103174 0.250000 0.220514
v -0.103174 -0.250000 0.220514
v -0.107884 0.250000 0.219854
v -0.107884 -0.250000 0.219854
v -0.112664 0.250000 0.219124
v -0.112664 -0.250000 0.219124
v -0.117513 0.250000 0.218325
v -0.117513 -0.250000 0.218325
v -0.122293 0.250000 0.217466
v -0.122293 -0.250000 0.217466
v -0.126864 0.250000 0.216558
v -0.126864 -0.250000 0.216558
v -0.131227 0.250000 0.215600
v -0.131227 -0.250000 0.215600
v -0.135382 0.250000 0.214593
v -0.135382 -0.250000 0.214593
v -0.139328 0.250000 0.213535
v -0.139328 -0.250000 0.213535
v -0.143065 0.250000 0.212429
v -0.143065 -0.250000 0.212429
v -0.146594 0.250000 0.211272
v -0.146594 -0.250000 0.211272
v -0.149915 0.250000 0.210066
v -0.149915 -0.250000 0.210066
v -0.153027 0.250000 0.208810
v -0.153027 -0.250000 0.208810
v -0.155931 0.250000 0.207505
v -0.155931 -0.250000 0.207505
v -0.158626 0.250000 0.206150
v -0.158626 -0.250000 0.206150
v -0.161113 0.250000 0.204745
v -0.161113 -0.250000 0.204745
v -0.161113 0.250000 0.090387
v -0.161113 -0.250000 0.090387
v -0.058190 0.250000 0.098964
v -0.058190 -0.250000 0.098964
v -0.051618 0.250000 0.099520
v -0.051618 -0.250000 0.099520
v -0.045245 0.250000 0.100234
v -0.045245 -0.250000 0.100234
v -0.039071 0.250000 0.101108
v -0.039071 -0.250000 0.101108
v -0.033095 0.250000 0.102140
v -0.033095 -0.250000 0.102140
v -0.027317 0.250000 0.103331
v -0.027317 -0.250000 0.103331
v -0.021738 0.250000 0.104681
v -0.021738 -0.250000 0.104681
v -0.016358 0.250000 0.106190
v -0.016358 -0.250000 0.106190
v -0.011176 0.250000 0.107858
v -0.011176 -0.250000 0.107858
v -0.006193 0.250000 0.109685
v -0.006193 -0.250000 0.109685
v -0.001408 0.250000 0.111670
v -0.001408 -0.250000 0.111670
v 0.003178 0.250000 0.113814
v 0.003178 -0.250000 0.113814
v 0.007566 0.250000 0.116117
v 0.007566 -0.250000 0.116117
v 0.011676 0.250000 0.118599
v 0.011676 -0.250000 0.118599
v 0.015428 0.250000 0.121279
v 0.015428 -0.250000 0.121279
v 0.018823 0.250000 0.124158
v 0.018823 -0.250000 0.124158
v 0.021861 0.250000 0.127236
v 0.021861 -0.250000 0.127236
v 0.024541 0.250000 0.130511
v 0.024541 -0.250000 0.130511
v 0.026864 0.250000 0.133986
v 0.026864 -0.250000 0.133986
v 0.028830 0.250000 0.137659
v 0.028830 -0.250000 0.137659
v 0.030438 0.250000 0.141530
v 0.030438 -0.250000 0.141530
v 0.031688 0.250000 0.145600
v 0.031688 -0.250000 0.145600
v 0.032582 0.250000 0.149869
v 0.032582 -0.250000 0.149869
v 0.033118 0.250000 0.154336
v 0.033118 -0.250000 0.154336
v 0.033297 0.250000 0.159002
v 0.033297 -0.250000 0.159002
v 0.033143 0.250000 0.163692
v 0.033143 -0.250000 0.163692
v 0.032681 0.250000 0.168234
v 0.032681 -0.250000 0.168234
v 0.031912 0.250000 0.172626
v 0.031912 -0.250000 0.172626
v 0.030835 0.250000 0.176870
v 0.030835 -0.250000 0.176870
v 0.029450 0.250000 0.180965
v 0.029450 -0.250000 0.180965
v 0.027757 0.250000 0.184911
v 0.027757 -0.250000 0.184911
v 0.025757 0.250000 0.188708
v 0.025757 -0.250000 0.188708
v 0.023449 0.250000 0.192356
v 0.023449 -0.250000 0.192356
v 0.020833 0.250000 0.195855
v 0.020833 -0.250000 0.195855
v 0.017910 0.250000 0.199206
v 0.017910 -0.250000 0.199206
v 0.014679 0.250000 0.202407
v 0.014679 -0.250000 0.202407
v 0.054024 0.250000 -0.331310
v 0.054024 -0.250000 -0.331310
v 0.044658 0.250000 -0.332451
v 0.044658 -0.250000 -0.332451
v 0.035381 0.250000 -0.333493
v 0.035381 -0.250000 -0.333493
v 0.026194 0.250000 -0.334437
v 0.026194 -0.250000 -0.334437
v 0.017096 0.250000 -0.335280
v 0.017096 -0.250000 -0.335280
v 0.008087 0.250000 -0.336025
v 0.008087 -0.250000 -0.336025
v -0.000832 0.250000 -0.336670
v -0.000832 -0.250000 -0.336670
v -0.009662 0.250000 -0.337216
v -0.009662 -0.250000 -0.337216
v -0.018403 0.250000 -0.337663
v -0.018403 -0.250000 -0.337663
v -0.027054 0.250000 -0.338010
v -0.027054 -0.250000 -0.338010
v -0.035616 0.250000 -0.338258
v -0.035616 -0.250000 -0.338258
v -0.044089 0.250000 -0.338407
v -0.044089 -0.250000 -0.338407
v -0.052472 0.250000 -0.338457
v -0.052472 -0.250000 -0.338457
v -0.065243 0.250000 -0.338348
v -0.065243 -0.250000 -0.338348
v -0.077826 0.250000 -0.338020
v -0.077826 -0.250000 -0.338020
v -0.090219 0.250000 -0.337474
v -0.090219 -0.250000 -0.337474
v -0.102424 0.250000 -0.336710
v -0.102424 -0.250000 -0.336710
v -0.114441 0.250000 -0.335727
v -0.114441 -0.250000 -0.335727
v -0.126269 0.250000 -0.334526
v -0.126269 -0.250000 -0.334526
v -0.137908 0.250000 -0.333106
v -0.137908 -0.250000 -0.333106
v -0.149359 0.250000 -0.331468
v -0.149359 -0.250000 -0.331468
v -0.160621 0.250000 -0.329612
v -0.160621 -0.250000 -0.329612
v -0.171695 0.250000 -0.327537
v -0.171695 -0.250000 -0.327537
v -0.182580 0.250000 -0.325244
v -0.182580 -0.250000 -0.325244
v -0.193276 0.250000 -0.322733
v -0.193276 -0.250000 -0.322733
v -0.203749 0.250000 -0.319998
v -0.203749 -0.250000 -0.319998
v -0.213964 0.250000 -0.317035
v -0.213964 -0.250000 -0.317035
v -0.223920 0.250000 -0.313843
v -0.223920 -0.250000 -0.313843
v -0.233619 0.250000 -0.310423
v -0.233619 -0.250000 -0.310423
v -0.243059 0.250000 -0.306775
v -0.243059 -0.250000 -0.306775
v -0.252242 0.250000 -0.302899
v -0.252242 -0.250000 -0.302899
v -0.261166 0.250000 -0.298794
v -0.261166 -0.250000 -0.298794
v -0.269832 0.250000 -0.294461
v -0.269832 -0.250000 -0.294461
v -0.278241 0.250000 -0.289899
v -0.278241 -0.250000 -0.289899
v -0.286391 0.250000 -0.285110
v -0.286391 -0.250000 -0.285110
v -0.294282 0.250000 -0.280092
v -0.294282 -0.250000 -0.280092
v -0.301916 0.250000 -0.274845
v -0.301916 -0.250000 -0.274845
v -0.309277 0.250000 -0.269365
v -0.309277 -0.250000 -0.269365
v -0.316350 0.250000 -0.263648
v -0.316350 -0.250000 -0.263648
v -0.323135 0.250000 -0.257691
v -0.323135 -0.250000 -0.257691
v -0.329632 0.250000 -0.251497
v -0.329632 -0.250000 -0.251497
v -0.335841 0.250000 -0.245064
v -0.335841 -0.250000 -0.245064
v -0.341763 0.250000 -0.238393
v -0.341763 -0.250000 -0.238393
v -0.347396 0.250000 -0.231484
v -0.347396 -0.250000 -0.231484
v -0.352742 0.250000 -0.224337
v -0.352742 -0.250000 -0.224337
v -0.357800 0.250000 -0.216951
v -0.357800 -0.250000 -0.216951
v -0.362569 0.250000 -0.209327
v -0.362569 -0.250000 -0.209327
v -0.367051 0.250000 -0.201465
v -0.367051 -0.250000 -0.201465
v -0.371246 0.250000 -0.193365
v -0.371246 -0.250000 -0.193365
v -0.375127 0.250000 -0.185021
v -0.375127 -0.250000 -0.185021
v -0.378671 0.250000 -0.176429
v -0.378671 -0.250000 -0.176429
v -0.381878 0.250000 -0.167590
v -0.381878 -0.250000 -0.167590
v -0.384746 0.250000 -0.158501
v -0.384746 -0.250000 -0.158501
v -0.387278 0.250000 -0.149165
v -0.387278 -0.250000 -0.149165
v -0.389472 0.250000 -0.139581
v -0.389472 -0.250000 -0.139581
v -0.391328 0.250000 -0.129748
v -0.391328 -0.250000 -0.129748
v -0.392847 0.250000 -0.119667
v -0.392847 -0.250000 -0.119667
v -0.394028 0.250000 -0.109338
v -0.394028 -0.250000 -0.109338
v -0.394872 0.250000 -0.098761
v -0.394872 -0.250000 -0.098761
v -0.395378 0.250000 -0.087936
v -0.395378 -0.250000 -0.087936
v -0.395547 0.250000 -0.076862
v -0.395547 -0.250000 -0.076862
v -0.395547 0.250000 0.243341
v -0.395547 -0.250000 0.243341
v -0.395403 0.250000 0.249441
v -0.395403 -0.250000 0.249441
v -0.394971 0.250000 0.255353
v -0.394971 -0.250000 0.255353
v -0.394252 0.250000 0.261075
v -0.394252 -0.250000 0.261075
v -0.393244 0.250000 0.266610
v -0.393244 -0.250000 0.266610
v -0.391948 0.250000 0.271955
v -0.391948 -0.250000 0.271955
v -0.390365 0.250000 0.277112
v -0.390365 -0.250000 0.277112
v -0.388494 0.250000 0.282081
v -0.388494 -0.250000 0.282081
v -0.386335 0.250000 0.286861
v -0.386335 -0.250000 0.286861
v -0.383888 0.250000 0.291452
v -0.383888 -0.250000 0.291452
v -0.381153 0.250000 0.295855
v -0.381153 -0.250000 0.295855
v -0.378130 0.250000 0.300068
v -0.378130 -0.250000 0.300068
v -0.374820 0.250000 0.304094
v -0.374820 -0.250000 0.304094
v -0.371310 0.250000 0.307980
v -0.371310 -0.250000 0.307980
v -0.367692 0.250000 0.311777
v -0.367692 -0.250000 0.311777
v -0.363965 0.250000 0.315485
v -0.363965 -0.250000 0.315485
v -0.360128 0.250000 0.319103
v -0.360128 -0.250000 0.319103
v -0.356182 0.250000 0.322632
v -0.356182 -0.250000 0.322632
v -0.352127 0.250000 0.326072
v -0.352127 -0.250000 0.326072
v -0.347962 0.250000 0.329422
v -0.347962 -0.250000 0.329422
v -0.343689 0.250000 0.332683
v -0.343689 -0.250000 0.332683
v -0.339306 0.250000 0.335855
v -0.339306 -0.250000 0.335855
v -0.334814 0.250000 0.338937
v -0.334814 -0.250000 0.338937
v -0.330213 0.250000 0.341930
v -0.330213 -0.250000 0.341930
v -0.325503 0.250000 0.344834
v -0.325503 -0.250000 0.344834
v -0.309490 0.250000 0.353738
v -0.309490 -0.250000 0.353738
v -0.292426 0.250000 0.361869
v -0.292426 -0.250000 0.361869
v -0.274309 0.250000 0.369224
v -0.274309 -0.250000 0.369224
v -0.255140 0.250000 0.375806
v -0.255140 -0.250000 0.375806
v -0.234919 0.250000 0.381613
v -0.234919 -0.250000 0.381613
v -0.213646 0.250000 0.386646
v -0.213646 -0.250000 0.386646
v -0.191320 0.250000 0.390905
v -0.191320 -0.250000 0.390905
v -0.167942 0.250000 0.394389
v -0.167942 -0.250000 0.394389
v -0.143512 0.250000 0.397099
v -0.143512 -0.250000 0.397099
v -0.118029 0.250000 0.399035
v -0.118029 -0.250000 0.399035
v -0.091495 0.250000 0.400196
v -0.091495 -0.250000 0.400196
v -0.063908 0.250000 0.400584
v -0.063908 -0.250000 0.400584
v -0.051385 0.250000 0.400484
v -0.051385 -0.250000 0.400484
v -0.039071 0.250000 0.400187
v -0.039071 -0.250000 0.400187
v -0.026965 0.250000 0.399690
v -0.026965 -0.250000 0.399690
v -0.015067 0.250000 0.398995
v -0.015067 -0.250000 0.398995
v -0.003378 0.250000 0.398102
v -0.003378 -0.250000 0.398102
v 0.008102 0.250000 0.397010
v 0.008102 -0.250000 0.397010
v 0.019374 0.250000 0.395719
v 0.019374 -0.250000 0.395719
v 0.030438 0.250000 0.394230
v 0.030438 -0.250000 0.394230
v 0.041293 0.250000 0.392543
v 0.041293 -0.250000 0.392543
v 0.051939 0.250000 0.390657
v 0.051939 -0.250000 0.390657
v 0.062378 0.250000 0.388572
v 0.062378 -0.250000 0.388572
v 0.072607 0.250000 0.386289
v 0.072607 -0.250000 0.386289
v 0.082614 0.250000 0.383807
v 0.082614 -0.250000 0.383807
v 0.092382 0.250000 0.381127
v 0.092382 -0.250000 0.381127
v 0.101912 0.250000 0.378248
v 0.101912 -0.250000 0.378248
v 0.111203 0.250000 0.375171
v 0.111203 -0.250000 0.375171
v 0.120257 0.250000 0.371895
v 0.120257 -0.250000 0.371895
v 0.129072 0.250000 0.368420
v 0.129072 -0.250000 0.368420
v 0.137649 0.250000 0.364747
v 0.137649 -0.250000 0.364747
v 0.145987 0.250000 0.360876
v 0.145987 -0.250000 0.360876
v 0.154088 0.250000 0.356806
v 0.154088 -0.250000 0.356806
v 0.161950 0.250000 0.352537
v 0.161950 -0.250000 0.352537
v 0.169574 0.250000 0.348070
v 0.169574 -0.250000 0.348070
v 0.176959 0.250000 0.343405
v 0.176959 -0.250000 0.343405
v 0.184087 0.250000 0.338530
v 0.184087 -0.250000 0.338530
v 0.190936 0.250000 0.333438
v 0.190936 -0.250000 0.333438
v 0.197508 0.250000 0.328127
v 0.197508 -0.250000 0.328127
v 0.203802 0.250000 0.322598
v 0.203802 -0.250000 0.322598
v 0.209818 0.250000 0.316850
v 0.209818 -0.250000 0.316850
v 0.215555 0.250000 0.310884
v 0.215555 -0.250000 0.310884
v 0.221015 0.250000 0.304699
v 0.221015 -0.250000 0.304699
v 0.226197 0.250000 0.298297
v 0.226197 -0.250000 0.298297
v 0.231101 0.250000 0.291675
v 0.231101 -0.250000 0.291675
v 0.235727 0.250000 0.284836
v 0.235727 -0.250000 0.284836
v 0.240075 0.250000 0.277778
v 0.240075 -0.250000 0.277778
v 0.244145 0.250000 0.270501
v 0.244145 -0.250000 0.270501
v 0.247912 0.250000 0.263016
v 0.247912 -0.250000 0.263016
v 0.251352 0.250000 0.255333
v 0.251352 -0.250000 0.255333
v 0.254464 0.250000 0.247451
v 0.254464 -0.250000 0.247451
v 0.257248 0.250000 0.239370
v 0.257248 -0.250000 0.239370
v 0.259705 0.250000 0.231091
v 0.259705 -0.250000 0.231091
v 0.261835 0.250000 0.222614
v 0.261835 -0.250000 0.222614
v 0.263636 0.250000 0.213937
v 0.263636 -0.250000 0.213937
v 0.265110 0.250000 0.205063
v 0.265110 -0.250000 0.205063
v 0.266257 0.250000 0.195989
v 0.266257 -0.250000 0.195989
v 0.267076 0.250000 0.186718
v 0.267076 -0.250000 0.186718
v 0.267567 0.250000 0.177247
v 0.267567 -0.250000 0.177247
v 0.267731 0.250000 0.167579
v 0.267731 -0.250000 0.167579
v 0.267324 0.250000 0.151457
v 0.267324 -0.250000 0.151457
v 0.266103 0.250000 0.135971
v 0.266103 -0.250000 0.135971
v 0.264068 0.250000 0.121121
v 0.264068 -0.250000 0.121121
v 0.261219 0.250000 0.106905
v 0.261219 -0.250000 0.106905
v 0.257556 0.250000 0.093325
v 0.257556 -0.250000 0.093325
v 0.253079 0.250000 0.080380
v 0.253079 -0.250000 0.080380
v 0.247788 0.250000 0.068071
v 0.247788 -0.250000 0.068071
v 0.241683 0.250000 0.056397
v 0.241683 -0.250000 0.056397
v 0.234764 0.250000 0.045358
v 0.234764 -0.250000 0.045358
v 0.227031 0.250000 0.034955
v 0.227031 -0.250000 0.034955
v 0.218484 0.250000 0.025187
v 0.218484 -0.250000 0.025187
v 0.209123 0.250000 0.016054
v 0.209123 -0.250000 0.016054
v 0.198908 0.250000 0.007517
v 0.198908 -0.250000 0.007517
v 0.187799 0.250000 -0.000465
v 0.187799 -0.250000 -0.000465
v 0.175798 0.250000 -0.007890
v 0.175798 -0.250000 -0.007890
v 0.162903 0.250000 -0.014759
v 0.162903 -0.250000 -0.014759
v 0.149114 0.250000 -0.021073
v 0.149114 -0.250000 -0.021073
v 0.134432 0.250000 -0.026831
v 0.134432 -0.250000 -0.026831
v 0.118857 0.250000 -0.032032
v 0.118857 -0.250000 -0.032032
v 0.102388 0.250000 -0.036678
v 0.102388 -0.250000 -0.036678
v 0.085026 0.250000 -0.040768
v 0.085026 -0.250000 -0.040768
v 0.066770 0.250000 -0.044302
v 0.066770 -0.250000 -0.044302
v 0.047621 0.250000 -0.047280
v 0.047621 -0.250000 -0.047280
v 0.027579 0.250000 -0.049702
v 0.027579 -0.250000 -0.049702
v -0.159683 0.250000 -0.069715
v -0.159683 -0.250000 -0.069715
v -0.159683 0.250000 -0.079721
v -0.159683 -0.250000 -0.079721
v -0.159430 0.250000 -0.086467
v -0.159430 -0.250000 -0.086467
v -0.158670 0.250000 -0.092884
v -0.158670 -0.250000 -0.092884
v -0.157405 0.250000 -0.098975
v -0.157405 -0.250000 -0.098975
v -0.155633 0.250000 -0.104737
v -0.155633 -0.250000 -0.104737
v -0.153354 0.250000 -0.110172
v -0.153354 -0.250000 -0.110172
v -0.150570 0.250000 -0.115280
v -0.150570 -0.250000 -0.115280
v -0.147279 0.250000 -0.120059
v -0.147279 -0.250000 -0.120059
v -0.143482 0.250000 -0.124512
v -0.143482 -0.250000 -0.124512
v -0.139179 0.250000 -0.128636
v -0.139179 -0.250000 -0.128636
v -0.134369 0.250000 -0.132433
v -0.134369 -0.250000 -0.132433
v -0.129053 0.250000 -0.135903
v -0.129053 -0.250000 -0.135903
v -0.123231 0.250000 -0.139045
v -0.123231 -0.250000 -0.139045
v -0.116933 0.250000 -0.141899
v -0.116933 -0.250000 -0.141899
v -0.110187 0.250000 -0.144504
v -0.110187 -0.250000 -0.144504
v -0.102995 0.250000 -0.146862
v -0.102995 -0.250000 -0.146862
v -0.095356 0.250000 -0.148972
v -0.095356 -0.250000 -0.148972
v -0.087271 0.250000 -0.150833
v -0.087271 -0.250000 -0.150833
v -0.078739 0.250000 -0.152446
v -0.078739 -0.250000 -0.152446
v -0.069760 0.250000 -0.153811
v -0.069760 -0.250000 -0.153811
v -0.060334 0.250000 -0.154928
v -0.060334 -0.250000 -0.154928
v -0.050462 0.250000 -0.155796
v -0.050462 -0.250000 -0.155796
v -0.040143 0.250000 -0.156417
v -0.040143 -0.250000 -0.156417
v -0.029377 0.250000 -0.156789
v -0.029377 -0.250000 -0.156789
v -0.018165 0.250000 -0.156913
v -0.018165 -0.250000 -0.156913
v -0.009131 0.250000 -0.156834
v -0.009131 -0.250000 -0.156834
v -0.000137 0.250000 -0.156595
v -0.000137 -0.250000 -0.156595
v 0.008817 0.250000 -0.156198
v 0.008817 -0.250000 -0.156198
v 0.017731 0.250000 -0.155642
v 0.017731 -0.250000 -0.155642
v 0.026606 0.250000 -0.154928
v 0.026606 -0.250000 -0.154928
v 0.035441 0.250000 -0.154054
v 0.035441 -0.250000 -0.154054
v 0.044236 0.250000 -0.153022
v 0.044236 -0.250000 -0.153022
v 0.052992 0.250000 -0.151830
v 0.052992 -0.250000 -0.151830
v 0.061707 0.250000 -0.150480
v 0.061707 -0.250000 -0.150480
v 0.070384 0.250000 -0.148972
v 0.070384 -0.250000 -0.148972
v 0.079020 0.250000 -0.147304
v 0.079020 -0.250000 -0.147304
v 0.087617 0.250000 -0.145477
v 0.087617 -0.250000 -0.145477
v 0.096124 0.250000 -0.143532
v 0.096124 -0.250000 -0.143532
v 0.104493 0.250000 -0.141507
v 0.104493 -0.250000 -0.141507
v 0.112722 0.250000 -0.139402
v 0.112722 -0.250000 -0.139402
v 0.120813 0.250000 -0.137218
v 0.120813 -0.250000 -0.137218
v 0.128764 0.250000 -0.134955
v 0.128764 -0.250000 -0.134955
v 0.136577 0.250000 -0.132612
v 0.136577 -0.250000 -0.132612
v 0.144250 0.250000 -0.130190
v 0.144250 -0.250000 -0.130190
v 0.151785 0.250000 -0.127688
v 0.151785 -0.250000 -0.127688
v 0.159180 0.250000 -0.125107
v 0.159180 -0.250000 -0.125107
v 0.166437 0.250000 -0.122447
v 0.166437 -0.250000 -0.122447
v 0.173554 0.250000 -0.119707
v 0.173554 -0.250000 -0.119707
v 0.180533 0.250000 -0.116888
v 0.180533 -0.250000 -0.116888
v 0.183590 0.250000 -0.119126
v 0.183590 -0.250000 -0.119126
v 0.186568 0.250000 -0.121553
v 0.186568 -0.250000 -0.121553
v 0.189467 0.250000 -0.124169
v 0.189467 -0.250000 -0.124169
v 0.192286 0.250000 -0.126973
v 0.192286 -0.250000 -0.126973
v 0.195026 0.250000 -0.129966
v 0.195026 -0.250000 -0.129966
v 0.197687 0.250000 -0.133148
v 0.197687 -0.250000 -0.133148
v 0.200268 0.250000 -0.136518
v 0.200268 -0.250000 -0.136518
v 0.202769 0.250000 -0.140077
v 0.202769 -0.250000 -0.140077
v 0.205191 0.250000 -0.143824
v 0.205191 -0.250000 -0.143824
v 0.207534 0.250000 -0.147761
v 0.207534 -0.250000 -0.147761
v 0.209798 0.250000 -0.151885
v 0.209798 -0.250000 -0.151885
v 0.211982 0.250000 -0.156198
v 0.211982 -0.250000 -0.156198
v 0.214036 0.250000 -0.160621
v 0.214036 -0.250000 -0.160621
v 0.215913 0.250000 -0.165073
v 0.215913 -0.250000 -0.165073
v 0.217610 0.250000 -0.169555
v 0.217610 -0.250000 -0.169555
v 0.219129 0.250000 -0.174067
v 0.219129 -0.250000 -0.174067
v 0.220469 0.250000 -0.178608
v 0.220469 -0.250000 -0.178608
v 0.221630 0.250000 -0.183180
v 0.221630 -0.250000 -0.183180
v 0.222613 0.250000 -0.187781
v 0.222613 -0.250000 -0.187781
v 0.223417 0.250000 -0.192412
v 0.223417 -0.250000 -0.192412
v 0.224043 0.250000 -0.197073
v 0.224043 -0.250000 -0.197073
v 0.224489 0.250000 -0.201763
v 0.224489 -0.250000 -0.201763
v 0.224758 0.250000 -0.206483
v 0.224758 -0.250000 -0.206483
v 0.224847 0.250000 -0.211233
v 0.224847 -0.250000 -0.211233
v 0.224723 0.250000 -0.217323
v 0.224723 -0.250000 -0.217323
v 0.224350 0.250000 -0.223205
v 0.224350 -0.250000 -0.223205
v 0.223730 0.250000 -0.228878
v 0.223730 -0.250000 -0.228878
v 0.222862 0.250000 -0.234343
v 0.222862 -0.250000 -0.234343
v 0.221745 0.250000 -0.239600
v 0.221745 -0.250000 -0.239600
v 0.220380 0.250000 -0.244647
v 0.220380 -0.250000 -0.244647
v 0.218767 0.250000 -0.249487
v 0.218767 -0.250000 -0.249487
v 0.216905 0.250000 -0.254118
v 0.216905 -0.250000 -0.254118
v 0.214796 0.250000 -0.258540
v 0.214796 -0.250000 -0.258540
v 0.212438 0.250000 -0.262754
v 0.212438 -0.250000 -0.262754
v 0.209833 0.250000 -0.266760
v 0.209833 -0.250000 -0.266760
v 0.206978 0.250000 -0.270557
v 0.206978 -0.250000 -0.270557
v 0.203866 0.250000 -0.274205
v 0.203866 -0.250000 -0.274205
v 0.200486 0.250000 -0.277764
v 0.200486 -0.250000 -0.277764
v 0.196838 0.250000 -0.281233
v 0.196838 -0.250000 -0.281233
v 0.192922 0.250000 -0.284613
v 0.192922 -0.250000 -0.284613
v 0.188738 0.250000 -0.287904
v 0.188738 -0.250000 -0.287904
v 0.184285 0.250000 -0.291105
v 0.184285 -0.250000 -0.291105
v 0.179565 0.250000 -0.294218
v 0.179565 -0.250000 -0.294218
v 0.174577 0.250000 -0.297240
v 0.174577 -0.250000 -0.297240
v 0.169320 0.250000 -0.300174
v 0.169320 -0.250000 -0.300174
v 0.163796 0.250000 -0.303018
v 0.163796 -0.250000 -0.303018
v 0.158004 0.250000 -0.305773
v 0.158004 -0.250000 -0.305773
v 0.151943 0.250000 -0.308438
v 0.151943 -0.250000 -0.308438
v 0.144930 0.250000 -0.310999
v 0.144930 -0.250000 -0.310999
v 0.137708 0.250000 -0.313441
v 0.137708 -0.250000 -0.313441
v 0.130278 0.250000 -0.315764
v 0.130278 -0.250000 -0.315764
v 0.122639 0.250000 -0.317968
v 0.122639 -0.250000 -0.317968
v 0.114792 0.250000 -0.320052
v 0.114792 -0.250000 -0.320052
v 0.106736 0.250000 -0.322018
v 0.106736 -0.250000 -0.322018
v 0.098472 0.250000 -0.323864
v 0.098472 -0.250000 -0.323864
v 0.089999 0.250000 -0.325592
v 0.089999 -0.250000 -0.325592
v 0.081318 0.250000 -0.327200
v 0.081318 -0.250000 -0.327200
v 0.072429 0.250000 -0.328689
v 0.072429 -0.250000 -0.328689
v 0.063331 0.250000 -0.330059
v 0.063331 -0.250000 -0.330059
v -1.010223 0.250000 -0.136186
v -1.010223 -0.250000 -0.136186
v -1.004465 0.250000 -0.137898
v -1.004465 -0.250000 -0.137898
v -0.998628 0.250000 -0.139462
v -0.998628 -0.250000 -0.139462
v -0.992712 0.250000 -0.140876
v -0.992712 -0.250000 -0.140876
v -0.986716 0.250000 -0.142142
v -0.986716 -0.250000 -0.142142
v -0.980641 0.250000 -0.143259
v -0.980641 -0.250000 -0.143259
v -0.974486 0.250000 -0.144226
v -0.974486 -0.250000 -0.144226
v -0.968252 0.250000 -0.145046
v -0.968252 -0.250000 -0.145046
v -0.961939 0.250000 -0.145716
v -0.961939 -0.250000 -0.145716
v -0.955546 0.250000 -0.146237
v -0.955546 -0.250000 -0.146237
v -0.949073 0.250000 -0.146609
v -0.949073 -0.250000 -0.146609
v -0.942521 0.250000 -0.146832
v -0.942521 -0.250000 -0.146832
v -0.935890 0.250000 -0.146907
v -0.935890 -0.250000 -0.146907
v -0.929959 0.250000 -0.146827
v -0.929959 -0.250000 -0.146827
v -0.924077 0.250000 -0.146589
v -0.924077 -0.250000 -0.146589
v -0.918245 0.250000 -0.146192
v -0.918245 -0.250000 -0.146192
v -0.912462 0.250000 -0.145636
v -0.912462 -0.250000 -0.145636
v -0.906729 0.250000 -0.144921
v -0.906729 -0.250000 -0.144921
v -0.901046 0.250000 -0.144048
v -0.901046 -0.250000 -0.144048
v -0.895413 0.250000 -0.143015
v -0.895413 -0.250000 -0.143015
v -0.889829 0.250000 -0.141824
v -0.889829 -0.250000 -0.141824
v -0.884295 0.250000 -0.140474
v -0.884295 -0.250000 -0.140474
v -0.878810 0.250000 -0.138965
v -0.878810 -0.250000 -0.138965
v -0.873375 0.250000 -0.137297
v -0.873375 -0.250000 -0.137297
v -0.867990 0.250000 -0.135471
v -0.867990 -0.250000 -0.135471
v -0.862689 0.250000 -0.133491
v -0.862689 -0.250000 -0.133491
v -0.857507 0.250000 -0.131361
v -0.857507 -0.250000 -0.131361
v -0.852445 0.250000 -0.129083
v -0.852445 -0.250000 -0.129083
v -0.847501 0.250000 -0.126656
v -0.847501 -0.250000 -0.126656
v -0.842676 0.250000 -0.124080
v -0.842676 -0.250000 -0.124080
v -0.837971 0.250000 -0.121355
v -0.837971 -0.250000 -0.121355
v -0.833385 0.250000 -0.118481
v -0.833385 -0.250000 -0.118481
v -0.828918 0.250000 -0.115458
v -0.828918 -0.250000 -0.115458
v -0.824569 0.250000 -0.112287
v -0.824569 -0.250000 -0.112287
v -0.820341 0.250000 -0.108966
v -0.820341 -0.250000 -0.108966
v -0.816231 0.250000 -0.105497
v -0.816231 -0.250000 -0.105497
v -0.812240 0.250000 -0.101878
v -0.812240 -0.250000 -0.101878
v -0.808374 0.250000 -0.098111
v -0.808374 -0.250000 -0.098111
v -0.804636 0.250000 -0.094195
v -0.804636 -0.250000 -0.094195
v -0.801028 0.250000 -0.090130
v -0.801028 -0.250000 -0.090130
v -0.797549 0.250000 -0.085916
v -0.797549 -0.250000 -0.085916
v -0.794198 0.250000 -0.081553
v -0.794198 -0.250000 -0.081553
v -0.790977 0.250000 -0.077041
v -0.790977 -0.250000 -0.077041
v -0.787884 0.250000 -0.072380
v -0.787884 -0.250000 -0.072380
v -0.784921 0.250000 -0.067571
v -0.784921 -0.250000 -0.067571
v -0.782087 0.250000 -0.062612
v -0.782087 -0.250000 -0.062612
v -0.779382 0.250000 -0.057505
v -0.779382 -0.250000 -0.057505
v -0.776806 0.250000 -0.052248
v -0.776806 -0.250000 -0.052248
v -0.774359 0.250000 -0.046843
v -0.774359 -0.250000 -0.046843
v -0.772076 0.250000 -0.041284
v -0.772076 -0.250000 -0.041284
v -0.769991 0.250000 -0.035566
v -0.769991 -0.250000 -0.035566
v -0.768105 0.250000 -0.029690
v -0.768105 -0.250000 -0.029690
v -0.766418 0.250000 -0.023654
v -0.766418 -0.250000 -0.023654
v -0.764928 0.250000 -0.017460
v -0.764928 -0.250000 -0.017460
v -0.763638 0.250000 -0.011106
v -0.763638 -0.250000 -0.011106
v -0.762546 0.250000 -0.004594
v -0.762546 -0.250000 -0.004594
v -0.761653 0.250000 0.002077
v -0.761653 -0.250000 0.002077
v -0.760958 0.250000 0.008906
v -0.760958 -0.250000 0.008906
v -0.760461 0.250000 0.015895
v -0.760461 -0.250000 0.015895
v -0.760164 0.250000 0.023042
v -0.760164 -0.250000 0.023042
v -0.760064 0.250000 0.030349
v -0.760064 -0.250000 0.030349
v -0.760417 0.250000 0.044812
v -0.760417 -0.250000 0.044812
v -0.761474 0.250000 0.058660
v -0.761474 -0.250000 0.058660
v -0.763236 0.250000 0.071893
v -0.763236 -0.250000 0.071893
v -0.765703 0.250000 0.084510
v -0.765703 -0.250000 0.084510
v -0.768874 0.250000 0.096512
v -0.768874 -0.250000 0.096512
v -0.772751 0.250000 0.107898
v -0.772751 -0.250000 0.107898
v -0.777332 0.250000 0.118669
v -0.777332 -0.250000 0.118669
v -0.782618 0.250000 0.128824
v -0.782618 -0.250000 0.128824
v -0.788609 0.250000 0.138364
v -0.788609 -0.250000 0.138364
v -0.795305 0.250000 0.147288
v -0.795305 -0.250000 0.147288
v -0.802706 0.250000 0.155597
v -0.802706 -0.250000 0.155597
v -0.810811 0.250000 0.163290
v -0.810811 -0.250000 0.163290
v -0.819422 0.250000 0.170368
v -0.819422 -0.250000 0.170368
v -0.828342 0.250000 0.176831
v -0.828342 -0.250000 0.176831
v -0.837569 0.250000 0.182677
v -0.837569 -0.250000 0.182677
v -0.847103 0.250000 0.187909
v -0.847103 -0.250000 0.187909
v -0.856946 0.250000 0.192525
v -0.856946 -0.250000 0.192525
v -0.867096 0.250000 0.196526
v -0.867096 -0.250000 0.196526
v -0.877554 0.250000 0.199911
v -0.877554 -0.250000 0.199911
v -0.888320 0.250000 0.202680
v -0.888320 -0.250000 0.202680
v -0.899394 0.250000 0.204834
v -0.899394 -0.250000 0.204834
v -0.910775 0.250000 0.206373
v -0.910775 -0.250000 0.206373
v -0.922464 0.250000 0.207296
v -0.922464 -0.250000 0.207296
v -0.934461 0.250000 0.207604
v -0.934461 -0.250000 0.207604
v -0.941529 0.250000 0.207535
v -0.941529 -0.250000 0.207535
v -0.948438 0.250000 0.207326
v -0.948438 -0.250000 0.207326
v -0.955188 0.250000 0.206979
v -0.955188 -0.250000 0.206979
v -0.961779 0.250000 0.206492
v -0.961779 -0.250000 0.206492
v -0.968212 0.250000 0.205867
v -0.968212 -0.250000 0.205867
v -0.974486 0.250000 0.205102
v -0.974486 -0.250000 0.205102
v -0.980601 0.250000 0.204199
v -0.980601 -0.250000 0.204199
v -0.986557 0.250000 0.203157
v -0.986557 -0.250000 0.203157
v -0.992354 0.250000 0.201975
v -0.992354 -0.250000 0.201975
v -0.997993 0.250000 0.200655
v -0.997993 -0.250000 0.200655
v -1.003473 0.250000 0.199196
v -1.003473 -0.250000 0.199196
v -1.008794 0.250000 0.197598
v -1.008794 -0.250000 0.197598
v -1.013985 0.250000 0.195920
v -1.013985 -0.250000 0.195920
v -1.019078 0.250000 0.194222
v -1.019078 -0.250000 0.194222
v -1.024071 0.250000 0.192505
v -1.024071 -0.250000 0.192505
v -1.028965 0.250000 0.190768
v -1.028965 -0.250000 0.190768
v -1.033759 0.250000 0.189011
v -1.033759 -0.250000 0.189011
v -1.038455 0.250000 0.187234
v -1.038455 -0.250000 0.187234
v -1.043051 0.250000 0.185437
v -1.043051 -0.250000 0.185437
v -1.047548 0.250000 0.183621
v -1.047548 -0.250000 0.183621
v -1.051946 0.250000 0.181784
v -1.051946 -0.250000 0.181784
v -1.056244 0.250000 0.179928
v -1.056244 -0.250000 0.179928
v -1.060443 0.250000 0.178052
v -1.060443 -0.250000 0.178052
v -1.064543 0.250000 0.176155
v -1.064543 -0.250000 0.176155
v -1.069209 0.250000 0.179516
v -1.069209 -0.250000 0.179516
v -1.073676 0.250000 0.182926
v -1.073676 -0.250000 0.182926
v -1.077945 0.250000 0.186385
v -1.077945 -0.250000 0.186385
v -1.082015 0.250000 0.189894
v -1.082015 -0.250000 0.189894
v -1.085886 0.250000 0.193453
v -1.085886 -0.250000 0.193453
v -1.089559 0.250000 0.197062
v -1.089559 -0.250000 0.197062
v -1.093034 0.250000 0.200720
v -1.093034 -0.250000 0.200720
v -1.096309 0.250000 0.204427
v -1.096309 -0.250000 0.204427
v -1.099387 0.250000 0.208185
v -1.099387 -0.250000 0.208185
v -1.102266 0.250000 0.211992
v -1.102266 -0.250000 0.211992
v -1.104946 0.250000 0.215848
v -1.104946 -0.250000 0.215848
v -1.107428 0.250000 0.219755
v -1.107428 -0.250000 0.219755
v -1.109711 0.250000 0.223750
v -1.109711 -0.250000 0.223750
v -1.111795 0.250000 0.227875
v -1.111795 -0.250000 0.227875
v -1.113682 0.250000 0.232129
v -1.113682 -0.250000 0.232129
v -1.115369 0.250000 0.236511
v -1.115369 -0.250000 0.236511
v -1.116858 0.250000 0.241023
v -1.116858 -0.250000 0.241023
v -1.118149 0.250000 0.245664
v -1.118149 -0.250000 0.245664
v -1.119241 0.250000 0.250434
v -1.119241 -0.250000 0.250434
v -1.120134 0.250000 0.255333
v -1.120134 -0.250000 0.255333
v -1.120829 0.250000 0.260361
v -1.120829 -0.250000 0.260361
v -1.121325 0.250000 0.265518
v -1.121325 -0.250000 0.265518
v -1.121623 0.250000 0.270804
v -1.121623 -0.250000 0.270804
v -1.121722 0.250000 0.276219
v -1.121722 -0.250000 0.276219
v -1.121336 0.250000 0.285803
v -1.121336 -0.250000 0.285803
v -1.120174 0.250000 0.295021
v -1.120174 -0.250000 0.295021
v -1.118238 0.250000 0.303870
v -1.118238 -0.250000 0.303870
v -1.115528 0.250000 0.312353
v -1.115528 -0.250000 0.312353
v -1.112044 0.250000 0.320468
v -1.112044 -0.250000 0.320468
v -1.107785 0.250000 0.328216
v -1.107785 -0.250000 0.328216
v -1.102752 0.250000 0.335597
v -1.102752 -0.250000 0.335597
v -1.096945 0.250000 0.342610
v -1.096945 -0.250000 0.342610
v -1.090364 0.250000 0.349256
v -1.090364 -0.250000 0.349256
v -1.083008 0.250000 0.355535
v -1.083008 -0.250000 0.355535
v -1.074878 0.250000 0.361447
v -1.074878 -0.250000 0.361447
v -1.065973 0.250000 0.366991
v -1.065973 -0.250000 0.366991
v -1.056383 0.250000 0.372128
v -1.056383 -0.250000 0.372128
v -1.046198 0.250000 0.376819
v -1.046198 -0.250000 0.376819
v -1.035418 0.250000 0.381062
v -1.035418 -0.250000 0.381062
v -1.024041 0.250000 0.384859
v -1.024041 -0.250000 0.384859
v -1.012069 0.250000 0.388210
v -1.012069 -0.250000 0.388210
v -0.999502 0.250000 0.391113
v -0.999502 -0.250000 0.391113
v -0.986339 0.250000 0.393570
v -0.986339 -0.250000 0.393570
v -0.972580 0.250000 0.395581
v -0.972580 -0.250000 0.395581
v -0.958226 0.250000 0.397144
v -0.958226 -0.250000 0.397144
v -0.943276 0.250000 0.398261
v -0.943276 -0.250000 0.398261
v -0.927730 0.250000 0.398931
v -0.927730 -0.250000 0.398931
v -0.911589 0.250000 0.399154
v -0.911589 -0.250000 0.399154
v -0.896699 0.250000 0.398971
v -0.896699 -0.250000 0.398971
v -0.882046 0.250000 0.398420
v -0.882046 -0.250000 0.398420
v -0.867633 0.250000 0.397501
v -0.867633 -0.250000 0.397501
v -0.853457 0.250000 0.396216
v -0.853457 -0.250000 0.396216
v -0.839519 0.250000 0.394563
v -0.839519 -0.250000 0.394563
v -0.825820 0.250000 0.392543
v -0.825820 -0.250000 0.392543
v -0.812359 0.250000 0.390155
v -0.812359 -0.250000 0.390155
v -0.799136 0.250000 0.387401
v -0.799136 -0.250000 0.387401
v -0.786152 0.250000 0.384279
v -0.786152 -0.250000 0.384279
v -0.773406 0.250000 0.380789
v -0.773406 -0.250000 0.380789
v -0.760898 0.250000 0.376933
v -0.760898 -0.250000 0.376933
v -0.748628 0.250000 0.372709
v -0.748628 -0.250000 0.372709
v -0.736622 0.250000 0.368152
v -0.736622 -0.250000 0.368152
v -0.724903 0.250000 0.363298
v -0.724903 -0.250000 0.363298
v -0.713472 0.250000 0.358146
v -0.713472 -0.250000 0.358146
v -0.702329 0.250000 0.352696
v -0.702329 -0.250000 0.352696
v -0.691474 0.250000 0.346948
v -0.691474 -0.250000 0.346948
v -0.680907 0.250000 0.340903
v -0.680907 -0.250000 0.340903
v -0.670628 0.250000 0.334560
v -0.670628 -0.250000 0.334560
v -0.660636 0.250000 0.327918
v -0.660636 -0.250000 0.327918
v -0.650932 0.250000 0.320980
v -0.650932 -0.250000 0.320980
v -0.641517 0.250000 0.313743
v -0.641517 -0.250000 0.313743
v -0.632389 0.250000 0.306208
v -0.632389 -0.250000 0.306208
v -0.623549 0.250000 0.298376
v -0.623549 -0.250000 0.298376
v -0.615017 0.250000 0.290261
v -0.615017 -0.250000 0.290261
v -0.606812 0.250000 0.281877
v -0.606812 -0.250000 0.281877
v -0.598935 0.250000 0.273226
v -0.598935 -0.250000 0.273226
v -0.591386 0.250000 0.264307
v -0.591386 -0.250000 0.264307
v -0.584164 0.250000 0.255119
v -0.584164 -0.250000 0.255119
v -0.577270 0.250000 0.245664
v -0.577270 -0.250000 0.245664
v -0.570703 0.250000 0.235940
v -0.570703 -0.250000 0.235940
v -0.564464 0.250000 0.225949
v -0.564464 -0.250000 0.225949
v -0.558552 0.250000 0.215689
v -0.558552 -0.250000 0.215689
v -0.552969 0.250000 0.205162
v -0.552969 -0.250000 0.205162
v -0.547712 0.250000 0.194366
v -0.547712 -0.250000 0.194366
v -0.542783 0.250000 0.183303
v -0.542783 -0.250000 0.183303
v -0.538217 0.250000 0.172006
v -0.538217 -0.250000 0.172006
v -0.534048 0.250000 0.160511
v -0.534048 -0.250000 0.160511
v -0.530276 0.250000 0.148817
v -0.530276 -0.250000 0.148817
v -0.526900 0.250000 0.136924
v -0.526900 -0.250000 0.136924
v -0.523922 0.250000 0.124833
v -0.523922 -0.250000 0.124833
v -0.521341 0.250000 0.112544
v -0.521341 -0.250000 0.112544
v -0.519157 0.250000 0.100056
v -0.519157 -0.250000 0.100056
v -0.517370 0.250000 0.087369
v -0.517370 -0.250000 0.087369
v -0.515981 0.250000 0.074484
v -0.515981 -0.250000 0.074484
v -0.514988 0.250000 0.061400
v -0.514988 -0.250000 0.061400
v -0.514392 0.250000 0.048118
v -0.514392 -0.250000 0.048118
v -0.514194 0.250000 0.034637
v -0.514194 -0.250000 0.034637
v -0.514407 0.250000 0.019077
v -0.514407 -0.250000 0.019077
v -0.515048 0.250000 0.003844
v -0.515048 -0.250000 0.003844
v -0.516115 0.250000 -0.011062
v -0.516115 -0.250000 -0.011062
v -0.517609 0.250000 -0.025639
v -0.517609 -0.250000 -0.025639
v -0.519530 0.250000 -0.039889
v -0.519530 -0.250000 -0.039889
v -0.521878 0.250000 -0.053812
v -0.521878 -0.250000 -0.053812
v -0.524652 0.250000 -0.067407
v -0.524652 -0.250000 -0.067407
v -0.527853 0.250000 -0.080674
v -0.527853 -0.250000 -0.080674
v -0.531482 0.250000 -0.093614
v -0.531482 -0.250000 -0.093614
v -0.535537 0.250000 -0.106226
v -0.535537 -0.250000 -0.106226
v -0.540019 0.250000 -0.118511
v -0.540019 -0.250000 -0.118511
v -0.544928 0.250000 -0.130468
v -0.544928 -0.250000 -0.130468
v -0.550204 0.250000 -0.142087
v -0.550204 -0.250000 -0.142087
v -0.555788 0.250000 -0.153359
v -0.555788 -0.250000 -0.153359
v -0.561679 0.250000 -0.164284
v -0.561679 -0.250000 -0.164284
v -0.567879 0.250000 -0.174861
v -0.567879 -0.250000 -0.174861
v -0.574386 0.250000 -0.185091
v -0.574386 -0.250000 -0.185091
v -0.581201 0.250000 -0.194973
v -0.581201 -0.250000 -0.194973
v -0.588323 0.250000 -0.204508
v -0.588323 -0.250000 -0.204508
v -0.595754 0.250000 -0.213695
v -0.595754 -0.250000 -0.213695
v -0.603492 0.250000 -0.222535
v -0.603492 -0.250000 -0.222535
v -0.611538 0.250000 -0.231028
v -0.611538 -0.250000 -0.231028
v -0.619891 0.250000 -0.239173
v -0.619891 -0.250000 -0.239173
v -0.628552 0.250000 -0.246970
v -0.628552 -0.250000 -0.246970
v -0.637482 0.250000 -0.254435
v -0.637482 -0.250000 -0.254435
v -0.646639 0.250000 -0.261583
v -0.646639 -0.250000 -0.261583
v -0.656025 0.250000 -0.268412
v -0.656025 -0.250000 -0.268412
v -0.665639 0.250000 -0.274925
v -0.665639 -0.250000 -0.274925
v -0.675482 0.250000 -0.281119
v -0.675482 -0.250000 -0.281119
v -0.685553 0.250000 -0.286996
v -0.685553 -0.250000 -0.286996
v -0.695852 0.250000 -0.292555
v -0.695852 -0.250000 -0.292555
v -0.706379 0.250000 -0.297796
v -0.706379 -0.250000 -0.297796
v -0.717135 0.250000 -0.302720
v -0.717135 -0.250000 -0.302720
v -0.728119 0.250000 -0.307326
v -0.728119 -0.250000 -0.307326
v -0.739332 0.250000 -0.311615
v -0.739332 -0.250000 -0.311615
v -0.750773 0.250000 -0.315585
v -0.750773 -0.250000 -0.315585
v -0.762382 0.250000 -0.319238
v -0.762382 -0.250000 -0.319238
v -0.774101 0.250000 -0.322574
v -0.774101 -0.250000 -0.322574
v -0.785929 0.250000 -0.325592
v -0.785929 -0.250000 -0.325592
v -0.797866 0.250000 -0.328292
v -0.797866 -0.250000 -0.328292
v -0.809912 0.250000 -0.330674
v -0.809912 -0.250000 -0.330674
v -0.822068 0.250000 -0.332739
v -0.822068 -0.250000 -0.332739
v -0.834332 0.250000 -0.334486
v -0.834332 -0.250000 -0.334486
v -0.846706 0.250000 -0.335916
v -0.846706 -0.250000 -0.335916
v -0.859190 0.250000 -0.337028
v -0.859190 -0.250000 -0.337028
v -0.871782 0.250000 -0.337822
v -0.871782 -0.250000 -0.337822
v -0.884484 0.250000 -0.338298
v -0.884484 -0.250000 -0.338298
v -0.897294 0.250000 -0.338457
v -0.897294 -0.250000 -0.338457
v -0.914120 0.250000 -0.338199
v -0.914120 -0.250000 -0.338199
v -0.930291 0.250000 -0.337425
v -0.930291 -0.250000 -0.337425
v -0.945807 0.250000 -0.336134
v -0.945807 -0.250000 -0.336134
v -0.960668 0.250000 -0.334327
v -0.960668 -0.250000 -0.334327
v -0.974873 0.250000 -0.332005
v -0.974873 -0.250000 -0.332005
v -0.988423 0.250000 -0.329165
v -0.988423 -0.250000 -0.329165
v -1.001318 0.250000 -0.325810
v -1.001318 -0.250000 -0.325810
v -1.013558 0.250000 -0.321939
v -1.013558 -0.250000 -0.321939
v -1.025143 0.250000 -0.317551
v -1.025143 -0.250000 -0.317551
v -1.036072 0.250000 -0.312647
v -1.036072 -0.250000 -0.312647
v -1.046347 0.250000 -0.307227
v -1.046347 -0.250000 -0.307227
v -1.055967 0.250000 -0.301290
v -1.055967 -0.250000 -0.301290
v -1.064871 0.250000 -0.294947
v -1.064871 -0.250000 -0.294947
v -1.073001 0.250000 -0.288306
v -1.073001 -0.250000 -0.288306
v -1.080357 0.250000 -0.281367
v -1.080357 -0.250000 -0.281367
v -1.086939 0.250000 -0.274130
v -1.086939 -0.250000 -0.274130
v -1.092746 0.250000 -0.266596
v -1.092746 -0.250000 -0.266596
v -1.097779 0.250000 -0.258763
v -1.097779 -0.250000 -0.258763
v -1.102037 0.250000 -0.250633
v -1.102037 -0.250000 -0.250633
v -1.105522 0.250000 -0.242205
v -1.105522 -0.250000 -0.242205
v -1.108232 0.250000 -0.233480
v -1.108232 -0.250000 -0.233480
v -1.110168 0.250000 -0.224456
v -1.110168 -0.250000 -0.224456
v -1.111329 0.250000 -0.215135
v -1.111329 -0.250000 -0.215135
v -1.111716 0.250000 -0.205515
v -1.111716 -0.250000 -0.205515
v -1.111627 0.250000 -0.201014
v -1.111627 -0.250000 -0.201014
v -1.111359 0.250000 -0.196561
v -1.111359 -0.250000 -0.196561
v -1.110912 0.250000 -0.192159
v -1.110912 -0.250000 -0.192159
v -1.110287 0.250000 -0.187806
v -1.110287 -0.250000 -0.187806
v -1.109483 0.250000 -0.183502
v -1.109483 -0.250000 -0.183502
v -1.108500 0.250000 -0.179249
v -1.108500 -0.250000 -0.179249
v -1.107338 0.250000 -0.175045
v -1.107338 -0.250000 -0.175045
v -1.105998 0.250000 -0.170890
v -1.105998 -0.250000 -0.170890
v -1.104479 0.250000 -0.166785
v -1.104479 -0.250000 -0.166785
v -1.102782 0.250000 -0.162730
v -1.102782 -0.250000 -0.162730
v -1.100906 0.250000 -0.158725
v -1.100906 -0.250000 -0.158725
v -1.098851 0.250000 -0.154769
v -1.098851 -0.250000 -0.154769
v -1.096677 0.250000 -0.150883
v -1.096677 -0.250000 -0.150883
v -1.094443 0.250000 -0.147085
v -1.094443 -0.250000 -0.147085
v -1.092150 0.250000 -0.143378
v -1.092150 -0.250000 -0.143378
v -1.089798 0.250000 -0.139759
v -1.089798 -0.250000 -0.139759
v -1.087386 0.250000 -0.136230
v -1.087386 -0.250000 -0.136230
v -1.084914 0.250000 -0.132791
v -1.084914 -0.250000 -0.132791
v -1.082382 0.250000 -0.129440
v -1.082382 -0.250000 -0.129440
v -1.079791 0.250000 -0.126179
v -1.079791 -0.250000 -0.126179
v -1.077141 0.250000 -0.123008
v -1.077141 -0.250000 -0.123008
v -1.074431 0.250000 -0.119925
v -1.074431 -0.250000 -0.119925
v -1.071661 0.250000 -0.116932
v -1.071661 -0.250000 -0.116932
v -1.068832 0.250000 -0.114029
v -1.068832 -0.250000 -0.114029
v -1.064712 0.250000 -0.115930
v -1.064712 -0.250000 -0.115930
v -1.060454 0.250000 -0.117821
v -1.060454 -0.250000 -0.117821
v -1.056056 0.250000 -0.119702
v -1.056056 -0.250000 -0.119702
v -1.051519 0.250000 -0.121573
v -1.051519 -0.250000 -0.121573
v -1.046844 0.250000 -0.123435
v -1.046844 -0.250000 -0.123435
v -1.042029 0.250000 -0.125286
v -1.042029 -0.250000 -0.125286
v -1.037076 0.250000 -0.127127
v -1.037076 -0.250000 -0.127127
v -1.031983 0.250000 -0.128959
v -1.031983 -0.250000 -0.128959
v -1.026752 0.250000 -0.130780
v -1.026752 -0.250000 -0.130780
v -1.021381 0.250000 -0.132592
v -1.021381 -0.250000 -0.132592
v -1.015872 0.250000 -0.134394
v -1.015872 -0.250000 -0.134394
v -1.717815 0.250000 0.392007
v -1.717815 -0.250000 0.392007
v -1.708335 0.250000 0.393377
v -1.708335 -0.250000 0.393377
v -1.698954 0.250000 0.394628
v -1.698954 -0.250000 0.394628
v -1.689672 0.250000 0.395759
v -1.689672 -0.250000 0.395759
v -1.680489 0.250000 0.396772
v -1.680489 -0.250000 0.396772
v -1.671407 0.250000 0.397665
v -1.671407 -0.250000 0.397665
v -1.662423 0.250000 0.398439
v -1.662423 -0.250000 0.398439
v -1.653538 0.250000 0.399095
v -1.653538 -0.250000 0.399095
v -1.644753 0.250000 0.399631
v -1.644753 -0.250000 0.399631
v -1.636067 0.250000 0.400048
v -1.636067 -0.250000 0.400048
v -1.627480 0.250000 0.400345
v -1.627480 -0.250000 0.400345
v -1.618992 0.250000 0.400524
v -1.618992 -0.250000 0.400524
v -1.610604 0.250000 0.400584
v -1.610604 -0.250000 0.400584
v -1.596632 0.250000 0.400420
v -1.596632 -0.250000 0.400420
v -1.582828 0.250000 0.399929
v -1.582828 -0.250000 0.399929
v -1.569194 0.250000 0.399110
v -1.569194 -0.250000 0.399110
v -1.555728 0.250000 0.397963
v -1.555728 -0.250000 0.397963
v -1.542431 0.250000 0.396489
v -1.542431 -0.250000 0.396489
v -1.529302 0.250000 0.394687
v -1.529302 -0.250000 0.394687
v -1.516343 0.250000 0.392558
v -1.516343 -0.250000 0.392558
v -1.503552 0.250000 0.390101
v -1.503552 -0.250000 0.390101
v -1.490930 0.250000 0.387316
v -1.490930 -0.250000 0.387316
v -1.478477 0.250000 0.384204
v -1.478477 -0.250000 0.384204
v -1.466192 0.250000 0.380765
v -1.466192 -0.250000 0.380765
v -1.454076 0.250000 0.376997
v -1.454076 -0.250000 0.376997
v -1.442174 0.250000 0.372902
v -1.442174 -0.250000 0.372902
v -1.430530 0.250000 0.368480
v -1.430530 -0.250000 0.368480
v -1.419143 0.250000 0.363730
v -1.419143 -0.250000 0.363730
v -1.408015 0.250000 0.358652
v -1.408015 -0.250000 0.358652
v -1.397145 0.250000 0.353247
v -1.397145 -0.250000 0.353247
v -1.386533 0.250000 0.347514
v -1.386533 -0.250000 0.347514
v -1.376179 0.250000 0.341454
v -1.376179 -0.250000 0.341454
v -1.366084 0.250000 0.335066
v -1.366084 -0.250000 0.335066
v -1.356246 0.250000 0.328350
v -1.356246 -0.250000 0.328350
v -1.346667 0.250000 0.321307
v -1.346667 -0.250000 0.321307
v -1.337345 0.250000 0.313936
v -1.337345 -0.250000 0.313936
v -1.328282 0.250000 0.306238
v -1.328282 -0.250000 0.306238
v -1.319506 0.250000 0.298207
v -1.319506 -0.250000 0.298207
v -1.311049 0.250000 0.289839
v -1.311049 -0.250000 0.289839
v -1.302909 0.250000 0.281133
v -1.302909 -0.250000 0.281133
v -1.295086 0.250000 0.272089
v -1.295086 -0.250000 0.272089
v -1.287581 0.250000 0.262708
v -1.287581 -0.250000 0.262708
v -1.280395 0.250000 0.252990
v -1.280395 -0.250000 0.252990
v -1.273525 0.250000 0.242934
v -1.273525 -0.250000 0.242934
v -1.266973 0.250000 0.232540
v -1.266973 -0.250000 0.232540
v -1.260739 0.250000 0.221809
v -1.260739 -0.250000 0.221809
v -1.254823 0.250000 0.210741
v -1.254823 -0.250000 0.210741
v -1.249224 0.250000 0.199335
v -1.249224 -0.250000 0.199335
v -1.243943 0.250000 0.187591
v -1.243943 -0.250000 0.187591
v -1.239034 0.250000 0.175510
v -1.239034 -0.250000 0.175510
v -1.234552 0.250000 0.163092
v -1.234552 -0.250000 0.163092
v -1.230497 0.250000 0.150336
v -1.230497 -0.250000 0.150336
v -1.226868 0.250000 0.137242
v -1.226868 -0.250000 0.137242
v -1.223667 0.250000 0.123811
v -1.223667 -0.250000 0.123811
v -1.220892 0.250000 0.110042
v -1.220892 -0.250000 0.110042
v -1.218545 0.250000 0.095936
v -1.218545 -0.250000 0.095936
v -1.216624 0.250000 0.081492
v -1.216624 -0.250000 0.081492
v -1.215130 0.250000 0.066711
v -1.215130 -0.250000 0.066711
v -1.214062 0.250000 0.051592
v -1.214062 -0.250000 0.051592
v -1.213422 0.250000 0.036136
v -1.213422 -0.250000 0.036136
v -1.213209 0.250000 0.020342
v -1.213209 -0.250000 0.020342
v -1.213423 0.250000 0.004802
v -1.213423 -0.250000 0.004802
v -1.214063 0.250000 -0.010372
v -1.214063 -0.250000 -0.010372
v -1.215130 0.250000 -0.025178
v -1.215130 -0.250000 -0.025178
v -1.216624 0.250000 -0.039616
v -1.216624 -0.250000 -0.039616
v -1.218545 0.250000 -0.053688
v -1.218545 -0.250000 -0.053688
v -1.220893 0.250000 -0.067392
v -1.220893 -0.250000 -0.067392
v -1.223667 0.250000 -0.080729
v -1.223667 -0.250000 -0.080729
v -1.226869 0.250000 -0.093698
v -1.226869 -0.250000 -0.093698
v -1.230497 0.250000 -0.106301
v -1.230497 -0.250000 -0.106301
v -1.234552 0.250000 -0.118536
v -1.234552 -0.250000 -0.118536
v -1.239034 0.250000 -0.130403
v -1.239034 -0.250000 -0.130403
v -1.243943 0.250000 -0.141904
v -1.243943 -0.250000 -0.141904
v -1.249199 0.250000 -0.153052
v -1.249199 -0.250000 -0.153052
v -1.254723 0.250000 -0.163862
v -1.254723 -0.250000 -0.163862
v -1.260515 0.250000 -0.174335
v -1.260515 -0.250000 -0.174335
v -1.266576 0.250000 -0.184470
v -1.266576 -0.250000 -0.184470
v -1.272904 0.250000 -0.194268
v -1.272904 -0.250000 -0.194268
v -1.279501 0.250000 -0.203729
v -1.279501 -0.250000 -0.203729
v -1.286365 0.250000 -0.212851
v -1.286365 -0.250000 -0.212851
v -1.293498 0.250000 -0.221637
v -1.293498 -0.250000 -0.221637
v -1.300898 0.250000 -0.230085
v -1.300898 -0.250000 -0.230085
v -1.308567 0.250000 -0.238195
v -1.308567 -0.250000 -0.238195
v -1.316504 0.250000 -0.245968
v -1.316504 -0.250000 -0.245968
v -1.324708 0.250000 -0.253403
v -1.324708 -0.250000 -0.253403
v -1.333146 0.250000 -0.260511
v -1.333146 -0.250000 -0.260511
v -1.341783 0.250000 -0.267301
v -1.341783 -0.250000 -0.267301
v -1.350618 0.250000 -0.273773
v -1.350618 -0.250000 -0.273773
v -1.359651 0.250000 -0.279928
v -1.359651 -0.250000 -0.279928
v -1.368883 0.250000 -0.285765
v -1.368883 -0.250000 -0.285765
v -1.378314 0.250000 -0.291284
v -1.378314 -0.250000 -0.291284
v -1.387943 0.250000 -0.296486
v -1.387943 -0.250000 -0.296486
v -1.397771 0.250000 -0.301370
v -1.397771 -0.250000 -0.301370
v -1.407797 0.250000 -0.305936
v -1.407797 -0.250000 -0.305936
v -1.418022 0.250000 -0.310185
v -1.418022 -0.250000 -0.310185
v -1.428445 0.250000 -0.314116
v -1.428445 -0.250000 -0.314116
v -1.439066 0.250000 -0.317730
v -1.439066 -0.250000 -0.317730
v -1.449807 0.250000 -0.321040
v -1.449807 -0.250000 -0.321040
v -1.460588 0.250000 -0.324063
v -1.460588 -0.250000 -0.324063
v -1.471408 0.250000 -0.326798
v -1.471408 -0.250000 -0.326798
v -1.482268 0.250000 -0.329245
v -1.482268 -0.250000 -0.329245
v -1.493168 0.250000 -0.331404
v -1.493168 -0.250000 -0.331404
v -1.504107 0.250000 -0.333275
v -1.504107 -0.250000 -0.333275
v -1.515086 0.250000 -0.334858
v -1.515086 -0.250000 -0.334858
v -1.526105 0.250000 -0.336154
v -1.526105 -0.250000 -0.336154
v -1.537164 0.250000 -0.337161
v -1.537164 -0.250000 -0.337161
v -1.548262 0.250000 -0.337881
v -1.548262 -0.250000 -0.337881
v -1.559401 0.250000 -0.338313
v -1.559401 -0.250000 -0.338313
v -1.570579 0.250000 -0.338457
v -1.570579 -0.250000 -0.338457
v -1.583111 0.250000 -0.338298
v -1.583111 -0.250000 -0.338298
v -1.595455 0.250000 -0.337822
v -1.595455 -0.250000 -0.337822
v -1.607611 0.250000 -0.337027
v -1.607611 -0.250000 -0.337027
v -1.619578 0.250000 -0.335916
v -1.619578 -0.250000 -0.335916
v -1.631356 0.250000 -0.334486
v -1.631356 -0.250000 -0.334486
v -1.642946 0.250000 -0.332739
v -1.642946 -0.250000 -0.332739
v -1.654347 0.250000 -0.330674
v -1.654347 -0.250000 -0.330674
v -1.665560 0.250000 -0.328292
v -1.665560 -0.250000 -0.328292
v -1.676583 0.250000 -0.325592
v -1.676583 -0.250000 -0.325592
v -1.687419 0.250000 -0.322574
v -1.687419 -0.250000 -0.322574
v -1.698066 0.250000 -0.319238
v -1.698066 -0.250000 -0.319238
v -1.708523 0.250000 -0.315585
v -1.708523 -0.250000 -0.315585
v -1.718768 0.250000 -0.311654
v -1.718768 -0.250000 -0.311654
v -1.728774 0.250000 -0.307485
v -1.728774 -0.250000 -0.307485
v -1.738542 0.250000 -0.303077
v -1.738542 -0.250000 -0.303077
v -1.748072 0.250000 -0.298432
v -1.748072 -0.250000 -0.298432
v -1.757364 0.250000 -0.293548
v -1.757364 -0.250000 -0.293548
v -1.766417 0.250000 -0.288425
v -1.766417 -0.250000 -0.288425
v -1.775232 0.250000 -0.283065
v -1.775232 -0.250000 -0.283065
v -1.783809 0.250000 -0.277466
v -1.783809 -0.250000 -0.277466
v -1.792148 0.250000 -0.271629
v -1.792148 -0.250000 -0.271629
v -1.800248 0.250000 -0.265554
v -1.800248 -0.250000 -0.265554
v -1.808110 0.250000 -0.259240
v -1.808110 -0.250000 -0.259240
v -1.815734 0.250000 -0.252688
v -1.815734 -0.250000 -0.252688
v -1.823100 0.250000 -0.245908
v -1.823100 -0.250000 -0.245908
v -1.830188 0.250000 -0.238910
v -1.830188 -0.250000 -0.238910
v -1.836998 0.250000 -0.231693
v -1.836998 -0.250000 -0.231693
v -1.843530 0.250000 -0.224257
v -1.843530 -0.250000 -0.224257
v -1.849784 0.250000 -0.216604
v -1.849784 -0.250000 -0.216604
v -1.855760 0.250000 -0.208732
v -1.855760 -0.250000 -0.208732
v -1.861458 0.250000 -0.200641
v -1.861458 -0.250000 -0.200641
v -1.866878 0.250000 -0.192332
v -1.866878 -0.250000 -0.192332
v -1.872020 0.250000 -0.183805
v -1.872020 -0.250000 -0.183805
v -1.876884 0.250000 -0.175059
v -1.876884 -0.250000 -0.175059
v -1.881470 0.250000 -0.166095
v -1.881470 -0.250000 -0.166095
v -1.885779 0.250000 -0.156913
v -1.885779 -0.250000 -0.156913
v -1.889774 0.250000 -0.147552
v -1.889774 -0.250000 -0.147552
v -1.893422 0.250000 -0.138052
v -1.893422 -0.250000 -0.138052
v -1.896723 0.250000 -0.128413
v -1.896723 -0.250000 -0.128413
v -1.899677 0.250000 -0.118635
v -1.899677 -0.250000 -0.118635
v -1.902282 0.250000 -0.108718
v -1.902282 -0.250000 -0.108718
v -1.904541 0.250000 -0.098662
v -1.904541 -0.250000 -0.098662
v -1.906451 0.250000 -0.088467
v -1.906451 -0.250000 -0.088467
v -1.908015 0.250000 -0.078133
v -1.908015 -0.250000 -0.078133
v -1.909231 0.250000 -0.067660
v -1.909231 -0.250000 -0.067660
v -1.910100 0.250000 -0.057048
v -1.910100 -0.250000 -0.057048
v -1.910621 0.250000 -0.046297
v -1.910621 -0.250000 -0.046297
v -1.910794 0.250000 -0.035407
v -1.910794 -0.250000 -0.035407
v -1.910606 0.250000 -0.027466
v -1.910606 -0.250000 -0.027466
v -1.910040 0.250000 -0.019842
v -1.910040 -0.250000 -0.019842
v -1.909097 0.250000 -0.012536
v -1.909097 -0.250000 -0.012536
v -1.907777 0.250000 -0.005547
v -1.907777 -0.250000 -0.005547
v -1.906079 0.250000 0.001124
v -1.906079 -0.250000 0.001124
v -1.904005 0.250000 0.007477
v -1.904005 -0.250000 0.007477
v -1.901552 0.250000 0.013513
v -1.901552 -0.250000 0.013513
v -1.898723 0.250000 0.019230
v -1.898723 -0.250000 0.019230
v -1.895517 0.250000 0.024631
v -1.895517 -0.250000 0.024631
v -1.891933 0.250000 0.029713
v -1.891933 -0.250000 0.029713
v -1.887973 0.250000 0.034478
v -1.887973 -0.250000 0.034478
v -1.883635 0.250000 0.038925
v -1.883635 -0.250000 0.038925
v -1.878959 0.250000 0.043085
v -1.878959 -0.250000 0.043085
v -1.873986 0.250000 0.046986
v -1.873986 -0.250000 0.046986
v -1.868715 0.250000 0.050629
v -1.868715 -0.250000 0.050629
v -1.863145 0.250000 0.054014
v -1.863145 -0.250000 0.054014
v -1.857279 0.250000 0.057141
v -1.857279 -0.250000 0.057141
v -1.851114 0.250000 0.060010
v -1.851114 -0.250000 0.060010
v -1.844652 0.250000 0.062621
v -1.844652 -0.250000 0.062621
v -1.837891 0.250000 0.064974
v -1.837891 -0.250000 0.064974
v -1.830833 0.250000 0.067068
v -1.830833 -0.250000 0.067068
v -1.823478 0.250000 0.068905
v -1.823478 -0.250000 0.068905
v -1.815824 0.250000 0.070483
v -1.815824 -0.250000 0.070483
v -1.807872 0.250000 0.071804
v -1.807872 -0.250000 0.071804
v -1.454791 0.250000 0.124694
v -1.454791 -0.250000 0.124694
v -1.457640 0.250000 0.132393
v -1.457640 -0.250000 0.132393
v -1.460946 0.250000 0.139763
v -1.460946 -0.250000 0.139763
v -1.464708 0.250000 0.146806
v -1.464708 -0.250000 0.146806
v -1.468927 0.250000 0.153522
v -1.468927 -0.250000 0.153522
v -1.473602 0.250000 0.159910
v -1.473602 -0.250000 0.159910
v -1.478734 0.250000 0.165970
v -1.478734 -0.250000 0.165970
v -1.484323 0.250000 0.171703
v -1.484323 -0.250000 0.171703
v -1.490369 0.250000 0.177108
v -1.490369 -0.250000 0.177108
v -1.496871 0.250000 0.182186
v -1.496871 -0.250000 0.182186
v -1.503830 0.250000 0.186936
v -1.503830 -0.250000 0.186936
v -1.511245 0.250000 0.191359
v -1.511245 -0.250000 0.191359
v -1.519118 0.250000 0.195453
v -1.519118 -0.250000 0.195453
v -1.527317 0.250000 0.199221
v -1.527317 -0.250000 0.199221
v -1.535715 0.250000 0.202660
v -1.535715 -0.250000 0.202660
v -1.544312 0.250000 0.205773
v -1.544312 -0.250000 0.205773
v -1.553107 0.250000 0.208557
v -1.553107 -0.250000 0.208557
v -1.562101 0.250000 0.211014
v -1.562101 -0.250000 0.211014
v -1.571294 0.250000 0.213143
v -1.571294 -0.250000 0.213143
v -1.580684 0.250000 0.214945
v -1.580684 -0.250000 0.214945
v -1.590274 0.250000 0.216419
v -1.590274 -0.250000 0.216419
v -1.600062 0.250000 0.217566
v -1.600062 -0.250000 0.217566
v -1.610048 0.250000 0.218385
v -1.610048 -0.250000 0.218385
v -1.620233 0.250000 0.218876
v -1.620233 -0.250000 0.218876
v -1.630617 0.250000 0.219040
v -1.630617 -0.250000 0.219040
v -1.640340 0.250000 0.218936
v -1.640340 -0.250000 0.218936
v -1.649975 0.250000 0.218623
v -1.649975 -0.250000 0.218623
v -1.659519 0.250000 0.218102
v -1.659519 -0.250000 0.218102
v -1.668974 0.250000 0.217372
v -1.668974 -0.250000 0.217372
v -1.678340 0.250000 0.216434
v -1.678340 -0.250000 0.216434
v -1.687617 0.250000 0.215287
v -1.687617 -0.250000 0.215287
v -1.696805 0.250000 0.213932
v -1.696805 -0.250000 0.213932
v -1.705903 0.250000 0.212369
v -1.705903 -0.250000 0.212369
v -1.714911 0.250000 0.210597
v -1.714911 -0.250000 0.210597
v -1.723831 0.250000 0.208617
v -1.723831 -0.250000 0.208617
v -1.732661 0.250000 0.206428
v -1.732661 -0.250000 0.206428
v -1.741401 0.250000 0.204030
v -1.741401 -0.250000 0.204030
v -1.749963 0.250000 0.201494
v -1.749963 -0.250000 0.201494
v -1.758257 0.250000 0.198888
v -1.758257 -0.250000 0.198888
v -1.766283 0.250000 0.196213
v -1.766283 -0.250000 0.196213
v -1.774041 0.250000 0.193468
v -1.774041 -0.250000 0.193468
v -1.781531 0.250000 0.190654
v -1.781531 -0.250000 0.190654
v -1.788753 0.250000 0.187770
v -1.788753 -0.250000 0.187770
v -1.795707 0.250000 0.184817
v -1.795707 -0.250000 0.184817
v -1.802392 0.250000 0.181794
v -1.802392 -0.250000 0.181794
v -1.808810 0.250000 0.178702
v -1.808810 -0.250000 0.178702
v -1.814960 0.250000 0.175540
v -1.814960 -0.250000 0.175540
v -1.820841 0.250000 0.172309
v -1.820841 -0.250000 0.172309
v -1.826455 0.250000 0.169008
v -1.826455 -0.250000 0.169008
v -1.830218 0.250000 0.171470
v -1.830218 -0.250000 0.171470
v -1.833881 0.250000 0.174091
v -1.833881 -0.250000 0.174091
v -1.837445 0.250000 0.176870
v -1.837445 -0.250000 0.176870
v -1.840909 0.250000 0.179809
v -1.840909 -0.250000 0.179809
v -1.844275 0.250000 0.182906
v -1.844275 -0.250000 0.182906
v -1.847540 0.250000 0.186162
v -1.847540 -0.250000 0.186162
v -1.850707 0.250000 0.189577
v -1.850707 -0.250000 0.189577
v -1.853774 0.250000 0.193150
v -1.853774 -0.250000 0.193150
v -1.856742 0.250000 0.196883
v -1.856742 -0.250000 0.196883
v -1.859611 0.250000 0.200774
v -1.859611 -0.250000 0.200774
v -1.862381 0.250000 0.204824
v -1.862381 -0.250000 0.204824
v -1.865052 0.250000 0.209033
v -1.865052 -0.250000 0.209033
v -1.867563 0.250000 0.213342
v -1.867563 -0.250000 0.213342
v -1.869856 0.250000 0.217690
v -1.869856 -0.250000 0.217690
v -1.871931 0.250000 0.222077
v -1.871931 -0.250000 0.222077
v -1.873787 0.250000 0.226505
v -1.873787 -0.250000 0.226505
v -1.875425 0.250000 0.230972
v -1.875425 -0.250000 0.230972
v -1.876845 0.250000 0.235479
v -1.876845 -0.250000 0.235479
v -1.878046 0.250000 0.240025
v -1.878046 -0.250000 0.240025
v -1.879028 0.250000 0.244612
v -1.879028 -0.250000 0.244612
v -1.879793 0.250000 0.249238
v -1.879793 -0.250000 0.249238
v -1.880339 0.250000 0.253903
v -1.880339 -0.250000 0.253903
v -1.880666 0.250000 0.258609
v -1.880666 -0.250000 0.258609
v -1.880776 0.250000 0.263354
v -1.880776 -0.250000 0.263354
v -1.880359 0.250000 0.273846
v -1.880359 -0.250000 0.273846
v -1.879108 0.250000 0.283883
v -1.879108 -0.250000 0.283883
v -1.877023 0.250000 0.293462
v -1.877023 -0.250000 0.293462
v -1.874105 0.250000 0.302585
v -1.874105 -0.250000 0.302585
v -1.870353 0.250000 0.311251
v -1.870353 -0.250000 0.311251
v -1.865766 0.250000 0.319461
v -1.865766 -0.250000 0.319461
v -1.860346 0.250000 0.327214
v -1.860346 -0.250000 0.327214
v -1.854092 0.250000 0.334510
v -1.854092 -0.250000 0.334510
v -1.847004 0.250000 0.341350
v -1.847004 -0.250000 0.341350
v -1.839083 0.250000 0.347733
v -1.839083 -0.250000 0.347733
v -1.830327 0.250000 0.353659
v -1.830327 -0.250000 0.353659
v -1.820738 0.250000 0.359129
v -1.820738 -0.250000 0.359129
v -1.813034 0.250000 0.363070
v -1.813034 -0.250000 0.363070
v -1.805172 0.250000 0.366792
v -1.805172 -0.250000 0.366792
v -1.797151 0.250000 0.370297
v -1.797151 -0.250000 0.370297
v -1.788971 0.250000 0.373582
v -1.788971 -0.250000 0.373582
v -1.780633 0.250000 0.376650
v -1.780633 -0.250000 0.376650
v -1.772135 0.250000 0.379499
v -1.772135 -0.250000 0.379499
v -1.763479 0.250000 0.382129
v -1.763479 -0.250000 0.382129
v -1.754664 0.250000 0.384542
v -1.754664 -0.250000 0.384542
v -1.745690 0.250000 0.386736
v -1.745690 -0.250000 0.386736
v -1.736557 0.250000 0.388711
v -1.736557 -0.250000 0.388711
v -1.727266 0.250000 0.390468
v -1.727266 -0.250000 0.390468
v -1.650630 0.250000 -0.132612
v -1.650630 -0.250000 -0.132612
v -1.645924 0.250000 -0.137178
v -1.645924 -0.250000 -0.137178
v -1.640861 0.250000 -0.141348
v -1.640861 -0.250000 -0.141348
v -1.635441 0.250000 -0.145120
v -1.635441 -0.250000 -0.145120
v -1.629664 0.250000 -0.148495
v -1.629664 -0.250000 -0.148495
v -1.623529 0.250000 -0.151473
v -1.623529 -0.250000 -0.151473
v -1.617037 0.250000 -0.154054
v -1.617037 -0.250000 -0.154054
v -1.610187 0.250000 -0.156238
v -1.610187 -0.250000 -0.156238
v -1.602980 0.250000 -0.158025
v -1.602980 -0.250000 -0.158025
v -1.595416 0.250000 -0.159415
v -1.595416 -0.250000 -0.159415
v -1.587494 0.250000 -0.160407
v -1.587494 -0.250000 -0.160407
v -1.579215 0.250000 -0.161003
v -1.579215 -0.250000 -0.161003
v -1.570579 0.250000 -0.161202
v -1.570579 -0.250000 -0.161202
v -1.564925 0.250000 -0.161122
v -1.564925 -0.250000 -0.161122
v -1.559401 0.250000 -0.160884
v -1.559401 -0.250000 -0.160884
v -1.554006 0.250000 -0.160487
v -1.554006 -0.250000 -0.160487
v -1.548740 0.250000 -0.159931
v -1.548740 -0.250000 -0.159931
v -1.543602 0.250000 -0.159216
v -1.543602 -0.250000 -0.159216
v -1.538594 0.250000 -0.158343
v -1.538594 -0.250000 -0.158343
v -1.533715 0.250000 -0.157310
v -1.533715 -0.250000 -0.157310
v -1.528965 0.250000 -0.156119
v -1.528965 -0.250000 -0.156119
v -1.524344 0.250000 -0.154769
v -1.524344 -0.250000 -0.154769
v -1.519852 0.250000 -0.153260
v -1.519852 -0.250000 -0.153260
v -1.515489 0.250000 -0.151592
v -1.515489 -0.250000 -0.151592
v -1.511255 0.250000 -0.149766
v -1.511255 -0.250000 -0.149766
v -1.507150 0.250000 -0.147815
v -1.507150 -0.250000 -0.147815
v -1.503175 0.250000 -0.145775
v -1.503175 -0.250000 -0.145775
v -1.499328 0.250000 -0.143646
v -1.499328 -0.250000 -0.143646
v -1.495610 0.250000 -0.141427
v -1.495610 -0.250000 -0.141427
v -1.492022 0.250000 -0.139119
v -1.492022 -0.250000 -0.139119
v -1.488562 0.250000 -0.136722
v -1.488562 -0.250000 -0.136722
v -1.485232 0.250000 -0.134235
v -1.485232 -0.250000 -0.134235
v -1.482030 0.250000 -0.131659
v -1.482030 -0.250000 -0.131659
v -1.478958 0.250000 -0.128994
v -1.478958 -0.250000 -0.128994
v -1.476014 0.250000 -0.126239
v -1.476014 -0.250000 -0.126239
v -1.473200 0.250000 -0.123395
v -1.473200 -0.250000 -0.123395
v -1.470515 0.250000 -0.120461
v -1.470515 -0.250000 -0.120461
v -1.467949 0.250000 -0.117454
v -1.467949 -0.250000 -0.117454
v -1.465492 0.250000 -0.114386
v -1.465492 -0.250000 -0.114386
v -1.463144 0.250000 -0.111259
v -1.463144 -0.250000 -0.111259
v -1.460906 0.250000 -0.108073
v -1.460906 -0.250000 -0.108073
v -1.458776 0.250000 -0.104827
v -1.458776 -0.250000 -0.104827
v -1.456756 0.250000 -0.101521
v -1.456756 -0.250000 -0.101521
v -1.454845 0.250000 -0.098156
v -1.454845 -0.250000 -0.098156
v -1.453044 0.250000 -0.094731
v -1.453044 -0.250000 -0.094731
v -1.451351 0.250000 -0.091246
v -1.451351 -0.250000 -0.091246
v -1.449768 0.250000 -0.087703
v -1.449768 -0.250000 -0.087703
v -1.448294 0.250000 -0.084099
v -1.448294 -0.250000 -0.084099
v -1.446929 0.250000 -0.080436
v -1.446929 -0.250000 -0.080436
v -1.445663 0.250000 -0.076738
v -1.445663 -0.250000 -0.076738
v -1.444487 0.250000 -0.073031
v -1.444487 -0.250000 -0.073031
v -1.443400 0.250000 -0.069313
v -1.443400 -0.250000 -0.069313
v -1.442402 0.250000 -0.065585
v -1.442402 -0.250000 -0.065585
v -1.441494 0.250000 -0.061848
v -1.441494 -0.250000 -0.061848
v -1.440675 0.250000 -0.058100
v -1.440675 -0.250000 -0.058100
v -1.439945 0.250000 -0.054343
v -1.439945 -0.250000 -0.054343
v -1.439305 0.250000 -0.050576
v -1.439305 -0.250000 -0.050576
v -1.438754 0.250000 -0.046799
v -1.438754 -0.250000 -0.046799
v -1.438292 0.250000 -0.043011
v -1.438292 -0.250000 -0.043011
v -1.437920 0.250000 -0.039214
v -1.437920 -0.250000 -0.039214
v -1.437637 0.250000 -0.035407
v -1.437637 -0.250000 -0.035407
v -1.682078 0.250000 -0.075433
v -1.682078 -0.250000 -0.075433
v -1.681205 0.250000 -0.080198
v -1.681205 -0.250000 -0.080198
v -1.680013 0.250000 -0.084963
v -1.680013 -0.250000 -0.084963
v -1.678504 0.250000 -0.089728
v -1.678504 -0.250000 -0.089728
v -1.676678 0.250000 -0.094493
v -1.676678 -0.250000 -0.094493
v -1.674534 0.250000 -0.099258
v -1.674534 -0.250000 -0.099258
v -1.672072 0.250000 -0.104022
v -1.672072 -0.250000 -0.104022
v -1.669292 0.250000 -0.108787
v -1.669292 -0.250000 -0.108787
v -1.666195 0.250000 -0.113552
v -1.666195 -0.250000 -0.113552
v -1.662780 0.250000 -0.118317
v -1.662780 -0.250000 -0.118317
v -1.659047 0.250000 -0.123082
v -1.659047 -0.250000 -0.123082
v -1.654997 0.250000 -0.127847
v -1.654997 -0.250000 -0.127847
vn -0.0000 -1.0000 -0.0000
vn -0.0000 1.0000 -0.0000
vn 0.3208 -0.0000 0.9472
vn 0.3242 -0.0000 0.9460
vn 0.3279 -0.0000 0.9447
vn 0.3333 -0.0000 0.9428
vn 0.3388 -0.0000 0.9408
vn 0.3445 -0.0000 0.9388
vn 0.3503 -0.0000 0.9366
vn 0.3563 -0.0000 0.9344
vn 0.3624 -0.0000 0.9320
vn 0.3686 -0.0000 0.9296
vn 0.3751 -0.0000 0.9270
vn 0.3817 -0.0000 0.9243
vn 0.3885 -0.0000 0.9214
vn 0.3986 -0.0000 0.9171
vn 0.4151 -0.0000 0.9098
vn 0.4350 -0.0000 0.9004
vn 0.4552 -0.0000 0.8904
vn 0.4758 -0.0000 0.8796
vn 0.4966 -0.0000 0.8680
vn 0.5176 -0.0000 0.8556
vn 0.5388 -0.0000 0.8424
vn 0.5602 -0.0000 0.8284
vn 0.5816 -0.0000 0.8135
vn 0.6031 -0.0000 0.7976
vn 0.6246 -0.0000 0.7809
vn 0.6472 -0.0000 0.7624
vn 0.6718 -0.0000 0.7407
vn 0.6972 -0.0000 0.7169
vn 0.7219 -0.0000 0.6920
vn 0.7460 -0.0000 0.6659
vn 0.7694 -0.0000 0.6388
vn 0.7918 -0.0000 0.6108
vn 0.8132 -0.0000 0.5820
vn 0.8336 -0.0000 0.5524
vn 0.8528 -0.0000 0.5222
vn 0.8708 -0.0000 0.4916
vn 0.8876 -0.0000 0.4606
vn 0.9044 -0.0000 0.4268
vn 0.9218 -0.0000 0.3876
vn 0.9381 -0.0000 0.3463
vn 0.9521 -0.0000 0.3059
vn 0.9639 -0.0000 0.2664
vn 0.9736 -0.0000 0.2282
vn 0.9815 -0.0000 0.1913
vn 0.9878 -0.0000 0.1557
vn 0.9926 -0.0000 0.1217
vn 0.9960 -0.0000 0.0891
vn 0.9983 -0.0000 0.0580
vn 0.9996 -0.0000 0.0284
vn 1.0000 -0.0000 -0.0094
vn 0.9978 -0.0000 -0.0668
vn 0.9906 -0.0000 -0.1368
vn 0.9778 -0.0000 -0.2097
vn 0.9587 -0.0000 -0.2844
vn 0.9331 -0.0000 -0.3597
vn 0.9009 -0.0000 -0.4340
vn 0.8627 -0.0000 -0.5057
vn 0.8191 -0.0000 -0.5736
vn 0.7713 -0.0000 -0.6364
vn 0.7205 -0.0000 -0.6934
vn 0.6679 -0.0000 -0.7442
vn 0.6136 -0.0000 -0.7896
vn 0.5563 -0.0000 -0.8310
vn 0.4971 -0.0000 -0.8677
vn 0.4378 -0.0000 -0.8991
vn 0.3795 -0.0000 -0.9252
vn 0.3227 -0.0000 -0.9465
vn 0.2682 -0.0000 -0.9634
vn 0.2163 -0.0000 -0.9763
vn 0.1672 -0.0000 -0.9859
vn 0.1211 -0.0000 -0.9926
vn 0.0780 -0.0000 -0.9970
vn 0.0377 -0.0000 -0.9993
vn 0.0063 -0.0000 -1.0000
vn -0.0118 -0.0000 -0.9999
vn -0.0238 -0.0000 -0.9997
vn -0.0362 -0.0000 -0.9993
vn -0.0488 -0.0000 -0.9988
vn -0.0616 -0.0000 -0.9981
vn -0.0748 -0.0000 -0.9972
vn -0.0883 -0.0000 -0.9961
vn -0.1021 -0.0000 -0.9948
vn -0.1161 -0.0000 -0.9932
vn -0.1305 -0.0000 -0.9914
vn -0.1452 -0.0000 -0.9894
vn -0.1608 -0.0000 -0.9870
vn -0.1783 -0.0000 -0.9840
vn -0.1971 -0.0000 -0.9804
vn -0.2167 -0.0000 -0.9762
vn -0.2370 -0.0000 -0.9715
vn -0.2580 -0.0000 -0.9661
vn -0.2798 -0.0000 -0.9601
vn -0.3024 -0.0000 -0.9532
vn -0.3258 -0.0000 -0.9454
vn -0.3499 -0.0000 -0.9368
vn -0.3748 -0.0000 -0.9271
vn -0.4004 -0.0000 -0.9163
vn -0.4273 -0.0000 -0.9041
vn -0.4561 -0.0000 -0.8900
vn -0.4860 -0.0000 -0.8739
vn -0.5166 -0.0000 -0.8562
vn -0.5477 -0.0000 -0.8367
vn -0.5792 -0.0000 -0.8152
vn -0.6108 -0.0000 -0.7918
vn -0.5791 -0.0000 -0.8152
vn -0.6424 -0.0000 -0.7664
vn -0.6737 -0.0000 -0.7390
vn -0.7047 -0.0000 -0.7095
vn -0.7350 -0.0000 -0.6781
vn -0.7644 -0.0000 -0.6447
vn -0.7940 -0.0000 -0.6080
vn -0.7644 -0.0000 -0.6448
vn -0.8247 -0.0000 -0.5656
vn -0.8548 -0.0000 -0.5190
vn -0.8827 -0.0000 -0.4700
vn -0.9080 -0.0000 -0.4191
vn -0.9304 -0.0000 -0.3666
vn -0.9080 -0.0000 -0.4190
vn -0.9497 -0.0000 -0.3132
vn -0.9658 -0.0000 -0.2593
vn -0.9787 -0.0000 -0.2055
vn -0.9883 -0.0000 -0.1522
vn -0.9950 -0.0000 -0.1000
vn -0.9988 -0.0000 -0.0493
vn -0.9950 -0.0000 -0.1001
vn -1.0000 -0.0000 -0.0024
vn -0.9992 -0.0000 0.0396
vn -0.9967 -0.0000 0.0808
vn -0.9923 -0.0000 0.1236
vn -0.9858 -0.0000 0.1680
vn -0.9769 -0.0000 0.2137
vn -0.9655 -0.0000 0.2605
vn -0.9514 -0.0000 0.3081
vn -0.9344 -0.0000 0.3561
vn -0.9513 -0.0000 0.3081
vn -0.9147 -0.0000 0.4041
vn -0.8921 -0.0000 0.4518
vn -0.8668 -0.0000 0.4986
vn -0.8425 -0.0000 0.5387
vn -0.8237 -0.0000 0.5670
vn -0.8077 -0.0000 0.5896
vn -0.7909 -0.0000 0.6120
vn -0.7733 -0.0000 0.6341
vn -0.7548 -0.0000 0.6559
vn -0.7732 -0.0000 0.6341
vn -0.7357 -0.0000 0.6773
vn -0.7158 -0.0000 0.6983
vn -0.6953 -0.0000 0.7187
vn -0.6741 -0.0000 0.7386
vn -0.6524 -0.0000 0.7579
vn -0.6302 -0.0000 0.7765
vn -0.0589 -0.0000 0.9983
vn 0.5081 -0.0000 0.8613
vn 0.4805 -0.0000 0.8770
vn 0.4543 -0.0000 0.8908
vn 0.4295 -0.0000 0.9031
vn 0.4060 -0.0000 0.9139
vn 0.3837 -0.0000 0.9235
vn 0.3626 -0.0000 0.9319
vn 0.3427 -0.0000 0.9395
vn 0.3238 -0.0000 0.9461
vn 0.3060 -0.0000 0.9520
vn 0.2891 -0.0000 0.9573
vn 0.2707 -0.0000 0.9627
vn 0.2481 -0.0000 0.9687
vn 0.2235 -0.0000 0.9747
vn 0.1992 -0.0000 0.9800
vn 0.1753 -0.0000 0.9845
vn 0.1517 -0.0000 0.9884
vn 0.1286 -0.0000 0.9917
vn 0.1060 -0.0000 0.9944
vn 0.0838 -0.0000 0.9965
vn 0.0621 -0.0000 0.9981
vn 0.0409 -0.0000 0.9992
vn 0.0202 -0.0000 0.9998
vn -0.0009 -0.0000 1.0000
vn -0.0245 -0.0000 0.9997
vn -0.0511 -0.0000 0.9987
vn -0.0802 -0.0000 0.9968
vn -0.1123 -0.0000 0.9937
vn -0.1477 -0.0000 0.9890
vn -0.1866 -0.0000 0.9824
vn -0.2296 -0.0000 0.9733
vn -0.2769 -0.0000 0.9609
vn -0.3287 -0.0000 0.9444
vn -0.3854 -0.0000 0.9227
vn -0.4467 -0.0000 0.8947
vn -0.5073 -0.0000 0.8618
vn -0.5615 -0.0000 0.8275
vn -0.6138 -0.0000 0.7895
vn -0.6683 -0.0000 0.7439
vn -0.7239 -0.0000 0.6899
vn -0.7793 -0.0000 0.6267
vn -0.8324 -0.0000 0.5542
vn -0.8812 -0.0000 0.4728
vn -0.9234 -0.0000 0.3838
vn -0.9572 -0.0000 0.2893
vn -0.9814 -0.0000 0.1920
vn -0.9573 -0.0000 0.2893
vn -0.9955 -0.0000 0.0949
vn -1.0000 -0.0000 0.0050
vn -0.9972 -0.0000 -0.0748
vn -0.9883 -0.0000 -0.1524
vn -0.9726 -0.0000 -0.2323
vn -0.9883 -0.0000 -0.1525
vn -0.9498 -0.0000 -0.3128
vn -0.9199 -0.0000 -0.3921
vn -0.8834 -0.0000 -0.4686
vn -0.8412 -0.0000 -0.5407
vn -0.7946 -0.0000 -0.6071
vn -0.7449 -0.0000 -0.6672
vn -0.6935 -0.0000 -0.7204
vn -0.6417 -0.0000 -0.7670
vn -0.5938 -0.0000 -0.8046
vn -0.5546 -0.0000 -0.8322
vn -0.5211 -0.0000 -0.8535
vn -0.5546 -0.0000 -0.8321
vn -0.4900 -0.0000 -0.8717
vn -0.4611 -0.0000 -0.8873
vn -0.4344 -0.0000 -0.9007
vn -0.4097 -0.0000 -0.9122
vn -0.3867 -0.0000 -0.9222
vn -0.3654 -0.0000 -0.9308
vn -0.3457 -0.0000 -0.9384
vn -0.3273 -0.0000 -0.9449
vn -0.3102 -0.0000 -0.9507
vn -0.3037 -0.0000 -0.9528
vn -0.3106 -0.0000 -0.9505
vn -0.3282 -0.0000 -0.9446
vn -0.3534 -0.0000 -0.9355
vn -0.3800 -0.0000 -0.9250
vn -0.4080 -0.0000 -0.9130
vn -0.4373 -0.0000 -0.8993
vn -0.4681 -0.0000 -0.8837
vn -0.5003 -0.0000 -0.8659
vn -0.5338 -0.0000 -0.8456
vn -0.5684 -0.0000 -0.8227
vn -0.6041 -0.0000 -0.7969
vn -0.6406 -0.0000 -0.7679
vn -0.6814 -0.0000 -0.7319
vn -0.7291 -0.0000 -0.6844
vn -0.7779 -0.0000 -0.6284
vn -0.8230 -0.0000 -0.5680
vn -0.8636 -0.0000 -0.5043
vn -0.8989 -0.0000 -0.4382
vn -0.9286 -0.0000 -0.3710
vn -0.9527 -0.0000 -0.3039
vn -0.9713 -0.0000 -0.2379
vn -0.9847 -0.0000 -0.1740
vn -0.9936 -0.0000 -0.1128
vn -0.9985 -0.0000 -0.0549
vn -1.0000 -0.0000 0.0033
vn -0.9977 -0.0000 0.0682
vn -0.9902 -0.0000 0.1394
vn -0.9770 -0.0000 0.2132
vn -0.9575 -0.0000 0.2886
vn -0.9314 -0.0000 0.3640
vn -0.8990 -0.0000 0.4380
vn -0.8607 -0.0000 0.5092
vn -0.8174 -0.0000 0.5761
vn -0.7701 -0.0000 0.6379
vn -0.7202 -0.0000 0.6937
vn -0.6689 -0.0000 0.7434
vn -0.6146 -0.0000 0.7889
vn -0.5547 -0.0000 0.8320
vn -0.4920 -0.0000 0.8706
vn -0.4301 -0.0000 0.9028
vn -0.3701 -0.0000 0.9290
vn -0.3125 -0.0000 0.9499
vn -0.2580 -0.0000 0.9661
vn -0.2068 -0.0000 0.9784
vn -0.1590 -0.0000 0.9873
vn -0.1146 -0.0000 0.9934
vn -0.0734 -0.0000 0.9973
vn -0.0354 -0.0000 0.9994
vn -0.0052 -0.0000 1.0000
vn 0.0138 -0.0000 0.9999
vn 0.0279 -0.0000 0.9996
vn 0.0423 -0.0000 0.9991
vn 0.0570 -0.0000 0.9984
vn 0.0720 -0.0000 0.9974
vn 0.0874 -0.0000 0.9962
vn 0.1031 -0.0000 0.9947
vn 0.1192 -0.0000 0.9929
vn 0.1356 -0.0000 0.9908
vn 0.1523 -0.0000 0.9883
vn 0.1693 -0.0000 0.9856
vn 0.1867 -0.0000 0.9824
vn 0.2047 -0.0000 0.9788
vn 0.2234 -0.0000 0.9747
vn 0.2426 -0.0000 0.9701
vn 0.2625 -0.0000 0.9649
vn 0.2829 -0.0000 0.9592
vn 0.3039 -0.0000 0.9527
vn 0.3254 -0.0000 0.9456
vn 0.3476 -0.0000 0.9377
vn 0.3702 -0.0000 0.9289
vn 0.3934 -0.0000 0.9194
vn 0.4171 -0.0000 0.9089
vn 0.4420 -0.0000 0.8970
vn 0.4690 -0.0000 0.8832
vn 0.4974 -0.0000 0.8675
vn 0.5265 -0.0000 0.8502
vn 0.5561 -0.0000 0.8311
vn 0.5861 -0.0000 0.8102
vn 0.6164 -0.0000 0.7874
vn 0.6468 -0.0000 0.7626
vn 0.6772 -0.0000 0.7358
vn 0.7072 -0.0000 0.7070
vn 0.7367 -0.0000 0.6762
vn 0.7655 -0.0000 0.6434
vn 0.7945 -0.0000 0.6072
vn 0.8246 -0.0000 0.5657
vn 0.8542 -0.0000 0.5199
vn 0.8817 -0.0000 0.4717
vn 0.9069 -0.0000 0.4214
vn 0.9292 -0.0000 0.3695
vn 0.9487 -0.0000 0.3163
vn 0.9650 -0.0000 0.2624
vn 0.9781 -0.0000 0.2084
vn 0.9880 -0.0000 0.1547
vn 0.9948 -0.0000 0.1018
vn 0.9987 -0.0000 0.0502
vn 1.0000 -0.0000 -0.0000
vn 0.9987 -0.0000 -0.0503
vn 0.9947 -0.0000 -0.1024
vn 0.9877 -0.0000 -0.1564
vn 0.9773 -0.0000 -0.2119
vn 0.9634 -0.0000 -0.2682
vn 0.9457 -0.0000 -0.3249
vn 0.9244 -0.0000 -0.3814
vn 0.8995 -0.0000 -0.4369
vn 0.8712 -0.0000 -0.4909
vn 0.8399 -0.0000 -0.5428
vn 0.8059 -0.0000 -0.5920
vn 0.7748 -0.0000 -0.6322
vn 0.7524 -0.0000 -0.6587
vn 0.7340 -0.0000 -0.6792
vn 0.7144 -0.0000 -0.6998
vn 0.6936 -0.0000 -0.7204
vn 0.6715 -0.0000 -0.7410
vn 0.6482 -0.0000 -0.7615
vn 0.6236 -0.0000 -0.7818
vn 0.5977 -0.0000 -0.8017
vn 0.5705 -0.0000 -0.8213
vn 0.5421 -0.0000 -0.8403
vn 0.5126 -0.0000 -0.8586
vn -0.0654 -0.0000 -0.9979
vn -0.5951 -0.0000 -0.8037
vn -0.5725 -0.0000 -0.8199
vn -0.5501 -0.0000 -0.8351
vn -0.5281 -0.0000 -0.8492
vn -0.5064 -0.0000 -0.8623
vn -0.4852 -0.0000 -0.8744
vn -0.4644 -0.0000 -0.8856
vn -0.4440 -0.0000 -0.8960
vn -0.4241 -0.0000 -0.9056
vn -0.4048 -0.0000 -0.9144
vn -0.3859 -0.0000 -0.9226
vn -0.3642 -0.0000 -0.9313
vn -0.3359 -0.0000 -0.9419
vn -0.3043 -0.0000 -0.9526
vn -0.2725 -0.0000 -0.9622
vn -0.2408 -0.0000 -0.9706
vn -0.2093 -0.0000 -0.9779
vn -0.1780 -0.0000 -0.9840
vn -0.1470 -0.0000 -0.9891
vn -0.1165 -0.0000 -0.9932
vn -0.0865 -0.0000 -0.9963
vn -0.0570 -0.0000 -0.9984
vn -0.0282 -0.0000 -0.9996
vn -0.0005 -0.0000 -1.0000
vn 0.0272 -0.0000 -0.9996
vn 0.0569 -0.0000 -0.9984
vn 0.0899 -0.0000 -0.9959
vn 0.1266 -0.0000 -0.9919
vn 0.1676 -0.0000 -0.9859
vn 0.2131 -0.0000 -0.9770
vn 0.1675 -0.0000 -0.9859
vn 0.2639 -0.0000 -0.9645
vn 0.3203 -0.0000 -0.9473
vn 0.3826 -0.0000 -0.9239
vn 0.4506 -0.0000 -0.8927
vn 0.5239 -0.0000 -0.8518
vn 0.5917 -0.0000 -0.8061
vn 0.6441 -0.0000 -0.7650
vn 0.6892 -0.0000 -0.7246
vn 0.7352 -0.0000 -0.6778
vn 0.7812 -0.0000 -0.6242
vn 0.8261 -0.0000 -0.5635
vn 0.7813 -0.0000 -0.6242
vn 0.8685 -0.0000 -0.4957
vn 0.9069 -0.0000 -0.4214
vn 0.9399 -0.0000 -0.3416
vn 0.9662 -0.0000 -0.2576
vn 0.9852 -0.0000 -0.1715
vn 0.9964 -0.0000 -0.0851
vn 1.0000 -0.0000 -0.0040
vn 0.9976 -0.0000 0.0699
vn 0.9896 -0.0000 0.1439
vn 0.9751 -0.0000 0.2218
vn 0.9532 -0.0000 0.3024
vn 0.9751 -0.0000 0.2219
vn 0.9233 -0.0000 0.3840
vn 0.8855 -0.0000 0.4646
vn 0.8402 -0.0000 0.5423
vn 0.7885 -0.0000 0.6151
vn 0.7318 -0.0000 0.6815
vn 0.6719 -0.0000 0.7406
vn 0.6105 -0.0000 0.7920
vn 0.5574 -0.0000 0.8302
vn 0.5224 -0.0000 0.8527
vn 0.4977 -0.0000 0.8674
vn 0.4747 -0.0000 0.8802
vn 0.4533 -0.0000 0.8914
vn 0.4333 -0.0000 0.9012
vn 0.4147 -0.0000 0.9099
vn 0.3974 -0.0000 0.9176
vn 0.3812 -0.0000 0.9245
vn 0.3661 -0.0000 0.9306
vn 0.3519 -0.0000 0.9360
vn 0.3386 -0.0000 0.9409
vn 0.2284 -0.0000 -0.9736
vn 0.2513 -0.0000 -0.9679
vn 0.2047 -0.0000 -0.9788
vn 0.1816 -0.0000 -0.9834
vn 0.1591 -0.0000 -0.9873
vn 0.1372 -0.0000 -0.9905
vn 0.1158 -0.0000 -0.9933
vn 0.0950 -0.0000 -0.9955
vn 0.0749 -0.0000 -0.9972
vn 0.0553 -0.0000 -0.9985
vn 0.0363 -0.0000 -0.9993
vn 0.0179 -0.0000 -0.9998
vn -0.0010 -0.0000 -1.0000
vn -0.0218 -0.0000 -0.9998
vn -0.0441 -0.0000 -0.9990
vn -0.0669 -0.0000 -0.9978
vn -0.0901 -0.0000 -0.9959
vn -0.1137 -0.0000 -0.9935
vn -0.1377 -0.0000 -0.9905
vn -0.1622 -0.0000 -0.9868
vn -0.1869 -0.0000 -0.9824
vn -0.2119 -0.0000 -0.9773
vn -0.2372 -0.0000 -0.9715
vn -0.2626 -0.0000 -0.9649
vn -0.2893 -0.0000 -0.9572
vn -0.3182 -0.0000 -0.9480
vn -0.3486 -0.0000 -0.9373
vn -0.3794 -0.0000 -0.9252
vn -0.4104 -0.0000 -0.9119
vn -0.4417 -0.0000 -0.8972
vn -0.4730 -0.0000 -0.8811
vn -0.5042 -0.0000 -0.8636
vn -0.5352 -0.0000 -0.8447
vn -0.5658 -0.0000 -0.8245
vn -0.5959 -0.0000 -0.8030
vn -0.6254 -0.0000 -0.7803
vn -0.6545 -0.0000 -0.7561
vn -0.6833 -0.0000 -0.7302
vn -0.7114 -0.0000 -0.7028
vn -0.7383 -0.0000 -0.6745
vn -0.7640 -0.0000 -0.6452
vn -0.7884 -0.0000 -0.6152
vn -0.8113 -0.0000 -0.5846
vn -0.8328 -0.0000 -0.5536
vn -0.8527 -0.0000 -0.5223
vn -0.8712 -0.0000 -0.4909
vn -0.8881 -0.0000 -0.4596
vn -0.9036 -0.0000 -0.4284
vn -0.8882 -0.0000 -0.4596
vn -0.9185 -0.0000 -0.3955
vn -0.9333 -0.0000 -0.3592
vn -0.9469 -0.0000 -0.3214
vn -0.9587 -0.0000 -0.2844
vn -0.9687 -0.0000 -0.2482
vn -0.9770 -0.0000 -0.2131
vn -0.9687 -0.0000 -0.2483
vn -0.9838 -0.0000 -0.1791
vn -0.9893 -0.0000 -0.1462
vn -0.9934 -0.0000 -0.1145
vn -0.9965 -0.0000 -0.0840
vn -0.9985 -0.0000 -0.0548
vn -0.9996 -0.0000 -0.0269
vn -1.0000 -0.0000 -0.0007
vn -0.9997 -0.0000 0.0241
vn -0.9988 -0.0000 0.0490
vn -0.9997 -0.0000 0.0240
vn -0.9972 -0.0000 0.0749
vn -0.9948 -0.0000 0.1019
vn -0.9915 -0.0000 0.1298
vn -0.9873 -0.0000 0.1588
vn -0.9915 -0.0000 0.1299
vn -0.9820 -0.0000 0.1888
vn -0.9756 -0.0000 0.2197
vn -0.9679 -0.0000 0.2514
vn -0.9588 -0.0000 0.2840
vn -0.9483 -0.0000 0.3173
vn -0.9367 -0.0000 0.3501
vn -0.9245 -0.0000 0.3812
vn -0.9114 -0.0000 0.4115
vn -0.9245 -0.0000 0.3811
vn -0.8969 -0.0000 0.4422
vn -0.8810 -0.0000 0.4732
vn -0.8636 -0.0000 0.5042
vn -0.8447 -0.0000 0.5352
vn -0.8243 -0.0000 0.5661
vn -0.8025 -0.0000 0.5966
vn -0.7547 -0.0000 0.6561
vn -0.7288 -0.0000 0.6848
vn -0.7018 -0.0000 0.7124
vn -0.6739 -0.0000 0.7389
vn -0.6450 -0.0000 0.7642
vn -0.6151 -0.0000 0.7885
vn -0.5843 -0.0000 0.8115
vn -0.5529 -0.0000 0.8333
vn -0.5208 -0.0000 0.8537
vn -0.4884 -0.0000 0.8726
vn -0.4557 -0.0000 0.8901
vn -0.4230 -0.0000 0.9061
vn -0.3902 -0.0000 0.9207
vn -0.3577 -0.0000 0.9338
vn -0.3260 -0.0000 0.9454
vn -0.2958 -0.0000 0.9552
vn -0.2664 -0.0000 0.9639
vn -0.2374 -0.0000 0.9714
vn -0.2087 -0.0000 0.9780
vn -0.1805 -0.0000 0.9836
vn -0.1529 -0.0000 0.9882
vn -0.1258 -0.0000 0.9921
vn -0.0993 -0.0000 0.9951
vn -0.0735 -0.0000 0.9973
vn -0.0483 -0.0000 0.9988
vn -0.0238 -0.0000 0.9997
vn 0.0004 -0.0000 1.0000
vn 0.0256 -0.0000 0.9997
vn 0.0516 -0.0000 0.9987
vn 0.0781 -0.0000 0.9969
vn 0.1052 -0.0000 0.9945
vn 0.1326 -0.0000 0.9912
vn 0.1605 -0.0000 0.9870
vn 0.1886 -0.0000 0.9821
vn 0.2170 -0.0000 0.9762
vn 0.2455 -0.0000 0.9694
vn 0.2742 -0.0000 0.9617
vn 0.3029 -0.0000 0.9530
vn -0.7989 -0.0000 0.6015
vn -0.2669 -0.0000 0.9637
vn -0.2492 -0.0000 0.9685
vn -0.2340 -0.0000 0.9722
vn -0.2208 -0.0000 0.9753
vn -0.2093 -0.0000 0.9778
vn -0.1992 -0.0000 0.9800
vn -0.1902 -0.0000 0.9817
vn -0.1822 -0.0000 0.9833
vn -0.1750 -0.0000 0.9846
vn -0.1685 -0.0000 0.9857
vn -0.1626 -0.0000 0.9867
vn -0.1551 -0.0000 0.9879
vn -0.1438 -0.0000 0.9896
vn -0.1305 -0.0000 0.9915
vn -0.1172 -0.0000 0.9931
vn -0.1039 -0.0000 0.9946
vn -0.0907 -0.0000 0.9959
vn -0.0776 -0.0000 0.9970
vn -0.0645 -0.0000 0.9979
vn -0.0514 -0.0000 0.9987
vn -0.0384 -0.0000 0.9993
vn -0.0256 -0.0000 0.9997
vn -0.0127 -0.0000 0.9999
vn -0.0003 -0.0000 1.0000
vn 0.0116 -0.0000 0.9999
vn 0.0236 -0.0000 0.9997
vn 0.0360 -0.0000 0.9994
vn 0.0488 -0.0000 0.9988
vn 0.0758 -0.0000 0.9971
vn 0.0900 -0.0000 0.9959
vn 0.1048 -0.0000 0.9945
vn 0.1200 -0.0000 0.9928
vn 0.1358 -0.0000 0.9907
vn 0.1521 -0.0000 0.9884
vn 0.1727 -0.0000 0.9850
vn 0.2013 -0.0000 0.9795
vn 0.2346 -0.0000 0.9721
vn 0.2690 -0.0000 0.9632
vn 0.3042 -0.0000 0.9526
vn 0.3402 -0.0000 0.9403
vn 0.3769 -0.0000 0.9262
vn 0.4141 -0.0000 0.9102
vn 0.4516 -0.0000 0.8922
vn 0.4892 -0.0000 0.8722
vn 0.5266 -0.0000 0.8501
vn 0.5636 -0.0000 0.8260
vn 0.6008 -0.0000 0.7994
vn 0.5637 -0.0000 0.8260
vn 0.6386 -0.0000 0.7696
vn 0.6757 -0.0000 0.7372
vn 0.7113 -0.0000 0.7029
vn 0.7449 -0.0000 0.6672
vn 0.7765 -0.0000 0.6301
vn 0.8058 -0.0000 0.5922
vn 0.8328 -0.0000 0.5536
vn 0.8574 -0.0000 0.5146
vn 0.8796 -0.0000 0.4757
vn 0.8995 -0.0000 0.4369
vn 0.9171 -0.0000 0.3987
vn 0.9330 -0.0000 0.3600
vn 0.9474 -0.0000 0.3202
vn 0.9596 -0.0000 0.2812
vn 0.9473 -0.0000 0.3202
vn 0.9697 -0.0000 0.2445
vn 0.9777 -0.0000 0.2098
vn 0.9697 -0.0000 0.2444
vn 0.9842 -0.0000 0.1773
vn 0.9892 -0.0000 0.1468
vn 0.9930 -0.0000 0.1182
vn 0.9958 -0.0000 0.0914
vn 0.9978 -0.0000 0.0663
vn 0.9991 -0.0000 0.0429
vn 0.9978 -0.0000 0.0664
vn 0.9998 -0.0000 0.0208
vn 1.0000 -0.0000 0.0051
vn 1.0000 -0.0000 -0.0090
vn 0.9993 -0.0000 -0.0369
vn 0.9971 -0.0000 -0.0757
vn 0.9932 -0.0000 -0.1168
vn 0.9871 -0.0000 -0.1602
vn 0.9931 -0.0000 -0.1169
vn 0.9786 -0.0000 -0.2057
vn 0.9674 -0.0000 -0.2532
vn 0.9532 -0.0000 -0.3024
vn 0.9356 -0.0000 -0.3531
vn 0.9144 -0.0000 -0.4047
vn 0.8895 -0.0000 -0.4569
vn 0.8607 -0.0000 -0.5090
vn 0.8319 -0.0000 -0.5549
vn 0.8608 -0.0000 -0.5090
vn 0.8082 -0.0000 -0.5889
vn 0.7875 -0.0000 -0.6163
vn 0.7664 -0.0000 -0.6424
vn 0.7449 -0.0000 -0.6672
vn 0.7663 -0.0000 -0.6424
vn 0.7233 -0.0000 -0.6906
vn 0.7015 -0.0000 -0.7127
vn 0.6797 -0.0000 -0.7334
vn 0.6581 -0.0000 -0.7530
vn 0.6798 -0.0000 -0.7334
vn 0.6366 -0.0000 -0.7712
vn 0.6153 -0.0000 -0.7883
vn 0.5942 -0.0000 -0.8043
vn 0.5562 -0.0000 -0.8310
vn 0.5143 -0.0000 -0.8576
vn 0.4869 -0.0000 -0.8735
vn 0.4601 -0.0000 -0.8879
vn 0.4340 -0.0000 -0.9009
vn 0.4085 -0.0000 -0.9127
vn 0.4339 -0.0000 -0.9009
vn 0.3839 -0.0000 -0.9234
vn 0.3600 -0.0000 -0.9329
vn 0.3369 -0.0000 -0.9415
vn 0.3147 -0.0000 -0.9492
vn 0.2932 -0.0000 -0.9561
vn 0.2725 -0.0000 -0.9622
vn -0.2506 -0.0000 -0.9681
vn -0.2721 -0.0000 -0.9623
vn -0.2266 -0.0000 -0.9740
vn -0.2026 -0.0000 -0.9793
vn -0.1789 -0.0000 -0.9839
vn -0.1554 -0.0000 -0.9878
vn -0.1322 -0.0000 -0.9912
vn -0.1093 -0.0000 -0.9940
vn -0.0867 -0.0000 -0.9962
vn -0.0644 -0.0000 -0.9979
vn -0.0426 -0.0000 -0.9991
vn -0.0211 -0.0000 -0.9998
vn 0.0207 -0.0000 -0.9998
vn 0.1102 -0.0000 -0.9939
vn 0.2345 -0.0000 -0.9721
vn 0.3716 -0.0000 -0.9284
vn 0.5136 -0.0000 -0.8580
vn 0.6489 -0.0000 -0.7609
vn 0.7659 -0.0000 -0.6429
vn 0.8572 -0.0000 -0.5150
vn 0.9215 -0.0000 -0.3883
vn 0.9626 -0.0000 -0.2710
vn 0.9859 -0.0000 -0.1672
vn 0.9970 -0.0000 -0.0776
vn 1.0000 -0.0000 -0.0097
vn 0.9994 -0.0000 0.0351
vn 0.9973 -0.0000 0.0729
vn 0.9935 -0.0000 0.1141
vn 0.9873 -0.0000 0.1589
vn 0.9783 -0.0000 0.2074
vn 0.9657 -0.0000 0.2598
vn 0.9782 -0.0000 0.2074
vn 0.9488 -0.0000 0.3160
vn 0.9267 -0.0000 0.3758
vn 0.9487 -0.0000 0.3160
vn 0.8987 -0.0000 0.4386
vn 0.8639 -0.0000 0.5036
vn 0.8218 -0.0000 0.5698
vn 0.7732 -0.0000 0.6341
vn 0.7200 -0.0000 0.6940
vn 0.6619 -0.0000 0.7496
vn 0.5984 -0.0000 0.8012
vn 0.5309 -0.0000 0.8475
vn 0.4605 -0.0000 0.8876
vn 0.3889 -0.0000 0.9213
vn 0.3176 -0.0000 0.9482
vn 0.2477 -0.0000 0.9688
vn 0.1804 -0.0000 0.9836
vn 0.1165 -0.0000 0.9932
vn 0.0565 -0.0000 0.9984
vn 0.0087 -0.0000 1.0000
vn -0.0202 -0.0000 0.9998
vn -0.0410 -0.0000 0.9992
vn -0.0625 -0.0000 0.9980
vn -0.0847 -0.0000 0.9964
vn -0.1076 -0.0000 0.9942
vn -0.1313 -0.0000 0.9913
vn -0.1557 -0.0000 0.9878
vn -0.1808 -0.0000 0.9835
vn -0.2065 -0.0000 0.9784
vn -0.2329 -0.0000 0.9725
vn -0.2599 -0.0000 0.9656
vn -0.2838 -0.0000 0.9589
vn -0.3008 -0.0000 0.9537
vn -0.3146 -0.0000 0.9492
vn -0.3289 -0.0000 0.9444
vn -0.3437 -0.0000 0.9391
vn -0.3589 -0.0000 0.9334
vn -0.3436 -0.0000 0.9391
vn -0.3745 -0.0000 0.9272
vn -0.3907 -0.0000 0.9205
vn -0.4074 -0.0000 0.9133
vn -0.4245 -0.0000 0.9054
vn -0.4422 -0.0000 0.8969
vn -0.4603 -0.0000 0.8878
vn -0.8572 -0.0000 0.5150
vn -0.8485 -0.0000 -0.5293
vn -0.8572 -0.0000 0.5151
vn -0.4324 -0.0000 -0.9017
vn -0.4175 -0.0000 -0.9087
vn -0.4028 -0.0000 -0.9153
vn -0.3881 -0.0000 -0.9216
vn -0.3735 -0.0000 -0.9276
vn -0.3590 -0.0000 -0.9333
vn -0.3446 -0.0000 -0.9387
vn -0.3304 -0.0000 -0.9438
vn -0.3163 -0.0000 -0.9487
vn -0.3304 -0.0000 -0.9439
vn -0.3023 -0.0000 -0.9532
vn -0.2884 -0.0000 -0.9575
vn -0.5532 -0.0000 -0.8330
vn -0.6220 -0.0000 -0.7830
vn -0.6221 -0.0000 -0.7830
vn -0.4800 -0.0000 -0.8773
vn -0.4106 -0.0000 -0.9118
vn -0.3459 -0.0000 -0.9383
vn -0.2865 -0.0000 -0.9581
vn -0.2323 -0.0000 -0.9726
vn -0.1833 -0.0000 -0.9831
vn -0.1389 -0.0000 -0.9903
vn -0.0988 -0.0000 -0.9951
vn -0.0627 -0.0000 -0.9980
vn -0.0300 -0.0000 -0.9996
vn -0.0030 -0.0000 -1.0000
vn 0.0168 -0.0000 -0.9999
vn 0.0331 -0.0000 -0.9995
vn 0.0488 -0.0000 -0.9988
vn 0.0640 -0.0000 -0.9979
vn 0.0787 -0.0000 -0.9969
vn 0.0929 -0.0000 -0.9957
vn 0.1066 -0.0000 -0.9943
vn 0.1198 -0.0000 -0.9928
vn 0.1325 -0.0000 -0.9912
vn 0.1448 -0.0000 -0.9895
vn 0.1567 -0.0000 -0.9876
vn 0.1449 -0.0000 -0.9895
vn 0.1697 -0.0000 -0.9855
vn 0.1568 -0.0000 -0.9876
vn 0.1859 -0.0000 -0.9826
vn 0.2251 -0.0000 -0.9743
vn 0.2473 -0.0000 -0.9689
vn 0.2714 -0.0000 -0.9625
vn 0.2977 -0.0000 -0.9547
vn 0.3265 -0.0000 -0.9452
vn 0.3579 -0.0000 -0.9338
vn 0.3922 -0.0000 -0.9199
vn 0.4297 -0.0000 -0.9030
vn 0.4707 -0.0000 -0.8823
vn 0.8637 -0.0000 -0.5041
vn 0.4706 -0.0000 -0.8823
vn 0.6771 -0.0000 0.7359
vn -0.0837 -0.0000 0.9965
vn -0.0979 -0.0000 0.9952
vn -0.1552 -0.0000 0.9879
vn -0.1861 -0.0000 0.9825
vn -0.2186 -0.0000 0.9758
vn -0.2527 -0.0000 0.9676
vn -0.2882 -0.0000 0.9576
vn -0.3253 -0.0000 0.9456
vn -0.3638 -0.0000 0.9315
vn -0.4035 -0.0000 0.9150
vn -0.4443 -0.0000 0.8959
vn -0.4911 -0.0000 0.8711
vn -0.5495 -0.0000 0.8355
vn -0.6145 -0.0000 0.7889
vn -0.6799 -0.0000 0.7333
vn -0.7436 -0.0000 0.6686
vn -0.8036 -0.0000 0.5952
vn -0.8575 -0.0000 0.5144
vn -0.9037 -0.0000 0.4282
vn -0.9408 -0.0000 0.3391
vn -0.9684 -0.0000 0.2496
vn -0.9868 -0.0000 0.1621
vn -0.9969 -0.0000 0.0788
vn -0.9868 -0.0000 0.1622
vn -1.0000 -0.0000 0.0028
vn -0.9978 -0.0000 -0.0670
vn -1.0000 -0.0000 0.0027
vn -0.9906 -0.0000 -0.1369
vn -0.9778 -0.0000 -0.2094
vn -0.9590 -0.0000 -0.2834
vn -0.9339 -0.0000 -0.3576
vn -0.9026 -0.0000 -0.4305
vn -0.8656 -0.0000 -0.5008
vn -0.8236 -0.0000 -0.5671
vn -0.8656 -0.0000 -0.5007
vn -0.7778 -0.0000 -0.6285
vn -0.7778 -0.0000 -0.6286
vn -0.6789 -0.0000 -0.7342
vn -0.6789 -0.0000 -0.7343
vn 0.1163 -0.0000 -0.9932
vn 0.1271 -0.0000 -0.9919
vn 0.1069 -0.0000 -0.9943
vn 0.0972 -0.0000 -0.9953
vn 0.0874 -0.0000 -0.9962
vn 0.0773 -0.0000 -0.9970
vn 0.0669 -0.0000 -0.9978
vn 0.0564 -0.0000 -0.9984
vn 0.0456 -0.0000 -0.9990
vn 0.0345 -0.0000 -0.9994
vn 0.0233 -0.0000 -0.9997
vn 0.0117 -0.0000 -0.9999
vn -0.0013 -0.0000 -1.0000
vn -0.0173 -0.0000 -0.9999
vn -0.0350 -0.0000 -0.9994
vn -0.0533 -0.0000 -0.9986
vn -0.0720 -0.0000 -0.9974
vn -0.0913 -0.0000 -0.9958
vn -0.1111 -0.0000 -0.9938
vn -0.1313 -0.0000 -0.9913
vn -0.1521 -0.0000 -0.9884
vn -0.1734 -0.0000 -0.9849
vn -0.1952 -0.0000 -0.9808
vn -0.2174 -0.0000 -0.9761
vn -0.2406 -0.0000 -0.9706
vn -0.2657 -0.0000 -0.9641
vn -0.2919 -0.0000 -0.9564
vn -0.3189 -0.0000 -0.9478
vn -0.3465 -0.0000 -0.9380
vn -0.3747 -0.0000 -0.9271
vn -0.4034 -0.0000 -0.9150
vn -0.4326 -0.0000 -0.9016
vn -0.4621 -0.0000 -0.8868
vn -0.4918 -0.0000 -0.8707
vn -0.5217 -0.0000 -0.8531
vn -0.5516 -0.0000 -0.8341
vn -0.5819 -0.0000 -0.8133
vn -0.6130 -0.0000 -0.7901
vn -0.6443 -0.0000 -0.7648
vn -0.6750 -0.0000 -0.7378
vn -0.6443 -0.0000 -0.7647
vn -0.7049 -0.0000 -0.7093
vn -0.7338 -0.0000 -0.6793
vn -0.7616 -0.0000 -0.6480
vn -0.7881 -0.0000 -0.6156
vn -0.8131 -0.0000 -0.5821
vn -0.8366 -0.0000 -0.5478
vn -0.8584 -0.0000 -0.5129
vn -0.8786 -0.0000 -0.4776
vn -0.8975 -0.0000 -0.4409
vn -0.9158 -0.0000 -0.4017
vn -0.8976 -0.0000 -0.4409
vn -0.9325 -0.0000 -0.3612
vn -0.9158 -0.0000 -0.4016
vn -0.9471 -0.0000 -0.3211
vn -0.9596 -0.0000 -0.2814
vn -0.9702 -0.0000 -0.2425
vn -0.9789 -0.0000 -0.2044
vn -0.9702 -0.0000 -0.2424
vn -0.9859 -0.0000 -0.1673
vn -0.9789 -0.0000 -0.2043
vn -0.9913 -0.0000 -0.1313
vn -0.9953 -0.0000 -0.0966
vn -0.9980 -0.0000 -0.0631
vn -0.9995 -0.0000 -0.0310
vn -1.0000 -0.0000 -0.0076
vn -0.9999 -0.0000 0.0118
vn -0.9988 -0.0000 0.0482
vn -0.9951 -0.0000 0.0988
vn -0.9988 -0.0000 0.0483
vn -0.9884 -0.0000 0.1520
vn -0.9951 -0.0000 0.0989
vn -0.9783 -0.0000 0.2074
vn -0.9884 -0.0000 0.1521
vn -0.9644 -0.0000 0.2646
vn -0.9782 -0.0000 0.2074
vn -0.9464 -0.0000 0.3231
vn -0.9643 -0.0000 0.2647
vn -0.9241 -0.0000 0.3823
vn -0.9463 -0.0000 0.3232
vn -0.8974 -0.0000 0.4412
vn -0.9240 -0.0000 0.3823
vn -0.8665 -0.0000 0.4993
vn -0.8974 -0.0000 0.4413
vn -0.8315 -0.0000 0.5556
vn -0.8664 -0.0000 0.4993
vn -0.7929 -0.0000 0.6094
vn -0.7575 -0.0000 0.6529
vn -0.7331 -0.0000 0.6801
vn -0.7575 -0.0000 0.6528
vn -0.7146 -0.0000 0.6995
vn -0.7332 -0.0000 0.6801
vn -0.6957 -0.0000 0.7183
vn -0.7147 -0.0000 0.6995
vn -0.6764 -0.0000 0.7365
vn -0.6568 -0.0000 0.7541
vn -0.6369 -0.0000 0.7710
vn -0.6168 -0.0000 0.7871
vn -0.6369 -0.0000 0.7709
vn -0.5965 -0.0000 0.8026
vn -0.5761 -0.0000 0.8174
vn -0.5556 -0.0000 0.8315
vn -0.5350 -0.0000 0.8448
vn -0.5055 -0.0000 0.8628
vn -0.4583 -0.0000 0.8888
vn -0.4033 -0.0000 0.9151
vn -0.3506 -0.0000 0.9365
vn -0.3005 -0.0000 0.9538
vn -0.2532 -0.0000 0.9674
vn -0.2089 -0.0000 0.9779
vn -0.1674 -0.0000 0.9859
vn -0.1289 -0.0000 0.9917
vn -0.0930 -0.0000 0.9957
vn -0.0597 -0.0000 0.9982
vn -0.0289 -0.0000 0.9996
vn -0.0031 -0.0000 1.0000
vn 0.0161 -0.0000 0.9999
vn 0.0326 -0.0000 0.9995
vn 0.0496 -0.0000 0.9988
vn 0.0673 -0.0000 0.9977
vn 0.0855 -0.0000 0.9963
vn 0.1042 -0.0000 0.9946
vn 0.1236 -0.0000 0.9923
vn 0.1435 -0.0000 0.9896
vn 0.1640 -0.0000 0.9865
vn 0.1852 -0.0000 0.9827
vn 0.2069 -0.0000 0.9784
vn 0.2293 -0.0000 0.9734
vn 0.2527 -0.0000 0.9675
vn 0.2769 -0.0000 0.9609
vn 0.3018 -0.0000 0.9534
vn 0.3274 -0.0000 0.9449
vn 0.3535 -0.0000 0.9354
vn 0.3802 -0.0000 0.9249
vn 0.4074 -0.0000 0.9132
vn 0.4351 -0.0000 0.9004
vn 0.4631 -0.0000 0.8863
vn 0.4914 -0.0000 0.8709
vn 0.5199 -0.0000 0.8542
vn 0.5494 -0.0000 0.8356
vn 0.5807 -0.0000 0.8141
vn 0.6127 -0.0000 0.7903
vn 0.6444 -0.0000 0.7647
vn 0.6756 -0.0000 0.7373
vn 0.7059 -0.0000 0.7083
vn 0.7354 -0.0000 0.6777
vn 0.7637 -0.0000 0.6456
vn 0.7354 -0.0000 0.6776
vn 0.7907 -0.0000 0.6123
vn 0.8162 -0.0000 0.5778
vn 0.7906 -0.0000 0.6123
vn 0.8401 -0.0000 0.5425
vn 0.8623 -0.0000 0.5064
vn 0.8832 -0.0000 0.4690
vn 0.9032 -0.0000 0.4292
vn 0.9217 -0.0000 0.3880
vn 0.9380 -0.0000 0.3466
vn 0.9216 -0.0000 0.3880
vn 0.9523 -0.0000 0.3052
vn 0.9645 -0.0000 0.2641
vn 0.9747 -0.0000 0.2235
vn 0.9830 -0.0000 0.1836
vn 0.9895 -0.0000 0.1446
vn 0.9943 -0.0000 0.1067
vn 0.9994 -0.0000 0.0344
vn 1.0000 -0.0000 -0.0042
vn 0.9986 -0.0000 -0.0519
vn 1.0000 -0.0000 -0.0041
vn 0.9942 -0.0000 -0.1072
vn 0.9987 -0.0000 -0.0519
vn 0.9861 -0.0000 -0.1662
vn 0.9735 -0.0000 -0.2286
vn 0.9559 -0.0000 -0.2938
vn 0.9325 -0.0000 -0.3611
vn 0.9031 -0.0000 -0.4295
vn 0.8674 -0.0000 -0.4976
vn 0.8256 -0.0000 -0.5643
vn 0.7782 -0.0000 -0.6280
vn 0.7260 -0.0000 -0.6877
vn 0.6703 -0.0000 -0.7421
vn 0.6128 -0.0000 -0.7902
vn 0.5551 -0.0000 -0.8318
vn 0.4984 -0.0000 -0.8669
vn 0.5552 -0.0000 -0.8317
vn 0.4434 -0.0000 -0.8963
vn 0.3909 -0.0000 -0.9205
vn 0.3410 -0.0000 -0.9400
vn 0.2942 -0.0000 -0.9557
vn 0.2505 -0.0000 -0.9681
vn 0.2097 -0.0000 -0.9778
vn 0.1719 -0.0000 -0.9851
vn 0.1368 -0.0000 -0.9906
vn 0.1131 -0.0000 -0.9936
vn 0.7437 -0.0000 -0.6685
vn 0.9998 -0.0000 0.0188
vn 0.9970 -0.0000 0.0776
vn 0.9870 -0.0000 0.1607
vn 0.9685 -0.0000 0.2490
vn 0.9870 -0.0000 0.1606
vn 0.9402 -0.0000 0.3407
vn 0.9013 -0.0000 0.4332
vn 0.8520 -0.0000 0.5236
vn 0.7933 -0.0000 0.6088
vn 0.7273 -0.0000 0.6863
vn 0.6566 -0.0000 0.7543
vn 0.5837 -0.0000 0.8120
vn 0.5112 -0.0000 0.8595
vn 0.4441 -0.0000 0.8960
vn 0.3867 -0.0000 0.9222
vn 0.3360 -0.0000 0.9418
vn 0.2889 -0.0000 0.9574
vn 0.2453 -0.0000 0.9694
vn 0.2051 -0.0000 0.9787
vn 0.1681 -0.0000 0.9858
vn 0.1340 -0.0000 0.9910
vn 0.1027 -0.0000 0.9947
vn 0.0738 -0.0000 0.9973
vn 0.0473 -0.0000 0.9989
vn 0.0228 -0.0000 0.9997
vn 0.0011 -0.0000 1.0000
vn -0.0176 -0.0000 0.9998
vn -0.0533 -0.0000 0.9986
vn -0.0713 -0.0000 0.9975
vn -0.0893 -0.0000 0.9960
vn -0.1075 -0.0000 0.9942
vn -0.1257 -0.0000 0.9921
vn -0.1439 -0.0000 0.9896
vn -0.1622 -0.0000 0.9868
vn -0.1987 -0.0000 0.9801
vn -0.2154 -0.0000 0.9765
vn -0.2291 -0.0000 0.9734
vn -0.2415 -0.0000 0.9704
vn -0.2542 -0.0000 0.9672
vn -0.2672 -0.0000 0.9636
vn -0.2805 -0.0000 0.9599
vn -0.2941 -0.0000 0.9558
vn -0.3081 -0.0000 0.9514
vn -0.3223 -0.0000 0.9466
vn -0.3369 -0.0000 0.9416
vn -0.3517 -0.0000 0.9361
vn -0.3669 -0.0000 0.9303
vn 0.1237 -0.0000 0.9923
vn 0.6115 -0.0000 0.7913
vn 0.6511 -0.0000 0.7590
vn 0.6878 -0.0000 0.7259
vn 0.7216 -0.0000 0.6923
vn 0.7526 -0.0000 0.6585
vn 0.7807 -0.0000 0.6249
vn 0.8062 -0.0000 0.5917
vn 0.8291 -0.0000 0.5591
vn 0.8497 -0.0000 0.5272
vn 0.8681 -0.0000 0.4963
vn 0.8845 -0.0000 0.4665
vn 0.8996 -0.0000 0.4366
vn 0.9144 -0.0000 0.4049
vn 0.8997 -0.0000 0.4366
vn 0.9285 -0.0000 0.3713
vn 0.9416 -0.0000 0.3367
vn 0.9536 -0.0000 0.3011
vn 0.9643 -0.0000 0.2647
vn 0.9738 -0.0000 0.2276
vn 0.9818 -0.0000 0.1900
vn 0.9884 -0.0000 0.1521
vn 0.9935 -0.0000 0.1139
vn 0.9884 -0.0000 0.1520
vn 0.9971 -0.0000 0.0758
vn 0.9993 -0.0000 0.0378
vn 1.0000 -0.0000 -0.0008
vn 0.9993 -0.0000 0.0377
vn 0.9991 -0.0000 -0.0418
vn 0.9963 -0.0000 -0.0860
vn 0.9911 -0.0000 -0.1329
vn 0.9832 -0.0000 -0.1824
vn 0.9721 -0.0000 -0.2345
vn 0.9832 -0.0000 -0.1825
vn 0.9574 -0.0000 -0.2887
vn 0.9387 -0.0000 -0.3447
vn 0.9157 -0.0000 -0.4019
vn 0.8881 -0.0000 -0.4596
vn 0.8559 -0.0000 -0.5171
vn 0.8193 -0.0000 -0.5734
vn 0.7804 -0.0000 -0.6252
vn 0.7432 -0.0000 -0.6691
vn 0.7073 -0.0000 -0.7069
vn 0.6714 -0.0000 -0.7411
vn 0.6360 -0.0000 -0.7717
vn 0.6011 -0.0000 -0.7991
vn 0.5672 -0.0000 -0.8236
vn 0.5345 -0.0000 -0.8452
vn 0.5029 -0.0000 -0.8644
vn 0.5344 -0.0000 -0.8452
vn 0.4726 -0.0000 -0.8813
vn 0.4437 -0.0000 -0.8962
vn 0.4161 -0.0000 -0.9093
vn 0.3730 -0.0000 -0.9278
vn 0.3317 -0.0000 -0.9434
vn 0.3094 -0.0000 -0.9509
vn 0.2878 -0.0000 -0.9577
vn 0.2670 -0.0000 -0.9637
vn 0.2469 -0.0000 -0.9690
vn 0.2276 -0.0000 -0.9738
vn 0.2089 -0.0000 -0.9779
vn 0.1910 -0.0000 -0.9816
vn 0.1737 -0.0000 -0.9848
vn 0.1571 -0.0000 -0.9876
vn 0.1410 -0.0000 -0.9900
vn 0.2719 -0.0000 0.9623
vn 0.2937 -0.0000 0.9559
vn 0.2457 -0.0000 0.9694
vn 0.2196 -0.0000 0.9756
vn 0.1937 -0.0000 0.9811
vn 0.1428 -0.0000 0.9897
vn 0.1179 -0.0000 0.9930
vn 0.0934 -0.0000 0.9956
vn 0.0693 -0.0000 0.9976
vn 0.0457 -0.0000 0.9990
vn 0.0226 -0.0000 0.9997
vn -0.0011 -0.0000 1.0000
vn -0.0269 -0.0000 0.9996
vn -0.0542 -0.0000 0.9985
vn -0.0818 -0.0000 0.9966
vn -0.1097 -0.0000 0.9940
vn -0.1378 -0.0000 0.9905
vn -0.1661 -0.0000 0.9861
vn -0.1945 -0.0000 0.9809
vn -0.2228 -0.0000 0.9749
vn -0.2512 -0.0000 0.9679
vn -0.2793 -0.0000 0.9602
vn -0.3073 -0.0000 0.9516
vn -0.3356 -0.0000 0.9420
vn -0.3651 -0.0000 0.9310
vn -0.3953 -0.0000 0.9186
vn -0.4256 -0.0000 0.9049
vn -0.4559 -0.0000 0.8900
vn -0.4861 -0.0000 0.8739
vn -0.5161 -0.0000 0.8565
vn -0.5458 -0.0000 0.8379
vn -0.5749 -0.0000 0.8182
vn -0.6035 -0.0000 0.7973
vn -0.5750 -0.0000 0.8182
vn -0.6314 -0.0000 0.7754
vn -0.6036 -0.0000 0.7973
vn -0.6585 -0.0000 0.7526
vn -0.6849 -0.0000 0.7287
vn -0.7108 -0.0000 0.7034
vn -0.6849 -0.0000 0.7286
vn -0.7358 -0.0000 0.6772
vn -0.7596 -0.0000 0.6504
vn -0.7822 -0.0000 0.6230
vn -0.7823 -0.0000 0.6230
vn -0.8237 -0.0000 0.5671
vn -0.8036 -0.0000 0.5951
vn -0.8424 -0.0000 0.5388
vn -0.8599 -0.0000 0.5105
vn -0.8425 -0.0000 0.5388
vn -0.8761 -0.0000 0.4822
vn -0.8910 -0.0000 0.4541
vn -0.9046 -0.0000 0.4263
vn -0.8909 -0.0000 0.4541
vn -0.9181 -0.0000 0.3962
vn -0.9325 -0.0000 0.3613
vn -0.9460 -0.0000 0.3241
vn -0.9578 -0.0000 0.2875
vn -0.9678 -0.0000 0.2516
vn -0.9763 -0.0000 0.2164
vn -0.9833 -0.0000 0.1822
vn -0.9888 -0.0000 0.1491
vn -0.9931 -0.0000 0.1170
vn -0.9963 -0.0000 0.0861
vn -0.9984 -0.0000 0.0562
vn -0.9996 -0.0000 0.0276
vn -0.9984 -0.0000 0.0563
vn -1.0000 -0.0000 -0.0054
vn -0.9987 -0.0000 -0.0503
vn -0.9946 -0.0000 -0.1041
vn -0.9868 -0.0000 -0.1620
vn -0.9746 -0.0000 -0.2238
vn -0.9573 -0.0000 -0.2891
vn -0.9341 -0.0000 -0.3571
vn -0.9043 -0.0000 -0.4269
vn -0.8676 -0.0000 -0.4972
vn -0.8241 -0.0000 -0.5665
vn -0.7740 -0.0000 -0.6332
vn -0.7182 -0.0000 -0.6958
vn -0.6621 -0.0000 -0.7494
vn -0.6111 -0.0000 -0.7915
vn -0.5613 -0.0000 -0.8276
vn -0.5084 -0.0000 -0.8611
vn -0.4530 -0.0000 -0.8915
vn -0.3958 -0.0000 -0.9183
vn -0.3375 -0.0000 -0.9413
vn -0.2787 -0.0000 -0.9604
vn -0.2201 -0.0000 -0.9755
vn -0.1625 -0.0000 -0.9867
vn -0.1064 -0.0000 -0.9943
vn -0.0522 -0.0000 -0.9986
vn -0.0079 -0.0000 -1.0000
vn 0.0200 -0.0000 -0.9998
vn 0.0408 -0.0000 -0.9992
vn 0.0625 -0.0000 -0.9980
vn 0.0852 -0.0000 -0.9964
vn 0.1089 -0.0000 -0.9941
vn 0.1335 -0.0000 -0.9910
vn 0.1593 -0.0000 -0.9872
vn 0.1336 -0.0000 -0.9910
vn 0.1860 -0.0000 -0.9825
vn 0.2138 -0.0000 -0.9769
vn 0.2427 -0.0000 -0.9701
vn 0.2725 -0.0000 -0.9621
vn 0.2976 -0.0000 -0.9547
vn 0.3119 -0.0000 -0.9501
vn 0.3207 -0.0000 -0.9472
vn 0.3299 -0.0000 -0.9440
vn 0.3393 -0.0000 -0.9407
vn 0.3490 -0.0000 -0.9371
vn 0.3590 -0.0000 -0.9333
vn 0.3693 -0.0000 -0.9293
vn 0.3800 -0.0000 -0.9250
vn 0.3909 -0.0000 -0.9204
vn 0.4022 -0.0000 -0.9155
vn 0.4139 -0.0000 -0.9103
vn 0.4022 -0.0000 -0.9156
vn -0.0953 -0.0000 -0.9954
vn 0.4138 -0.0000 -0.9103
vn -0.5956 -0.0000 -0.8032
vn -0.0954 -0.0000 -0.9954
vn -0.6183 -0.0000 -0.7860
vn -0.5956 -0.0000 -0.8033
vn -0.6414 -0.0000 -0.7672
vn -0.6650 -0.0000 -0.7469
vn -0.6889 -0.0000 -0.7249
vn -0.7130 -0.0000 -0.7011
vn -0.7374 -0.0000 -0.6755
vn -0.7617 -0.0000 -0.6480
vn -0.7373 -0.0000 -0.6755
vn -0.7858 -0.0000 -0.6185
vn -0.8096 -0.0000 -0.5870
vn -0.8564 -0.0000 -0.5163
vn -0.8807 -0.0000 -0.4738
vn -0.8564 -0.0000 -0.5164
vn -0.9036 -0.0000 -0.4283
vn -0.9240 -0.0000 -0.3825
vn -0.9417 -0.0000 -0.3365
vn -0.9568 -0.0000 -0.2907
vn -0.9694 -0.0000 -0.2456
vn -0.9568 -0.0000 -0.2908
vn -0.9795 -0.0000 -0.2013
vn -0.9874 -0.0000 -0.1582
vn -0.9932 -0.0000 -0.1164
vn -0.9971 -0.0000 -0.0760
vn -0.9993 -0.0000 -0.0373
vn -0.9971 -0.0000 -0.0761
vn -0.9999 -0.0000 0.0110
vn -0.9966 -0.0000 0.0828
vn -0.9855 -0.0000 0.1695
vn -0.9966 -0.0000 0.0827
vn -0.9658 -0.0000 0.2593
vn -0.9368 -0.0000 0.3499
vn -0.8987 -0.0000 0.4386
vn -0.9368 -0.0000 0.3498
vn -0.8522 -0.0000 0.5231
vn -0.7991 -0.0000 0.6012
vn -0.8523 -0.0000 0.5231
vn -0.7411 -0.0000 0.6714
vn -0.6805 -0.0000 0.7328
vn -0.6191 -0.0000 0.7853
vn -0.5587 -0.0000 0.8294
vn -0.5007 -0.0000 0.8656
vn -0.4455 -0.0000 0.8953
vn -0.5006 -0.0000 0.8657
vn -0.3925 -0.0000 0.9198
vn -0.3416 -0.0000 0.9399
vn -0.3924 -0.0000 0.9198
vn -0.2931 -0.0000 0.9561
vn -0.2474 -0.0000 0.9689
vn -0.2043 -0.0000 0.9789
vn -0.1641 -0.0000 0.9865
vn -0.1264 -0.0000 0.9920
vn -0.0914 -0.0000 0.9958
vn -0.0588 -0.0000 0.9983
vn -0.0285 -0.0000 0.9996
vn -0.0008 -0.0000 1.0000
vn 0.0250 -0.0000 0.9997
vn 0.0506 -0.0000 0.9987
vn 0.0770 -0.0000 0.9970
vn 0.1040 -0.0000 0.9946
vn 0.1318 -0.0000 0.9913
vn 0.1603 -0.0000 0.9871
vn 0.1893 -0.0000 0.9819
vn 0.2189 -0.0000 0.9757
vn 0.2489 -0.0000 0.9685
vn 0.2794 -0.0000 0.9602
vn 0.3101 -0.0000 0.9507
vn 0.3402 -0.0000 0.9404
vn 0.3688 -0.0000 0.9295
vn 0.3968 -0.0000 0.9179
vn 0.4252 -0.0000 0.9051
vn 0.3969 -0.0000 0.9179
vn 0.4537 -0.0000 0.8912
vn 0.4823 -0.0000 0.8760
vn 0.4537 -0.0000 0.8911
vn 0.5109 -0.0000 0.8596
vn 0.5394 -0.0000 0.8420
vn 0.5677 -0.0000 0.8232
vn 0.5956 -0.0000 0.8033
vn 0.6231 -0.0000 0.7822
vn 0.6500 -0.0000 0.7600
vn 0.6763 -0.0000 0.7366
vn 0.7021 -0.0000 0.7121
vn 0.7272 -0.0000 0.6865
vn 0.7020 -0.0000 0.7121
vn 0.7515 -0.0000 0.6598
vn 0.7749 -0.0000 0.6321
vn 0.7972 -0.0000 0.6037
vn 0.8185 -0.0000 0.5745
vn 0.8386 -0.0000 0.5447
vn 0.8575 -0.0000 0.5145
vn 0.8386 -0.0000 0.5448
vn 0.8751 -0.0000 0.4840
vn 0.8914 -0.0000 0.4532
vn 0.9064 -0.0000 0.4224
vn 0.9204 -0.0000 0.3909
vn 0.9337 -0.0000 0.3579
vn 0.9460 -0.0000 0.3240
vn 0.9338 -0.0000 0.3579
vn 0.9570 -0.0000 0.2901
vn 0.9666 -0.0000 0.2561
vn 0.9750 -0.0000 0.2224
vn 0.9820 -0.0000 0.1889
vn 0.9878 -0.0000 0.1559
vn 0.9924 -0.0000 0.1234
vn 0.9958 -0.0000 0.0915
vn 0.9982 -0.0000 0.0602
vn 0.9996 -0.0000 0.0298
vn 1.0000 -0.0000 0.0005
vn 0.9996 -0.0000 -0.0279
vn 0.9984 -0.0000 -0.0567
vn 0.9962 -0.0000 -0.0867
vn 0.9930 -0.0000 -0.1178
vn 0.9887 -0.0000 -0.1500
vn 0.9831 -0.0000 -0.1832
vn 0.9761 -0.0000 -0.2173
vn 0.9831 -0.0000 -0.1831
vn 0.9676 -0.0000 -0.2523
vn 0.9576 -0.0000 -0.2881
vn 0.9459 -0.0000 -0.3245
vn 0.9324 -0.0000 -0.3613
vn 0.9180 -0.0000 -0.3967
vn 0.9034 -0.0000 -0.4287
vn 0.9179 -0.0000 -0.3967
vn 0.8883 -0.0000 -0.4594
vn 0.8716 -0.0000 -0.4902
vn 0.8534 -0.0000 -0.5213
vn 0.8716 -0.0000 -0.4903
vn 0.8336 -0.0000 -0.5523
vn 0.8123 -0.0000 -0.5832
vn 0.7895 -0.0000 -0.6138
vn 0.7651 -0.0000 -0.6439
vn 0.7393 -0.0000 -0.6733
vn 0.7122 -0.0000 -0.7020
vn 0.6837 -0.0000 -0.7297
vn 0.6554 -0.0000 -0.7553
vn 0.6284 -0.0000 -0.7779
vn 0.6019 -0.0000 -0.7986
vn 0.5747 -0.0000 -0.8184
vn 0.5468 -0.0000 -0.8373
vn 0.5184 -0.0000 -0.8551
vn 0.4896 -0.0000 -0.8720
vn 0.4604 -0.0000 -0.8877
vn 0.4310 -0.0000 -0.9023
vn 0.4015 -0.0000 -0.9158
vn 0.3720 -0.0000 -0.9282
vn 0.4015 -0.0000 -0.9159
vn 0.3426 -0.0000 -0.9395
vn 0.3141 -0.0000 -0.9494
vn 0.2870 -0.0000 -0.9579
vn 0.2605 -0.0000 -0.9655
vn 0.2339 -0.0000 -0.9722
vn 0.2073 -0.0000 -0.9783
vn 0.2339 -0.0000 -0.9723
vn 0.1808 -0.0000 -0.9835
vn 0.1543 -0.0000 -0.9880
vn 0.1279 -0.0000 -0.9918
vn 0.1017 -0.0000 -0.9948
vn 0.0758 -0.0000 -0.9971
vn 0.0502 -0.0000 -0.9987
vn 0.0249 -0.0000 -0.9997
vn -0.0015 -0.0000 -1.0000
vn -0.0316 -0.0000 -0.9995
vn -0.1018 -0.0000 -0.9948
vn -0.1411 -0.0000 -0.9900
vn -0.2285 -0.0000 -0.9735
vn -0.2768 -0.0000 -0.9609
vn -0.3280 -0.0000 -0.9447
vn -0.3820 -0.0000 -0.9242
vn -0.4382 -0.0000 -0.8989
vn -0.3819 -0.0000 -0.9242
vn -0.4962 -0.0000 -0.8682
vn -0.5530 -0.0000 -0.8332
vn -0.6067 -0.0000 -0.7949
vn -0.6598 -0.0000 -0.7514
vn -0.6068 -0.0000 -0.7949
vn -0.7135 -0.0000 -0.7006
vn -0.7665 -0.0000 -0.6422
vn -0.8174 -0.0000 -0.5761
vn -0.7666 -0.0000 -0.6422
vn -0.8644 -0.0000 -0.5028
vn -0.8174 -0.0000 -0.5760
vn -0.9059 -0.0000 -0.4235
vn -0.9405 -0.0000 -0.3397
vn -0.9059 -0.0000 -0.4234
vn -0.9673 -0.0000 -0.2534
vn -0.9860 -0.0000 -0.1669
vn -0.9674 -0.0000 -0.2534
vn -0.9966 -0.0000 -0.0820
vn -0.9860 -0.0000 -0.1668
vn -0.9999 -0.0000 -0.0102
vn -0.9992 -0.0000 0.0400
vn -0.9967 -0.0000 0.0806
vn -0.9992 -0.0000 0.0399
vn -0.9926 -0.0000 0.1216
vn -0.9968 -0.0000 0.0805
vn -0.9866 -0.0000 0.1630
vn -0.9789 -0.0000 0.2044
vn -0.9693 -0.0000 0.2458
vn -0.9580 -0.0000 0.2867
vn -0.9450 -0.0000 0.3271
vn -0.9303 -0.0000 0.3667
vn -0.9142 -0.0000 0.4053
vn -0.9304 -0.0000 0.3666
vn -0.8967 -0.0000 0.4427
vn -0.9142 -0.0000 0.4052
vn -0.8802 -0.0000 0.4746
vn -0.8967 -0.0000 0.4426
vn -0.8674 -0.0000 0.4976
vn -0.8563 -0.0000 0.5165
vn -0.8674 -0.0000 0.4977
vn -0.8445 -0.0000 0.5355
vn -0.8562 -0.0000 0.5166
vn -0.8321 -0.0000 0.5547
vn -0.8445 -0.0000 0.5356
vn -0.8189 -0.0000 0.5740
vn -0.8320 -0.0000 0.5548
vn -0.8050 -0.0000 0.5933
vn -0.7905 -0.0000 0.6125
vn -0.7752 -0.0000 0.6317
vn -0.7592 -0.0000 0.6508
vn -0.7425 -0.0000 0.6698
vn -0.7252 -0.0000 0.6886
vn -0.1820 -0.0000 0.9833
vn 0.4125 -0.0000 0.9110
vn 0.3996 -0.0000 0.9167
vn 0.4124 -0.0000 0.9110
vn 0.3873 -0.0000 0.9220
vn 0.3756 -0.0000 0.9268
vn 0.3644 -0.0000 0.9312
vn 0.3537 -0.0000 0.9354
vn 0.3434 -0.0000 0.9392
vn 0.3336 -0.0000 0.9427
vn 0.3152 -0.0000 0.9490
vn 0.3066 -0.0000 0.9518
vn -0.1376 -0.0000 0.9905
vn -0.1519 -0.0000 0.9884
vn -0.1266 -0.0000 0.9920
vn -0.1153 -0.0000 0.9933
vn -0.1038 -0.0000 0.9946
vn -0.0919 -0.0000 0.9958
vn -0.1037 -0.0000 0.9946
vn -0.0797 -0.0000 0.9968
vn -0.0672 -0.0000 0.9977
vn -0.0544 -0.0000 0.9985
vn -0.0413 -0.0000 0.9991
vn -0.0279 -0.0000 0.9996
vn -0.0141 -0.0000 0.9999
vn 0.0023 -0.0000 1.0000
vn 0.0237 -0.0000 0.9997
vn 0.0478 -0.0000 0.9989
vn 0.0724 -0.0000 0.9974
vn 0.0975 -0.0000 0.9952
vn 0.1231 -0.0000 0.9924
vn 0.1491 -0.0000 0.9888
vn 0.1754 -0.0000 0.9845
vn 0.2021 -0.0000 0.9794
vn 0.2290 -0.0000 0.9734
vn 0.2020 -0.0000 0.9794
vn 0.2561 -0.0000 0.9667
vn 0.2833 -0.0000 0.9590
vn 0.3112 -0.0000 0.9504
vn 0.3701 -0.0000 0.9290
vn 0.4001 -0.0000 0.9165
vn 0.4302 -0.0000 0.9027
vn 0.4603 -0.0000 0.8877
vn 0.4903 -0.0000 0.8716
vn 0.5200 -0.0000 0.8542
vn 0.5493 -0.0000 0.8356
vn 0.5782 -0.0000 0.8159
vn 0.6064 -0.0000 0.7952
vn 0.6339 -0.0000 0.7734
vn 0.6614 -0.0000 0.7501
vn 0.6894 -0.0000 0.7244
vn 0.7170 -0.0000 0.6970
vn 0.7435 -0.0000 0.6687
vn 0.7687 -0.0000 0.6396
vn 0.7926 -0.0000 0.6097
vn 0.8150 -0.0000 0.5794
vn 0.7926 -0.0000 0.6098
vn 0.8360 -0.0000 0.5488
vn 0.8555 -0.0000 0.5179
vn 0.8734 -0.0000 0.4869
vn 0.8554 -0.0000 0.5179
vn 0.8899 -0.0000 0.4561
vn 0.9050 -0.0000 0.4255
vn 0.9194 -0.0000 0.3934
vn 0.9337 -0.0000 0.3580
vn 0.9470 -0.0000 0.3213
vn 0.9585 -0.0000 0.2851
vn 0.9684 -0.0000 0.2495
vn 0.9585 -0.0000 0.2850
vn 0.9767 -0.0000 0.2147
vn 0.9835 -0.0000 0.1809
vn 0.9890 -0.0000 0.1480
vn 0.9932 -0.0000 0.1162
vn 0.9963 -0.0000 0.0855
vn 0.9984 -0.0000 0.0559
vn 0.9996 -0.0000 0.0274
vn 1.0000 -0.0000 -0.0001
vn 0.9996 -0.0000 -0.0280
vn 0.9984 -0.0000 -0.0570
vn 0.9962 -0.0000 -0.0874
vn 0.9929 -0.0000 -0.1191
vn 0.9884 -0.0000 -0.1521
vn 0.9825 -0.0000 -0.1863
vn 0.9751 -0.0000 -0.2217
vn 0.9661 -0.0000 -0.2582
vn 0.9553 -0.0000 -0.2957
vn 0.9426 -0.0000 -0.3340
vn 0.9278 -0.0000 -0.3730
vn 0.9123 -0.0000 -0.4096
vn 0.8976 -0.0000 -0.4408
vn 0.8829 -0.0000 -0.4696
vn 0.8668 -0.0000 -0.4987
vn 0.8493 -0.0000 -0.5280
vn 0.8303 -0.0000 -0.5574
vn 0.8098 -0.0000 -0.5867
vn 0.8303 -0.0000 -0.5573
vn 0.7878 -0.0000 -0.6159
vn 0.7644 -0.0000 -0.6447
vn 0.7395 -0.0000 -0.6731
vn 0.7133 -0.0000 -0.7009
vn 0.6857 -0.0000 -0.7279
vn 0.6580 -0.0000 -0.7530
vn 0.6857 -0.0000 -0.7278
vn 0.6312 -0.0000 -0.7756
vn 0.6046 -0.0000 -0.7965
vn 0.5771 -0.0000 -0.8167
vn 0.5488 -0.0000 -0.8359
vn 0.5198 -0.0000 -0.8543
vn 0.5488 -0.0000 -0.8360
vn 0.4903 -0.0000 -0.8716
vn 0.4602 -0.0000 -0.8878
vn 0.4298 -0.0000 -0.9029
vn 0.3992 -0.0000 -0.9169
vn 0.3684 -0.0000 -0.9297
vn 0.3375 -0.0000 -0.9413
vn 0.3083 -0.0000 -0.9513
vn 0.2823 -0.0000 -0.9593
vn 0.2575 -0.0000 -0.9663
vn 0.2324 -0.0000 -0.9726
vn 0.2071 -0.0000 -0.9783
vn 0.1815 -0.0000 -0.9834
vn 0.1557 -0.0000 -0.9878
vn 0.1298 -0.0000 -0.9915
vn 0.1038 -0.0000 -0.9946
vn 0.0777 -0.0000 -0.9970
vn 0.0517 -0.0000 -0.9987
vn 0.0258 -0.0000 -0.9997
vn 0.0001 -0.0000 -1.0000
vn -0.0256 -0.0000 -0.9997
vn -0.0519 -0.0000 -0.9987
vn -0.0789 -0.0000 -0.9969
vn -0.1065 -0.0000 -0.9943
vn -0.1348 -0.0000 -0.9909
vn -0.1637 -0.0000 -0.9865
vn -0.1930 -0.0000 -0.9812
vn -0.2229 -0.0000 -0.9748
vn -0.1931 -0.0000 -0.9812
vn -0.2531 -0.0000 -0.9674
vn -0.2837 -0.0000 -0.9589
vn -0.3144 -0.0000 -0.9493
vn -0.3440 -0.0000 -0.9390
vn -0.3715 -0.0000 -0.9284
vn -0.3441 -0.0000 -0.9390
vn -0.3980 -0.0000 -0.9174
vn -0.4248 -0.0000 -0.9053
vn -0.4518 -0.0000 -0.8921
vn -0.4789 -0.0000 -0.8779
vn -0.5061 -0.0000 -0.8625
vn -0.5332 -0.0000 -0.8460
vn -0.5601 -0.0000 -0.8284
vn -0.5868 -0.0000 -0.8097
vn -0.6131 -0.0000 -0.7900
vn -0.6390 -0.0000 -0.7692
vn -0.6132 -0.0000 -0.7900
vn -0.6646 -0.0000 -0.7472
vn -0.6900 -0.0000 -0.7238
vn -0.7151 -0.0000 -0.6990
vn -0.7394 -0.0000 -0.6733
vn -0.7629 -0.0000 -0.6465
vn -0.7856 -0.0000 -0.6188
vn -0.8072 -0.0000 -0.5903
vn -0.8277 -0.0000 -0.5612
vn -0.8471 -0.0000 -0.5315
vn -0.8653 -0.0000 -0.5013
vn -0.8822 -0.0000 -0.4708
vn -0.8979 -0.0000 -0.4402
vn -0.9127 -0.0000 -0.4087
vn -0.9268 -0.0000 -0.3756
vn -0.9400 -0.0000 -0.3413
vn -0.9518 -0.0000 -0.3066
vn -0.9624 -0.0000 -0.2717
vn -0.9716 -0.0000 -0.2367
vn -0.9794 -0.0000 -0.2017
vn -0.9912 -0.0000 -0.1325
vn -0.9951 -0.0000 -0.0985
vn -0.9979 -0.0000 -0.0650
vn -0.9995 -0.0000 -0.0322
vn -1.0000 -0.0000 0.0039
vn -0.9988 -0.0000 0.0489
vn -0.9949 -0.0000 0.1011
vn -0.9876 -0.0000 0.1569
vn -0.9763 -0.0000 0.2162
vn -0.9604 -0.0000 0.2787
vn -0.9391 -0.0000 0.3436
vn -0.9604 -0.0000 0.2786
vn -0.9120 -0.0000 0.4102
vn -0.8787 -0.0000 0.4774
vn -0.8392 -0.0000 0.5438
vn -0.7937 -0.0000 0.6082
vn -0.7430 -0.0000 0.6693
vn -0.7938 -0.0000 0.6082
vn -0.6907 -0.0000 0.7232
vn -0.7430 -0.0000 0.6692
vn -0.6412 -0.0000 0.7673
vn -0.6907 -0.0000 0.7231
vn -0.5932 -0.0000 0.8051
vn -0.5442 -0.0000 0.8389
vn -0.4951 -0.0000 0.8689
vn -0.4463 -0.0000 0.8949
vn -0.4951 -0.0000 0.8688
vn -0.3984 -0.0000 0.9172
vn -0.3067 -0.0000 0.9518
vn -0.2634 -0.0000 0.9647
vn -0.2221 -0.0000 0.9750
vn -0.1829 -0.0000 0.9831
vn -0.2222 -0.0000 0.9750
vn -0.1560 -0.0000 0.9878
vn -0.8609 -0.0000 0.5088
vn -0.9257 -0.0000 -0.3784
vn -0.8978 -0.0000 -0.4404
vn -0.8650 -0.0000 -0.5018
vn -0.8978 -0.0000 -0.4405
vn -0.8274 -0.0000 -0.5616
vn -0.8649 -0.0000 -0.5019
vn -0.7855 -0.0000 -0.6188
vn -0.8274 -0.0000 -0.5617
vn -0.7400 -0.0000 -0.6726
vn -0.6917 -0.0000 -0.7222
vn -0.5899 -0.0000 -0.8075
vn -0.5383 -0.0000 -0.8428
vn -0.4870 -0.0000 -0.8734
vn -0.5382 -0.0000 -0.8428
vn -0.4396 -0.0000 -0.8982
vn -0.3983 -0.0000 -0.9172
vn -0.3598 -0.0000 -0.9330
vn -0.3212 -0.0000 -0.9470
vn -0.2827 -0.0000 -0.9592
vn -0.2446 -0.0000 -0.9696
vn -0.2071 -0.0000 -0.9783
vn -0.1702 -0.0000 -0.9854
vn -0.1342 -0.0000 -0.9910
vn -0.0991 -0.0000 -0.9951
vn -0.0650 -0.0000 -0.9979
vn -0.0320 -0.0000 -0.9995
vn -0.0025 -0.0000 -1.0000
vn 0.0216 -0.0000 -0.9998
vn 0.0435 -0.0000 -0.9991
vn 0.0657 -0.0000 -0.9978
vn 0.0883 -0.0000 -0.9961
vn 0.1112 -0.0000 -0.9938
vn 0.1343 -0.0000 -0.9909
vn 0.1577 -0.0000 -0.9875
vn 0.1812 -0.0000 -0.9834
vn 0.1576 -0.0000 -0.9875
vn 0.2049 -0.0000 -0.9788
vn 0.2287 -0.0000 -0.9735
vn 0.2526 -0.0000 -0.9676
vn 0.2743 -0.0000 -0.9616
vn 0.2919 -0.0000 -0.9564
vn 0.2743 -0.0000 -0.9617
vn 0.3080 -0.0000 -0.9514
vn 0.2919 -0.0000 -0.9565
vn 0.3249 -0.0000 -0.9457
vn 0.3427 -0.0000 -0.9395
vn 0.3249 -0.0000 -0.9458
vn 0.3613 -0.0000 -0.9324
vn 0.3809 -0.0000 -0.9246
vn 0.4231 -0.0000 -0.9061
vn 0.4457 -0.0000 -0.8952
vn 0.4230 -0.0000 -0.9061
vn 0.4694 -0.0000 -0.8830
vn 0.4942 -0.0000 -0.8693
vn -0.0239 -0.0000 -0.9997
vn -0.5648 -0.0000 -0.8252
vn -0.0240 -0.0000 -0.9997
vn -0.5985 -0.0000 -0.8011
vn -0.5649 -0.0000 -0.8252
vn -0.6310 -0.0000 -0.7758
vn -0.5986 -0.0000 -0.8011
vn -0.6311 -0.0000 -0.7757
vn -0.6622 -0.0000 -0.7494
vn -0.7198 -0.0000 -0.6942
vn -0.6918 -0.0000 -0.7221
vn -0.7462 -0.0000 -0.6658
vn -0.7709 -0.0000 -0.6370
vn -0.7939 -0.0000 -0.6080
vn -0.8153 -0.0000 -0.5790
vn -0.8350 -0.0000 -0.5502
vn -0.8543 -0.0000 -0.5198
vn -0.8744 -0.0000 -0.4852
vn -0.8945 -0.0000 -0.4471
vn -0.8744 -0.0000 -0.4851
vn -0.9133 -0.0000 -0.4072
vn -0.8945 -0.0000 -0.4470
vn -0.9308 -0.0000 -0.3656
vn -0.9134 -0.0000 -0.4071
vn -0.9466 -0.0000 -0.3224
vn -0.9308 -0.0000 -0.3655
vn -0.9606 -0.0000 -0.2780
vn -0.9726 -0.0000 -0.2325
vn -0.9825 -0.0000 -0.1863
vn -0.9902 -0.0000 -0.1397
vn -0.9957 -0.0000 -0.0929
vn -0.9989 -0.0000 -0.0463
vn -0.9957 -0.0000 -0.0928
vn -1.0000 -0.0000 0.0083
vn -0.9989 -0.0000 -0.0462
vn -0.9967 -0.0000 0.0817
vn -1.0000 -0.0000 0.0084
vn -0.9857 -0.0000 0.1683
vn -0.9967 -0.0000 0.0818
vn -0.9659 -0.0000 0.2589
vn -0.9362 -0.0000 0.3514
vn -0.9659 -0.0000 0.2590
vn -0.8965 -0.0000 0.4431
vn -0.9362 -0.0000 0.3515
vn -0.8474 -0.0000 0.5310
vn -0.7904 -0.0000 0.6126
vn -0.7277 -0.0000 0.6859
vn -0.6616 -0.0000 0.7499
vn -0.7276 -0.0000 0.6860
vn -0.5945 -0.0000 0.8041
vn -0.5284 -0.0000 0.8490
vn -0.4756 -0.0000 0.8797
vn -0.4417 -0.0000 0.8971
vn -0.4142 -0.0000 0.9102
vn -0.3866 -0.0000 0.9223
vn -0.3590 -0.0000 0.9333
vn -0.3316 -0.0000 0.9434
vn -0.3044 -0.0000 0.9526
vn -0.2774 -0.0000 0.9608
vn -0.2507 -0.0000 0.9681
vn -0.2245 -0.0000 0.9745
vn -0.1986 -0.0000 0.9801
vn -0.1733 -0.0000 0.9849
vn 0.6666 -0.0000 0.7454
vn 0.7171 -0.0000 0.6970
vn 0.6040 -0.0000 0.7970
vn 0.5383 -0.0000 0.8428
vn 0.4709 -0.0000 0.8822
vn 0.4033 -0.0000 0.9150
vn 0.3368 -0.0000 0.9416
vn 0.4033 -0.0000 0.9151
vn 0.2724 -0.0000 0.9622
vn 0.2108 -0.0000 0.9775
vn 0.1526 -0.0000 0.9883
vn 0.0981 -0.0000 0.9952
vn 0.0474 -0.0000 0.9989
vn 0.0045 -0.0000 1.0000
vn -0.0286 -0.0000 0.9996
vn -0.0582 -0.0000 0.9983
vn -0.0892 -0.0000 0.9960
vn -0.0583 -0.0000 0.9983
vn -0.1214 -0.0000 0.9926
vn -0.1548 -0.0000 0.9879
vn -0.1894 -0.0000 0.9819
vn -0.2252 -0.0000 0.9743
vn -0.1895 -0.0000 0.9819
vn -0.2619 -0.0000 0.9651
vn -0.2995 -0.0000 0.9541
vn -0.3378 -0.0000 0.9412
vn -0.3767 -0.0000 0.9264
vn -0.4127 -0.0000 0.9109
vn -0.4429 -0.0000 0.8966
vn -0.4705 -0.0000 0.8824
vn -0.4985 -0.0000 0.8669
vn -0.4704 -0.0000 0.8824
vn -0.5268 -0.0000 0.8500
vn -0.4984 -0.0000 0.8669
vn -0.5554 -0.0000 0.8316
vn -0.5840 -0.0000 0.8117
vn -0.5553 -0.0000 0.8316
vn -0.6127 -0.0000 0.7903
vn -0.6412 -0.0000 0.7674
vn -0.6694 -0.0000 0.7429
vn -0.6972 -0.0000 0.7169
vn -0.7244 -0.0000 0.6894
vn -0.7493 -0.0000 0.6622
vn -0.7707 -0.0000 0.6371
vn -0.7902 -0.0000 0.6128
vn -0.7707 -0.0000 0.6372
vn -0.8091 -0.0000 0.5877
vn -0.7902 -0.0000 0.6129
vn -0.8273 -0.0000 0.5617
vn -0.8448 -0.0000 0.5350
vn -0.8273 -0.0000 0.5618
vn -0.8615 -0.0000 0.5077
vn -0.8448 -0.0000 0.5351
vn -0.8774 -0.0000 0.4797
vn -0.8924 -0.0000 0.4513
vn -0.8774 -0.0000 0.4798
vn -0.9064 -0.0000 0.4224
vn -0.9194 -0.0000 0.3933
vn -0.9064 -0.0000 0.4225
vn -0.9314 -0.0000 0.3639
vn -0.9417 -0.0000 0.3365
vn -0.9497 -0.0000 0.3131
vn -0.9416 -0.0000 0.3366
vn -0.9566 -0.0000 0.2915
vn -0.9497 -0.0000 0.3132
vn -0.9630 -0.0000 0.2696
vn -0.9565 -0.0000 0.2916
vn -0.9689 -0.0000 0.2474
vn -0.9630 -0.0000 0.2697
vn -0.9744 -0.0000 0.2249
vn -0.9794 -0.0000 0.2021
vn -0.9744 -0.0000 0.2248
vn -0.9838 -0.0000 0.1791
vn -0.9794 -0.0000 0.2020
vn -0.9878 -0.0000 0.1560
vn -0.9912 -0.0000 0.1327
vn -0.9878 -0.0000 0.1559
vn -0.9940 -0.0000 0.1093
vn -0.9912 -0.0000 0.1326
vn -0.9963 -0.0000 0.0859
vn -0.6753 -0.0000 -0.7375
vn -0.9963 -0.0000 0.0858
vn 0.8176 -0.0000 -0.5758
vn -0.6753 -0.0000 -0.7376
vn 0.9774 -0.0000 0.2115
vn 0.9622 -0.0000 0.2723
vn 0.9440 -0.0000 0.3301
vn 0.9622 -0.0000 0.2724
vn 0.9232 -0.0000 0.3843
vn 0.9005 -0.0000 0.4348
vn 0.8764 -0.0000 0.4816
vn 0.9005 -0.0000 0.4349
vn 0.8514 -0.0000 0.5246
vn 0.8259 -0.0000 0.5639
vn 0.8002 -0.0000 0.5997
vn 0.8258 -0.0000 0.5639
vn 0.7747 -0.0000 0.6323
vn 0.7497 -0.0000 0.6618
vt 0.166189 0.000000
vt 0.163324 0.000000
vt 0.965616 0.000000
vt 0.169054 0.000000
vt 0.171920 0.000000
vt 0.174785 0.000000
vt 0.177650 0.000000
vt 0.180516 0.000000
vt 0.183381 0.000000
vt 0.186246 0.000000
vt 0.189112 0.000000
vt 0.962751 0.000000
vt 0.959885 0.000000
vt 0.191977 0.000000
vt 0.957020 0.000000
vt 0.194842 0.000000
vt 0.954155 0.000000
vt 0.197708 0.000000
vt 0.951289 0.000000
vt 0.948424 0.000000
vt 0.200573 0.000000
vt 0.945559 0.000000
vt 0.203438 0.000000
vt 0.942693 0.000000
vt 0.206304 0.000000
vt 0.939828 0.000000
vt 0.936963 0.000000
vt 0.209169 0.000000
vt 0.934097 0.000000
vt 0.212034 0.000000
vt 0.931232 0.000000
vt 0.214900 0.000000
vt 0.928367 0.000000
vt 0.925501 0.000000
vt 0.217765 0.000000
vt 0.839542 0.000000
vt 0.836676 0.000000
vt 0.300860 0.000000
vt 0.303725 0.000000
vt 0.845272 0.000000
vt 0.842407 0.000000
vt 0.295129 0.000000
vt 0.297994 0.000000
vt 0.833811 0.000000
vt 0.830946 0.000000
vt 0.306590 0.000000
vt 0.042980 0.000000
vt 0.573066 0.000000
vt 0.045845 0.000000
vt 0.828080 0.000000
vt 0.309456 0.000000
vt 0.578797 0.000000
vt 0.037249 0.000000
vt 0.581662 0.000000
vt 0.040115 0.000000
vt 0.575931 0.000000
vt 0.822350 0.000000
vt 0.819484 0.000000
vt 0.318052 0.000000
vt 0.315186 0.000000
vt 0.825215 0.000000
vt 0.312321 0.000000
vt 0.048711 0.000000
vt 0.570201 0.000000
vt 0.051576 0.000000
vt 0.567335 0.000000
vt 0.054441 0.000000
vt 0.564470 0.000000
vt 0.057307 0.000000
vt 0.561605 0.000000
vt 0.060172 0.000000
vt 0.063037 0.000000
vt 0.558739 0.000000
vt 0.065903 0.000000
vt 0.555874 0.000000
vt 0.068768 0.000000
vt 0.553009 0.000000
vt 0.862464 0.000000
vt 0.859599 0.000000
vt 0.277937 0.000000
vt 0.280802 0.000000
vt 0.856734 0.000000
vt 0.283668 0.000000
vt 0.853868 0.000000
vt 0.286533 0.000000
vt 0.851003 0.000000
vt 0.289398 0.000000
vt 0.848138 0.000000
vt 0.292264 0.000000
vt 0.071633 0.000000
vt 0.074499 0.000000
vt 0.550143 0.000000
vt 0.077364 0.000000
vt 0.547278 0.000000
vt 0.080229 0.000000
vt 0.083095 0.000000
vt 0.544413 0.000000
vt 0.085960 0.000000
vt 0.541547 0.000000
vt 0.088825 0.000000
vt 0.091691 0.000000
vt 0.538682 0.000000
vt 0.094556 0.000000
vt 0.097421 0.000000
vt 0.535817 0.000000
vt 0.100287 0.000000
vt 0.103152 0.000000
vt 0.532951 0.000000
vt 0.106017 0.000000
vt 0.108883 0.000000
vt 0.530086 0.000000
vt 0.111748 0.000000
vt 0.114613 0.000000
vt 0.527221 0.000000
vt 0.117479 0.000000
vt 0.120344 0.000000
vt 0.524355 0.000000
vt 0.123209 0.000000
vt 0.126074 0.000000
vt 0.521490 0.000000
vt 0.128940 0.000000
vt 0.518625 0.000000
vt 0.131805 0.000000
vt 0.134670 0.000000
vt 0.137536 0.000000
vt 0.140401 0.000000
vt 0.143266 0.000000
vt 0.146132 0.000000
vt 0.148997 0.000000
vt 0.151862 0.000000
vt 0.154728 0.000000
vt 0.157593 0.000000
vt 0.160458 0.000000
vt 0.922636 0.000000
vt 0.220630 0.000000
vt 0.919771 0.000000
vt 0.223496 0.000000
vt 0.916905 0.000000
vt 0.226361 0.000000
vt 0.914040 0.000000
vt 0.229226 0.000000
vt 0.911175 0.000000
vt 0.232092 0.000000
vt 0.908309 0.000000
vt 0.234957 0.000000
vt 0.905444 0.000000
vt 0.237822 0.000000
vt 0.902579 0.000000
vt 0.240688 0.000000
vt 0.899713 0.000000
vt 0.243553 0.000000
vt 0.896848 0.000000
vt 0.246418 0.000000
vt 0.893983 0.000000
vt 0.249284 0.000000
vt 0.891117 0.000000
vt 0.252149 0.000000
vt 0.888252 0.000000
vt 0.255014 0.000000
vt 0.885387 0.000000
vt 0.257880 0.000000
vt 0.882522 0.000000
vt 0.260745 0.000000
vt 0.879656 0.000000
vt 0.263610 0.000000
vt 0.876791 0.000000
vt 0.266476 0.000000
vt 0.873926 0.000000
vt 0.269341 0.000000
vt 0.871060 0.000000
vt 0.272206 0.000000
vt 0.868195 0.000000
vt 0.865330 0.000000
vt 0.275072 0.000000
vt 0.028653 0.000000
vt 0.587393 0.000000
vt 0.584527 0.000000
vt 0.031519 0.000000
vt 0.034384 0.000000
vt 0.022923 0.000000
vt 0.020057 0.000000
vt 0.590258 0.000000
vt 0.593123 0.000000
vt 0.025788 0.000000
vt 0.595989 0.000000
vt 0.014327 0.000000
vt 0.011461 0.000000
vt 0.598854 0.000000
vt 0.017192 0.000000
vt 0.338109 0.000000
vt 0.335244 0.000000
vt 0.808023 0.000000
vt 0.810888 0.000000
vt 0.332378 0.000000
vt 0.329513 0.000000
vt 0.813754 0.000000
vt 0.326648 0.000000
vt 0.002865 0.000000
vt 0.000000 0.000000
vt 0.604585 0.000000
vt 0.607450 0.000000
vt 0.790831 0.000000
vt 0.787966 0.000000
vt 0.610315 0.000000
vt 0.785100 0.000000
vt 0.613181 0.000000
vt 0.782235 0.000000
vt 0.779370 0.000000
vt 0.616046 0.000000
vt 0.776504 0.000000
vt 0.773639 0.000000
vt 0.618911 0.000000
vt 0.770774 0.000000
vt 0.767908 0.000000
vt 0.621777 0.000000
vt 0.765043 0.000000
vt 0.624642 0.000000
vt 0.008596 0.000000
vt 0.601719 0.000000
vt 0.005731 0.000000
vt 0.515759 0.000000
vt 0.968481 0.000000
vt 0.997135 0.000000
vt 0.994269 0.000000
vt 0.375358 0.000000
vt 0.372493 0.000000
vt 0.369628 0.000000
vt 1.000000 0.000000
vt 0.366762 0.000000
vt 0.793696 0.000000
vt 0.363897 0.000000
vt 0.361032 0.000000
vt 0.796562 0.000000
vt 0.358166 0.000000
vt 0.355301 0.000000
vt 0.799427 0.000000
vt 0.352436 0.000000
vt 0.349570 0.000000
vt 0.802292 0.000000
vt 0.346705 0.000000
vt 0.343840 0.000000
vt 0.805158 0.000000
vt 0.340974 0.000000
vt 0.659026 0.000000
vt 0.656160 0.000000
vt 0.653295 0.000000
vt 0.667622 0.000000
vt 0.664756 0.000000
vt 0.650430 0.000000
vt 0.661891 0.000000
vt 0.481375 0.000000
vt 0.478510 0.000000
vt 0.475645 0.000000
vt 0.472779 0.000000
vt 0.469914 0.000000
vt 0.467049 0.000000
vt 0.484241 0.000000
vt 0.464183 0.000000
vt 0.461318 0.000000
vt 0.487106 0.000000
vt 0.458453 0.000000
vt 0.489971 0.000000
vt 0.455587 0.000000
vt 0.492837 0.000000
vt 0.495702 0.000000
vt 0.452722 0.000000
vt 0.498567 0.000000
vt 0.449857 0.000000
vt 0.501433 0.000000
vt 0.446991 0.000000
vt 0.504298 0.000000
vt 0.507163 0.000000
vt 0.444126 0.000000
vt 0.510029 0.000000
vt 0.512894 0.000000
vt 0.762178 0.000000
vt 0.759312 0.000000
vt 0.627507 0.000000
vt 0.756447 0.000000
vt 0.753582 0.000000
vt 0.630372 0.000000
vt 0.750716 0.000000
vt 0.747851 0.000000
vt 0.744986 0.000000
vt 0.742120 0.000000
vt 0.739255 0.000000
vt 0.736390 0.000000
vt 0.733524 0.000000
vt 0.633238 0.000000
vt 0.730659 0.000000
vt 0.727794 0.000000
vt 0.724928 0.000000
vt 0.636103 0.000000
vt 0.722063 0.000000
vt 0.719198 0.000000
vt 0.716332 0.000000
vt 0.713467 0.000000
vt 0.710602 0.000000
vt 0.707736 0.000000
vt 0.704871 0.000000
vt 0.638968 0.000000
vt 0.702006 0.000000
vt 0.699140 0.000000
vt 0.696275 0.000000
vt 0.693410 0.000000
vt 0.690544 0.000000
vt 0.641834 0.000000
vt 0.687679 0.000000
vt 0.684814 0.000000
vt 0.681948 0.000000
vt 0.644699 0.000000
vt 0.679083 0.000000
vt 0.676218 0.000000
vt 0.647564 0.000000
vt 0.673352 0.000000
vt 0.670487 0.000000
vt 0.441261 0.000000
vt 0.438395 0.000000
vt 0.435530 0.000000
vt 0.432665 0.000000
vt 0.429799 0.000000
vt 0.426934 0.000000
vt 0.424069 0.000000
vt 0.421203 0.000000
vt 0.418338 0.000000
vt 0.971347 0.000000
vt 0.415473 0.000000
vt 0.974212 0.000000
vt 0.412607 0.000000
vt 0.409742 0.000000
vt 0.977077 0.000000
vt 0.406877 0.000000
vt 0.404011 0.000000
vt 0.979943 0.000000
vt 0.401146 0.000000
vt 0.398281 0.000000
vt 0.982808 0.000000
vt 0.395415 0.000000
vt 0.392550 0.000000
vt 0.985673 0.000000
vt 0.389685 0.000000
vt 0.386819 0.000000
vt 0.988539 0.000000
vt 0.383954 0.000000
vt 0.991404 0.000000
vt 0.381089 0.000000
vt 0.378224 0.000000
vt 0.816619 0.000000
vt 0.323782 0.000000
vt 0.320917 0.000000
vt 0.649518 0.000000
vt 0.646302 0.000000
vt 0.196141 0.000000
vt 0.652733 0.000000
vt 0.192926 0.000000
vt 0.655949 0.000000
vt 0.659164 0.000000
vt 0.189711 0.000000
vt 0.662379 0.000000
vt 0.186495 0.000000
vt 0.665595 0.000000
vt 0.064309 0.000000
vt 0.061093 0.000000
vt 0.803859 0.000000
vt 0.514469 0.000000
vt 0.511254 0.000000
vt 0.257235 0.000000
vt 0.254019 0.000000
vt 0.067524 0.000000
vt 0.800643 0.000000
vt 0.517685 0.000000
vt 0.520900 0.000000
vt 0.250804 0.000000
vt 0.524116 0.000000
vt 0.077170 0.000000
vt 0.073955 0.000000
vt 0.790997 0.000000
vt 0.794212 0.000000
vt 0.070740 0.000000
vt 0.797428 0.000000
vt 0.527331 0.000000
vt 0.247588 0.000000
vt 0.530547 0.000000
vt 0.244373 0.000000
vt 0.533762 0.000000
vt 0.093248 0.000000
vt 0.090032 0.000000
vt 0.774920 0.000000
vt 0.778135 0.000000
vt 0.086817 0.000000
vt 0.781350 0.000000
vt 0.083601 0.000000
vt 0.784566 0.000000
vt 0.080386 0.000000
vt 0.787781 0.000000
vt 0.536977 0.000000
vt 0.241158 0.000000
vt 0.540193 0.000000
vt 0.543408 0.000000
vt 0.237942 0.000000
vt 0.546624 0.000000
vt 0.549839 0.000000
vt 0.234727 0.000000
vt 0.553055 0.000000
vt 0.556270 0.000000
vt 0.231511 0.000000
vt 0.559486 0.000000
vt 0.562701 0.000000
vt 0.228296 0.000000
vt 0.565916 0.000000
vt 0.569132 0.000000
vt 0.572347 0.000000
vt 0.225080 0.000000
vt 0.575563 0.000000
vt 0.578778 0.000000
vt 0.221865 0.000000
vt 0.581994 0.000000
vt 0.585209 0.000000
vt 0.588424 0.000000
vt 0.218650 0.000000
vt 0.591640 0.000000
vt 0.594855 0.000000
vt 0.598071 0.000000
vt 0.215434 0.000000
vt 0.601286 0.000000
vt 0.604502 0.000000
vt 0.607717 0.000000
vt 0.212219 0.000000
vt 0.610932 0.000000
vt 0.614148 0.000000
vt 0.209003 0.000000
vt 0.617363 0.000000
vt 0.620579 0.000000
vt 0.623794 0.000000
vt 0.205788 0.000000
vt 0.627010 0.000000
vt 0.630225 0.000000
vt 0.202572 0.000000
vt 0.633440 0.000000
vt 0.636656 0.000000
vt 0.639871 0.000000
vt 0.199357 0.000000
vt 0.643087 0.000000
vt 0.183280 0.000000
vt 0.668810 0.000000
vt 0.180064 0.000000
vt 0.672026 0.000000
vt 0.176849 0.000000
vt 0.675241 0.000000
vt 0.173633 0.000000
vt 0.678457 0.000000
vt 0.170418 0.000000
vt 0.681672 0.000000
vt 0.167203 0.000000
vt 0.684887 0.000000
vt 0.163987 0.000000
vt 0.688103 0.000000
vt 0.160772 0.000000
vt 0.691318 0.000000
vt 0.694534 0.000000
vt 0.157556 0.000000
vt 0.697749 0.000000
vt 0.154341 0.000000
vt 0.700965 0.000000
vt 0.151125 0.000000
vt 0.704180 0.000000
vt 0.147910 0.000000
vt 0.707395 0.000000
vt 0.710611 0.000000
vt 0.144695 0.000000
vt 0.713826 0.000000
vt 0.141479 0.000000
vt 0.717042 0.000000
vt 0.138264 0.000000
vt 0.720257 0.000000
vt 0.723473 0.000000
vt 0.135048 0.000000
vt 0.726688 0.000000
vt 0.131833 0.000000
vt 0.729904 0.000000
vt 0.128617 0.000000
vt 0.733119 0.000000
vt 0.736334 0.000000
vt 0.125402 0.000000
vt 0.739550 0.000000
vt 0.122186 0.000000
vt 0.742765 0.000000
vt 0.118971 0.000000
vt 0.745981 0.000000
vt 0.115756 0.000000
vt 0.749196 0.000000
vt 0.752412 0.000000
vt 0.112540 0.000000
vt 0.755627 0.000000
vt 0.109325 0.000000
vt 0.758842 0.000000
vt 0.106109 0.000000
vt 0.762058 0.000000
vt 0.102894 0.000000
vt 0.765273 0.000000
vt 0.099678 0.000000
vt 0.768489 0.000000
vt 0.096463 0.000000
vt 0.771704 0.000000
vt 0.501608 0.000000
vt 0.263666 0.000000
vt 0.504823 0.000000
vt 0.054662 0.000000
vt 0.051447 0.000000
vt 0.810289 0.000000
vt 0.813505 0.000000
vt 0.266881 0.000000
vt 0.498392 0.000000
vt 0.270096 0.000000
vt 0.045016 0.000000
vt 0.041801 0.000000
vt 0.816720 0.000000
vt 0.048232 0.000000
vt 0.276527 0.000000
vt 0.491961 0.000000
vt 0.488746 0.000000
vt 0.279743 0.000000
vt 0.282958 0.000000
vt 0.485531 0.000000
vt 0.286174 0.000000
vt 0.032154 0.000000
vt 0.028939 0.000000
vt 0.826367 0.000000
vt 0.823151 0.000000
vt 0.495177 0.000000
vt 0.273312 0.000000
vt 0.035370 0.000000
vt 0.819936 0.000000
vt 0.038585 0.000000
vt 0.012862 0.000000
vt 0.009646 0.000000
vt 0.848875 0.000000
vt 0.845659 0.000000
vt 0.482315 0.000000
vt 0.289389 0.000000
vt 0.479100 0.000000
vt 0.292605 0.000000
vt 0.475884 0.000000
vt 0.295820 0.000000
vt 0.472669 0.000000
vt 0.469453 0.000000
vt 0.299035 0.000000
vt 0.016077 0.000000
vt 0.842444 0.000000
vt 0.839228 0.000000
vt 0.019293 0.000000
vt 0.836013 0.000000
vt 0.022508 0.000000
vt 0.832797 0.000000
vt 0.025723 0.000000
vt 0.829582 0.000000
vt 0.353698 0.000000
vt 0.350482 0.000000
vt 0.340836 0.000000
vt 0.344051 0.000000
vt 0.347267 0.000000
vt 0.967846 0.000000
vt 0.964630 0.000000
vt 0.961415 0.000000
vt 0.958199 0.000000
vt 0.971061 0.000000
vt 0.954984 0.000000
vt 0.466238 0.000000
vt 0.302251 0.000000
vt 0.463023 0.000000
vt 0.459807 0.000000
vt 0.305466 0.000000
vt 0.456592 0.000000
vt 0.453376 0.000000
vt 0.450161 0.000000
vt 0.308682 0.000000
vt 0.446945 0.000000
vt 0.443730 0.000000
vt 0.440514 0.000000
vt 0.437299 0.000000
vt 0.434084 0.000000
vt 0.430868 0.000000
vt 0.427653 0.000000
vt 0.424437 0.000000
vt 0.311897 0.000000
vt 0.421222 0.000000
vt 0.418006 0.000000
vt 0.315113 0.000000
vt 0.414791 0.000000
vt 0.411576 0.000000
vt 0.408360 0.000000
vt 0.405145 0.000000
vt 0.318328 0.000000
vt 0.401929 0.000000
vt 0.398714 0.000000
vt 0.395498 0.000000
vt 0.392283 0.000000
vt 0.389068 0.000000
vt 0.321543 0.000000
vt 0.385852 0.000000
vt 0.382637 0.000000
vt 0.379421 0.000000
vt 0.324759 0.000000
vt 0.376206 0.000000
vt 0.372990 0.000000
vt 0.327974 0.000000
vt 0.369775 0.000000
vt 0.366559 0.000000
vt 0.331190 0.000000
vt 0.363344 0.000000
vt 0.360129 0.000000
vt 0.334405 0.000000
vt 0.356913 0.000000
vt 0.337621 0.000000
vt 0.974277 0.000000
vt 0.951769 0.000000
vt 0.977492 0.000000
vt 0.948553 0.000000
vt 0.945338 0.000000
vt 0.980707 0.000000
vt 0.942122 0.000000
vt 0.938907 0.000000
vt 0.983923 0.000000
vt 0.935691 0.000000
vt 0.987138 0.000000
vt 0.932476 0.000000
vt 0.929260 0.000000
vt 0.990354 0.000000
vt 0.926045 0.000000
vt 0.922830 0.000000
vt 0.993569 0.000000
vt 0.919614 0.000000
vt 0.916399 0.000000
vt 0.913183 0.000000
vt 0.909968 0.000000
vt 0.996785 0.000000
vt 0.906752 0.000000
vt 0.903537 0.000000
vt 0.900322 0.000000
vt 0.897106 0.000000
vt 0.893891 0.000000
vt 0.890675 0.000000
vt 0.887460 0.000000
vt 0.884244 0.000000
vt 0.881029 0.000000
vt 0.877814 0.000000
vt 0.003215 0.000000
vt 0.874598 0.000000
vt 0.871383 0.000000
vt 0.868167 0.000000
vt 0.864952 0.000000
vt 0.861736 0.000000
vt 0.006431 0.000000
vt 0.858521 0.000000
vt 0.855305 0.000000
vt 0.852090 0.000000
vt 0.508039 0.000000
vt 0.260450 0.000000
vt 0.057878 0.000000
vt 0.807074 0.000000
vt 0.937500 0.000000
vt 0.934659 0.000000
vt 0.923295 0.000000
vt 0.926136 0.000000
vt 0.928977 0.000000
vt 0.931818 0.000000
vt 0.835227 0.000000
vt 0.832386 0.000000
vt 0.829545 0.000000
vt 0.838068 0.000000
vt 0.840909 0.000000
vt 0.914773 0.000000
vt 0.911932 0.000000
vt 0.943182 0.000000
vt 0.940341 0.000000
vt 0.917614 0.000000
vt 0.920455 0.000000
vt 0.795455 0.000000
vt 0.792614 0.000000
vt 0.982955 0.000000
vt 0.985795 0.000000
vt 0.988636 0.000000
vt 0.965909 0.000000
vt 0.963068 0.000000
vt 0.803977 0.000000
vt 0.801136 0.000000
vt 0.968750 0.000000
vt 0.971591 0.000000
vt 0.974432 0.000000
vt 0.798295 0.000000
vt 0.977273 0.000000
vt 0.980114 0.000000
vt 0.784091 0.000000
vt 0.781250 0.000000
vt 0.210227 0.000000
vt 0.775568 0.000000
vt 0.772727 0.000000
vt 0.218750 0.000000
vt 0.221591 0.000000
vt 0.778409 0.000000
vt 0.213068 0.000000
vt 0.215909 0.000000
vt 0.528409 0.000000
vt 0.525568 0.000000
vt 0.531250 0.000000
vt 0.207386 0.000000
vt 0.534091 0.000000
vt 0.536932 0.000000
vt 0.204545 0.000000
vt 0.539773 0.000000
vt 0.542614 0.000000
vt 0.201705 0.000000
vt 0.545455 0.000000
vt 0.548295 0.000000
vt 0.198864 0.000000
vt 0.670455 0.000000
vt 0.667614 0.000000
vt 0.159091 0.000000
vt 0.156250 0.000000
vt 0.673295 0.000000
vt 0.153409 0.000000
vt 0.676136 0.000000
vt 0.150568 0.000000
vt 0.678977 0.000000
vt 0.147727 0.000000
vt 0.681818 0.000000
vt 0.144886 0.000000
vt 0.684659 0.000000
vt 0.789773 0.000000
vt 0.991477 0.000000
vt 0.786932 0.000000
vt 0.994318 0.000000
vt 0.997159 0.000000
vt 0.551136 0.000000
vt 0.553977 0.000000
vt 0.556818 0.000000
vt 0.196023 0.000000
vt 0.559659 0.000000
vt 0.562500 0.000000
vt 0.565341 0.000000
vt 0.193182 0.000000
vt 0.568182 0.000000
vt 0.571023 0.000000
vt 0.573864 0.000000
vt 0.576705 0.000000
vt 0.190341 0.000000
vt 0.579545 0.000000
vt 0.582386 0.000000
vt 0.585227 0.000000
vt 0.588068 0.000000
vt 0.187500 0.000000
vt 0.590909 0.000000
vt 0.593750 0.000000
vt 0.596591 0.000000
vt 0.599432 0.000000
vt 0.184659 0.000000
vt 0.602273 0.000000
vt 0.605114 0.000000
vt 0.607955 0.000000
vt 0.181818 0.000000
vt 0.610795 0.000000
vt 0.613636 0.000000
vt 0.616477 0.000000
vt 0.178977 0.000000
vt 0.619318 0.000000
vt 0.622159 0.000000
vt 0.176136 0.000000
vt 0.625000 0.000000
vt 0.627841 0.000000
vt 0.173295 0.000000
vt 0.630682 0.000000
vt 0.170455 0.000000
vt 0.633523 0.000000
vt 0.636364 0.000000
vt 0.639205 0.000000
vt 0.167614 0.000000
vt 0.642045 0.000000
vt 0.644886 0.000000
vt 0.647727 0.000000
vt 0.164773 0.000000
vt 0.650568 0.000000
vt 0.653409 0.000000
vt 0.656250 0.000000
vt 0.659091 0.000000
vt 0.161932 0.000000
vt 0.661932 0.000000
vt 0.664773 0.000000
vt 0.826705 0.000000
vt 0.843750 0.000000
vt 0.846591 0.000000
vt 0.849432 0.000000
vt 0.823864 0.000000
vt 0.852273 0.000000
vt 0.855114 0.000000
vt 0.857955 0.000000
vt 0.821023 0.000000
vt 0.860795 0.000000
vt 0.863636 0.000000
vt 0.866477 0.000000
vt 0.818182 0.000000
vt 0.869318 0.000000
vt 0.872159 0.000000
vt 0.875000 0.000000
vt 0.815341 0.000000
vt 0.877841 0.000000
vt 0.880682 0.000000
vt 0.883523 0.000000
vt 0.886364 0.000000
vt 0.812500 0.000000
vt 0.889205 0.000000
vt 0.892045 0.000000
vt 0.894886 0.000000
vt 0.897727 0.000000
vt 0.900568 0.000000
vt 0.809659 0.000000
vt 0.903409 0.000000
vt 0.906250 0.000000
vt 0.909091 0.000000
vt 0.946023 0.000000
vt 0.806818 0.000000
vt 0.948864 0.000000
vt 0.951705 0.000000
vt 0.954545 0.000000
vt 0.957386 0.000000
vt 0.960227 0.000000
vt 0.230114 0.000000
vt 0.767045 0.000000
vt 0.764205 0.000000
vt 0.232955 0.000000
vt 0.224432 0.000000
vt 0.769886 0.000000
vt 0.227273 0.000000
vt 0.761364 0.000000
vt 0.238636 0.000000
vt 0.235795 0.000000
vt 0.755682 0.000000
vt 0.244318 0.000000
vt 0.758523 0.000000
vt 0.241477 0.000000
vt 0.488636 0.000000
vt 0.031250 0.000000
vt 0.491477 0.000000
vt 0.028409 0.000000
vt 0.494318 0.000000
vt 0.025568 0.000000
vt 0.497159 0.000000
vt 0.022727 0.000000
vt 0.500000 0.000000
vt 0.019886 0.000000
vt 0.502841 0.000000
vt 0.017045 0.000000
vt 0.036932 0.000000
vt 0.034091 0.000000
vt 0.485795 0.000000
vt 0.039773 0.000000
vt 0.750000 0.000000
vt 0.250000 0.000000
vt 0.752841 0.000000
vt 0.247159 0.000000
vt 0.482955 0.000000
vt 0.051136 0.000000
vt 0.048295 0.000000
vt 0.053977 0.000000
vt 0.042614 0.000000
vt 0.045455 0.000000
vt 0.744318 0.000000
vt 0.255682 0.000000
vt 0.747159 0.000000
vt 0.252841 0.000000
vt 0.065341 0.000000
vt 0.062500 0.000000
vt 0.480114 0.000000
vt 0.477273 0.000000
vt 0.068182 0.000000
vt 0.071023 0.000000
vt 0.073864 0.000000
vt 0.056818 0.000000
vt 0.059659 0.000000
vt 0.741477 0.000000
vt 0.738636 0.000000
vt 0.264205 0.000000
vt 0.261364 0.000000
vt 0.258523 0.000000
vt 0.090909 0.000000
vt 0.471591 0.000000
vt 0.468750 0.000000
vt 0.093750 0.000000
vt 0.096591 0.000000
vt 0.099432 0.000000
vt 0.465909 0.000000
vt 0.102273 0.000000
vt 0.463068 0.000000
vt 0.460227 0.000000
vt 0.457386 0.000000
vt 0.454545 0.000000
vt 0.451705 0.000000
vt 0.321023 0.000000
vt 0.318182 0.000000
vt 0.713068 0.000000
vt 0.315341 0.000000
vt 0.715909 0.000000
vt 0.312500 0.000000
vt 0.309659 0.000000
vt 0.306818 0.000000
vt 0.411932 0.000000
vt 0.409091 0.000000
vt 0.414773 0.000000
vt 0.406250 0.000000
vt 0.417614 0.000000
vt 0.403409 0.000000
vt 0.400568 0.000000
vt 0.397727 0.000000
vt 0.394886 0.000000
vt 0.420455 0.000000
vt 0.392045 0.000000
vt 0.389205 0.000000
vt 0.386364 0.000000
vt 0.423295 0.000000
vt 0.383523 0.000000
vt 0.426136 0.000000
vt 0.428977 0.000000
vt 0.431818 0.000000
vt 0.434659 0.000000
vt 0.448864 0.000000
vt 0.446023 0.000000
vt 0.443182 0.000000
vt 0.440341 0.000000
vt 0.437500 0.000000
vt 0.105114 0.000000
vt 0.380682 0.000000
vt 0.693182 0.000000
vt 0.696023 0.000000
vt 0.377841 0.000000
vt 0.698864 0.000000
vt 0.375000 0.000000
vt 0.372159 0.000000
vt 0.369318 0.000000
vt 0.701705 0.000000
vt 0.366477 0.000000
vt 0.363636 0.000000
vt 0.360795 0.000000
vt 0.704545 0.000000
vt 0.357955 0.000000
vt 0.355114 0.000000
vt 0.352273 0.000000
vt 0.349432 0.000000
vt 0.707386 0.000000
vt 0.346591 0.000000
vt 0.343750 0.000000
vt 0.340909 0.000000
vt 0.338068 0.000000
vt 0.710227 0.000000
vt 0.335227 0.000000
vt 0.332386 0.000000
vt 0.329545 0.000000
vt 0.326705 0.000000
vt 0.323864 0.000000
vt 0.474432 0.000000
vt 0.076705 0.000000
vt 0.079545 0.000000
vt 0.082386 0.000000
vt 0.085227 0.000000
vt 0.088068 0.000000
vt 0.107955 0.000000
vt 0.718750 0.000000
vt 0.303977 0.000000
vt 0.301136 0.000000
vt 0.298295 0.000000
vt 0.721591 0.000000
vt 0.295455 0.000000
vt 0.292614 0.000000
vt 0.724432 0.000000
vt 0.289773 0.000000
vt 0.286932 0.000000
vt 0.284091 0.000000
vt 0.727273 0.000000
vt 0.281250 0.000000
vt 0.730114 0.000000
vt 0.278409 0.000000
vt 0.275568 0.000000
vt 0.732955 0.000000
vt 0.272727 0.000000
vt 0.735795 0.000000
vt 0.269886 0.000000
vt 0.267045 0.000000
vt 0.505682 0.000000
vt 0.014205 0.000000
vt 0.508523 0.000000
vt 0.011364 0.000000
vt 0.511364 0.000000
vt 0.514205 0.000000
vt 0.008523 0.000000
vt 0.517045 0.000000
vt 0.005682 0.000000
vt 0.519886 0.000000
vt 0.522727 0.000000
vt 0.002841 0.000000
vt 0.142045 0.000000
vt 0.139205 0.000000
vt 0.687500 0.000000
vt 0.136364 0.000000
vt 0.133523 0.000000
vt 0.690341 0.000000
vt 0.130682 0.000000
vt 0.127841 0.000000
vt 0.125000 0.000000
vt 0.122159 0.000000
vt 0.119318 0.000000
vt 0.116477 0.000000
vt 0.113636 0.000000
vt 0.110795 0.000000
vt 0.646497 0.000000
vt 0.643312 0.000000
vt 0.656051 0.000000
vt 0.649682 0.000000
vt 0.652866 0.000000
vt 0.624204 0.000000
vt 0.621019 0.000000
vt 0.668790 0.000000
vt 0.665605 0.000000
vt 0.627389 0.000000
vt 0.662420 0.000000
vt 0.630573 0.000000
vt 0.633758 0.000000
vt 0.659236 0.000000
vt 0.636943 0.000000
vt 0.640127 0.000000
vt 0.694268 0.000000
vt 0.691083 0.000000
vt 0.697452 0.000000
vt 0.544586 0.000000
vt 0.541401 0.000000
vt 0.547771 0.000000
vt 0.550955 0.000000
vt 0.538217 0.000000
vt 0.554140 0.000000
vt 0.557325 0.000000
vt 0.535032 0.000000
vt 0.560510 0.000000
vt 0.563694 0.000000
vt 0.531847 0.000000
vt 0.566879 0.000000
vt 0.528662 0.000000
vt 0.570064 0.000000
vt 0.525478 0.000000
vt 0.522293 0.000000
vt 0.573248 0.000000
vt 0.519108 0.000000
vt 0.576433 0.000000
vt 0.515924 0.000000
vt 0.579618 0.000000
vt 0.512739 0.000000
vt 0.582803 0.000000
vt 0.509554 0.000000
vt 0.585987 0.000000
vt 0.506369 0.000000
vt 0.589172 0.000000
vt 0.503185 0.000000
vt 0.592357 0.000000
vt 0.595541 0.000000
vt 0.496815 0.000000
vt 0.598726 0.000000
vt 0.493631 0.000000
vt 0.601911 0.000000
vt 0.490446 0.000000
vt 0.605096 0.000000
vt 0.487261 0.000000
vt 0.608280 0.000000
vt 0.484076 0.000000
vt 0.611465 0.000000
vt 0.480892 0.000000
vt 0.614650 0.000000
vt 0.477707 0.000000
vt 0.474522 0.000000
vt 0.471338 0.000000
vt 0.678344 0.000000
vt 0.675159 0.000000
vt 0.617834 0.000000
vt 0.671975 0.000000
vt 0.722930 0.000000
vt 0.719745 0.000000
vt 0.961783 0.000000
vt 0.726115 0.000000
vt 0.729299 0.000000
vt 0.974522 0.000000
vt 0.971338 0.000000
vt 0.382166 0.000000
vt 0.968153 0.000000
vt 0.987261 0.000000
vt 0.984076 0.000000
vt 0.980892 0.000000
vt 0.977707 0.000000
vt 0.742038 0.000000
vt 0.738854 0.000000
vt 0.735669 0.000000
vt 0.732484 0.000000
vt 0.996815 0.000000
vt 0.993631 0.000000
vt 0.990446 0.000000
vt 0.920382 0.000000
vt 0.917197 0.000000
vt 0.022293 0.000000
vt 0.914013 0.000000
vt 0.025478 0.000000
vt 0.385350 0.000000
vt 0.388535 0.000000
vt 0.391720 0.000000
vt 0.394904 0.000000
vt 0.398089 0.000000
vt 0.401274 0.000000
vt 0.404459 0.000000
vt 0.407643 0.000000
vt 0.410828 0.000000
vt 0.414013 0.000000
vt 0.417197 0.000000
vt 0.420382 0.000000
vt 0.423567 0.000000
vt 0.426752 0.000000
vt 0.429936 0.000000
vt 0.433121 0.000000
vt 0.436306 0.000000
vt 0.439490 0.000000
vt 0.442675 0.000000
vt 0.445860 0.000000
vt 0.449045 0.000000
vt 0.452229 0.000000
vt 0.964968 0.000000
vt 0.958599 0.000000
vt 0.955414 0.000000
vt 0.003185 0.000000
vt 0.952229 0.000000
vt 0.949045 0.000000
vt 0.006369 0.000000
vt 0.945860 0.000000
vt 0.942675 0.000000
vt 0.009554 0.000000
vt 0.939490 0.000000
vt 0.936306 0.000000
vt 0.012739 0.000000
vt 0.933121 0.000000
vt 0.015924 0.000000
vt 0.929936 0.000000
vt 0.926752 0.000000
vt 0.019108 0.000000
vt 0.923567 0.000000
vt 0.468153 0.000000
vt 0.464968 0.000000
vt 0.461783 0.000000
vt 0.458599 0.000000
vt 0.455414 0.000000
vt 0.681529 0.000000
vt 0.684713 0.000000
vt 0.687898 0.000000
vt 0.700637 0.000000
vt 0.703822 0.000000
vt 0.707006 0.000000
vt 0.710191 0.000000
vt 0.713376 0.000000
vt 0.716560 0.000000
vt 0.035032 0.000000
vt 0.898089 0.000000
vt 0.894904 0.000000
vt 0.359873 0.000000
vt 0.767516 0.000000
vt 0.363057 0.000000
vt 0.764331 0.000000
vt 0.031847 0.000000
vt 0.904459 0.000000
vt 0.901274 0.000000
vt 0.038217 0.000000
vt 0.891720 0.000000
vt 0.888535 0.000000
vt 0.041401 0.000000
vt 0.885350 0.000000
vt 0.882166 0.000000
vt 0.350318 0.000000
vt 0.773885 0.000000
vt 0.353503 0.000000
vt 0.770701 0.000000
vt 0.878981 0.000000
vt 0.875796 0.000000
vt 0.050955 0.000000
vt 0.047771 0.000000
vt 0.347134 0.000000
vt 0.343949 0.000000
vt 0.340764 0.000000
vt 0.777070 0.000000
vt 0.044586 0.000000
vt 0.356688 0.000000
vt 0.063694 0.000000
vt 0.060510 0.000000
vt 0.869427 0.000000
vt 0.780255 0.000000
vt 0.328025 0.000000
vt 0.324841 0.000000
vt 0.321656 0.000000
vt 0.318471 0.000000
vt 0.783440 0.000000
vt 0.073248 0.000000
vt 0.070064 0.000000
vt 0.863057 0.000000
vt 0.866242 0.000000
vt 0.066879 0.000000
vt 0.337580 0.000000
vt 0.334395 0.000000
vt 0.331210 0.000000
vt 0.872611 0.000000
vt 0.057325 0.000000
vt 0.054140 0.000000
vt 0.197452 0.000000
vt 0.194268 0.000000
vt 0.808917 0.000000
vt 0.191083 0.000000
vt 0.187898 0.000000
vt 0.812102 0.000000
vt 0.184713 0.000000
vt 0.815287 0.000000
vt 0.181529 0.000000
vt 0.178344 0.000000
vt 0.315287 0.000000
vt 0.312102 0.000000
vt 0.308917 0.000000
vt 0.305732 0.000000
vt 0.302548 0.000000
vt 0.786624 0.000000
vt 0.299363 0.000000
vt 0.296178 0.000000
vt 0.292994 0.000000
vt 0.289809 0.000000
vt 0.286624 0.000000
vt 0.789809 0.000000
vt 0.283439 0.000000
vt 0.280255 0.000000
vt 0.277070 0.000000
vt 0.273885 0.000000
vt 0.270701 0.000000
vt 0.267516 0.000000
vt 0.792994 0.000000
vt 0.264331 0.000000
vt 0.261146 0.000000
vt 0.257962 0.000000
vt 0.254777 0.000000
vt 0.251592 0.000000
vt 0.796178 0.000000
vt 0.248408 0.000000
vt 0.245223 0.000000
vt 0.242038 0.000000
vt 0.238853 0.000000
vt 0.235669 0.000000
vt 0.232484 0.000000
vt 0.799363 0.000000
vt 0.229299 0.000000
vt 0.226115 0.000000
vt 0.222930 0.000000
vt 0.219745 0.000000
vt 0.802548 0.000000
vt 0.216561 0.000000
vt 0.213376 0.000000
vt 0.210191 0.000000
vt 0.207006 0.000000
vt 0.805732 0.000000
vt 0.203822 0.000000
vt 0.200637 0.000000
vt 0.818471 0.000000
vt 0.175159 0.000000
vt 0.171975 0.000000
vt 0.821656 0.000000
vt 0.168790 0.000000
vt 0.165605 0.000000
vt 0.824841 0.000000
vt 0.162420 0.000000
vt 0.159236 0.000000
vt 0.828025 0.000000
vt 0.156051 0.000000
vt 0.152866 0.000000
vt 0.831210 0.000000
vt 0.149682 0.000000
vt 0.146497 0.000000
vt 0.143312 0.000000
vt 0.834395 0.000000
vt 0.140127 0.000000
vt 0.136943 0.000000
vt 0.837580 0.000000
vt 0.133758 0.000000
vt 0.130573 0.000000
vt 0.127389 0.000000
vt 0.840764 0.000000
vt 0.124204 0.000000
vt 0.121019 0.000000
vt 0.843949 0.000000
vt 0.117834 0.000000
vt 0.114650 0.000000
vt 0.111465 0.000000
vt 0.847134 0.000000
vt 0.108280 0.000000
vt 0.105096 0.000000
vt 0.850318 0.000000
vt 0.101911 0.000000
vt 0.098726 0.000000
vt 0.095541 0.000000
vt 0.853503 0.000000
vt 0.092357 0.000000
vt 0.089172 0.000000
vt 0.856688 0.000000
vt 0.085987 0.000000
vt 0.082803 0.000000
vt 0.859873 0.000000
vt 0.079618 0.000000
vt 0.076433 0.000000
vt 0.366242 0.000000
vt 0.761146 0.000000
vt 0.369427 0.000000
vt 0.757962 0.000000
vt 0.372611 0.000000
vt 0.754777 0.000000
vt 0.751592 0.000000
vt 0.375796 0.000000
vt 0.748408 0.000000
vt 0.378981 0.000000
vt 0.745223 0.000000
vt 0.910828 0.000000
vt 0.028662 0.000000
vt 0.907643 0.000000
vt 0.826406 0.000000
vt 0.823961 0.000000
vt 0.828851 0.000000
vt 0.804401 0.000000
vt 0.801956 0.000000
vt 0.838631 0.000000
vt 0.836186 0.000000
vt 0.806846 0.000000
vt 0.809291 0.000000
vt 0.833741 0.000000
vt 0.811736 0.000000
vt 0.814181 0.000000
vt 0.831296 0.000000
vt 0.816626 0.000000
vt 0.819071 0.000000
vt 0.821516 0.000000
vt 0.799511 0.000000
vt 0.797066 0.000000
vt 0.669927 0.000000
vt 0.872861 0.000000
vt 0.672372 0.000000
vt 0.674817 0.000000
vt 0.870416 0.000000
vt 0.677262 0.000000
vt 0.679707 0.000000
vt 0.867971 0.000000
vt 0.682152 0.000000
vt 0.865526 0.000000
vt 0.684597 0.000000
vt 0.687042 0.000000
vt 0.863081 0.000000
vt 0.689487 0.000000
vt 0.691932 0.000000
vt 0.860636 0.000000
vt 0.694377 0.000000
vt 0.696822 0.000000
vt 0.655257 0.000000
vt 0.882641 0.000000
vt 0.657702 0.000000
vt 0.880196 0.000000
vt 0.650367 0.000000
vt 0.885086 0.000000
vt 0.652812 0.000000
vt 0.660147 0.000000
vt 0.662592 0.000000
vt 0.877751 0.000000
vt 0.665037 0.000000
vt 0.875306 0.000000
vt 0.667482 0.000000
vt 0.520782 0.000000
vt 0.518337 0.000000
vt 0.014670 0.000000
vt 0.017115 0.000000
vt 0.515892 0.000000
vt 0.019560 0.000000
vt 0.513447 0.000000
vt 0.022005 0.000000
vt 0.511002 0.000000
vt 0.024450 0.000000
vt 0.508557 0.000000
vt 0.026895 0.000000
vt 0.506112 0.000000
vt 0.029340 0.000000
vt 0.503667 0.000000
vt 0.031785 0.000000
vt 0.501222 0.000000
vt 0.034230 0.000000
vt 0.498778 0.000000
vt 0.036675 0.000000
vt 0.039120 0.000000
vt 0.496333 0.000000
vt 0.041565 0.000000
vt 0.044010 0.000000
vt 0.493888 0.000000
vt 0.156479 0.000000
vt 0.154034 0.000000
vt 0.452323 0.000000
vt 0.449878 0.000000
vt 0.158924 0.000000
vt 0.447433 0.000000
vt 0.161369 0.000000
vt 0.444988 0.000000
vt 0.442543 0.000000
vt 0.163814 0.000000
vt 0.440098 0.000000
vt 0.166259 0.000000
vt 0.437653 0.000000
vt 0.168704 0.000000
vt 0.435208 0.000000
vt 0.432763 0.000000
vt 0.171149 0.000000
vt 0.699266 0.000000
vt 0.858191 0.000000
vt 0.701711 0.000000
vt 0.704156 0.000000
vt 0.855746 0.000000
vt 0.706601 0.000000
vt 0.709046 0.000000
vt 0.853301 0.000000
vt 0.711491 0.000000
vt 0.713936 0.000000
vt 0.716381 0.000000
vt 0.850856 0.000000
vt 0.718826 0.000000
vt 0.721271 0.000000
vt 0.723716 0.000000
vt 0.726161 0.000000
vt 0.848411 0.000000
vt 0.728606 0.000000
vt 0.731051 0.000000
vt 0.733496 0.000000
vt 0.735941 0.000000
vt 0.738386 0.000000
vt 0.845966 0.000000
vt 0.740831 0.000000
vt 0.743276 0.000000
vt 0.745721 0.000000
vt 0.748166 0.000000
vt 0.750611 0.000000
vt 0.753056 0.000000
vt 0.755501 0.000000
vt 0.757946 0.000000
vt 0.760391 0.000000
vt 0.762836 0.000000
vt 0.765281 0.000000
vt 0.843521 0.000000
vt 0.767726 0.000000
vt 0.770171 0.000000
vt 0.772616 0.000000
vt 0.775061 0.000000
vt 0.777506 0.000000
vt 0.779951 0.000000
vt 0.841076 0.000000
vt 0.782396 0.000000
vt 0.784841 0.000000
vt 0.787286 0.000000
vt 0.789731 0.000000
vt 0.792176 0.000000
vt 0.794621 0.000000
vt 0.046455 0.000000
vt 0.048900 0.000000
vt 0.491443 0.000000
vt 0.051345 0.000000
vt 0.053790 0.000000
vt 0.056235 0.000000
vt 0.488998 0.000000
vt 0.058680 0.000000
vt 0.061125 0.000000
vt 0.063570 0.000000
vt 0.486553 0.000000
vt 0.066015 0.000000
vt 0.068460 0.000000
vt 0.070905 0.000000
vt 0.073350 0.000000
vt 0.484108 0.000000
vt 0.075795 0.000000
vt 0.078240 0.000000
vt 0.080685 0.000000
vt 0.083130 0.000000
vt 0.481663 0.000000
vt 0.085575 0.000000
vt 0.088020 0.000000
vt 0.090465 0.000000
vt 0.092910 0.000000
vt 0.095355 0.000000
vt 0.479218 0.000000
vt 0.097800 0.000000
vt 0.100244 0.000000
vt 0.102689 0.000000
vt 0.105134 0.000000
vt 0.476773 0.000000
vt 0.107579 0.000000
vt 0.110024 0.000000
vt 0.112469 0.000000
vt 0.474328 0.000000
vt 0.114914 0.000000
vt 0.117359 0.000000
vt 0.471883 0.000000
vt 0.119804 0.000000
vt 0.122249 0.000000
vt 0.469438 0.000000
vt 0.124694 0.000000
vt 0.466993 0.000000
vt 0.127139 0.000000
vt 0.129584 0.000000
vt 0.464548 0.000000
vt 0.132029 0.000000
vt 0.134474 0.000000
vt 0.136919 0.000000
vt 0.462103 0.000000
vt 0.139364 0.000000
vt 0.141809 0.000000
vt 0.459658 0.000000
vt 0.144254 0.000000
vt 0.146699 0.000000
vt 0.457213 0.000000
vt 0.149144 0.000000
vt 0.454768 0.000000
vt 0.151589 0.000000
vt 0.647922 0.000000
vt 0.892421 0.000000
vt 0.889976 0.000000
vt 0.418093 0.000000
vt 0.180929 0.000000
vt 0.178484 0.000000
vt 0.420538 0.000000
vt 0.176039 0.000000
vt 0.425428 0.000000
vt 0.422983 0.000000
vt 0.183374 0.000000
vt 0.415648 0.000000
vt 0.413203 0.000000
vt 0.185819 0.000000
vt 0.408313 0.000000
vt 0.190709 0.000000
vt 0.410758 0.000000
vt 0.188264 0.000000
vt 0.645477 0.000000
vt 0.894866 0.000000
vt 0.897310 0.000000
vt 0.643032 0.000000
vt 0.899755 0.000000
vt 0.902200 0.000000
vt 0.533007 0.000000
vt 0.398533 0.000000
vt 0.205379 0.000000
vt 0.400978 0.000000
vt 0.202934 0.000000
vt 0.217604 0.000000
vt 0.215159 0.000000
vt 0.393643 0.000000
vt 0.396088 0.000000
vt 0.212714 0.000000
vt 0.210269 0.000000
vt 0.207824 0.000000
vt 0.403423 0.000000
vt 0.200489 0.000000
vt 0.198044 0.000000
vt 0.405868 0.000000
vt 0.195599 0.000000
vt 0.640587 0.000000
vt 0.904646 0.000000
vt 0.907090 0.000000
vt 0.638142 0.000000
vt 0.909535 0.000000
vt 0.635697 0.000000
vt 0.911980 0.000000
vt 0.633252 0.000000
vt 0.914425 0.000000
vt 0.980440 0.000000
vt 0.977995 0.000000
vt 0.542787 0.000000
vt 0.982885 0.000000
vt 0.540342 0.000000
vt 0.985330 0.000000
vt 0.987775 0.000000
vt 0.990220 0.000000
vt 0.537897 0.000000
vt 0.992665 0.000000
vt 0.995110 0.000000
vt 0.535452 0.000000
vt 0.997555 0.000000
vt 0.193154 0.000000
vt 0.354523 0.000000
vt 0.352078 0.000000
vt 0.356968 0.000000
vt 0.349633 0.000000
vt 0.359413 0.000000
vt 0.347188 0.000000
vt 0.344743 0.000000
vt 0.361858 0.000000
vt 0.342298 0.000000
vt 0.364303 0.000000
vt 0.339853 0.000000
vt 0.337408 0.000000
vt 0.334963 0.000000
vt 0.366748 0.000000
vt 0.261614 0.000000
vt 0.259169 0.000000
vt 0.378973 0.000000
vt 0.256724 0.000000
vt 0.381418 0.000000
vt 0.254279 0.000000
vt 0.251834 0.000000
vt 0.249389 0.000000
vt 0.246944 0.000000
vt 0.244499 0.000000
vt 0.332518 0.000000
vt 0.330073 0.000000
vt 0.369193 0.000000
vt 0.327628 0.000000
vt 0.325183 0.000000
vt 0.322738 0.000000
vt 0.371638 0.000000
vt 0.320293 0.000000
vt 0.317848 0.000000
vt 0.315403 0.000000
vt 0.312958 0.000000
vt 0.310513 0.000000
vt 0.308068 0.000000
vt 0.374083 0.000000
vt 0.305623 0.000000
vt 0.303178 0.000000
vt 0.300734 0.000000
vt 0.298288 0.000000
vt 0.376528 0.000000
vt 0.295844 0.000000
vt 0.293399 0.000000
vt 0.290954 0.000000
vt 0.288509 0.000000
vt 0.286064 0.000000
vt 0.283619 0.000000
vt 0.281174 0.000000
vt 0.278729 0.000000
vt 0.276284 0.000000
vt 0.273839 0.000000
vt 0.271394 0.000000
vt 0.268949 0.000000
vt 0.266504 0.000000
vt 0.264059 0.000000
vt 0.630807 0.000000
vt 0.916870 0.000000
vt 0.628362 0.000000
vt 0.919315 0.000000
vt 0.625917 0.000000
vt 0.921760 0.000000
vt 0.623472 0.000000
vt 0.924205 0.000000
vt 0.621027 0.000000
vt 0.926650 0.000000
vt 0.618582 0.000000
vt 0.929095 0.000000
vt 0.616137 0.000000
vt 0.613692 0.000000
vt 0.931540 0.000000
vt 0.611247 0.000000
vt 0.933985 0.000000
vt 0.608802 0.000000
vt 0.606357 0.000000
vt 0.936430 0.000000
vt 0.603912 0.000000
vt 0.601467 0.000000
vt 0.938875 0.000000
vt 0.599022 0.000000
vt 0.596577 0.000000
vt 0.941320 0.000000
vt 0.594132 0.000000
vt 0.591687 0.000000
vt 0.943765 0.000000
vt 0.589242 0.000000
vt 0.946210 0.000000
vt 0.586797 0.000000
vt 0.948655 0.000000
vt 0.584352 0.000000
vt 0.581907 0.000000
vt 0.951100 0.000000
vt 0.579462 0.000000
vt 0.577017 0.000000
vt 0.953545 0.000000
vt 0.574572 0.000000
vt 0.572127 0.000000
vt 0.955990 0.000000
vt 0.569682 0.000000
vt 0.567237 0.000000
vt 0.958435 0.000000
vt 0.564792 0.000000
vt 0.562347 0.000000
vt 0.960880 0.000000
vt 0.559902 0.000000
vt 0.557457 0.000000
vt 0.963325 0.000000
vt 0.555012 0.000000
vt 0.965770 0.000000
vt 0.552567 0.000000
vt 0.968215 0.000000
vt 0.550122 0.000000
vt 0.970660 0.000000
vt 0.547677 0.000000
vt 0.973105 0.000000
vt 0.545232 0.000000
vt 0.975550 0.000000
vt 0.383863 0.000000
vt 0.242054 0.000000
vt 0.239609 0.000000
vt 0.237164 0.000000
vt 0.386308 0.000000
vt 0.234719 0.000000
vt 0.232274 0.000000
vt 0.229829 0.000000
vt 0.388753 0.000000
vt 0.227384 0.000000
vt 0.224939 0.000000
vt 0.391198 0.000000
vt 0.222494 0.000000
vt 0.220049 0.000000
vt 0.887531 0.000000
vt 0.002445 0.000000
vt 0.530562 0.000000
vt 0.004890 0.000000
vt 0.007335 0.000000
vt 0.528117 0.000000
vt 0.009780 0.000000
vt 0.525672 0.000000
vt 0.012225 0.000000
vt 0.523227 0.000000
vt 0.430318 0.000000
vt 0.173594 0.000000
vt 0.427873 0.000000
vt 0.002439 1.000000
vt 0.000000 1.000000
vt 0.004878 1.000000
vt 0.002439 0.000000
vt 0.007317 1.000000
vt 0.004878 0.000000
vt 0.009756 1.000000
vt 0.007317 0.000000
vt 0.012195 1.000000
vt 0.009756 0.000000
vt 0.014634 1.000000
vt 0.012195 0.000000
vt 0.017073 1.000000
vt 0.014634 0.000000
vt 0.019512 1.000000
vt 0.017073 0.000000
vt 0.021951 1.000000
vt 0.019512 0.000000
vt 0.024390 1.000000
vt 0.021951 0.000000
vt 0.026829 1.000000
vt 0.024390 0.000000
vt 0.029268 1.000000
vt 0.026829 0.000000
vt 0.031707 1.000000
vt 0.029268 0.000000
vt 0.034146 1.000000
vt 0.031707 0.000000
vt 0.036585 1.000000
vt 0.034146 0.000000
vt 0.039024 1.000000
vt 0.036585 0.000000
vt 0.041463 1.000000
vt 0.039024 0.000000
vt 0.043902 1.000000
vt 0.041463 0.000000
vt 0.046341 1.000000
vt 0.043902 0.000000
vt 0.048780 1.000000
vt 0.046341 0.000000
vt 0.051220 1.000000
vt 0.048780 0.000000
vt 0.053659 1.000000
vt 0.051220 0.000000
vt 0.056098 1.000000
vt 0.053659 0.000000
vt 0.058537 1.000000
vt 0.056098 0.000000
vt 0.060976 1.000000
vt 0.058537 0.000000
vt 0.063415 1.000000
vt 0.060976 0.000000
vt 0.065854 1.000000
vt 0.063415 0.000000
vt 0.068293 1.000000
vt 0.065854 0.000000
vt 0.070732 1.000000
vt 0.068293 0.000000
vt 0.073171 1.000000
vt 0.070732 0.000000
vt 0.075610 1.000000
vt 0.073171 0.000000
vt 0.078049 1.000000
vt 0.075610 0.000000
vt 0.080488 1.000000
vt 0.078049 0.000000
vt 0.082927 1.000000
vt 0.080488 0.000000
vt 0.085366 1.000000
vt 0.082927 0.000000
vt 0.087805 1.000000
vt 0.085366 0.000000
vt 0.090244 1.000000
vt 0.087805 0.000000
vt 0.092683 1.000000
vt 0.090244 0.000000
vt 0.095122 1.000000
vt 0.092683 0.000000
vt 0.097561 1.000000
vt 0.095122 0.000000
vt 0.100000 1.000000
vt 0.097561 0.000000
vt 0.102439 1.000000
vt 0.100000 0.000000
vt 0.104878 1.000000
vt 0.102439 0.000000
vt 0.107317 1.000000
vt 0.104878 0.000000
vt 0.109756 1.000000
vt 0.107317 0.000000
vt 0.112195 1.000000
vt 0.109756 0.000000
vt 0.114634 1.000000
vt 0.112195 0.000000
vt 0.117073 1.000000
vt 0.114634 0.000000
vt 0.119512 1.000000
vt 0.117073 0.000000
vt 0.121951 1.000000
vt 0.119512 0.000000
vt 0.124390 1.000000
vt 0.121951 0.000000
vt 0.126829 1.000000
vt 0.124390 0.000000
vt 0.129268 1.000000
vt 0.126829 0.000000
vt 0.131707 1.000000
vt 0.129268 0.000000
vt 0.134146 1.000000
vt 0.131707 0.000000
vt 0.136585 1.000000
vt 0.134146 0.000000
vt 0.139024 1.000000
vt 0.136585 0.000000
vt 0.141463 1.000000
vt 0.139024 0.000000
vt 0.143902 1.000000
vt 0.141463 0.000000
vt 0.146341 1.000000
vt 0.143902 0.000000
vt 0.148780 1.000000
vt 0.146341 0.000000
vt 0.151220 1.000000
vt 0.148780 0.000000
vt 0.153659 1.000000
vt 0.151220 0.000000
vt 0.156098 1.000000
vt 0.153659 0.000000
vt 0.158537 1.000000
vt 0.156098 0.000000
vt 0.160976 1.000000
vt 0.158537 0.000000
vt 0.163415 1.000000
vt 0.160976 0.000000
vt 0.165854 1.000000
vt 0.163415 0.000000
vt 0.168293 1.000000
vt 0.165854 0.000000
vt 0.170732 1.000000
vt 0.168293 0.000000
vt 0.173171 1.000000
vt 0.170732 0.000000
vt 0.175610 1.000000
vt 0.173171 0.000000
vt 0.178049 1.000000
vt 0.175610 0.000000
vt 0.180488 1.000000
vt 0.178049 0.000000
vt 0.182927 1.000000
vt 0.180488 0.000000
vt 0.185366 1.000000
vt 0.182927 0.000000
vt 0.187805 1.000000
vt 0.185366 0.000000
vt 0.190244 1.000000
vt 0.187805 0.000000
vt 0.192683 1.000000
vt 0.190244 0.000000
vt 0.195122 1.000000
vt 0.192683 0.000000
vt 0.197561 1.000000
vt 0.195122 0.000000
vt 0.200000 1.000000
vt 0.197561 0.000000
vt 0.202439 1.000000
vt 0.200000 0.000000
vt 0.204878 1.000000
vt 0.202439 0.000000
vt 0.207317 1.000000
vt 0.204878 0.000000
vt 0.209756 1.000000
vt 0.207317 0.000000
vt 0.212195 1.000000
vt 0.209756 0.000000
vt 0.214634 1.000000
vt 0.212195 0.000000
vt 0.217073 1.000000
vt 0.214634 0.000000
vt 0.219512 1.000000
vt 0.217073 0.000000
vt 0.221951 1.000000
vt 0.219512 0.000000
vt 0.224390 1.000000
vt 0.221951 0.000000
vt 0.226829 1.000000
vt 0.224390 0.000000
vt 0.229268 1.000000
vt 0.226829 0.000000
vt 0.231707 1.000000
vt 0.229268 0.000000
vt 0.234146 1.000000
vt 0.231707 0.000000
vt 0.236585 1.000000
vt 0.234146 0.000000
vt 0.239024 1.000000
vt 0.236585 0.000000
vt 0.241463 1.000000
vt 0.239024 0.000000
vt 0.243902 1.000000
vt 0.241463 0.000000
vt 0.246341 1.000000
vt 0.243902 0.000000
vt 0.248780 1.000000
vt 0.246341 0.000000
vt 0.251220 1.000000
vt 0.248780 0.000000
vt 0.253659 1.000000
vt 0.251220 0.000000
vt 0.256098 1.000000
vt 0.253659 0.000000
vt 0.258537 1.000000
vt 0.256098 0.000000
vt 0.260976 1.000000
vt 0.258537 0.000000
vt 0.263415 1.000000
vt 0.260976 0.000000
vt 0.265854 1.000000
vt 0.263415 0.000000
vt 0.268293 1.000000
vt 0.265854 0.000000
vt 0.270732 1.000000
vt 0.268293 0.000000
vt 0.273171 1.000000
vt 0.270732 0.000000
vt 0.275610 1.000000
vt 0.273171 0.000000
vt 0.278049 1.000000
vt 0.275610 0.000000
vt 0.280488 1.000000
vt 0.278049 0.000000
vt 0.282927 1.000000
vt 0.280488 0.000000
vt 0.285366 1.000000
vt 0.282927 0.000000
vt 0.287805 1.000000
vt 0.285366 0.000000
vt 0.290244 1.000000
vt 0.287805 0.000000
vt 0.292683 1.000000
vt 0.290244 0.000000
vt 0.295122 1.000000
vt 0.292683 0.000000
vt 0.297561 1.000000
vt 0.295122 0.000000
vt 0.300000 1.000000
vt 0.297561 0.000000
vt 0.302439 1.000000
vt 0.300000 0.000000
vt 0.304878 1.000000
vt 0.302439 0.000000
vt 0.307317 1.000000
vt 0.304878 0.000000
vt 0.309756 1.000000
vt 0.307317 0.000000
vt 0.312195 1.000000
vt 0.309756 0.000000
vt 0.314634 1.000000
vt 0.312195 0.000000
vt 0.317073 1.000000
vt 0.314634 0.000000
vt 0.319512 1.000000
vt 0.317073 0.000000
vt 0.321951 1.000000
vt 0.319512 0.000000
vt 0.324390 1.000000
vt 0.321951 0.000000
vt 0.326829 1.000000
vt 0.324390 0.000000
vt 0.329268 1.000000
vt 0.326829 0.000000
vt 0.331707 1.000000
vt 0.329268 0.000000
vt 0.334146 1.000000
vt 0.331707 0.000000
vt 0.336585 1.000000
vt 0.334146 0.000000
vt 0.339024 1.000000
vt 0.336585 0.000000
vt 0.341463 1.000000
vt 0.339024 0.000000
vt 0.343902 1.000000
vt 0.341463 0.000000
vt 0.346341 1.000000
vt 0.343902 0.000000
vt 0.348780 1.000000
vt 0.346341 0.000000
vt 0.351220 1.000000
vt 0.348780 0.000000
vt 0.353659 1.000000
vt 0.351220 0.000000
vt 0.356098 1.000000
vt 0.353659 0.000000
vt 0.358537 1.000000
vt 0.356098 0.000000
vt 0.360976 1.000000
vt 0.358537 0.000000
vt 0.363415 1.000000
vt 0.360976 0.000000
vt 0.365854 1.000000
vt 0.363415 0.000000
vt 0.368293 1.000000
vt 0.365854 0.000000
vt 0.370732 1.000000
vt 0.368293 0.000000
vt 0.373171 1.000000
vt 0.370732 0.000000
vt 0.375610 1.000000
vt 0.373171 0.000000
vt 0.378049 1.000000
vt 0.375610 0.000000
vt 0.380488 1.000000
vt 0.378049 0.000000
vt 0.382927 1.000000
vt 0.380488 0.000000
vt 0.385366 1.000000
vt 0.382927 0.000000
vt 0.387805 1.000000
vt 0.385366 0.000000
vt 0.390244 1.000000
vt 0.387805 0.000000
vt 0.392683 1.000000
vt 0.390244 0.000000
vt 0.395122 1.000000
vt 0.392683 0.000000
vt 0.397561 1.000000
vt 0.395122 0.000000
vt 0.400000 1.000000
vt 0.397561 0.000000
vt 0.402439 1.000000
vt 0.400000 0.000000
vt 0.404878 1.000000
vt 0.402439 0.000000
vt 0.407317 1.000000
vt 0.404878 0.000000
vt 0.409756 1.000000
vt 0.407317 0.000000
vt 0.412195 1.000000
vt 0.409756 0.000000
vt 0.414634 1.000000
vt 0.412195 0.000000
vt 0.417073 1.000000
vt 0.414634 0.000000
vt 0.419512 1.000000
vt 0.417073 0.000000
vt 0.421951 1.000000
vt 0.419512 0.000000
vt 0.424390 1.000000
vt 0.421951 0.000000
vt 0.426829 1.000000
vt 0.424390 0.000000
vt 0.429268 1.000000
vt 0.426829 0.000000
vt 0.431707 1.000000
vt 0.429268 0.000000
vt 0.434146 1.000000
vt 0.431707 0.000000
vt 0.436585 1.000000
vt 0.434146 0.000000
vt 0.439024 1.000000
vt 0.436585 0.000000
vt 0.441463 1.000000
vt 0.439024 0.000000
vt 0.443902 1.000000
vt 0.441463 0.000000
vt 0.446341 1.000000
vt 0.443902 0.000000
vt 0.448780 1.000000
vt 0.446341 0.000000
vt 0.451219 1.000000
vt 0.448780 0.000000
vt 0.453659 1.000000
vt 0.451219 0.000000
vt 0.456098 1.000000
vt 0.453659 0.000000
vt 0.458537 1.000000
vt 0.456098 0.000000
vt 0.460976 1.000000
vt 0.458537 0.000000
vt 0.463415 1.000000
vt 0.460976 0.000000
vt 0.465854 1.000000
vt 0.463415 0.000000
vt 0.468293 1.000000
vt 0.465854 0.000000
vt 0.470732 1.000000
vt 0.468293 0.000000
vt 0.473171 1.000000
vt 0.470732 0.000000
vt 0.475610 1.000000
vt 0.473171 0.000000
vt 0.478049 1.000000
vt 0.475610 0.000000
vt 0.480488 1.000000
vt 0.478049 0.000000
vt 0.482927 1.000000
vt 0.480488 0.000000
vt 0.485366 1.000000
vt 0.482927 0.000000
vt 0.487805 1.000000
vt 0.485366 0.000000
vt 0.490244 1.000000
vt 0.487805 0.000000
vt 0.492683 1.000000
vt 0.490244 0.000000
vt 0.495122 1.000000
vt 0.492683 0.000000
vt 0.497561 1.000000
vt 0.495122 0.000000
vt 0.500000 1.000000
vt 0.497561 0.000000
vt 0.502439 1.000000
vt 0.504878 1.000000
vt 0.502439 0.000000
vt 0.507317 1.000000
vt 0.504878 0.000000
vt 0.509756 1.000000
vt 0.507317 0.000000
vt 0.512195 1.000000
vt 0.509756 0.000000
vt 0.514634 1.000000
vt 0.512195 0.000000
vt 0.517073 1.000000
vt 0.514634 0.000000
vt 0.519512 1.000000
vt 0.517073 0.000000
vt 0.521951 1.000000
vt 0.519512 0.000000
vt 0.524390 1.000000
vt 0.521951 0.000000
vt 0.526829 1.000000
vt 0.524390 0.000000
vt 0.529268 1.000000
vt 0.526829 0.000000
vt 0.531707 1.000000
vt 0.529268 0.000000
vt 0.534146 1.000000
vt 0.531707 0.000000
vt 0.536585 1.000000
vt 0.534146 0.000000
vt 0.539024 1.000000
vt 0.536585 0.000000
vt 0.541463 1.000000
vt 0.539024 0.000000
vt 0.543902 1.000000
vt 0.541463 0.000000
vt 0.546341 1.000000
vt 0.543902 0.000000
vt 0.548781 1.000000
vt 0.546341 0.000000
vt 0.551220 1.000000
vt 0.548781 0.000000
vt 0.553659 1.000000
vt 0.551220 0.000000
vt 0.556098 1.000000
vt 0.553659 0.000000
vt 0.558537 1.000000
vt 0.556098 0.000000
vt 0.560976 1.000000
vt 0.558537 0.000000
vt 0.563415 1.000000
vt 0.560976 0.000000
vt 0.565854 1.000000
vt 0.563415 0.000000
vt 0.568293 1.000000
vt 0.565854 0.000000
vt 0.570732 1.000000
vt 0.568293 0.000000
vt 0.573171 1.000000
vt 0.570732 0.000000
vt 0.575610 1.000000
vt 0.573171 0.000000
vt 0.578049 1.000000
vt 0.575610 0.000000
vt 0.580488 1.000000
vt 0.578049 0.000000
vt 0.582927 1.000000
vt 0.580488 0.000000
vt 0.585366 1.000000
vt 0.582927 0.000000
vt 0.587805 1.000000
vt 0.585366 0.000000
vt 0.590244 1.000000
vt 0.587805 0.000000
vt 0.592683 1.000000
vt 0.590244 0.000000
vt 0.595122 1.000000
vt 0.592683 0.000000
vt 0.597561 1.000000
vt 0.595122 0.000000
vt 0.600000 1.000000
vt 0.597561 0.000000
vt 0.602439 1.000000
vt 0.600000 0.000000
vt 0.604878 1.000000
vt 0.602439 0.000000
vt 0.607317 1.000000
vt 0.604878 0.000000
vt 0.609756 1.000000
vt 0.607317 0.000000
vt 0.612195 1.000000
vt 0.609756 0.000000
vt 0.614634 1.000000
vt 0.612195 0.000000
vt 0.617073 1.000000
vt 0.614634 0.000000
vt 0.619512 1.000000
vt 0.617073 0.000000
vt 0.621951 1.000000
vt 0.619512 0.000000
vt 0.624390 1.000000
vt 0.621951 0.000000
vt 0.626829 1.000000
vt 0.624390 0.000000
vt 0.629268 1.000000
vt 0.626829 0.000000
vt 0.631707 1.000000
vt 0.629268 0.000000
vt 0.634146 1.000000
vt 0.631707 0.000000
vt 0.636585 1.000000
vt 0.634146 0.000000
vt 0.639024 1.000000
vt 0.636585 0.000000
vt 0.641463 1.000000
vt 0.639024 0.000000
vt 0.643902 1.000000
vt 0.641463 0.000000
vt 0.646341 1.000000
vt 0.643902 0.000000
vt 0.648780 1.000000
vt 0.646341 0.000000
vt 0.651219 1.000000
vt 0.648780 0.000000
vt 0.653659 1.000000
vt 0.651219 0.000000
vt 0.656098 1.000000
vt 0.653659 0.000000
vt 0.658537 1.000000
vt 0.656098 0.000000
vt 0.660976 1.000000
vt 0.658537 0.000000
vt 0.663415 1.000000
vt 0.660976 0.000000
vt 0.665854 1.000000
vt 0.663415 0.000000
vt 0.668293 1.000000
vt 0.665854 0.000000
vt 0.670732 1.000000
vt 0.668293 0.000000
vt 0.673171 1.000000
vt 0.670732 0.000000
vt 0.675610 1.000000
vt 0.673171 0.000000
vt 0.678049 1.000000
vt 0.675610 0.000000
vt 0.680488 1.000000
vt 0.678049 0.000000
vt 0.682927 1.000000
vt 0.680488 0.000000
vt 0.685366 1.000000
vt 0.682927 0.000000
vt 0.687805 1.000000
vt 0.685366 0.000000
vt 0.690244 1.000000
vt 0.687805 0.000000
vt 0.692683 1.000000
vt 0.690244 0.000000
vt 0.695122 1.000000
vt 0.692683 0.000000
vt 0.697561 1.000000
vt 0.695122 0.000000
vt 0.700000 1.000000
vt 0.697561 0.000000
vt 0.702439 1.000000
vt 0.700000 0.000000
vt 0.704878 1.000000
vt 0.702439 0.000000
vt 0.707317 1.000000
vt 0.704878 0.000000
vt 0.709756 1.000000
vt 0.707317 0.000000
vt 0.712195 1.000000
vt 0.709756 0.000000
vt 0.714634 1.000000
vt 0.712195 0.000000
vt 0.717073 1.000000
vt 0.714634 0.000000
vt 0.719512 1.000000
vt 0.717073 0.000000
vt 0.721951 1.000000
vt 0.719512 0.000000
vt 0.724390 1.000000
vt 0.721951 0.000000
vt 0.726829 1.000000
vt 0.724390 0.000000
vt 0.729268 1.000000
vt 0.726829 0.000000
vt 0.731707 1.000000
vt 0.729268 0.000000
vt 0.734146 1.000000
vt 0.731707 0.000000
vt 0.736585 1.000000
vt 0.734146 0.000000
vt 0.739024 1.000000
vt 0.736585 0.000000
vt 0.741463 1.000000
vt 0.739024 0.000000
vt 0.743902 1.000000
vt 0.741463 0.000000
vt 0.746341 1.000000
vt 0.743902 0.000000
vt 0.748780 1.000000
vt 0.746341 0.000000
vt 0.751220 1.000000
vt 0.748780 0.000000
vt 0.753659 1.000000
vt 0.751220 0.000000
vt 0.756098 1.000000
vt 0.753659 0.000000
vt 0.758537 1.000000
vt 0.756098 0.000000
vt 0.760976 1.000000
vt 0.758537 0.000000
vt 0.763415 1.000000
vt 0.760976 0.000000
vt 0.765854 1.000000
vt 0.763415 0.000000
vt 0.768293 1.000000
vt 0.765854 0.000000
vt 0.770732 1.000000
vt 0.768293 0.000000
vt 0.773171 1.000000
vt 0.770732 0.000000
vt 0.775610 1.000000
vt 0.773171 0.000000
vt 0.778049 1.000000
vt 0.775610 0.000000
vt 0.780488 1.000000
vt 0.778049 0.000000
vt 0.782927 1.000000
vt 0.780488 0.000000
vt 0.785366 1.000000
vt 0.782927 0.000000
vt 0.787805 1.000000
vt 0.785366 0.000000
vt 0.790244 1.000000
vt 0.787805 0.000000
vt 0.792683 1.000000
vt 0.790244 0.000000
vt 0.795122 1.000000
vt 0.792683 0.000000
vt 0.797561 1.000000
vt 0.795122 0.000000
vt 0.800000 1.000000
vt 0.797561 0.000000
vt 0.802439 1.000000
vt 0.800000 0.000000
vt 0.804878 1.000000
vt 0.802439 0.000000
vt 0.807317 1.000000
vt 0.804878 0.000000
vt 0.809756 1.000000
vt 0.807317 0.000000
vt 0.812195 1.000000
vt 0.809756 0.000000
vt 0.814634 1.000000
vt 0.812195 0.000000
vt 0.817073 1.000000
vt 0.814634 0.000000
vt 0.819512 1.000000
vt 0.817073 0.000000
vt 0.821951 1.000000
vt 0.819512 0.000000
vt 0.824390 1.000000
vt 0.821951 0.000000
vt 0.826829 1.000000
vt 0.824390 0.000000
vt 0.829268 1.000000
vt 0.826829 0.000000
vt 0.831707 1.000000
vt 0.829268 0.000000
vt 0.834146 1.000000
vt 0.831707 0.000000
vt 0.836585 1.000000
vt 0.834146 0.000000
vt 0.839024 1.000000
vt 0.836585 0.000000
vt 0.841463 1.000000
vt 0.839024 0.000000
vt 0.843902 1.000000
vt 0.841463 0.000000
vt 0.846341 1.000000
vt 0.843902 0.000000
vt 0.848781 1.000000
vt 0.846341 0.000000
vt 0.851220 1.000000
vt 0.848781 0.000000
vt 0.853659 1.000000
vt 0.851220 0.000000
vt 0.856098 1.000000
vt 0.853659 0.000000
vt 0.858537 1.000000
vt 0.856098 0.000000
vt 0.860976 1.000000
vt 0.858537 0.000000
vt 0.863415 1.000000
vt 0.860976 0.000000
vt 0.865854 1.000000
vt 0.863415 0.000000
vt 0.868293 1.000000
vt 0.865854 0.000000
vt 0.870732 1.000000
vt 0.868293 0.000000
vt 0.873171 1.000000
vt 0.870732 0.000000
vt 0.875610 1.000000
vt 0.873171 0.000000
vt 0.878049 1.000000
vt 0.875610 0.000000
vt 0.880488 1.000000
vt 0.878049 0.000000
vt 0.882927 1.000000
vt 0.880488 0.000000
vt 0.885366 1.000000
vt 0.882927 0.000000
vt 0.887805 1.000000
vt 0.885366 0.000000
vt 0.890244 1.000000
vt 0.887805 0.000000
vt 0.892683 1.000000
vt 0.890244 0.000000
vt 0.895122 1.000000
vt 0.892683 0.000000
vt 0.897561 1.000000
vt 0.895122 0.000000
vt 0.900000 1.000000
vt 0.897561 0.000000
vt 0.902439 1.000000
vt 0.900000 0.000000
vt 0.904878 1.000000
vt 0.902439 0.000000
vt 0.907317 1.000000
vt 0.904878 0.000000
vt 0.909756 1.000000
vt 0.907317 0.000000
vt 0.912195 1.000000
vt 0.909756 0.000000
vt 0.914634 1.000000
vt 0.912195 0.000000
vt 0.917073 1.000000
vt 0.914634 0.000000
vt 0.919512 1.000000
vt 0.917073 0.000000
vt 0.921951 1.000000
vt 0.919512 0.000000
vt 0.924390 1.000000
vt 0.921951 0.000000
vt 0.926829 1.000000
vt 0.924390 0.000000
vt 0.929268 1.000000
vt 0.926829 0.000000
vt 0.931707 1.000000
vt 0.929268 0.000000
vt 0.934146 1.000000
vt 0.931707 0.000000
vt 0.936585 1.000000
vt 0.934146 0.000000
vt 0.939024 1.000000
vt 0.936585 0.000000
vt 0.941463 1.000000
vt 0.939024 0.000000
vt 0.943902 1.000000
vt 0.941463 0.000000
vt 0.946341 1.000000
vt 0.943902 0.000000
vt 0.948780 1.000000
vt 0.946341 0.000000
vt 0.951219 1.000000
vt 0.948780 0.000000
vt 0.953659 1.000000
vt 0.951219 0.000000
vt 0.956098 1.000000
vt 0.953659 0.000000
vt 0.958537 1.000000
vt 0.956098 0.000000
vt 0.960976 1.000000
vt 0.958537 0.000000
vt 0.963415 1.000000
vt 0.960976 0.000000
vt 0.965854 1.000000
vt 0.963415 0.000000
vt 0.968293 1.000000
vt 0.965854 0.000000
vt 0.970732 1.000000
vt 0.968293 0.000000
vt 0.973171 1.000000
vt 0.970732 0.000000
vt 0.975610 1.000000
vt 0.973171 0.000000
vt 0.978049 1.000000
vt 0.975610 0.000000
vt 0.980488 1.000000
vt 0.978049 0.000000
vt 0.982927 1.000000
vt 0.980488 0.000000
vt 0.985366 1.000000
vt 0.982927 0.000000
vt 0.987805 1.000000
vt 0.985366 0.000000
vt 0.990244 1.000000
vt 0.987805 0.000000
vt 0.992683 1.000000
vt 0.990244 0.000000
vt 0.995122 1.000000
vt 0.992683 0.000000
vt 0.997561 1.000000
vt 0.995122 0.000000
vt 1.000000 1.000000
vt 0.997561 0.000000
vt 0.004348 1.000000
vt 0.008696 1.000000
vt 0.004348 0.000000
vt 0.013043 1.000000
vt 0.008696 0.000000
vt 0.017391 1.000000
vt 0.013043 0.000000
vt 0.021739 1.000000
vt 0.017391 0.000000
vt 0.026087 1.000000
vt 0.021739 0.000000
vt 0.030435 1.000000
vt 0.026087 0.000000
vt 0.034783 1.000000
vt 0.030435 0.000000
vt 0.039130 1.000000
vt 0.034783 0.000000
vt 0.043478 1.000000
vt 0.039130 0.000000
vt 0.047826 1.000000
vt 0.043478 0.000000
vt 0.052174 1.000000
vt 0.047826 0.000000
vt 0.056522 1.000000
vt 0.052174 0.000000
vt 0.060870 1.000000
vt 0.056522 0.000000
vt 0.065217 1.000000
vt 0.060870 0.000000
vt 0.069565 1.000000
vt 0.065217 0.000000
vt 0.073913 1.000000
vt 0.069565 0.000000
vt 0.078261 1.000000
vt 0.073913 0.000000
vt 0.082609 1.000000
vt 0.078261 0.000000
vt 0.086957 1.000000
vt 0.082609 0.000000
vt 0.091304 1.000000
vt 0.086957 0.000000
vt 0.095652 1.000000
vt 0.091304 0.000000
vt 0.095652 0.000000
vt 0.104348 1.000000
vt 0.108696 1.000000
vt 0.104348 0.000000
vt 0.113043 1.000000
vt 0.108696 0.000000
vt 0.117391 1.000000
vt 0.113043 0.000000
vt 0.121739 1.000000
vt 0.117391 0.000000
vt 0.126087 1.000000
vt 0.121739 0.000000
vt 0.130435 1.000000
vt 0.126087 0.000000
vt 0.134783 1.000000
vt 0.130435 0.000000
vt 0.139130 1.000000
vt 0.134783 0.000000
vt 0.143478 1.000000
vt 0.139130 0.000000
vt 0.147826 1.000000
vt 0.143478 0.000000
vt 0.152174 1.000000
vt 0.147826 0.000000
vt 0.156522 1.000000
vt 0.152174 0.000000
vt 0.160870 1.000000
vt 0.156522 0.000000
vt 0.165217 1.000000
vt 0.160870 0.000000
vt 0.169565 1.000000
vt 0.165217 0.000000
vt 0.173913 1.000000
vt 0.169565 0.000000
vt 0.178261 1.000000
vt 0.173913 0.000000
vt 0.182609 1.000000
vt 0.178261 0.000000
vt 0.186957 1.000000
vt 0.182609 0.000000
vt 0.191304 1.000000
vt 0.186957 0.000000
vt 0.195652 1.000000
vt 0.191304 0.000000
vt 0.195652 0.000000
vt 0.204348 1.000000
vt 0.208696 1.000000
vt 0.204348 0.000000
vt 0.213043 1.000000
vt 0.208696 0.000000
vt 0.217391 1.000000
vt 0.213043 0.000000
vt 0.221739 1.000000
vt 0.217391 0.000000
vt 0.226087 1.000000
vt 0.221739 0.000000
vt 0.230435 1.000000
vt 0.226087 0.000000
vt 0.234783 1.000000
vt 0.230435 0.000000
vt 0.239130 1.000000
vt 0.234783 0.000000
vt 0.243478 1.000000
vt 0.239130 0.000000
vt 0.247826 1.000000
vt 0.243478 0.000000
vt 0.252174 1.000000
vt 0.247826 0.000000
vt 0.256522 1.000000
vt 0.252174 0.000000
vt 0.260870 1.000000
vt 0.256522 0.000000
vt 0.265217 1.000000
vt 0.260870 0.000000
vt 0.269565 1.000000
vt 0.265217 0.000000
vt 0.273913 1.000000
vt 0.269565 0.000000
vt 0.278261 1.000000
vt 0.273913 0.000000
vt 0.282609 1.000000
vt 0.278261 0.000000
vt 0.286957 1.000000
vt 0.282609 0.000000
vt 0.291304 1.000000
vt 0.286957 0.000000
vt 0.295652 1.000000
vt 0.291304 0.000000
vt 0.295652 0.000000
vt 0.304348 1.000000
vt 0.308696 1.000000
vt 0.304348 0.000000
vt 0.313043 1.000000
vt 0.308696 0.000000
vt 0.317391 1.000000
vt 0.313043 0.000000
vt 0.321739 1.000000
vt 0.317391 0.000000
vt 0.326087 1.000000
vt 0.321739 0.000000
vt 0.330435 1.000000
vt 0.326087 0.000000
vt 0.334783 1.000000
vt 0.330435 0.000000
vt 0.339130 1.000000
vt 0.334783 0.000000
vt 0.343478 1.000000
vt 0.339130 0.000000
vt 0.347826 1.000000
vt 0.343478 0.000000
vt 0.352174 1.000000
vt 0.347826 0.000000
vt 0.356522 1.000000
vt 0.352174 0.000000
vt 0.360870 1.000000
vt 0.356522 0.000000
vt 0.365217 1.000000
vt 0.360870 0.000000
vt 0.369565 1.000000
vt 0.365217 0.000000
vt 0.373913 1.000000
vt 0.369565 0.000000
vt 0.378261 1.000000
vt 0.373913 0.000000
vt 0.382609 1.000000
vt 0.378261 0.000000
vt 0.386957 1.000000
vt 0.382609 0.000000
vt 0.391304 1.000000
vt 0.386957 0.000000
vt 0.395652 1.000000
vt 0.391304 0.000000
vt 0.395652 0.000000
vt 0.404348 1.000000
vt 0.408696 1.000000
vt 0.404348 0.000000
vt 0.413043 1.000000
vt 0.408696 0.000000
vt 0.417391 1.000000
vt 0.413043 0.000000
vt 0.421739 1.000000
vt 0.417391 0.000000
vt 0.426087 1.000000
vt 0.421739 0.000000
vt 0.430435 1.000000
vt 0.426087 0.000000
vt 0.434783 1.000000
vt 0.430435 0.000000
vt 0.439130 1.000000
vt 0.434783 0.000000
vt 0.443478 1.000000
vt 0.439130 0.000000
vt 0.447826 1.000000
vt 0.443478 0.000000
vt 0.452174 1.000000
vt 0.447826 0.000000
vt 0.456522 1.000000
vt 0.452174 0.000000
vt 0.460870 1.000000
vt 0.456522 0.000000
vt 0.465217 1.000000
vt 0.460870 0.000000
vt 0.469565 1.000000
vt 0.465217 0.000000
vt 0.473913 1.000000
vt 0.469565 0.000000
vt 0.478261 1.000000
vt 0.473913 0.000000
vt 0.482609 1.000000
vt 0.478261 0.000000
vt 0.486957 1.000000
vt 0.482609 0.000000
vt 0.491304 1.000000
vt 0.486957 0.000000
vt 0.495652 1.000000
vt 0.491304 0.000000
vt 0.495652 0.000000
vt 0.504348 1.000000
vt 0.508696 1.000000
vt 0.504348 0.000000
vt 0.513043 1.000000
vt 0.508696 0.000000
vt 0.517391 1.000000
vt 0.513043 0.000000
vt 0.521739 1.000000
vt 0.517391 0.000000
vt 0.526087 1.000000
vt 0.521739 0.000000
vt 0.530435 1.000000
vt 0.526087 0.000000
vt 0.534783 1.000000
vt 0.530435 0.000000
vt 0.539130 1.000000
vt 0.534783 0.000000
vt 0.543478 1.000000
vt 0.539130 0.000000
vt 0.547826 1.000000
vt 0.543478 0.000000
vt 0.552174 1.000000
vt 0.547826 0.000000
vt 0.556522 1.000000
vt 0.552174 0.000000
vt 0.560870 1.000000
vt 0.556522 0.000000
vt 0.565217 1.000000
vt 0.560870 0.000000
vt 0.569565 1.000000
vt 0.565217 0.000000
vt 0.573913 1.000000
vt 0.569565 0.000000
vt 0.578261 1.000000
vt 0.573913 0.000000
vt 0.582609 1.000000
vt 0.578261 0.000000
vt 0.586957 1.000000
vt 0.582609 0.000000
vt 0.591304 1.000000
vt 0.586957 0.000000
vt 0.595652 1.000000
vt 0.591304 0.000000
vt 0.595652 0.000000
vt 0.604348 1.000000
vt 0.608696 1.000000
vt 0.604348 0.000000
vt 0.613043 1.000000
vt 0.608696 0.000000
vt 0.617391 1.000000
vt 0.613043 0.000000
vt 0.621739 1.000000
vt 0.617391 0.000000
vt 0.626087 1.000000
vt 0.621739 0.000000
vt 0.630435 1.000000
vt 0.626087 0.000000
vt 0.634783 1.000000
vt 0.630435 0.000000
vt 0.639130 1.000000
vt 0.634783 0.000000
vt 0.643478 1.000000
vt 0.639130 0.000000
vt 0.647826 1.000000
vt 0.643478 0.000000
vt 0.652174 1.000000
vt 0.647826 0.000000
vt 0.656522 1.000000
vt 0.652174 0.000000
vt 0.660870 1.000000
vt 0.656522 0.000000
vt 0.665217 1.000000
vt 0.660870 0.000000
vt 0.669565 1.000000
vt 0.665217 0.000000
vt 0.673913 1.000000
vt 0.669565 0.000000
vt 0.678261 1.000000
vt 0.673913 0.000000
vt 0.682609 1.000000
vt 0.678261 0.000000
vt 0.686957 1.000000
vt 0.682609 0.000000
vt 0.691304 1.000000
vt 0.686957 0.000000
vt 0.695652 1.000000
vt 0.691304 0.000000
vt 0.695652 0.000000
vt 0.704348 1.000000
vt 0.708696 1.000000
vt 0.704348 0.000000
vt 0.713043 1.000000
vt 0.708696 0.000000
vt 0.717391 1.000000
vt 0.713043 0.000000
vt 0.721739 1.000000
vt 0.717391 0.000000
vt 0.726087 1.000000
vt 0.721739 0.000000
vt 0.730435 1.000000
vt 0.726087 0.000000
vt 0.734783 1.000000
vt 0.730435 0.000000
vt 0.739130 1.000000
vt 0.734783 0.000000
vt 0.743478 1.000000
vt 0.739130 0.000000
vt 0.747826 1.000000
vt 0.743478 0.000000
vt 0.752174 1.000000
vt 0.747826 0.000000
vt 0.756522 1.000000
vt 0.752174 0.000000
vt 0.760870 1.000000
vt 0.756522 0.000000
vt 0.765217 1.000000
vt 0.760870 0.000000
vt 0.769565 1.000000
vt 0.765217 0.000000
vt 0.773913 1.000000
vt 0.769565 0.000000
vt 0.778261 1.000000
vt 0.773913 0.000000
vt 0.782609 1.000000
vt 0.778261 0.000000
vt 0.786957 1.000000
vt 0.782609 0.000000
vt 0.791304 1.000000
vt 0.786957 0.000000
vt 0.795652 1.000000
vt 0.791304 0.000000
vt 0.795652 0.000000
vt 0.804348 1.000000
vt 0.808696 1.000000
vt 0.804348 0.000000
vt 0.813043 1.000000
vt 0.808696 0.000000
vt 0.817391 1.000000
vt 0.813043 0.000000
vt 0.821739 1.000000
vt 0.817391 0.000000
vt 0.826087 1.000000
vt 0.821739 0.000000
vt 0.830435 1.000000
vt 0.826087 0.000000
vt 0.834783 1.000000
vt 0.830435 0.000000
vt 0.839130 1.000000
vt 0.834783 0.000000
vt 0.843478 1.000000
vt 0.839130 0.000000
vt 0.847826 1.000000
vt 0.843478 0.000000
vt 0.852174 1.000000
vt 0.847826 0.000000
vt 0.856522 1.000000
vt 0.852174 0.000000
vt 0.860870 1.000000
vt 0.856522 0.000000
vt 0.865217 1.000000
vt 0.860870 0.000000
vt 0.869565 1.000000
vt 0.865217 0.000000
vt 0.873913 1.000000
vt 0.869565 0.000000
vt 0.878261 1.000000
vt 0.873913 0.000000
vt 0.882609 1.000000
vt 0.878261 0.000000
vt 0.886957 1.000000
vt 0.882609 0.000000
vt 0.891304 1.000000
vt 0.886957 0.000000
vt 0.895652 1.000000
vt 0.891304 0.000000
vt 0.895652 0.000000
vt 0.904348 1.000000
vt 0.908696 1.000000
vt 0.904348 0.000000
vt 0.913043 1.000000
vt 0.908696 0.000000
vt 0.917391 1.000000
vt 0.913043 0.000000
vt 0.921739 1.000000
vt 0.917391 0.000000
vt 0.926087 1.000000
vt 0.921739 0.000000
vt 0.930435 1.000000
vt 0.926087 0.000000
vt 0.934783 1.000000
vt 0.930435 0.000000
vt 0.939130 1.000000
vt 0.934783 0.000000
vt 0.943478 1.000000
vt 0.939130 0.000000
vt 0.947826 1.000000
vt 0.943478 0.000000
vt 0.952174 1.000000
vt 0.947826 0.000000
vt 0.956522 1.000000
vt 0.952174 0.000000
vt 0.960870 1.000000
vt 0.956522 0.000000
vt 0.965217 1.000000
vt 0.960870 0.000000
vt 0.969565 1.000000
vt 0.965217 0.000000
vt 0.973913 1.000000
vt 0.969565 0.000000
vt 0.978261 1.000000
vt 0.973913 0.000000
vt 0.982609 1.000000
vt 0.978261 0.000000
vt 0.986957 1.000000
vt 0.982609 0.000000
vt 0.991304 1.000000
vt 0.986957 0.000000
vt 0.995652 1.000000
vt 0.991304 0.000000
vt 0.995652 0.000000
vt 0.011765 1.000000
vt 0.023529 1.000000
vt 0.011765 0.000000
vt 0.035294 1.000000
vt 0.023529 0.000000
vt 0.047059 1.000000
vt 0.035294 0.000000
vt 0.058824 1.000000
vt 0.047059 0.000000
vt 0.070588 1.000000
vt 0.058824 0.000000
vt 0.082353 1.000000
vt 0.070588 0.000000
vt 0.094118 1.000000
vt 0.082353 0.000000
vt 0.105882 1.000000
vt 0.094118 0.000000
vt 0.117647 1.000000
vt 0.105882 0.000000
vt 0.129412 1.000000
vt 0.117647 0.000000
vt 0.141176 1.000000
vt 0.129412 0.000000
vt 0.152941 1.000000
vt 0.141176 0.000000
vt 0.164706 1.000000
vt 0.152941 0.000000
vt 0.176471 1.000000
vt 0.164706 0.000000
vt 0.188235 1.000000
vt 0.176471 0.000000
vt 0.188235 0.000000
vt 0.211765 1.000000
vt 0.223529 1.000000
vt 0.211765 0.000000
vt 0.235294 1.000000
vt 0.223529 0.000000
vt 0.247059 1.000000
vt 0.235294 0.000000
vt 0.258824 1.000000
vt 0.247059 0.000000
vt 0.270588 1.000000
vt 0.258824 0.000000
vt 0.282353 1.000000
vt 0.270588 0.000000
vt 0.294118 1.000000
vt 0.282353 0.000000
vt 0.305882 1.000000
vt 0.294118 0.000000
vt 0.317647 1.000000
vt 0.305882 0.000000
vt 0.329412 1.000000
vt 0.317647 0.000000
vt 0.341176 1.000000
vt 0.329412 0.000000
vt 0.352941 1.000000
vt 0.341176 0.000000
vt 0.364706 1.000000
vt 0.352941 0.000000
vt 0.376471 1.000000
vt 0.364706 0.000000
vt 0.388235 1.000000
vt 0.376471 0.000000
vt 0.388235 0.000000
vt 0.411765 1.000000
vt 0.423529 1.000000
vt 0.411765 0.000000
vt 0.435294 1.000000
vt 0.423529 0.000000
vt 0.447059 1.000000
vt 0.435294 0.000000
vt 0.458824 1.000000
vt 0.447059 0.000000
vt 0.470588 1.000000
vt 0.458824 0.000000
vt 0.482353 1.000000
vt 0.470588 0.000000
vt 0.494118 1.000000
vt 0.482353 0.000000
vt 0.505882 1.000000
vt 0.494118 0.000000
vt 0.517647 1.000000
vt 0.505882 0.000000
vt 0.529412 1.000000
vt 0.517647 0.000000
vt 0.541176 1.000000
vt 0.529412 0.000000
vt 0.552941 1.000000
vt 0.541176 0.000000
vt 0.564706 1.000000
vt 0.552941 0.000000
vt 0.576471 1.000000
vt 0.564706 0.000000
vt 0.588235 1.000000
vt 0.576471 0.000000
vt 0.588235 0.000000
vt 0.611765 1.000000
vt 0.623529 1.000000
vt 0.611765 0.000000
vt 0.635294 1.000000
vt 0.623529 0.000000
vt 0.647059 1.000000
vt 0.635294 0.000000
vt 0.658824 1.000000
vt 0.647059 0.000000
vt 0.670588 1.000000
vt 0.658824 0.000000
vt 0.682353 1.000000
vt 0.670588 0.000000
vt 0.694118 1.000000
vt 0.682353 0.000000
vt 0.705882 1.000000
vt 0.694118 0.000000
vt 0.717647 1.000000
vt 0.705882 0.000000
vt 0.729412 1.000000
vt 0.717647 0.000000
vt 0.741176 1.000000
vt 0.729412 0.000000
vt 0.752941 1.000000
vt 0.741176 0.000000
vt 0.764706 1.000000
vt 0.752941 0.000000
vt 0.776471 1.000000
vt 0.764706 0.000000
vt 0.788235 1.000000
vt 0.776471 0.000000
vt 0.788235 0.000000
vt 0.811765 1.000000
vt 0.823529 1.000000
vt 0.811765 0.000000
vt 0.835294 1.000000
vt 0.823529 0.000000
vt 0.847059 1.000000
vt 0.835294 0.000000
vt 0.858824 1.000000
vt 0.847059 0.000000
vt 0.870588 1.000000
vt 0.858824 0.000000
vt 0.882353 1.000000
vt 0.870588 0.000000
vt 0.894118 1.000000
vt 0.882353 0.000000
vt 0.905882 1.000000
vt 0.894118 0.000000
vt 0.917647 1.000000
vt 0.905882 0.000000
vt 0.929412 1.000000
vt 0.917647 0.000000
vt 0.941176 1.000000
vt 0.929412 0.000000
vt 0.952941 1.000000
vt 0.941176 0.000000
vt 0.964706 1.000000
vt 0.952941 0.000000
vt 0.976471 1.000000
vt 0.964706 0.000000
vt 0.988235 1.000000
vt 0.976471 0.000000
vt 0.988235 0.000000
vt 0.013514 1.000000
vt 0.027027 1.000000
vt 0.013514 0.000000
vt 0.040541 1.000000
vt 0.027027 0.000000
vt 0.054054 1.000000
vt 0.040541 0.000000
vt 0.067568 1.000000
vt 0.054054 0.000000
vt 0.081081 1.000000
vt 0.067568 0.000000
vt 0.094595 1.000000
vt 0.081081 0.000000
vt 0.108108 1.000000
vt 0.094595 0.000000
vt 0.121622 1.000000
vt 0.108108 0.000000
vt 0.135135 1.000000
vt 0.121622 0.000000
vt 0.148649 1.000000
vt 0.135135 0.000000
vt 0.162162 1.000000
vt 0.148649 0.000000
vt 0.175676 1.000000
vt 0.162162 0.000000
vt 0.189189 1.000000
vt 0.175676 0.000000
vt 0.202703 1.000000
vt 0.189189 0.000000
vt 0.216216 1.000000
vt 0.202703 0.000000
vt 0.229730 1.000000
vt 0.216216 0.000000
vt 0.243243 1.000000
vt 0.229730 0.000000
vt 0.256757 1.000000
vt 0.243243 0.000000
vt 0.270270 1.000000
vt 0.256757 0.000000
vt 0.283784 1.000000
vt 0.270270 0.000000
vt 0.297297 1.000000
vt 0.283784 0.000000
vt 0.310811 1.000000
vt 0.297297 0.000000
vt 0.324324 1.000000
vt 0.310811 0.000000
vt 0.337838 1.000000
vt 0.324324 0.000000
vt 0.351351 1.000000
vt 0.337838 0.000000
vt 0.364865 1.000000
vt 0.351351 0.000000
vt 0.378378 1.000000
vt 0.364865 0.000000
vt 0.391892 1.000000
vt 0.378378 0.000000
vt 0.405405 1.000000
vt 0.391892 0.000000
vt 0.418919 1.000000
vt 0.405405 0.000000
vt 0.432432 1.000000
vt 0.418919 0.000000
vt 0.445946 1.000000
vt 0.432432 0.000000
vt 0.459459 1.000000
vt 0.445946 0.000000
vt 0.472973 1.000000
vt 0.459459 0.000000
vt 0.486486 1.000000
vt 0.472973 0.000000
vt 0.486486 0.000000
vt 0.513514 1.000000
vt 0.527027 1.000000
vt 0.513514 0.000000
vt 0.540541 1.000000
vt 0.527027 0.000000
vt 0.554054 1.000000
vt 0.540541 0.000000
vt 0.567568 1.000000
vt 0.554054 0.000000
vt 0.581081 1.000000
vt 0.567568 0.000000
vt 0.594595 1.000000
vt 0.581081 0.000000
vt 0.608108 1.000000
vt 0.594595 0.000000
vt 0.621622 1.000000
vt 0.608108 0.000000
vt 0.635135 1.000000
vt 0.621622 0.000000
vt 0.648649 1.000000
vt 0.635135 0.000000
vt 0.662162 1.000000
vt 0.648649 0.000000
vt 0.675676 1.000000
vt 0.662162 0.000000
vt 0.689189 1.000000
vt 0.675676 0.000000
vt 0.702703 1.000000
vt 0.689189 0.000000
vt 0.716216 1.000000
vt 0.702703 0.000000
vt 0.729730 1.000000
vt 0.716216 0.000000
vt 0.743243 1.000000
vt 0.729730 0.000000
vt 0.756757 1.000000
vt 0.743243 0.000000
vt 0.770270 1.000000
vt 0.756757 0.000000
vt 0.783784 1.000000
vt 0.770270 0.000000
vt 0.797297 1.000000
vt 0.783784 0.000000
vt 0.810811 1.000000
vt 0.797297 0.000000
vt 0.824324 1.000000
vt 0.810811 0.000000
vt 0.837838 1.000000
vt 0.824324 0.000000
vt 0.851351 1.000000
vt 0.837838 0.000000
vt 0.864865 1.000000
vt 0.851351 0.000000
vt 0.878378 1.000000
vt 0.864865 0.000000
vt 0.891892 1.000000
vt 0.878378 0.000000
vt 0.905405 1.000000
vt 0.891892 0.000000
vt 0.918919 1.000000
vt 0.905405 0.000000
vt 0.932432 1.000000
vt 0.918919 0.000000
vt 0.945946 1.000000
vt 0.932432 0.000000
vt 0.959459 1.000000
vt 0.945946 0.000000
vt 0.972973 1.000000
vt 0.959459 0.000000
vt 0.986486 1.000000
vt 0.972973 0.000000
vt 0.986486 0.000000
vt 0.003584 1.000000
vt 0.007168 1.000000
vt 0.003584 0.000000
vt 0.010753 1.000000
vt 0.007168 0.000000
vt 0.014337 1.000000
vt 0.010753 0.000000
vt 0.017921 1.000000
vt 0.014337 0.000000
vt 0.021505 1.000000
vt 0.017921 0.000000
vt 0.025090 1.000000
vt 0.021505 0.000000
vt 0.028674 1.000000
vt 0.025090 0.000000
vt 0.032258 1.000000
vt 0.028674 0.000000
vt 0.035842 1.000000
vt 0.032258 0.000000
vt 0.039427 1.000000
vt 0.035842 0.000000
vt 0.043011 1.000000
vt 0.039427 0.000000
vt 0.046595 1.000000
vt 0.043011 0.000000
vt 0.050179 1.000000
vt 0.046595 0.000000
vt 0.053763 1.000000
vt 0.050179 0.000000
vt 0.057348 1.000000
vt 0.053763 0.000000
vt 0.060932 1.000000
vt 0.057348 0.000000
vt 0.064516 1.000000
vt 0.060932 0.000000
vt 0.068100 1.000000
vt 0.064516 0.000000
vt 0.071685 1.000000
vt 0.068100 0.000000
vt 0.075269 1.000000
vt 0.071685 0.000000
vt 0.078853 1.000000
vt 0.075269 0.000000
vt 0.082437 1.000000
vt 0.078853 0.000000
vt 0.086022 1.000000
vt 0.082437 0.000000
vt 0.089606 1.000000
vt 0.086022 0.000000
vt 0.093190 1.000000
vt 0.089606 0.000000
vt 0.096774 1.000000
vt 0.093190 0.000000
vt 0.100358 1.000000
vt 0.096774 0.000000
vt 0.103943 1.000000
vt 0.100358 0.000000
vt 0.107527 1.000000
vt 0.103943 0.000000
vt 0.111111 1.000000
vt 0.107527 0.000000
vt 0.114695 1.000000
vt 0.111111 0.000000
vt 0.118280 1.000000
vt 0.114695 0.000000
vt 0.121864 1.000000
vt 0.118280 0.000000
vt 0.125448 1.000000
vt 0.121864 0.000000
vt 0.129032 1.000000
vt 0.125448 0.000000
vt 0.132616 1.000000
vt 0.129032 0.000000
vt 0.136201 1.000000
vt 0.132616 0.000000
vt 0.139785 1.000000
vt 0.136201 0.000000
vt 0.143369 1.000000
vt 0.139785 0.000000
vt 0.146953 1.000000
vt 0.143369 0.000000
vt 0.150538 1.000000
vt 0.146953 0.000000
vt 0.154122 1.000000
vt 0.150538 0.000000
vt 0.157706 1.000000
vt 0.154122 0.000000
vt 0.161290 1.000000
vt 0.157706 0.000000
vt 0.164875 1.000000
vt 0.161290 0.000000
vt 0.168459 1.000000
vt 0.164875 0.000000
vt 0.172043 1.000000
vt 0.168459 0.000000
vt 0.175627 1.000000
vt 0.172043 0.000000
vt 0.179211 1.000000
vt 0.175627 0.000000
vt 0.182796 1.000000
vt 0.179211 0.000000
vt 0.186380 1.000000
vt 0.182796 0.000000
vt 0.189964 1.000000
vt 0.186380 0.000000
vt 0.193548 1.000000
vt 0.189964 0.000000
vt 0.197133 1.000000
vt 0.193548 0.000000
vt 0.200717 1.000000
vt 0.197133 0.000000
vt 0.204301 1.000000
vt 0.200717 0.000000
vt 0.207885 1.000000
vt 0.204301 0.000000
vt 0.211470 1.000000
vt 0.207885 0.000000
vt 0.215054 1.000000
vt 0.211470 0.000000
vt 0.218638 1.000000
vt 0.215054 0.000000
vt 0.222222 1.000000
vt 0.218638 0.000000
vt 0.225806 1.000000
vt 0.222222 0.000000
vt 0.229391 1.000000
vt 0.225806 0.000000
vt 0.232975 1.000000
vt 0.229391 0.000000
vt 0.236559 1.000000
vt 0.232975 0.000000
vt 0.240143 1.000000
vt 0.236559 0.000000
vt 0.243728 1.000000
vt 0.240143 0.000000
vt 0.247312 1.000000
vt 0.243728 0.000000
vt 0.250896 1.000000
vt 0.247312 0.000000
vt 0.254480 1.000000
vt 0.250896 0.000000
vt 0.258065 1.000000
vt 0.254480 0.000000
vt 0.261649 1.000000
vt 0.258065 0.000000
vt 0.265233 1.000000
vt 0.261649 0.000000
vt 0.268817 1.000000
vt 0.265233 0.000000
vt 0.272401 1.000000
vt 0.268817 0.000000
vt 0.275986 1.000000
vt 0.272401 0.000000
vt 0.279570 1.000000
vt 0.275986 0.000000
vt 0.283154 1.000000
vt 0.279570 0.000000
vt 0.286738 1.000000
vt 0.283154 0.000000
vt 0.290323 1.000000
vt 0.286738 0.000000
vt 0.293907 1.000000
vt 0.290323 0.000000
vt 0.297491 1.000000
vt 0.293907 0.000000
vt 0.301075 1.000000
vt 0.297491 0.000000
vt 0.304659 1.000000
vt 0.301075 0.000000
vt 0.308244 1.000000
vt 0.304659 0.000000
vt 0.311828 1.000000
vt 0.308244 0.000000
vt 0.315412 1.000000
vt 0.311828 0.000000
vt 0.318996 1.000000
vt 0.315412 0.000000
vt 0.322581 1.000000
vt 0.318996 0.000000
vt 0.326165 1.000000
vt 0.322581 0.000000
vt 0.329749 1.000000
vt 0.326165 0.000000
vt 0.333333 1.000000
vt 0.329749 0.000000
vt 0.336918 1.000000
vt 0.333333 0.000000
vt 0.340502 1.000000
vt 0.336918 0.000000
vt 0.344086 1.000000
vt 0.340502 0.000000
vt 0.347670 1.000000
vt 0.344086 0.000000
vt 0.351254 1.000000
vt 0.347670 0.000000
vt 0.354839 1.000000
vt 0.351254 0.000000
vt 0.358423 1.000000
vt 0.354839 0.000000
vt 0.362007 1.000000
vt 0.358423 0.000000
vt 0.365591 1.000000
vt 0.362007 0.000000
vt 0.369176 1.000000
vt 0.365591 0.000000
vt 0.372760 1.000000
vt 0.369176 0.000000
vt 0.376344 1.000000
vt 0.372760 0.000000
vt 0.379928 1.000000
vt 0.376344 0.000000
vt 0.383513 1.000000
vt 0.379928 0.000000
vt 0.387097 1.000000
vt 0.383513 0.000000
vt 0.390681 1.000000
vt 0.387097 0.000000
vt 0.394265 1.000000
vt 0.390681 0.000000
vt 0.397849 1.000000
vt 0.394265 0.000000
vt 0.401434 1.000000
vt 0.397849 0.000000
vt 0.405018 1.000000
vt 0.401434 0.000000
vt 0.408602 1.000000
vt 0.405018 0.000000
vt 0.412186 1.000000
vt 0.408602 0.000000
vt 0.415771 1.000000
vt 0.412186 0.000000
vt 0.419355 1.000000
vt 0.415771 0.000000
vt 0.422939 1.000000
vt 0.419355 0.000000
vt 0.426523 1.000000
vt 0.422939 0.000000
vt 0.430108 1.000000
vt 0.426523 0.000000
vt 0.433692 1.000000
vt 0.430108 0.000000
vt 0.437276 1.000000
vt 0.433692 0.000000
vt 0.440860 1.000000
vt 0.437276 0.000000
vt 0.444444 1.000000
vt 0.440860 0.000000
vt 0.448029 1.000000
vt 0.444444 0.000000
vt 0.451613 1.000000
vt 0.448029 0.000000
vt 0.455197 1.000000
vt 0.451613 0.000000
vt 0.458781 1.000000
vt 0.455197 0.000000
vt 0.462366 1.000000
vt 0.458781 0.000000
vt 0.465950 1.000000
vt 0.462366 0.000000
vt 0.469534 1.000000
vt 0.465950 0.000000
vt 0.473118 1.000000
vt 0.469534 0.000000
vt 0.476703 1.000000
vt 0.473118 0.000000
vt 0.480287 1.000000
vt 0.476703 0.000000
vt 0.483871 1.000000
vt 0.480287 0.000000
vt 0.487455 1.000000
vt 0.483871 0.000000
vt 0.491039 1.000000
vt 0.487455 0.000000
vt 0.494624 1.000000
vt 0.491039 0.000000
vt 0.498208 1.000000
vt 0.494624 0.000000
vt 0.501792 1.000000
vt 0.498208 0.000000
vt 0.505376 1.000000
vt 0.501792 0.000000
vt 0.508961 1.000000
vt 0.505376 0.000000
vt 0.512545 1.000000
vt 0.508961 0.000000
vt 0.516129 1.000000
vt 0.512545 0.000000
vt 0.519713 1.000000
vt 0.516129 0.000000
vt 0.523297 1.000000
vt 0.519713 0.000000
vt 0.526882 1.000000
vt 0.523297 0.000000
vt 0.530466 1.000000
vt 0.526882 0.000000
vt 0.534050 1.000000
vt 0.530466 0.000000
vt 0.537634 1.000000
vt 0.534050 0.000000
vt 0.541219 1.000000
vt 0.537634 0.000000
vt 0.544803 1.000000
vt 0.541219 0.000000
vt 0.548387 1.000000
vt 0.544803 0.000000
vt 0.551971 1.000000
vt 0.548387 0.000000
vt 0.555556 1.000000
vt 0.551971 0.000000
vt 0.559140 1.000000
vt 0.555556 0.000000
vt 0.562724 1.000000
vt 0.559140 0.000000
vt 0.566308 1.000000
vt 0.562724 0.000000
vt 0.569892 1.000000
vt 0.566308 0.000000
vt 0.573477 1.000000
vt 0.569892 0.000000
vt 0.577061 1.000000
vt 0.573477 0.000000
vt 0.580645 1.000000
vt 0.577061 0.000000
vt 0.584229 1.000000
vt 0.580645 0.000000
vt 0.587814 1.000000
vt 0.584229 0.000000
vt 0.591398 1.000000
vt 0.587814 0.000000
vt 0.594982 1.000000
vt 0.591398 0.000000
vt 0.598566 1.000000
vt 0.594982 0.000000
vt 0.602151 1.000000
vt 0.598566 0.000000
vt 0.605735 1.000000
vt 0.602151 0.000000
vt 0.609319 1.000000
vt 0.605735 0.000000
vt 0.612903 1.000000
vt 0.609319 0.000000
vt 0.616487 1.000000
vt 0.612903 0.000000
vt 0.620072 1.000000
vt 0.616487 0.000000
vt 0.623656 1.000000
vt 0.620072 0.000000
vt 0.627240 1.000000
vt 0.623656 0.000000
vt 0.630824 1.000000
vt 0.627240 0.000000
vt 0.634409 1.000000
vt 0.630824 0.000000
vt 0.637993 1.000000
vt 0.634409 0.000000
vt 0.641577 1.000000
vt 0.637993 0.000000
vt 0.645161 1.000000
vt 0.641577 0.000000
vt 0.648746 1.000000
vt 0.645161 0.000000
vt 0.652330 1.000000
vt 0.648746 0.000000
vt 0.655914 1.000000
vt 0.652330 0.000000
vt 0.659498 1.000000
vt 0.655914 0.000000
vt 0.663082 1.000000
vt 0.659498 0.000000
vt 0.666667 1.000000
vt 0.663082 0.000000
vt 0.670251 1.000000
vt 0.666667 0.000000
vt 0.673835 1.000000
vt 0.670251 0.000000
vt 0.677419 1.000000
vt 0.673835 0.000000
vt 0.681004 1.000000
vt 0.677419 0.000000
vt 0.684588 1.000000
vt 0.681004 0.000000
vt 0.688172 1.000000
vt 0.684588 0.000000
vt 0.691756 1.000000
vt 0.688172 0.000000
vt 0.695341 1.000000
vt 0.691756 0.000000
vt 0.698925 1.000000
vt 0.695341 0.000000
vt 0.702509 1.000000
vt 0.698925 0.000000
vt 0.706093 1.000000
vt 0.702509 0.000000
vt 0.709677 1.000000
vt 0.706093 0.000000
vt 0.713262 1.000000
vt 0.709677 0.000000
vt 0.716846 1.000000
vt 0.713262 0.000000
vt 0.720430 1.000000
vt 0.716846 0.000000
vt 0.724014 1.000000
vt 0.720430 0.000000
vt 0.727599 1.000000
vt 0.724014 0.000000
vt 0.731183 1.000000
vt 0.727599 0.000000
vt 0.734767 1.000000
vt 0.731183 0.000000
vt 0.738351 1.000000
vt 0.734767 0.000000
vt 0.741935 1.000000
vt 0.738351 0.000000
vt 0.745520 1.000000
vt 0.741935 0.000000
vt 0.749104 1.000000
vt 0.745520 0.000000
vt 0.752688 1.000000
vt 0.749104 0.000000
vt 0.756272 1.000000
vt 0.752688 0.000000
vt 0.759857 1.000000
vt 0.756272 0.000000
vt 0.763441 1.000000
vt 0.759857 0.000000
vt 0.767025 1.000000
vt 0.763441 0.000000
vt 0.770609 1.000000
vt 0.767025 0.000000
vt 0.774194 1.000000
vt 0.770609 0.000000
vt 0.777778 1.000000
vt 0.774194 0.000000
vt 0.781362 1.000000
vt 0.777778 0.000000
vt 0.784946 1.000000
vt 0.781362 0.000000
vt 0.788530 1.000000
vt 0.784946 0.000000
vt 0.792115 1.000000
vt 0.788530 0.000000
vt 0.795699 1.000000
vt 0.792115 0.000000
vt 0.799283 1.000000
vt 0.795699 0.000000
vt 0.802867 1.000000
vt 0.799283 0.000000
vt 0.806452 1.000000
vt 0.802867 0.000000
vt 0.810036 1.000000
vt 0.806452 0.000000
vt 0.813620 1.000000
vt 0.810036 0.000000
vt 0.817204 1.000000
vt 0.813620 0.000000
vt 0.820789 1.000000
vt 0.817204 0.000000
vt 0.824373 1.000000
vt 0.820789 0.000000
vt 0.827957 1.000000
vt 0.824373 0.000000
vt 0.831541 1.000000
vt 0.827957 0.000000
vt 0.835125 1.000000
vt 0.831541 0.000000
vt 0.838710 1.000000
vt 0.835125 0.000000
vt 0.842294 1.000000
vt 0.838710 0.000000
vt 0.845878 1.000000
vt 0.842294 0.000000
vt 0.849462 1.000000
vt 0.845878 0.000000
vt 0.853047 1.000000
vt 0.849462 0.000000
vt 0.856631 1.000000
vt 0.853047 0.000000
vt 0.860215 1.000000
vt 0.856631 0.000000
vt 0.863799 1.000000
vt 0.860215 0.000000
vt 0.867384 1.000000
vt 0.863799 0.000000
vt 0.870968 1.000000
vt 0.867384 0.000000
vt 0.874552 1.000000
vt 0.870968 0.000000
vt 0.878136 1.000000
vt 0.874552 0.000000
vt 0.881720 1.000000
vt 0.878136 0.000000
vt 0.885305 1.000000
vt 0.881720 0.000000
vt 0.888889 1.000000
vt 0.885305 0.000000
vt 0.892473 1.000000
vt 0.888889 0.000000
vt 0.896057 1.000000
vt 0.892473 0.000000
vt 0.899642 1.000000
vt 0.896057 0.000000
vt 0.903226 1.000000
vt 0.899642 0.000000
vt 0.906810 1.000000
vt 0.903226 0.000000
vt 0.910394 1.000000
vt 0.906810 0.000000
vt 0.913979 1.000000
vt 0.910394 0.000000
vt 0.917563 1.000000
vt 0.913979 0.000000
vt 0.921147 1.000000
vt 0.917563 0.000000
vt 0.924731 1.000000
vt 0.921147 0.000000
vt 0.928315 1.000000
vt 0.924731 0.000000
vt 0.931900 1.000000
vt 0.928315 0.000000
vt 0.935484 1.000000
vt 0.931900 0.000000
vt 0.939068 1.000000
vt 0.935484 0.000000
vt 0.942652 1.000000
vt 0.939068 0.000000
vt 0.946237 1.000000
vt 0.942652 0.000000
vt 0.949821 1.000000
vt 0.946237 0.000000
vt 0.953405 1.000000
vt 0.949821 0.000000
vt 0.956989 1.000000
vt 0.953405 0.000000
vt 0.960573 1.000000
vt 0.956989 0.000000
vt 0.964158 1.000000
vt 0.960573 0.000000
vt 0.967742 1.000000
vt 0.964158 0.000000
vt 0.971326 1.000000
vt 0.967742 0.000000
vt 0.974910 1.000000
vt 0.971326 0.000000
vt 0.978495 1.000000
vt 0.974910 0.000000
vt 0.982079 1.000000
vt 0.978495 0.000000
vt 0.985663 1.000000
vt 0.982079 0.000000
vt 0.989247 1.000000
vt 0.985663 0.000000
vt 0.992832 1.000000
vt 0.989247 0.000000
vt 0.996416 1.000000
vt 0.992832 0.000000
vt 0.996416 0.000000
vt 0.003205 1.000000
vt 0.006410 1.000000
vt 0.003205 0.000000
vt 0.009615 1.000000
vt 0.006410 0.000000
vt 0.012821 1.000000
vt 0.009615 0.000000
vt 0.016026 1.000000
vt 0.012821 0.000000
vt 0.019231 1.000000
vt 0.016026 0.000000
vt 0.022436 1.000000
vt 0.019231 0.000000
vt 0.025641 1.000000
vt 0.022436 0.000000
vt 0.028846 1.000000
vt 0.025641 0.000000
vt 0.032051 1.000000
vt 0.028846 0.000000
vt 0.035256 1.000000
vt 0.032051 0.000000
vt 0.038462 1.000000
vt 0.035256 0.000000
vt 0.041667 1.000000
vt 0.038462 0.000000
vt 0.044872 1.000000
vt 0.041667 0.000000
vt 0.048077 1.000000
vt 0.044872 0.000000
vt 0.051282 1.000000
vt 0.048077 0.000000
vt 0.054487 1.000000
vt 0.051282 0.000000
vt 0.057692 1.000000
vt 0.054487 0.000000
vt 0.060897 1.000000
vt 0.057692 0.000000
vt 0.064103 1.000000
vt 0.060897 0.000000
vt 0.067308 1.000000
vt 0.064103 0.000000
vt 0.070513 1.000000
vt 0.067308 0.000000
vt 0.073718 1.000000
vt 0.070513 0.000000
vt 0.076923 1.000000
vt 0.073718 0.000000
vt 0.080128 1.000000
vt 0.076923 0.000000
vt 0.083333 1.000000
vt 0.080128 0.000000
vt 0.086538 1.000000
vt 0.083333 0.000000
vt 0.089744 1.000000
vt 0.086538 0.000000
vt 0.092949 1.000000
vt 0.089744 0.000000
vt 0.096154 1.000000
vt 0.092949 0.000000
vt 0.099359 1.000000
vt 0.096154 0.000000
vt 0.102564 1.000000
vt 0.099359 0.000000
vt 0.105769 1.000000
vt 0.102564 0.000000
vt 0.108974 1.000000
vt 0.105769 0.000000
vt 0.112179 1.000000
vt 0.108974 0.000000
vt 0.115385 1.000000
vt 0.112179 0.000000
vt 0.118590 1.000000
vt 0.115385 0.000000
vt 0.121795 1.000000
vt 0.118590 0.000000
vt 0.125000 1.000000
vt 0.121795 0.000000
vt 0.128205 1.000000
vt 0.131410 1.000000
vt 0.128205 0.000000
vt 0.134615 1.000000
vt 0.131410 0.000000
vt 0.137821 1.000000
vt 0.134615 0.000000
vt 0.141026 1.000000
vt 0.137821 0.000000
vt 0.144231 1.000000
vt 0.141026 0.000000
vt 0.147436 1.000000
vt 0.144231 0.000000
vt 0.150641 1.000000
vt 0.147436 0.000000
vt 0.153846 1.000000
vt 0.150641 0.000000
vt 0.157051 1.000000
vt 0.153846 0.000000
vt 0.160256 1.000000
vt 0.157051 0.000000
vt 0.163462 1.000000
vt 0.160256 0.000000
vt 0.166667 1.000000
vt 0.163462 0.000000
vt 0.169872 1.000000
vt 0.166667 0.000000
vt 0.173077 1.000000
vt 0.169872 0.000000
vt 0.176282 1.000000
vt 0.173077 0.000000
vt 0.179487 1.000000
vt 0.176282 0.000000
vt 0.182692 1.000000
vt 0.179487 0.000000
vt 0.185897 1.000000
vt 0.182692 0.000000
vt 0.189103 1.000000
vt 0.185897 0.000000
vt 0.192308 1.000000
vt 0.189103 0.000000
vt 0.195513 1.000000
vt 0.192308 0.000000
vt 0.198718 1.000000
vt 0.195513 0.000000
vt 0.201923 1.000000
vt 0.198718 0.000000
vt 0.205128 1.000000
vt 0.201923 0.000000
vt 0.208333 1.000000
vt 0.205128 0.000000
vt 0.211538 1.000000
vt 0.208333 0.000000
vt 0.214744 1.000000
vt 0.211538 0.000000
vt 0.217949 1.000000
vt 0.214744 0.000000
vt 0.221154 1.000000
vt 0.217949 0.000000
vt 0.224359 1.000000
vt 0.221154 0.000000
vt 0.227564 1.000000
vt 0.224359 0.000000
vt 0.230769 1.000000
vt 0.227564 0.000000
vt 0.233974 1.000000
vt 0.230769 0.000000
vt 0.237179 1.000000
vt 0.233974 0.000000
vt 0.240385 1.000000
vt 0.237179 0.000000
vt 0.243590 1.000000
vt 0.240385 0.000000
vt 0.246795 1.000000
vt 0.243590 0.000000
vt 0.250000 1.000000
vt 0.246795 0.000000
vt 0.253205 1.000000
vt 0.256410 1.000000
vt 0.253205 0.000000
vt 0.259615 1.000000
vt 0.256410 0.000000
vt 0.262821 1.000000
vt 0.259615 0.000000
vt 0.266026 1.000000
vt 0.262821 0.000000
vt 0.269231 1.000000
vt 0.266026 0.000000
vt 0.272436 1.000000
vt 0.269231 0.000000
vt 0.275641 1.000000
vt 0.272436 0.000000
vt 0.278846 1.000000
vt 0.275641 0.000000
vt 0.282051 1.000000
vt 0.278846 0.000000
vt 0.285256 1.000000
vt 0.282051 0.000000
vt 0.288462 1.000000
vt 0.285256 0.000000
vt 0.291667 1.000000
vt 0.288462 0.000000
vt 0.294872 1.000000
vt 0.291667 0.000000
vt 0.298077 1.000000
vt 0.294872 0.000000
vt 0.301282 1.000000
vt 0.298077 0.000000
vt 0.304487 1.000000
vt 0.301282 0.000000
vt 0.307692 1.000000
vt 0.304487 0.000000
vt 0.310897 1.000000
vt 0.307692 0.000000
vt 0.314103 1.000000
vt 0.310897 0.000000
vt 0.317308 1.000000
vt 0.314103 0.000000
vt 0.320513 1.000000
vt 0.317308 0.000000
vt 0.323718 1.000000
vt 0.320513 0.000000
vt 0.326923 1.000000
vt 0.323718 0.000000
vt 0.330128 1.000000
vt 0.326923 0.000000
vt 0.330128 0.000000
vt 0.336538 1.000000
vt 0.339744 1.000000
vt 0.336538 0.000000
vt 0.342949 1.000000
vt 0.339744 0.000000
vt 0.346154 1.000000
vt 0.342949 0.000000
vt 0.349359 1.000000
vt 0.346154 0.000000
vt 0.352564 1.000000
vt 0.349359 0.000000
vt 0.355769 1.000000
vt 0.352564 0.000000
vt 0.358974 1.000000
vt 0.355769 0.000000
vt 0.362179 1.000000
vt 0.358974 0.000000
vt 0.365385 1.000000
vt 0.362179 0.000000
vt 0.368590 1.000000
vt 0.365385 0.000000
vt 0.371795 1.000000
vt 0.368590 0.000000
vt 0.375000 1.000000
vt 0.371795 0.000000
vt 0.378205 1.000000
vt 0.381410 1.000000
vt 0.378205 0.000000
vt 0.384615 1.000000
vt 0.381410 0.000000
vt 0.387821 1.000000
vt 0.384615 0.000000
vt 0.391026 1.000000
vt 0.387821 0.000000
vt 0.394231 1.000000
vt 0.391026 0.000000
vt 0.397436 1.000000
vt 0.394231 0.000000
vt 0.400641 1.000000
vt 0.397436 0.000000
vt 0.403846 1.000000
vt 0.400641 0.000000
vt 0.407051 1.000000
vt 0.403846 0.000000
vt 0.410256 1.000000
vt 0.407051 0.000000
vt 0.413462 1.000000
vt 0.410256 0.000000
vt 0.416667 1.000000
vt 0.413462 0.000000
vt 0.419872 1.000000
vt 0.416667 0.000000
vt 0.423077 1.000000
vt 0.419872 0.000000
vt 0.426282 1.000000
vt 0.423077 0.000000
vt 0.429487 1.000000
vt 0.426282 0.000000
vt 0.432692 1.000000
vt 0.429487 0.000000
vt 0.435897 1.000000
vt 0.432692 0.000000
vt 0.439103 1.000000
vt 0.435897 0.000000
vt 0.442308 1.000000
vt 0.439103 0.000000
vt 0.445513 1.000000
vt 0.442308 0.000000
vt 0.448718 1.000000
vt 0.445513 0.000000
vt 0.451923 1.000000
vt 0.448718 0.000000
vt 0.455128 1.000000
vt 0.451923 0.000000
vt 0.458333 1.000000
vt 0.455128 0.000000
vt 0.461538 1.000000
vt 0.458333 0.000000
vt 0.464744 1.000000
vt 0.461538 0.000000
vt 0.467949 1.000000
vt 0.464744 0.000000
vt 0.471154 1.000000
vt 0.467949 0.000000
vt 0.474359 1.000000
vt 0.471154 0.000000
vt 0.477564 1.000000
vt 0.474359 0.000000
vt 0.480769 1.000000
vt 0.477564 0.000000
vt 0.483974 1.000000
vt 0.480769 0.000000
vt 0.487179 1.000000
vt 0.483974 0.000000
vt 0.490385 1.000000
vt 0.487179 0.000000
vt 0.493590 1.000000
vt 0.490385 0.000000
vt 0.496795 1.000000
vt 0.493590 0.000000
vt 0.496795 0.000000
vt 0.503205 1.000000
vt 0.506410 1.000000
vt 0.503205 0.000000
vt 0.509615 1.000000
vt 0.506410 0.000000
vt 0.512821 1.000000
vt 0.509615 0.000000
vt 0.516026 1.000000
vt 0.512821 0.000000
vt 0.519231 1.000000
vt 0.516026 0.000000
vt 0.522436 1.000000
vt 0.519231 0.000000
vt 0.525641 1.000000
vt 0.522436 0.000000
vt 0.528846 1.000000
vt 0.525641 0.000000
vt 0.532051 1.000000
vt 0.528846 0.000000
vt 0.535256 1.000000
vt 0.532051 0.000000
vt 0.538462 1.000000
vt 0.535256 0.000000
vt 0.541667 1.000000
vt 0.538462 0.000000
vt 0.544872 1.000000
vt 0.541667 0.000000
vt 0.548077 1.000000
vt 0.544872 0.000000
vt 0.551282 1.000000
vt 0.548077 0.000000
vt 0.554487 1.000000
vt 0.551282 0.000000
vt 0.557692 1.000000
vt 0.554487 0.000000
vt 0.560897 1.000000
vt 0.557692 0.000000
vt 0.564103 1.000000
vt 0.560897 0.000000
vt 0.567308 1.000000
vt 0.564103 0.000000
vt 0.570513 1.000000
vt 0.567308 0.000000
vt 0.573718 1.000000
vt 0.570513 0.000000
vt 0.576923 1.000000
vt 0.573718 0.000000
vt 0.580128 1.000000
vt 0.576923 0.000000
vt 0.583333 1.000000
vt 0.580128 0.000000
vt 0.586538 1.000000
vt 0.583333 0.000000
vt 0.589744 1.000000
vt 0.586538 0.000000
vt 0.592949 1.000000
vt 0.589744 0.000000
vt 0.596154 1.000000
vt 0.592949 0.000000
vt 0.599359 1.000000
vt 0.596154 0.000000
vt 0.602564 1.000000
vt 0.599359 0.000000
vt 0.605769 1.000000
vt 0.602564 0.000000
vt 0.608974 1.000000
vt 0.605769 0.000000
vt 0.612179 1.000000
vt 0.608974 0.000000
vt 0.615385 1.000000
vt 0.612179 0.000000
vt 0.618590 1.000000
vt 0.615385 0.000000
vt 0.621795 1.000000
vt 0.618590 0.000000
vt 0.625000 1.000000
vt 0.621795 0.000000
vt 0.628205 1.000000
vt 0.631410 1.000000
vt 0.628205 0.000000
vt 0.634615 1.000000
vt 0.631410 0.000000
vt 0.637821 1.000000
vt 0.634615 0.000000
vt 0.641026 1.000000
vt 0.637821 0.000000
vt 0.644231 1.000000
vt 0.641026 0.000000
vt 0.647436 1.000000
vt 0.644231 0.000000
vt 0.650641 1.000000
vt 0.647436 0.000000
vt 0.653846 1.000000
vt 0.650641 0.000000
vt 0.657051 1.000000
vt 0.653846 0.000000
vt 0.660256 1.000000
vt 0.657051 0.000000
vt 0.663462 1.000000
vt 0.660256 0.000000
vt 0.663462 0.000000
vt 0.669872 1.000000
vt 0.673077 1.000000
vt 0.669872 0.000000
vt 0.676282 1.000000
vt 0.673077 0.000000
vt 0.679487 1.000000
vt 0.676282 0.000000
vt 0.682692 1.000000
vt 0.679487 0.000000
vt 0.685897 1.000000
vt 0.682692 0.000000
vt 0.689103 1.000000
vt 0.685897 0.000000
vt 0.692308 1.000000
vt 0.689103 0.000000
vt 0.695513 1.000000
vt 0.692308 0.000000
vt 0.698718 1.000000
vt 0.695513 0.000000
vt 0.701923 1.000000
vt 0.698718 0.000000
vt 0.705128 1.000000
vt 0.701923 0.000000
vt 0.708333 1.000000
vt 0.705128 0.000000
vt 0.711538 1.000000
vt 0.708333 0.000000
vt 0.714744 1.000000
vt 0.711538 0.000000
vt 0.717949 1.000000
vt 0.714744 0.000000
vt 0.721154 1.000000
vt 0.717949 0.000000
vt 0.724359 1.000000
vt 0.721154 0.000000
vt 0.727564 1.000000
vt 0.724359 0.000000
vt 0.730769 1.000000
vt 0.727564 0.000000
vt 0.733974 1.000000
vt 0.730769 0.000000
vt 0.737179 1.000000
vt 0.733974 0.000000
vt 0.740385 1.000000
vt 0.737179 0.000000
vt 0.743590 1.000000
vt 0.740385 0.000000
vt 0.746795 1.000000
vt 0.743590 0.000000
vt 0.750000 1.000000
vt 0.746795 0.000000
vt 0.753205 1.000000
vt 0.756410 1.000000
vt 0.753205 0.000000
vt 0.759615 1.000000
vt 0.756410 0.000000
vt 0.762821 1.000000
vt 0.759615 0.000000
vt 0.766026 1.000000
vt 0.762821 0.000000
vt 0.769231 1.000000
vt 0.766026 0.000000
vt 0.772436 1.000000
vt 0.769231 0.000000
vt 0.775641 1.000000
vt 0.772436 0.000000
vt 0.778846 1.000000
vt 0.775641 0.000000
vt 0.782051 1.000000
vt 0.778846 0.000000
vt 0.785256 1.000000
vt 0.782051 0.000000
vt 0.788462 1.000000
vt 0.785256 0.000000
vt 0.791667 1.000000
vt 0.788462 0.000000
vt 0.794872 1.000000
vt 0.791667 0.000000
vt 0.798077 1.000000
vt 0.794872 0.000000
vt 0.801282 1.000000
vt 0.798077 0.000000
vt 0.804487 1.000000
vt 0.801282 0.000000
vt 0.807692 1.000000
vt 0.804487 0.000000
vt 0.810897 1.000000
vt 0.807692 0.000000
vt 0.814103 1.000000
vt 0.810897 0.000000
vt 0.817308 1.000000
vt 0.814103 0.000000
vt 0.820513 1.000000
vt 0.817308 0.000000
vt 0.823718 1.000000
vt 0.820513 0.000000
vt 0.826923 1.000000
vt 0.823718 0.000000
vt 0.830128 1.000000
vt 0.826923 0.000000
vt 0.833333 1.000000
vt 0.830128 0.000000
vt 0.836538 1.000000
vt 0.833333 0.000000
vt 0.839744 1.000000
vt 0.836538 0.000000
vt 0.842949 1.000000
vt 0.839744 0.000000
vt 0.846154 1.000000
vt 0.842949 0.000000
vt 0.849359 1.000000
vt 0.846154 0.000000
vt 0.852564 1.000000
vt 0.849359 0.000000
vt 0.855769 1.000000
vt 0.852564 0.000000
vt 0.858974 1.000000
vt 0.855769 0.000000
vt 0.862179 1.000000
vt 0.858974 0.000000
vt 0.865385 1.000000
vt 0.862179 0.000000
vt 0.868590 1.000000
vt 0.865385 0.000000
vt 0.871795 1.000000
vt 0.868590 0.000000
vt 0.875000 1.000000
vt 0.871795 0.000000
vt 0.878205 1.000000
vt 0.881410 1.000000
vt 0.878205 0.000000
vt 0.884615 1.000000
vt 0.881410 0.000000
vt 0.887821 1.000000
vt 0.884615 0.000000
vt 0.891026 1.000000
vt 0.887821 0.000000
vt 0.894231 1.000000
vt 0.891026 0.000000
vt 0.897436 1.000000
vt 0.894231 0.000000
vt 0.900641 1.000000
vt 0.897436 0.000000
vt 0.903846 1.000000
vt 0.900641 0.000000
vt 0.907051 1.000000
vt 0.903846 0.000000
vt 0.910256 1.000000
vt 0.907051 0.000000
vt 0.913462 1.000000
vt 0.910256 0.000000
vt 0.916667 1.000000
vt 0.913462 0.000000
vt 0.919872 1.000000
vt 0.916667 0.000000
vt 0.923077 1.000000
vt 0.919872 0.000000
vt 0.926282 1.000000
vt 0.923077 0.000000
vt 0.929487 1.000000
vt 0.926282 0.000000
vt 0.932692 1.000000
vt 0.929487 0.000000
vt 0.935897 1.000000
vt 0.932692 0.000000
vt 0.939103 1.000000
vt 0.935897 0.000000
vt 0.942308 1.000000
vt 0.939103 0.000000
vt 0.945513 1.000000
vt 0.942308 0.000000
vt 0.948718 1.000000
vt 0.945513 0.000000
vt 0.951923 1.000000
vt 0.948718 0.000000
vt 0.955128 1.000000
vt 0.951923 0.000000
vt 0.958333 1.000000
vt 0.955128 0.000000
vt 0.961538 1.000000
vt 0.958333 0.000000
vt 0.964744 1.000000
vt 0.961538 0.000000
vt 0.967949 1.000000
vt 0.964744 0.000000
vt 0.971154 1.000000
vt 0.967949 0.000000
vt 0.974359 1.000000
vt 0.971154 0.000000
vt 0.977564 1.000000
vt 0.974359 0.000000
vt 0.980769 1.000000
vt 0.977564 0.000000
vt 0.983974 1.000000
vt 0.980769 0.000000
vt 0.987179 1.000000
vt 0.983974 0.000000
vt 0.990385 1.000000
vt 0.987179 0.000000
vt 0.993590 1.000000
vt 0.990385 0.000000
vt 0.996795 1.000000
vt 0.993590 0.000000
vt 0.996795 0.000000
vt 0.003610 1.000000
vt 0.007220 1.000000
vt 0.003610 0.000000
vt 0.010830 1.000000
vt 0.007220 0.000000
vt 0.014440 1.000000
vt 0.010830 0.000000
vt 0.018051 1.000000
vt 0.014440 0.000000
vt 0.021661 1.000000
vt 0.018051 0.000000
vt 0.025271 1.000000
vt 0.021661 0.000000
vt 0.028881 1.000000
vt 0.025271 0.000000
vt 0.032491 1.000000
vt 0.028881 0.000000
vt 0.036101 1.000000
vt 0.032491 0.000000
vt 0.039711 1.000000
vt 0.036101 0.000000
vt 0.043321 1.000000
vt 0.039711 0.000000
vt 0.046931 1.000000
vt 0.043321 0.000000
vt 0.050542 1.000000
vt 0.046931 0.000000
vt 0.054152 1.000000
vt 0.050542 0.000000
vt 0.057762 1.000000
vt 0.054152 0.000000
vt 0.061372 1.000000
vt 0.057762 0.000000
vt 0.064982 1.000000
vt 0.061372 0.000000
vt 0.068592 1.000000
vt 0.064982 0.000000
vt 0.072202 1.000000
vt 0.068592 0.000000
vt 0.075812 1.000000
vt 0.072202 0.000000
vt 0.079422 1.000000
vt 0.075812 0.000000
vt 0.083032 1.000000
vt 0.079422 0.000000
vt 0.086643 1.000000
vt 0.083032 0.000000
vt 0.090253 1.000000
vt 0.086643 0.000000
vt 0.093863 1.000000
vt 0.090253 0.000000
vt 0.097473 1.000000
vt 0.093863 0.000000
vt 0.101083 1.000000
vt 0.097473 0.000000
vt 0.104693 1.000000
vt 0.101083 0.000000
vt 0.108303 1.000000
vt 0.104693 0.000000
vt 0.111913 1.000000
vt 0.108303 0.000000
vt 0.115523 1.000000
vt 0.111913 0.000000
vt 0.119134 1.000000
vt 0.115523 0.000000
vt 0.122744 1.000000
vt 0.119134 0.000000
vt 0.126354 1.000000
vt 0.122744 0.000000
vt 0.129964 1.000000
vt 0.126354 0.000000
vt 0.133574 1.000000
vt 0.129964 0.000000
vt 0.137184 1.000000
vt 0.133574 0.000000
vt 0.140794 1.000000
vt 0.137184 0.000000
vt 0.144404 1.000000
vt 0.140794 0.000000
vt 0.148014 1.000000
vt 0.144404 0.000000
vt 0.151625 1.000000
vt 0.148014 0.000000
vt 0.155235 1.000000
vt 0.151625 0.000000
vt 0.158845 1.000000
vt 0.155235 0.000000
vt 0.162455 1.000000
vt 0.158845 0.000000
vt 0.166065 1.000000
vt 0.162455 0.000000
vt 0.169675 1.000000
vt 0.166065 0.000000
vt 0.173285 1.000000
vt 0.169675 0.000000
vt 0.176895 1.000000
vt 0.173285 0.000000
vt 0.180505 1.000000
vt 0.176895 0.000000
vt 0.184116 1.000000
vt 0.180505 0.000000
vt 0.187726 1.000000
vt 0.184116 0.000000
vt 0.191336 1.000000
vt 0.187726 0.000000
vt 0.194946 1.000000
vt 0.191336 0.000000
vt 0.198556 1.000000
vt 0.194946 0.000000
vt 0.202166 1.000000
vt 0.198556 0.000000
vt 0.205776 1.000000
vt 0.202166 0.000000
vt 0.209386 1.000000
vt 0.205776 0.000000
vt 0.212996 1.000000
vt 0.209386 0.000000
vt 0.216606 1.000000
vt 0.212996 0.000000
vt 0.220217 1.000000
vt 0.216606 0.000000
vt 0.223827 1.000000
vt 0.220217 0.000000
vt 0.227437 1.000000
vt 0.223827 0.000000
vt 0.231047 1.000000
vt 0.227437 0.000000
vt 0.234657 1.000000
vt 0.231047 0.000000
vt 0.238267 1.000000
vt 0.234657 0.000000
vt 0.241877 1.000000
vt 0.238267 0.000000
vt 0.245487 1.000000
vt 0.241877 0.000000
vt 0.249097 1.000000
vt 0.245487 0.000000
vt 0.252708 1.000000
vt 0.249097 0.000000
vt 0.256318 1.000000
vt 0.252708 0.000000
vt 0.259928 1.000000
vt 0.256318 0.000000
vt 0.263538 1.000000
vt 0.259928 0.000000
vt 0.267148 1.000000
vt 0.263538 0.000000
vt 0.270758 1.000000
vt 0.267148 0.000000
vt 0.274368 1.000000
vt 0.270758 0.000000
vt 0.277978 1.000000
vt 0.274368 0.000000
vt 0.281588 1.000000
vt 0.277978 0.000000
vt 0.285199 1.000000
vt 0.281588 0.000000
vt 0.288809 1.000000
vt 0.285199 0.000000
vt 0.292419 1.000000
vt 0.288809 0.000000
vt 0.296029 1.000000
vt 0.292419 0.000000
vt 0.299639 1.000000
vt 0.296029 0.000000
vt 0.303249 1.000000
vt 0.299639 0.000000
vt 0.306859 1.000000
vt 0.303249 0.000000
vt 0.310469 1.000000
vt 0.306859 0.000000
vt 0.314079 1.000000
vt 0.310469 0.000000
vt 0.317690 1.000000
vt 0.314079 0.000000
vt 0.321300 1.000000
vt 0.317690 0.000000
vt 0.324910 1.000000
vt 0.321300 0.000000
vt 0.328520 1.000000
vt 0.324910 0.000000
vt 0.332130 1.000000
vt 0.328520 0.000000
vt 0.335740 1.000000
vt 0.332130 0.000000
vt 0.339350 1.000000
vt 0.335740 0.000000
vt 0.342960 1.000000
vt 0.339350 0.000000
vt 0.346570 1.000000
vt 0.342960 0.000000
vt 0.350181 1.000000
vt 0.346570 0.000000
vt 0.353791 1.000000
vt 0.350181 0.000000
vt 0.357401 1.000000
vt 0.353791 0.000000
vt 0.361011 1.000000
vt 0.357401 0.000000
vt 0.364621 1.000000
vt 0.361011 0.000000
vt 0.368231 1.000000
vt 0.364621 0.000000
vt 0.371841 1.000000
vt 0.368231 0.000000
vt 0.375451 1.000000
vt 0.371841 0.000000
vt 0.379061 1.000000
vt 0.375451 0.000000
vt 0.382671 1.000000
vt 0.379061 0.000000
vt 0.386282 1.000000
vt 0.382671 0.000000
vt 0.389892 1.000000
vt 0.386282 0.000000
vt 0.393502 1.000000
vt 0.389892 0.000000
vt 0.397112 1.000000
vt 0.393502 0.000000
vt 0.400722 1.000000
vt 0.397112 0.000000
vt 0.404332 1.000000
vt 0.400722 0.000000
vt 0.407942 1.000000
vt 0.404332 0.000000
vt 0.411552 1.000000
vt 0.407942 0.000000
vt 0.415162 1.000000
vt 0.411552 0.000000
vt 0.418773 1.000000
vt 0.415162 0.000000
vt 0.422383 1.000000
vt 0.418773 0.000000
vt 0.425993 1.000000
vt 0.422383 0.000000
vt 0.429603 1.000000
vt 0.425993 0.000000
vt 0.433213 1.000000
vt 0.429603 0.000000
vt 0.436823 1.000000
vt 0.433213 0.000000
vt 0.440433 1.000000
vt 0.436823 0.000000
vt 0.444043 1.000000
vt 0.440433 0.000000
vt 0.447653 1.000000
vt 0.444043 0.000000
vt 0.451264 1.000000
vt 0.447653 0.000000
vt 0.454874 1.000000
vt 0.451264 0.000000
vt 0.458484 1.000000
vt 0.454874 0.000000
vt 0.462094 1.000000
vt 0.458484 0.000000
vt 0.465704 1.000000
vt 0.462094 0.000000
vt 0.469314 1.000000
vt 0.465704 0.000000
vt 0.472924 1.000000
vt 0.469314 0.000000
vt 0.476534 1.000000
vt 0.472924 0.000000
vt 0.480144 1.000000
vt 0.476534 0.000000
vt 0.483755 1.000000
vt 0.480144 0.000000
vt 0.487365 1.000000
vt 0.483755 0.000000
vt 0.490975 1.000000
vt 0.487365 0.000000
vt 0.494585 1.000000
vt 0.490975 0.000000
vt 0.498195 1.000000
vt 0.494585 0.000000
vt 0.501805 1.000000
vt 0.498195 0.000000
vt 0.505415 1.000000
vt 0.501805 0.000000
vt 0.509025 1.000000
vt 0.505415 0.000000
vt 0.512635 1.000000
vt 0.509025 0.000000
vt 0.516245 1.000000
vt 0.512635 0.000000
vt 0.519856 1.000000
vt 0.516245 0.000000
vt 0.523466 1.000000
vt 0.519856 0.000000
vt 0.527076 1.000000
vt 0.523466 0.000000
vt 0.530686 1.000000
vt 0.527076 0.000000
vt 0.534296 1.000000
vt 0.530686 0.000000
vt 0.537906 1.000000
vt 0.534296 0.000000
vt 0.541516 1.000000
vt 0.537906 0.000000
vt 0.545126 1.000000
vt 0.541516 0.000000
vt 0.548736 1.000000
vt 0.545126 0.000000
vt 0.552347 1.000000
vt 0.548736 0.000000
vt 0.555957 1.000000
vt 0.552347 0.000000
vt 0.559567 1.000000
vt 0.555957 0.000000
vt 0.563177 1.000000
vt 0.559567 0.000000
vt 0.566787 1.000000
vt 0.563177 0.000000
vt 0.570397 1.000000
vt 0.566787 0.000000
vt 0.574007 1.000000
vt 0.570397 0.000000
vt 0.577617 1.000000
vt 0.574007 0.000000
vt 0.581227 1.000000
vt 0.577617 0.000000
vt 0.584838 1.000000
vt 0.581227 0.000000
vt 0.588448 1.000000
vt 0.584838 0.000000
vt 0.592058 1.000000
vt 0.588448 0.000000
vt 0.595668 1.000000
vt 0.592058 0.000000
vt 0.599278 1.000000
vt 0.595668 0.000000
vt 0.602888 1.000000
vt 0.599278 0.000000
vt 0.606498 1.000000
vt 0.602888 0.000000
vt 0.610108 1.000000
vt 0.606498 0.000000
vt 0.613718 1.000000
vt 0.610108 0.000000
vt 0.617329 1.000000
vt 0.613718 0.000000
vt 0.620939 1.000000
vt 0.617329 0.000000
vt 0.624549 1.000000
vt 0.620939 0.000000
vt 0.628159 1.000000
vt 0.624549 0.000000
vt 0.631769 1.000000
vt 0.628159 0.000000
vt 0.635379 1.000000
vt 0.631769 0.000000
vt 0.638989 1.000000
vt 0.635379 0.000000
vt 0.642599 1.000000
vt 0.638989 0.000000
vt 0.646209 1.000000
vt 0.642599 0.000000
vt 0.649819 1.000000
vt 0.646209 0.000000
vt 0.653430 1.000000
vt 0.649819 0.000000
vt 0.657040 1.000000
vt 0.653430 0.000000
vt 0.660650 1.000000
vt 0.657040 0.000000
vt 0.664260 1.000000
vt 0.660650 0.000000
vt 0.667870 1.000000
vt 0.664260 0.000000
vt 0.671480 1.000000
vt 0.667870 0.000000
vt 0.675090 1.000000
vt 0.671480 0.000000
vt 0.678700 1.000000
vt 0.675090 0.000000
vt 0.682310 1.000000
vt 0.678700 0.000000
vt 0.685921 1.000000
vt 0.682310 0.000000
vt 0.689531 1.000000
vt 0.685921 0.000000
vt 0.693141 1.000000
vt 0.689531 0.000000
vt 0.696751 1.000000
vt 0.693141 0.000000
vt 0.700361 1.000000
vt 0.696751 0.000000
vt 0.703971 1.000000
vt 0.700361 0.000000
vt 0.707581 1.000000
vt 0.703971 0.000000
vt 0.711191 1.000000
vt 0.707581 0.000000
vt 0.714801 1.000000
vt 0.711191 0.000000
vt 0.718412 1.000000
vt 0.714801 0.000000
vt 0.722022 1.000000
vt 0.718412 0.000000
vt 0.725632 1.000000
vt 0.722022 0.000000
vt 0.729242 1.000000
vt 0.725632 0.000000
vt 0.732852 1.000000
vt 0.729242 0.000000
vt 0.736462 1.000000
vt 0.732852 0.000000
vt 0.740072 1.000000
vt 0.736462 0.000000
vt 0.743682 1.000000
vt 0.740072 0.000000
vt 0.747292 1.000000
vt 0.743682 0.000000
vt 0.750903 1.000000
vt 0.747292 0.000000
vt 0.754513 1.000000
vt 0.750903 0.000000
vt 0.758123 1.000000
vt 0.754513 0.000000
vt 0.761733 1.000000
vt 0.758123 0.000000
vt 0.765343 1.000000
vt 0.761733 0.000000
vt 0.768953 1.000000
vt 0.765343 0.000000
vt 0.772563 1.000000
vt 0.768953 0.000000
vt 0.776173 1.000000
vt 0.772563 0.000000
vt 0.779783 1.000000
vt 0.776173 0.000000
vt 0.783394 1.000000
vt 0.779783 0.000000
vt 0.787004 1.000000
vt 0.783394 0.000000
vt 0.790614 1.000000
vt 0.787004 0.000000
vt 0.794224 1.000000
vt 0.790614 0.000000
vt 0.797834 1.000000
vt 0.794224 0.000000
vt 0.801444 1.000000
vt 0.797834 0.000000
vt 0.805054 1.000000
vt 0.801444 0.000000
vt 0.808664 1.000000
vt 0.805054 0.000000
vt 0.812274 1.000000
vt 0.808664 0.000000
vt 0.815884 1.000000
vt 0.812274 0.000000
vt 0.819495 1.000000
vt 0.815884 0.000000
vt 0.823105 1.000000
vt 0.819495 0.000000
vt 0.826715 1.000000
vt 0.823105 0.000000
vt 0.830325 1.000000
vt 0.826715 0.000000
vt 0.833935 1.000000
vt 0.830325 0.000000
vt 0.837545 1.000000
vt 0.833935 0.000000
vt 0.841155 1.000000
vt 0.837545 0.000000
vt 0.844765 1.000000
vt 0.841155 0.000000
vt 0.848375 1.000000
vt 0.844765 0.000000
vt 0.851986 1.000000
vt 0.848375 0.000000
vt 0.855596 1.000000
vt 0.851986 0.000000
vt 0.859206 1.000000
vt 0.855596 0.000000
vt 0.862816 1.000000
vt 0.859206 0.000000
vt 0.866426 1.000000
vt 0.862816 0.000000
vt 0.870036 1.000000
vt 0.866426 0.000000
vt 0.873646 1.000000
vt 0.870036 0.000000
vt 0.877256 1.000000
vt 0.873646 0.000000
vt 0.880866 1.000000
vt 0.877256 0.000000
vt 0.884477 1.000000
vt 0.880866 0.000000
vt 0.888087 1.000000
vt 0.884477 0.000000
vt 0.891697 1.000000
vt 0.888087 0.000000
vt 0.895307 1.000000
vt 0.891697 0.000000
vt 0.898917 1.000000
vt 0.895307 0.000000
vt 0.902527 1.000000
vt 0.898917 0.000000
vt 0.906137 1.000000
vt 0.902527 0.000000
vt 0.909747 1.000000
vt 0.906137 0.000000
vt 0.913357 1.000000
vt 0.909747 0.000000
vt 0.916968 1.000000
vt 0.913357 0.000000
vt 0.920578 1.000000
vt 0.916968 0.000000
vt 0.924188 1.000000
vt 0.920578 0.000000
vt 0.927798 1.000000
vt 0.924188 0.000000
vt 0.931408 1.000000
vt 0.927798 0.000000
vt 0.935018 1.000000
vt 0.931408 0.000000
vt 0.938628 1.000000
vt 0.935018 0.000000
vt 0.942238 1.000000
vt 0.938628 0.000000
vt 0.945848 1.000000
vt 0.942238 0.000000
vt 0.949458 1.000000
vt 0.945848 0.000000
vt 0.953069 1.000000
vt 0.949458 0.000000
vt 0.956679 1.000000
vt 0.953069 0.000000
vt 0.960289 1.000000
vt 0.956679 0.000000
vt 0.963899 1.000000
vt 0.960289 0.000000
vt 0.967509 1.000000
vt 0.963899 0.000000
vt 0.971119 1.000000
vt 0.967509 0.000000
vt 0.974729 1.000000
vt 0.971119 0.000000
vt 0.978339 1.000000
vt 0.974729 0.000000
vt 0.981949 1.000000
vt 0.978339 0.000000
vt 0.985560 1.000000
vt 0.981949 0.000000
vt 0.989170 1.000000
vt 0.985560 0.000000
vt 0.992780 1.000000
vt 0.989170 0.000000
vt 0.996390 1.000000
vt 0.992780 0.000000
vt 0.996390 0.000000
vt 0.013699 1.000000
vt 0.027397 1.000000
vt 0.013699 0.000000
vt 0.041096 1.000000
vt 0.027397 0.000000
vt 0.054795 1.000000
vt 0.041096 0.000000
vt 0.068493 1.000000
vt 0.054795 0.000000
vt 0.082192 1.000000
vt 0.068493 0.000000
vt 0.095890 1.000000
vt 0.082192 0.000000
vt 0.109589 1.000000
vt 0.095890 0.000000
vt 0.123288 1.000000
vt 0.109589 0.000000
vt 0.136986 1.000000
vt 0.123288 0.000000
vt 0.150685 1.000000
vt 0.136986 0.000000
vt 0.164384 1.000000
vt 0.150685 0.000000
vt 0.178082 1.000000
vt 0.164384 0.000000
vt 0.191781 1.000000
vt 0.178082 0.000000
vt 0.205479 1.000000
vt 0.191781 0.000000
vt 0.219178 1.000000
vt 0.205479 0.000000
vt 0.232877 1.000000
vt 0.219178 0.000000
vt 0.246575 1.000000
vt 0.232877 0.000000
vt 0.260274 1.000000
vt 0.246575 0.000000
vt 0.273973 1.000000
vt 0.260274 0.000000
vt 0.287671 1.000000
vt 0.273973 0.000000
vt 0.301370 1.000000
vt 0.287671 0.000000
vt 0.315068 1.000000
vt 0.301370 0.000000
vt 0.328767 1.000000
vt 0.315068 0.000000
vt 0.342466 1.000000
vt 0.328767 0.000000
vt 0.356164 1.000000
vt 0.342466 0.000000
vt 0.369863 1.000000
vt 0.356164 0.000000
vt 0.383562 1.000000
vt 0.369863 0.000000
vt 0.397260 1.000000
vt 0.383562 0.000000
vt 0.410959 1.000000
vt 0.397260 0.000000
vt 0.424658 1.000000
vt 0.410959 0.000000
vt 0.438356 1.000000
vt 0.424658 0.000000
vt 0.452055 1.000000
vt 0.438356 0.000000
vt 0.465753 1.000000
vt 0.452055 0.000000
vt 0.479452 1.000000
vt 0.465753 0.000000
vt 0.493151 1.000000
vt 0.479452 0.000000
vt 0.506849 1.000000
vt 0.493151 0.000000
vt 0.520548 1.000000
vt 0.506849 0.000000
vt 0.534247 1.000000
vt 0.520548 0.000000
vt 0.547945 1.000000
vt 0.534247 0.000000
vt 0.561644 1.000000
vt 0.547945 0.000000
vt 0.575342 1.000000
vt 0.561644 0.000000
vt 0.589041 1.000000
vt 0.575342 0.000000
vt 0.602740 1.000000
vt 0.589041 0.000000
vt 0.616438 1.000000
vt 0.602740 0.000000
vt 0.630137 1.000000
vt 0.616438 0.000000
vt 0.643836 1.000000
vt 0.630137 0.000000
vt 0.657534 1.000000
vt 0.643836 0.000000
vt 0.671233 1.000000
vt 0.657534 0.000000
vt 0.684932 1.000000
vt 0.671233 0.000000
vt 0.698630 1.000000
vt 0.684932 0.000000
vt 0.712329 1.000000
vt 0.698630 0.000000
vt 0.726027 1.000000
vt 0.712329 0.000000
vt 0.739726 1.000000
vt 0.726027 0.000000
vt 0.753425 1.000000
vt 0.739726 0.000000
vt 0.767123 1.000000
vt 0.753425 0.000000
vt 0.780822 1.000000
vt 0.767123 0.000000
vt 0.794521 1.000000
vt 0.780822 0.000000
vt 0.808219 1.000000
vt 0.794521 0.000000
vt 0.821918 1.000000
vt 0.808219 0.000000
vt 0.835616 1.000000
vt 0.821918 0.000000
vt 0.849315 1.000000
vt 0.835616 0.000000
vt 0.863014 1.000000
vt 0.849315 0.000000
vt 0.876712 1.000000
vt 0.863014 0.000000
vt 0.890411 1.000000
vt 0.876712 0.000000
vt 0.904110 1.000000
vt 0.890411 0.000000
vt 0.917808 1.000000
vt 0.904110 0.000000
vt 0.931507 1.000000
vt 0.917808 0.000000
vt 0.945205 1.000000
vt 0.931507 0.000000
vt 0.958904 1.000000
vt 0.945205 0.000000
vt 0.972603 1.000000
vt 0.958904 0.000000
vt 0.986301 1.000000
vt 0.972603 0.000000
vt 0.986301 0.000000
s 0
usemtl Material.003
f 59/1/1 58/2/1 338/3/1
f 60/4/1 59/1/1 338/3/1
f 61/5/1 60/4/1 338/3/1
f 62/6/1 61/5/1 338/3/1
f 63/7/1 62/6/1 338/3/1
f 64/8/1 63/7/1 338/3/1
f 65/9/1 64/8/1 338/3/1
f 66/10/1 65/9/1 338/3/1
f 67/11/1 66/10/1 338/3/1
f 338/3/1 337/12/1 67/11/1
f 337/12/1 336/13/1 67/11/1
f 68/14/1 67/11/1 336/13/1
f 336/13/1 335/15/1 68/14/1
f 69/16/1 68/14/1 335/15/1
f 335/15/1 334/17/1 69/16/1
f 70/18/1 69/16/1 334/17/1
f 334/17/1 333/19/1 70/18/1
f 333/19/1 332/20/1 70/18/1
f 71/21/1 70/18/1 332/20/1
f 332/20/1 331/22/1 71/21/1
f 72/23/1 71/21/1 331/22/1
f 331/22/1 330/24/1 72/23/1
f 73/25/1 72/23/1 330/24/1
f 330/24/1 329/26/1 73/25/1
f 329/26/1 328/27/1 73/25/1
f 74/28/1 73/25/1 328/27/1
f 328/27/1 327/29/1 74/28/1
f 75/30/1 74/28/1 327/29/1
f 327/29/1 326/31/1 75/30/1
f 76/32/1 75/30/1 326/31/1
f 326/31/1 325/33/1 76/32/1
f 325/33/1 324/34/1 76/32/1
f 77/35/1 76/32/1 324/34/1
f 294/36/1 293/37/1 106/38/1
f 293/37/1 107/39/1 106/38/1
f 296/40/1 295/41/1 104/42/1
f 105/43/1 104/42/1 295/41/1
f 295/41/1 294/36/1 105/43/1
f 294/36/1 106/38/1 105/43/1
f 292/44/1 291/45/1 108/46/1
f 16/47/1 201/48/1 17/49/1
f 290/50/1 109/51/1 291/45/1
f 108/46/1 291/45/1 109/51/1
f 203/52/1 14/53/1 204/54/1
f 14/53/1 203/52/1 15/55/1
f 202/56/1 15/55/1 203/52/1
f 288/57/1 287/58/1 112/59/1
f 112/59/1 111/60/1 288/57/1
f 15/55/1 202/56/1 16/47/1
f 201/48/1 16/47/1 202/56/1
f 288/57/1 111/60/1 289/61/1
f 111/60/1 110/62/1 289/61/1
f 290/50/1 289/61/1 110/62/1
f 109/51/1 290/50/1 110/62/1
f 17/49/1 201/48/1 18/63/1
f 201/48/1 200/64/1 18/63/1
f 19/65/1 18/63/1 200/64/1
f 200/64/1 199/66/1 19/65/1
f 20/67/1 19/65/1 199/66/1
f 198/68/1 20/67/1 199/66/1
f 107/39/1 293/37/1 292/44/1
f 292/44/1 108/46/1 107/39/1
f 20/67/1 198/68/1 21/69/1
f 198/68/1 197/70/1 21/69/1
f 22/71/1 21/69/1 197/70/1
f 23/72/1 22/71/1 197/70/1
f 197/70/1 196/73/1 23/72/1
f 24/74/1 23/72/1 196/73/1
f 196/73/1 195/75/1 24/74/1
f 25/76/1 24/74/1 195/75/1
f 195/75/1 194/77/1 25/76/1
f 302/78/1 301/79/1 98/80/1
f 99/81/1 98/80/1 301/79/1
f 301/79/1 300/82/1 99/81/1
f 100/83/1 99/81/1 300/82/1
f 300/82/1 299/84/1 100/83/1
f 101/85/1 100/83/1 299/84/1
f 299/84/1 298/86/1 101/85/1
f 102/87/1 101/85/1 298/86/1
f 298/86/1 297/88/1 102/87/1
f 103/89/1 102/87/1 297/88/1
f 297/88/1 296/40/1 103/89/1
f 296/40/1 104/42/1 103/89/1
f 25/76/1 194/77/1 26/90/1
f 27/91/1 26/90/1 194/77/1
f 194/77/1 193/92/1 27/91/1
f 28/93/1 27/91/1 193/92/1
f 193/92/1 192/94/1 28/93/1
f 29/95/1 28/93/1 192/94/1
f 30/96/1 29/95/1 192/94/1
f 192/94/1 191/97/1 30/96/1
f 31/98/1 30/96/1 191/97/1
f 191/97/1 190/99/1 31/98/1
f 32/100/1 31/98/1 190/99/1
f 33/101/1 32/100/1 190/99/1
f 190/99/1 189/102/1 33/101/1
f 34/103/1 33/101/1 189/102/1
f 35/104/1 34/103/1 189/102/1
f 189/102/1 188/105/1 35/104/1
f 36/106/1 35/104/1 188/105/1
f 37/107/1 36/106/1 188/105/1
f 188/105/1 187/108/1 37/107/1
f 38/109/1 37/107/1 187/108/1
f 39/110/1 38/109/1 187/108/1
f 187/108/1 186/111/1 39/110/1
f 40/112/1 39/110/1 186/111/1
f 41/113/1 40/112/1 186/111/1
f 186/111/1 185/114/1 41/113/1
f 42/115/1 41/113/1 185/114/1
f 43/116/1 42/115/1 185/114/1
f 185/114/1 184/117/1 43/116/1
f 44/118/1 43/116/1 184/117/1
f 45/119/1 44/118/1 184/117/1
f 184/117/1 183/120/1 45/119/1
f 46/121/1 45/119/1 183/120/1
f 183/120/1 182/122/1 46/121/1
f 47/123/1 46/121/1 182/122/1
f 48/124/1 47/123/1 182/122/1
f 49/125/1 48/124/1 182/122/1
f 50/126/1 49/125/1 182/122/1
f 51/127/1 50/126/1 182/122/1
f 52/128/1 51/127/1 182/122/1
f 53/129/1 52/128/1 182/122/1
f 54/130/1 53/129/1 182/122/1
f 55/131/1 54/130/1 182/122/1
f 56/132/1 55/131/1 182/122/1
f 57/133/1 56/132/1 182/122/1
f 58/2/1 57/133/1 182/122/1
f 338/3/1 58/2/1 182/122/1
f 77/35/1 324/34/1 323/134/1
f 78/135/1 77/35/1 323/134/1
f 323/134/1 322/136/1 78/135/1
f 79/137/1 78/135/1 322/136/1
f 322/136/1 321/138/1 79/137/1
f 80/139/1 79/137/1 321/138/1
f 321/138/1 320/140/1 80/139/1
f 81/141/1 80/139/1 320/140/1
f 320/140/1 319/142/1 81/141/1
f 82/143/1 81/141/1 319/142/1
f 319/142/1 318/144/1 82/143/1
f 83/145/1 82/143/1 318/144/1
f 318/144/1 317/146/1 83/145/1
f 84/147/1 83/145/1 317/146/1
f 317/146/1 316/148/1 84/147/1
f 85/149/1 84/147/1 316/148/1
f 316/148/1 315/150/1 85/149/1
f 86/151/1 85/149/1 315/150/1
f 315/150/1 314/152/1 86/151/1
f 87/153/1 86/151/1 314/152/1
f 314/152/1 313/154/1 87/153/1
f 88/155/1 87/153/1 313/154/1
f 313/154/1 312/156/1 88/155/1
f 89/157/1 88/155/1 312/156/1
f 312/156/1 311/158/1 89/157/1
f 90/159/1 89/157/1 311/158/1
f 311/158/1 310/160/1 90/159/1
f 91/161/1 90/159/1 310/160/1
f 310/160/1 309/162/1 91/161/1
f 92/163/1 91/161/1 309/162/1
f 309/162/1 308/164/1 92/163/1
f 93/165/1 92/163/1 308/164/1
f 308/164/1 307/166/1 93/165/1
f 94/167/1 93/165/1 307/166/1
f 307/166/1 306/168/1 94/167/1
f 95/169/1 94/167/1 306/168/1
f 306/168/1 305/170/1 95/169/1
f 96/171/1 95/169/1 305/170/1
f 305/170/1 304/172/1 96/171/1
f 304/172/1 303/173/1 96/171/1
f 97/174/1 96/171/1 303/173/1
f 303/173/1 302/78/1 97/174/1
f 302/78/1 98/80/1 97/174/1
f 11/175/1 206/176/1 205/177/1
f 11/175/1 205/177/1 12/178/1
f 13/179/1 12/178/1 205/177/1
f 9/180/1 8/181/1 207/182/1
f 8/181/1 208/183/1 207/182/1
f 206/176/1 11/175/1 10/184/1
f 10/184/1 9/180/1 206/176/1
f 9/180/1 207/182/1 206/176/1
f 209/185/1 6/186/1 5/187/1
f 210/188/1 209/185/1 5/187/1
f 208/183/1 8/181/1 7/189/1
f 7/189/1 6/186/1 208/183/1
f 6/186/1 209/185/1 208/183/1
f 119/190/1 118/191/1 283/192/1
f 284/193/1 283/192/1 118/191/1
f 118/191/1 117/194/1 284/193/1
f 117/194/1 116/195/1 284/193/1
f 285/196/1 284/193/1 116/195/1
f 115/197/1 285/196/1 116/195/1
f 2/198/1 1/199/1 212/200/1
f 213/201/1 212/200/1 1/199/1
f 213/201/1 1/199/1 277/202/1
f 277/202/1 276/203/1 213/201/1
f 214/204/1 213/201/1 276/203/1
f 276/203/1 275/205/1 214/204/1
f 215/206/1 214/204/1 275/205/1
f 275/205/1 274/207/1 215/206/1
f 215/206/1 274/207/1 273/208/1
f 216/209/1 215/206/1 273/208/1
f 273/208/1 272/210/1 216/209/1
f 272/210/1 271/211/1 216/209/1
f 217/212/1 216/209/1 271/211/1
f 271/211/1 270/213/1 217/212/1
f 270/213/1 269/214/1 217/212/1
f 218/215/1 217/212/1 269/214/1
f 269/214/1 268/216/1 218/215/1
f 219/217/1 218/215/1 268/216/1
f 210/188/1 5/187/1 4/218/1
f 211/219/1 210/188/1 4/218/1
f 4/218/1 3/220/1 211/219/1
f 3/220/1 2/198/1 211/219/1
f 2/198/1 212/200/1 211/219/1
f 181/221/1 339/222/1 182/122/1
f 349/223/1 348/224/1 132/225/1
f 132/225/1 131/226/1 349/223/1
f 131/226/1 130/227/1 349/223/1
f 350/228/1 349/223/1 130/227/1
f 130/227/1 129/229/1 350/228/1
f 278/230/1 350/228/1 129/229/1
f 129/229/1 128/231/1 278/230/1
f 128/231/1 127/232/1 278/230/1
f 279/233/1 278/230/1 127/232/1
f 127/232/1 126/234/1 279/233/1
f 126/234/1 125/235/1 279/233/1
f 280/236/1 279/233/1 125/235/1
f 125/235/1 124/237/1 280/236/1
f 124/237/1 123/238/1 280/236/1
f 281/239/1 280/236/1 123/238/1
f 123/238/1 122/240/1 281/239/1
f 122/240/1 121/241/1 281/239/1
f 282/242/1 281/239/1 121/241/1
f 121/241/1 120/243/1 282/242/1
f 283/192/1 282/242/1 120/243/1
f 119/190/1 283/192/1 120/243/1
f 231/244/1 230/245/1 229/246/1
f 234/247/1 233/248/1 228/249/1
f 233/248/1 232/250/1 228/249/1
f 229/246/1 228/249/1 232/250/1
f 231/244/1 229/246/1 232/250/1
f 169/251/1 168/252/1 167/253/1
f 167/253/1 166/254/1 169/251/1
f 166/254/1 165/255/1 169/251/1
f 165/255/1 164/256/1 169/251/1
f 170/257/1 169/251/1 164/256/1
f 164/256/1 163/258/1 170/257/1
f 163/258/1 162/259/1 170/257/1
f 171/260/1 170/257/1 162/259/1
f 162/259/1 161/261/1 171/260/1
f 171/260/1 161/261/1 172/262/1
f 161/261/1 160/263/1 172/262/1
f 173/264/1 172/262/1 160/263/1
f 174/265/1 173/264/1 160/263/1
f 160/263/1 159/266/1 174/265/1
f 175/267/1 174/265/1 159/266/1
f 159/266/1 158/268/1 175/267/1
f 176/269/1 175/267/1 158/268/1
f 158/268/1 157/270/1 176/269/1
f 177/271/1 176/269/1 157/270/1
f 178/272/1 177/271/1 157/270/1
f 157/270/1 156/273/1 178/272/1
f 179/274/1 178/272/1 156/273/1
f 180/275/1 179/274/1 156/273/1
f 219/217/1 268/216/1 267/276/1
f 267/276/1 266/277/1 219/217/1
f 220/278/1 219/217/1 266/277/1
f 266/277/1 265/279/1 220/278/1
f 265/279/1 264/280/1 220/278/1
f 221/281/1 220/278/1 264/280/1
f 264/280/1 263/282/1 221/281/1
f 263/282/1 262/283/1 221/281/1
f 262/283/1 261/284/1 221/281/1
f 261/284/1 260/285/1 221/281/1
f 260/285/1 259/286/1 221/281/1
f 259/286/1 258/287/1 221/281/1
f 258/287/1 257/288/1 221/281/1
f 222/289/1 221/281/1 257/288/1
f 257/288/1 256/290/1 222/289/1
f 256/290/1 255/291/1 222/289/1
f 255/291/1 254/292/1 222/289/1
f 223/293/1 222/289/1 254/292/1
f 254/292/1 253/294/1 223/293/1
f 253/294/1 252/295/1 223/293/1
f 252/295/1 251/296/1 223/293/1
f 251/296/1 250/297/1 223/293/1
f 250/297/1 249/298/1 223/293/1
f 249/298/1 248/299/1 223/293/1
f 248/299/1 247/300/1 223/293/1
f 224/301/1 223/293/1 247/300/1
f 247/300/1 246/302/1 224/301/1
f 246/302/1 245/303/1 224/301/1
f 245/303/1 244/304/1 224/301/1
f 244/304/1 243/305/1 224/301/1
f 243/305/1 242/306/1 224/301/1
f 225/307/1 224/301/1 242/306/1
f 242/306/1 241/308/1 225/307/1
f 241/308/1 240/309/1 225/307/1
f 240/309/1 239/310/1 225/307/1
f 226/311/1 225/307/1 239/310/1
f 239/310/1 238/312/1 226/311/1
f 238/312/1 237/313/1 226/311/1
f 227/314/1 226/311/1 237/313/1
f 237/313/1 236/315/1 227/314/1
f 236/315/1 235/316/1 227/314/1
f 235/316/1 234/247/1 227/314/1
f 234/247/1 228/249/1 227/314/1
f 339/222/1 181/221/1 180/275/1
f 180/275/1 156/273/1 339/222/1
f 156/273/1 155/317/1 339/222/1
f 155/317/1 154/318/1 339/222/1
f 154/318/1 153/319/1 339/222/1
f 153/319/1 152/320/1 339/222/1
f 152/320/1 151/321/1 339/222/1
f 151/321/1 150/322/1 339/222/1
f 150/322/1 149/323/1 339/222/1
f 149/323/1 148/324/1 339/222/1
f 148/324/1 147/325/1 339/222/1
f 340/326/1 339/222/1 147/325/1
f 147/325/1 146/327/1 340/326/1
f 341/328/1 340/326/1 146/327/1
f 146/327/1 145/329/1 341/328/1
f 145/329/1 144/330/1 341/328/1
f 342/331/1 341/328/1 144/330/1
f 144/330/1 143/332/1 342/331/1
f 143/332/1 142/333/1 342/331/1
f 343/334/1 342/331/1 142/333/1
f 142/333/1 141/335/1 343/334/1
f 141/335/1 140/336/1 343/334/1
f 344/337/1 343/334/1 140/336/1
f 140/336/1 139/338/1 344/337/1
f 139/338/1 138/339/1 344/337/1
f 345/340/1 344/337/1 138/339/1
f 138/339/1 137/341/1 345/340/1
f 137/341/1 136/342/1 345/340/1
f 346/343/1 345/340/1 136/342/1
f 136/342/1 135/344/1 346/343/1
f 347/345/1 346/343/1 135/344/1
f 135/344/1 134/346/1 347/345/1
f 134/346/1 133/347/1 347/345/1
f 348/224/1 347/345/1 133/347/1
f 132/225/1 348/224/1 133/347/1
f 204/54/1 14/53/1 13/179/1
f 13/179/1 205/177/1 204/54/1
f 338/3/1 182/122/1 339/222/1
f 285/196/1 115/197/1 286/348/1
f 115/197/1 114/349/1 286/348/1
f 287/58/1 286/348/1 114/349/1
f 114/349/1 113/350/1 287/58/1
f 112/59/1 287/58/1 113/350/1
f 553/351/1 552/352/1 412/353/1
f 554/354/1 553/351/1 412/353/1
f 412/353/1 411/355/1 554/354/1
f 555/356/1 554/354/1 411/355/1
f 556/357/1 555/356/1 411/355/1
f 411/355/1 410/358/1 556/357/1
f 557/359/1 556/357/1 410/358/1
f 410/358/1 409/360/1 557/359/1
f 558/361/1 557/359/1 409/360/1
f 371/362/1 370/363/1 601/364/1
f 511/365/1 510/366/1 431/367/1
f 431/367/1 430/368/1 511/365/1
f 372/369/1 371/362/1 600/370/1
f 371/362/1 601/364/1 600/370/1
f 511/365/1 430/368/1 512/371/1
f 513/372/1 512/371/1 430/368/1
f 430/368/1 429/373/1 513/372/1
f 514/374/1 513/372/1 429/373/1
f 375/375/1 374/376/1 597/377/1
f 598/378/1 597/377/1 374/376/1
f 374/376/1 373/379/1 598/378/1
f 599/380/1 598/378/1 373/379/1
f 373/379/1 372/369/1 599/380/1
f 372/369/1 600/370/1 599/380/1
f 514/374/1 429/373/1 515/381/1
f 429/373/1 428/382/1 515/381/1
f 516/383/1 515/381/1 428/382/1
f 428/382/1 427/384/1 516/383/1
f 517/385/1 516/383/1 427/384/1
f 380/386/1 379/387/1 592/388/1
f 593/389/1 592/388/1 379/387/1
f 379/387/1 378/390/1 593/389/1
f 594/391/1 593/389/1 378/390/1
f 378/390/1 377/392/1 594/391/1
f 595/393/1 594/391/1 377/392/1
f 377/392/1 376/394/1 595/393/1
f 596/395/1 595/393/1 376/394/1
f 376/394/1 375/375/1 596/395/1
f 375/375/1 597/377/1 596/395/1
f 517/385/1 427/384/1 518/396/1
f 427/384/1 426/397/1 518/396/1
f 519/398/1 518/396/1 426/397/1
f 520/399/1 519/398/1 426/397/1
f 426/397/1 425/400/1 520/399/1
f 521/401/1 520/399/1 425/400/1
f 522/402/1 521/401/1 425/400/1
f 425/400/1 424/403/1 522/402/1
f 523/404/1 522/402/1 424/403/1
f 524/405/1 523/404/1 424/403/1
f 424/403/1 423/406/1 524/405/1
f 525/407/1 524/405/1 423/406/1
f 526/408/1 525/407/1 423/406/1
f 423/406/1 422/409/1 526/408/1
f 527/410/1 526/408/1 422/409/1
f 528/411/1 527/410/1 422/409/1
f 529/412/1 528/411/1 422/409/1
f 422/409/1 421/413/1 529/412/1
f 530/414/1 529/412/1 421/413/1
f 531/415/1 530/414/1 421/413/1
f 421/413/1 420/416/1 531/415/1
f 532/417/1 531/415/1 420/416/1
f 533/418/1 532/417/1 420/416/1
f 534/419/1 533/418/1 420/416/1
f 420/416/1 419/420/1 534/419/1
f 535/421/1 534/419/1 419/420/1
f 536/422/1 535/421/1 419/420/1
f 537/423/1 536/422/1 419/420/1
f 419/420/1 418/424/1 537/423/1
f 538/425/1 537/423/1 418/424/1
f 539/426/1 538/425/1 418/424/1
f 540/427/1 539/426/1 418/424/1
f 418/424/1 417/428/1 540/427/1
f 541/429/1 540/427/1 417/428/1
f 542/430/1 541/429/1 417/428/1
f 417/428/1 416/431/1 542/430/1
f 543/432/1 542/430/1 416/431/1
f 544/433/1 543/432/1 416/431/1
f 545/434/1 544/433/1 416/431/1
f 416/431/1 415/435/1 545/434/1
f 546/436/1 545/434/1 415/435/1
f 547/437/1 546/436/1 415/435/1
f 415/435/1 414/438/1 547/437/1
f 548/439/1 547/437/1 414/438/1
f 549/440/1 548/439/1 414/438/1
f 550/441/1 549/440/1 414/438/1
f 414/438/1 413/442/1 550/441/1
f 551/443/1 550/441/1 413/442/1
f 552/352/1 551/443/1 413/442/1
f 412/353/1 552/352/1 413/442/1
f 558/361/1 409/360/1 408/444/1
f 559/445/1 558/361/1 408/444/1
f 408/444/1 407/446/1 559/445/1
f 560/447/1 559/445/1 407/446/1
f 407/446/1 406/448/1 560/447/1
f 561/449/1 560/447/1 406/448/1
f 406/448/1 405/450/1 561/449/1
f 562/451/1 561/449/1 405/450/1
f 405/450/1 404/452/1 562/451/1
f 563/453/1 562/451/1 404/452/1
f 404/452/1 403/454/1 563/453/1
f 564/455/1 563/453/1 403/454/1
f 403/454/1 402/456/1 564/455/1
f 565/457/1 564/455/1 402/456/1
f 402/456/1 401/458/1 565/457/1
f 566/459/1 565/457/1 401/458/1
f 567/460/1 566/459/1 401/458/1
f 401/458/1 400/461/1 567/460/1
f 568/462/1 567/460/1 400/461/1
f 400/461/1 399/463/1 568/462/1
f 569/464/1 568/462/1 399/463/1
f 399/463/1 398/465/1 569/464/1
f 570/466/1 569/464/1 398/465/1
f 398/465/1 397/467/1 570/466/1
f 571/468/1 570/466/1 397/467/1
f 572/469/1 571/468/1 397/467/1
f 397/467/1 396/470/1 572/469/1
f 573/471/1 572/469/1 396/470/1
f 396/470/1 395/472/1 573/471/1
f 574/473/1 573/471/1 395/472/1
f 395/472/1 394/474/1 574/473/1
f 575/475/1 574/473/1 394/474/1
f 576/476/1 575/475/1 394/474/1
f 394/474/1 393/477/1 576/476/1
f 577/478/1 576/476/1 393/477/1
f 393/477/1 392/479/1 577/478/1
f 578/480/1 577/478/1 392/479/1
f 392/479/1 391/481/1 578/480/1
f 579/482/1 578/480/1 391/481/1
f 580/483/1 579/482/1 391/481/1
f 391/481/1 390/484/1 580/483/1
f 581/485/1 580/483/1 390/484/1
f 390/484/1 389/486/1 581/485/1
f 582/487/1 581/485/1 389/486/1
f 389/486/1 388/488/1 582/487/1
f 583/489/1 582/487/1 388/488/1
f 388/488/1 387/490/1 583/489/1
f 584/491/1 583/489/1 387/490/1
f 585/492/1 584/491/1 387/490/1
f 387/490/1 386/493/1 585/492/1
f 586/494/1 585/492/1 386/493/1
f 386/493/1 385/495/1 586/494/1
f 587/496/1 586/494/1 385/495/1
f 385/495/1 384/497/1 587/496/1
f 588/498/1 587/496/1 384/497/1
f 384/497/1 383/499/1 588/498/1
f 589/500/1 588/498/1 383/499/1
f 383/499/1 382/501/1 589/500/1
f 590/502/1 589/500/1 382/501/1
f 382/501/1 381/503/1 590/502/1
f 591/504/1 590/502/1 381/503/1
f 381/503/1 380/386/1 591/504/1
f 380/386/1 592/388/1 591/504/1
f 507/505/1 433/506/1 508/507/1
f 368/508/1 367/509/1 603/510/1
f 367/509/1 604/511/1 603/510/1
f 434/512/1 506/513/1 435/514/1
f 365/515/1 364/516/1 605/517/1
f 506/513/1 434/512/1 507/505/1
f 433/506/1 507/505/1 434/512/1
f 604/511/1 367/509/1 366/518/1
f 366/518/1 365/515/1 604/511/1
f 365/515/1 605/517/1 604/511/1
f 437/519/1 504/520/1 503/521/1
f 438/522/1 437/519/1 503/521/1
f 439/523/1 438/522/1 503/521/1
f 503/521/1 502/524/1 439/523/1
f 502/524/1 440/525/1 439/523/1
f 361/526/1 360/527/1 608/528/1
f 607/529/1 361/526/1 608/528/1
f 435/514/1 506/513/1 505/530/1
f 436/531/1 435/514/1 505/530/1
f 505/530/1 504/520/1 436/531/1
f 504/520/1 437/519/1 436/531/1
f 361/526/1 607/529/1 362/532/1
f 607/529/1 606/533/1 362/532/1
f 363/534/1 362/532/1 606/533/1
f 364/516/1 363/534/1 606/533/1
f 605/517/1 364/516/1 606/533/1
f 355/535/1 354/536/1 615/537/1
f 615/537/1 614/538/1 355/535/1
f 440/525/1 502/524/1 501/539/1
f 441/540/1 440/525/1 501/539/1
f 501/539/1 500/541/1 441/540/1
f 442/542/1 441/540/1 500/541/1
f 500/541/1 499/543/1 442/542/1
f 443/544/1 442/542/1 499/543/1
f 499/543/1 498/545/1 443/544/1
f 498/545/1 497/546/1 443/544/1
f 497/546/1 444/547/1 443/544/1
f 355/535/1 614/538/1 356/548/1
f 614/538/1 613/549/1 356/548/1
f 613/549/1 612/550/1 356/548/1
f 357/551/1 356/548/1 612/550/1
f 612/550/1 611/552/1 357/551/1
f 358/553/1 357/551/1 611/552/1
f 611/552/1 610/554/1 358/553/1
f 359/555/1 358/553/1 610/554/1
f 610/554/1 609/556/1 359/555/1
f 360/527/1 359/555/1 609/556/1
f 608/528/1 360/527/1 609/556/1
f 461/557/1 460/558/1 457/559/1
f 458/560/1 457/559/1 460/558/1
f 459/561/1 458/560/1 460/558/1
f 652/562/1 651/563/1 650/564/1
f 650/564/1 649/565/1 652/562/1
f 653/566/1 652/562/1 649/565/1
f 649/565/1 648/567/1 653/566/1
f 444/547/1 497/546/1 496/568/1
f 445/569/1 444/547/1 496/568/1
f 496/568/1 495/570/1 445/569/1
f 495/570/1 494/571/1 445/569/1
f 446/572/1 445/569/1 494/571/1
f 494/571/1 493/573/1 446/572/1
f 493/573/1 492/574/1 446/572/1
f 492/574/1 491/575/1 446/572/1
f 447/576/1 446/572/1 491/575/1
f 491/575/1 490/577/1 447/576/1
f 490/577/1 489/578/1 447/576/1
f 489/578/1 488/579/1 447/576/1
f 488/579/1 487/580/1 447/576/1
f 487/580/1 486/581/1 447/576/1
f 486/581/1 485/582/1 447/576/1
f 485/582/1 484/583/1 447/576/1
f 484/583/1 483/584/1 447/576/1
f 448/585/1 447/576/1 483/584/1
f 483/584/1 482/586/1 448/585/1
f 482/586/1 481/587/1 448/585/1
f 449/588/1 448/585/1 481/587/1
f 481/587/1 480/589/1 449/588/1
f 480/589/1 479/590/1 449/588/1
f 479/590/1 478/591/1 449/588/1
f 478/591/1 477/592/1 449/588/1
f 450/593/1 449/588/1 477/592/1
f 477/592/1 476/594/1 450/593/1
f 476/594/1 475/595/1 450/593/1
f 475/595/1 474/596/1 450/593/1
f 474/596/1 473/597/1 450/593/1
f 473/597/1 472/598/1 450/593/1
f 451/599/1 450/593/1 472/598/1
f 472/598/1 471/600/1 451/599/1
f 471/600/1 470/601/1 451/599/1
f 470/601/1 469/602/1 451/599/1
f 452/603/1 451/599/1 469/602/1
f 469/602/1 468/604/1 452/603/1
f 468/604/1 467/605/1 452/603/1
f 453/606/1 452/603/1 467/605/1
f 467/605/1 466/607/1 453/606/1
f 466/607/1 465/608/1 453/606/1
f 454/609/1 453/606/1 465/608/1
f 465/608/1 464/610/1 454/609/1
f 464/610/1 463/611/1 454/609/1
f 455/612/1 454/609/1 463/611/1
f 463/611/1 462/613/1 455/612/1
f 456/614/1 455/612/1 462/613/1
f 462/613/1 461/557/1 456/614/1
f 461/557/1 457/559/1 456/614/1
f 653/566/1 648/567/1 654/615/1
f 648/567/1 647/616/1 654/615/1
f 655/617/1 654/615/1 647/616/1
f 647/616/1 646/618/1 655/617/1
f 646/618/1 645/619/1 655/617/1
f 656/620/1 655/617/1 645/619/1
f 645/619/1 644/621/1 656/620/1
f 644/621/1 643/622/1 656/620/1
f 657/623/1 656/620/1 643/622/1
f 643/622/1 642/624/1 657/623/1
f 658/625/1 657/623/1 642/624/1
f 642/624/1 641/626/1 658/625/1
f 641/626/1 640/627/1 658/625/1
f 659/628/1 658/625/1 640/627/1
f 640/627/1 639/629/1 659/628/1
f 639/629/1 638/630/1 659/628/1
f 660/631/1 659/628/1 638/630/1
f 638/630/1 637/632/1 660/631/1
f 637/632/1 636/633/1 660/631/1
f 636/633/1 635/634/1 660/631/1
f 635/634/1 634/635/1 660/631/1
f 661/636/1 660/631/1 634/635/1
f 634/635/1 633/637/1 661/636/1
f 633/637/1 632/638/1 661/636/1
f 632/638/1 631/639/1 661/636/1
f 631/639/1 630/640/1 661/636/1
f 662/228/1 661/636/1 630/640/1
f 630/640/1 629/641/1 662/228/1
f 629/641/1 628/642/1 662/228/1
f 628/642/1 627/643/1 662/228/1
f 627/643/1 626/644/1 662/228/1
f 351/199/1 662/228/1 626/644/1
f 626/644/1 625/645/1 351/199/1
f 625/645/1 624/646/1 351/199/1
f 352/647/1 351/199/1 624/646/1
f 624/646/1 623/648/1 352/647/1
f 623/648/1 622/649/1 352/647/1
f 622/649/1 621/650/1 352/647/1
f 621/650/1 620/651/1 352/647/1
f 620/651/1 619/652/1 352/647/1
f 353/653/1 352/647/1 619/652/1
f 619/652/1 618/654/1 353/653/1
f 618/654/1 617/655/1 353/653/1
f 354/536/1 353/653/1 617/655/1
f 617/655/1 616/656/1 354/536/1
f 615/537/1 354/536/1 616/656/1
f 508/507/1 433/506/1 509/657/1
f 433/506/1 432/658/1 509/657/1
f 510/366/1 509/657/1 432/658/1
f 431/367/1 510/366/1 432/658/1
f 601/364/1 370/363/1 369/659/1
f 602/660/1 601/364/1 369/659/1
f 369/659/1 368/508/1 602/660/1
f 368/508/1 603/510/1 602/660/1
f 993/661/1 992/662/1 988/663/1
f 989/664/1 988/663/1 992/662/1
f 990/665/1 989/664/1 992/662/1
f 991/666/1 990/665/1 992/662/1
f 957/667/1 956/668/1 955/669/1
f 957/667/1 955/669/1 958/670/1
f 959/671/1 958/670/1 955/669/1
f 985/672/1 984/673/1 995/674/1
f 995/674/1 994/675/1 985/672/1
f 986/676/1 985/672/1 994/675/1
f 994/675/1 993/661/1 986/676/1
f 987/677/1 986/676/1 993/661/1
f 993/661/1 988/663/1 987/677/1
f 943/678/1 942/679/1 1009/680/1
f 1010/681/1 1009/680/1 942/679/1
f 1011/682/1 1010/681/1 942/679/1
f 1003/683/1 1002/684/1 946/685/1
f 946/685/1 945/686/1 1003/683/1
f 1004/687/1 1003/683/1 945/686/1
f 1005/688/1 1004/687/1 945/686/1
f 1006/689/1 1005/688/1 945/686/1
f 945/686/1 944/690/1 1006/689/1
f 1007/691/1 1006/689/1 944/690/1
f 1008/692/1 1007/691/1 944/690/1
f 944/690/1 943/678/1 1008/692/1
f 943/678/1 1009/680/1 1008/692/1
f 939/693/1 938/694/1 1015/228/1
f 737/695/1 1015/228/1 938/694/1
f 936/696/1 935/697/1 740/698/1
f 935/697/1 741/699/1 740/698/1
f 737/695/1 938/694/1 937/700/1
f 738/701/1 737/695/1 937/700/1
f 739/702/1 738/701/1 937/700/1
f 937/700/1 936/696/1 739/702/1
f 936/696/1 740/698/1 739/702/1
f 849/703/1 848/704/1 663/199/1
f 850/705/1 849/703/1 663/199/1
f 663/199/1 736/706/1 850/705/1
f 851/707/1 850/705/1 736/706/1
f 852/708/1 851/707/1 736/706/1
f 736/706/1 735/709/1 852/708/1
f 853/710/1 852/708/1 735/709/1
f 854/711/1 853/710/1 735/709/1
f 735/709/1 734/712/1 854/711/1
f 855/713/1 854/711/1 734/712/1
f 856/714/1 855/713/1 734/712/1
f 734/712/1 733/715/1 856/714/1
f 899/716/1 898/717/1 719/718/1
f 719/718/1 718/719/1 899/716/1
f 900/720/1 899/716/1 718/719/1
f 718/719/1 717/721/1 900/720/1
f 901/722/1 900/720/1 717/721/1
f 717/721/1 716/723/1 901/722/1
f 902/724/1 901/722/1 716/723/1
f 716/723/1 715/725/1 902/724/1
f 903/726/1 902/724/1 715/725/1
f 715/725/1 714/727/1 903/726/1
f 904/728/1 903/726/1 714/727/1
f 1011/682/1 942/679/1 941/729/1
f 1012/730/1 1011/682/1 941/729/1
f 941/729/1 940/731/1 1012/730/1
f 1013/732/1 1012/730/1 940/731/1
f 1014/733/1 1013/732/1 940/731/1
f 940/731/1 939/693/1 1014/733/1
f 939/693/1 1015/228/1 1014/733/1
f 856/714/1 733/715/1 857/734/1
f 858/735/1 857/734/1 733/715/1
f 859/736/1 858/735/1 733/715/1
f 733/715/1 732/737/1 859/736/1
f 860/738/1 859/736/1 732/737/1
f 861/739/1 860/738/1 732/737/1
f 862/740/1 861/739/1 732/737/1
f 732/737/1 731/741/1 862/740/1
f 863/742/1 862/740/1 731/741/1
f 864/743/1 863/742/1 731/741/1
f 865/744/1 864/743/1 731/741/1
f 866/745/1 865/744/1 731/741/1
f 731/741/1 730/746/1 866/745/1
f 867/747/1 866/745/1 730/746/1
f 868/748/1 867/747/1 730/746/1
f 869/749/1 868/748/1 730/746/1
f 870/750/1 869/749/1 730/746/1
f 730/746/1 729/751/1 870/750/1
f 871/752/1 870/750/1 729/751/1
f 872/753/1 871/752/1 729/751/1
f 873/754/1 872/753/1 729/751/1
f 874/755/1 873/754/1 729/751/1
f 729/751/1 728/756/1 874/755/1
f 875/757/1 874/755/1 728/756/1
f 876/758/1 875/757/1 728/756/1
f 877/759/1 876/758/1 728/756/1
f 728/756/1 727/760/1 877/759/1
f 878/761/1 877/759/1 727/760/1
f 879/762/1 878/761/1 727/760/1
f 880/763/1 879/762/1 727/760/1
f 727/760/1 726/764/1 880/763/1
f 881/765/1 880/763/1 726/764/1
f 882/766/1 881/765/1 726/764/1
f 726/764/1 725/767/1 882/766/1
f 883/768/1 882/766/1 725/767/1
f 884/769/1 883/768/1 725/767/1
f 725/767/1 724/770/1 884/769/1
f 885/771/1 884/769/1 724/770/1
f 724/770/1 723/772/1 885/771/1
f 886/773/1 885/771/1 723/772/1
f 887/774/1 886/773/1 723/772/1
f 888/775/1 887/774/1 723/772/1
f 723/772/1 722/776/1 888/775/1
f 889/777/1 888/775/1 722/776/1
f 890/778/1 889/777/1 722/776/1
f 891/779/1 890/778/1 722/776/1
f 722/776/1 721/780/1 891/779/1
f 892/781/1 891/779/1 721/780/1
f 893/782/1 892/781/1 721/780/1
f 894/783/1 893/782/1 721/780/1
f 895/784/1 894/783/1 721/780/1
f 721/780/1 720/785/1 895/784/1
f 896/786/1 895/784/1 720/785/1
f 897/787/1 896/786/1 720/785/1
f 720/785/1 719/718/1 897/787/1
f 719/718/1 898/717/1 897/787/1
f 959/671/1 955/669/1 954/788/1
f 960/789/1 959/671/1 954/788/1
f 961/790/1 960/789/1 954/788/1
f 962/791/1 961/790/1 954/788/1
f 954/788/1 953/792/1 962/791/1
f 963/793/1 962/791/1 953/792/1
f 964/794/1 963/793/1 953/792/1
f 965/795/1 964/794/1 953/792/1
f 953/792/1 952/796/1 965/795/1
f 966/797/1 965/795/1 952/796/1
f 967/798/1 966/797/1 952/796/1
f 968/799/1 967/798/1 952/796/1
f 952/796/1 951/800/1 968/799/1
f 969/801/1 968/799/1 951/800/1
f 970/802/1 969/801/1 951/800/1
f 971/803/1 970/802/1 951/800/1
f 951/800/1 950/804/1 971/803/1
f 972/805/1 971/803/1 950/804/1
f 973/806/1 972/805/1 950/804/1
f 974/807/1 973/806/1 950/804/1
f 975/808/1 974/807/1 950/804/1
f 950/804/1 949/809/1 975/808/1
f 976/810/1 975/808/1 949/809/1
f 977/811/1 976/810/1 949/809/1
f 978/812/1 977/811/1 949/809/1
f 979/813/1 978/812/1 949/809/1
f 980/814/1 979/813/1 949/809/1
f 949/809/1 948/815/1 980/814/1
f 981/816/1 980/814/1 948/815/1
f 982/817/1 981/816/1 948/815/1
f 983/818/1 982/817/1 948/815/1
f 984/673/1 983/818/1 948/815/1
f 995/674/1 984/673/1 948/815/1
f 996/819/1 995/674/1 948/815/1
f 948/815/1 947/820/1 996/819/1
f 997/821/1 996/819/1 947/820/1
f 998/822/1 997/821/1 947/820/1
f 999/823/1 998/822/1 947/820/1
f 1000/824/1 999/823/1 947/820/1
f 1001/825/1 1000/824/1 947/820/1
f 947/820/1 946/685/1 1001/825/1
f 946/685/1 1002/684/1 1001/825/1
f 744/826/1 933/827/1 932/828/1
f 932/828/1 745/829/1 744/826/1
f 742/830/1 934/831/1 933/827/1
f 743/832/1 742/830/1 933/827/1
f 933/827/1 744/826/1 743/832/1
f 931/833/1 747/834/1 746/835/1
f 929/836/1 749/837/1 930/838/1
f 748/839/1 930/838/1 749/837/1
f 835/840/1 674/841/1 836/842/1
f 674/841/1 673/843/1 836/842/1
f 837/844/1 836/842/1 673/843/1
f 673/843/1 672/845/1 837/844/1
f 747/834/1 931/833/1 930/838/1
f 930/838/1 748/839/1 747/834/1
f 837/844/1 672/845/1 838/846/1
f 672/845/1 671/847/1 838/846/1
f 839/848/1 838/846/1 671/847/1
f 671/847/1 670/849/1 839/848/1
f 840/850/1 839/848/1 670/849/1
f 669/851/1 840/850/1 670/849/1
f 745/829/1 932/828/1 931/833/1
f 931/833/1 746/835/1 745/829/1
f 676/852/1 675/853/1 834/854/1
f 676/852/1 834/854/1 677/855/1
f 927/856/1 751/857/1 928/858/1
f 750/859/1 928/858/1 751/857/1
f 833/860/1 681/861/1 680/862/1
f 681/861/1 833/860/1 682/863/1
f 677/855/1 834/854/1 833/860/1
f 678/864/1 677/855/1 833/860/1
f 679/865/1 678/864/1 833/860/1
f 833/860/1 680/862/1 679/865/1
f 925/866/1 753/867/1 926/868/1
f 753/867/1 752/869/1 926/868/1
f 927/856/1 926/868/1 752/869/1
f 751/857/1 927/856/1 752/869/1
f 686/870/1 685/871/1 832/872/1
f 686/870/1 832/872/1 831/873/1
f 687/874/1 686/870/1 831/873/1
f 688/875/1 687/874/1 831/873/1
f 689/876/1 688/875/1 831/873/1
f 682/863/1 833/860/1 832/872/1
f 683/877/1 682/863/1 832/872/1
f 684/878/1 683/877/1 832/872/1
f 832/872/1 685/871/1 684/878/1
f 924/879/1 923/880/1 756/881/1
f 756/881/1 755/882/1 924/879/1
f 925/866/1 924/879/1 755/882/1
f 755/882/1 754/883/1 925/866/1
f 753/867/1 925/866/1 754/883/1
f 834/854/1 675/853/1 835/840/1
f 674/841/1 835/840/1 675/853/1
f 928/858/1 750/859/1 929/836/1
f 749/837/1 929/836/1 750/859/1
f 695/884/1 829/885/1 828/886/1
f 696/887/1 695/884/1 828/886/1
f 697/888/1 696/887/1 828/886/1
f 698/889/1 697/888/1 828/886/1
f 828/886/1 827/890/1 698/889/1
f 699/891/1 698/889/1 827/890/1
f 827/890/1 826/892/1 699/891/1
f 826/892/1 825/893/1 699/891/1
f 825/893/1 824/894/1 699/891/1
f 824/894/1 823/895/1 699/891/1
f 823/895/1 822/896/1 699/891/1
f 776/897/1 775/898/1 914/899/1
f 775/898/1 774/900/1 914/899/1
f 915/901/1 914/899/1 774/900/1
f 774/900/1 773/902/1 915/901/1
f 773/902/1 772/903/1 915/901/1
f 772/903/1 771/904/1 915/901/1
f 808/905/1 807/906/1 809/907/1
f 809/907/1 807/906/1 806/908/1
f 809/907/1 806/908/1 810/909/1
f 806/908/1 805/910/1 810/909/1
f 805/910/1 804/911/1 810/909/1
f 804/911/1 803/912/1 810/909/1
f 803/912/1 802/913/1 810/909/1
f 811/914/1 810/909/1 802/913/1
f 802/913/1 801/915/1 811/914/1
f 801/915/1 800/916/1 811/914/1
f 800/916/1 799/917/1 811/914/1
f 812/918/1 811/914/1 799/917/1
f 799/917/1 798/919/1 812/918/1
f 813/920/1 812/918/1 798/919/1
f 814/921/1 813/920/1 798/919/1
f 815/922/1 814/921/1 798/919/1
f 816/923/1 815/922/1 798/919/1
f 699/891/1 822/896/1 821/924/1
f 821/924/1 820/925/1 699/891/1
f 820/925/1 819/926/1 699/891/1
f 819/926/1 818/927/1 699/891/1
f 818/927/1 817/928/1 699/891/1
f 817/928/1 816/923/1 699/891/1
f 816/923/1 798/919/1 699/891/1
f 700/929/1 699/891/1 798/919/1
f 798/919/1 797/930/1 700/929/1
f 907/931/1 700/929/1 797/930/1
f 908/932/1 907/931/1 797/930/1
f 797/930/1 796/933/1 908/932/1
f 909/934/1 908/932/1 796/933/1
f 796/933/1 795/935/1 909/934/1
f 795/935/1 794/936/1 909/934/1
f 794/936/1 793/937/1 909/934/1
f 910/938/1 909/934/1 793/937/1
f 793/937/1 792/939/1 910/938/1
f 792/939/1 791/940/1 910/938/1
f 791/940/1 790/941/1 910/938/1
f 911/942/1 910/938/1 790/941/1
f 790/941/1 789/943/1 911/942/1
f 789/943/1 788/944/1 911/942/1
f 788/944/1 787/945/1 911/942/1
f 787/945/1 786/946/1 911/942/1
f 912/947/1 911/942/1 786/946/1
f 786/946/1 785/948/1 912/947/1
f 785/948/1 784/949/1 912/947/1
f 784/949/1 783/950/1 912/947/1
f 783/950/1 782/951/1 912/947/1
f 913/952/1 912/947/1 782/951/1
f 782/951/1 781/953/1 913/952/1
f 781/953/1 780/954/1 913/952/1
f 780/954/1 779/955/1 913/952/1
f 779/955/1 778/956/1 913/952/1
f 914/899/1 913/952/1 778/956/1
f 778/956/1 777/957/1 914/899/1
f 776/897/1 914/899/1 777/957/1
f 689/876/1 831/873/1 830/958/1
f 690/959/1 689/876/1 830/958/1
f 691/960/1 690/959/1 830/958/1
f 692/961/1 691/960/1 830/958/1
f 830/958/1 829/885/1 692/961/1
f 693/962/1 692/961/1 829/885/1
f 694/963/1 693/962/1 829/885/1
f 829/885/1 695/884/1 694/963/1
f 700/929/1 907/931/1 701/964/1
f 915/901/1 771/904/1 916/965/1
f 771/904/1 770/966/1 916/965/1
f 770/966/1 769/967/1 916/965/1
f 769/967/1 768/968/1 916/965/1
f 917/969/1 916/965/1 768/968/1
f 768/968/1 767/970/1 917/969/1
f 767/970/1 766/971/1 917/969/1
f 918/972/1 917/969/1 766/971/1
f 766/971/1 765/973/1 918/972/1
f 765/973/1 764/974/1 918/972/1
f 764/974/1 763/975/1 918/972/1
f 919/976/1 918/972/1 763/975/1
f 763/975/1 762/977/1 919/976/1
f 920/978/1 919/976/1 762/977/1
f 762/977/1 761/979/1 920/978/1
f 761/979/1 760/980/1 920/978/1
f 921/981/1 920/978/1 760/980/1
f 760/980/1 759/982/1 921/981/1
f 922/983/1 921/981/1 759/982/1
f 759/982/1 758/984/1 922/983/1
f 758/984/1 757/985/1 922/983/1
f 923/880/1 922/983/1 757/985/1
f 756/881/1 923/880/1 757/985/1
f 840/850/1 669/851/1 841/986/1
f 669/851/1 668/987/1 841/986/1
f 842/988/1 841/986/1 668/987/1
f 668/987/1 667/989/1 842/988/1
f 843/990/1 842/988/1 667/989/1
f 844/991/1 843/990/1 667/989/1
f 667/989/1 666/992/1 844/991/1
f 845/993/1 844/991/1 666/992/1
f 666/992/1 665/994/1 845/993/1
f 846/995/1 845/993/1 665/994/1
f 847/996/1 846/995/1 665/994/1
f 665/994/1 664/997/1 847/996/1
f 848/704/1 847/996/1 664/997/1
f 663/199/1 848/704/1 664/997/1
f 904/728/1 714/727/1 713/998/1
f 713/998/1 712/999/1 904/728/1
f 905/1000/1 904/728/1 712/999/1
f 712/999/1 711/1001/1 905/1000/1
f 711/1001/1 710/1002/1 905/1000/1
f 906/1003/1 905/1000/1 710/1002/1
f 710/1002/1 709/1004/1 906/1003/1
f 709/1004/1 708/1005/1 906/1003/1
f 708/1005/1 707/1006/1 906/1003/1
f 707/1006/1 706/1007/1 906/1003/1
f 706/1007/1 705/1008/1 906/1003/1
f 705/1008/1 704/1009/1 906/1003/1
f 704/1009/1 703/1010/1 906/1003/1
f 703/1010/1 702/1011/1 906/1003/1
f 702/1011/1 701/964/1 906/1003/1
f 701/964/1 907/931/1 906/1003/1
f 741/699/1 935/697/1 934/831/1
f 934/831/1 742/830/1 741/699/1
f 1219/1012/1 1218/1013/1 1222/1014/1
f 1220/1015/1 1219/1012/1 1222/1014/1
f 1221/1016/1 1220/1015/1 1222/1014/1
f 1212/1017/1 1211/1018/1 1226/1019/1
f 1226/1019/1 1225/1020/1 1212/1017/1
f 1213/1021/1 1212/1017/1 1225/1020/1
f 1225/1020/1 1224/1022/1 1213/1021/1
f 1214/1023/1 1213/1021/1 1224/1022/1
f 1215/1024/1 1214/1023/1 1224/1022/1
f 1224/1022/1 1223/1025/1 1215/1024/1
f 1216/1026/1 1215/1024/1 1223/1025/1
f 1217/1027/1 1216/1026/1 1223/1025/1
f 1223/1025/1 1222/1014/1 1217/1027/1
f 1222/1014/1 1218/1013/1 1217/1027/1
f 1234/1028/1 1233/1029/1 1235/1030/1
f 1187/1031/1 1186/1032/1 1188/1033/1
f 1189/1034/1 1188/1033/1 1186/1032/1
f 1186/1032/1 1185/1035/1 1189/1034/1
f 1190/1036/1 1189/1034/1 1185/1035/1
f 1191/1037/1 1190/1036/1 1185/1035/1
f 1185/1035/1 1184/1038/1 1191/1037/1
f 1192/1039/1 1191/1037/1 1184/1038/1
f 1193/1040/1 1192/1039/1 1184/1038/1
f 1184/1038/1 1183/1041/1 1193/1040/1
f 1194/1042/1 1193/1040/1 1183/1041/1
f 1183/1041/1 1182/1043/1 1194/1042/1
f 1195/1044/1 1194/1042/1 1182/1043/1
f 1182/1043/1 1181/1045/1 1195/1044/1
f 1181/1045/1 1180/1046/1 1195/1044/1
f 1196/1047/1 1195/1044/1 1180/1046/1
f 1180/1046/1 1179/1048/1 1196/1047/1
f 1197/1049/1 1196/1047/1 1179/1048/1
f 1179/1048/1 1178/1050/1 1197/1049/1
f 1198/1051/1 1197/1049/1 1178/1050/1
f 1178/1050/1 1177/1052/1 1198/1051/1
f 1199/1053/1 1198/1051/1 1177/1052/1
f 1177/1052/1 1176/1054/1 1199/1053/1
f 1200/1055/1 1199/1053/1 1176/1054/1
f 1176/1054/1 1175/1056/1 1200/1055/1
f 1201/1057/1 1200/1055/1 1175/1056/1
f 1175/1056/1 1174/1058/1 1201/1057/1
f 1202/1059/1 1201/1057/1 1174/1058/1
f 1174/1058/1 1173/848/1 1202/1059/1
f 1203/1060/1 1202/1059/1 1173/848/1
f 1173/848/1 1172/1061/1 1203/1060/1
f 1204/1062/1 1203/1060/1 1172/1061/1
f 1172/1061/1 1171/1063/1 1204/1062/1
f 1205/1064/1 1204/1062/1 1171/1063/1
f 1171/1063/1 1170/1065/1 1205/1064/1
f 1206/1066/1 1205/1064/1 1170/1065/1
f 1170/1065/1 1169/1067/1 1206/1066/1
f 1207/1068/1 1206/1066/1 1169/1067/1
f 1169/1067/1 1168/1069/1 1207/1068/1
f 1208/1070/1 1207/1068/1 1168/1069/1
f 1168/1069/1 1167/1071/1 1208/1070/1
f 1209/1072/1 1208/1070/1 1167/1071/1
f 1167/1071/1 1166/1073/1 1209/1072/1
f 1166/1073/1 1165/1074/1 1209/1072/1
f 1165/1074/1 1164/1075/1 1209/1072/1
f 1229/1076/1 1228/1077/1 1210/1078/1
f 1211/1018/1 1210/1078/1 1228/1077/1
f 1228/1077/1 1227/1079/1 1211/1018/1
f 1226/1019/1 1211/1018/1 1227/1079/1
f 1243/1080/1 1242/1081/1 1318/1082/1
f 1244/1083/1 1243/1080/1 1318/1082/1
f 1245/1084/1 1244/1083/1 1318/1082/1
f 1016/199/1 1245/1084/1 1318/1082/1
f 1322/1085/1 1321/1086/1 1136/1087/1
f 1320/1088/1 1136/1087/1 1321/1086/1
f 1326/1089/1 1325/1090/1 1136/1087/1
f 1325/1090/1 1324/1091/1 1136/1087/1
f 1324/1091/1 1323/1092/1 1136/1087/1
f 1322/1085/1 1136/1087/1 1323/1092/1
f 1249/1093/1 1248/1094/1 1136/1087/1
f 1248/1094/1 1247/1095/1 1136/1087/1
f 1247/1095/1 1246/1096/1 1136/1087/1
f 1246/1096/1 1330/228/1 1136/1087/1
f 1330/228/1 1329/1097/1 1136/1087/1
f 1329/1097/1 1328/1098/1 1136/1087/1
f 1328/1098/1 1327/1099/1 1136/1087/1
f 1326/1089/1 1136/1087/1 1327/1099/1
f 1305/1100/1 1304/1101/1 1023/1102/1
f 1304/1101/1 1303/1103/1 1023/1102/1
f 1303/1103/1 1024/1104/1 1023/1102/1
f 1137/1105/1 1136/1087/1 1138/1106/1
f 1139/1107/1 1138/1106/1 1136/1087/1
f 1140/1108/1 1139/1107/1 1136/1087/1
f 1141/1109/1 1140/1108/1 1136/1087/1
f 1142/1110/1 1141/1109/1 1136/1087/1
f 1143/1111/1 1142/1110/1 1136/1087/1
f 1144/1112/1 1143/1111/1 1136/1087/1
f 1145/1113/1 1144/1112/1 1136/1087/1
f 1146/1114/1 1145/1113/1 1136/1087/1
f 1147/1115/1 1146/1114/1 1136/1087/1
f 1148/1116/1 1147/1115/1 1136/1087/1
f 1149/1117/1 1148/1116/1 1136/1087/1
f 1150/1118/1 1149/1117/1 1136/1087/1
f 1151/1119/1 1150/1118/1 1136/1087/1
f 1152/1120/1 1151/1119/1 1136/1087/1
f 1153/1121/1 1152/1120/1 1136/1087/1
f 1154/1122/1 1153/1121/1 1136/1087/1
f 1155/1123/1 1154/1122/1 1136/1087/1
f 1156/1124/1 1155/1123/1 1136/1087/1
f 1157/1125/1 1156/1124/1 1136/1087/1
f 1158/1126/1 1157/1125/1 1136/1087/1
f 1136/1087/1 1320/1088/1 1319/1127/1
f 1016/199/1 1318/1082/1 1317/1128/1
f 1317/1128/1 1316/1129/1 1016/199/1
f 1017/1130/1 1016/199/1 1316/1129/1
f 1316/1129/1 1315/1131/1 1017/1130/1
f 1315/1131/1 1314/1132/1 1017/1130/1
f 1018/1133/1 1017/1130/1 1314/1132/1
f 1314/1132/1 1313/1134/1 1018/1133/1
f 1313/1134/1 1312/1135/1 1018/1133/1
f 1019/1136/1 1018/1133/1 1312/1135/1
f 1312/1135/1 1311/1137/1 1019/1136/1
f 1311/1137/1 1310/1138/1 1019/1136/1
f 1020/1139/1 1019/1136/1 1310/1138/1
f 1310/1138/1 1309/1140/1 1020/1139/1
f 1021/1141/1 1020/1139/1 1309/1140/1
f 1309/1140/1 1308/1142/1 1021/1141/1
f 1308/1142/1 1307/1143/1 1021/1141/1
f 1022/1144/1 1021/1141/1 1307/1143/1
f 1307/1143/1 1306/1145/1 1022/1144/1
f 1306/1145/1 1305/1100/1 1022/1144/1
f 1305/1100/1 1023/1102/1 1022/1144/1
f 1209/1072/1 1164/1075/1 1163/1146/1
f 1163/1146/1 1162/1147/1 1209/1072/1
f 1162/1147/1 1161/1148/1 1209/1072/1
f 1161/1148/1 1160/1149/1 1209/1072/1
f 1160/1149/1 1159/1150/1 1209/1072/1
f 1159/1150/1 1158/1126/1 1209/1072/1
f 1158/1126/1 1136/1087/1 1209/1072/1
f 1136/1087/1 1319/1127/1 1209/1072/1
f 1210/1078/1 1209/1072/1 1319/1127/1
f 1319/1127/1 1318/1082/1 1210/1078/1
f 1229/1076/1 1210/1078/1 1318/1082/1
f 1230/1151/1 1229/1076/1 1318/1082/1
f 1231/1152/1 1230/1151/1 1318/1082/1
f 1232/1153/1 1231/1152/1 1318/1082/1
f 1233/1029/1 1232/1153/1 1318/1082/1
f 1235/1030/1 1233/1029/1 1318/1082/1
f 1236/1154/1 1235/1030/1 1318/1082/1
f 1237/1155/1 1236/1154/1 1318/1082/1
f 1238/1156/1 1237/1155/1 1318/1082/1
f 1239/1157/1 1238/1156/1 1318/1082/1
f 1240/1158/1 1239/1157/1 1318/1082/1
f 1241/1159/1 1240/1158/1 1318/1082/1
f 1318/1082/1 1242/1081/1 1241/1159/1
f 1027/1160/1 1298/1161/1 1297/1162/1
f 1129/1163/1 1257/1164/1 1130/1165/1
f 1257/1164/1 1256/1166/1 1130/1165/1
f 1026/1167/1 1300/1168/1 1299/1169/1
f 1299/1169/1 1298/1161/1 1026/1167/1
f 1298/1161/1 1027/1160/1 1026/1167/1
f 1028/1170/1 1296/1171/1 1295/1172/1
f 1029/1173/1 1294/1174/1 1293/1175/1
f 1126/1176/1 1259/1177/1 1127/1178/1
f 1258/1179/1 1127/1178/1 1259/1177/1
f 1028/1170/1 1295/1172/1 1294/1174/1
f 1294/1174/1 1029/1173/1 1028/1170/1
f 1292/1180/1 1291/1181/1 1032/1182/1
f 1032/1182/1 1031/1183/1 1292/1180/1
f 1259/1177/1 1126/1176/1 1125/1184/1
f 1125/1184/1 1124/1185/1 1259/1177/1
f 1124/1185/1 1123/1186/1 1259/1177/1
f 1123/1186/1 1260/1187/1 1259/1177/1
f 1292/1180/1 1031/1183/1 1293/1175/1
f 1031/1183/1 1030/1188/1 1293/1175/1
f 1029/1173/1 1293/1175/1 1030/1188/1
f 1127/1178/1 1258/1179/1 1128/1189/1
f 1129/1163/1 1128/1189/1 1258/1179/1
f 1257/1164/1 1129/1163/1 1258/1179/1
f 1027/1160/1 1297/1162/1 1296/1171/1
f 1296/1171/1 1028/1170/1 1027/1160/1
f 1036/1190/1 1035/1191/1 1289/1192/1
f 1261/1193/1 1119/1194/1 1118/1195/1
f 1118/1195/1 1117/1196/1 1261/1193/1
f 1117/1196/1 1116/1197/1 1261/1193/1
f 1262/1198/1 1261/1193/1 1116/1197/1
f 1039/1199/1 1038/1200/1 1287/1201/1
f 1288/1202/1 1287/1201/1 1038/1200/1
f 1038/1200/1 1037/1203/1 1288/1202/1
f 1289/1192/1 1288/1202/1 1037/1203/1
f 1036/1190/1 1289/1192/1 1037/1203/1
f 1260/1187/1 1123/1186/1 1122/1204/1
f 1122/1204/1 1121/1205/1 1260/1187/1
f 1121/1205/1 1120/1206/1 1260/1187/1
f 1120/1206/1 1119/1194/1 1260/1187/1
f 1119/1194/1 1261/1193/1 1260/1187/1
f 1289/1192/1 1035/1191/1 1290/1207/1
f 1035/1191/1 1034/1208/1 1290/1207/1
f 1291/1181/1 1290/1207/1 1034/1208/1
f 1034/1208/1 1033/1209/1 1291/1181/1
f 1032/1182/1 1291/1181/1 1033/1209/1
f 1078/1210/1 1077/1211/1 1270/1212/1
f 1077/1211/1 1076/1213/1 1270/1212/1
f 1076/1213/1 1075/1214/1 1270/1212/1
f 1271/1215/1 1270/1212/1 1075/1214/1
f 1075/1214/1 1074/1216/1 1271/1215/1
f 1272/1217/1 1271/1215/1 1074/1216/1
f 1074/1216/1 1073/1218/1 1272/1217/1
f 1073/1218/1 1072/1219/1 1272/1217/1
f 1262/1198/1 1116/1197/1 1115/1220/1
f 1115/1220/1 1114/1221/1 1262/1198/1
f 1114/1221/1 1113/1222/1 1262/1198/1
f 1113/1222/1 1112/1223/1 1262/1198/1
f 1112/1223/1 1111/1224/1 1262/1198/1
f 1263/1225/1 1262/1198/1 1111/1224/1
f 1111/1224/1 1110/1226/1 1263/1225/1
f 1110/1226/1 1109/1227/1 1263/1225/1
f 1109/1227/1 1108/1228/1 1263/1225/1
f 1108/1228/1 1107/1229/1 1263/1225/1
f 1107/1229/1 1106/1230/1 1263/1225/1
f 1264/1231/1 1263/1225/1 1106/1230/1
f 1106/1230/1 1105/1232/1 1264/1231/1
f 1105/1232/1 1104/1233/1 1264/1231/1
f 1104/1233/1 1103/1234/1 1264/1231/1
f 1103/1234/1 1102/1235/1 1264/1231/1
f 1102/1235/1 1101/1236/1 1264/1231/1
f 1101/1236/1 1100/1237/1 1264/1231/1
f 1265/1238/1 1264/1231/1 1100/1237/1
f 1100/1237/1 1099/1239/1 1265/1238/1
f 1099/1239/1 1098/1240/1 1265/1238/1
f 1098/1240/1 1097/1241/1 1265/1238/1
f 1097/1241/1 1096/1242/1 1265/1238/1
f 1096/1242/1 1095/1243/1 1265/1238/1
f 1266/1244/1 1265/1238/1 1095/1243/1
f 1095/1243/1 1094/1245/1 1266/1244/1
f 1094/1245/1 1093/1246/1 1266/1244/1
f 1093/1246/1 1092/1247/1 1266/1244/1
f 1092/1247/1 1091/1248/1 1266/1244/1
f 1091/1248/1 1090/1249/1 1266/1244/1
f 1090/1249/1 1089/1250/1 1266/1244/1
f 1267/1251/1 1266/1244/1 1089/1250/1
f 1089/1250/1 1088/1252/1 1267/1251/1
f 1088/1252/1 1087/1253/1 1267/1251/1
f 1087/1253/1 1086/1254/1 1267/1251/1
f 1086/1254/1 1085/1255/1 1267/1251/1
f 1268/1256/1 1267/1251/1 1085/1255/1
f 1085/1255/1 1084/1257/1 1268/1256/1
f 1084/1257/1 1083/1258/1 1268/1256/1
f 1083/1258/1 1082/1259/1 1268/1256/1
f 1082/1259/1 1081/1260/1 1268/1256/1
f 1269/1261/1 1268/1256/1 1081/1260/1
f 1081/1260/1 1080/1262/1 1269/1261/1
f 1080/1262/1 1079/1263/1 1269/1261/1
f 1079/1263/1 1078/1210/1 1269/1261/1
f 1078/1210/1 1270/1212/1 1269/1261/1
f 1272/1217/1 1072/1219/1 1273/1264/1
f 1072/1219/1 1071/1265/1 1273/1264/1
f 1071/1265/1 1070/1266/1 1273/1264/1
f 1274/1267/1 1273/1264/1 1070/1266/1
f 1070/1266/1 1069/1268/1 1274/1267/1
f 1069/1268/1 1068/1269/1 1274/1267/1
f 1275/1270/1 1274/1267/1 1068/1269/1
f 1068/1269/1 1067/1271/1 1275/1270/1
f 1067/1271/1 1066/1272/1 1275/1270/1
f 1276/1273/1 1275/1270/1 1066/1272/1
f 1066/1272/1 1065/1274/1 1276/1273/1
f 1065/1274/1 1064/1275/1 1276/1273/1
f 1277/1276/1 1276/1273/1 1064/1275/1
f 1064/1275/1 1063/1277/1 1277/1276/1
f 1063/1277/1 1062/1278/1 1277/1276/1
f 1062/1278/1 1061/1279/1 1277/1276/1
f 1278/1280/1 1277/1276/1 1061/1279/1
f 1061/1279/1 1060/1281/1 1278/1280/1
f 1060/1281/1 1059/1282/1 1278/1280/1
f 1279/1283/1 1278/1280/1 1059/1282/1
f 1059/1282/1 1058/1284/1 1279/1283/1
f 1058/1284/1 1057/1285/1 1279/1283/1
f 1057/1285/1 1056/1286/1 1279/1283/1
f 1280/1287/1 1279/1283/1 1056/1286/1
f 1056/1286/1 1055/1288/1 1280/1287/1
f 1055/1288/1 1054/1289/1 1280/1287/1
f 1281/1290/1 1280/1287/1 1054/1289/1
f 1054/1289/1 1053/1291/1 1281/1290/1
f 1053/1291/1 1052/1292/1 1281/1290/1
f 1052/1292/1 1051/1293/1 1281/1290/1
f 1282/1294/1 1281/1290/1 1051/1293/1
f 1051/1293/1 1050/1295/1 1282/1294/1
f 1050/1295/1 1049/1296/1 1282/1294/1
f 1283/1297/1 1282/1294/1 1049/1296/1
f 1049/1296/1 1048/1298/1 1283/1297/1
f 1048/1298/1 1047/1299/1 1283/1297/1
f 1047/1299/1 1046/1300/1 1283/1297/1
f 1284/1301/1 1283/1297/1 1046/1300/1
f 1046/1300/1 1045/1302/1 1284/1301/1
f 1045/1302/1 1044/1303/1 1284/1301/1
f 1285/1304/1 1284/1301/1 1044/1303/1
f 1044/1303/1 1043/1305/1 1285/1304/1
f 1043/1305/1 1042/1306/1 1285/1304/1
f 1286/1307/1 1285/1304/1 1042/1306/1
f 1042/1306/1 1041/1308/1 1286/1307/1
f 1041/1308/1 1040/1309/1 1286/1307/1
f 1287/1201/1 1286/1307/1 1040/1309/1
f 1039/1199/1 1287/1201/1 1040/1309/1
f 1130/1165/1 1256/1166/1 1131/1310/1
f 1256/1166/1 1255/1311/1 1131/1310/1
f 1132/1312/1 1131/1310/1 1255/1311/1
f 1255/1311/1 1254/1313/1 1132/1312/1
f 1133/1314/1 1132/1312/1 1254/1313/1
f 1254/1313/1 1253/1315/1 1133/1314/1
f 1253/1315/1 1252/1316/1 1133/1314/1
f 1134/1317/1 1133/1314/1 1252/1316/1
f 1252/1316/1 1251/1318/1 1134/1317/1
f 1135/1319/1 1134/1317/1 1251/1318/1
f 1251/1318/1 1250/1320/1 1135/1319/1
f 1136/1087/1 1135/1319/1 1250/1320/1
f 1249/1093/1 1136/1087/1 1250/1320/1
f 1024/1104/1 1303/1103/1 1302/1321/1
f 1025/1322/1 1024/1104/1 1302/1321/1
f 1302/1321/1 1301/1323/1 1025/1322/1
f 1301/1323/1 1300/1168/1 1025/1322/1
f 1300/1168/1 1026/1167/1 1025/1322/1
f 1669/1324/1 1668/1325/1 1670/1326/1
f 1660/1327/1 1659/1328/1 1674/1329/1
f 1674/1329/1 1673/1330/1 1660/1327/1
f 1661/1331/1 1660/1327/1 1673/1330/1
f 1662/1332/1 1661/1331/1 1673/1330/1
f 1673/1330/1 1672/1333/1 1662/1332/1
f 1663/1334/1 1662/1332/1 1672/1333/1
f 1664/1335/1 1663/1334/1 1672/1333/1
f 1672/1333/1 1671/1336/1 1664/1335/1
f 1665/1337/1 1664/1335/1 1671/1336/1
f 1666/1338/1 1665/1337/1 1671/1336/1
f 1667/1339/1 1666/1338/1 1671/1336/1
f 1671/1336/1 1670/1326/1 1667/1339/1
f 1670/1326/1 1668/1325/1 1667/1339/1
f 1658/1340/1 1657/1341/1 1674/1329/1
f 1674/1329/1 1659/1328/1 1658/1340/1
f 1605/1342/1 1688/1343/1 1606/1344/1
f 1607/1345/1 1606/1344/1 1688/1343/1
f 1688/1343/1 1687/1346/1 1607/1345/1
f 1608/1347/1 1607/1345/1 1687/1346/1
f 1609/1348/1 1608/1347/1 1687/1346/1
f 1687/1346/1 1686/1349/1 1609/1348/1
f 1609/1348/1 1686/1349/1 1610/1350/1
f 1686/1349/1 1685/1351/1 1610/1350/1
f 1611/1352/1 1610/1350/1 1685/1351/1
f 1612/1353/1 1611/1352/1 1685/1351/1
f 1685/1351/1 1684/1354/1 1612/1353/1
f 1613/1355/1 1612/1353/1 1684/1354/1
f 1614/1356/1 1613/1355/1 1684/1354/1
f 1684/1354/1 1683/1357/1 1614/1356/1
f 1615/1358/1 1614/1356/1 1683/1357/1
f 1616/1359/1 1615/1358/1 1683/1357/1
f 1599/1360/1 1692/1361/1 1600/1362/1
f 1691/1363/1 1600/1362/1 1692/1361/1
f 1597/1364/1 1693/1365/1 1598/1366/1
f 1598/1366/1 1693/1365/1 1599/1360/1
f 1692/1361/1 1599/1360/1 1693/1365/1
f 1600/1362/1 1691/1363/1 1601/1367/1
f 1601/1367/1 1691/1363/1 1602/1368/1
f 1691/1363/1 1690/1369/1 1602/1368/1
f 1603/1370/1 1602/1368/1 1690/1369/1
f 1690/1369/1 1689/1371/1 1603/1370/1
f 1604/1372/1 1603/1370/1 1689/1371/1
f 1605/1342/1 1604/1372/1 1689/1371/1
f 1688/1343/1 1605/1342/1 1689/1371/1
f 1544/1373/1 1543/1374/1 1337/1375/1
f 1338/1376/1 1337/1375/1 1543/1374/1
f 1543/1374/1 1542/1377/1 1338/1376/1
f 1339/1378/1 1338/1376/1 1542/1377/1
f 1542/1377/1 1541/1379/1 1339/1378/1
f 1340/1380/1 1339/1378/1 1541/1379/1
f 1541/1379/1 1540/1381/1 1340/1380/1
f 1341/1382/1 1340/1380/1 1540/1381/1
f 1540/1381/1 1539/1383/1 1341/1382/1
f 1342/1384/1 1341/1382/1 1539/1383/1
f 1539/1383/1 1538/1385/1 1342/1384/1
f 1343/1386/1 1342/1384/1 1538/1385/1
f 1538/1385/1 1537/1387/1 1343/1386/1
f 1344/1388/1 1343/1386/1 1537/1387/1
f 1537/1387/1 1536/1389/1 1344/1388/1
f 1345/1390/1 1344/1388/1 1536/1389/1
f 1536/1389/1 1535/1391/1 1345/1390/1
f 1346/1392/1 1345/1390/1 1535/1391/1
f 1347/1393/1 1346/1392/1 1535/1391/1
f 1535/1391/1 1534/1394/1 1347/1393/1
f 1348/1395/1 1347/1393/1 1534/1394/1
f 1349/1396/1 1348/1395/1 1534/1394/1
f 1534/1394/1 1533/1397/1 1349/1396/1
f 1395/1398/1 1394/1399/1 1516/1400/1
f 1516/1400/1 1515/1401/1 1395/1398/1
f 1396/1402/1 1395/1398/1 1515/1401/1
f 1515/1401/1 1514/1403/1 1396/1402/1
f 1397/1404/1 1396/1402/1 1514/1403/1
f 1514/1403/1 1513/1405/1 1397/1404/1
f 1513/1405/1 1512/1406/1 1397/1404/1
f 1398/1407/1 1397/1404/1 1512/1406/1
f 1512/1406/1 1511/1408/1 1398/1407/1
f 1399/1409/1 1398/1407/1 1511/1408/1
f 1511/1408/1 1510/1410/1 1399/1409/1
f 1400/1411/1 1399/1409/1 1510/1410/1
f 1510/1410/1 1509/1412/1 1400/1411/1
f 1509/1412/1 1508/1413/1 1400/1411/1
f 1508/1413/1 1401/1414/1 1400/1411/1
f 1616/1359/1 1683/1357/1 1617/1415/1
f 1683/1357/1 1682/1416/1 1617/1415/1
f 1618/1417/1 1617/1415/1 1682/1416/1
f 1619/1418/1 1618/1417/1 1682/1416/1
f 1682/1416/1 1681/1419/1 1619/1418/1
f 1620/1420/1 1619/1418/1 1681/1419/1
f 1621/1421/1 1620/1420/1 1681/1419/1
f 1681/1419/1 1680/1422/1 1621/1421/1
f 1622/1423/1 1621/1421/1 1680/1422/1
f 1623/1424/1 1622/1423/1 1680/1422/1
f 1624/1425/1 1623/1424/1 1680/1422/1
f 1680/1422/1 1679/1426/1 1624/1425/1
f 1625/1427/1 1624/1425/1 1679/1426/1
f 1626/1428/1 1625/1427/1 1679/1426/1
f 1627/1429/1 1626/1428/1 1679/1426/1
f 1628/1430/1 1627/1429/1 1679/1426/1
f 1679/1426/1 1678/1431/1 1628/1430/1
f 1629/1432/1 1628/1430/1 1678/1431/1
f 1630/1433/1 1629/1432/1 1678/1431/1
f 1631/1434/1 1630/1433/1 1678/1431/1
f 1632/1435/1 1631/1434/1 1678/1431/1
f 1633/1436/1 1632/1435/1 1678/1431/1
f 1678/1431/1 1677/1437/1 1633/1436/1
f 1634/1438/1 1633/1436/1 1677/1437/1
f 1635/1439/1 1634/1438/1 1677/1437/1
f 1636/1440/1 1635/1439/1 1677/1437/1
f 1637/1441/1 1636/1440/1 1677/1437/1
f 1638/1442/1 1637/1441/1 1677/1437/1
f 1639/1443/1 1638/1442/1 1677/1437/1
f 1640/1444/1 1639/1443/1 1677/1437/1
f 1641/1445/1 1640/1444/1 1677/1437/1
f 1642/1446/1 1641/1445/1 1677/1437/1
f 1643/1447/1 1642/1446/1 1677/1437/1
f 1644/1448/1 1643/1447/1 1677/1437/1
f 1677/1437/1 1676/1449/1 1644/1448/1
f 1645/1450/1 1644/1448/1 1676/1449/1
f 1646/1451/1 1645/1450/1 1676/1449/1
f 1647/1452/1 1646/1451/1 1676/1449/1
f 1648/1453/1 1647/1452/1 1676/1449/1
f 1649/1454/1 1648/1453/1 1676/1449/1
f 1650/1455/1 1649/1454/1 1676/1449/1
f 1676/1449/1 1675/1456/1 1650/1455/1
f 1651/1457/1 1650/1455/1 1675/1456/1
f 1652/1458/1 1651/1457/1 1675/1456/1
f 1653/1459/1 1652/1458/1 1675/1456/1
f 1654/1460/1 1653/1459/1 1675/1456/1
f 1655/1461/1 1654/1460/1 1675/1456/1
f 1656/1462/1 1655/1461/1 1675/1456/1
f 1657/1341/1 1656/1462/1 1675/1456/1
f 1674/1329/1 1657/1341/1 1675/1456/1
f 1349/1396/1 1533/1397/1 1350/1463/1
f 1351/1464/1 1350/1463/1 1533/1397/1
f 1533/1397/1 1532/1465/1 1351/1464/1
f 1352/1466/1 1351/1464/1 1532/1465/1
f 1353/1467/1 1352/1466/1 1532/1465/1
f 1354/1468/1 1353/1467/1 1532/1465/1
f 1532/1465/1 1531/1469/1 1354/1468/1
f 1355/1470/1 1354/1468/1 1531/1469/1
f 1356/1471/1 1355/1470/1 1531/1469/1
f 1357/1472/1 1356/1471/1 1531/1469/1
f 1531/1469/1 1530/1473/1 1357/1472/1
f 1358/1474/1 1357/1472/1 1530/1473/1
f 1359/1475/1 1358/1474/1 1530/1473/1
f 1360/1476/1 1359/1475/1 1530/1473/1
f 1361/1477/1 1360/1476/1 1530/1473/1
f 1530/1473/1 1529/1478/1 1361/1477/1
f 1362/1479/1 1361/1477/1 1529/1478/1
f 1363/1480/1 1362/1479/1 1529/1478/1
f 1364/1481/1 1363/1480/1 1529/1478/1
f 1365/1482/1 1364/1481/1 1529/1478/1
f 1529/1478/1 1528/1483/1 1365/1482/1
f 1366/1484/1 1365/1482/1 1528/1483/1
f 1367/1485/1 1366/1484/1 1528/1483/1
f 1368/1486/1 1367/1485/1 1528/1483/1
f 1369/1487/1 1368/1486/1 1528/1483/1
f 1370/1488/1 1369/1487/1 1528/1483/1
f 1528/1483/1 1527/1489/1 1370/1488/1
f 1371/1490/1 1370/1488/1 1527/1489/1
f 1372/1491/1 1371/1490/1 1527/1489/1
f 1373/1492/1 1372/1491/1 1527/1489/1
f 1374/1493/1 1373/1492/1 1527/1489/1
f 1527/1489/1 1526/1494/1 1374/1493/1
f 1375/1495/1 1374/1493/1 1526/1494/1
f 1376/1496/1 1375/1495/1 1526/1494/1
f 1377/1497/1 1376/1496/1 1526/1494/1
f 1526/1494/1 1525/1498/1 1377/1497/1
f 1378/1499/1 1377/1497/1 1525/1498/1
f 1379/1500/1 1378/1499/1 1525/1498/1
f 1525/1498/1 1524/1501/1 1379/1500/1
f 1380/1502/1 1379/1500/1 1524/1501/1
f 1381/1503/1 1380/1502/1 1524/1501/1
f 1524/1501/1 1523/1504/1 1381/1503/1
f 1382/1505/1 1381/1503/1 1523/1504/1
f 1523/1504/1 1522/1506/1 1382/1505/1
f 1383/1507/1 1382/1505/1 1522/1506/1
f 1384/1508/1 1383/1507/1 1522/1506/1
f 1522/1506/1 1521/1509/1 1384/1508/1
f 1385/1510/1 1384/1508/1 1521/1509/1
f 1386/1511/1 1385/1510/1 1521/1509/1
f 1387/1512/1 1386/1511/1 1521/1509/1
f 1521/1509/1 1520/1513/1 1387/1512/1
f 1388/1514/1 1387/1512/1 1520/1513/1
f 1389/1515/1 1388/1514/1 1520/1513/1
f 1520/1513/1 1519/1516/1 1389/1515/1
f 1390/1517/1 1389/1515/1 1519/1516/1
f 1391/1518/1 1390/1517/1 1519/1516/1
f 1519/1516/1 1518/1519/1 1391/1518/1
f 1392/1520/1 1391/1518/1 1518/1519/1
f 1518/1519/1 1517/1521/1 1392/1520/1
f 1393/1522/1 1392/1520/1 1517/1521/1
f 1517/1521/1 1516/1400/1 1393/1522/1
f 1516/1400/1 1394/1399/1 1393/1522/1
f 1596/1523/1 1696/1524/1 1695/1525/1
f 1502/1526/1 1405/1527/1 1404/1528/1
f 1502/1526/1 1404/1528/1 1503/1529/1
f 1403/1530/1 1505/1531/1 1504/1532/1
f 1504/1532/1 1503/1529/1 1403/1530/1
f 1503/1529/1 1404/1528/1 1403/1530/1
f 1406/1533/1 1501/1534/1 1500/1535/1
f 1500/1535/1 1407/1536/1 1406/1533/1
f 1498/1537/1 1409/1538/1 1499/1539/1
f 1408/1540/1 1499/1539/1 1409/1538/1
f 1499/1539/1 1408/1540/1 1500/1535/1
f 1407/1536/1 1500/1535/1 1408/1540/1
f 1696/1524/1 1596/1523/1 1595/1541/1
f 1697/1542/1 1696/1524/1 1595/1541/1
f 1698/1543/1 1697/1542/1 1595/1541/1
f 1595/1541/1 1594/1544/1 1698/1543/1
f 1699/1545/1 1698/1543/1 1594/1544/1
f 1594/1544/1 1700/1546/1 1699/1545/1
f 1331/199/1 1740/228/1 1549/1547/1
f 1405/1527/1 1502/1526/1 1501/1534/1
f 1501/1534/1 1406/1533/1 1405/1527/1
f 1494/1548/1 1415/1549/1 1495/1550/1
f 1415/1549/1 1414/1551/1 1495/1550/1
f 1420/1552/1 1419/1553/1 1492/1554/1
f 1493/1555/1 1492/1554/1 1419/1553/1
f 1419/1553/1 1418/1556/1 1493/1555/1
f 1418/1556/1 1417/1557/1 1493/1555/1
f 1494/1548/1 1493/1555/1 1417/1557/1
f 1417/1557/1 1416/1558/1 1494/1548/1
f 1415/1549/1 1494/1548/1 1416/1558/1
f 1495/1550/1 1414/1551/1 1496/1559/1
f 1414/1551/1 1413/1560/1 1496/1559/1
f 1413/1560/1 1412/1561/1 1496/1559/1
f 1497/1562/1 1496/1559/1 1412/1561/1
f 1411/1563/1 1497/1562/1 1412/1561/1
f 1700/1546/1 1594/1544/1 1593/1564/1
f 1701/1565/1 1700/1546/1 1593/1564/1
f 1702/1566/1 1701/1565/1 1593/1564/1
f 1593/1564/1 1592/1567/1 1702/1566/1
f 1703/1568/1 1702/1566/1 1592/1567/1
f 1592/1567/1 1591/1569/1 1703/1568/1
f 1704/1570/1 1703/1568/1 1591/1569/1
f 1591/1569/1 1590/1571/1 1704/1570/1
f 1705/1572/1 1704/1570/1 1590/1571/1
f 1732/1573/1 1731/1574/1 1553/1575/1
f 1733/1576/1 1732/1573/1 1553/1575/1
f 1553/1575/1 1552/1577/1 1733/1576/1
f 1734/1578/1 1733/1576/1 1552/1577/1
f 1735/1579/1 1734/1578/1 1552/1577/1
f 1736/1580/1 1735/1579/1 1552/1577/1
f 1552/1577/1 1551/1581/1 1736/1580/1
f 1737/1582/1 1736/1580/1 1551/1581/1
f 1738/1583/1 1737/1582/1 1551/1581/1
f 1551/1581/1 1550/1584/1 1738/1583/1
f 1739/1585/1 1738/1583/1 1550/1584/1
f 1740/228/1 1739/1585/1 1550/1584/1
f 1549/1547/1 1740/228/1 1550/1584/1
f 1497/1562/1 1411/1563/1 1498/1537/1
f 1411/1563/1 1410/1586/1 1498/1537/1
f 1409/1538/1 1498/1537/1 1410/1586/1
f 1476/1587/1 1475/1588/1 1477/1589/1
f 1475/1588/1 1474/1590/1 1477/1589/1
f 1478/1591/1 1477/1589/1 1474/1590/1
f 1478/1591/1 1474/1590/1 1473/1592/1
f 1473/1592/1 1472/1593/1 1478/1591/1
f 1478/1591/1 1472/1593/1 1479/1594/1
f 1472/1593/1 1471/1595/1 1479/1594/1
f 1480/1596/1 1479/1594/1 1471/1595/1
f 1471/1595/1 1470/1597/1 1480/1596/1
f 1470/1597/1 1469/1598/1 1480/1596/1
f 1469/1598/1 1468/1599/1 1480/1596/1
f 1481/1600/1 1480/1596/1 1468/1599/1
f 1438/1601/1 1437/1602/1 1486/1603/1
f 1437/1602/1 1436/1604/1 1486/1603/1
f 1487/1605/1 1486/1603/1 1436/1604/1
f 1436/1604/1 1435/1606/1 1487/1605/1
f 1435/1606/1 1434/1607/1 1487/1605/1
f 1434/1607/1 1433/1608/1 1487/1605/1
f 1433/1608/1 1432/1609/1 1487/1605/1
f 1432/1609/1 1431/1610/1 1487/1605/1
f 1481/1600/1 1468/1599/1 1467/1611/1
f 1467/1611/1 1466/1612/1 1481/1600/1
f 1482/1613/1 1481/1600/1 1466/1612/1
f 1466/1612/1 1465/1614/1 1482/1613/1
f 1465/1614/1 1464/1615/1 1482/1613/1
f 1464/1615/1 1463/1616/1 1482/1613/1
f 1483/1617/1 1482/1613/1 1463/1616/1
f 1463/1616/1 1462/1618/1 1483/1617/1
f 1462/1618/1 1461/1619/1 1483/1617/1
f 1461/1619/1 1460/1620/1 1483/1617/1
f 1460/1620/1 1459/1621/1 1483/1617/1
f 1459/1621/1 1458/1622/1 1483/1617/1
f 1458/1622/1 1457/1623/1 1483/1617/1
f 1484/1624/1 1483/1617/1 1457/1623/1
f 1457/1623/1 1456/1625/1 1484/1624/1
f 1456/1625/1 1455/1626/1 1484/1624/1
f 1455/1626/1 1454/1627/1 1484/1624/1
f 1454/1627/1 1453/1628/1 1484/1624/1
f 1485/1629/1 1484/1624/1 1453/1628/1
f 1453/1628/1 1452/1630/1 1485/1629/1
f 1452/1630/1 1451/1631/1 1485/1629/1
f 1451/1631/1 1450/1632/1 1485/1629/1
f 1450/1632/1 1449/1633/1 1485/1629/1
f 1449/1633/1 1448/1634/1 1485/1629/1
f 1448/1634/1 1447/1635/1 1485/1629/1
f 1447/1635/1 1446/1636/1 1485/1629/1
f 1446/1636/1 1445/1637/1 1485/1629/1
f 1445/1637/1 1444/1638/1 1485/1629/1
f 1486/1603/1 1485/1629/1 1444/1638/1
f 1444/1638/1 1443/1639/1 1486/1603/1
f 1443/1639/1 1442/1640/1 1486/1603/1
f 1442/1640/1 1441/1641/1 1486/1603/1
f 1441/1641/1 1440/1642/1 1486/1603/1
f 1440/1642/1 1439/1643/1 1486/1603/1
f 1438/1601/1 1486/1603/1 1439/1643/1
f 1705/1572/1 1590/1571/1 1589/1644/1
f 1706/1645/1 1705/1572/1 1589/1644/1
f 1589/1644/1 1588/1646/1 1706/1645/1
f 1707/1647/1 1706/1645/1 1588/1646/1
f 1588/1646/1 1587/1648/1 1707/1647/1
f 1708/1649/1 1707/1647/1 1587/1648/1
f 1587/1648/1 1586/1650/1 1708/1649/1
f 1709/1651/1 1708/1649/1 1586/1650/1
f 1586/1650/1 1585/1652/1 1709/1651/1
f 1710/1653/1 1709/1651/1 1585/1652/1
f 1585/1652/1 1584/1654/1 1710/1653/1
f 1711/1655/1 1710/1653/1 1584/1654/1
f 1584/1654/1 1583/1656/1 1711/1655/1
f 1583/1656/1 1582/1657/1 1711/1655/1
f 1712/1658/1 1711/1655/1 1582/1657/1
f 1582/1657/1 1581/1659/1 1712/1658/1
f 1713/1660/1 1712/1658/1 1581/1659/1
f 1581/1659/1 1580/1661/1 1713/1660/1
f 1580/1661/1 1579/1662/1 1713/1660/1
f 1714/1663/1 1713/1660/1 1579/1662/1
f 1579/1662/1 1578/1664/1 1714/1663/1
f 1578/1664/1 1577/1665/1 1714/1663/1
f 1715/1666/1 1714/1663/1 1577/1665/1
f 1577/1665/1 1576/1667/1 1715/1666/1
f 1576/1667/1 1575/1668/1 1715/1666/1
f 1716/1669/1 1715/1666/1 1575/1668/1
f 1575/1668/1 1574/1670/1 1716/1669/1
f 1574/1670/1 1573/1671/1 1716/1669/1
f 1717/1672/1 1716/1669/1 1573/1671/1
f 1573/1671/1 1572/1673/1 1717/1672/1
f 1718/1674/1 1717/1672/1 1572/1673/1
f 1572/1673/1 1571/1675/1 1718/1674/1
f 1719/1676/1 1718/1674/1 1571/1675/1
f 1571/1675/1 1570/1677/1 1719/1676/1
f 1570/1677/1 1569/1678/1 1719/1676/1
f 1720/1679/1 1719/1676/1 1569/1678/1
f 1569/1678/1 1568/1680/1 1720/1679/1
f 1568/1680/1 1567/1681/1 1720/1679/1
f 1721/1682/1 1720/1679/1 1567/1681/1
f 1567/1681/1 1566/1683/1 1721/1682/1
f 1566/1683/1 1565/1684/1 1721/1682/1
f 1722/1685/1 1721/1682/1 1565/1684/1
f 1565/1684/1 1564/1686/1 1722/1685/1
f 1564/1686/1 1563/1687/1 1722/1685/1
f 1723/1688/1 1722/1685/1 1563/1687/1
f 1563/1687/1 1562/1689/1 1723/1688/1
f 1562/1689/1 1561/1690/1 1723/1688/1
f 1724/1691/1 1723/1688/1 1561/1690/1
f 1561/1690/1 1560/1692/1 1724/1691/1
f 1560/1692/1 1559/1693/1 1724/1691/1
f 1725/1694/1 1724/1691/1 1559/1693/1
f 1559/1693/1 1558/1695/1 1725/1694/1
f 1726/1696/1 1725/1694/1 1558/1695/1
f 1558/1695/1 1557/1697/1 1726/1696/1
f 1727/1698/1 1726/1696/1 1557/1697/1
f 1557/1697/1 1556/1699/1 1727/1698/1
f 1728/1700/1 1727/1698/1 1556/1699/1
f 1556/1699/1 1555/1701/1 1728/1700/1
f 1729/1702/1 1728/1700/1 1555/1701/1
f 1555/1701/1 1554/1703/1 1729/1702/1
f 1730/1704/1 1729/1702/1 1554/1703/1
f 1731/1574/1 1730/1704/1 1554/1703/1
f 1553/1575/1 1731/1574/1 1554/1703/1
f 1487/1605/1 1431/1610/1 1488/1705/1
f 1431/1610/1 1430/1706/1 1488/1705/1
f 1430/1706/1 1429/1707/1 1488/1705/1
f 1429/1707/1 1428/1708/1 1488/1705/1
f 1489/1709/1 1488/1705/1 1428/1708/1
f 1428/1708/1 1427/1710/1 1489/1709/1
f 1427/1710/1 1426/1711/1 1489/1709/1
f 1426/1711/1 1425/1712/1 1489/1709/1
f 1490/1713/1 1489/1709/1 1425/1712/1
f 1425/1712/1 1424/1714/1 1490/1713/1
f 1424/1714/1 1423/1715/1 1490/1713/1
f 1491/1716/1 1490/1713/1 1423/1715/1
f 1423/1715/1 1422/1717/1 1491/1716/1
f 1422/1717/1 1421/1718/1 1491/1716/1
f 1492/1554/1 1491/1716/1 1421/1718/1
f 1420/1552/1 1492/1554/1 1421/1718/1
f 1596/1523/1 1695/1525/1 1597/1364/1
f 1695/1525/1 1694/1719/1 1597/1364/1
f 1693/1365/1 1597/1364/1 1694/1719/1
f 1331/199/1 1549/1547/1 1332/1720/1
f 1549/1547/1 1548/1721/1 1332/1720/1
f 1333/1722/1 1332/1720/1 1548/1721/1
f 1334/1723/1 1333/1722/1 1548/1721/1
f 1548/1721/1 1547/1724/1 1334/1723/1
f 1335/1725/1 1334/1723/1 1547/1724/1
f 1547/1724/1 1546/1726/1 1335/1725/1
f 1336/1727/1 1335/1725/1 1546/1726/1
f 1546/1726/1 1545/1728/1 1336/1727/1
f 1337/1375/1 1336/1727/1 1545/1728/1
f 1544/1373/1 1337/1375/1 1545/1728/1
f 1401/1414/1 1508/1413/1 1507/1729/1
f 1402/1730/1 1401/1414/1 1507/1729/1
f 1507/1729/1 1506/1731/1 1402/1730/1
f 1506/1731/1 1505/1531/1 1402/1730/1
f 1505/1531/1 1403/1530/1 1402/1730/1
f 1799/1/2 2078/3/2 1798/2/2
f 1800/4/2 2078/3/2 1799/1/2
f 1801/5/2 2078/3/2 1800/4/2
f 1802/6/2 2078/3/2 1801/5/2
f 1803/7/2 2078/3/2 1802/6/2
f 1804/8/2 2078/3/2 1803/7/2
f 1805/9/2 2078/3/2 1804/8/2
f 1806/10/2 2078/3/2 1805/9/2
f 1807/11/2 2078/3/2 1806/10/2
f 2078/3/2 1807/11/2 2077/12/2
f 2077/12/2 1807/11/2 2076/13/2
f 1808/14/2 2076/13/2 1807/11/2
f 2076/13/2 1808/14/2 2075/15/2
f 1809/16/2 2075/15/2 1808/14/2
f 2075/15/2 1809/16/2 2074/17/2
f 1810/18/2 2074/17/2 1809/16/2
f 2074/17/2 1810/18/2 2073/19/2
f 2073/19/2 1810/18/2 2072/20/2
f 1811/21/2 2072/20/2 1810/18/2
f 2072/20/2 1811/21/2 2071/22/2
f 1812/23/2 2071/22/2 1811/21/2
f 2071/22/2 1812/23/2 2070/24/2
f 1813/25/2 2070/24/2 1812/23/2
f 2070/24/2 1813/25/2 2069/26/2
f 2069/26/2 1813/25/2 2068/27/2
f 1814/28/2 2068/27/2 1813/25/2
f 2068/27/2 1814/28/2 2067/29/2
f 1815/30/2 2067/29/2 1814/28/2
f 2067/29/2 1815/30/2 2066/31/2
f 1816/32/2 2066/31/2 1815/30/2
f 2066/31/2 1816/32/2 2065/33/2
f 2065/33/2 1816/32/2 2064/34/2
f 1817/35/2 2064/34/2 1816/32/2
f 2034/36/2 1846/38/2 2033/37/2
f 2033/37/2 1846/38/2 1847/39/2
f 2036/40/2 1844/42/2 2035/41/2
f 1845/43/2 2035/41/2 1844/42/2
f 2035/41/2 1845/43/2 2034/36/2
f 2034/36/2 1845/43/2 1846/38/2
f 2032/44/2 1848/46/2 2031/45/2
f 1756/47/2 1757/49/2 1941/48/2
f 2030/50/2 2031/45/2 1849/51/2
f 1848/46/2 1849/51/2 2031/45/2
f 1943/52/2 1944/54/2 1754/53/2
f 1754/53/2 1755/55/2 1943/52/2
f 1942/56/2 1943/52/2 1755/55/2
f 2028/57/2 1852/59/2 2027/58/2
f 1852/59/2 2028/57/2 1851/60/2
f 1755/55/2 1756/47/2 1942/56/2
f 1941/48/2 1942/56/2 1756/47/2
f 2028/57/2 2029/61/2 1851/60/2
f 1851/60/2 2029/61/2 1850/62/2
f 2030/50/2 1850/62/2 2029/61/2
f 1849/51/2 1850/62/2 2030/50/2
f 1757/49/2 1758/63/2 1941/48/2
f 1941/48/2 1758/63/2 1940/64/2
f 1759/65/2 1940/64/2 1758/63/2
f 1940/64/2 1759/65/2 1939/66/2
f 1760/67/2 1939/66/2 1759/65/2
f 1938/68/2 1939/66/2 1760/67/2
f 1847/39/2 2032/44/2 2033/37/2
f 2032/44/2 1847/39/2 1848/46/2
f 1760/67/2 1761/69/2 1938/68/2
f 1938/68/2 1761/69/2 1937/70/2
f 1762/71/2 1937/70/2 1761/69/2
f 1763/72/2 1937/70/2 1762/71/2
f 1937/70/2 1763/72/2 1936/73/2
f 1764/74/2 1936/73/2 1763/72/2
f 1936/73/2 1764/74/2 1935/75/2
f 1765/76/2 1935/75/2 1764/74/2
f 1935/75/2 1765/76/2 1934/77/2
f 2042/78/2 1838/80/2 2041/79/2
f 1839/81/2 2041/79/2 1838/80/2
f 2041/79/2 1839/81/2 2040/82/2
f 1840/83/2 2040/82/2 1839/81/2
f 2040/82/2 1840/83/2 2039/84/2
f 1841/85/2 2039/84/2 1840/83/2
f 2039/84/2 1841/85/2 2038/86/2
f 1842/87/2 2038/86/2 1841/85/2
f 2038/86/2 1842/87/2 2037/88/2
f 1843/89/2 2037/88/2 1842/87/2
f 2037/88/2 1843/89/2 2036/40/2
f 2036/40/2 1843/89/2 1844/42/2
f 1765/76/2 1766/90/2 1934/77/2
f 1767/91/2 1934/77/2 1766/90/2
f 1934/77/2 1767/91/2 1933/92/2
f 1768/93/2 1933/92/2 1767/91/2
f 1933/92/2 1768/93/2 1932/94/2
f 1769/95/2 1932/94/2 1768/93/2
f 1770/96/2 1932/94/2 1769/95/2
f 1932/94/2 1770/96/2 1931/97/2
f 1771/98/2 1931/97/2 1770/96/2
f 1931/97/2 1771/98/2 1930/99/2
f 1772/100/2 1930/99/2 1771/98/2
f 1773/101/2 1930/99/2 1772/100/2
f 1930/99/2 1773/101/2 1929/102/2
f 1774/103/2 1929/102/2 1773/101/2
f 1775/104/2 1929/102/2 1774/103/2
f 1929/102/2 1775/104/2 1928/105/2
f 1776/106/2 1928/105/2 1775/104/2
f 1777/107/2 1928/105/2 1776/106/2
f 1928/105/2 1777/107/2 1927/108/2
f 1778/109/2 1927/108/2 1777/107/2
f 1779/110/2 1927/108/2 1778/109/2
f 1927/108/2 1779/110/2 1926/111/2
f 1780/112/2 1926/111/2 1779/110/2
f 1781/113/2 1926/111/2 1780/112/2
f 1926/111/2 1781/113/2 1925/114/2
f 1782/115/2 1925/114/2 1781/113/2
f 1783/116/2 1925/114/2 1782/115/2
f 1925/114/2 1783/116/2 1924/117/2
f 1784/118/2 1924/117/2 1783/116/2
f 1785/119/2 1924/117/2 1784/118/2
f 1924/117/2 1785/119/2 1923/120/2
f 1786/121/2 1923/120/2 1785/119/2
f 1923/120/2 1786/121/2 1922/122/2
f 1787/123/2 1922/122/2 1786/121/2
f 1788/124/2 1922/122/2 1787/123/2
f 1789/125/2 1922/122/2 1788/124/2
f 1790/126/2 1922/122/2 1789/125/2
f 1791/127/2 1922/122/2 1790/126/2
f 1792/128/2 1922/122/2 1791/127/2
f 1793/129/2 1922/122/2 1792/128/2
f 1794/130/2 1922/122/2 1793/129/2
f 1795/131/2 1922/122/2 1794/130/2
f 1796/132/2 1922/122/2 1795/131/2
f 1797/133/2 1922/122/2 1796/132/2
f 1798/2/2 1922/122/2 1797/133/2
f 2078/3/2 1922/122/2 1798/2/2
f 1817/35/2 2063/134/2 2064/34/2
f 1818/135/2 2063/134/2 1817/35/2
f 2063/134/2 1818/135/2 2062/136/2
f 1819/137/2 2062/136/2 1818/135/2
f 2062/136/2 1819/137/2 2061/138/2
f 1820/139/2 2061/138/2 1819/137/2
f 2061/138/2 1820/139/2 2060/140/2
f 1821/141/2 2060/140/2 1820/139/2
f 2060/140/2 1821/141/2 2059/142/2
f 1822/143/2 2059/142/2 1821/141/2
f 2059/142/2 1822/143/2 2058/144/2
f 1823/145/2 2058/144/2 1822/143/2
f 2058/144/2 1823/145/2 2057/146/2
f 1824/147/2 2057/146/2 1823/145/2
f 2057/146/2 1824/147/2 2056/148/2
f 1825/149/2 2056/148/2 1824/147/2
f 2056/148/2 1825/149/2 2055/150/2
f 1826/151/2 2055/150/2 1825/149/2
f 2055/150/2 1826/151/2 2054/152/2
f 1827/153/2 2054/152/2 1826/151/2
f 2054/152/2 1827/153/2 2053/154/2
f 1828/155/2 2053/154/2 1827/153/2
f 2053/154/2 1828/155/2 2052/156/2
f 1829/157/2 2052/156/2 1828/155/2
f 2052/156/2 1829/157/2 2051/158/2
f 1830/159/2 2051/158/2 1829/157/2
f 2051/158/2 1830/159/2 2050/160/2
f 1831/161/2 2050/160/2 1830/159/2
f 2050/160/2 1831/161/2 2049/162/2
f 1832/163/2 2049/162/2 1831/161/2
f 2049/162/2 1832/163/2 2048/164/2
f 1833/165/2 2048/164/2 1832/163/2
f 2048/164/2 1833/165/2 2047/166/2
f 1834/167/2 2047/166/2 1833/165/2
f 2047/166/2 1834/167/2 2046/168/2
f 1835/169/2 2046/168/2 1834/167/2
f 2046/168/2 1835/169/2 2045/170/2
f 1836/171/2 2045/170/2 1835/169/2
f 2045/170/2 1836/171/2 2044/172/2
f 2044/172/2 1836/171/2 2043/173/2
f 1837/174/2 2043/173/2 1836/171/2
f 2043/173/2 1837/174/2 2042/78/2
f 2042/78/2 1837/174/2 1838/80/2
f 1751/175/2 1945/177/2 1946/176/2
f 1751/175/2 1752/178/2 1945/177/2
f 1753/179/2 1945/177/2 1752/178/2
f 1749/180/2 1947/182/2 1748/181/2
f 1748/181/2 1947/182/2 1948/183/2
f 1946/176/2 1750/184/2 1751/175/2
f 1750/184/2 1946/176/2 1749/180/2
f 1749/180/2 1946/176/2 1947/182/2
f 1949/185/2 1745/187/2 1746/186/2
f 1950/188/2 1745/187/2 1949/185/2
f 1948/183/2 1747/189/2 1748/181/2
f 1747/189/2 1948/183/2 1746/186/2
f 1746/186/2 1948/183/2 1949/185/2
f 1859/190/2 2023/192/2 1858/191/2
f 2024/193/2 1858/191/2 2023/192/2
f 1858/191/2 2024/193/2 1857/194/2
f 1857/194/2 2024/193/2 1856/195/2
f 2025/196/2 1856/195/2 2024/193/2
f 1855/197/2 1856/195/2 2025/196/2
f 1742/198/2 1952/200/2 1741/199/2
f 1953/201/2 1741/199/2 1952/200/2
f 1953/201/2 2017/202/2 1741/199/2
f 2017/202/2 1953/201/2 2016/203/2
f 1954/204/2 2016/203/2 1953/201/2
f 2016/203/2 1954/204/2 2015/205/2
f 1955/206/2 2015/205/2 1954/204/2
f 2015/205/2 1955/206/2 2014/207/2
f 1955/206/2 2013/208/2 2014/207/2
f 1956/209/2 2013/208/2 1955/206/2
f 2013/208/2 1956/209/2 2012/210/2
f 2012/210/2 1956/209/2 2011/211/2
f 1957/212/2 2011/211/2 1956/209/2
f 2011/211/2 1957/212/2 2010/213/2
f 2010/213/2 1957/212/2 2009/214/2
f 1958/215/2 2009/214/2 1957/212/2
f 2009/214/2 1958/215/2 2008/216/2
f 1959/217/2 2008/216/2 1958/215/2
f 1950/188/2 1744/218/2 1745/187/2
f 1951/219/2 1744/218/2 1950/188/2
f 1744/218/2 1951/219/2 1743/220/2
f 1743/220/2 1951/219/2 1742/198/2
f 1742/198/2 1951/219/2 1952/200/2
f 1921/221/2 1922/122/2 2079/222/2
f 2089/223/2 1872/225/2 2088/224/2
f 1872/225/2 2089/223/2 1871/226/2
f 1871/226/2 2089/223/2 1870/227/2
f 2090/228/2 1870/227/2 2089/223/2
f 1870/227/2 2090/228/2 1869/229/2
f 2018/230/2 1869/229/2 2090/228/2
f 1869/229/2 2018/230/2 1868/231/2
f 1868/231/2 2018/230/2 1867/232/2
f 2019/233/2 1867/232/2 2018/230/2
f 1867/232/2 2019/233/2 1866/234/2
f 1866/234/2 2019/233/2 1865/235/2
f 2020/236/2 1865/235/2 2019/233/2
f 1865/235/2 2020/236/2 1864/237/2
f 1864/237/2 2020/236/2 1863/238/2
f 2021/239/2 1863/238/2 2020/236/2
f 1863/238/2 2021/239/2 1862/240/2
f 1862/240/2 2021/239/2 1861/241/2
f 2022/242/2 1861/241/2 2021/239/2
f 1861/241/2 2022/242/2 1860/243/2
f 2023/192/2 1860/243/2 2022/242/2
f 1859/190/2 1860/243/2 2023/192/2
f 1971/244/2 1969/246/2 1970/245/2
f 1974/247/2 1968/249/2 1973/248/2
f 1973/248/2 1968/249/2 1972/250/2
f 1969/246/2 1972/250/2 1968/249/2
f 1971/244/2 1972/250/2 1969/246/2
f 1909/251/2 1907/253/2 1908/252/2
f 1907/253/2 1909/251/2 1906/254/2
f 1906/254/2 1909/251/2 1905/255/2
f 1905/255/2 1909/251/2 1904/256/2
f 1910/257/2 1904/256/2 1909/251/2
f 1904/256/2 1910/257/2 1903/258/2
f 1903/258/2 1910/257/2 1902/259/2
f 1911/260/2 1902/259/2 1910/257/2
f 1902/259/2 1911/260/2 1901/261/2
f 1911/260/2 1912/262/2 1901/261/2
f 1901/261/2 1912/262/2 1900/263/2
f 1913/264/2 1900/263/2 1912/262/2
f 1914/265/2 1900/263/2 1913/264/2
f 1900/263/2 1914/265/2 1899/266/2
f 1915/267/2 1899/266/2 1914/265/2
f 1899/266/2 1915/267/2 1898/268/2
f 1916/269/2 1898/268/2 1915/267/2
f 1898/268/2 1916/269/2 1897/270/2
f 1917/271/2 1897/270/2 1916/269/2
f 1918/272/2 1897/270/2 1917/271/2
f 1897/270/2 1918/272/2 1896/273/2
f 1919/274/2 1896/273/2 1918/272/2
f 1920/275/2 1896/273/2 1919/274/2
f 1959/217/2 2007/276/2 2008/216/2
f 2007/276/2 1959/217/2 2006/277/2
f 1960/278/2 2006/277/2 1959/217/2
f 2006/277/2 1960/278/2 2005/279/2
f 2005/279/2 1960/278/2 2004/280/2
f 1961/281/2 2004/280/2 1960/278/2
f 2004/280/2 1961/281/2 2003/282/2
f 2003/282/2 1961/281/2 2002/283/2
f 2002/283/2 1961/281/2 2001/284/2
f 2001/284/2 1961/281/2 2000/285/2
f 2000/285/2 1961/281/2 1999/286/2
f 1999/286/2 1961/281/2 1998/287/2
f 1998/287/2 1961/281/2 1997/288/2
f 1962/289/2 1997/288/2 1961/281/2
f 1997/288/2 1962/289/2 1996/290/2
f 1996/290/2 1962/289/2 1995/291/2
f 1995/291/2 1962/289/2 1994/292/2
f 1963/293/2 1994/292/2 1962/289/2
f 1994/292/2 1963/293/2 1993/294/2
f 1993/294/2 1963/293/2 1992/295/2
f 1992/295/2 1963/293/2 1991/296/2
f 1991/296/2 1963/293/2 1990/297/2
f 1990/297/2 1963/293/2 1989/298/2
f 1989/298/2 1963/293/2 1988/299/2
f 1988/299/2 1963/293/2 1987/300/2
f 1964/301/2 1987/300/2 1963/293/2
f 1987/300/2 1964/301/2 1986/302/2
f 1986/302/2 1964/301/2 1985/303/2
f 1985/303/2 1964/301/2 1984/304/2
f 1984/304/2 1964/301/2 1983/305/2
f 1983/305/2 1964/301/2 1982/306/2
f 1965/307/2 1982/306/2 1964/301/2
f 1982/306/2 1965/307/2 1981/308/2
f 1981/308/2 1965/307/2 1980/309/2
f 1980/309/2 1965/307/2 1979/310/2
f 1966/311/2 1979/310/2 1965/307/2
f 1979/310/2 1966/311/2 1978/312/2
f 1978/312/2 1966/311/2 1977/313/2
f 1967/314/2 1977/313/2 1966/311/2
f 1977/313/2 1967/314/2 1976/315/2
f 1976/315/2 1967/314/2 1975/316/2
f 1975/316/2 1967/314/2 1974/247/2
f 1974/247/2 1967/314/2 1968/249/2
f 2079/222/2 1920/275/2 1921/221/2
f 1920/275/2 2079/222/2 1896/273/2
f 1896/273/2 2079/222/2 1895/317/2
f 1895/317/2 2079/222/2 1894/318/2
f 1894/318/2 2079/222/2 1893/319/2
f 1893/319/2 2079/222/2 1892/320/2
f 1892/320/2 2079/222/2 1891/321/2
f 1891/321/2 2079/222/2 1890/322/2
f 1890/322/2 2079/222/2 1889/323/2
f 1889/323/2 2079/222/2 1888/324/2
f 1888/324/2 2079/222/2 1887/325/2
f 2080/326/2 1887/325/2 2079/222/2
f 1887/325/2 2080/326/2 1886/327/2
f 2081/328/2 1886/327/2 2080/326/2
f 1886/327/2 2081/328/2 1885/329/2
f 1885/329/2 2081/328/2 1884/330/2
f 2082/331/2 1884/330/2 2081/328/2
f 1884/330/2 2082/331/2 1883/332/2
f 1883/332/2 2082/331/2 1882/333/2
f 2083/334/2 1882/333/2 2082/331/2
f 1882/333/2 2083/334/2 1881/335/2
f 1881/335/2 2083/334/2 1880/336/2
f 2084/337/2 1880/336/2 2083/334/2
f 1880/336/2 2084/337/2 1879/338/2
f 1879/338/2 2084/337/2 1878/339/2
f 2085/340/2 1878/339/2 2084/337/2
f 1878/339/2 2085/340/2 1877/341/2
f 1877/341/2 2085/340/2 1876/342/2
f 2086/343/2 1876/342/2 2085/340/2
f 1876/342/2 2086/343/2 1875/344/2
f 2087/345/2 1875/344/2 2086/343/2
f 1875/344/2 2087/345/2 1874/346/2
f 1874/346/2 2087/345/2 1873/347/2
f 2088/224/2 1873/347/2 2087/345/2
f 1872/225/2 1873/347/2 2088/224/2
f 1944/54/2 1753/179/2 1754/53/2
f 1753/179/2 1944/54/2 1945/177/2
f 2078/3/2 2079/222/2 1922/122/2
f 2025/196/2 2026/348/2 1855/197/2
f 1855/197/2 2026/348/2 1854/349/2
f 2027/58/2 1854/349/2 2026/348/2
f 1854/349/2 2027/58/2 1853/350/2
f 1852/59/2 1853/350/2 2027/58/2
f 2293/351/2 2152/353/2 2292/352/2
f 2294/354/2 2152/353/2 2293/351/2
f 2152/353/2 2294/354/2 2151/355/2
f 2295/356/2 2151/355/2 2294/354/2
f 2296/357/2 2151/355/2 2295/356/2
f 2151/355/2 2296/357/2 2150/358/2
f 2297/359/2 2150/358/2 2296/357/2
f 2150/358/2 2297/359/2 2149/360/2
f 2298/361/2 2149/360/2 2297/359/2
f 2111/362/2 2341/364/2 2110/363/2
f 2251/365/2 2171/367/2 2250/366/2
f 2171/367/2 2251/365/2 2170/368/2
f 2112/369/2 2340/370/2 2111/362/2
f 2111/362/2 2340/370/2 2341/364/2
f 2251/365/2 2252/371/2 2170/368/2
f 2253/372/2 2170/368/2 2252/371/2
f 2170/368/2 2253/372/2 2169/373/2
f 2254/374/2 2169/373/2 2253/372/2
f 2115/375/2 2337/377/2 2114/376/2
f 2338/378/2 2114/376/2 2337/377/2
f 2114/376/2 2338/378/2 2113/379/2
f 2339/380/2 2113/379/2 2338/378/2
f 2113/379/2 2339/380/2 2112/369/2
f 2112/369/2 2339/380/2 2340/370/2
f 2254/374/2 2255/381/2 2169/373/2
f 2169/373/2 2255/381/2 2168/382/2
f 2256/383/2 2168/382/2 2255/381/2
f 2168/382/2 2256/383/2 2167/384/2
f 2257/385/2 2167/384/2 2256/383/2
f 2120/386/2 2332/388/2 2119/387/2
f 2333/389/2 2119/387/2 2332/388/2
f 2119/387/2 2333/389/2 2118/390/2
f 2334/391/2 2118/390/2 2333/389/2
f 2118/390/2 2334/391/2 2117/392/2
f 2335/393/2 2117/392/2 2334/391/2
f 2117/392/2 2335/393/2 2116/394/2
f 2336/395/2 2116/394/2 2335/393/2
f 2116/394/2 2336/395/2 2115/375/2
f 2115/375/2 2336/395/2 2337/377/2
f 2257/385/2 2258/396/2 2167/384/2
f 2167/384/2 2258/396/2 2166/397/2
f 2259/398/2 2166/397/2 2258/396/2
f 2260/399/2 2166/397/2 2259/398/2
f 2166/397/2 2260/399/2 2165/400/2
f 2261/401/2 2165/400/2 2260/399/2
f 2262/402/2 2165/400/2 2261/401/2
f 2165/400/2 2262/402/2 2164/403/2
f 2263/404/2 2164/403/2 2262/402/2
f 2264/405/2 2164/403/2 2263/404/2
f 2164/403/2 2264/405/2 2163/406/2
f 2265/407/2 2163/406/2 2264/405/2
f 2266/408/2 2163/406/2 2265/407/2
f 2163/406/2 2266/408/2 2162/409/2
f 2267/410/2 2162/409/2 2266/408/2
f 2268/411/2 2162/409/2 2267/410/2
f 2269/412/2 2162/409/2 2268/411/2
f 2162/409/2 2269/412/2 2161/413/2
f 2270/414/2 2161/413/2 2269/412/2
f 2271/415/2 2161/413/2 2270/414/2
f 2161/413/2 2271/415/2 2160/416/2
f 2272/417/2 2160/416/2 2271/415/2
f 2273/418/2 2160/416/2 2272/417/2
f 2274/419/2 2160/416/2 2273/418/2
f 2160/416/2 2274/419/2 2159/420/2
f 2275/421/2 2159/420/2 2274/419/2
f 2276/422/2 2159/420/2 2275/421/2
f 2277/423/2 2159/420/2 2276/422/2
f 2159/420/2 2277/423/2 2158/424/2
f 2278/425/2 2158/424/2 2277/423/2
f 2279/426/2 2158/424/2 2278/425/2
f 2280/427/2 2158/424/2 2279/426/2
f 2158/424/2 2280/427/2 2157/428/2
f 2281/429/2 2157/428/2 2280/427/2
f 2282/430/2 2157/428/2 2281/429/2
f 2157/428/2 2282/430/2 2156/431/2
f 2283/432/2 2156/431/2 2282/430/2
f 2284/433/2 2156/431/2 2283/432/2
f 2285/434/2 2156/431/2 2284/433/2
f 2156/431/2 2285/434/2 2155/435/2
f 2286/436/2 2155/435/2 2285/434/2
f 2287/437/2 2155/435/2 2286/436/2
f 2155/435/2 2287/437/2 2154/438/2
f 2288/439/2 2154/438/2 2287/437/2
f 2289/440/2 2154/438/2 2288/439/2
f 2290/441/2 2154/438/2 2289/440/2
f 2154/438/2 2290/441/2 2153/442/2
f 2291/443/2 2153/442/2 2290/441/2
f 2292/352/2 2153/442/2 2291/443/2
f 2152/353/2 2153/442/2 2292/352/2
f 2298/361/2 2148/444/2 2149/360/2
f 2299/445/2 2148/444/2 2298/361/2
f 2148/444/2 2299/445/2 2147/446/2
f 2300/447/2 2147/446/2 2299/445/2
f 2147/446/2 2300/447/2 2146/448/2
f 2301/449/2 2146/448/2 2300/447/2
f 2146/448/2 2301/449/2 2145/450/2
f 2302/451/2 2145/450/2 2301/449/2
f 2145/450/2 2302/451/2 2144/452/2
f 2303/453/2 2144/452/2 2302/451/2
f 2144/452/2 2303/453/2 2143/454/2
f 2304/455/2 2143/454/2 2303/453/2
f 2143/454/2 2304/455/2 2142/456/2
f 2305/457/2 2142/456/2 2304/455/2
f 2142/456/2 2305/457/2 2141/458/2
f 2306/459/2 2141/458/2 2305/457/2
f 2307/460/2 2141/458/2 2306/459/2
f 2141/458/2 2307/460/2 2140/461/2
f 2308/462/2 2140/461/2 2307/460/2
f 2140/461/2 2308/462/2 2139/463/2
f 2309/464/2 2139/463/2 2308/462/2
f 2139/463/2 2309/464/2 2138/465/2
f 2310/466/2 2138/465/2 2309/464/2
f 2138/465/2 2310/466/2 2137/467/2
f 2311/468/2 2137/467/2 2310/466/2
f 2312/469/2 2137/467/2 2311/468/2
f 2137/467/2 2312/469/2 2136/470/2
f 2313/471/2 2136/470/2 2312/469/2
f 2136/470/2 2313/471/2 2135/472/2
f 2314/473/2 2135/472/2 2313/471/2
f 2135/472/2 2314/473/2 2134/474/2
f 2315/475/2 2134/474/2 2314/473/2
f 2316/476/2 2134/474/2 2315/475/2
f 2134/474/2 2316/476/2 2133/477/2
f 2317/478/2 2133/477/2 2316/476/2
f 2133/477/2 2317/478/2 2132/479/2
f 2318/480/2 2132/479/2 2317/478/2
f 2132/479/2 2318/480/2 2131/481/2
f 2319/482/2 2131/481/2 2318/480/2
f 2320/483/2 2131/481/2 2319/482/2
f 2131/481/2 2320/483/2 2130/484/2
f 2321/485/2 2130/484/2 2320/483/2
f 2130/484/2 2321/485/2 2129/486/2
f 2322/487/2 2129/486/2 2321/485/2
f 2129/486/2 2322/487/2 2128/488/2
f 2323/489/2 2128/488/2 2322/487/2
f 2128/488/2 2323/489/2 2127/490/2
f 2324/491/2 2127/490/2 2323/489/2
f 2325/492/2 2127/490/2 2324/491/2
f 2127/490/2 2325/492/2 2126/493/2
f 2326/494/2 2126/493/2 2325/492/2
f 2126/493/2 2326/494/2 2125/495/2
f 2327/496/2 2125/495/2 2326/494/2
f 2125/495/2 2327/496/2 2124/497/2
f 2328/498/2 2124/497/2 2327/496/2
f 2124/497/2 2328/498/2 2123/499/2
f 2329/500/2 2123/499/2 2328/498/2
f 2123/499/2 2329/500/2 2122/501/2
f 2330/502/2 2122/501/2 2329/500/2
f 2122/501/2 2330/502/2 2121/503/2
f 2331/504/2 2121/503/2 2330/502/2
f 2121/503/2 2331/504/2 2120/386/2
f 2120/386/2 2331/504/2 2332/388/2
f 2247/505/2 2248/507/2 2173/506/2
f 2108/508/2 2343/510/2 2107/509/2
f 2107/509/2 2343/510/2 2344/511/2
f 2174/512/2 2175/514/2 2246/513/2
f 2105/515/2 2345/517/2 2104/516/2
f 2246/513/2 2247/505/2 2174/512/2
f 2173/506/2 2174/512/2 2247/505/2
f 2344/511/2 2106/518/2 2107/509/2
f 2106/518/2 2344/511/2 2105/515/2
f 2105/515/2 2344/511/2 2345/517/2
f 2177/519/2 2243/521/2 2244/520/2
f 2178/522/2 2243/521/2 2177/519/2
f 2179/523/2 2243/521/2 2178/522/2
f 2243/521/2 2179/523/2 2242/524/2
f 2242/524/2 2179/523/2 2180/525/2
f 2101/526/2 2348/528/2 2100/527/2
f 2347/529/2 2348/528/2 2101/526/2
f 2175/514/2 2245/530/2 2246/513/2
f 2176/531/2 2245/530/2 2175/514/2
f 2245/530/2 2176/531/2 2244/520/2
f 2244/520/2 2176/531/2 2177/519/2
f 2101/526/2 2102/532/2 2347/529/2
f 2347/529/2 2102/532/2 2346/533/2
f 2103/534/2 2346/533/2 2102/532/2
f 2104/516/2 2346/533/2 2103/534/2
f 2345/517/2 2346/533/2 2104/516/2
f 2095/535/2 2355/537/2 2094/536/2
f 2355/537/2 2095/535/2 2354/538/2
f 2180/525/2 2241/539/2 2242/524/2
f 2181/540/2 2241/539/2 2180/525/2
f 2241/539/2 2181/540/2 2240/541/2
f 2182/542/2 2240/541/2 2181/540/2
f 2240/541/2 2182/542/2 2239/543/2
f 2183/544/2 2239/543/2 2182/542/2
f 2239/543/2 2183/544/2 2238/545/2
f 2238/545/2 2183/544/2 2237/546/2
f 2237/546/2 2183/544/2 2184/547/2
f 2095/535/2 2096/548/2 2354/538/2
f 2354/538/2 2096/548/2 2353/549/2
f 2353/549/2 2096/548/2 2352/550/2
f 2097/551/2 2352/550/2 2096/548/2
f 2352/550/2 2097/551/2 2351/552/2
f 2098/553/2 2351/552/2 2097/551/2
f 2351/552/2 2098/553/2 2350/554/2
f 2099/555/2 2350/554/2 2098/553/2
f 2350/554/2 2099/555/2 2349/556/2
f 2100/527/2 2349/556/2 2099/555/2
f 2348/528/2 2349/556/2 2100/527/2
f 2201/557/2 2197/559/2 2200/558/2
f 2198/560/2 2200/558/2 2197/559/2
f 2199/561/2 2200/558/2 2198/560/2
f 2392/562/2 2390/564/2 2391/563/2
f 2390/564/2 2392/562/2 2389/565/2
f 2393/566/2 2389/565/2 2392/562/2
f 2389/565/2 2393/566/2 2388/567/2
f 2184/547/2 2236/568/2 2237/546/2
f 2185/569/2 2236/568/2 2184/547/2
f 2236/568/2 2185/569/2 2235/570/2
f 2235/570/2 2185/569/2 2234/571/2
f 2186/572/2 2234/571/2 2185/569/2
f 2234/571/2 2186/572/2 2233/573/2
f 2233/573/2 2186/572/2 2232/574/2
f 2232/574/2 2186/572/2 2231/575/2
f 2187/576/2 2231/575/2 2186/572/2
f 2231/575/2 2187/576/2 2230/577/2
f 2230/577/2 2187/576/2 2229/578/2
f 2229/578/2 2187/576/2 2228/579/2
f 2228/579/2 2187/576/2 2227/580/2
f 2227/580/2 2187/576/2 2226/581/2
f 2226/581/2 2187/576/2 2225/582/2
f 2225/582/2 2187/576/2 2224/583/2
f 2224/583/2 2187/576/2 2223/584/2
f 2188/585/2 2223/584/2 2187/576/2
f 2223/584/2 2188/585/2 2222/586/2
f 2222/586/2 2188/585/2 2221/587/2
f 2189/588/2 2221/587/2 2188/585/2
f 2221/587/2 2189/588/2 2220/589/2
f 2220/589/2 2189/588/2 2219/590/2
f 2219/590/2 2189/588/2 2218/591/2
f 2218/591/2 2189/588/2 2217/592/2
f 2190/593/2 2217/592/2 2189/588/2
f 2217/592/2 2190/593/2 2216/594/2
f 2216/594/2 2190/593/2 2215/595/2
f 2215/595/2 2190/593/2 2214/596/2
f 2214/596/2 2190/593/2 2213/597/2
f 2213/597/2 2190/593/2 2212/598/2
f 2191/599/2 2212/598/2 2190/593/2
f 2212/598/2 2191/599/2 2211/600/2
f 2211/600/2 2191/599/2 2210/601/2
f 2210/601/2 2191/599/2 2209/602/2
f 2192/603/2 2209/602/2 2191/599/2
f 2209/602/2 2192/603/2 2208/604/2
f 2208/604/2 2192/603/2 2207/605/2
f 2193/606/2 2207/605/2 2192/603/2
f 2207/605/2 2193/606/2 2206/607/2
f 2206/607/2 2193/606/2 2205/608/2
f 2194/609/2 2205/608/2 2193/606/2
f 2205/608/2 2194/609/2 2204/610/2
f 2204/610/2 2194/609/2 2203/611/2
f 2195/612/2 2203/611/2 2194/609/2
f 2203/611/2 2195/612/2 2202/613/2
f 2196/614/2 2202/613/2 2195/612/2
f 2202/613/2 2196/614/2 2201/557/2
f 2201/557/2 2196/614/2 2197/559/2
f 2393/566/2 2394/615/2 2388/567/2
f 2388/567/2 2394/615/2 2387/616/2
f 2395/617/2 2387/616/2 2394/615/2
f 2387/616/2 2395/617/2 2386/618/2
f 2386/618/2 2395/617/2 2385/619/2
f 2396/620/2 2385/619/2 2395/617/2
f 2385/619/2 2396/620/2 2384/621/2
f 2384/621/2 2396/620/2 2383/622/2
f 2397/623/2 2383/622/2 2396/620/2
f 2383/622/2 2397/623/2 2382/624/2
f 2398/625/2 2382/624/2 2397/623/2
f 2382/624/2 2398/625/2 2381/626/2
f 2381/626/2 2398/625/2 2380/627/2
f 2399/628/2 2380/627/2 2398/625/2
f 2380/627/2 2399/628/2 2379/629/2
f 2379/629/2 2399/628/2 2378/630/2
f 2400/631/2 2378/630/2 2399/628/2
f 2378/630/2 2400/631/2 2377/632/2
f 2377/632/2 2400/631/2 2376/633/2
f 2376/633/2 2400/631/2 2375/634/2
f 2375/634/2 2400/631/2 2374/635/2
f 2401/636/2 2374/635/2 2400/631/2
f 2374/635/2 2401/636/2 2373/637/2
f 2373/637/2 2401/636/2 2372/638/2
f 2372/638/2 2401/636/2 2371/639/2
f 2371/639/2 2401/636/2 2370/640/2
f 2402/228/2 2370/640/2 2401/636/2
f 2370/640/2 2402/228/2 2369/641/2
f 2369/641/2 2402/228/2 2368/642/2
f 2368/642/2 2402/228/2 2367/643/2
f 2367/643/2 2402/228/2 2366/644/2
f 2091/199/2 2366/644/2 2402/228/2
f 2366/644/2 2091/199/2 2365/645/2
f 2365/645/2 2091/199/2 2364/646/2
f 2092/647/2 2364/646/2 2091/199/2
f 2364/646/2 2092/647/2 2363/648/2
f 2363/648/2 2092/647/2 2362/649/2
f 2362/649/2 2092/647/2 2361/650/2
f 2361/650/2 2092/647/2 2360/651/2
f 2360/651/2 2092/647/2 2359/652/2
f 2093/653/2 2359/652/2 2092/647/2
f 2359/652/2 2093/653/2 2358/654/2
f 2358/654/2 2093/653/2 2357/655/2
f 2094/536/2 2357/655/2 2093/653/2
f 2357/655/2 2094/536/2 2356/656/2
f 2355/537/2 2356/656/2 2094/536/2
f 2248/507/2 2249/657/2 2173/506/2
f 2173/506/2 2249/657/2 2172/658/2
f 2250/366/2 2172/658/2 2249/657/2
f 2171/367/2 2172/658/2 2250/366/2
f 2341/364/2 2109/659/2 2110/363/2
f 2342/660/2 2109/659/2 2341/364/2
f 2109/659/2 2342/660/2 2108/508/2
f 2108/508/2 2342/660/2 2343/510/2
f 2733/661/2 2728/663/2 2732/662/2
f 2729/664/2 2732/662/2 2728/663/2
f 2730/665/2 2732/662/2 2729/664/2
f 2731/666/2 2732/662/2 2730/665/2
f 2697/667/2 2695/669/2 2696/668/2
f 2697/667/2 2698/670/2 2695/669/2
f 2699/671/2 2695/669/2 2698/670/2
f 2725/672/2 2735/674/2 2724/673/2
f 2735/674/2 2725/672/2 2734/675/2
f 2726/676/2 2734/675/2 2725/672/2
f 2734/675/2 2726/676/2 2733/661/2
f 2727/677/2 2733/661/2 2726/676/2
f 2733/661/2 2727/677/2 2728/663/2
f 2683/678/2 2749/680/2 2682/679/2
f 2750/681/2 2682/679/2 2749/680/2
f 2751/682/2 2682/679/2 2750/681/2
f 2743/683/2 2686/685/2 2742/684/2
f 2686/685/2 2743/683/2 2685/686/2
f 2744/687/2 2685/686/2 2743/683/2
f 2745/688/2 2685/686/2 2744/687/2
f 2746/689/2 2685/686/2 2745/688/2
f 2685/686/2 2746/689/2 2684/690/2
f 2747/691/2 2684/690/2 2746/689/2
f 2748/692/2 2684/690/2 2747/691/2
f 2684/690/2 2748/692/2 2683/678/2
f 2683/678/2 2748/692/2 2749/680/2
f 2679/693/2 2755/228/2 2678/694/2
f 2477/695/2 2678/694/2 2755/228/2
f 2676/696/2 2480/698/2 2675/697/2
f 2675/697/2 2480/698/2 2481/699/2
f 2477/695/2 2677/700/2 2678/694/2
f 2478/701/2 2677/700/2 2477/695/2
f 2479/702/2 2677/700/2 2478/701/2
f 2677/700/2 2479/702/2 2676/696/2
f 2676/696/2 2479/702/2 2480/698/2
f 2589/703/2 2403/199/2 2588/704/2
f 2590/705/2 2403/199/2 2589/703/2
f 2403/199/2 2590/705/2 2476/706/2
f 2591/707/2 2476/706/2 2590/705/2
f 2592/708/2 2476/706/2 2591/707/2
f 2476/706/2 2592/708/2 2475/709/2
f 2593/710/2 2475/709/2 2592/708/2
f 2594/711/2 2475/709/2 2593/710/2
f 2475/709/2 2594/711/2 2474/712/2
f 2595/713/2 2474/712/2 2594/711/2
f 2596/714/2 2474/712/2 2595/713/2
f 2474/712/2 2596/714/2 2473/715/2
f 2639/716/2 2459/718/2 2638/717/2
f 2459/718/2 2639/716/2 2458/719/2
f 2640/720/2 2458/719/2 2639/716/2
f 2458/719/2 2640/720/2 2457/721/2
f 2641/722/2 2457/721/2 2640/720/2
f 2457/721/2 2641/722/2 2456/723/2
f 2642/724/2 2456/723/2 2641/722/2
f 2456/723/2 2642/724/2 2455/725/2
f 2643/726/2 2455/725/2 2642/724/2
f 2455/725/2 2643/726/2 2454/727/2
f 2644/728/2 2454/727/2 2643/726/2
f 2751/682/2 2681/729/2 2682/679/2
f 2752/730/2 2681/729/2 2751/682/2
f 2681/729/2 2752/730/2 2680/731/2
f 2753/732/2 2680/731/2 2752/730/2
f 2754/733/2 2680/731/2 2753/732/2
f 2680/731/2 2754/733/2 2679/693/2
f 2679/693/2 2754/733/2 2755/228/2
f 2596/714/2 2597/734/2 2473/715/2
f 2598/735/2 2473/715/2 2597/734/2
f 2599/736/2 2473/715/2 2598/735/2
f 2473/715/2 2599/736/2 2472/737/2
f 2600/738/2 2472/737/2 2599/736/2
f 2601/739/2 2472/737/2 2600/738/2
f 2602/740/2 2472/737/2 2601/739/2
f 2472/737/2 2602/740/2 2471/741/2
f 2603/742/2 2471/741/2 2602/740/2
f 2604/743/2 2471/741/2 2603/742/2
f 2605/744/2 2471/741/2 2604/743/2
f 2606/745/2 2471/741/2 2605/744/2
f 2471/741/2 2606/745/2 2470/746/2
f 2607/747/2 2470/746/2 2606/745/2
f 2608/748/2 2470/746/2 2607/747/2
f 2609/749/2 2470/746/2 2608/748/2
f 2610/750/2 2470/746/2 2609/749/2
f 2470/746/2 2610/750/2 2469/751/2
f 2611/752/2 2469/751/2 2610/750/2
f 2612/753/2 2469/751/2 2611/752/2
f 2613/754/2 2469/751/2 2612/753/2
f 2614/755/2 2469/751/2 2613/754/2
f 2469/751/2 2614/755/2 2468/756/2
f 2615/757/2 2468/756/2 2614/755/2
f 2616/758/2 2468/756/2 2615/757/2
f 2617/759/2 2468/756/2 2616/758/2
f 2468/756/2 2617/759/2 2467/760/2
f 2618/761/2 2467/760/2 2617/759/2
f 2619/762/2 2467/760/2 2618/761/2
f 2620/763/2 2467/760/2 2619/762/2
f 2467/760/2 2620/763/2 2466/764/2
f 2621/765/2 2466/764/2 2620/763/2
f 2622/766/2 2466/764/2 2621/765/2
f 2466/764/2 2622/766/2 2465/767/2
f 2623/768/2 2465/767/2 2622/766/2
f 2624/769/2 2465/767/2 2623/768/2
f 2465/767/2 2624/769/2 2464/770/2
f 2625/771/2 2464/770/2 2624/769/2
f 2464/770/2 2625/771/2 2463/772/2
f 2626/773/2 2463/772/2 2625/771/2
f 2627/774/2 2463/772/2 2626/773/2
f 2628/775/2 2463/772/2 2627/774/2
f 2463/772/2 2628/775/2 2462/776/2
f 2629/777/2 2462/776/2 2628/775/2
f 2630/778/2 2462/776/2 2629/777/2
f 2631/779/2 2462/776/2 2630/778/2
f 2462/776/2 2631/779/2 2461/780/2
f 2632/781/2 2461/780/2 2631/779/2
f 2633/782/2 2461/780/2 2632/781/2
f 2634/783/2 2461/780/2 2633/782/2
f 2635/784/2 2461/780/2 2634/783/2
f 2461/780/2 2635/784/2 2460/785/2
f 2636/786/2 2460/785/2 2635/784/2
f 2637/787/2 2460/785/2 2636/786/2
f 2460/785/2 2637/787/2 2459/718/2
f 2459/718/2 2637/787/2 2638/717/2
f 2699/671/2 2694/788/2 2695/669/2
f 2700/789/2 2694/788/2 2699/671/2
f 2701/790/2 2694/788/2 2700/789/2
f 2702/791/2 2694/788/2 2701/790/2
f 2694/788/2 2702/791/2 2693/792/2
f 2703/793/2 2693/792/2 2702/791/2
f 2704/794/2 2693/792/2 2703/793/2
f 2705/795/2 2693/792/2 2704/794/2
f 2693/792/2 2705/795/2 2692/796/2
f 2706/797/2 2692/796/2 2705/795/2
f 2707/798/2 2692/796/2 2706/797/2
f 2708/799/2 2692/796/2 2707/798/2
f 2692/796/2 2708/799/2 2691/800/2
f 2709/801/2 2691/800/2 2708/799/2
f 2710/802/2 2691/800/2 2709/801/2
f 2711/803/2 2691/800/2 2710/802/2
f 2691/800/2 2711/803/2 2690/804/2
f 2712/805/2 2690/804/2 2711/803/2
f 2713/806/2 2690/804/2 2712/805/2
f 2714/807/2 2690/804/2 2713/806/2
f 2715/808/2 2690/804/2 2714/807/2
f 2690/804/2 2715/808/2 2689/809/2
f 2716/810/2 2689/809/2 2715/808/2
f 2717/811/2 2689/809/2 2716/810/2
f 2718/812/2 2689/809/2 2717/811/2
f 2719/813/2 2689/809/2 2718/812/2
f 2720/814/2 2689/809/2 2719/813/2
f 2689/809/2 2720/814/2 2688/815/2
f 2721/816/2 2688/815/2 2720/814/2
f 2722/817/2 2688/815/2 2721/816/2
f 2723/818/2 2688/815/2 2722/817/2
f 2724/673/2 2688/815/2 2723/818/2
f 2735/674/2 2688/815/2 2724/673/2
f 2736/819/2 2688/815/2 2735/674/2
f 2688/815/2 2736/819/2 2687/820/2
f 2737/821/2 2687/820/2 2736/819/2
f 2738/822/2 2687/820/2 2737/821/2
f 2739/823/2 2687/820/2 2738/822/2
f 2740/824/2 2687/820/2 2739/823/2
f 2741/825/2 2687/820/2 2740/824/2
f 2687/820/2 2741/825/2 2686/685/2
f 2686/685/2 2741/825/2 2742/684/2
f 2484/826/2 2672/828/2 2673/827/2
f 2672/828/2 2484/826/2 2485/829/2
f 2482/830/2 2673/827/2 2674/831/2
f 2483/832/2 2673/827/2 2482/830/2
f 2673/827/2 2483/832/2 2484/826/2
f 2671/833/2 2486/835/2 2487/834/2
f 2669/836/2 2670/838/2 2489/837/2
f 2488/839/2 2489/837/2 2670/838/2
f 2575/840/2 2576/842/2 2414/841/2
f 2414/841/2 2576/842/2 2413/843/2
f 2577/844/2 2413/843/2 2576/842/2
f 2413/843/2 2577/844/2 2412/845/2
f 2487/834/2 2670/838/2 2671/833/2
f 2670/838/2 2487/834/2 2488/839/2
f 2577/844/2 2578/846/2 2412/845/2
f 2412/845/2 2578/846/2 2411/847/2
f 2579/848/2 2411/847/2 2578/846/2
f 2411/847/2 2579/848/2 2410/849/2
f 2580/850/2 2410/849/2 2579/848/2
f 2409/851/2 2410/849/2 2580/850/2
f 2485/829/2 2671/833/2 2672/828/2
f 2671/833/2 2485/829/2 2486/835/2
f 2416/852/2 2574/854/2 2415/853/2
f 2416/852/2 2417/855/2 2574/854/2
f 2667/856/2 2668/858/2 2491/857/2
f 2490/859/2 2491/857/2 2668/858/2
f 2573/860/2 2420/862/2 2421/861/2
f 2421/861/2 2422/863/2 2573/860/2
f 2417/855/2 2573/860/2 2574/854/2
f 2418/864/2 2573/860/2 2417/855/2
f 2419/865/2 2573/860/2 2418/864/2
f 2573/860/2 2419/865/2 2420/862/2
f 2665/866/2 2666/868/2 2493/867/2
f 2493/867/2 2666/868/2 2492/869/2
f 2667/856/2 2492/869/2 2666/868/2
f 2491/857/2 2492/869/2 2667/856/2
f 2426/870/2 2572/872/2 2425/871/2
f 2426/870/2 2571/873/2 2572/872/2
f 2427/874/2 2571/873/2 2426/870/2
f 2428/875/2 2571/873/2 2427/874/2
f 2429/876/2 2571/873/2 2428/875/2
f 2422/863/2 2572/872/2 2573/860/2
f 2423/877/2 2572/872/2 2422/863/2
f 2424/878/2 2572/872/2 2423/877/2
f 2572/872/2 2424/878/2 2425/871/2
f 2664/879/2 2496/881/2 2663/880/2
f 2496/881/2 2664/879/2 2495/882/2
f 2665/866/2 2495/882/2 2664/879/2
f 2495/882/2 2665/866/2 2494/883/2
f 2493/867/2 2494/883/2 2665/866/2
f 2574/854/2 2575/840/2 2415/853/2
f 2414/841/2 2415/853/2 2575/840/2
f 2668/858/2 2669/836/2 2490/859/2
f 2489/837/2 2490/859/2 2669/836/2
f 2435/884/2 2568/886/2 2569/885/2
f 2436/887/2 2568/886/2 2435/884/2
f 2437/888/2 2568/886/2 2436/887/2
f 2438/889/2 2568/886/2 2437/888/2
f 2568/886/2 2438/889/2 2567/890/2
f 2439/891/2 2567/890/2 2438/889/2
f 2567/890/2 2439/891/2 2566/892/2
f 2566/892/2 2439/891/2 2565/893/2
f 2565/893/2 2439/891/2 2564/894/2
f 2564/894/2 2439/891/2 2563/895/2
f 2563/895/2 2439/891/2 2562/896/2
f 2516/897/2 2654/899/2 2515/898/2
f 2515/898/2 2654/899/2 2514/900/2
f 2655/901/2 2514/900/2 2654/899/2
f 2514/900/2 2655/901/2 2513/902/2
f 2513/902/2 2655/901/2 2512/903/2
f 2512/903/2 2655/901/2 2511/904/2
f 2548/905/2 2549/907/2 2547/906/2
f 2549/907/2 2546/908/2 2547/906/2
f 2549/907/2 2550/909/2 2546/908/2
f 2546/908/2 2550/909/2 2545/910/2
f 2545/910/2 2550/909/2 2544/911/2
f 2544/911/2 2550/909/2 2543/912/2
f 2543/912/2 2550/909/2 2542/913/2
f 2551/914/2 2542/913/2 2550/909/2
f 2542/913/2 2551/914/2 2541/915/2
f 2541/915/2 2551/914/2 2540/916/2
f 2540/916/2 2551/914/2 2539/917/2
f 2552/918/2 2539/917/2 2551/914/2
f 2539/917/2 2552/918/2 2538/919/2
f 2553/920/2 2538/919/2 2552/918/2
f 2554/921/2 2538/919/2 2553/920/2
f 2555/922/2 2538/919/2 2554/921/2
f 2556/923/2 2538/919/2 2555/922/2
f 2439/891/2 2561/924/2 2562/896/2
f 2561/924/2 2439/891/2 2560/925/2
f 2560/925/2 2439/891/2 2559/926/2
f 2559/926/2 2439/891/2 2558/927/2
f 2558/927/2 2439/891/2 2557/928/2
f 2557/928/2 2439/891/2 2556/923/2
f 2556/923/2 2439/891/2 2538/919/2
f 2440/929/2 2538/919/2 2439/891/2
f 2538/919/2 2440/929/2 2537/930/2
f 2647/931/2 2537/930/2 2440/929/2
f 2648/932/2 2537/930/2 2647/931/2
f 2537/930/2 2648/932/2 2536/933/2
f 2649/934/2 2536/933/2 2648/932/2
f 2536/933/2 2649/934/2 2535/935/2
f 2535/935/2 2649/934/2 2534/936/2
f 2534/936/2 2649/934/2 2533/937/2
f 2650/938/2 2533/937/2 2649/934/2
f 2533/937/2 2650/938/2 2532/939/2
f 2532/939/2 2650/938/2 2531/940/2
f 2531/940/2 2650/938/2 2530/941/2
f 2651/942/2 2530/941/2 2650/938/2
f 2530/941/2 2651/942/2 2529/943/2
f 2529/943/2 2651/942/2 2528/944/2
f 2528/944/2 2651/942/2 2527/945/2
f 2527/945/2 2651/942/2 2526/946/2
f 2652/947/2 2526/946/2 2651/942/2
f 2526/946/2 2652/947/2 2525/948/2
f 2525/948/2 2652/947/2 2524/949/2
f 2524/949/2 2652/947/2 2523/950/2
f 2523/950/2 2652/947/2 2522/951/2
f 2653/952/2 2522/951/2 2652/947/2
f 2522/951/2 2653/952/2 2521/953/2
f 2521/953/2 2653/952/2 2520/954/2
f 2520/954/2 2653/952/2 2519/955/2
f 2519/955/2 2653/952/2 2518/956/2
f 2654/899/2 2518/956/2 2653/952/2
f 2518/956/2 2654/899/2 2517/957/2
f 2516/897/2 2517/957/2 2654/899/2
f 2429/876/2 2570/958/2 2571/873/2
f 2430/959/2 2570/958/2 2429/876/2
f 2431/960/2 2570/958/2 2430/959/2
f 2432/961/2 2570/958/2 2431/960/2
f 2570/958/2 2432/961/2 2569/885/2
f 2433/962/2 2569/885/2 2432/961/2
f 2434/963/2 2569/885/2 2433/962/2
f 2569/885/2 2434/963/2 2435/884/2
f 2440/929/2 2441/964/2 2647/931/2
f 2655/901/2 2656/965/2 2511/904/2
f 2511/904/2 2656/965/2 2510/966/2
f 2510/966/2 2656/965/2 2509/967/2
f 2509/967/2 2656/965/2 2508/968/2
f 2657/969/2 2508/968/2 2656/965/2
f 2508/968/2 2657/969/2 2507/970/2
f 2507/970/2 2657/969/2 2506/971/2
f 2658/972/2 2506/971/2 2657/969/2
f 2506/971/2 2658/972/2 2505/973/2
f 2505/973/2 2658/972/2 2504/974/2
f 2504/974/2 2658/972/2 2503/975/2
f 2659/976/2 2503/975/2 2658/972/2
f 2503/975/2 2659/976/2 2502/977/2
f 2660/978/2 2502/977/2 2659/976/2
f 2502/977/2 2660/978/2 2501/979/2
f 2501/979/2 2660/978/2 2500/980/2
f 2661/981/2 2500/980/2 2660/978/2
f 2500/980/2 2661/981/2 2499/982/2
f 2662/983/2 2499/982/2 2661/981/2
f 2499/982/2 2662/983/2 2498/984/2
f 2498/984/2 2662/983/2 2497/985/2
f 2663/880/2 2497/985/2 2662/983/2
f 2496/881/2 2497/985/2 2663/880/2
f 2580/850/2 2581/986/2 2409/851/2
f 2409/851/2 2581/986/2 2408/987/2
f 2582/988/2 2408/987/2 2581/986/2
f 2408/987/2 2582/988/2 2407/989/2
f 2583/990/2 2407/989/2 2582/988/2
f 2584/991/2 2407/989/2 2583/990/2
f 2407/989/2 2584/991/2 2406/992/2
f 2585/993/2 2406/992/2 2584/991/2
f 2406/992/2 2585/993/2 2405/994/2
f 2586/995/2 2405/994/2 2585/993/2
f 2587/996/2 2405/994/2 2586/995/2
f 2405/994/2 2587/996/2 2404/997/2
f 2588/704/2 2404/997/2 2587/996/2
f 2403/199/2 2404/997/2 2588/704/2
f 2644/728/2 2453/998/2 2454/727/2
f 2453/998/2 2644/728/2 2452/999/2
f 2645/1000/2 2452/999/2 2644/728/2
f 2452/999/2 2645/1000/2 2451/1001/2
f 2451/1001/2 2645/1000/2 2450/1002/2
f 2646/1003/2 2450/1002/2 2645/1000/2
f 2450/1002/2 2646/1003/2 2449/1004/2
f 2449/1004/2 2646/1003/2 2448/1005/2
f 2448/1005/2 2646/1003/2 2447/1006/2
f 2447/1006/2 2646/1003/2 2446/1007/2
f 2446/1007/2 2646/1003/2 2445/1008/2
f 2445/1008/2 2646/1003/2 2444/1009/2
f 2444/1009/2 2646/1003/2 2443/1010/2
f 2443/1010/2 2646/1003/2 2442/1011/2
f 2442/1011/2 2646/1003/2 2441/964/2
f 2441/964/2 2646/1003/2 2647/931/2
f 2481/699/2 2674/831/2 2675/697/2
f 2674/831/2 2481/699/2 2482/830/2
f 2959/1012/2 2962/1014/2 2958/1013/2
f 2960/1015/2 2962/1014/2 2959/1012/2
f 2961/1016/2 2962/1014/2 2960/1015/2
f 2952/1017/2 2966/1019/2 2951/1018/2
f 2966/1019/2 2952/1017/2 2965/1020/2
f 2953/1021/2 2965/1020/2 2952/1017/2
f 2965/1020/2 2953/1021/2 2964/1022/2
f 2954/1023/2 2964/1022/2 2953/1021/2
f 2955/1024/2 2964/1022/2 2954/1023/2
f 2964/1022/2 2955/1024/2 2963/1025/2
f 2956/1026/2 2963/1025/2 2955/1024/2
f 2957/1027/2 2963/1025/2 2956/1026/2
f 2963/1025/2 2957/1027/2 2962/1014/2
f 2962/1014/2 2957/1027/2 2958/1013/2
f 2974/1028/2 2975/1030/2 2973/1029/2
f 2927/1031/2 2928/1033/2 2926/1032/2
f 2929/1034/2 2926/1032/2 2928/1033/2
f 2926/1032/2 2929/1034/2 2925/1035/2
f 2930/1036/2 2925/1035/2 2929/1034/2
f 2931/1037/2 2925/1035/2 2930/1036/2
f 2925/1035/2 2931/1037/2 2924/1038/2
f 2932/1039/2 2924/1038/2 2931/1037/2
f 2933/1040/2 2924/1038/2 2932/1039/2
f 2924/1038/2 2933/1040/2 2923/1041/2
f 2934/1042/2 2923/1041/2 2933/1040/2
f 2923/1041/2 2934/1042/2 2922/1043/2
f 2935/1044/2 2922/1043/2 2934/1042/2
f 2922/1043/2 2935/1044/2 2921/1045/2
f 2921/1045/2 2935/1044/2 2920/1046/2
f 2936/1047/2 2920/1046/2 2935/1044/2
f 2920/1046/2 2936/1047/2 2919/1048/2
f 2937/1049/2 2919/1048/2 2936/1047/2
f 2919/1048/2 2937/1049/2 2918/1050/2
f 2938/1051/2 2918/1050/2 2937/1049/2
f 2918/1050/2 2938/1051/2 2917/1052/2
f 2939/1053/2 2917/1052/2 2938/1051/2
f 2917/1052/2 2939/1053/2 2916/1054/2
f 2940/1055/2 2916/1054/2 2939/1053/2
f 2916/1054/2 2940/1055/2 2915/1056/2
f 2941/1057/2 2915/1056/2 2940/1055/2
f 2915/1056/2 2941/1057/2 2914/1058/2
f 2942/1059/2 2914/1058/2 2941/1057/2
f 2914/1058/2 2942/1059/2 2913/848/2
f 2943/1060/2 2913/848/2 2942/1059/2
f 2913/848/2 2943/1060/2 2912/1061/2
f 2944/1062/2 2912/1061/2 2943/1060/2
f 2912/1061/2 2944/1062/2 2911/1063/2
f 2945/1064/2 2911/1063/2 2944/1062/2
f 2911/1063/2 2945/1064/2 2910/1065/2
f 2946/1066/2 2910/1065/2 2945/1064/2
f 2910/1065/2 2946/1066/2 2909/1067/2
f 2947/1068/2 2909/1067/2 2946/1066/2
f 2909/1067/2 2947/1068/2 2908/1069/2
f 2948/1070/2 2908/1069/2 2947/1068/2
f 2908/1069/2 2948/1070/2 2907/1071/2
f 2949/1072/2 2907/1071/2 2948/1070/2
f 2907/1071/2 2949/1072/2 2906/1073/2
f 2906/1073/2 2949/1072/2 2905/1074/2
f 2905/1074/2 2949/1072/2 2904/1075/2
f 2969/1076/2 2950/1078/2 2968/1077/2
f 2951/1018/2 2968/1077/2 2950/1078/2
f 2968/1077/2 2951/1018/2 2967/1079/2
f 2966/1019/2 2967/1079/2 2951/1018/2
f 2983/1080/2 3058/1082/2 2982/1081/2
f 2984/1083/2 3058/1082/2 2983/1080/2
f 2985/1084/2 3058/1082/2 2984/1083/2
f 2756/199/2 3058/1082/2 2985/1084/2
f 3062/1085/2 2876/1087/2 3061/1086/2
f 3060/1088/2 3061/1086/2 2876/1087/2
f 3066/1089/2 2876/1087/2 3065/1090/2
f 3065/1090/2 2876/1087/2 3064/1091/2
f 3064/1091/2 2876/1087/2 3063/1092/2
f 3062/1085/2 3063/1092/2 2876/1087/2
f 2989/1093/2 2876/1087/2 2988/1094/2
f 2988/1094/2 2876/1087/2 2987/1095/2
f 2987/1095/2 2876/1087/2 2986/1096/2
f 2986/1096/2 2876/1087/2 3070/228/2
f 3070/228/2 2876/1087/2 3069/1097/2
f 3069/1097/2 2876/1087/2 3068/1098/2
f 3068/1098/2 2876/1087/2 3067/1099/2
f 3066/1089/2 3067/1099/2 2876/1087/2
f 3045/1100/2 2763/1102/2 3044/1101/2
f 3044/1101/2 2763/1102/2 3043/1103/2
f 3043/1103/2 2763/1102/2 2764/1104/2
f 2877/1105/2 2878/1106/2 2876/1087/2
f 2879/1107/2 2876/1087/2 2878/1106/2
f 2880/1108/2 2876/1087/2 2879/1107/2
f 2881/1109/2 2876/1087/2 2880/1108/2
f 2882/1110/2 2876/1087/2 2881/1109/2
f 2883/1111/2 2876/1087/2 2882/1110/2
f 2884/1112/2 2876/1087/2 2883/1111/2
f 2885/1113/2 2876/1087/2 2884/1112/2
f 2886/1114/2 2876/1087/2 2885/1113/2
f 2887/1115/2 2876/1087/2 2886/1114/2
f 2888/1116/2 2876/1087/2 2887/1115/2
f 2889/1117/2 2876/1087/2 2888/1116/2
f 2890/1118/2 2876/1087/2 2889/1117/2
f 2891/1119/2 2876/1087/2 2890/1118/2
f 2892/1120/2 2876/1087/2 2891/1119/2
f 2893/1121/2 2876/1087/2 2892/1120/2
f 2894/1122/2 2876/1087/2 2893/1121/2
f 2895/1123/2 2876/1087/2 2894/1122/2
f 2896/1124/2 2876/1087/2 2895/1123/2
f 2897/1125/2 2876/1087/2 2896/1124/2
f 2898/1126/2 2876/1087/2 2897/1125/2
f 2876/1087/2 3059/1127/2 3060/1088/2
f 2756/199/2 3057/1128/2 3058/1082/2
f 3057/1128/2 2756/199/2 3056/1129/2
f 2757/1130/2 3056/1129/2 2756/199/2
f 3056/1129/2 2757/1130/2 3055/1131/2
f 3055/1131/2 2757/1130/2 3054/1132/2
f 2758/1133/2 3054/1132/2 2757/1130/2
f 3054/1132/2 2758/1133/2 3053/1134/2
f 3053/1134/2 2758/1133/2 3052/1135/2
f 2759/1136/2 3052/1135/2 2758/1133/2
f 3052/1135/2 2759/1136/2 3051/1137/2
f 3051/1137/2 2759/1136/2 3050/1138/2
f 2760/1139/2 3050/1138/2 2759/1136/2
f 3050/1138/2 2760/1139/2 3049/1140/2
f 2761/1141/2 3049/1140/2 2760/1139/2
f 3049/1140/2 2761/1141/2 3048/1142/2
f 3048/1142/2 2761/1141/2 3047/1143/2
f 2762/1144/2 3047/1143/2 2761/1141/2
f 3047/1143/2 2762/1144/2 3046/1145/2
f 3046/1145/2 2762/1144/2 3045/1100/2
f 3045/1100/2 2762/1144/2 2763/1102/2
f 2949/1072/2 2903/1146/2 2904/1075/2
f 2903/1146/2 2949/1072/2 2902/1147/2
f 2902/1147/2 2949/1072/2 2901/1148/2
f 2901/1148/2 2949/1072/2 2900/1149/2
f 2900/1149/2 2949/1072/2 2899/1150/2
f 2899/1150/2 2949/1072/2 2898/1126/2
f 2898/1126/2 2949/1072/2 2876/1087/2
f 2876/1087/2 2949/1072/2 3059/1127/2
f 2950/1078/2 3059/1127/2 2949/1072/2
f 3059/1127/2 2950/1078/2 3058/1082/2
f 2969/1076/2 3058/1082/2 2950/1078/2
f 2970/1151/2 3058/1082/2 2969/1076/2
f 2971/1152/2 3058/1082/2 2970/1151/2
f 2972/1153/2 3058/1082/2 2971/1152/2
f 2973/1029/2 3058/1082/2 2972/1153/2
f 2975/1030/2 3058/1082/2 2973/1029/2
f 2976/1154/2 3058/1082/2 2975/1030/2
f 2977/1155/2 3058/1082/2 2976/1154/2
f 2978/1156/2 3058/1082/2 2977/1155/2
f 2979/1157/2 3058/1082/2 2978/1156/2
f 2980/1158/2 3058/1082/2 2979/1157/2
f 2981/1159/2 3058/1082/2 2980/1158/2
f 3058/1082/2 2981/1159/2 2982/1081/2
f 2767/1160/2 3037/1162/2 3038/1161/2
f 2869/1163/2 2870/1165/2 2997/1164/2
f 2997/1164/2 2870/1165/2 2996/1166/2
f 2766/1167/2 3039/1169/2 3040/1168/2
f 3039/1169/2 2766/1167/2 3038/1161/2
f 3038/1161/2 2766/1167/2 2767/1160/2
f 2768/1170/2 3035/1172/2 3036/1171/2
f 2769/1173/2 3033/1175/2 3034/1174/2
f 2866/1176/2 2867/1178/2 2999/1177/2
f 2998/1179/2 2999/1177/2 2867/1178/2
f 2768/1170/2 3034/1174/2 3035/1172/2
f 3034/1174/2 2768/1170/2 2769/1173/2
f 3032/1180/2 2772/1182/2 3031/1181/2
f 2772/1182/2 3032/1180/2 2771/1183/2
f 2999/1177/2 2865/1184/2 2866/1176/2
f 2865/1184/2 2999/1177/2 2864/1185/2
f 2864/1185/2 2999/1177/2 2863/1186/2
f 2863/1186/2 2999/1177/2 3000/1187/2
f 3032/1180/2 3033/1175/2 2771/1183/2
f 2771/1183/2 3033/1175/2 2770/1188/2
f 2769/1173/2 2770/1188/2 3033/1175/2
f 2867/1178/2 2868/1189/2 2998/1179/2
f 2869/1163/2 2998/1179/2 2868/1189/2
f 2997/1164/2 2998/1179/2 2869/1163/2
f 2767/1160/2 3036/1171/2 3037/1162/2
f 3036/1171/2 2767/1160/2 2768/1170/2
f 2776/1190/2 3029/1192/2 2775/1191/2
f 3001/1193/2 2858/1195/2 2859/1194/2
f 2858/1195/2 3001/1193/2 2857/1196/2
f 2857/1196/2 3001/1193/2 2856/1197/2
f 3002/1198/2 2856/1197/2 3001/1193/2
f 2779/1199/2 3027/1201/2 2778/1200/2
f 3028/1202/2 2778/1200/2 3027/1201/2
f 2778/1200/2 3028/1202/2 2777/1203/2
f 3029/1192/2 2777/1203/2 3028/1202/2
f 2776/1190/2 2777/1203/2 3029/1192/2
f 3000/1187/2 2862/1204/2 2863/1186/2
f 2862/1204/2 3000/1187/2 2861/1205/2
f 2861/1205/2 3000/1187/2 2860/1206/2
f 2860/1206/2 3000/1187/2 2859/1194/2
f 2859/1194/2 3000/1187/2 3001/1193/2
f 3029/1192/2 3030/1207/2 2775/1191/2
f 2775/1191/2 3030/1207/2 2774/1208/2
f 3031/1181/2 2774/1208/2 3030/1207/2
f 2774/1208/2 3031/1181/2 2773/1209/2
f 2772/1182/2 2773/1209/2 3031/1181/2
f 2818/1210/2 3010/1212/2 2817/1211/2
f 2817/1211/2 3010/1212/2 2816/1213/2
f 2816/1213/2 3010/1212/2 2815/1214/2
f 3011/1215/2 2815/1214/2 3010/1212/2
f 2815/1214/2 3011/1215/2 2814/1216/2
f 3012/1217/2 2814/1216/2 3011/1215/2
f 2814/1216/2 3012/1217/2 2813/1218/2
f 2813/1218/2 3012/1217/2 2812/1219/2
f 3002/1198/2 2855/1220/2 2856/1197/2
f 2855/1220/2 3002/1198/2 2854/1221/2
f 2854/1221/2 3002/1198/2 2853/1222/2
f 2853/1222/2 3002/1198/2 2852/1223/2
f 2852/1223/2 3002/1198/2 2851/1224/2
f 3003/1225/2 2851/1224/2 3002/1198/2
f 2851/1224/2 3003/1225/2 2850/1226/2
f 2850/1226/2 3003/1225/2 2849/1227/2
f 2849/1227/2 3003/1225/2 2848/1228/2
f 2848/1228/2 3003/1225/2 2847/1229/2
f 2847/1229/2 3003/1225/2 2846/1230/2
f 3004/1231/2 2846/1230/2 3003/1225/2
f 2846/1230/2 3004/1231/2 2845/1232/2
f 2845/1232/2 3004/1231/2 2844/1233/2
f 2844/1233/2 3004/1231/2 2843/1234/2
f 2843/1234/2 3004/1231/2 2842/1235/2
f 2842/1235/2 3004/1231/2 2841/1236/2
f 2841/1236/2 3004/1231/2 2840/1237/2
f 3005/1238/2 2840/1237/2 3004/1231/2
f 2840/1237/2 3005/1238/2 2839/1239/2
f 2839/1239/2 3005/1238/2 2838/1240/2
f 2838/1240/2 3005/1238/2 2837/1241/2
f 2837/1241/2 3005/1238/2 2836/1242/2
f 2836/1242/2 3005/1238/2 2835/1243/2
f 3006/1244/2 2835/1243/2 3005/1238/2
f 2835/1243/2 3006/1244/2 2834/1245/2
f 2834/1245/2 3006/1244/2 2833/1246/2
f 2833/1246/2 3006/1244/2 2832/1247/2
f 2832/1247/2 3006/1244/2 2831/1248/2
f 2831/1248/2 3006/1244/2 2830/1249/2
f 2830/1249/2 3006/1244/2 2829/1250/2
f 3007/1251/2 2829/1250/2 3006/1244/2
f 2829/1250/2 3007/1251/2 2828/1252/2
f 2828/1252/2 3007/1251/2 2827/1253/2
f 2827/1253/2 3007/1251/2 2826/1254/2
f 2826/1254/2 3007/1251/2 2825/1255/2
f 3008/1256/2 2825/1255/2 3007/1251/2
f 2825/1255/2 3008/1256/2 2824/1257/2
f 2824/1257/2 3008/1256/2 2823/1258/2
f 2823/1258/2 3008/1256/2 2822/1259/2
f 2822/1259/2 3008/1256/2 2821/1260/2
f 3009/1261/2 2821/1260/2 3008/1256/2
f 2821/1260/2 3009/1261/2 2820/1262/2
f 2820/1262/2 3009/1261/2 2819/1263/2
f 2819/1263/2 3009/1261/2 2818/1210/2
f 2818/1210/2 3009/1261/2 3010/1212/2
f 3012/1217/2 3013/1264/2 2812/1219/2
f 2812/1219/2 3013/1264/2 2811/1265/2
f 2811/1265/2 3013/1264/2 2810/1266/2
f 3014/1267/2 2810/1266/2 3013/1264/2
f 2810/1266/2 3014/1267/2 2809/1268/2
f 2809/1268/2 3014/1267/2 2808/1269/2
f 3015/1270/2 2808/1269/2 3014/1267/2
f 2808/1269/2 3015/1270/2 2807/1271/2
f 2807/1271/2 3015/1270/2 2806/1272/2
f 3016/1273/2 2806/1272/2 3015/1270/2
f 2806/1272/2 3016/1273/2 2805/1274/2
f 2805/1274/2 3016/1273/2 2804/1275/2
f 3017/1276/2 2804/1275/2 3016/1273/2
f 2804/1275/2 3017/1276/2 2803/1277/2
f 2803/1277/2 3017/1276/2 2802/1278/2
f 2802/1278/2 3017/1276/2 2801/1279/2
f 3018/1280/2 2801/1279/2 3017/1276/2
f 2801/1279/2 3018/1280/2 2800/1281/2
f 2800/1281/2 3018/1280/2 2799/1282/2
f 3019/1283/2 2799/1282/2 3018/1280/2
f 2799/1282/2 3019/1283/2 2798/1284/2
f 2798/1284/2 3019/1283/2 2797/1285/2
f 2797/1285/2 3019/1283/2 2796/1286/2
f 3020/1287/2 2796/1286/2 3019/1283/2
f 2796/1286/2 3020/1287/2 2795/1288/2
f 2795/1288/2 3020/1287/2 2794/1289/2
f 3021/1290/2 2794/1289/2 3020/1287/2
f 2794/1289/2 3021/1290/2 2793/1291/2
f 2793/1291/2 3021/1290/2 2792/1292/2
f 2792/1292/2 3021/1290/2 2791/1293/2
f 3022/1294/2 2791/1293/2 3021/1290/2
f 2791/1293/2 3022/1294/2 2790/1295/2
f 2790/1295/2 3022/1294/2 2789/1296/2
f 3023/1297/2 2789/1296/2 3022/1294/2
f 2789/1296/2 3023/1297/2 2788/1298/2
f 2788/1298/2 3023/1297/2 2787/1299/2
f 2787/1299/2 3023/1297/2 2786/1300/2
f 3024/1301/2 2786/1300/2 3023/1297/2
f 2786/1300/2 3024/1301/2 2785/1302/2
f 2785/1302/2 3024/1301/2 2784/1303/2
f 3025/1304/2 2784/1303/2 3024/1301/2
f 2784/1303/2 3025/1304/2 2783/1305/2
f 2783/1305/2 3025/1304/2 2782/1306/2
f 3026/1307/2 2782/1306/2 3025/1304/2
f 2782/1306/2 3026/1307/2 2781/1308/2
f 2781/1308/2 3026/1307/2 2780/1309/2
f 3027/1201/2 2780/1309/2 3026/1307/2
f 2779/1199/2 2780/1309/2 3027/1201/2
f 2870/1165/2 2871/1310/2 2996/1166/2
f 2996/1166/2 2871/1310/2 2995/1311/2
f 2872/1312/2 2995/1311/2 2871/1310/2
f 2995/1311/2 2872/1312/2 2994/1313/2
f 2873/1314/2 2994/1313/2 2872/1312/2
f 2994/1313/2 2873/1314/2 2993/1315/2
f 2993/1315/2 2873/1314/2 2992/1316/2
f 2874/1317/2 2992/1316/2 2873/1314/2
f 2992/1316/2 2874/1317/2 2991/1318/2
f 2875/1319/2 2991/1318/2 2874/1317/2
f 2991/1318/2 2875/1319/2 2990/1320/2
f 2876/1087/2 2990/1320/2 2875/1319/2
f 2989/1093/2 2990/1320/2 2876/1087/2
f 2764/1104/2 3042/1321/2 3043/1103/2
f 2765/1322/2 3042/1321/2 2764/1104/2
f 3042/1321/2 2765/1322/2 3041/1323/2
f 3041/1323/2 2765/1322/2 3040/1168/2
f 3040/1168/2 2765/1322/2 2766/1167/2
f 3409/1324/2 3410/1326/2 3408/1325/2
f 3400/1327/2 3414/1329/2 3399/1328/2
f 3414/1329/2 3400/1327/2 3413/1330/2
f 3401/1331/2 3413/1330/2 3400/1327/2
f 3402/1332/2 3413/1330/2 3401/1331/2
f 3413/1330/2 3402/1332/2 3412/1333/2
f 3403/1334/2 3412/1333/2 3402/1332/2
f 3404/1335/2 3412/1333/2 3403/1334/2
f 3412/1333/2 3404/1335/2 3411/1336/2
f 3405/1337/2 3411/1336/2 3404/1335/2
f 3406/1338/2 3411/1336/2 3405/1337/2
f 3407/1339/2 3411/1336/2 3406/1338/2
f 3411/1336/2 3407/1339/2 3410/1326/2
f 3410/1326/2 3407/1339/2 3408/1325/2
f 3398/1340/2 3414/1329/2 3397/1341/2
f 3414/1329/2 3398/1340/2 3399/1328/2
f 3345/1342/2 3346/1344/2 3428/1343/2
f 3347/1345/2 3428/1343/2 3346/1344/2
f 3428/1343/2 3347/1345/2 3427/1346/2
f 3348/1347/2 3427/1346/2 3347/1345/2
f 3349/1348/2 3427/1346/2 3348/1347/2
f 3427/1346/2 3349/1348/2 3426/1349/2
f 3349/1348/2 3350/1350/2 3426/1349/2
f 3426/1349/2 3350/1350/2 3425/1351/2
f 3351/1352/2 3425/1351/2 3350/1350/2
f 3352/1353/2 3425/1351/2 3351/1352/2
f 3425/1351/2 3352/1353/2 3424/1354/2
f 3353/1355/2 3424/1354/2 3352/1353/2
f 3354/1356/2 3424/1354/2 3353/1355/2
f 3424/1354/2 3354/1356/2 3423/1357/2
f 3355/1358/2 3423/1357/2 3354/1356/2
f 3356/1359/2 3423/1357/2 3355/1358/2
f 3339/1360/2 3340/1362/2 3432/1361/2
f 3431/1363/2 3432/1361/2 3340/1362/2
f 3337/1364/2 3338/1366/2 3433/1365/2
f 3338/1366/2 3339/1360/2 3433/1365/2
f 3432/1361/2 3433/1365/2 3339/1360/2
f 3340/1362/2 3341/1367/2 3431/1363/2
f 3341/1367/2 3342/1368/2 3431/1363/2
f 3431/1363/2 3342/1368/2 3430/1369/2
f 3343/1370/2 3430/1369/2 3342/1368/2
f 3430/1369/2 3343/1370/2 3429/1371/2
f 3344/1372/2 3429/1371/2 3343/1370/2
f 3345/1342/2 3429/1371/2 3344/1372/2
f 3428/1343/2 3429/1371/2 3345/1342/2
f 3284/1373/2 3077/1375/2 3283/1374/2
f 3078/1376/2 3283/1374/2 3077/1375/2
f 3283/1374/2 3078/1376/2 3282/1377/2
f 3079/1378/2 3282/1377/2 3078/1376/2
f 3282/1377/2 3079/1378/2 3281/1379/2
f 3080/1380/2 3281/1379/2 3079/1378/2
f 3281/1379/2 3080/1380/2 3280/1381/2
f 3081/1382/2 3280/1381/2 3080/1380/2
f 3280/1381/2 3081/1382/2 3279/1383/2
f 3082/1384/2 3279/1383/2 3081/1382/2
f 3279/1383/2 3082/1384/2 3278/1385/2
f 3083/1386/2 3278/1385/2 3082/1384/2
f 3278/1385/2 3083/1386/2 3277/1387/2
f 3084/1388/2 3277/1387/2 3083/1386/2
f 3277/1387/2 3084/1388/2 3276/1389/2
f 3085/1390/2 3276/1389/2 3084/1388/2
f 3276/1389/2 3085/1390/2 3275/1391/2
f 3086/1392/2 3275/1391/2 3085/1390/2
f 3087/1393/2 3275/1391/2 3086/1392/2
f 3275/1391/2 3087/1393/2 3274/1394/2
f 3088/1395/2 3274/1394/2 3087/1393/2
f 3089/1396/2 3274/1394/2 3088/1395/2
f 3274/1394/2 3089/1396/2 3273/1397/2
f 3135/1398/2 3256/1400/2 3134/1399/2
f 3256/1400/2 3135/1398/2 3255/1401/2
f 3136/1402/2 3255/1401/2 3135/1398/2
f 3255/1401/2 3136/1402/2 3254/1403/2
f 3137/1404/2 3254/1403/2 3136/1402/2
f 3254/1403/2 3137/1404/2 3253/1405/2
f 3253/1405/2 3137/1404/2 3252/1406/2
f 3138/1407/2 3252/1406/2 3137/1404/2
f 3252/1406/2 3138/1407/2 3251/1408/2
f 3139/1409/2 3251/1408/2 3138/1407/2
f 3251/1408/2 3139/1409/2 3250/1410/2
f 3140/1411/2 3250/1410/2 3139/1409/2
f 3250/1410/2 3140/1411/2 3249/1412/2
f 3249/1412/2 3140/1411/2 3248/1413/2
f 3248/1413/2 3140/1411/2 3141/1414/2
f 3356/1359/2 3357/1415/2 3423/1357/2
f 3423/1357/2 3357/1415/2 3422/1416/2
f 3358/1417/2 3422/1416/2 3357/1415/2
f 3359/1418/2 3422/1416/2 3358/1417/2
f 3422/1416/2 3359/1418/2 3421/1419/2
f 3360/1420/2 3421/1419/2 3359/1418/2
f 3361/1421/2 3421/1419/2 3360/1420/2
f 3421/1419/2 3361/1421/2 3420/1422/2
f 3362/1423/2 3420/1422/2 3361/1421/2
f 3363/1424/2 3420/1422/2 3362/1423/2
f 3364/1425/2 3420/1422/2 3363/1424/2
f 3420/1422/2 3364/1425/2 3419/1426/2
f 3365/1427/2 3419/1426/2 3364/1425/2
f 3366/1428/2 3419/1426/2 3365/1427/2
f 3367/1429/2 3419/1426/2 3366/1428/2
f 3368/1430/2 3419/1426/2 3367/1429/2
f 3419/1426/2 3368/1430/2 3418/1431/2
f 3369/1432/2 3418/1431/2 3368/1430/2
f 3370/1433/2 3418/1431/2 3369/1432/2
f 3371/1434/2 3418/1431/2 3370/1433/2
f 3372/1435/2 3418/1431/2 3371/1434/2
f 3373/1436/2 3418/1431/2 3372/1435/2
f 3418/1431/2 3373/1436/2 3417/1437/2
f 3374/1438/2 3417/1437/2 3373/1436/2
f 3375/1439/2 3417/1437/2 3374/1438/2
f 3376/1440/2 3417/1437/2 3375/1439/2
f 3377/1441/2 3417/1437/2 3376/1440/2
f 3378/1442/2 3417/1437/2 3377/1441/2
f 3379/1443/2 3417/1437/2 3378/1442/2
f 3380/1444/2 3417/1437/2 3379/1443/2
f 3381/1445/2 3417/1437/2 3380/1444/2
f 3382/1446/2 3417/1437/2 3381/1445/2
f 3383/1447/2 3417/1437/2 3382/1446/2
f 3384/1448/2 3417/1437/2 3383/1447/2
f 3417/1437/2 3384/1448/2 3416/1449/2
f 3385/1450/2 3416/1449/2 3384/1448/2
f 3386/1451/2 3416/1449/2 3385/1450/2
f 3387/1452/2 3416/1449/2 3386/1451/2
f 3388/1453/2 3416/1449/2 3387/1452/2
f 3389/1454/2 3416/1449/2 3388/1453/2
f 3390/1455/2 3416/1449/2 3389/1454/2
f 3416/1449/2 3390/1455/2 3415/1456/2
f 3391/1457/2 3415/1456/2 3390/1455/2
f 3392/1458/2 3415/1456/2 3391/1457/2
f 3393/1459/2 3415/1456/2 3392/1458/2
f 3394/1460/2 3415/1456/2 3393/1459/2
f 3395/1461/2 3415/1456/2 3394/1460/2
f 3396/1462/2 3415/1456/2 3395/1461/2
f 3397/1341/2 3415/1456/2 3396/1462/2
f 3414/1329/2 3415/1456/2 3397/1341/2
f 3089/1396/2 3090/1463/2 3273/1397/2
f 3091/1464/2 3273/1397/2 3090/1463/2
f 3273/1397/2 3091/1464/2 3272/1465/2
f 3092/1466/2 3272/1465/2 3091/1464/2
f 3093/1467/2 3272/1465/2 3092/1466/2
f 3094/1468/2 3272/1465/2 3093/1467/2
f 3272/1465/2 3094/1468/2 3271/1469/2
f 3095/1470/2 3271/1469/2 3094/1468/2
f 3096/1471/2 3271/1469/2 3095/1470/2
f 3097/1472/2 3271/1469/2 3096/1471/2
f 3271/1469/2 3097/1472/2 3270/1473/2
f 3098/1474/2 3270/1473/2 3097/1472/2
f 3099/1475/2 3270/1473/2 3098/1474/2
f 3100/1476/2 3270/1473/2 3099/1475/2
f 3101/1477/2 3270/1473/2 3100/1476/2
f 3270/1473/2 3101/1477/2 3269/1478/2
f 3102/1479/2 3269/1478/2 3101/1477/2
f 3103/1480/2 3269/1478/2 3102/1479/2
f 3104/1481/2 3269/1478/2 3103/1480/2
f 3105/1482/2 3269/1478/2 3104/1481/2
f 3269/1478/2 3105/1482/2 3268/1483/2
f 3106/1484/2 3268/1483/2 3105/1482/2
f 3107/1485/2 3268/1483/2 3106/1484/2
f 3108/1486/2 3268/1483/2 3107/1485/2
f 3109/1487/2 3268/1483/2 3108/1486/2
f 3110/1488/2 3268/1483/2 3109/1487/2
f 3268/1483/2 3110/1488/2 3267/1489/2
f 3111/1490/2 3267/1489/2 3110/1488/2
f 3112/1491/2 3267/1489/2 3111/1490/2
f 3113/1492/2 3267/1489/2 3112/1491/2
f 3114/1493/2 3267/1489/2 3113/1492/2
f 3267/1489/2 3114/1493/2 3266/1494/2
f 3115/1495/2 3266/1494/2 3114/1493/2
f 3116/1496/2 3266/1494/2 3115/1495/2
f 3117/1497/2 3266/1494/2 3116/1496/2
f 3266/1494/2 3117/1497/2 3265/1498/2
f 3118/1499/2 3265/1498/2 3117/1497/2
f 3119/1500/2 3265/1498/2 3118/1499/2
f 3265/1498/2 3119/1500/2 3264/1501/2
f 3120/1502/2 3264/1501/2 3119/1500/2
f 3121/1503/2 3264/1501/2 3120/1502/2
f 3264/1501/2 3121/1503/2 3263/1504/2
f 3122/1505/2 3263/1504/2 3121/1503/2
f 3263/1504/2 3122/1505/2 3262/1506/2
f 3123/1507/2 3262/1506/2 3122/1505/2
f 3124/1508/2 3262/1506/2 3123/1507/2
f 3262/1506/2 3124/1508/2 3261/1509/2
f 3125/1510/2 3261/1509/2 3124/1508/2
f 3126/1511/2 3261/1509/2 3125/1510/2
f 3127/1512/2 3261/1509/2 3126/1511/2
f 3261/1509/2 3127/1512/2 3260/1513/2
f 3128/1514/2 3260/1513/2 3127/1512/2
f 3129/1515/2 3260/1513/2 3128/1514/2
f 3260/1513/2 3129/1515/2 3259/1516/2
f 3130/1517/2 3259/1516/2 3129/1515/2
f 3131/1518/2 3259/1516/2 3130/1517/2
f 3259/1516/2 3131/1518/2 3258/1519/2
f 3132/1520/2 3258/1519/2 3131/1518/2
f 3258/1519/2 3132/1520/2 3257/1521/2
f 3133/1522/2 3257/1521/2 3132/1520/2
f 3257/1521/2 3133/1522/2 3256/1400/2
f 3256/1400/2 3133/1522/2 3134/1399/2
f 3336/1523/2 3435/1525/2 3436/1524/2
f 3242/1526/2 3144/1528/2 3145/1527/2
f 3242/1526/2 3243/1529/2 3144/1528/2
f 3143/1530/2 3244/1532/2 3245/1531/2
f 3244/1532/2 3143/1530/2 3243/1529/2
f 3243/1529/2 3143/1530/2 3144/1528/2
f 3146/1533/2 3240/1535/2 3241/1534/2
f 3240/1535/2 3146/1533/2 3147/1536/2
f 3238/1537/2 3239/1539/2 3149/1538/2
f 3148/1540/2 3149/1538/2 3239/1539/2
f 3239/1539/2 3240/1535/2 3148/1540/2
f 3147/1536/2 3148/1540/2 3240/1535/2
f 3436/1524/2 3335/1541/2 3336/1523/2
f 3437/1542/2 3335/1541/2 3436/1524/2
f 3438/1543/2 3335/1541/2 3437/1542/2
f 3335/1541/2 3438/1543/2 3334/1544/2
f 3439/1545/2 3334/1544/2 3438/1543/2
f 3334/1544/2 3439/1545/2 3440/1546/2
f 3071/199/2 3289/1547/2 3480/228/2
f 3145/1527/2 3241/1534/2 3242/1526/2
f 3241/1534/2 3145/1527/2 3146/1533/2
f 3234/1548/2 3235/1550/2 3155/1549/2
f 3155/1549/2 3235/1550/2 3154/1551/2
f 3160/1552/2 3232/1554/2 3159/1553/2
f 3233/1555/2 3159/1553/2 3232/1554/2
f 3159/1553/2 3233/1555/2 3158/1556/2
f 3158/1556/2 3233/1555/2 3157/1557/2
f 3234/1548/2 3157/1557/2 3233/1555/2
f 3157/1557/2 3234/1548/2 3156/1558/2
f 3155/1549/2 3156/1558/2 3234/1548/2
f 3235/1550/2 3236/1559/2 3154/1551/2
f 3154/1551/2 3236/1559/2 3153/1560/2
f 3153/1560/2 3236/1559/2 3152/1561/2
f 3237/1562/2 3152/1561/2 3236/1559/2
f 3151/1563/2 3152/1561/2 3237/1562/2
f 3440/1546/2 3333/1564/2 3334/1544/2
f 3441/1565/2 3333/1564/2 3440/1546/2
f 3442/1566/2 3333/1564/2 3441/1565/2
f 3333/1564/2 3442/1566/2 3332/1567/2
f 3443/1568/2 3332/1567/2 3442/1566/2
f 3332/1567/2 3443/1568/2 3331/1569/2
f 3444/1570/2 3331/1569/2 3443/1568/2
f 3331/1569/2 3444/1570/2 3330/1571/2
f 3445/1572/2 3330/1571/2 3444/1570/2
f 3472/1573/2 3293/1575/2 3471/1574/2
f 3473/1576/2 3293/1575/2 3472/1573/2
f 3293/1575/2 3473/1576/2 3292/1577/2
f 3474/1578/2 3292/1577/2 3473/1576/2
f 3475/1579/2 3292/1577/2 3474/1578/2
f 3476/1580/2 3292/1577/2 3475/1579/2
f 3292/1577/2 3476/1580/2 3291/1581/2
f 3477/1582/2 3291/1581/2 3476/1580/2
f 3478/1583/2 3291/1581/2 3477/1582/2
f 3291/1581/2 3478/1583/2 3290/1584/2
f 3479/1585/2 3290/1584/2 3478/1583/2
f 3480/228/2 3290/1584/2 3479/1585/2
f 3289/1547/2 3290/1584/2 3480/228/2
f 3237/1562/2 3238/1537/2 3151/1563/2
f 3151/1563/2 3238/1537/2 3150/1586/2
f 3149/1538/2 3150/1586/2 3238/1537/2
f 3216/1587/2 3217/1589/2 3215/1588/2
f 3215/1588/2 3217/1589/2 3214/1590/2
f 3218/1591/2 3214/1590/2 3217/1589/2
f 3218/1591/2 3213/1592/2 3214/1590/2
f 3213/1592/2 3218/1591/2 3212/1593/2
f 3218/1591/2 3219/1594/2 3212/1593/2
f 3212/1593/2 3219/1594/2 3211/1595/2
f 3220/1596/2 3211/1595/2 3219/1594/2
f 3211/1595/2 3220/1596/2 3210/1597/2
f 3210/1597/2 3220/1596/2 3209/1598/2
f 3209/1598/2 3220/1596/2 3208/1599/2
f 3221/1600/2 3208/1599/2 3220/1596/2
f 3178/1601/2 3226/1603/2 3177/1602/2
f 3177/1602/2 3226/1603/2 3176/1604/2
f 3227/1605/2 3176/1604/2 3226/1603/2
f 3176/1604/2 3227/1605/2 3175/1606/2
f 3175/1606/2 3227/1605/2 3174/1607/2
f 3174/1607/2 3227/1605/2 3173/1608/2
f 3173/1608/2 3227/1605/2 3172/1609/2
f 3172/1609/2 3227/1605/2 3171/1610/2
f 3221/1600/2 3207/1611/2 3208/1599/2
f 3207/1611/2 3221/1600/2 3206/1612/2
f 3222/1613/2 3206/1612/2 3221/1600/2
f 3206/1612/2 3222/1613/2 3205/1614/2
f 3205/1614/2 3222/1613/2 3204/1615/2
f 3204/1615/2 3222/1613/2 3203/1616/2
f 3223/1617/2 3203/1616/2 3222/1613/2
f 3203/1616/2 3223/1617/2 3202/1618/2
f 3202/1618/2 3223/1617/2 3201/1619/2
f 3201/1619/2 3223/1617/2 3200/1620/2
f 3200/1620/2 3223/1617/2 3199/1621/2
f 3199/1621/2 3223/1617/2 3198/1622/2
f 3198/1622/2 3223/1617/2 3197/1623/2
f 3224/1624/2 3197/1623/2 3223/1617/2
f 3197/1623/2 3224/1624/2 3196/1625/2
f 3196/1625/2 3224/1624/2 3195/1626/2
f 3195/1626/2 3224/1624/2 3194/1627/2
f 3194/1627/2 3224/1624/2 3193/1628/2
f 3225/1629/2 3193/1628/2 3224/1624/2
f 3193/1628/2 3225/1629/2 3192/1630/2
f 3192/1630/2 3225/1629/2 3191/1631/2
f 3191/1631/2 3225/1629/2 3190/1632/2
f 3190/1632/2 3225/1629/2 3189/1633/2
f 3189/1633/2 3225/1629/2 3188/1634/2
f 3188/1634/2 3225/1629/2 3187/1635/2
f 3187/1635/2 3225/1629/2 3186/1636/2
f 3186/1636/2 3225/1629/2 3185/1637/2
f 3185/1637/2 3225/1629/2 3184/1638/2
f 3226/1603/2 3184/1638/2 3225/1629/2
f 3184/1638/2 3226/1603/2 3183/1639/2
f 3183/1639/2 3226/1603/2 3182/1640/2
f 3182/1640/2 3226/1603/2 3181/1641/2
f 3181/1641/2 3226/1603/2 3180/1642/2
f 3180/1642/2 3226/1603/2 3179/1643/2
f 3178/1601/2 3179/1643/2 3226/1603/2
f 3445/1572/2 3329/1644/2 3330/1571/2
f 3446/1645/2 3329/1644/2 3445/1572/2
f 3329/1644/2 3446/1645/2 3328/1646/2
f 3447/1647/2 3328/1646/2 3446/1645/2
f 3328/1646/2 3447/1647/2 3327/1648/2
f 3448/1649/2 3327/1648/2 3447/1647/2
f 3327/1648/2 3448/1649/2 3326/1650/2
f 3449/1651/2 3326/1650/2 3448/1649/2
f 3326/1650/2 3449/1651/2 3325/1652/2
f 3450/1653/2 3325/1652/2 3449/1651/2
f 3325/1652/2 3450/1653/2 3324/1654/2
f 3451/1655/2 3324/1654/2 3450/1653/2
f 3324/1654/2 3451/1655/2 3323/1656/2
f 3323/1656/2 3451/1655/2 3322/1657/2
f 3452/1658/2 3322/1657/2 3451/1655/2
f 3322/1657/2 3452/1658/2 3321/1659/2
f 3453/1660/2 3321/1659/2 3452/1658/2
f 3321/1659/2 3453/1660/2 3320/1661/2
f 3320/1661/2 3453/1660/2 3319/1662/2
f 3454/1663/2 3319/1662/2 3453/1660/2
f 3319/1662/2 3454/1663/2 3318/1664/2
f 3318/1664/2 3454/1663/2 3317/1665/2
f 3455/1666/2 3317/1665/2 3454/1663/2
f 3317/1665/2 3455/1666/2 3316/1667/2
f 3316/1667/2 3455/1666/2 3315/1668/2
f 3456/1669/2 3315/1668/2 3455/1666/2
f 3315/1668/2 3456/1669/2 3314/1670/2
f 3314/1670/2 3456/1669/2 3313/1671/2
f 3457/1672/2 3313/1671/2 3456/1669/2
f 3313/1671/2 3457/1672/2 3312/1673/2
f 3458/1674/2 3312/1673/2 3457/1672/2
f 3312/1673/2 3458/1674/2 3311/1675/2
f 3459/1676/2 3311/1675/2 3458/1674/2
f 3311/1675/2 3459/1676/2 3310/1677/2
f 3310/1677/2 3459/1676/2 3309/1678/2
f 3460/1679/2 3309/1678/2 3459/1676/2
f 3309/1678/2 3460/1679/2 3308/1680/2
f 3308/1680/2 3460/1679/2 3307/1681/2
f 3461/1682/2 3307/1681/2 3460/1679/2
f 3307/1681/2 3461/1682/2 3306/1683/2
f 3306/1683/2 3461/1682/2 3305/1684/2
f 3462/1685/2 3305/1684/2 3461/1682/2
f 3305/1684/2 3462/1685/2 3304/1686/2
f 3304/1686/2 3462/1685/2 3303/1687/2
f 3463/1688/2 3303/1687/2 3462/1685/2
f 3303/1687/2 3463/1688/2 3302/1689/2
f 3302/1689/2 3463/1688/2 3301/1690/2
f 3464/1691/2 3301/1690/2 3463/1688/2
f 3301/1690/2 3464/1691/2 3300/1692/2
f 3300/1692/2 3464/1691/2 3299/1693/2
f 3465/1694/2 3299/1693/2 3464/1691/2
f 3299/1693/2 3465/1694/2 3298/1695/2
f 3466/1696/2 3298/1695/2 3465/1694/2
f 3298/1695/2 3466/1696/2 3297/1697/2
f 3467/1698/2 3297/1697/2 3466/1696/2
f 3297/1697/2 3467/1698/2 3296/1699/2
f 3468/1700/2 3296/1699/2 3467/1698/2
f 3296/1699/2 3468/1700/2 3295/1701/2
f 3469/1702/2 3295/1701/2 3468/1700/2
f 3295/1701/2 3469/1702/2 3294/1703/2
f 3470/1704/2 3294/1703/2 3469/1702/2
f 3471/1574/2 3294/1703/2 3470/1704/2
f 3293/1575/2 3294/1703/2 3471/1574/2
f 3227/1605/2 3228/1705/2 3171/1610/2
f 3171/1610/2 3228/1705/2 3170/1706/2
f 3170/1706/2 3228/1705/2 3169/1707/2
f 3169/1707/2 3228/1705/2 3168/1708/2
f 3229/1709/2 3168/1708/2 3228/1705/2
f 3168/1708/2 3229/1709/2 3167/1710/2
f 3167/1710/2 3229/1709/2 3166/1711/2
f 3166/1711/2 3229/1709/2 3165/1712/2
f 3230/1713/2 3165/1712/2 3229/1709/2
f 3165/1712/2 3230/1713/2 3164/1714/2
f 3164/1714/2 3230/1713/2 3163/1715/2
f 3231/1716/2 3163/1715/2 3230/1713/2
f 3163/1715/2 3231/1716/2 3162/1717/2
f 3162/1717/2 3231/1716/2 3161/1718/2
f 3232/1554/2 3161/1718/2 3231/1716/2
f 3160/1552/2 3161/1718/2 3232/1554/2
f 3336/1523/2 3337/1364/2 3435/1525/2
f 3435/1525/2 3337/1364/2 3434/1719/2
f 3433/1365/2 3434/1719/2 3337/1364/2
f 3071/199/2 3072/1720/2 3289/1547/2
f 3289/1547/2 3072/1720/2 3288/1721/2
f 3073/1722/2 3288/1721/2 3072/1720/2
f 3074/1723/2 3288/1721/2 3073/1722/2
f 3288/1721/2 3074/1723/2 3287/1724/2
f 3075/1725/2 3287/1724/2 3074/1723/2
f 3287/1724/2 3075/1725/2 3286/1726/2
f 3076/1727/2 3286/1726/2 3075/1725/2
f 3286/1726/2 3076/1727/2 3285/1728/2
f 3077/1375/2 3285/1728/2 3076/1727/2
f 3284/1373/2 3285/1728/2 3077/1375/2
f 3141/1414/2 3247/1729/2 3248/1413/2
f 3142/1730/2 3247/1729/2 3141/1414/2
f 3247/1729/2 3142/1730/2 3246/1731/2
f 3246/1731/2 3142/1730/2 3245/1531/2
f 3245/1531/2 3142/1730/2 3143/1530/2
s 1
f 3484/1732/3 3481/199/4 3482/1733/4
f 3486/1734/5 3483/1735/3 3484/1732/3
f 3488/1736/6 3485/1737/5 3486/1734/5
f 3490/1738/7 3487/1739/6 3488/1736/6
f 3492/1740/8 3489/1741/7 3490/1738/7
f 3494/1742/9 3491/1743/8 3492/1740/8
f 3496/1744/10 3493/1745/9 3494/1742/9
f 3498/1746/11 3495/1747/10 3496/1744/10
f 3500/1748/12 3497/1749/11 3498/1746/11
f 3502/1750/13 3499/1751/12 3500/1748/12
f 3504/1752/14 3501/1753/13 3502/1750/13
f 3506/1754/15 3503/1755/14 3504/1752/14
f 3508/1756/16 3505/1757/15 3506/1754/15
f 3510/1758/17 3507/1759/16 3508/1756/16
f 3512/1760/18 3509/1761/17 3510/1758/17
f 3514/1762/19 3511/1763/18 3512/1760/18
f 3516/1764/20 3513/1765/19 3514/1762/19
f 3518/1766/21 3515/1767/20 3516/1764/20
f 3520/1768/22 3517/1769/21 3518/1766/21
f 3522/1770/23 3519/1771/22 3520/1768/22
f 3524/1772/24 3521/1773/23 3522/1770/23
f 3526/1774/25 3523/1775/24 3524/1772/24
f 3528/1776/26 3525/1777/25 3526/1774/25
f 3530/1778/27 3527/1779/26 3528/1776/26
f 3532/1780/28 3529/1781/27 3530/1778/27
f 3534/1782/29 3531/1783/28 3532/1780/28
f 3536/1784/30 3533/1785/29 3534/1782/29
f 3538/1786/31 3535/1787/30 3536/1784/30
f 3540/1788/32 3537/1789/31 3538/1786/31
f 3542/1790/33 3539/1791/32 3540/1788/32
f 3544/1792/34 3541/1793/33 3542/1790/33
f 3546/1794/35 3543/1795/34 3544/1792/34
f 3548/1796/36 3545/1797/35 3546/1794/35
f 3550/1798/37 3547/1799/36 3548/1796/36
f 3552/1800/38 3549/1801/37 3550/1798/37
f 3554/1802/39 3551/1803/38 3552/1800/38
f 3556/1804/40 3553/1805/39 3554/1802/39
f 3558/1806/41 3555/1807/40 3556/1804/40
f 3560/1808/42 3557/1809/41 3558/1806/41
f 3562/1810/43 3559/1811/42 3560/1808/42
f 3564/1812/44 3561/1813/43 3562/1810/43
f 3566/1814/45 3563/1815/44 3564/1812/44
f 3568/1816/46 3565/1817/45 3566/1814/45
f 3570/1818/47 3567/1819/46 3568/1816/46
f 3572/1820/48 3569/1821/47 3570/1818/47
f 3574/1822/49 3571/1823/48 3572/1820/48
f 3576/1824/50 3573/1825/49 3574/1822/49
f 3578/1826/51 3575/1827/50 3576/1824/50
f 3580/1828/52 3577/1829/51 3578/1826/51
f 3582/1830/53 3579/1831/52 3580/1828/52
f 3584/1832/54 3581/1833/53 3582/1830/53
f 3586/1834/55 3583/1835/54 3584/1832/54
f 3588/1836/56 3585/1837/55 3586/1834/55
f 3590/1838/57 3587/1839/56 3588/1836/56
f 3592/1840/58 3589/1841/57 3590/1838/57
f 3594/1842/59 3591/1843/58 3592/1840/58
f 3596/1844/60 3593/1845/59 3594/1842/59
f 3598/1846/61 3595/1847/60 3596/1844/60
f 3600/1848/62 3597/1849/61 3598/1846/61
f 3602/1850/63 3599/1851/62 3600/1848/62
f 3604/1852/64 3601/1853/63 3602/1850/63
f 3606/1854/65 3603/1855/64 3604/1852/64
f 3608/1856/66 3605/1857/65 3606/1854/65
f 3610/1858/67 3607/1859/66 3608/1856/66
f 3612/1860/68 3609/1861/67 3610/1858/67
f 3614/1862/69 3611/1863/68 3612/1860/68
f 3616/1864/70 3613/1865/69 3614/1862/69
f 3618/1866/71 3615/1867/70 3616/1864/70
f 3620/1868/72 3617/1869/71 3618/1866/71
f 3622/1870/73 3619/1871/72 3620/1868/72
f 3624/1872/74 3621/1873/73 3622/1870/73
f 3626/1874/75 3623/1875/74 3624/1872/74
f 3628/1876/76 3625/1877/75 3626/1874/75
f 3630/1878/77 3627/1879/76 3628/1876/76
f 3632/1880/78 3629/1881/77 3630/1878/77
f 3634/1882/79 3631/1883/78 3632/1880/78
f 3636/1884/80 3633/1885/79 3634/1882/79
f 3638/1886/81 3635/1887/80 3636/1884/80
f 3640/1888/82 3637/1889/81 3638/1886/81
f 3642/1890/83 3639/1891/82 3640/1888/82
f 3644/1892/84 3641/1893/83 3642/1890/83
f 3646/1894/85 3643/1895/84 3644/1892/84
f 3648/1896/86 3645/1897/85 3646/1894/85
f 3650/1898/87 3647/1899/86 3648/1896/86
f 3652/1900/88 3649/1901/87 3650/1898/87
f 3654/1902/89 3651/1903/88 3652/1900/88
f 3656/1904/90 3653/1905/89 3654/1902/89
f 3658/1906/91 3655/1907/90 3656/1904/90
f 3660/1908/92 3657/1909/91 3658/1906/91
f 3662/1910/93 3659/1911/92 3660/1908/92
f 3664/1912/94 3661/1913/93 3662/1910/93
f 3666/1914/95 3663/1915/94 3664/1912/94
f 3668/1916/96 3665/1917/95 3666/1914/95
f 3670/1918/97 3667/1919/96 3668/1916/96
f 3672/1920/98 3669/1921/97 3670/1918/97
f 3674/1922/99 3671/1923/98 3672/1920/98
f 3676/1924/100 3673/1925/99 3674/1922/99
f 3678/1926/101 3675/1927/100 3676/1924/100
f 3680/1928/102 3677/1929/101 3678/1926/101
f 3682/1930/103 3679/1931/102 3680/1928/102
f 3684/1932/104 3681/1933/103 3682/1930/103
f 3686/1934/105 3683/1935/104 3684/1932/104
f 3688/1936/106 3685/1937/107 3686/1934/105
f 3690/1938/108 3687/1939/106 3688/1936/106
f 3692/1940/109 3689/1941/108 3690/1938/108
f 3694/1942/110 3691/1943/109 3692/1940/109
f 3696/1944/111 3693/1945/110 3694/1942/110
f 3698/1946/112 3695/1947/111 3696/1944/111
f 3700/1948/113 3697/1949/114 3698/1946/112
f 3702/1950/115 3699/1951/113 3700/1948/113
f 3704/1952/116 3701/1953/115 3702/1950/115
f 3706/1954/117 3703/1955/116 3704/1952/116
f 3708/1956/118 3705/1957/117 3706/1954/117
f 3710/1958/119 3707/1959/120 3708/1956/118
f 3712/1960/121 3709/1961/119 3710/1958/119
f 3714/1962/122 3711/1963/121 3712/1960/121
f 3716/1964/123 3713/1965/122 3714/1962/122
f 3718/1966/124 3715/1967/123 3716/1964/123
f 3720/1968/125 3717/1969/124 3718/1966/124
f 3722/1970/126 3719/1971/127 3720/1968/125
f 3724/1972/128 3721/1973/126 3722/1970/126
f 3726/1974/129 3723/1975/128 3724/1972/128
f 3728/1976/130 3725/1977/129 3726/1974/129
f 3730/1978/131 3727/1979/130 3728/1976/130
f 3732/1980/132 3729/1981/131 3730/1978/131
f 3734/1982/133 3731/1983/132 3732/1980/132
f 3736/1984/134 3733/1985/133 3734/1982/133
f 3738/1986/135 3735/1987/134 3736/1984/134
f 3740/1988/136 3737/1989/137 3738/1986/135
f 3742/1990/138 3739/1991/136 3740/1988/136
f 3744/1992/139 3741/1993/138 3742/1990/138
f 3746/1994/140 3743/1995/139 3744/1992/139
f 3748/1996/141 3745/1997/140 3746/1994/140
f 3750/1998/142 3747/1999/141 3748/1996/141
f 3752/2000/143 3749/2001/142 3750/1998/142
f 3754/2002/144 3751/2003/143 3752/2000/143
f 3756/2004/145 3753/2005/144 3754/2002/144
f 3758/2006/146 3755/2007/147 3756/2004/145
f 3760/2008/148 3757/2009/146 3758/2006/146
f 3762/2010/149 3759/2011/148 3760/2008/148
f 3764/2012/150 3761/2013/149 3762/2010/149
f 3766/2014/151 3763/2015/150 3764/2012/150
f 3768/2016/152 3765/2017/151 3766/2014/151
f 3770/2018/153 3767/2019/152 3768/2016/152
f 3772/2020/154 3769/2021/153 3770/2018/153
f 3774/2022/155 3771/2023/154 3772/2020/154
f 3776/2024/156 3773/2025/155 3774/2022/155
f 3778/2026/157 3775/2027/156 3776/2024/156
f 3780/2028/158 3777/2029/157 3778/2026/157
f 3782/2030/159 3779/2031/158 3780/2028/158
f 3784/2032/160 3781/2033/159 3782/2030/159
f 3786/2034/161 3783/2035/160 3784/2032/160
f 3788/2036/162 3785/2037/161 3786/2034/161
f 3790/2038/163 3787/2039/162 3788/2036/162
f 3792/2040/164 3789/2041/163 3790/2038/163
f 3794/2042/165 3791/2043/164 3792/2040/164
f 3796/2044/166 3793/2045/165 3794/2042/165
f 3798/2046/167 3795/2047/166 3796/2044/166
f 3800/2048/168 3797/2049/167 3798/2046/167
f 3802/2050/169 3799/2051/168 3800/2048/168
f 3804/2052/170 3801/2053/169 3802/2050/169
f 3806/2054/171 3803/2055/170 3804/2052/170
f 3808/2056/172 3805/2057/171 3806/2054/171
f 3810/2058/173 3807/2059/172 3808/2056/172
f 3812/2060/174 3809/2061/173 3810/2058/173
f 3814/2062/175 3811/2063/174 3812/2060/174
f 3816/2064/176 3813/2065/175 3814/2062/175
f 3818/2066/177 3815/2067/176 3816/2064/176
f 3820/2068/178 3817/2069/177 3818/2066/177
f 3822/2070/179 3819/2071/178 3820/2068/178
f 3824/2072/180 3821/2073/179 3822/2070/179
f 3826/2074/181 3823/2075/180 3824/2072/180
f 3828/2076/182 3825/2077/181 3826/2074/181
f 3830/2078/183 3827/2079/182 3828/2076/182
f 3832/2080/184 3829/2081/183 3830/2078/183
f 3834/2082/185 3831/2083/184 3832/2080/184
f 3836/2084/186 3833/2085/185 3834/2082/185
f 3838/2086/187 3835/2087/186 3836/2084/186
f 3840/2088/188 3837/2089/187 3838/2086/187
f 3842/2090/189 3839/2091/188 3840/2088/188
f 3844/2092/190 3841/2093/189 3842/2090/189
f 3846/2094/191 3843/2095/190 3844/2092/190
f 3848/2096/192 3845/2097/191 3846/2094/191
f 3850/2098/193 3847/2099/192 3848/2096/192
f 3852/2100/194 3849/2101/193 3850/2098/193
f 3854/2102/195 3851/2103/194 3852/2100/194
f 3856/2104/196 3853/2105/195 3854/2102/195
f 3858/2106/197 3855/2107/196 3856/2104/196
f 3860/2108/198 3857/2109/197 3858/2106/197
f 3862/2110/199 3859/2111/198 3860/2108/198
f 3864/2112/200 3861/2113/201 3862/2110/199
f 3866/2114/202 3863/2115/200 3864/2112/200
f 3868/2116/203 3865/2117/202 3866/2114/202
f 3870/2118/204 3867/2119/203 3868/2116/203
f 3872/2120/205 3869/2121/204 3870/2118/204
f 3874/2122/206 3871/2123/207 3872/2120/205
f 3876/2124/208 3873/2125/206 3874/2122/206
f 3878/2126/209 3875/2127/208 3876/2124/208
f 3880/2128/210 3877/2129/209 3878/2126/209
f 3882/2130/211 3879/2131/210 3880/2128/210
f 3884/2132/212 3881/2133/211 3882/2130/211
f 3886/2134/213 3883/2135/212 3884/2132/212
f 3888/2136/214 3885/2137/213 3886/2134/213
f 3890/2138/215 3887/2139/214 3888/2136/214
f 3892/2140/216 3889/2141/215 3890/2138/215
f 3894/2142/217 3891/848/216 3892/2140/216
f 3896/2143/218 3893/2144/219 3894/2142/217
f 3898/2145/220 3895/2146/218 3896/2143/218
f 3900/2147/221 3897/2148/220 3898/2145/220
f 3902/2149/222 3899/2150/221 3900/2147/221
f 3904/2151/223 3901/2152/222 3902/2149/222
f 3906/2153/224 3903/2154/223 3904/2151/223
f 3908/2155/225 3905/2156/224 3906/2153/224
f 3910/2157/226 3907/2158/225 3908/2155/225
f 3912/2159/227 3909/2160/226 3910/2157/226
f 3914/2161/228 3911/2162/227 3912/2159/227
f 3916/2163/229 3913/2164/228 3914/2161/228
f 3918/2165/230 3915/2166/229 3916/2163/229
f 3920/2167/231 3917/2168/230 3918/2165/230
f 3922/2169/232 3919/2170/231 3920/2167/231
f 3924/2171/233 3921/2172/232 3922/2169/232
f 3926/2173/234 3923/2174/233 3924/2171/233
f 3928/2175/235 3925/2176/234 3926/2173/234
f 3930/2177/236 3927/2178/235 3928/2175/235
f 3932/2179/237 3929/2180/236 3930/2177/236
f 3934/2181/238 3931/2182/237 3932/2179/237
f 3936/2183/239 3933/2184/238 3934/2181/238
f 3938/2185/240 3935/2186/239 3936/2183/239
f 3940/2187/241 3937/2188/240 3938/2185/240
f 3942/2189/242 3939/2190/241 3940/2187/241
f 3944/2191/243 3941/2192/242 3942/2189/242
f 3946/2193/244 3943/2194/243 3944/2191/243
f 3948/2195/245 3945/2196/244 3946/2193/244
f 3950/2197/246 3947/2198/245 3948/2195/245
f 3952/2199/247 3949/2200/246 3950/2197/246
f 3954/2201/248 3951/2202/247 3952/2199/247
f 3956/2203/249 3953/2204/248 3954/2201/248
f 3958/2205/250 3955/2206/249 3956/2203/249
f 3960/2207/251 3957/2208/250 3958/2205/250
f 3962/2209/252 3959/2210/251 3960/2207/251
f 3964/2211/253 3961/2212/252 3962/2209/252
f 3966/2213/254 3963/2214/253 3964/2211/253
f 3968/2215/255 3965/2216/254 3966/2213/254
f 3970/2217/256 3967/2218/255 3968/2215/255
f 3972/2219/257 3969/2220/256 3970/2217/256
f 3974/2221/258 3971/2222/257 3972/2219/257
f 3976/2223/259 3973/2224/258 3974/2221/258
f 3978/2225/260 3975/2226/259 3976/2223/259
f 3980/2227/261 3977/2228/260 3978/2225/260
f 3982/2229/262 3979/2230/261 3980/2227/261
f 3984/2231/263 3981/2232/262 3982/2229/262
f 3986/2233/264 3983/2234/263 3984/2231/263
f 3988/2235/265 3985/2236/264 3986/2233/264
f 3990/2237/266 3987/2238/265 3988/2235/265
f 3992/2239/267 3989/2240/266 3990/2237/266
f 3994/2241/268 3991/2242/267 3992/2239/267
f 3996/2243/269 3993/2244/268 3994/2241/268
f 3998/2245/270 3995/2246/269 3996/2243/269
f 4000/2247/271 3997/2248/270 3998/2245/270
f 4002/2249/272 3999/2250/271 4000/2247/271
f 4004/2251/273 4001/2252/272 4002/2249/272
f 4006/2253/274 4003/2254/273 4004/2251/273
f 4008/2255/275 4005/2256/274 4006/2253/274
f 4010/2257/276 4007/2258/275 4008/2255/275
f 4012/2259/277 4009/2260/276 4010/2257/276
f 4014/2261/278 4011/2262/277 4012/2259/277
f 4016/2263/279 4013/2264/278 4014/2261/278
f 4018/2265/280 4015/2266/279 4016/2263/279
f 4020/2267/281 4017/2268/280 4018/2265/280
f 4022/2269/282 4019/2270/281 4020/2267/281
f 4024/2271/283 4021/2272/282 4022/2269/282
f 4026/2273/284 4023/2274/283 4024/2271/283
f 4028/2275/285 4025/2276/284 4026/2273/284
f 4030/2277/286 4027/2278/285 4028/2275/285
f 4032/2279/287 4029/2280/286 4030/2277/286
f 4034/2281/288 4031/2282/287 4032/2279/287
f 4036/2283/289 4033/2284/288 4034/2281/288
f 4038/2285/290 4035/2286/289 4036/2283/289
f 4040/2287/291 4037/2288/290 4038/2285/290
f 4042/2289/292 4039/2290/291 4040/2287/291
f 4044/2291/293 4041/2292/292 4042/2289/292
f 4046/2293/294 4043/2294/293 4044/2291/293
f 4048/2295/295 4045/2296/294 4046/2293/294
f 4050/2297/296 4047/2298/295 4048/2295/295
f 4052/2299/297 4049/2300/296 4050/2297/296
f 4054/2301/298 4051/2302/297 4052/2299/297
f 4056/2303/299 4053/2304/298 4054/2301/298
f 4058/2305/300 4055/2306/299 4056/2303/299
f 4060/2307/301 4057/2308/300 4058/2305/300
f 4062/2309/302 4059/2310/301 4060/2307/301
f 4064/2311/303 4061/2312/302 4062/2309/302
f 4066/2313/304 4063/2314/303 4064/2311/303
f 4068/2315/305 4065/2316/304 4066/2313/304
f 4070/2317/306 4067/2318/305 4068/2315/305
f 4072/2319/307 4069/2320/306 4070/2317/306
f 4074/2321/308 4071/2322/307 4072/2319/307
f 4076/2323/309 4073/2324/308 4074/2321/308
f 4078/2325/310 4075/2326/309 4076/2323/309
f 4080/2327/311 4077/2328/310 4078/2325/310
f 4082/2329/312 4079/2330/311 4080/2327/311
f 4084/2331/313 4081/2332/312 4082/2329/312
f 4086/2333/314 4083/2334/313 4084/2331/313
f 4088/2335/315 4085/2336/314 4086/2333/314
f 4090/2337/316 4087/2338/315 4088/2335/315
f 4092/2339/317 4089/2340/316 4090/2337/316
f 4094/2341/318 4091/2342/317 4092/2339/317
f 4096/2343/319 4093/2344/318 4094/2341/318
f 4098/2345/320 4095/2346/319 4096/2343/319
f 4100/2347/321 4097/2348/320 4098/2345/320
f 4102/2349/322 4099/2350/321 4100/2347/321
f 4104/2351/323 4101/2352/322 4102/2349/322
f 4106/2353/324 4103/2354/323 4104/2351/323
f 4108/2355/325 4105/2356/324 4106/2353/324
f 4110/2357/326 4107/2358/325 4108/2355/325
f 4112/2359/327 4109/2360/326 4110/2357/326
f 4114/2361/328 4111/2362/327 4112/2359/327
f 4116/2363/329 4113/2364/328 4114/2361/328
f 4118/2365/330 4115/2366/329 4116/2363/329
f 4120/2367/331 4117/2368/330 4118/2365/330
f 4122/2369/332 4119/2370/331 4120/2367/331
f 4124/2371/333 4121/2372/332 4122/2369/332
f 4126/2373/334 4123/2374/333 4124/2371/333
f 4128/2375/335 4125/2376/334 4126/2373/334
f 4130/2377/336 4127/2378/335 4128/2375/335
f 4132/2379/337 4129/2380/336 4130/2377/336
f 4134/2381/338 4131/2382/337 4132/2379/337
f 4136/2383/339 4133/2384/338 4134/2381/338
f 4138/2385/340 4135/2386/339 4136/2383/339
f 4140/2387/341 4137/2388/340 4138/2385/340
f 4142/2389/342 4139/2390/341 4140/2387/341
f 4144/2391/343 4141/2392/342 4142/2389/342
f 4146/2393/344 4143/2394/343 4144/2391/343
f 4148/2395/345 4145/2396/344 4146/2393/344
f 4150/2397/346 4147/2398/345 4148/2395/345
f 4152/2399/347 4149/2400/346 4150/2397/346
f 4154/2401/348 4151/2402/347 4152/2399/347
f 4156/2403/349 4153/2404/348 4154/2401/348
f 4158/2405/350 4155/2406/349 4156/2403/349
f 4160/2407/351 4157/2408/350 4158/2405/350
f 4162/2409/352 4159/2410/351 4160/2407/351
f 4164/2411/353 4161/2412/352 4162/2409/352
f 4166/2413/354 4163/2414/353 4164/2411/353
f 4168/2415/355 4165/2416/354 4166/2413/354
f 4170/2417/356 4167/2418/355 4168/2415/355
f 4172/2419/357 4169/2420/356 4170/2417/356
f 4174/2421/358 4171/2422/357 4172/2419/357
f 4176/2423/359 4173/2424/358 4174/2421/358
f 4178/2425/360 4175/2426/359 4176/2423/359
f 4180/2427/361 4177/2428/360 4178/2425/360
f 4182/2429/362 4179/2430/361 4180/2427/361
f 4184/2431/363 4181/2432/362 4182/2429/362
f 4186/2433/364 4183/2434/363 4184/2431/363
f 4188/2435/365 4185/2436/364 4186/2433/364
f 4190/2437/366 4187/2438/365 4188/2435/365
f 4192/2439/367 4189/2440/366 4190/2437/366
f 4194/2441/368 4191/2442/367 4192/2439/367
f 4196/2443/369 4193/2444/368 4194/2441/368
f 4198/2445/370 4195/2446/369 4196/2443/369
f 4200/2447/371 4197/2448/370 4198/2445/370
f 4202/2449/372 4199/2450/371 4200/2447/371
f 4204/2451/373 4201/2452/372 4202/2449/372
f 4206/2453/374 4203/2454/373 4204/2451/373
f 4208/2455/375 4205/2456/374 4206/2453/374
f 4210/2457/376 4207/2458/375 4208/2455/375
f 4212/2459/377 4209/2460/376 4210/2457/376
f 4214/2461/378 4211/2462/377 4212/2459/377
f 4216/2463/379 4213/2464/378 4214/2461/378
f 4218/2465/380 4215/2466/381 4216/2463/379
f 4220/2467/382 4217/2468/380 4218/2465/380
f 4222/2469/383 4219/2470/382 4220/2467/382
f 4224/2471/384 4221/2472/383 4222/2469/383
f 4226/2473/385 4223/2474/384 4224/2471/384
f 4228/2475/386 4225/2476/385 4226/2473/385
f 4230/2477/387 4227/2478/386 4228/2475/386
f 4232/2479/388 4229/2480/387 4230/2477/387
f 4234/2481/389 4231/2482/388 4232/2479/388
f 4236/2483/390 4233/2484/389 4234/2481/389
f 4238/2485/391 4235/2486/390 4236/2483/390
f 4240/2487/392 4237/2488/393 4238/2485/391
f 4242/2489/394 4239/2490/392 4240/2487/392
f 4244/2491/395 4241/2492/394 4242/2489/394
f 4246/2493/396 4243/2494/395 4244/2491/395
f 4248/2495/397 4245/2496/396 4246/2493/396
f 4250/2497/398 4247/2498/397 4248/2495/397
f 4252/2499/399 4249/2500/398 4250/2497/398
f 4254/2501/400 4251/2502/399 4252/2499/399
f 4256/2503/401 4253/2504/400 4254/2501/400
f 4258/2505/402 4255/2506/401 4256/2503/401
f 4260/2507/403 4257/2508/402 4258/2505/402
f 4262/2509/404 4259/2510/405 4260/2507/403
f 4264/2511/406 4261/2512/404 4262/2509/404
f 4266/2513/407 4263/2514/406 4264/2511/406
f 4268/2515/408 4265/2516/407 4266/2513/407
f 4270/2517/409 4267/2518/408 4268/2515/408
f 4272/2519/410 4269/2520/409 4270/2517/409
f 4274/2521/411 4271/2522/410 4272/2519/410
f 4276/2523/412 4273/2524/411 4274/2521/411
f 4278/2525/413 4275/2526/412 4276/2523/412
f 4280/2527/414 4277/2528/413 4278/2525/413
f 4282/2529/415 4279/2530/414 4280/2527/414
f 4284/2531/416 4281/2532/415 4282/2529/415
f 4286/2533/417 4283/2534/416 4284/2531/416
f 4288/2535/418 4285/2536/417 4286/2533/417
f 4290/2537/419 4287/2538/418 4288/2535/418
f 4292/2539/420 4289/2540/419 4290/2537/419
f 4294/2541/421 4291/2542/420 4292/2539/420
f 4296/2543/422 4293/2544/421 4294/2541/421
f 4298/2545/423 4295/2546/422 4296/2543/422
f 4300/2547/424 4297/2548/423 4298/2545/423
f 3482/2549/4 4299/2550/424 4300/2547/424
f 4304/2551/425 4301/199/426 4302/1733/426
f 4306/2552/427 4303/2553/425 4304/2551/425
f 4308/2554/428 4305/2555/427 4306/2552/427
f 4310/2556/429 4307/2557/428 4308/2554/428
f 4312/2558/430 4309/2559/429 4310/2556/429
f 4314/2560/431 4311/2561/430 4312/2558/430
f 4316/2562/432 4313/2563/431 4314/2560/431
f 4318/2564/433 4315/2565/432 4316/2562/432
f 4320/2566/434 4317/2567/433 4318/2564/433
f 4322/2568/435 4319/2569/434 4320/2566/434
f 4324/2570/436 4321/2571/435 4322/2568/435
f 4326/2572/437 4323/2573/436 4324/2570/436
f 4328/2574/438 4325/2575/437 4326/2572/437
f 4330/2576/439 4327/2577/438 4328/2574/438
f 4332/2578/440 4329/2579/439 4330/2576/439
f 4334/2580/441 4331/2581/440 4332/2578/440
f 4336/2582/442 4333/2583/441 4334/2580/441
f 4338/2584/443 4335/2585/442 4336/2582/442
f 4340/2586/444 4337/2587/443 4338/2584/443
f 4342/2588/445 4339/2589/444 4340/2586/444
f 4344/2590/446 4341/2591/445 4342/2588/445
f 4346/2592/447 4343/2593/446 4344/2590/446
f 4348/1812/448 4345/2594/447 4346/2592/447
f 4350/2595/449 4347/1815/448 4348/1812/448
f 4352/2596/450 4349/2597/449 4350/2595/449
f 4354/2598/451 4351/2599/450 4352/2596/450
f 4356/2600/452 4353/2601/451 4354/2598/451
f 4358/2602/453 4355/2603/452 4356/2600/452
f 4360/2604/454 4357/2605/453 4358/2602/453
f 4362/2606/455 4359/2607/454 4360/2604/454
f 4364/2608/456 4361/2609/455 4362/2606/455
f 4366/2610/457 4363/2611/456 4364/2608/456
f 4368/2612/458 4365/2613/457 4366/2610/457
f 4370/2614/459 4367/2615/458 4368/2612/458
f 4372/2616/460 4369/2617/459 4370/2614/459
f 4374/2618/461 4371/2619/460 4372/2616/460
f 4376/2620/462 4373/2621/461 4374/2618/461
f 4378/2622/463 4375/2623/462 4376/2620/462
f 4380/2624/464 4377/2625/463 4378/2622/463
f 4382/2626/465 4379/2627/464 4380/2624/464
f 4384/2628/466 4381/2629/465 4382/2626/465
f 4386/2630/467 4383/2631/466 4384/2628/466
f 4388/2632/468 4385/2633/467 4386/2630/467
f 4390/2634/469 4387/2635/468 4388/2632/468
f 4392/2636/470 4389/2637/469 4390/2634/469
f 4394/1894/471 4391/2638/470 4392/2636/470
f 4396/2639/472 4393/1897/473 4394/1894/471
f 4398/2640/474 4395/2641/472 4396/2639/472
f 4400/2642/475 4397/2643/474 4398/2640/474
f 4402/2644/476 4399/2645/475 4400/2642/475
f 4404/2646/477 4401/2647/476 4402/2644/476
f 4406/2648/478 4403/2649/477 4404/2646/477
f 4408/2650/479 4405/2651/480 4406/2648/478
f 4410/2652/481 4407/2653/479 4408/2650/479
f 4412/2654/482 4409/2655/481 4410/2652/481
f 4414/2656/483 4411/2657/482 4412/2654/482
f 4416/2658/484 4413/2659/483 4414/2656/483
f 4418/2660/485 4415/2661/484 4416/2658/484
f 4420/2662/486 4417/2663/485 4418/2660/485
f 4422/2664/487 4419/2665/486 4420/2662/486
f 4424/2666/488 4421/2667/487 4422/2664/487
f 4426/2668/489 4423/2669/490 4424/2666/488
f 4428/2670/491 4425/2671/489 4426/2668/489
f 4430/2672/492 4427/2673/491 4428/2670/491
f 4432/2674/493 4429/2675/492 4430/2672/492
f 4434/2676/494 4431/2677/495 4432/2674/493
f 4436/2678/496 4433/2679/494 4434/2676/494
f 4438/2680/497 4435/2681/496 4436/2678/496
f 4440/1976/498 4437/2682/497 4438/2680/497
f 4442/2683/499 4439/1979/498 4440/1976/498
f 4444/2684/500 4441/2685/499 4442/2683/499
f 4446/2686/501 4443/2687/500 4444/2684/500
f 4448/2688/502 4445/2689/501 4446/2686/501
f 4450/2690/503 4447/2691/504 4448/2688/502
f 4452/2692/505 4449/2693/503 4450/2690/503
f 4454/2694/506 4451/2695/505 4452/2692/505
f 4456/2696/507 4453/2697/506 4454/2694/506
f 4458/2698/508 4455/2699/507 4456/2696/507
f 4460/2700/509 4457/2701/508 4458/2698/508
f 4462/2702/510 4459/2703/509 4460/2700/509
f 4464/2704/195 4461/2705/510 4462/2702/510
f 4466/2706/511 4463/2707/195 4464/2704/195
f 4468/2708/512 4465/2709/511 4466/2706/511
f 4470/2710/513 4467/2711/512 4468/2708/512
f 4472/2712/514 4469/2713/513 4470/2710/513
f 4474/2714/515 4471/2715/514 4472/2712/514
f 4476/2716/516 4473/2717/515 4474/2714/515
f 4478/2718/517 4475/2719/516 4476/2716/516
f 4480/2720/518 4477/2721/517 4478/2718/517
f 4482/2722/519 4479/2723/518 4480/2720/518
f 4484/2724/520 4481/2725/519 4482/2722/519
f 4486/2058/521 4483/2726/520 4484/2724/520
f 4488/2727/522 4485/2061/521 4486/2058/521
f 4490/2728/523 4487/2729/522 4488/2727/522
f 4492/2730/524 4489/2731/523 4490/2728/523
f 4494/2732/525 4491/2733/524 4492/2730/524
f 4496/2734/526 4493/2735/525 4494/2732/525
f 4498/2736/527 4495/2737/526 4496/2734/526
f 4500/2738/528 4497/2739/527 4498/2736/527
f 4502/2740/529 4499/2741/528 4500/2738/528
f 4504/2742/530 4501/2743/529 4502/2740/529
f 4506/2744/531 4503/2745/530 4504/2742/530
f 4508/2746/532 4505/2747/531 4506/2744/531
f 4510/2748/533 4507/2749/532 4508/2746/532
f 4512/2750/534 4509/2751/533 4510/2748/533
f 4514/2752/535 4511/2753/534 4512/2750/534
f 4516/2754/536 4513/2755/535 4514/2752/535
f 4518/2756/537 4515/2757/536 4516/2754/536
f 4520/2758/538 4517/2759/537 4518/2756/537
f 4522/2760/539 4519/2761/538 4520/2758/538
f 4524/2762/540 4521/2763/539 4522/2760/539
f 4526/2764/541 4523/2765/540 4524/2762/540
f 4528/2766/542 4525/2767/541 4526/2764/541
f 4530/2768/543 4527/2769/542 4528/2766/542
f 4532/2140/544 4529/2770/543 4530/2768/543
f 4534/2771/545 4531/848/544 4532/2140/544
f 4536/2772/546 4533/2773/545 4534/2771/545
f 4538/2774/547 4535/2775/546 4536/2772/546
f 4540/2776/548 4537/2777/547 4538/2774/547
f 4542/2778/517 4539/2779/548 4540/2776/548
f 4544/2780/549 4541/2781/517 4542/2778/517
f 4546/2782/550 4543/2783/549 4544/2780/549
f 4548/2784/551 4545/2785/550 4546/2782/550
f 4550/2786/552 4547/2787/551 4548/2784/551
f 4552/2788/553 4549/2789/552 4550/2786/552
f 4554/2790/554 4551/2791/553 4552/2788/553
f 4556/2792/555 4553/2793/554 4554/2790/554
f 4558/2794/556 4555/2795/555 4556/2792/555
f 4560/2796/557 4557/2797/556 4558/2794/556
f 4562/2798/558 4559/2799/557 4560/2796/557
f 4564/2800/559 4561/2801/558 4562/2798/558
f 4566/2802/560 4563/2803/559 4564/2800/559
f 4568/2804/561 4565/2805/560 4566/2802/560
f 4570/2806/562 4567/2807/561 4568/2804/561
f 4572/2808/563 4569/2809/562 4570/2806/562
f 4574/2810/564 4571/2811/563 4572/2808/563
f 4576/2812/565 4573/2813/564 4574/2810/564
f 4578/2221/566 4575/2814/565 4576/2812/565
f 4580/2815/567 4577/2224/566 4578/2221/566
f 4582/2816/568 4579/2817/567 4580/2815/567
f 4584/2818/569 4581/2819/568 4582/2816/568
f 4586/2820/570 4583/2821/569 4584/2818/569
f 4588/2822/571 4585/2823/570 4586/2820/570
f 4590/2824/572 4587/2825/571 4588/2822/571
f 4592/2826/573 4589/2827/572 4590/2824/572
f 4594/2828/574 4591/2829/573 4592/2826/573
f 4596/2830/575 4593/2831/574 4594/2828/574
f 4598/2832/576 4595/2833/575 4596/2830/575
f 4600/2834/577 4597/2835/576 4598/2832/576
f 4602/2836/175 4599/2837/577 4600/2834/577
f 4604/2838/578 4601/2839/175 4602/2836/175
f 4606/2840/579 4603/2841/578 4604/2838/578
f 4608/2842/580 4605/2843/579 4606/2840/579
f 4610/2844/581 4607/2845/580 4608/2842/580
f 4612/2846/582 4609/2847/581 4610/2844/581
f 4614/2848/583 4611/2849/582 4612/2846/582
f 4616/2850/584 4613/2851/583 4614/2848/583
f 4618/2852/585 4615/2853/584 4616/2850/584
f 4620/2854/586 4617/2855/585 4618/2852/585
f 4622/2856/587 4619/2857/586 4620/2854/586
f 4624/2303/588 4621/2858/587 4622/2856/587
f 4626/2859/589 4623/2306/588 4624/2303/588
f 4628/2860/590 4625/2861/589 4626/2859/589
f 4630/2862/591 4627/2863/590 4628/2860/590
f 4632/2864/592 4629/2865/591 4630/2862/591
f 4634/2866/593 4631/2867/592 4632/2864/592
f 4636/2868/594 4633/2869/593 4634/2866/593
f 4638/2870/595 4635/2871/594 4636/2868/594
f 4640/2872/596 4637/2873/597 4638/2870/595
f 4642/2874/598 4639/2875/596 4640/2872/596
f 4644/2876/599 4641/2877/598 4642/2874/598
f 4646/2878/600 4643/2879/599 4644/2876/599
f 4648/2880/601 4645/2881/600 4646/2878/600
f 4650/2882/602 4647/2883/601 4648/2880/601
f 4652/2884/603 4649/2885/602 4650/2882/602
f 4654/2886/604 4651/2887/603 4652/2884/603
f 4656/2888/605 4653/2889/604 4654/2886/604
f 4658/2890/606 4655/2891/605 4656/2888/605
f 4660/2892/607 4657/2893/606 4658/2890/606
f 4662/2894/608 4659/2895/607 4660/2892/607
f 4664/2896/609 4661/2897/608 4662/2894/608
f 4666/2898/610 4663/2899/609 4664/2896/609
f 4668/2900/611 4665/2901/612 4666/2898/610
f 4670/2385/613 4667/2902/611 4668/2900/611
f 4672/2903/614 4669/2388/615 4670/2385/613
f 4674/2904/616 4671/2905/614 4672/2903/614
f 4676/2906/617 4673/2907/616 4674/2904/616
f 4678/2908/618 4675/2909/617 4676/2906/617
f 4680/2910/619 4677/2911/618 4678/2908/618
f 4682/2912/620 4679/2913/619 4680/2910/619
f 4684/2914/621 4681/2915/622 4682/2912/620
f 4686/2916/623 4683/2917/621 4684/2914/621
f 4688/2918/624 4685/2919/623 4686/2916/623
f 4690/2920/625 4687/2921/624 4688/2918/624
f 4692/2922/626 4689/2923/625 4690/2920/625
f 4694/2924/627 4691/2925/626 4692/2922/626
f 4696/2926/628 4693/2927/627 4694/2924/627
f 4698/2928/629 4695/2929/630 4696/2926/628
f 4700/2930/631 4697/2931/629 4698/2928/629
f 4702/2932/632 4699/2933/631 4700/2930/631
f 4704/2934/633 4701/2935/632 4702/2932/632
f 4706/2936/634 4703/2937/633 4704/2934/633
f 4708/2938/635 4705/2939/634 4706/2936/634
f 4710/2940/636 4707/2941/635 4708/2938/635
f 4712/2942/637 4709/2943/636 4710/2940/636
f 4714/2944/638 4711/2945/639 4712/2942/637
f 4716/2467/640 4713/2946/638 4714/2944/638
f 4718/2947/641 4715/2470/640 4716/2467/640
f 4720/2948/642 4717/2949/641 4718/2947/641
f 4722/2950/643 4719/2951/644 4720/2948/642
f 4724/2952/645 4721/2953/643 4722/2950/643
f 4726/2954/646 4723/2955/645 4724/2952/645
f 4728/2956/647 4725/2957/646 4726/2954/646
f 4730/2958/648 4727/2959/649 4728/2956/647
f 4732/2960/650 4729/2961/648 4730/2958/648
f 4734/2962/651 4731/2963/650 4732/2960/650
f 4736/2964/652 4733/2965/651 4734/2962/651
f 4738/2966/653 4735/2967/652 4736/2964/652
f 4740/2968/654 4737/2969/653 4738/2966/653
f 4742/2970/655 4739/2971/654 4740/2968/654
f 4744/2972/656 4741/2973/655 4742/2970/655
f 4746/2974/657 4743/2975/656 4744/2972/656
f 4748/2976/658 4745/2977/659 4746/2974/657
f 4750/2978/660 4747/2979/658 4748/2976/658
f 4752/2980/661 4749/2981/660 4750/2978/660
f 4754/2982/662 4751/2983/661 4752/2980/661
f 4756/2984/663 4753/2985/662 4754/2982/662
f 4758/2986/664 4755/2987/663 4756/2984/663
f 4760/2988/665 4757/2989/664 4758/2986/664
f 4302/2549/426 4759/2990/665 4760/2988/665
f 4764/2991/666 4761/199/667 4762/1733/667
f 4766/2992/668 4763/2993/666 4764/2991/666
f 4768/2994/669 4765/2995/668 4766/2992/668
f 4770/2996/670 4767/2997/669 4768/2994/669
f 4772/2998/671 4769/2999/670 4770/2996/670
f 4774/3000/672 4771/3001/671 4772/2998/671
f 4776/3002/673 4773/3003/672 4774/3000/672
f 4778/3004/674 4775/3005/673 4776/3002/673
f 4780/3006/675 4777/3007/674 4778/3004/674
f 4782/3008/676 4779/3009/675 4780/3006/675
f 4784/3010/677 4781/3011/676 4782/3008/676
f 4786/3012/678 4783/3013/677 4784/3010/677
f 4788/3014/679 4785/3015/678 4786/3012/678
f 4790/3016/680 4787/3017/679 4788/3014/679
f 4792/3018/681 4789/3019/680 4790/3016/680
f 4794/3020/682 4791/3021/681 4792/3018/681
f 4796/1894/683 4793/3022/682 4794/3020/682
f 4798/3023/684 4795/1897/683 4796/1894/683
f 4800/3024/685 4797/3025/684 4798/3023/684
f 4802/3026/686 4799/3027/685 4800/3024/685
f 4804/3028/687 4801/3029/686 4802/3026/686
f 4806/3030/688 4803/3031/687 4804/3028/687
f 4808/3032/689 4805/3033/688 4806/3030/688
f 4810/3034/690 4807/3035/689 4808/3032/689
f 4812/3036/691 4809/3037/690 4810/3034/690
f 4814/3038/692 4811/3039/691 4812/3036/691
f 4816/3040/693 4813/3041/692 4814/3038/692
f 4818/3042/694 4815/3043/693 4816/3040/693
f 4820/3044/695 4817/3045/694 4818/3042/694
f 4822/3046/696 4819/3047/697 4820/3044/695
f 4824/3048/698 4821/3049/696 4822/3046/696
f 4826/3050/699 4823/3051/700 4824/3048/698
f 4828/3052/701 4825/3053/699 4826/3050/699
f 4830/2058/702 4827/3054/701 4828/3052/701
f 4832/3055/703 4829/2061/702 4830/2058/702
f 4834/3056/704 4831/3057/703 4832/3055/703
f 4836/3058/705 4833/3059/704 4834/3056/704
f 4838/3060/706 4835/3061/705 4836/3058/705
f 4840/3062/707 4837/3063/706 4838/3060/706
f 4842/3064/708 4839/3065/707 4840/3062/707
f 4844/3066/709 4841/3067/708 4842/3064/708
f 4846/3068/710 4843/3069/709 4844/3066/709
f 4848/3070/711 4845/3071/710 4846/3068/710
f 4850/3072/712 4847/3073/711 4848/3070/711
f 4852/3074/713 4849/3075/712 4850/3072/712
f 4854/3076/714 4851/3077/713 4852/3074/713
f 4856/3078/715 4853/3079/714 4854/3076/714
f 4858/3080/716 4855/3081/715 4856/3078/715
f 4860/3082/717 4857/3083/716 4858/3080/716
f 4862/3084/718 4859/3085/717 4860/3082/717
f 4864/2221/719 4861/3086/718 4862/3084/718
f 4866/3087/720 4863/2224/719 4864/2221/719
f 4868/3088/721 4865/3089/720 4866/3087/720
f 4870/3090/722 4867/3091/721 4868/3088/721
f 4872/3092/723 4869/3093/722 4870/3090/722
f 4874/3094/724 4871/3095/723 4872/3092/723
f 4876/3096/725 4873/3097/724 4874/3094/724
f 4878/3098/726 4875/3099/725 4876/3096/725
f 4880/3100/727 4877/3101/726 4878/3098/726
f 4882/3102/728 4879/3103/727 4880/3100/727
f 4884/3104/729 4881/3105/728 4882/3102/728
f 4886/3106/730 4883/3107/729 4884/3104/729
f 4888/3108/731 4885/3109/730 4886/3106/730
f 4890/3110/732 4887/3111/731 4888/3108/731
f 4892/3112/733 4889/3113/734 4890/3110/732
f 4894/3114/735 4891/3115/733 4892/3112/733
f 4896/3116/736 4893/3117/735 4894/3114/735
f 4898/2385/737 4895/3118/736 4896/3116/736
f 4900/3119/738 4897/2388/737 4898/2385/737
f 4902/3120/739 4899/3121/738 4900/3119/738
f 4904/3122/740 4901/3123/739 4902/3120/739
f 4906/3124/741 4903/3125/740 4904/3122/740
f 4908/3126/742 4905/3127/743 4906/3124/741
f 4910/3128/744 4907/3129/742 4908/3126/742
f 4912/3130/745 4909/3131/744 4910/3128/744
f 4914/3132/746 4911/3133/745 4912/3130/745
f 4916/3134/747 4913/3135/746 4914/3132/746
f 4918/3136/748 4915/3137/747 4916/3134/747
f 4920/3138/749 4917/3139/748 4918/3136/748
f 4922/3140/750 4919/3141/749 4920/3138/749
f 4924/3142/751 4921/3143/750 4922/3140/750
f 4926/3144/752 4923/3145/753 4924/3142/751
f 4928/3146/754 4925/3147/752 4926/3144/752
f 4930/3148/755 4927/3149/754 4928/3146/754
f 4762/2549/667 4929/3150/755 4930/3148/755
f 4934/3151/756 4931/199/757 4932/1733/758
f 4936/3152/759 4933/3153/756 4934/3151/756
f 4938/3154/760 4935/3155/759 4936/3152/759
f 4940/3156/761 4937/3157/760 4938/3154/760
f 4942/3158/762 4939/3159/761 4940/3156/761
f 4944/3160/763 4941/3161/762 4942/3158/762
f 4946/3162/764 4943/3163/763 4944/3160/763
f 4948/3164/765 4945/3165/764 4946/3162/764
f 4950/3166/766 4947/3167/765 4948/3164/765
f 4952/3168/767 4949/3169/766 4950/3166/766
f 4954/3170/768 4951/3171/767 4952/3168/767
f 4956/3172/769 4953/3173/768 4954/3170/768
f 4958/3174/770 4955/3175/769 4956/3172/769
f 4960/3176/771 4957/3177/770 4958/3174/770
f 4962/3178/772 4959/3179/771 4960/3176/771
f 4964/3180/773 4961/3181/772 4962/3178/772
f 4966/3182/774 4963/3183/773 4964/3180/773
f 4968/3184/775 4965/3185/774 4966/3182/774
f 4970/3186/776 4967/3187/775 4968/3184/775
f 4972/3188/777 4969/3189/776 4970/3186/776
f 4974/3190/778 4971/3191/777 4972/3188/777
f 4976/3192/779 4973/3193/778 4974/3190/778
f 4978/3194/780 4975/3195/781 4976/3192/779
f 4980/3196/782 4977/3197/783 4978/3194/780
f 4982/3198/784 4979/3199/782 4980/3196/782
f 4984/3200/427 4981/3201/784 4982/3198/784
f 4986/3202/785 4983/3203/427 4984/3200/427
f 4988/3204/786 4985/3205/785 4986/3202/785
f 4990/3206/787 4987/3207/786 4988/3204/786
f 4992/3208/788 4989/3209/787 4990/3206/787
f 4994/3210/789 4991/3211/788 4992/3208/788
f 4996/3212/790 4993/3213/789 4994/3210/789
f 4998/3214/791 4995/3215/790 4996/3212/790
f 5000/3216/792 4997/3217/791 4998/3214/791
f 5002/3218/793 4999/3219/792 5000/3216/792
f 5004/3220/794 5001/3221/795 5002/3218/793
f 5006/2140/796 5003/3222/794 5004/3220/794
f 5008/3223/797 5005/848/796 5006/2140/796
f 5010/3224/798 5007/3225/797 5008/3223/797
f 5012/3226/532 5009/3227/798 5010/3224/798
f 5014/3228/799 5011/3229/532 5012/3226/532
f 5016/3230/800 5013/3231/799 5014/3228/799
f 5018/3232/801 5015/3233/800 5016/3230/800
f 5020/3234/802 5017/3235/801 5018/3232/801
f 5022/3236/803 5019/3237/802 5020/3234/802
f 5024/3238/804 5021/3239/803 5022/3236/803
f 5026/3240/805 5023/3241/804 5024/3238/804
f 5028/3242/806 5025/3243/805 5026/3240/805
f 5030/3244/807 5027/3245/806 5028/3242/806
f 5032/3246/808 5029/3247/807 5030/3244/807
f 5034/3248/809 5031/3249/808 5032/3246/808
f 5036/3250/810 5033/3251/809 5034/3248/809
f 5038/3252/811 5035/3253/810 5036/3250/810
f 5040/3254/812 5037/3255/811 5038/3252/811
f 5042/3256/813 5039/3257/812 5040/3254/812
f 5044/3258/814 5041/3259/813 5042/3256/813
f 5046/3260/815 5043/3261/814 5044/3258/814
f 5048/3262/816 5045/3263/815 5046/3260/815
f 5050/3264/817 5047/3265/816 5048/3262/816
f 5052/3266/818 5049/3267/817 5050/3264/817
f 5054/3268/819 5051/3269/820 5052/3266/818
f 5056/3270/821 5053/3271/819 5054/3268/819
f 5058/3272/822 5055/3273/823 5056/3270/821
f 5060/3274/824 5057/3275/822 5058/3272/822
f 5062/3276/825 5059/3277/824 5060/3274/824
f 5064/3278/826 5061/3279/825 5062/3276/825
f 5066/3280/827 5063/3281/826 5064/3278/826
f 5068/3282/828 5065/3283/827 5066/3280/827
f 5070/3284/829 5067/3285/828 5068/3282/828
f 5072/3286/830 5069/3287/831 5070/3284/829
f 5074/3288/832 5071/3289/830 5072/3286/830
f 5076/3290/243 5073/3291/833 5074/3288/832
f 5078/3292/834 5075/3293/243 5076/3290/243
f 4932/2549/758 5077/3294/835 5078/3292/834
f 5082/3295/836 5079/199/837 5080/1733/837
f 5084/3296/838 5081/3297/836 5082/3295/836
f 5086/3298/839 5083/3299/838 5084/3296/838
f 5088/3300/840 5085/3301/839 5086/3298/839
f 5090/3302/841 5087/3303/840 5088/3300/840
f 5092/3304/842 5089/3305/841 5090/3302/841
f 5094/3306/843 5091/3307/842 5092/3304/842
f 5096/3308/844 5093/3309/843 5094/3306/843
f 5098/3310/845 5095/3311/844 5096/3308/844
f 5100/3312/846 5097/3313/845 5098/3310/845
f 5102/3314/847 5099/3315/846 5100/3312/846
f 5104/3316/848 5101/3317/847 5102/3314/847
f 5106/3318/849 5103/3319/848 5104/3316/848
f 5108/3320/850 5105/3321/849 5106/3318/849
f 5110/3322/851 5107/3323/850 5108/3320/850
f 5112/3324/852 5109/3325/851 5110/3322/851
f 5114/3326/853 5111/3327/852 5112/3324/852
f 5116/3328/854 5113/3329/853 5114/3326/853
f 5118/3330/855 5115/3331/854 5116/3328/854
f 5120/3332/856 5117/3333/855 5118/3330/855
f 5122/3334/857 5119/3335/856 5120/3332/856
f 5124/3336/858 5121/3337/857 5122/3334/857
f 5126/3338/859 5123/3339/858 5124/3336/858
f 5128/3340/860 5125/3341/859 5126/3338/859
f 5130/3342/861 5127/3343/860 5128/3340/860
f 5132/3344/862 5129/3345/861 5130/3342/861
f 5134/3346/863 5131/3347/862 5132/3344/862
f 5136/3348/864 5133/3349/863 5134/3346/863
f 5138/3350/865 5135/3351/864 5136/3348/864
f 5140/3352/866 5137/3353/865 5138/3350/865
f 5142/3354/867 5139/3355/866 5140/3352/866
f 5144/3356/868 5141/3357/867 5142/3354/867
f 5146/3358/869 5143/3359/868 5144/3356/868
f 5148/3360/870 5145/3361/869 5146/3358/869
f 5150/3362/871 5147/3363/870 5148/3360/870
f 5152/3364/872 5149/3365/871 5150/3362/871
f 5154/3366/873 5151/3367/872 5152/3364/872
f 5156/3368/874 5153/3369/873 5154/3366/873
f 5158/3370/875 5155/3371/876 5156/3368/874
f 5160/3372/877 5157/3373/875 5158/3370/875
f 5162/3374/878 5159/3375/877 5160/3372/877
f 5164/3376/879 5161/3377/878 5162/3374/878
f 5166/3378/880 5163/3379/879 5164/3376/879
f 5168/3380/881 5165/3381/880 5166/3378/880
f 5170/3382/882 5167/3383/881 5168/3380/881
f 5172/3384/883 5169/3385/882 5170/3382/882
f 5174/3386/884 5171/3387/883 5172/3384/883
f 5176/3388/885 5173/3389/884 5174/3386/884
f 5178/3390/886 5175/3391/887 5176/3388/885
f 5180/3392/888 5177/3393/889 5178/3390/886
f 5182/3394/890 5179/3395/888 5180/3392/888
f 5184/3396/891 5181/3397/890 5182/3394/890
f 5186/3398/892 5183/3399/891 5184/3396/891
f 5188/3400/893 5185/3401/894 5186/3398/892
f 5190/3402/895 5187/3403/896 5188/3400/893
f 5192/3404/897 5189/3405/895 5190/3402/895
f 5194/3406/898 5191/3407/897 5192/3404/897
f 5196/3408/899 5193/3409/898 5194/3406/898
f 5198/3410/900 5195/3411/899 5196/3408/899
f 5200/3412/901 5197/3413/900 5198/3410/900
f 5202/3414/902 5199/3415/901 5200/3412/901
f 5204/3416/903 5201/3417/902 5202/3414/902
f 5206/3418/904 5203/3419/905 5204/3416/903
f 5208/3420/906 5205/3421/907 5206/3418/904
f 5210/3422/908 5207/3423/909 5208/3420/906
f 5212/3424/910 5209/3425/911 5210/3422/908
f 5214/3426/912 5211/3427/913 5212/3424/910
f 5216/3428/914 5213/3429/915 5214/3426/912
f 5218/3430/916 5215/3431/917 5216/3428/914
f 5220/3432/918 5217/3433/919 5218/3430/916
f 5222/3434/920 5219/3435/921 5220/3432/918
f 5224/3436/922 5221/3437/920 5222/3434/920
f 5226/3438/923 5223/3439/922 5224/3436/922
f 5228/3440/924 5225/3441/925 5226/3438/923
f 5230/3442/926 5227/3443/927 5228/3440/924
f 5232/3444/928 5229/3445/929 5230/3442/926
f 5234/3446/930 5231/3447/928 5232/3444/928
f 5236/3448/931 5233/3449/930 5234/3446/930
f 5238/3450/932 5235/3451/931 5236/3448/931
f 5240/3452/933 5237/3453/934 5238/3450/932
f 5242/3454/935 5239/3455/933 5240/3452/933
f 5244/3456/936 5241/3457/935 5242/3454/935
f 5246/3458/937 5243/3459/936 5244/3456/936
f 5248/3460/938 5245/3461/937 5246/3458/937
f 5250/3462/939 5247/3463/938 5248/3460/938
f 5252/3464/940 5249/3465/939 5250/3462/939
f 5254/3466/941 5251/3467/940 5252/3464/940
f 5256/3468/942 5253/3469/941 5254/3466/941
f 5258/3470/943 5255/3471/942 5256/3468/942
f 5260/3472/944 5257/3473/943 5258/3470/943
f 5262/3474/945 5259/3475/944 5260/3472/944
f 5264/3476/946 5261/3477/945 5262/3474/945
f 5266/3478/947 5263/3479/946 5264/3476/946
f 5268/3480/948 5265/3481/947 5266/3478/947
f 5270/3482/949 5267/3483/948 5268/3480/948
f 5272/3484/950 5269/3485/949 5270/3482/949
f 5274/3486/951 5271/3487/950 5272/3484/950
f 5276/3488/952 5273/3489/951 5274/3486/951
f 5278/3490/953 5275/3491/952 5276/3488/952
f 5280/3492/954 5277/3493/953 5278/3490/953
f 5282/3494/955 5279/3495/954 5280/3492/954
f 5284/3496/956 5281/3497/955 5282/3494/955
f 5286/3498/957 5283/3499/956 5284/3496/956
f 5288/3500/958 5285/3501/957 5286/3498/957
f 5290/3502/959 5287/3503/958 5288/3500/958
f 5292/3504/960 5289/3505/959 5290/3502/959
f 5294/3506/961 5291/3507/960 5292/3504/960
f 5296/3508/962 5293/3509/961 5294/3506/961
f 5298/3510/963 5295/3511/962 5296/3508/962
f 5300/3512/964 5297/3513/963 5298/3510/963
f 5302/3514/965 5299/3515/964 5300/3512/964
f 5304/3516/966 5301/3517/965 5302/3514/965
f 5306/3518/967 5303/3519/966 5304/3516/966
f 5308/3520/968 5305/3521/967 5306/3518/967
f 5310/3522/969 5307/3523/968 5308/3520/968
f 5312/3524/970 5309/3525/969 5310/3522/969
f 5314/3526/971 5311/3527/970 5312/3524/970
f 5316/3528/972 5313/3529/971 5314/3526/971
f 5318/3530/973 5315/3531/972 5316/3528/972
f 5320/3532/974 5317/3533/973 5318/3530/973
f 5322/3534/975 5319/3535/974 5320/3532/974
f 5324/3536/976 5321/3537/975 5322/3534/975
f 5326/3538/977 5323/3539/976 5324/3536/976
f 5328/3540/978 5325/3541/977 5326/3538/977
f 5330/3542/979 5327/3543/978 5328/3540/978
f 5332/3544/980 5329/3545/979 5330/3542/979
f 5334/3546/981 5331/3547/980 5332/3544/980
f 5336/3548/982 5333/3549/983 5334/3546/981
f 5338/3550/984 5335/3551/982 5336/3548/982
f 5340/3552/985 5337/3553/986 5338/3550/984
f 5342/3554/987 5339/3555/985 5340/3552/985
f 5344/3556/988 5341/3557/987 5342/3554/987
f 5346/3558/989 5343/3559/988 5344/3556/988
f 5348/3560/990 5345/3561/989 5346/3558/989
f 5350/3562/991 5347/3563/990 5348/3560/990
f 5352/3564/992 5349/3565/993 5350/3562/991
f 5354/3566/994 5351/3567/992 5352/3564/992
f 5356/3568/995 5353/3569/994 5354/3566/994
f 5358/3570/996 5355/3571/995 5356/3568/995
f 5360/3572/997 5357/3573/996 5358/3570/996
f 5362/3574/998 5359/3575/997 5360/3572/997
f 5364/3576/999 5361/3577/998 5362/3574/998
f 5366/3578/401 5363/3579/999 5364/3576/999
f 5368/3580/1000 5365/3581/401 5366/3578/401
f 5370/3582/1001 5367/3583/1000 5368/3580/1000
f 5372/3584/1002 5369/3585/1003 5370/3582/1001
f 5374/3586/1004 5371/3587/1005 5372/3584/1002
f 5376/3588/1006 5373/3589/1004 5374/3586/1004
f 5378/3590/1007 5375/3591/1006 5376/3588/1006
f 5380/3592/1008 5377/3593/1007 5378/3590/1007
f 5382/3594/1009 5379/3595/1008 5380/3592/1008
f 5384/3596/1010 5381/3597/1009 5382/3594/1009
f 5386/3598/1011 5383/3599/1010 5384/3596/1010
f 5388/3600/1012 5385/3601/1011 5386/3598/1011
f 5390/3602/1013 5387/3603/1012 5388/3600/1012
f 5392/3604/1014 5389/3605/1013 5390/3602/1013
f 5394/3606/1015 5391/3607/1014 5392/3604/1014
f 5396/3608/1016 5393/3609/1015 5394/3606/1015
f 5398/3610/1017 5395/3611/1016 5396/3608/1016
f 5400/3612/1018 5397/3613/1019 5398/3610/1017
f 5402/3614/1020 5399/3615/1018 5400/3612/1018
f 5404/3616/1021 5401/3617/1020 5402/3614/1020
f 5406/3618/1022 5403/3619/1021 5404/3616/1021
f 5408/3620/1023 5405/3621/1022 5406/3618/1022
f 5410/3622/1024 5407/3623/1023 5408/3620/1023
f 5412/3624/1025 5409/3625/1024 5410/3622/1024
f 5414/3626/1026 5411/3627/1025 5412/3624/1025
f 5416/3628/1027 5413/3629/1026 5414/3626/1026
f 5418/3630/1028 5415/3631/1027 5416/3628/1027
f 5420/3632/1029 5417/3633/1028 5418/3630/1028
f 5422/3634/1030 5419/3635/1029 5420/3632/1029
f 5424/3636/1031 5421/3637/1030 5422/3634/1030
f 5426/3638/1032 5423/3639/1031 5424/3636/1031
f 5428/3640/1033 5425/3641/1034 5426/3638/1032
f 5430/3642/1035 5427/3643/1033 5428/3640/1033
f 5432/3644/1036 5429/3645/1035 5430/3642/1035
f 5434/3646/1037 5431/3647/1036 5432/3644/1036
f 5436/3648/1038 5433/3649/1037 5434/3646/1037
f 5438/3650/1039 5435/3651/1038 5436/3648/1038
f 5440/3652/1040 5437/3653/1039 5438/3650/1039
f 5442/3654/1041 5439/3655/1040 5440/3652/1040
f 5444/3656/1042 5441/3657/1041 5442/3654/1041
f 5446/3658/1043 5443/3659/1042 5444/3656/1042
f 5448/3660/1044 5445/3661/1043 5446/3658/1043
f 5450/3662/1045 5447/3663/1044 5448/3660/1044
f 5452/3664/1046 5449/3665/1045 5450/3662/1045
f 5454/3666/1047 5451/3667/1046 5452/3664/1046
f 5456/3668/1048 5453/3669/1047 5454/3666/1047
f 5458/3670/1049 5455/3671/1048 5456/3668/1048
f 5460/3672/1050 5457/3673/1049 5458/3670/1049
f 5462/3674/1051 5459/3675/1050 5460/3672/1050
f 5464/3676/1052 5461/3677/1051 5462/3674/1051
f 5466/3678/1053 5463/3679/1052 5464/3676/1052
f 5468/3680/1054 5465/3681/1053 5466/3678/1053
f 5470/3682/1055 5467/3683/1054 5468/3680/1054
f 5472/3684/1056 5469/3685/1055 5470/3682/1055
f 5474/3686/277 5471/3687/1056 5472/3684/1056
f 5476/3688/1057 5473/3689/277 5474/3686/277
f 5478/3690/1058 5475/3691/1057 5476/3688/1057
f 5480/3692/1059 5477/3693/1058 5478/3690/1058
f 5482/3694/1060 5479/3695/1059 5480/3692/1059
f 5484/3696/1061 5481/3697/1060 5482/3694/1060
f 5486/3698/1062 5483/3699/1061 5484/3696/1061
f 5488/3700/1063 5485/3701/1062 5486/3698/1062
f 5490/3702/530 5487/3703/1063 5488/3700/1063
f 5492/3704/1064 5489/3705/530 5490/3702/530
f 5494/3706/1065 5491/3707/1064 5492/3704/1064
f 5496/3708/1066 5493/3709/1065 5494/3706/1065
f 5498/3710/1067 5495/3711/1066 5496/3708/1066
f 5500/3712/1068 5497/3713/1067 5498/3710/1067
f 5502/3714/1069 5499/3715/1068 5500/3712/1068
f 5504/3716/1070 5501/3717/1069 5502/3714/1069
f 5506/3718/1071 5503/3719/1070 5504/3716/1070
f 5508/3720/1072 5505/3721/1071 5506/3718/1071
f 5510/3722/1073 5507/3723/1072 5508/3720/1072
f 5512/3724/1074 5509/3725/1073 5510/3722/1073
f 5514/3726/1075 5511/3727/1074 5512/3724/1074
f 5516/3728/1076 5513/3729/1075 5514/3726/1075
f 5518/3730/1077 5515/3731/1076 5516/3728/1076
f 5520/3732/1078 5517/3733/1077 5518/3730/1077
f 5522/3734/1079 5519/3735/1078 5520/3732/1078
f 5524/3736/1080 5521/3737/1079 5522/3734/1079
f 5526/3738/1081 5523/3739/1080 5524/3736/1080
f 5528/3740/1082 5525/3741/1081 5526/3738/1081
f 5530/3742/1083 5527/3743/1082 5528/3740/1082
f 5532/3744/1084 5529/3745/1083 5530/3742/1083
f 5534/3746/1085 5531/3747/1084 5532/3744/1084
f 5536/3748/1086 5533/3749/1085 5534/3746/1085
f 5538/3750/1087 5535/3751/1086 5536/3748/1086
f 5540/3752/1088 5537/3753/1087 5538/3750/1087
f 5542/3754/1089 5539/3755/1088 5540/3752/1088
f 5544/3756/1090 5541/3757/1091 5542/3754/1089
f 5546/3758/1092 5543/3759/1090 5544/3756/1090
f 5548/3760/1093 5545/3761/1092 5546/3758/1092
f 5550/3762/1094 5547/3763/1093 5548/3760/1093
f 5552/3764/1095 5549/3765/1094 5550/3762/1094
f 5554/3766/1096 5551/3767/1095 5552/3764/1095
f 5556/3768/1097 5553/3769/1096 5554/3766/1096
f 5558/3770/1098 5555/3771/1097 5556/3768/1097
f 5560/3772/1099 5557/3773/1100 5558/3770/1098
f 5562/3774/1101 5559/3775/1099 5560/3772/1099
f 5564/3776/1102 5561/3777/1101 5562/3774/1101
f 5566/3778/1103 5563/3779/1104 5564/3776/1102
f 5568/3780/1105 5565/3781/1103 5566/3778/1103
f 5570/3782/1106 5567/3783/1105 5568/3780/1105
f 5572/3784/1107 5569/3785/1106 5570/3782/1106
f 5574/3786/1108 5571/3787/1107 5572/3784/1107
f 5576/3788/1109 5573/3789/1110 5574/3786/1108
f 5578/3790/1111 5575/3791/1109 5576/3788/1109
f 5580/3792/1112 5577/3793/1111 5578/3790/1111
f 5582/3794/1113 5579/3795/1112 5580/3792/1112
f 5584/3796/1114 5581/3797/1113 5582/3794/1113
f 5586/3798/1115 5583/3799/1114 5584/3796/1114
f 5588/3800/1116 5585/3801/1115 5586/3798/1115
f 5590/3802/1117 5587/3803/1116 5588/3800/1116
f 5592/3804/1118 5589/3805/1117 5590/3802/1117
f 5594/3806/1119 5591/3807/1118 5592/3804/1118
f 5596/3808/1120 5593/3809/1119 5594/3806/1119
f 5598/3810/1121 5595/3811/343 5596/3808/1120
f 5600/3812/1122 5597/3813/1121 5598/3810/1121
f 5602/3814/1123 5599/3815/1122 5600/3812/1122
f 5604/3816/1124 5601/3817/1123 5602/3814/1123
f 5606/3818/1125 5603/3819/1126 5604/3816/1124
f 5608/3820/1127 5605/3821/1125 5606/3818/1125
f 5610/3822/1128 5607/3823/1127 5608/3820/1127
f 5612/3824/1129 5609/3825/1128 5610/3822/1128
f 5614/3826/1130 5611/3827/1129 5612/3824/1129
f 5616/3828/1131 5613/3829/1130 5614/3826/1130
f 5618/3830/1132 5615/3831/1131 5616/3828/1131
f 5620/3832/1133 5617/3833/1132 5618/3830/1132
f 5622/3834/1134 5619/3835/1133 5620/3832/1133
f 5624/3836/1135 5621/3837/1134 5622/3834/1134
f 5626/3838/1136 5623/3839/1135 5624/3836/1135
f 5628/3840/1137 5625/3841/1136 5626/3838/1136
f 5630/3842/1138 5627/3843/1137 5628/3840/1137
f 5632/3844/1139 5629/3845/1138 5630/3842/1138
f 5634/3846/1140 5631/3847/1139 5632/3844/1139
f 5636/3848/1141 5633/3849/1140 5634/3846/1140
f 5080/2549/837 5635/3850/1141 5636/3848/1141
f 5640/3851/1142 5637/199/1143 5638/1733/1143
f 5642/3852/1144 5639/3853/1142 5640/3851/1142
f 5644/3854/1145 5641/3855/1144 5642/3852/1144
f 5646/3856/1146 5643/3857/1145 5644/3854/1145
f 5648/3858/1049 5645/3859/1146 5646/3856/1146
f 5650/3860/1147 5647/3861/1049 5648/3858/1049
f 5652/3862/1148 5649/3863/1147 5650/3860/1147
f 5654/3864/1149 5651/3865/1148 5652/3862/1148
f 5656/3866/1150 5653/3867/1149 5654/3864/1149
f 5658/3868/1151 5655/3869/1150 5656/3866/1150
f 5660/3870/1152 5657/3871/1151 5658/3868/1151
f 5662/3872/1153 5659/3873/1152 5660/3870/1152
f 5664/3874/1154 5661/3875/1153 5662/3872/1153
f 5666/3876/1155 5663/3877/1154 5664/3874/1154
f 5668/3878/1156 5665/3879/1155 5666/3876/1155
f 5670/3880/1157 5667/3881/1156 5668/3878/1156
f 5672/3882/1158 5669/3883/1157 5670/3880/1157
f 5674/3884/1159 5671/3885/1158 5672/3882/1158
f 5676/3886/1160 5673/3887/1159 5674/3884/1159
f 5678/3888/1161 5675/3889/1160 5676/3886/1160
f 5680/3890/1162 5677/3891/1161 5678/3888/1161
f 5682/3892/1163 5679/3893/1162 5680/3890/1162
f 5684/3894/1164 5681/3895/1163 5682/3892/1163
f 5686/3896/1165 5683/3897/1164 5684/3894/1164
f 5688/3898/1166 5685/3899/1165 5686/3896/1165
f 5690/3900/1167 5687/3901/1166 5688/3898/1166
f 5692/3902/1168 5689/3903/1167 5690/3900/1167
f 5694/3904/1169 5691/3905/1168 5692/3902/1168
f 5696/3906/1170 5693/3907/1169 5694/3904/1169
f 5698/3908/1171 5695/3909/1170 5696/3906/1170
f 5700/3910/1172 5697/3911/1171 5698/3908/1171
f 5702/3912/1173 5699/3913/1172 5700/3910/1172
f 5704/3914/1174 5701/3915/1175 5702/3912/1173
f 5706/3916/1176 5703/3917/1177 5704/3914/1174
f 5708/3918/1178 5705/3919/1176 5706/3916/1176
f 5710/3920/1179 5707/3921/1178 5708/3918/1178
f 5712/3922/1180 5709/3923/1181 5710/3920/1179
f 5714/3924/1182 5711/3925/1180 5712/3922/1180
f 5716/3926/1183 5713/3927/1182 5714/3924/1182
f 5718/3928/1184 5715/1006/1183 5716/3926/1183
f 5720/3929/813 5717/3930/1185 5718/3928/1184
f 5722/3931/1186 5719/3932/1187 5720/3929/813
f 5724/3933/1188 5721/3934/142 5722/3931/1186
f 5726/3935/1189 5723/3936/1190 5724/3933/1188
f 5728/3937/1191 5725/3938/1189 5726/3935/1189
f 5730/3939/1192 5727/3940/1191 5728/3937/1191
f 5732/3941/1193 5729/3942/1194 5730/3939/1192
f 5734/3943/1195 5731/3944/1193 5732/3941/1193
f 5736/3945/1196 5733/3946/1195 5734/3943/1195
f 5738/3947/1197 5735/3948/1196 5736/3945/1196
f 5740/3949/1198 5737/3950/1197 5738/3947/1197
f 5742/3951/1199 5739/3952/1198 5740/3949/1198
f 5744/3953/1200 5741/3954/1199 5742/3951/1199
f 5746/3955/1201 5743/3956/1200 5744/3953/1200
f 5748/3957/1202 5745/3958/1201 5746/3955/1201
f 5750/3959/1203 5747/3960/1202 5748/3957/1202
f 5752/3961/1204 5749/3962/1203 5750/3959/1203
f 5754/3963/1205 5751/3964/1204 5752/3961/1204
f 5756/3965/1206 5753/3966/1207 5754/3963/1205
f 5758/3967/1208 5755/3968/1206 5756/3965/1206
f 5760/3969/1209 5757/3970/1208 5758/3967/1208
f 5762/3971/1210 5759/3972/1209 5760/3969/1209
f 5764/3973/1211 5761/3974/1210 5762/3971/1210
f 5766/3975/1212 5763/3976/1211 5764/3973/1211
f 5768/3977/1213 5765/3978/1212 5766/3975/1212
f 5770/3979/1214 5767/3980/1213 5768/3977/1213
f 5772/3981/1215 5769/3982/1214 5770/3979/1214
f 5774/3983/1216 5771/3984/1215 5772/3981/1215
f 5776/3985/1217 5773/3986/1216 5774/3983/1216
f 5778/3987/1218 5775/3988/1217 5776/3985/1217
f 5780/3989/1219 5777/3990/1218 5778/3987/1218
f 5782/3991/1220 5779/3992/1219 5780/3989/1219
f 5784/3993/1221 5781/3994/1220 5782/3991/1220
f 5786/3995/1222 5783/3996/1221 5784/3993/1221
f 5788/3997/1223 5785/3998/1222 5786/3995/1222
f 5790/3999/1224 5787/4000/1223 5788/3997/1223
f 5792/4001/1225 5789/4002/1224 5790/3999/1224
f 5794/4003/1226 5791/4004/1225 5792/4001/1225
f 5796/4005/1227 5793/857/1226 5794/4003/1226
f 5798/4006/1228 5795/4007/1227 5796/4005/1227
f 5800/4008/1229 5797/4009/1228 5798/4006/1228
f 5802/4010/1230 5799/4011/1229 5800/4008/1229
f 5804/4012/1231 5801/4013/1230 5802/4010/1230
f 5806/4014/1232 5803/4015/1231 5804/4012/1231
f 5808/4016/1233 5805/4017/1232 5806/4014/1232
f 5810/4018/1234 5807/4019/1233 5808/4016/1233
f 5812/4020/1235 5809/4021/1234 5810/4018/1234
f 5814/4022/1236 5811/4023/1235 5812/4020/1235
f 5816/4024/1237 5813/4025/1236 5814/4022/1236
f 5818/4026/1238 5815/4027/1237 5816/4024/1237
f 5820/4028/1239 5817/4029/1240 5818/4026/1238
f 5822/4030/1241 5819/4031/1239 5820/4028/1239
f 5824/4032/1242 5821/4033/1241 5822/4030/1241
f 5826/4034/1243 5823/4035/1242 5824/4032/1242
f 5828/4036/1244 5825/4037/1243 5826/4034/1243
f 5830/4038/1245 5827/4039/1244 5828/4036/1244
f 5832/4040/1246 5829/4041/1245 5830/4038/1245
f 5834/4042/1247 5831/4043/1246 5832/4040/1246
f 5836/4044/1248 5833/4045/1247 5834/4042/1247
f 5838/4046/1249 5835/4047/1248 5836/4044/1248
f 5840/4048/1250 5837/4049/1249 5838/4046/1249
f 5842/4050/1251 5839/4051/1250 5840/4048/1250
f 5844/4052/1252 5841/4053/1251 5842/4050/1251
f 5846/3478/1253 5843/4054/1252 5844/4052/1252
f 5848/4055/1254 5845/3481/1253 5846/3478/1253
f 5850/4056/1255 5847/4057/1254 5848/4055/1254
f 5852/4058/1256 5849/4059/1257 5850/4056/1255
f 5854/4060/1258 5851/4061/1259 5852/4058/1256
f 5856/4062/1260 5853/4063/1261 5854/4060/1258
f 5858/4064/1262 5855/4065/1263 5856/4062/1260
f 5860/4066/1264 5857/4067/1262 5858/4064/1262
f 5862/4068/1265 5859/4069/1264 5860/4066/1264
f 5864/4070/1266 5861/4071/1265 5862/4068/1265
f 5866/4072/1267 5863/4073/1266 5864/4070/1266
f 5868/4074/1268 5865/4075/1267 5866/4072/1267
f 5870/4076/1269 5867/4077/1270 5868/4074/1268
f 5872/4078/1271 5869/4079/1269 5870/4076/1269
f 5874/4080/1272 5871/935/1271 5872/4078/1271
f 5876/4081/468 5873/4082/1272 5874/4080/1272
f 5878/4083/1273 5875/4084/468 5876/4081/468
f 5880/4085/1274 5877/4086/1275 5878/4083/1273
f 5882/4087/1276 5879/4088/1274 5880/4085/1274
f 5884/4089/1277 5881/4090/1276 5882/4087/1276
f 5886/4091/1278 5883/4092/1277 5884/4089/1277
f 5888/4093/1279 5885/4094/1278 5886/4091/1278
f 5890/4095/1280 5887/4096/1281 5888/4093/1279
f 5892/4097/1282 5889/4098/1280 5890/4095/1280
f 5894/4099/1283 5891/4100/1282 5892/4097/1282
f 5896/4101/1284 5893/4102/1283 5894/4099/1283
f 5898/4103/1285 5895/4104/1284 5896/4101/1284
f 5900/4105/1286 5897/4106/1287 5898/4103/1285
f 5902/4107/1288 5899/4108/1286 5900/4105/1286
f 5904/4109/1289 5901/4110/1288 5902/4107/1288
f 5906/4111/1290 5903/4112/1291 5904/4109/1289
f 5908/4113/1292 5905/4114/1290 5906/4111/1290
f 5910/4115/1293 5907/4116/1292 5908/4113/1292
f 5912/4117/1294 5909/4118/1295 5910/4115/1293
f 5914/4119/1296 5911/4120/1294 5912/4117/1294
f 5916/4121/1297 5913/4122/1298 5914/4119/1296
f 5918/4123/1299 5915/4124/1297 5916/4121/1297
f 5920/4125/1300 5917/4126/1299 5918/4123/1299
f 5922/4127/1301 5919/4128/1300 5920/4125/1300
f 5924/4129/1302 5921/4130/1301 5922/4127/1301
f 5926/4131/1303 5923/4132/1302 5924/4129/1302
f 5928/4133/1304 5925/4134/1305 5926/4131/1303
f 5930/4135/1306 5927/4136/1304 5928/4133/1304
f 5932/4137/1307 5929/4138/1308 5930/4135/1306
f 5934/4139/1309 5931/4140/1307 5932/4137/1307
f 5936/4141/1310 5933/4142/1309 5934/4139/1309
f 5938/4143/1311 5935/4144/1310 5936/4141/1310
f 5940/4145/1312 5937/4146/1311 5938/4143/1311
f 5942/4147/1313 5939/4148/1312 5940/4145/1312
f 5944/4149/1314 5941/4150/1313 5942/4147/1313
f 5946/4151/1315 5943/4152/1314 5944/4149/1314
f 5948/4153/1316 5945/4154/1315 5946/4151/1315
f 5950/2140/1317 5947/4155/1316 5948/4153/1316
f 5952/4156/1318 5949/848/1317 5950/2140/1317
f 5954/4157/1319 5951/4158/1318 5952/4156/1318
f 5956/4159/1320 5953/4160/1319 5954/4157/1319
f 5958/4161/1321 5955/4162/1320 5956/4159/1320
f 5960/4163/1322 5957/4164/1321 5958/4161/1321
f 5962/4165/1323 5959/4166/1322 5960/4163/1322
f 5964/4167/1324 5961/4168/1323 5962/4165/1323
f 5966/4169/1325 5963/4170/1324 5964/4167/1324
f 5968/4171/1326 5965/4172/1325 5966/4169/1325
f 5970/4173/1327 5967/4174/1326 5968/4171/1326
f 5972/4175/1328 5969/4176/1327 5970/4173/1327
f 5974/4177/1329 5971/4178/1328 5972/4175/1328
f 5976/4179/1330 5973/4180/1329 5974/4177/1329
f 5978/4181/1331 5975/4182/1330 5976/4179/1330
f 5980/4183/1332 5977/4184/1333 5978/4181/1331
f 5982/4185/1334 5979/4186/1332 5980/4183/1332
f 5984/4187/1335 5981/4188/1336 5982/4185/1334
f 5986/4189/1337 5983/4190/1335 5984/4187/1335
f 5988/4191/1338 5985/4192/1337 5986/4189/1337
f 5990/4193/1339 5987/4194/1338 5988/4191/1338
f 5992/4195/1340 5989/4196/1339 5990/4193/1339
f 5994/4197/1341 5991/4198/1340 5992/4195/1340
f 5996/4199/1342 5993/4200/1341 5994/4197/1341
f 5998/4201/1343 5995/4202/1342 5996/4199/1342
f 6000/4203/1344 5997/4204/1343 5998/4201/1343
f 6002/4205/1345 5999/4206/1346 6000/4203/1344
f 6004/4207/1347 6001/4208/1345 6002/4205/1345
f 6006/4209/1348 6003/4210/1347 6004/4207/1347
f 6008/4211/1349 6005/4212/1348 6006/4209/1348
f 6010/4213/1350 6007/4214/1349 6008/4211/1349
f 6012/4215/1351 6009/4216/1350 6010/4213/1350
f 6014/4217/1352 6011/4218/1353 6012/4215/1351
f 6016/4219/1354 6013/4220/1352 6014/4217/1352
f 6018/4221/1355 6015/4222/1354 6016/4219/1354
f 6020/4223/1356 6017/4224/1355 6018/4221/1355
f 6022/4225/1357 6019/4226/1356 6020/4223/1356
f 6024/4227/1358 6021/4228/1357 6022/4225/1357
f 6026/4229/1359 6023/4230/1360 6024/4227/1358
f 6028/4231/1361 6025/4232/1359 6026/4229/1359
f 6030/4233/1362 6027/768/1361 6028/4231/1361
f 6032/4234/1363 6029/4235/1362 6030/4233/1362
f 6034/4236/1364 6031/4237/1363 6032/4234/1363
f 6036/4238/1365 6033/4239/1364 6034/4236/1364
f 6038/4240/1366 6035/4241/1365 6036/4238/1365
f 6040/4242/1367 6037/4243/1366 6038/4240/1366
f 6042/4244/1368 6039/4245/1367 6040/4242/1367
f 6044/4246/1369 6041/4247/1368 6042/4244/1368
f 6046/4248/1370 6043/4249/1369 6044/4246/1369
f 6048/4250/1371 6045/4251/1370 6046/4248/1370
f 6050/4252/1372 6047/4253/1371 6048/4250/1371
f 6052/4254/1373 6049/4255/1372 6050/4252/1372
f 6054/3664/1374 6051/4256/1373 6052/4254/1373
f 6056/4257/1375 6053/3667/1374 6054/3664/1374
f 6058/4258/1376 6055/4259/1375 6056/4257/1375
f 6060/4260/1377 6057/4261/1378 6058/4258/1376
f 6062/4262/1379 6059/4263/1377 6060/4260/1377
f 6064/4264/1380 6061/4265/1379 6062/4262/1379
f 6066/4266/1381 6063/4267/1380 6064/4264/1380
f 6068/4268/1382 6065/4269/1381 6066/4266/1381
f 6070/4270/1383 6067/4271/1382 6068/4268/1382
f 6072/4272/1384 6069/4273/1385 6070/4270/1383
f 6074/4274/1386 6071/4275/1384 6072/4272/1384
f 6076/4276/1387 6073/4277/1386 6074/4274/1386
f 6078/4278/1388 6075/4279/1389 6076/4276/1387
f 6080/4280/1390 6077/4281/1388 6078/4278/1388
f 6082/4282/1391 6079/4283/1390 6080/4280/1390
f 6084/4284/1392 6081/4285/1391 6082/4282/1391
f 6086/4286/1393 6083/4287/1392 6084/4284/1392
f 6088/4288/1394 6085/4289/1393 6086/4286/1393
f 6090/4290/1395 6087/4291/1394 6088/4288/1394
f 6092/4292/1396 6089/4293/1395 6090/4290/1395
f 6094/4294/1397 6091/4295/1396 6092/4292/1396
f 6096/4296/1398 6093/4297/1397 6094/4294/1397
f 6098/4298/1399 6095/4299/1398 6096/4296/1398
f 6100/4300/1400 6097/4301/1399 6098/4298/1399
f 6102/4302/1401 6099/4303/1400 6100/4300/1400
f 6104/4304/1402 6101/4305/1401 6102/4302/1401
f 6106/4306/1403 6103/4307/1402 6104/4304/1402
f 6108/4308/1404 6105/856/1403 6106/4306/1403
f 6110/4309/1405 6107/4310/1404 6108/4308/1404
f 6112/4311/1406 6109/4312/1405 6110/4309/1405
f 6114/4313/1407 6111/4314/1408 6112/4311/1406
f 6116/4315/1409 6113/4316/1407 6114/4313/1407
f 6118/4317/1410 6115/4318/1409 6116/4315/1409
f 6120/4319/1411 6117/4320/1410 6118/4317/1410
f 6122/4321/1412 6119/4322/1411 6120/4319/1411
f 6124/4323/1413 6121/4324/1412 6122/4321/1412
f 6126/4325/1414 6123/4326/1415 6124/4323/1413
f 6128/4327/1416 6125/4328/1414 6126/4325/1414
f 6130/4329/1417 6127/4330/1416 6128/4327/1416
f 6132/4331/1418 6129/4332/1417 6130/4329/1417
f 6134/4333/1419 6131/4334/1418 6132/4331/1418
f 6136/4335/1420 6133/4336/1419 6134/4333/1419
f 6138/4337/1421 6135/4338/1420 6136/4335/1420
f 6140/4339/1422 6137/4340/1421 6138/4337/1421
f 6142/4341/1423 6139/4342/1422 6140/4339/1422
f 6144/4343/1424 6141/4344/1423 6142/4341/1423
f 6146/4345/350 6143/4346/1424 6144/4343/1424
f 6148/4347/1425 6145/4348/350 6146/4345/350
f 6150/4349/1426 6147/4350/1425 6148/4347/1425
f 6152/4351/764 6149/4352/1426 6150/4349/1426
f 6154/4353/1427 6151/4354/764 6152/4351/764
f 6156/4355/1428 6153/4356/1427 6154/4353/1427
f 6158/4357/1429 6155/4358/1428 6156/4355/1428
f 6160/4359/1430 6157/4360/1429 6158/4357/1429
f 6162/4361/1431 6159/4362/1432 6160/4359/1430
f 6164/4363/1433 6161/4364/1431 6162/4361/1431
f 6166/4365/1434 6163/4366/1433 6164/4363/1433
f 6168/4367/1435 6165/4368/1434 6166/4365/1434
f 6170/4369/1436 6167/4370/1437 6168/4367/1435
f 6172/4371/1438 6169/4372/1436 6170/4369/1436
f 6174/4373/1439 6171/4374/1438 6172/4371/1438
f 6176/4375/1440 6173/4376/1441 6174/4373/1439
f 6178/4377/1442 6175/4378/1443 6176/4375/1440
f 6180/4379/1444 6177/4380/1442 6178/4377/1442
f 6182/4381/1445 6179/4382/1446 6180/4379/1444
f 6184/4383/1447 6181/4384/1445 6182/4381/1445
f 6186/4385/1448 6183/803/1449 6184/4383/1447
f 6188/4386/1450 6185/4387/1451 6186/4385/1448
f 6190/4388/1452 6187/4389/1450 6188/4386/1450
f 6192/4390/1453 6189/4391/1452 6190/4388/1452
f 6194/4392/1454 6191/4393/1455 6192/4390/1453
f 6196/4394/1456 6193/4395/1457 6194/4392/1454
f 6198/4396/1458 6195/4397/1456 6196/4394/1456
f 6200/4398/1459 6197/4399/1458 6198/4396/1458
f 6202/4400/1460 6199/4401/1459 6200/4398/1459
f 6204/4402/1461 6201/4403/1460 6202/4400/1460
f 6206/4404/1462 6203/4405/1461 6204/4402/1461
f 6208/4406/1463 6205/4407/1462 6206/4404/1462
f 6210/4408/1464 6207/4409/1465 6208/4406/1463
f 6212/4410/1466 6209/4411/1467 6210/4408/1464
f 6214/4412/1468 6211/4413/1469 6212/4410/1466
f 6216/4414/1470 6213/4415/1468 6214/4412/1468
f 6218/4416/1471 6215/4417/1472 6216/4414/1470
f 6220/4418/1473 6217/4419/1474 6218/4416/1471
f 6222/4420/1475 6219/4421/1476 6220/4418/1473
f 6224/4422/1477 6221/4423/1478 6222/4420/1475
f 6226/4424/1479 6223/4425/1477 6224/4422/1477
f 6228/4426/1480 6225/4427/1479 6226/4424/1479
f 6230/4428/1481 6227/4429/1480 6228/4426/1480
f 6232/4430/1482 6229/4431/1481 6230/4428/1481
f 6234/4432/1483 6231/4433/1482 6232/4430/1482
f 6236/4434/1484 6233/4435/1483 6234/4432/1483
f 6238/4436/1485 6235/4437/1484 6236/4434/1484
f 6240/4438/1486 6237/4439/1485 6238/4436/1485
f 6242/4440/1487 6239/4441/1488 6240/4438/1486
f 6244/4442/1489 6241/4443/1487 6242/4440/1487
f 6246/4444/1490 6243/4445/1489 6244/4442/1489
f 6248/4446/1491 6245/4447/1490 6246/4444/1490
f 6250/4448/1492 6247/4449/1491 6248/4446/1491
f 6252/4450/1493 6249/4451/1492 6250/4448/1492
f 6254/4452/1494 6251/4453/1493 6252/4450/1493
f 6256/4454/4 6253/4455/1494 6254/4452/1494
f 6258/4456/1495 6255/4457/4 6256/4454/4
f 6260/4458/1496 6257/4459/1495 6258/4456/1495
f 5638/2549/1143 6259/4460/1496 6260/4458/1496
f 6264/4461/1497 6261/199/1498 6262/1733/1498
f 6266/4462/1499 6263/4463/1497 6264/4461/1497
f 6268/4464/1500 6265/4465/1499 6266/4462/1499
f 6270/4466/1501 6267/4467/1500 6268/4464/1500
f 6272/4468/1502 6269/4469/1503 6270/4466/1501
f 6274/4470/1504 6271/4471/1502 6272/4468/1502
f 6276/4472/1505 6273/4473/1504 6274/4470/1504
f 6278/4474/1506 6275/4475/1505 6276/4472/1505
f 6280/4476/1507 6277/4477/1506 6278/4474/1506
f 6282/4478/1508 6279/4479/1507 6280/4476/1507
f 6284/4480/1509 6281/4481/1508 6282/4478/1508
f 6286/4482/1510 6283/4483/1509 6284/4480/1509
f 6288/4484/1511 6285/4485/1510 6286/4482/1510
f 6290/4486/1512 6287/4487/1511 6288/4484/1511
f 6292/4488/1513 6289/4489/1512 6290/4486/1512
f 6294/4490/1514 6291/4491/1513 6292/4488/1513
f 6296/4492/1515 6293/4493/1514 6294/4490/1514
f 6298/4494/1516 6295/4495/1515 6296/4492/1515
f 6300/4496/1517 6297/4497/1516 6298/4494/1516
f 6302/4498/1518 6299/4499/1517 6300/4496/1517
f 6304/4500/1519 6301/4501/1520 6302/4498/1518
f 6306/4502/1521 6303/4503/1519 6304/4500/1519
f 6308/4504/1522 6305/4505/1521 6306/4502/1521
f 6310/4506/1523 6307/4507/1522 6308/4504/1522
f 6312/4508/589 6309/4509/1523 6310/4506/1523
f 6314/4510/1524 6311/4511/589 6312/4508/589
f 6316/4512/1525 6313/4513/1524 6314/4510/1524
f 6318/4514/1526 6315/4515/1525 6316/4512/1525
f 6320/4516/1527 6317/4517/1526 6318/4514/1526
f 6322/4518/1528 6319/4519/1527 6320/4516/1527
f 6324/4520/1529 6321/4521/1528 6322/4518/1528
f 6326/4522/1530 6323/4523/1529 6324/4520/1529
f 6328/4524/1531 6325/4525/1530 6326/4522/1530
f 6330/4526/1532 6327/4527/1531 6328/4524/1531
f 6332/4528/1533 6329/4529/1532 6330/4526/1532
f 6334/4530/1534 6331/4531/1533 6332/4528/1533
f 6336/4532/1535 6333/4533/1534 6334/4530/1534
f 6338/4534/1536 6335/4535/1535 6336/4532/1535
f 6340/4536/1537 6337/4537/1536 6338/4534/1536
f 6342/4538/1538 6339/4539/1537 6340/4536/1537
f 6344/4540/1539 6341/4541/1538 6342/4538/1538
f 6346/4542/1540 6343/4543/1541 6344/4540/1539
f 6348/4544/1542 6345/4545/1540 6346/4542/1540
f 6350/4546/1543 6347/4547/1542 6348/4544/1542
f 6352/4548/1544 6349/4549/1545 6350/4546/1543
f 6354/4550/1546 6351/4551/1544 6352/4548/1544
f 6356/4552/1547 6353/4553/1546 6354/4550/1546
f 6358/4554/1548 6355/4555/1547 6356/4552/1547
f 6360/4556/1549 6357/4557/1548 6358/4554/1548
f 6362/4558/1550 6359/4559/1549 6360/4556/1549
f 6364/4560/1551 6361/4561/1550 6362/4558/1550
f 6366/4562/1552 6363/4563/1553 6364/4560/1551
f 6368/4564/1554 6365/4565/1552 6366/4562/1552
f 6370/4566/1555 6367/4567/1554 6368/4564/1554
f 6372/4568/1556 6369/4569/1555 6370/4566/1555
f 6374/4570/1557 6371/4571/1556 6372/4568/1556
f 6376/4572/1558 6373/4573/1557 6374/4570/1557
f 6378/4574/1559 6375/4575/1558 6376/4572/1558
f 6380/4576/1560 6377/4577/1559 6378/4574/1559
f 6382/4578/1561 6379/4579/1560 6380/4576/1560
f 6384/4580/1562 6381/4581/1561 6382/4578/1561
f 6386/4582/1563 6383/4583/1371 6384/4580/1562
f 6388/4584/1564 6385/4585/1563 6386/4582/1563
f 6390/4586/1565 6387/4587/1564 6388/4584/1564
f 6392/4588/1566 6389/4589/1565 6390/4586/1565
f 6394/4590/1567 6391/4591/1566 6392/4588/1566
f 6396/4592/1568 6393/4593/1567 6394/4590/1567
f 6398/4594/1569 6395/4595/1568 6396/4592/1568
f 6400/4596/1570 6397/4597/1569 6398/4594/1569
f 6402/4598/1571 6399/4599/1570 6400/4596/1570
f 6404/4600/1572 6401/4601/1571 6402/4598/1571
f 6406/4602/1573 6403/4603/1572 6404/4600/1572
f 6408/4604/1574 6405/4605/1573 6406/4602/1573
f 6410/4606/1575 6407/4607/1574 6408/4604/1574
f 6412/4608/1576 6409/4609/1575 6410/4606/1575
f 6414/4610/1577 6411/4611/1576 6412/4608/1576
f 6416/4612/1578 6413/4613/1577 6414/4610/1577
f 6418/4614/1579 6415/4615/1580 6416/4612/1578
f 6420/4616/1581 6417/4617/1579 6418/4614/1579
f 6422/4618/1582 6419/4619/1581 6420/4616/1581
f 6424/4620/1583 6421/4621/1582 6422/4618/1582
f 6426/4622/1584 6423/4623/1583 6424/4620/1583
f 6428/4624/1585 6425/4625/1584 6426/4622/1584
f 6430/4626/1586 6427/4627/1587 6428/4624/1585
f 6432/4628/1588 6429/4629/1586 6430/4626/1586
f 6434/4630/1589 6431/4631/1588 6432/4628/1588
f 6436/4632/1590 6433/4633/1589 6434/4630/1589
f 6438/4634/1591 6435/4635/1590 6436/4632/1590
f 6440/4636/1592 6437/4637/1593 6438/4634/1591
f 6442/4638/1594 6439/4639/1592 6440/4636/1592
f 6444/4640/1595 6441/4641/1594 6442/4638/1594
f 6446/4642/1596 6443/4643/1595 6444/4640/1595
f 6448/4644/1597 6445/4645/1596 6446/4642/1596
f 6450/4646/1598 6447/4647/1597 6448/4644/1597
f 6452/4648/1599 6449/4649/1598 6450/4646/1598
f 6454/4650/1600 6451/4651/1599 6452/4648/1599
f 6456/4652/1601 6453/4653/1600 6454/4650/1600
f 6458/4654/1602 6455/4655/1601 6456/4652/1601
f 6460/4656/1603 6457/4657/1602 6458/4654/1602
f 6462/4658/1604 6459/4659/1603 6460/4656/1603
f 6464/4660/1605 6461/4661/1604 6462/4658/1604
f 6466/4662/1606 6463/4663/1605 6464/4660/1605
f 6468/4664/1607 6465/4665/1606 6466/4662/1606
f 6470/4666/1608 6467/4667/1607 6468/4664/1607
f 6472/4668/1609 6469/4669/1608 6470/4666/1608
f 6474/4670/1610 6471/4671/1609 6472/4668/1609
f 6476/4672/1611 6473/4673/1610 6474/4670/1610
f 6478/4674/1612 6475/4675/1611 6476/4672/1611
f 6480/4676/1613 6477/4677/1612 6478/4674/1612
f 6482/4678/1614 6479/4679/1613 6480/4676/1613
f 6484/4680/1615 6481/4681/1614 6482/4678/1614
f 6486/4682/1616 6483/4683/1615 6484/4680/1615
f 6488/4684/1617 6485/4685/1616 6486/4682/1616
f 6490/4686/1618 6487/4687/1617 6488/4684/1617
f 6492/4688/1619 6489/4689/1618 6490/4686/1618
f 6494/4690/1620 6491/4691/1621 6492/4688/1619
f 6496/4692/1622 6493/4693/1620 6494/4690/1620
f 6498/4694/1623 6495/4695/1622 6496/4692/1622
f 6500/4696/1624 6497/4697/1623 6498/4694/1623
f 6502/4698/1625 6499/4699/1624 6500/4696/1624
f 6504/4700/1626 6501/4701/1627 6502/4698/1625
f 6506/4702/1628 6503/4703/1626 6504/4700/1626
f 6508/4704/1629 6505/4705/1628 6506/4702/1628
f 6510/4706/1630 6507/4707/1629 6508/4704/1629
f 6512/4708/1631 6509/4709/1630 6510/4706/1630
f 6514/4710/1632 6511/4711/1631 6512/4708/1631
f 6516/4712/1633 6513/4713/1632 6514/4710/1632
f 6518/4714/1634 6515/4715/1633 6516/4712/1633
f 6520/4716/1635 6517/4717/1634 6518/4714/1634
f 6522/4718/1636 6519/4719/1635 6520/4716/1635
f 6524/4720/1637 6521/4721/1638 6522/4718/1636
f 6526/4722/1639 6523/4723/1637 6524/4720/1637
f 6528/4724/1640 6525/4725/1639 6526/4722/1639
f 6530/4726/1641 6527/4727/1640 6528/4724/1640
f 6532/4728/1642 6529/4729/1641 6530/4726/1641
f 6534/4730/1643 6531/4731/1642 6532/4728/1642
f 6536/4732/1644 6533/4733/1643 6534/4730/1643
f 6538/4734/1645 6535/4735/1644 6536/4732/1644
f 6540/4736/1646 6537/4737/1645 6538/4734/1645
f 6542/4738/1647 6539/4739/1646 6540/4736/1646
f 6544/4740/1648 6541/4741/1647 6542/4738/1647
f 6546/4742/1649 6543/4743/1648 6544/4740/1648
f 6548/4744/1650 6545/4745/1649 6546/4742/1649
f 6550/4746/1651 6547/4747/1650 6548/4744/1650
f 6552/4748/1652 6549/4749/1651 6550/4746/1651
f 6554/4750/1653 6551/4751/1652 6552/4748/1652
f 6556/4752/1654 6553/4753/1653 6554/4750/1653
f 6558/4754/1655 6555/4755/1654 6556/4752/1654
f 6560/4756/1656 6557/4757/1655 6558/4754/1655
f 6562/4758/1657 6559/4759/1656 6560/4756/1656
f 6564/4760/1448 6561/4761/1657 6562/4758/1657
f 6566/4762/1658 6563/4763/1448 6564/4760/1448
f 6568/4764/1659 6565/4765/1658 6566/4762/1658
f 6570/4766/1660 6567/4767/1659 6568/4764/1659
f 6572/4768/1661 6569/4769/1660 6570/4766/1660
f 6574/4770/1662 6571/4771/1661 6572/4768/1661
f 6576/4772/1663 6573/4773/1662 6574/4770/1662
f 6578/4774/1664 6575/4775/1663 6576/4772/1663
f 6580/4776/1665 6577/4777/1664 6578/4774/1664
f 6582/4778/1666 6579/4779/1665 6580/4776/1665
f 6584/4780/1667 6581/4781/1666 6582/4778/1666
f 6586/4782/1668 6583/4783/1669 6584/4780/1667
f 6588/4784/1670 6585/4785/1668 6586/4782/1668
f 6590/4786/1671 6587/4787/1670 6588/4784/1670
f 6592/4788/1672 6589/4789/1671 6590/4786/1671
f 6594/4790/1673 6591/4791/1672 6592/4788/1672
f 6596/4792/1674 6593/4793/1675 6594/4790/1673
f 6598/4794/1676 6595/4795/1677 6596/4792/1674
f 6600/4796/1678 6597/4797/1679 6598/4794/1676
f 6602/4798/1680 6599/4799/1678 6600/4796/1678
f 6604/4800/1681 6601/4801/1680 6602/4798/1680
f 6606/4802/1682 6603/4803/1681 6604/4800/1681
f 6608/4804/1683 6605/4805/1684 6606/4802/1682
f 6610/4806/1685 6607/4807/1683 6608/4804/1683
f 6612/4808/1075 6609/4809/1685 6610/4806/1685
f 6614/4810/1686 6611/4811/1075 6612/4808/1075
f 6616/4812/1687 6613/4813/1686 6614/4810/1686
f 6618/4814/1688 6615/4815/1687 6616/4812/1687
f 6620/4816/1689 6617/4817/1690 6618/4814/1688
f 6622/4818/1691 6619/4819/1689 6620/4816/1689
f 6624/4820/1692 6621/4821/1691 6622/4818/1691
f 6626/4822/1693 6623/4823/1692 6624/4820/1692
f 6628/4824/1694 6625/4825/1693 6626/4822/1693
f 6630/4826/1695 6627/4827/1696 6628/4824/1694
f 6632/4828/1697 6629/4829/1698 6630/4826/1695
f 6634/4830/1699 6631/4831/1700 6632/4828/1697
f 6636/4832/1701 6633/4833/1699 6634/4830/1699
f 6638/4834/1702 6635/4835/1701 6636/4832/1701
f 6640/4836/1264 6637/4837/1702 6638/4834/1702
f 6642/4838/1703 6639/4839/1264 6640/4836/1264
f 6644/4840/1704 6641/4841/1703 6642/4838/1703
f 6646/4842/1705 6643/4843/1706 6644/4840/1704
f 6648/4844/1707 6645/4845/1705 6646/4842/1705
f 6650/4846/1708 6647/4847/1707 6648/4844/1707
f 6652/4848/1709 6649/4849/1708 6650/4846/1708
f 6654/4850/1710 6651/4851/1709 6652/4848/1709
f 6656/4852/1711 6653/4853/1710 6654/4850/1710
f 6658/4854/1712 6655/4855/1711 6656/4852/1711
f 6660/4856/1713 6657/4857/1712 6658/4854/1712
f 6662/4858/1714 6659/4859/1713 6660/4856/1713
f 6664/4860/1715 6661/4861/1714 6662/4858/1714
f 6666/4862/1716 6663/4863/1715 6664/4860/1715
f 6668/4864/1717 6665/4865/1716 6666/4862/1716
f 6670/4866/1718 6667/4867/1717 6668/4864/1717
f 6672/4868/1719 6669/4869/1718 6670/4866/1718
f 6674/4870/1720 6671/4871/1719 6672/4868/1719
f 6676/4872/1721 6673/4873/1720 6674/4870/1720
f 6678/4874/1722 6675/4875/1721 6676/4872/1721
f 6680/4876/1723 6677/4877/1722 6678/4874/1722
f 6682/4878/1724 6679/4879/1723 6680/4876/1723
f 6684/4880/1725 6681/4881/1724 6682/4878/1724
f 6686/4882/1726 6683/4883/1725 6684/4880/1725
f 6688/4884/1727 6685/4885/1728 6686/4882/1726
f 6690/4886/1729 6687/4887/1727 6688/4884/1727
f 6692/4888/1730 6689/4889/1729 6690/4886/1729
f 6694/4890/1731 6691/4891/1730 6692/4888/1730
f 6696/4892/1732 6693/4893/1731 6694/4890/1731
f 6698/4894/1733 6695/4895/1734 6696/4892/1732
f 6700/4896/1735 6697/4897/1736 6698/4894/1733
f 6702/4898/1737 6699/4899/1735 6700/4896/1735
f 6704/4900/1738 6701/4901/1739 6702/4898/1737
f 6706/4902/1740 6703/4903/1738 6704/4900/1738
f 6708/4904/1741 6705/4905/1740 6706/4902/1740
f 6710/4906/1408 6707/4907/1741 6708/4904/1741
f 6712/4908/1742 6709/4909/1408 6710/4906/1408
f 6714/4910/1743 6711/4911/1744 6712/4908/1742
f 6716/4912/1745 6713/4913/1743 6714/4910/1743
f 6718/4914/1746 6715/4915/1745 6716/4912/1745
f 6720/4916/1747 6717/4917/1746 6718/4914/1746
f 6722/4918/1748 6719/4919/1749 6720/4916/1747
f 6724/4920/1750 6721/4921/1751 6722/4918/1748
f 6726/4922/1752 6723/4923/1753 6724/4920/1750
f 6728/4924/1220 6725/4925/1754 6726/4922/1752
f 6730/4926/1702 6727/4927/1755 6728/4924/1220
f 6732/4928/1756 6729/4929/1757 6730/4926/1702
f 6734/4930/1758 6731/4931/1756 6732/4928/1756
f 6736/4932/1759 6733/4933/1758 6734/4930/1758
f 6738/4934/1760 6735/4935/1759 6736/4932/1759
f 6740/4936/1761 6737/4937/1760 6738/4934/1760
f 6742/4938/1762 6739/4939/1761 6740/4936/1761
f 6744/4940/1763 6741/4941/1762 6742/4938/1762
f 6746/4942/1764 6743/4943/1763 6744/4940/1763
f 6748/4944/1765 6745/4945/1766 6746/4942/1764
f 6750/4946/1767 6747/4947/1768 6748/4944/1765
f 6752/4948/1769 6749/4949/1770 6750/4946/1767
f 6754/4950/1771 6751/4951/1772 6752/4948/1769
f 6756/4952/1773 6753/4953/1771 6754/4950/1771
f 6758/4954/1774 6755/4955/1773 6756/4952/1773
f 6760/4956/1775 6757/4957/1774 6758/4954/1774
f 6762/4958/1776 6759/4959/1775 6760/4956/1775
f 6764/4960/1777 6761/4961/1776 6762/4958/1776
f 6766/4962/1778 6763/4963/1779 6764/4960/1777
f 6768/4964/1780 6765/4965/1781 6766/4962/1778
f 6770/4966/1782 6767/4967/1783 6768/4964/1780
f 6772/4968/1784 6769/4969/1785 6770/4966/1782
f 6774/4970/1786 6771/4971/1784 6772/4968/1784
f 6776/4972/1787 6773/4973/1788 6774/4970/1786
f 6778/4974/1789 6775/4975/1790 6776/4972/1787
f 6780/4976/1791 6777/4977/1789 6778/4974/1789
f 6782/4978/1792 6779/4979/1791 6780/4976/1791
f 6784/4980/1793 6781/4981/1792 6782/4978/1792
f 6786/4982/1794 6783/4983/1795 6784/4980/1793
f 6788/4984/1796 6785/4985/1794 6786/4982/1794
f 6790/4986/1797 6787/4987/1796 6788/4984/1796
f 6792/4988/1798 6789/4989/1797 6790/4986/1797
f 6794/4990/1799 6791/4991/1798 6792/4988/1798
f 6796/4992/1800 6793/4993/1799 6794/4990/1799
f 6798/4994/1801 6795/4995/1800 6796/4992/1800
f 6800/4996/1802 6797/4997/1801 6798/4994/1801
f 6802/4998/1803 6799/4999/1802 6800/4996/1802
f 6804/5000/1804 6801/5001/1803 6802/4998/1803
f 6806/5002/1805 6803/5003/1804 6804/5000/1804
f 6808/5004/1806 6805/5005/1805 6806/5002/1805
f 6810/5006/1807 6807/5007/1806 6808/5004/1806
f 6812/5008/1808 6809/5009/1807 6810/5006/1807
f 6814/5010/1809 6811/5011/1808 6812/5008/1808
f 6262/2549/1498 6813/5012/1809 6814/5010/1809
f 6818/5013/1810 6815/199/1811 6816/1733/1811
f 6820/5014/1812 6817/5015/1810 6818/5013/1810
f 6822/5016/1813 6819/5017/1812 6820/5014/1812
f 6824/5018/1814 6821/5019/1813 6822/5016/1813
f 6826/5020/1815 6823/5021/1814 6824/5018/1814
f 6828/5022/1816 6825/5023/1817 6826/5020/1815
f 6830/5024/1818 6827/5025/1816 6828/5022/1816
f 6832/5026/1819 6829/5027/1818 6830/5024/1818
f 6834/5028/1820 6831/5029/1819 6832/5026/1819
f 6836/5030/1821 6833/5031/1820 6834/5028/1820
f 6838/5032/1822 6835/5033/1821 6836/5030/1821
f 6840/5034/1823 6837/5035/1822 6838/5032/1822
f 6842/5036/1824 6839/5037/1823 6840/5034/1823
f 6844/5038/1825 6841/5039/1824 6842/5036/1824
f 6846/5040/1826 6843/5041/1827 6844/5038/1825
f 6848/5042/1828 6845/5043/1826 6846/5040/1826
f 6850/5044/1829 6847/5045/1828 6848/5042/1828
f 6852/5046/1830 6849/5047/1829 6850/5044/1829
f 6854/5048/1831 6851/5049/1832 6852/5046/1830
f 6856/5050/1833 6853/5051/1831 6854/5048/1831
f 6858/5052/1834 6855/5053/1833 6856/5050/1833
f 6860/5054/1835 6857/5055/1834 6858/5052/1834
f 6862/5056/1836 6859/5057/1835 6860/5054/1835
f 6864/5058/1837 6861/5059/1836 6862/5056/1836
f 6866/5060/1838 6863/5061/1837 6864/5058/1837
f 6868/5062/1839 6865/5063/1838 6866/5060/1838
f 6870/5064/1840 6867/5065/1841 6868/5062/1839
f 6872/5066/1842 6869/5067/1843 6870/5064/1840
f 6874/5068/1844 6871/5069/1842 6872/5066/1842
f 6876/5070/1845 6873/5071/1846 6874/5068/1844
f 6878/5072/1847 6875/5073/1845 6876/5070/1845
f 6880/5074/1848 6877/5075/1847 6878/5072/1847
f 6882/5076/1849 6879/5077/1848 6880/5074/1848
f 6884/5078/1850 6881/5079/1849 6882/5076/1849
f 6886/5080/1851 6883/5081/1850 6884/5078/1850
f 6888/5082/1852 6885/5083/1851 6886/5080/1851
f 6890/5084/1853 6887/5085/1852 6888/5082/1852
f 6892/5086/1854 6889/5087/1855 6890/5084/1853
f 6894/5088/1856 6891/5089/1857 6892/5086/1854
f 6896/5090/1858 6893/5091/1856 6894/5088/1856
f 6898/5092/1859 6895/5093/1860 6896/5090/1858
f 6900/5094/1861 6897/5095/1862 6898/5092/1859
f 6902/5096/1863 6899/5097/1861 6900/5094/1861
f 6904/5098/1864 6901/5099/1865 6902/5096/1863
f 6906/5100/1866 6903/5101/1864 6904/5098/1864
f 6908/5102/1867 6905/5103/1868 6906/5100/1866
f 6910/5104/1869 6907/5105/1867 6908/5102/1867
f 6912/5106/1870 6909/5107/259 6910/5104/1869
f 6914/5108/1871 6911/5109/1872 6912/5106/1870
f 6916/5110/1873 6913/5111/1874 6914/5108/1871
f 6918/5112/1875 6915/5113/1876 6916/5110/1873
f 6920/5114/1877 6917/5115/1878 6918/5112/1875
f 6922/5116/1879 6919/5117/1877 6920/5114/1877
f 6924/5118/1880 6921/5119/1881 6922/5116/1879
f 6926/5120/1882 6923/5121/1883 6924/5118/1880
f 6928/5122/1884 6925/5123/1882 6926/5120/1882
f 6930/5124/1885 6927/5125/1886 6928/5122/1884
f 6932/5126/1887 6929/5127/1888 6930/5124/1885
f 6934/5128/1889 6931/5129/1887 6932/5126/1887
f 6936/5130/1890 6933/5131/1891 6934/5128/1889
f 6938/5132/1892 6935/5133/1893 6936/5130/1890
f 6940/5134/1894 6937/5135/1892 6938/5132/1892
f 6942/5136/1895 6939/5137/1894 6940/5134/1894
f 6944/5138/1896 6941/5139/1897 6942/5136/1895
f 6946/5140/1898 6943/5141/1896 6944/5138/1896
f 6948/5142/1899 6945/5143/1898 6946/5140/1898
f 6950/5144/1900 6947/5145/1901 6948/5142/1899
f 6952/5146/1902 6949/5147/1900 6950/5144/1900
f 6954/5148/1903 6951/5149/1902 6952/5146/1902
f 6956/5150/1904 6953/5151/1905 6954/5148/1903
f 6958/5152/1906 6955/5153/1904 6956/5150/1904
f 6960/5154/1907 6957/5155/1906 6958/5152/1906
f 6816/2549/1811 6959/5156/1907 6960/5154/1907
f 3484/1732/3 3483/1735/3 3481/199/4
f 3486/1734/5 3485/1737/5 3483/1735/3
f 3488/1736/6 3487/1739/6 3485/1737/5
f 3490/1738/7 3489/1741/7 3487/1739/6
f 3492/1740/8 3491/1743/8 3489/1741/7
f 3494/1742/9 3493/1745/9 3491/1743/8
f 3496/1744/10 3495/1747/10 3493/1745/9
f 3498/1746/11 3497/1749/11 3495/1747/10
f 3500/1748/12 3499/1751/12 3497/1749/11
f 3502/1750/13 3501/1753/13 3499/1751/12
f 3504/1752/14 3503/1755/14 3501/1753/13
f 3506/1754/15 3505/1757/15 3503/1755/14
f 3508/1756/16 3507/1759/16 3505/1757/15
f 3510/1758/17 3509/1761/17 3507/1759/16
f 3512/1760/18 3511/1763/18 3509/1761/17
f 3514/1762/19 3513/1765/19 3511/1763/18
f 3516/1764/20 3515/1767/20 3513/1765/19
f 3518/1766/21 3517/1769/21 3515/1767/20
f 3520/1768/22 3519/1771/22 3517/1769/21
f 3522/1770/23 3521/1773/23 3519/1771/22
f 3524/1772/24 3523/1775/24 3521/1773/23
f 3526/1774/25 3525/1777/25 3523/1775/24
f 3528/1776/26 3527/1779/26 3525/1777/25
f 3530/1778/27 3529/1781/27 3527/1779/26
f 3532/1780/28 3531/1783/28 3529/1781/27
f 3534/1782/29 3533/1785/29 3531/1783/28
f 3536/1784/30 3535/1787/30 3533/1785/29
f 3538/1786/31 3537/1789/31 3535/1787/30
f 3540/1788/32 3539/1791/32 3537/1789/31
f 3542/1790/33 3541/1793/33 3539/1791/32
f 3544/1792/34 3543/1795/34 3541/1793/33
f 3546/1794/35 3545/1797/35 3543/1795/34
f 3548/1796/36 3547/1799/36 3545/1797/35
f 3550/1798/37 3549/1801/37 3547/1799/36
f 3552/1800/38 3551/1803/38 3549/1801/37
f 3554/1802/39 3553/1805/39 3551/1803/38
f 3556/1804/40 3555/1807/40 3553/1805/39
f 3558/1806/41 3557/1809/41 3555/1807/40
f 3560/1808/42 3559/1811/42 3557/1809/41
f 3562/1810/43 3561/1813/43 3559/1811/42
f 3564/1812/44 3563/1815/44 3561/1813/43
f 3566/1814/45 3565/1817/45 3563/1815/44
f 3568/1816/46 3567/1819/46 3565/1817/45
f 3570/1818/47 3569/1821/47 3567/1819/46
f 3572/1820/48 3571/1823/48 3569/1821/47
f 3574/1822/49 3573/1825/49 3571/1823/48
f 3576/1824/50 3575/1827/50 3573/1825/49
f 3578/1826/51 3577/1829/51 3575/1827/50
f 3580/1828/52 3579/1831/52 3577/1829/51
f 3582/1830/53 3581/1833/53 3579/1831/52
f 3584/1832/54 3583/1835/54 3581/1833/53
f 3586/1834/55 3585/1837/55 3583/1835/54
f 3588/1836/56 3587/1839/56 3585/1837/55
f 3590/1838/57 3589/1841/57 3587/1839/56
f 3592/1840/58 3591/1843/58 3589/1841/57
f 3594/1842/59 3593/1845/59 3591/1843/58
f 3596/1844/60 3595/1847/60 3593/1845/59
f 3598/1846/61 3597/1849/61 3595/1847/60
f 3600/1848/62 3599/1851/62 3597/1849/61
f 3602/1850/63 3601/1853/63 3599/1851/62
f 3604/1852/64 3603/1855/64 3601/1853/63
f 3606/1854/65 3605/1857/65 3603/1855/64
f 3608/1856/66 3607/1859/66 3605/1857/65
f 3610/1858/67 3609/1861/67 3607/1859/66
f 3612/1860/68 3611/1863/68 3609/1861/67
f 3614/1862/69 3613/1865/69 3611/1863/68
f 3616/1864/70 3615/1867/70 3613/1865/69
f 3618/1866/71 3617/1869/71 3615/1867/70
f 3620/1868/72 3619/1871/72 3617/1869/71
f 3622/1870/73 3621/1873/73 3619/1871/72
f 3624/1872/74 3623/1875/74 3621/1873/73
f 3626/1874/75 3625/1877/75 3623/1875/74
f 3628/1876/76 3627/1879/76 3625/1877/75
f 3630/1878/77 3629/1881/77 3627/1879/76
f 3632/1880/78 3631/1883/78 3629/1881/77
f 3634/1882/79 3633/1885/79 3631/1883/78
f 3636/1884/80 3635/1887/80 3633/1885/79
f 3638/1886/81 3637/1889/81 3635/1887/80
f 3640/1888/82 3639/1891/82 3637/1889/81
f 3642/1890/83 3641/1893/83 3639/1891/82
f 3644/1892/84 3643/1895/84 3641/1893/83
f 3646/1894/85 3645/1897/85 3643/1895/84
f 3648/1896/86 3647/1899/86 3645/1897/85
f 3650/1898/87 3649/1901/87 3647/1899/86
f 3652/1900/88 3651/1903/88 3649/1901/87
f 3654/1902/89 3653/1905/89 3651/1903/88
f 3656/1904/90 3655/1907/90 3653/1905/89
f 3658/1906/91 3657/1909/91 3655/1907/90
f 3660/1908/92 3659/1911/92 3657/1909/91
f 3662/1910/93 3661/1913/93 3659/1911/92
f 3664/1912/94 3663/1915/94 3661/1913/93
f 3666/1914/95 3665/1917/95 3663/1915/94
f 3668/1916/96 3667/1919/96 3665/1917/95
f 3670/1918/97 3669/1921/97 3667/1919/96
f 3672/1920/98 3671/1923/98 3669/1921/97
f 3674/1922/99 3673/1925/99 3671/1923/98
f 3676/1924/100 3675/1927/100 3673/1925/99
f 3678/1926/101 3677/1929/101 3675/1927/100
f 3680/1928/102 3679/1931/102 3677/1929/101
f 3682/1930/103 3681/1933/103 3679/1931/102
f 3684/1932/104 3683/1935/104 3681/1933/103
f 3686/1934/105 3685/1937/107 3683/1935/104
f 3688/1936/106 3687/1939/106 3685/1937/107
f 3690/1938/108 3689/1941/108 3687/1939/106
f 3692/1940/109 3691/1943/109 3689/1941/108
f 3694/1942/110 3693/1945/110 3691/1943/109
f 3696/1944/111 3695/1947/111 3693/1945/110
f 3698/1946/112 3697/1949/114 3695/1947/111
f 3700/1948/113 3699/1951/113 3697/1949/114
f 3702/1950/115 3701/1953/115 3699/1951/113
f 3704/1952/116 3703/1955/116 3701/1953/115
f 3706/1954/117 3705/1957/117 3703/1955/116
f 3708/1956/118 3707/1959/120 3705/1957/117
f 3710/1958/119 3709/1961/119 3707/1959/120
f 3712/1960/121 3711/1963/121 3709/1961/119
f 3714/1962/122 3713/1965/122 3711/1963/121
f 3716/1964/123 3715/1967/123 3713/1965/122
f 3718/1966/124 3717/1969/124 3715/1967/123
f 3720/1968/125 3719/1971/127 3717/1969/124
f 3722/1970/126 3721/1973/126 3719/1971/127
f 3724/1972/128 3723/1975/128 3721/1973/126
f 3726/1974/129 3725/1977/129 3723/1975/128
f 3728/1976/130 3727/1979/130 3725/1977/129
f 3730/1978/131 3729/1981/131 3727/1979/130
f 3732/1980/132 3731/1983/132 3729/1981/131
f 3734/1982/133 3733/1985/133 3731/1983/132
f 3736/1984/134 3735/1987/134 3733/1985/133
f 3738/1986/135 3737/1989/137 3735/1987/134
f 3740/1988/136 3739/1991/136 3737/1989/137
f 3742/1990/138 3741/1993/138 3739/1991/136
f 3744/1992/139 3743/1995/139 3741/1993/138
f 3746/1994/140 3745/1997/140 3743/1995/139
f 3748/1996/141 3747/1999/141 3745/1997/140
f 3750/1998/142 3749/2001/142 3747/1999/141
f 3752/2000/143 3751/2003/143 3749/2001/142
f 3754/2002/144 3753/2005/144 3751/2003/143
f 3756/2004/145 3755/2007/147 3753/2005/144
f 3758/2006/146 3757/2009/146 3755/2007/147
f 3760/2008/148 3759/2011/148 3757/2009/146
f 3762/2010/149 3761/2013/149 3759/2011/148
f 3764/2012/150 3763/2015/150 3761/2013/149
f 3766/2014/151 3765/2017/151 3763/2015/150
f 3768/2016/152 3767/2019/152 3765/2017/151
f 3770/2018/153 3769/2021/153 3767/2019/152
f 3772/2020/154 3771/2023/154 3769/2021/153
f 3774/2022/155 3773/2025/155 3771/2023/154
f 3776/2024/156 3775/2027/156 3773/2025/155
f 3778/2026/157 3777/2029/157 3775/2027/156
f 3780/2028/158 3779/2031/158 3777/2029/157
f 3782/2030/159 3781/2033/159 3779/2031/158
f 3784/2032/160 3783/2035/160 3781/2033/159
f 3786/2034/161 3785/2037/161 3783/2035/160
f 3788/2036/162 3787/2039/162 3785/2037/161
f 3790/2038/163 3789/2041/163 3787/2039/162
f 3792/2040/164 3791/2043/164 3789/2041/163
f 3794/2042/165 3793/2045/165 3791/2043/164
f 3796/2044/166 3795/2047/166 3793/2045/165
f 3798/2046/167 3797/2049/167 3795/2047/166
f 3800/2048/168 3799/2051/168 3797/2049/167
f 3802/2050/169 3801/2053/169 3799/2051/168
f 3804/2052/170 3803/2055/170 3801/2053/169
f 3806/2054/171 3805/2057/171 3803/2055/170
f 3808/2056/172 3807/2059/172 3805/2057/171
f 3810/2058/173 3809/2061/173 3807/2059/172
f 3812/2060/174 3811/2063/174 3809/2061/173
f 3814/2062/175 3813/2065/175 3811/2063/174
f 3816/2064/176 3815/2067/176 3813/2065/175
f 3818/2066/177 3817/2069/177 3815/2067/176
f 3820/2068/178 3819/2071/178 3817/2069/177
f 3822/2070/179 3821/2073/179 3819/2071/178
f 3824/2072/180 3823/2075/180 3821/2073/179
f 3826/2074/181 3825/2077/181 3823/2075/180
f 3828/2076/182 3827/2079/182 3825/2077/181
f 3830/2078/183 3829/2081/183 3827/2079/182
f 3832/2080/184 3831/2083/184 3829/2081/183
f 3834/2082/185 3833/2085/185 3831/2083/184
f 3836/2084/186 3835/2087/186 3833/2085/185
f 3838/2086/187 3837/2089/187 3835/2087/186
f 3840/2088/188 3839/2091/188 3837/2089/187
f 3842/2090/189 3841/2093/189 3839/2091/188
f 3844/2092/190 3843/2095/190 3841/2093/189
f 3846/2094/191 3845/2097/191 3843/2095/190
f 3848/2096/192 3847/2099/192 3845/2097/191
f 3850/2098/193 3849/2101/193 3847/2099/192
f 3852/2100/194 3851/2103/194 3849/2101/193
f 3854/2102/195 3853/2105/195 3851/2103/194
f 3856/2104/196 3855/2107/196 3853/2105/195
f 3858/2106/197 3857/2109/197 3855/2107/196
f 3860/2108/198 3859/2111/198 3857/2109/197
f 3862/2110/199 3861/2113/201 3859/2111/198
f 3864/2112/200 3863/2115/200 3861/2113/201
f 3866/2114/202 3865/2117/202 3863/2115/200
f 3868/2116/203 3867/2119/203 3865/2117/202
f 3870/2118/204 3869/2121/204 3867/2119/203
f 3872/2120/205 3871/2123/207 3869/2121/204
f 3874/2122/206 3873/2125/206 3871/2123/207
f 3876/2124/208 3875/2127/208 3873/2125/206
f 3878/2126/209 3877/2129/209 3875/2127/208
f 3880/2128/210 3879/2131/210 3877/2129/209
f 3882/2130/211 3881/2133/211 3879/2131/210
f 3884/2132/212 3883/2135/212 3881/2133/211
f 3886/2134/213 3885/2137/213 3883/2135/212
f 3888/2136/214 3887/2139/214 3885/2137/213
f 3890/2138/215 3889/2141/215 3887/2139/214
f 3892/2140/216 3891/848/216 3889/2141/215
f 3894/2142/217 3893/2144/219 3891/848/216
f 3896/2143/218 3895/2146/218 3893/2144/219
f 3898/2145/220 3897/2148/220 3895/2146/218
f 3900/2147/221 3899/2150/221 3897/2148/220
f 3902/2149/222 3901/2152/222 3899/2150/221
f 3904/2151/223 3903/2154/223 3901/2152/222
f 3906/2153/224 3905/2156/224 3903/2154/223
f 3908/2155/225 3907/2158/225 3905/2156/224
f 3910/2157/226 3909/2160/226 3907/2158/225
f 3912/2159/227 3911/2162/227 3909/2160/226
f 3914/2161/228 3913/2164/228 3911/2162/227
f 3916/2163/229 3915/2166/229 3913/2164/228
f 3918/2165/230 3917/2168/230 3915/2166/229
f 3920/2167/231 3919/2170/231 3917/2168/230
f 3922/2169/232 3921/2172/232 3919/2170/231
f 3924/2171/233 3923/2174/233 3921/2172/232
f 3926/2173/234 3925/2176/234 3923/2174/233
f 3928/2175/235 3927/2178/235 3925/2176/234
f 3930/2177/236 3929/2180/236 3927/2178/235
f 3932/2179/237 3931/2182/237 3929/2180/236
f 3934/2181/238 3933/2184/238 3931/2182/237
f 3936/2183/239 3935/2186/239 3933/2184/238
f 3938/2185/240 3937/2188/240 3935/2186/239
f 3940/2187/241 3939/2190/241 3937/2188/240
f 3942/2189/242 3941/2192/242 3939/2190/241
f 3944/2191/243 3943/2194/243 3941/2192/242
f 3946/2193/244 3945/2196/244 3943/2194/243
f 3948/2195/245 3947/2198/245 3945/2196/244
f 3950/2197/246 3949/2200/246 3947/2198/245
f 3952/2199/247 3951/2202/247 3949/2200/246
f 3954/2201/248 3953/2204/248 3951/2202/247
f 3956/2203/249 3955/2206/249 3953/2204/248
f 3958/2205/250 3957/2208/250 3955/2206/249
f 3960/2207/251 3959/2210/251 3957/2208/250
f 3962/2209/252 3961/2212/252 3959/2210/251
f 3964/2211/253 3963/2214/253 3961/2212/252
f 3966/2213/254 3965/2216/254 3963/2214/253
f 3968/2215/255 3967/2218/255 3965/2216/254
f 3970/2217/256 3969/2220/256 3967/2218/255
f 3972/2219/257 3971/2222/257 3969/2220/256
f 3974/2221/258 3973/2224/258 3971/2222/257
f 3976/2223/259 3975/2226/259 3973/2224/258
f 3978/2225/260 3977/2228/260 3975/2226/259
f 3980/2227/261 3979/2230/261 3977/2228/260
f 3982/2229/262 3981/2232/262 3979/2230/261
f 3984/2231/263 3983/2234/263 3981/2232/262
f 3986/2233/264 3985/2236/264 3983/2234/263
f 3988/2235/265 3987/2238/265 3985/2236/264
f 3990/2237/266 3989/2240/266 3987/2238/265
f 3992/2239/267 3991/2242/267 3989/2240/266
f 3994/2241/268 3993/2244/268 3991/2242/267
f 3996/2243/269 3995/2246/269 3993/2244/268
f 3998/2245/270 3997/2248/270 3995/2246/269
f 4000/2247/271 3999/2250/271 3997/2248/270
f 4002/2249/272 4001/2252/272 3999/2250/271
f 4004/2251/273 4003/2254/273 4001/2252/272
f 4006/2253/274 4005/2256/274 4003/2254/273
f 4008/2255/275 4007/2258/275 4005/2256/274
f 4010/2257/276 4009/2260/276 4007/2258/275
f 4012/2259/277 4011/2262/277 4009/2260/276
f 4014/2261/278 4013/2264/278 4011/2262/277
f 4016/2263/279 4015/2266/279 4013/2264/278
f 4018/2265/280 4017/2268/280 4015/2266/279
f 4020/2267/281 4019/2270/281 4017/2268/280
f 4022/2269/282 4021/2272/282 4019/2270/281
f 4024/2271/283 4023/2274/283 4021/2272/282
f 4026/2273/284 4025/2276/284 4023/2274/283
f 4028/2275/285 4027/2278/285 4025/2276/284
f 4030/2277/286 4029/2280/286 4027/2278/285
f 4032/2279/287 4031/2282/287 4029/2280/286
f 4034/2281/288 4033/2284/288 4031/2282/287
f 4036/2283/289 4035/2286/289 4033/2284/288
f 4038/2285/290 4037/2288/290 4035/2286/289
f 4040/2287/291 4039/2290/291 4037/2288/290
f 4042/2289/292 4041/2292/292 4039/2290/291
f 4044/2291/293 4043/2294/293 4041/2292/292
f 4046/2293/294 4045/2296/294 4043/2294/293
f 4048/2295/295 4047/2298/295 4045/2296/294
f 4050/2297/296 4049/2300/296 4047/2298/295
f 4052/2299/297 4051/2302/297 4049/2300/296
f 4054/2301/298 4053/2304/298 4051/2302/297
f 4056/2303/299 4055/2306/299 4053/2304/298
f 4058/2305/300 4057/2308/300 4055/2306/299
f 4060/2307/301 4059/2310/301 4057/2308/300
f 4062/2309/302 4061/2312/302 4059/2310/301
f 4064/2311/303 4063/2314/303 4061/2312/302
f 4066/2313/304 4065/2316/304 4063/2314/303
f 4068/2315/305 4067/2318/305 4065/2316/304
f 4070/2317/306 4069/2320/306 4067/2318/305
f 4072/2319/307 4071/2322/307 4069/2320/306
f 4074/2321/308 4073/2324/308 4071/2322/307
f 4076/2323/309 4075/2326/309 4073/2324/308
f 4078/2325/310 4077/2328/310 4075/2326/309
f 4080/2327/311 4079/2330/311 4077/2328/310
f 4082/2329/312 4081/2332/312 4079/2330/311
f 4084/2331/313 4083/2334/313 4081/2332/312
f 4086/2333/314 4085/2336/314 4083/2334/313
f 4088/2335/315 4087/2338/315 4085/2336/314
f 4090/2337/316 4089/2340/316 4087/2338/315
f 4092/2339/317 4091/2342/317 4089/2340/316
f 4094/2341/318 4093/2344/318 4091/2342/317
f 4096/2343/319 4095/2346/319 4093/2344/318
f 4098/2345/320 4097/2348/320 4095/2346/319
f 4100/2347/321 4099/2350/321 4097/2348/320
f 4102/2349/322 4101/2352/322 4099/2350/321
f 4104/2351/323 4103/2354/323 4101/2352/322
f 4106/2353/324 4105/2356/324 4103/2354/323
f 4108/2355/325 4107/2358/325 4105/2356/324
f 4110/2357/326 4109/2360/326 4107/2358/325
f 4112/2359/327 4111/2362/327 4109/2360/326
f 4114/2361/328 4113/2364/328 4111/2362/327
f 4116/2363/329 4115/2366/329 4113/2364/328
f 4118/2365/330 4117/2368/330 4115/2366/329
f 4120/2367/331 4119/2370/331 4117/2368/330
f 4122/2369/332 4121/2372/332 4119/2370/331
f 4124/2371/333 4123/2374/333 4121/2372/332
f 4126/2373/334 4125/2376/334 4123/2374/333
f 4128/2375/335 4127/2378/335 4125/2376/334
f 4130/2377/336 4129/2380/336 4127/2378/335
f 4132/2379/337 4131/2382/337 4129/2380/336
f 4134/2381/338 4133/2384/338 4131/2382/337
f 4136/2383/339 4135/2386/339 4133/2384/338
f 4138/2385/340 4137/2388/340 4135/2386/339
f 4140/2387/341 4139/2390/341 4137/2388/340
f 4142/2389/342 4141/2392/342 4139/2390/341
f 4144/2391/343 4143/2394/343 4141/2392/342
f 4146/2393/344 4145/2396/344 4143/2394/343
f 4148/2395/345 4147/2398/345 4145/2396/344
f 4150/2397/346 4149/2400/346 4147/2398/345
f 4152/2399/347 4151/2402/347 4149/2400/346
f 4154/2401/348 4153/2404/348 4151/2402/347
f 4156/2403/349 4155/2406/349 4153/2404/348
f 4158/2405/350 4157/2408/350 4155/2406/349
f 4160/2407/351 4159/2410/351 4157/2408/350
f 4162/2409/352 4161/2412/352 4159/2410/351
f 4164/2411/353 4163/2414/353 4161/2412/352
f 4166/2413/354 4165/2416/354 4163/2414/353
f 4168/2415/355 4167/2418/355 4165/2416/354
f 4170/2417/356 4169/2420/356 4167/2418/355
f 4172/2419/357 4171/2422/357 4169/2420/356
f 4174/2421/358 4173/2424/358 4171/2422/357
f 4176/2423/359 4175/2426/359 4173/2424/358
f 4178/2425/360 4177/2428/360 4175/2426/359
f 4180/2427/361 4179/2430/361 4177/2428/360
f 4182/2429/362 4181/2432/362 4179/2430/361
f 4184/2431/363 4183/2434/363 4181/2432/362
f 4186/2433/364 4185/2436/364 4183/2434/363
f 4188/2435/365 4187/2438/365 4185/2436/364
f 4190/2437/366 4189/2440/366 4187/2438/365
f 4192/2439/367 4191/2442/367 4189/2440/366
f 4194/2441/368 4193/2444/368 4191/2442/367
f 4196/2443/369 4195/2446/369 4193/2444/368
f 4198/2445/370 4197/2448/370 4195/2446/369
f 4200/2447/371 4199/2450/371 4197/2448/370
f 4202/2449/372 4201/2452/372 4199/2450/371
f 4204/2451/373 4203/2454/373 4201/2452/372
f 4206/2453/374 4205/2456/374 4203/2454/373
f 4208/2455/375 4207/2458/375 4205/2456/374
f 4210/2457/376 4209/2460/376 4207/2458/375
f 4212/2459/377 4211/2462/377 4209/2460/376
f 4214/2461/378 4213/2464/378 4211/2462/377
f 4216/2463/379 4215/2466/381 4213/2464/378
f 4218/2465/380 4217/2468/380 4215/2466/381
f 4220/2467/382 4219/2470/382 4217/2468/380
f 4222/2469/383 4221/2472/383 4219/2470/382
f 4224/2471/384 4223/2474/384 4221/2472/383
f 4226/2473/385 4225/2476/385 4223/2474/384
f 4228/2475/386 4227/2478/386 4225/2476/385
f 4230/2477/387 4229/2480/387 4227/2478/386
f 4232/2479/388 4231/2482/388 4229/2480/387
f 4234/2481/389 4233/2484/389 4231/2482/388
f 4236/2483/390 4235/2486/390 4233/2484/389
f 4238/2485/391 4237/2488/393 4235/2486/390
f 4240/2487/392 4239/2490/392 4237/2488/393
f 4242/2489/394 4241/2492/394 4239/2490/392
f 4244/2491/395 4243/2494/395 4241/2492/394
f 4246/2493/396 4245/2496/396 4243/2494/395
f 4248/2495/397 4247/2498/397 4245/2496/396
f 4250/2497/398 4249/2500/398 4247/2498/397
f 4252/2499/399 4251/2502/399 4249/2500/398
f 4254/2501/400 4253/2504/400 4251/2502/399
f 4256/2503/401 4255/2506/401 4253/2504/400
f 4258/2505/402 4257/2508/402 4255/2506/401
f 4260/2507/403 4259/2510/405 4257/2508/402
f 4262/2509/404 4261/2512/404 4259/2510/405
f 4264/2511/406 4263/2514/406 4261/2512/404
f 4266/2513/407 4265/2516/407 4263/2514/406
f 4268/2515/408 4267/2518/408 4265/2516/407
f 4270/2517/409 4269/2520/409 4267/2518/408
f 4272/2519/410 4271/2522/410 4269/2520/409
f 4274/2521/411 4273/2524/411 4271/2522/410
f 4276/2523/412 4275/2526/412 4273/2524/411
f 4278/2525/413 4277/2528/413 4275/2526/412
f 4280/2527/414 4279/2530/414 4277/2528/413
f 4282/2529/415 4281/2532/415 4279/2530/414
f 4284/2531/416 4283/2534/416 4281/2532/415
f 4286/2533/417 4285/2536/417 4283/2534/416
f 4288/2535/418 4287/2538/418 4285/2536/417
f 4290/2537/419 4289/2540/419 4287/2538/418
f 4292/2539/420 4291/2542/420 4289/2540/419
f 4294/2541/421 4293/2544/421 4291/2542/420
f 4296/2543/422 4295/2546/422 4293/2544/421
f 4298/2545/423 4297/2548/423 4295/2546/422
f 4300/2547/424 4299/2550/424 4297/2548/423
f 3482/2549/4 3481/228/4 4299/2550/424
f 4304/2551/425 4303/2553/425 4301/199/426
f 4306/2552/427 4305/2555/427 4303/2553/425
f 4308/2554/428 4307/2557/428 4305/2555/427
f 4310/2556/429 4309/2559/429 4307/2557/428
f 4312/2558/430 4311/2561/430 4309/2559/429
f 4314/2560/431 4313/2563/431 4311/2561/430
f 4316/2562/432 4315/2565/432 4313/2563/431
f 4318/2564/433 4317/2567/433 4315/2565/432
f 4320/2566/434 4319/2569/434 4317/2567/433
f 4322/2568/435 4321/2571/435 4319/2569/434
f 4324/2570/436 4323/2573/436 4321/2571/435
f 4326/2572/437 4325/2575/437 4323/2573/436
f 4328/2574/438 4327/2577/438 4325/2575/437
f 4330/2576/439 4329/2579/439 4327/2577/438
f 4332/2578/440 4331/2581/440 4329/2579/439
f 4334/2580/441 4333/2583/441 4331/2581/440
f 4336/2582/442 4335/2585/442 4333/2583/441
f 4338/2584/443 4337/2587/443 4335/2585/442
f 4340/2586/444 4339/2589/444 4337/2587/443
f 4342/2588/445 4341/2591/445 4339/2589/444
f 4344/2590/446 4343/2593/446 4341/2591/445
f 4346/2592/447 4345/2594/447 4343/2593/446
f 4348/1812/448 4347/1815/448 4345/2594/447
f 4350/2595/449 4349/2597/449 4347/1815/448
f 4352/2596/450 4351/2599/450 4349/2597/449
f 4354/2598/451 4353/2601/451 4351/2599/450
f 4356/2600/452 4355/2603/452 4353/2601/451
f 4358/2602/453 4357/2605/453 4355/2603/452
f 4360/2604/454 4359/2607/454 4357/2605/453
f 4362/2606/455 4361/2609/455 4359/2607/454
f 4364/2608/456 4363/2611/456 4361/2609/455
f 4366/2610/457 4365/2613/457 4363/2611/456
f 4368/2612/458 4367/2615/458 4365/2613/457
f 4370/2614/459 4369/2617/459 4367/2615/458
f 4372/2616/460 4371/2619/460 4369/2617/459
f 4374/2618/461 4373/2621/461 4371/2619/460
f 4376/2620/462 4375/2623/462 4373/2621/461
f 4378/2622/463 4377/2625/463 4375/2623/462
f 4380/2624/464 4379/2627/464 4377/2625/463
f 4382/2626/465 4381/2629/465 4379/2627/464
f 4384/2628/466 4383/2631/466 4381/2629/465
f 4386/2630/467 4385/2633/467 4383/2631/466
f 4388/2632/468 4387/2635/468 4385/2633/467
f 4390/2634/469 4389/2637/469 4387/2635/468
f 4392/2636/470 4391/2638/470 4389/2637/469
f 4394/1894/471 4393/1897/473 4391/2638/470
f 4396/2639/472 4395/2641/472 4393/1897/473
f 4398/2640/474 4397/2643/474 4395/2641/472
f 4400/2642/475 4399/2645/475 4397/2643/474
f 4402/2644/476 4401/2647/476 4399/2645/475
f 4404/2646/477 4403/2649/477 4401/2647/476
f 4406/2648/478 4405/2651/480 4403/2649/477
f 4408/2650/479 4407/2653/479 4405/2651/480
f 4410/2652/481 4409/2655/481 4407/2653/479
f 4412/2654/482 4411/2657/482 4409/2655/481
f 4414/2656/483 4413/2659/483 4411/2657/482
f 4416/2658/484 4415/2661/484 4413/2659/483
f 4418/2660/485 4417/2663/485 4415/2661/484
f 4420/2662/486 4419/2665/486 4417/2663/485
f 4422/2664/487 4421/2667/487 4419/2665/486
f 4424/2666/488 4423/2669/490 4421/2667/487
f 4426/2668/489 4425/2671/489 4423/2669/490
f 4428/2670/491 4427/2673/491 4425/2671/489
f 4430/2672/492 4429/2675/492 4427/2673/491
f 4432/2674/493 4431/2677/495 4429/2675/492
f 4434/2676/494 4433/2679/494 4431/2677/495
f 4436/2678/496 4435/2681/496 4433/2679/494
f 4438/2680/497 4437/2682/497 4435/2681/496
f 4440/1976/498 4439/1979/498 4437/2682/497
f 4442/2683/499 4441/2685/499 4439/1979/498
f 4444/2684/500 4443/2687/500 4441/2685/499
f 4446/2686/501 4445/2689/501 4443/2687/500
f 4448/2688/502 4447/2691/504 4445/2689/501
f 4450/2690/503 4449/2693/503 4447/2691/504
f 4452/2692/505 4451/2695/505 4449/2693/503
f 4454/2694/506 4453/2697/506 4451/2695/505
f 4456/2696/507 4455/2699/507 4453/2697/506
f 4458/2698/508 4457/2701/508 4455/2699/507
f 4460/2700/509 4459/2703/509 4457/2701/508
f 4462/2702/510 4461/2705/510 4459/2703/509
f 4464/2704/195 4463/2707/195 4461/2705/510
f 4466/2706/511 4465/2709/511 4463/2707/195
f 4468/2708/512 4467/2711/512 4465/2709/511
f 4470/2710/513 4469/2713/513 4467/2711/512
f 4472/2712/514 4471/2715/514 4469/2713/513
f 4474/2714/515 4473/2717/515 4471/2715/514
f 4476/2716/516 4475/2719/516 4473/2717/515
f 4478/2718/517 4477/2721/517 4475/2719/516
f 4480/2720/518 4479/2723/518 4477/2721/517
f 4482/2722/519 4481/2725/519 4479/2723/518
f 4484/2724/520 4483/2726/520 4481/2725/519
f 4486/2058/521 4485/2061/521 4483/2726/520
f 4488/2727/522 4487/2729/522 4485/2061/521
f 4490/2728/523 4489/2731/523 4487/2729/522
f 4492/2730/524 4491/2733/524 4489/2731/523
f 4494/2732/525 4493/2735/525 4491/2733/524
f 4496/2734/526 4495/2737/526 4493/2735/525
f 4498/2736/527 4497/2739/527 4495/2737/526
f 4500/2738/528 4499/2741/528 4497/2739/527
f 4502/2740/529 4501/2743/529 4499/2741/528
f 4504/2742/530 4503/2745/530 4501/2743/529
f 4506/2744/531 4505/2747/531 4503/2745/530
f 4508/2746/532 4507/2749/532 4505/2747/531
f 4510/2748/533 4509/2751/533 4507/2749/532
f 4512/2750/534 4511/2753/534 4509/2751/533
f 4514/2752/535 4513/2755/535 4511/2753/534
f 4516/2754/536 4515/2757/536 4513/2755/535
f 4518/2756/537 4517/2759/537 4515/2757/536
f 4520/2758/538 4519/2761/538 4517/2759/537
f 4522/2760/539 4521/2763/539 4519/2761/538
f 4524/2762/540 4523/2765/540 4521/2763/539
f 4526/2764/541 4525/2767/541 4523/2765/540
f 4528/2766/542 4527/2769/542 4525/2767/541
f 4530/2768/543 4529/2770/543 4527/2769/542
f 4532/2140/544 4531/848/544 4529/2770/543
f 4534/2771/545 4533/2773/545 4531/848/544
f 4536/2772/546 4535/2775/546 4533/2773/545
f 4538/2774/547 4537/2777/547 4535/2775/546
f 4540/2776/548 4539/2779/548 4537/2777/547
f 4542/2778/517 4541/2781/517 4539/2779/548
f 4544/2780/549 4543/2783/549 4541/2781/517
f 4546/2782/550 4545/2785/550 4543/2783/549
f 4548/2784/551 4547/2787/551 4545/2785/550
f 4550/2786/552 4549/2789/552 4547/2787/551
f 4552/2788/553 4551/2791/553 4549/2789/552
f 4554/2790/554 4553/2793/554 4551/2791/553
f 4556/2792/555 4555/2795/555 4553/2793/554
f 4558/2794/556 4557/2797/556 4555/2795/555
f 4560/2796/557 4559/2799/557 4557/2797/556
f 4562/2798/558 4561/2801/558 4559/2799/557
f 4564/2800/559 4563/2803/559 4561/2801/558
f 4566/2802/560 4565/2805/560 4563/2803/559
f 4568/2804/561 4567/2807/561 4565/2805/560
f 4570/2806/562 4569/2809/562 4567/2807/561
f 4572/2808/563 4571/2811/563 4569/2809/562
f 4574/2810/564 4573/2813/564 4571/2811/563
f 4576/2812/565 4575/2814/565 4573/2813/564
f 4578/2221/566 4577/2224/566 4575/2814/565
f 4580/2815/567 4579/2817/567 4577/2224/566
f 4582/2816/568 4581/2819/568 4579/2817/567
f 4584/2818/569 4583/2821/569 4581/2819/568
f 4586/2820/570 4585/2823/570 4583/2821/569
f 4588/2822/571 4587/2825/571 4585/2823/570
f 4590/2824/572 4589/2827/572 4587/2825/571
f 4592/2826/573 4591/2829/573 4589/2827/572
f 4594/2828/574 4593/2831/574 4591/2829/573
f 4596/2830/575 4595/2833/575 4593/2831/574
f 4598/2832/576 4597/2835/576 4595/2833/575
f 4600/2834/577 4599/2837/577 4597/2835/576
f 4602/2836/175 4601/2839/175 4599/2837/577
f 4604/2838/578 4603/2841/578 4601/2839/175
f 4606/2840/579 4605/2843/579 4603/2841/578
f 4608/2842/580 4607/2845/580 4605/2843/579
f 4610/2844/581 4609/2847/581 4607/2845/580
f 4612/2846/582 4611/2849/582 4609/2847/581
f 4614/2848/583 4613/2851/583 4611/2849/582
f 4616/2850/584 4615/2853/584 4613/2851/583
f 4618/2852/585 4617/2855/585 4615/2853/584
f 4620/2854/586 4619/2857/586 4617/2855/585
f 4622/2856/587 4621/2858/587 4619/2857/586
f 4624/2303/588 4623/2306/588 4621/2858/587
f 4626/2859/589 4625/2861/589 4623/2306/588
f 4628/2860/590 4627/2863/590 4625/2861/589
f 4630/2862/591 4629/2865/591 4627/2863/590
f 4632/2864/592 4631/2867/592 4629/2865/591
f 4634/2866/593 4633/2869/593 4631/2867/592
f 4636/2868/594 4635/2871/594 4633/2869/593
f 4638/2870/595 4637/2873/597 4635/2871/594
f 4640/2872/596 4639/2875/596 4637/2873/597
f 4642/2874/598 4641/2877/598 4639/2875/596
f 4644/2876/599 4643/2879/599 4641/2877/598
f 4646/2878/600 4645/2881/600 4643/2879/599
f 4648/2880/601 4647/2883/601 4645/2881/600
f 4650/2882/602 4649/2885/602 4647/2883/601
f 4652/2884/603 4651/2887/603 4649/2885/602
f 4654/2886/604 4653/2889/604 4651/2887/603
f 4656/2888/605 4655/2891/605 4653/2889/604
f 4658/2890/606 4657/2893/606 4655/2891/605
f 4660/2892/607 4659/2895/607 4657/2893/606
f 4662/2894/608 4661/2897/608 4659/2895/607
f 4664/2896/609 4663/2899/609 4661/2897/608
f 4666/2898/610 4665/2901/612 4663/2899/609
f 4668/2900/611 4667/2902/611 4665/2901/612
f 4670/2385/613 4669/2388/615 4667/2902/611
f 4672/2903/614 4671/2905/614 4669/2388/615
f 4674/2904/616 4673/2907/616 4671/2905/614
f 4676/2906/617 4675/2909/617 4673/2907/616
f 4678/2908/618 4677/2911/618 4675/2909/617
f 4680/2910/619 4679/2913/619 4677/2911/618
f 4682/2912/620 4681/2915/622 4679/2913/619
f 4684/2914/621 4683/2917/621 4681/2915/622
f 4686/2916/623 4685/2919/623 4683/2917/621
f 4688/2918/624 4687/2921/624 4685/2919/623
f 4690/2920/625 4689/2923/625 4687/2921/624
f 4692/2922/626 4691/2925/626 4689/2923/625
f 4694/2924/627 4693/2927/627 4691/2925/626
f 4696/2926/628 4695/2929/630 4693/2927/627
f 4698/2928/629 4697/2931/629 4695/2929/630
f 4700/2930/631 4699/2933/631 4697/2931/629
f 4702/2932/632 4701/2935/632 4699/2933/631
f 4704/2934/633 4703/2937/633 4701/2935/632
f 4706/2936/634 4705/2939/634 4703/2937/633
f 4708/2938/635 4707/2941/635 4705/2939/634
f 4710/2940/636 4709/2943/636 4707/2941/635
f 4712/2942/637 4711/2945/639 4709/2943/636
f 4714/2944/638 4713/2946/638 4711/2945/639
f 4716/2467/640 4715/2470/640 4713/2946/638
f 4718/2947/641 4717/2949/641 4715/2470/640
f 4720/2948/642 4719/2951/644 4717/2949/641
f 4722/2950/643 4721/2953/643 4719/2951/644
f 4724/2952/645 4723/2955/645 4721/2953/643
f 4726/2954/646 4725/2957/646 4723/2955/645
f 4728/2956/647 4727/2959/649 4725/2957/646
f 4730/2958/648 4729/2961/648 4727/2959/649
f 4732/2960/650 4731/2963/650 4729/2961/648
f 4734/2962/651 4733/2965/651 4731/2963/650
f 4736/2964/652 4735/2967/652 4733/2965/651
f 4738/2966/653 4737/2969/653 4735/2967/652
f 4740/2968/654 4739/2971/654 4737/2969/653
f 4742/2970/655 4741/2973/655 4739/2971/654
f 4744/2972/656 4743/2975/656 4741/2973/655
f 4746/2974/657 4745/2977/659 4743/2975/656
f 4748/2976/658 4747/2979/658 4745/2977/659
f 4750/2978/660 4749/2981/660 4747/2979/658
f 4752/2980/661 4751/2983/661 4749/2981/660
f 4754/2982/662 4753/2985/662 4751/2983/661
f 4756/2984/663 4755/2987/663 4753/2985/662
f 4758/2986/664 4757/2989/664 4755/2987/663
f 4760/2988/665 4759/2990/665 4757/2989/664
f 4302/2549/426 4301/228/426 4759/2990/665
f 4764/2991/666 4763/2993/666 4761/199/667
f 4766/2992/668 4765/2995/668 4763/2993/666
f 4768/2994/669 4767/2997/669 4765/2995/668
f 4770/2996/670 4769/2999/670 4767/2997/669
f 4772/2998/671 4771/3001/671 4769/2999/670
f 4774/3000/672 4773/3003/672 4771/3001/671
f 4776/3002/673 4775/3005/673 4773/3003/672
f 4778/3004/674 4777/3007/674 4775/3005/673
f 4780/3006/675 4779/3009/675 4777/3007/674
f 4782/3008/676 4781/3011/676 4779/3009/675
f 4784/3010/677 4783/3013/677 4781/3011/676
f 4786/3012/678 4785/3015/678 4783/3013/677
f 4788/3014/679 4787/3017/679 4785/3015/678
f 4790/3016/680 4789/3019/680 4787/3017/679
f 4792/3018/681 4791/3021/681 4789/3019/680
f 4794/3020/682 4793/3022/682 4791/3021/681
f 4796/1894/683 4795/1897/683 4793/3022/682
f 4798/3023/684 4797/3025/684 4795/1897/683
f 4800/3024/685 4799/3027/685 4797/3025/684
f 4802/3026/686 4801/3029/686 4799/3027/685
f 4804/3028/687 4803/3031/687 4801/3029/686
f 4806/3030/688 4805/3033/688 4803/3031/687
f 4808/3032/689 4807/3035/689 4805/3033/688
f 4810/3034/690 4809/3037/690 4807/3035/689
f 4812/3036/691 4811/3039/691 4809/3037/690
f 4814/3038/692 4813/3041/692 4811/3039/691
f 4816/3040/693 4815/3043/693 4813/3041/692
f 4818/3042/694 4817/3045/694 4815/3043/693
f 4820/3044/695 4819/3047/697 4817/3045/694
f 4822/3046/696 4821/3049/696 4819/3047/697
f 4824/3048/698 4823/3051/700 4821/3049/696
f 4826/3050/699 4825/3053/699 4823/3051/700
f 4828/3052/701 4827/3054/701 4825/3053/699
f 4830/2058/702 4829/2061/702 4827/3054/701
f 4832/3055/703 4831/3057/703 4829/2061/702
f 4834/3056/704 4833/3059/704 4831/3057/703
f 4836/3058/705 4835/3061/705 4833/3059/704
f 4838/3060/706 4837/3063/706 4835/3061/705
f 4840/3062/707 4839/3065/707 4837/3063/706
f 4842/3064/708 4841/3067/708 4839/3065/707
f 4844/3066/709 4843/3069/709 4841/3067/708
f 4846/3068/710 4845/3071/710 4843/3069/709
f 4848/3070/711 4847/3073/711 4845/3071/710
f 4850/3072/712 4849/3075/712 4847/3073/711
f 4852/3074/713 4851/3077/713 4849/3075/712
f 4854/3076/714 4853/3079/714 4851/3077/713
f 4856/3078/715 4855/3081/715 4853/3079/714
f 4858/3080/716 4857/3083/716 4855/3081/715
f 4860/3082/717 4859/3085/717 4857/3083/716
f 4862/3084/718 4861/3086/718 4859/3085/717
f 4864/2221/719 4863/2224/719 4861/3086/718
f 4866/3087/720 4865/3089/720 4863/2224/719
f 4868/3088/721 4867/3091/721 4865/3089/720
f 4870/3090/722 4869/3093/722 4867/3091/721
f 4872/3092/723 4871/3095/723 4869/3093/722
f 4874/3094/724 4873/3097/724 4871/3095/723
f 4876/3096/725 4875/3099/725 4873/3097/724
f 4878/3098/726 4877/3101/726 4875/3099/725
f 4880/3100/727 4879/3103/727 4877/3101/726
f 4882/3102/728 4881/3105/728 4879/3103/727
f 4884/3104/729 4883/3107/729 4881/3105/728
f 4886/3106/730 4885/3109/730 4883/3107/729
f 4888/3108/731 4887/3111/731 4885/3109/730
f 4890/3110/732 4889/3113/734 4887/3111/731
f 4892/3112/733 4891/3115/733 4889/3113/734
f 4894/3114/735 4893/3117/735 4891/3115/733
f 4896/3116/736 4895/3118/736 4893/3117/735
f 4898/2385/737 4897/2388/737 4895/3118/736
f 4900/3119/738 4899/3121/738 4897/2388/737
f 4902/3120/739 4901/3123/739 4899/3121/738
f 4904/3122/740 4903/3125/740 4901/3123/739
f 4906/3124/741 4905/3127/743 4903/3125/740
f 4908/3126/742 4907/3129/742 4905/3127/743
f 4910/3128/744 4909/3131/744 4907/3129/742
f 4912/3130/745 4911/3133/745 4909/3131/744
f 4914/3132/746 4913/3135/746 4911/3133/745
f 4916/3134/747 4915/3137/747 4913/3135/746
f 4918/3136/748 4917/3139/748 4915/3137/747
f 4920/3138/749 4919/3141/749 4917/3139/748
f 4922/3140/750 4921/3143/750 4919/3141/749
f 4924/3142/751 4923/3145/753 4921/3143/750
f 4926/3144/752 4925/3147/752 4923/3145/753
f 4928/3146/754 4927/3149/754 4925/3147/752
f 4930/3148/755 4929/3150/755 4927/3149/754
f 4762/2549/667 4761/228/667 4929/3150/755
f 4934/3151/756 4933/3153/756 4931/199/757
f 4936/3152/759 4935/3155/759 4933/3153/756
f 4938/3154/760 4937/3157/760 4935/3155/759
f 4940/3156/761 4939/3159/761 4937/3157/760
f 4942/3158/762 4941/3161/762 4939/3159/761
f 4944/3160/763 4943/3163/763 4941/3161/762
f 4946/3162/764 4945/3165/764 4943/3163/763
f 4948/3164/765 4947/3167/765 4945/3165/764
f 4950/3166/766 4949/3169/766 4947/3167/765
f 4952/3168/767 4951/3171/767 4949/3169/766
f 4954/3170/768 4953/3173/768 4951/3171/767
f 4956/3172/769 4955/3175/769 4953/3173/768
f 4958/3174/770 4957/3177/770 4955/3175/769
f 4960/3176/771 4959/3179/771 4957/3177/770
f 4962/3178/772 4961/3181/772 4959/3179/771
f 4964/3180/773 4963/3183/773 4961/3181/772
f 4966/3182/774 4965/3185/774 4963/3183/773
f 4968/3184/775 4967/3187/775 4965/3185/774
f 4970/3186/776 4969/3189/776 4967/3187/775
f 4972/3188/777 4971/3191/777 4969/3189/776
f 4974/3190/778 4973/3193/778 4971/3191/777
f 4976/3192/779 4975/3195/781 4973/3193/778
f 4978/3194/780 4977/3197/783 4975/3195/781
f 4980/3196/782 4979/3199/782 4977/3197/783
f 4982/3198/784 4981/3201/784 4979/3199/782
f 4984/3200/427 4983/3203/427 4981/3201/784
f 4986/3202/785 4985/3205/785 4983/3203/427
f 4988/3204/786 4987/3207/786 4985/3205/785
f 4990/3206/787 4989/3209/787 4987/3207/786
f 4992/3208/788 4991/3211/788 4989/3209/787
f 4994/3210/789 4993/3213/789 4991/3211/788
f 4996/3212/790 4995/3215/790 4993/3213/789
f 4998/3214/791 4997/3217/791 4995/3215/790
f 5000/3216/792 4999/3219/792 4997/3217/791
f 5002/3218/793 5001/3221/795 4999/3219/792
f 5004/3220/794 5003/3222/794 5001/3221/795
f 5006/2140/796 5005/848/796 5003/3222/794
f 5008/3223/797 5007/3225/797 5005/848/796
f 5010/3224/798 5009/3227/798 5007/3225/797
f 5012/3226/532 5011/3229/532 5009/3227/798
f 5014/3228/799 5013/3231/799 5011/3229/532
f 5016/3230/800 5015/3233/800 5013/3231/799
f 5018/3232/801 5017/3235/801 5015/3233/800
f 5020/3234/802 5019/3237/802 5017/3235/801
f 5022/3236/803 5021/3239/803 5019/3237/802
f 5024/3238/804 5023/3241/804 5021/3239/803
f 5026/3240/805 5025/3243/805 5023/3241/804
f 5028/3242/806 5027/3245/806 5025/3243/805
f 5030/3244/807 5029/3247/807 5027/3245/806
f 5032/3246/808 5031/3249/808 5029/3247/807
f 5034/3248/809 5033/3251/809 5031/3249/808
f 5036/3250/810 5035/3253/810 5033/3251/809
f 5038/3252/811 5037/3255/811 5035/3253/810
f 5040/3254/812 5039/3257/812 5037/3255/811
f 5042/3256/813 5041/3259/813 5039/3257/812
f 5044/3258/814 5043/3261/814 5041/3259/813
f 5046/3260/815 5045/3263/815 5043/3261/814
f 5048/3262/816 5047/3265/816 5045/3263/815
f 5050/3264/817 5049/3267/817 5047/3265/816
f 5052/3266/818 5051/3269/820 5049/3267/817
f 5054/3268/819 5053/3271/819 5051/3269/820
f 5056/3270/821 5055/3273/823 5053/3271/819
f 5058/3272/822 5057/3275/822 5055/3273/823
f 5060/3274/824 5059/3277/824 5057/3275/822
f 5062/3276/825 5061/3279/825 5059/3277/824
f 5064/3278/826 5063/3281/826 5061/3279/825
f 5066/3280/827 5065/3283/827 5063/3281/826
f 5068/3282/828 5067/3285/828 5065/3283/827
f 5070/3284/829 5069/3287/831 5067/3285/828
f 5072/3286/830 5071/3289/830 5069/3287/831
f 5074/3288/832 5073/3291/833 5071/3289/830
f 5076/3290/243 5075/3293/243 5073/3291/833
f 5078/3292/834 5077/3294/835 5075/3293/243
f 4932/2549/758 4931/228/757 5077/3294/835
f 5082/3295/836 5081/3297/836 5079/199/837
f 5084/3296/838 5083/3299/838 5081/3297/836
f 5086/3298/839 5085/3301/839 5083/3299/838
f 5088/3300/840 5087/3303/840 5085/3301/839
f 5090/3302/841 5089/3305/841 5087/3303/840
f 5092/3304/842 5091/3307/842 5089/3305/841
f 5094/3306/843 5093/3309/843 5091/3307/842
f 5096/3308/844 5095/3311/844 5093/3309/843
f 5098/3310/845 5097/3313/845 5095/3311/844
f 5100/3312/846 5099/3315/846 5097/3313/845
f 5102/3314/847 5101/3317/847 5099/3315/846
f 5104/3316/848 5103/3319/848 5101/3317/847
f 5106/3318/849 5105/3321/849 5103/3319/848
f 5108/3320/850 5107/3323/850 5105/3321/849
f 5110/3322/851 5109/3325/851 5107/3323/850
f 5112/3324/852 5111/3327/852 5109/3325/851
f 5114/3326/853 5113/3329/853 5111/3327/852
f 5116/3328/854 5115/3331/854 5113/3329/853
f 5118/3330/855 5117/3333/855 5115/3331/854
f 5120/3332/856 5119/3335/856 5117/3333/855
f 5122/3334/857 5121/3337/857 5119/3335/856
f 5124/3336/858 5123/3339/858 5121/3337/857
f 5126/3338/859 5125/3341/859 5123/3339/858
f 5128/3340/860 5127/3343/860 5125/3341/859
f 5130/3342/861 5129/3345/861 5127/3343/860
f 5132/3344/862 5131/3347/862 5129/3345/861
f 5134/3346/863 5133/3349/863 5131/3347/862
f 5136/3348/864 5135/3351/864 5133/3349/863
f 5138/3350/865 5137/3353/865 5135/3351/864
f 5140/3352/866 5139/3355/866 5137/3353/865
f 5142/3354/867 5141/3357/867 5139/3355/866
f 5144/3356/868 5143/3359/868 5141/3357/867
f 5146/3358/869 5145/3361/869 5143/3359/868
f 5148/3360/870 5147/3363/870 5145/3361/869
f 5150/3362/871 5149/3365/871 5147/3363/870
f 5152/3364/872 5151/3367/872 5149/3365/871
f 5154/3366/873 5153/3369/873 5151/3367/872
f 5156/3368/874 5155/3371/876 5153/3369/873
f 5158/3370/875 5157/3373/875 5155/3371/876
f 5160/3372/877 5159/3375/877 5157/3373/875
f 5162/3374/878 5161/3377/878 5159/3375/877
f 5164/3376/879 5163/3379/879 5161/3377/878
f 5166/3378/880 5165/3381/880 5163/3379/879
f 5168/3380/881 5167/3383/881 5165/3381/880
f 5170/3382/882 5169/3385/882 5167/3383/881
f 5172/3384/883 5171/3387/883 5169/3385/882
f 5174/3386/884 5173/3389/884 5171/3387/883
f 5176/3388/885 5175/3391/887 5173/3389/884
f 5178/3390/886 5177/3393/889 5175/3391/887
f 5180/3392/888 5179/3395/888 5177/3393/889
f 5182/3394/890 5181/3397/890 5179/3395/888
f 5184/3396/891 5183/3399/891 5181/3397/890
f 5186/3398/892 5185/3401/894 5183/3399/891
f 5188/3400/893 5187/3403/896 5185/3401/894
f 5190/3402/895 5189/3405/895 5187/3403/896
f 5192/3404/897 5191/3407/897 5189/3405/895
f 5194/3406/898 5193/3409/898 5191/3407/897
f 5196/3408/899 5195/3411/899 5193/3409/898
f 5198/3410/900 5197/3413/900 5195/3411/899
f 5200/3412/901 5199/3415/901 5197/3413/900
f 5202/3414/902 5201/3417/902 5199/3415/901
f 5204/3416/903 5203/3419/905 5201/3417/902
f 5206/3418/904 5205/3421/907 5203/3419/905
f 5208/3420/906 5207/3423/909 5205/3421/907
f 5210/3422/908 5209/3425/911 5207/3423/909
f 5212/3424/910 5211/3427/913 5209/3425/911
f 5214/3426/912 5213/3429/915 5211/3427/913
f 5216/3428/914 5215/3431/917 5213/3429/915
f 5218/3430/916 5217/3433/919 5215/3431/917
f 5220/3432/918 5219/3435/921 5217/3433/919
f 5222/3434/920 5221/3437/920 5219/3435/921
f 5224/3436/922 5223/3439/922 5221/3437/920
f 5226/3438/923 5225/3441/925 5223/3439/922
f 5228/3440/924 5227/3443/927 5225/3441/925
f 5230/3442/926 5229/3445/929 5227/3443/927
f 5232/3444/928 5231/3447/928 5229/3445/929
f 5234/3446/930 5233/3449/930 5231/3447/928
f 5236/3448/931 5235/3451/931 5233/3449/930
f 5238/3450/932 5237/3453/934 5235/3451/931
f 5240/3452/933 5239/3455/933 5237/3453/934
f 5242/3454/935 5241/3457/935 5239/3455/933
f 5244/3456/936 5243/3459/936 5241/3457/935
f 5246/3458/937 5245/3461/937 5243/3459/936
f 5248/3460/938 5247/3463/938 5245/3461/937
f 5250/3462/939 5249/3465/939 5247/3463/938
f 5252/3464/940 5251/3467/940 5249/3465/939
f 5254/3466/941 5253/3469/941 5251/3467/940
f 5256/3468/942 5255/3471/942 5253/3469/941
f 5258/3470/943 5257/3473/943 5255/3471/942
f 5260/3472/944 5259/3475/944 5257/3473/943
f 5262/3474/945 5261/3477/945 5259/3475/944
f 5264/3476/946 5263/3479/946 5261/3477/945
f 5266/3478/947 5265/3481/947 5263/3479/946
f 5268/3480/948 5267/3483/948 5265/3481/947
f 5270/3482/949 5269/3485/949 5267/3483/948
f 5272/3484/950 5271/3487/950 5269/3485/949
f 5274/3486/951 5273/3489/951 5271/3487/950
f 5276/3488/952 5275/3491/952 5273/3489/951
f 5278/3490/953 5277/3493/953 5275/3491/952
f 5280/3492/954 5279/3495/954 5277/3493/953
f 5282/3494/955 5281/3497/955 5279/3495/954
f 5284/3496/956 5283/3499/956 5281/3497/955
f 5286/3498/957 5285/3501/957 5283/3499/956
f 5288/3500/958 5287/3503/958 5285/3501/957
f 5290/3502/959 5289/3505/959 5287/3503/958
f 5292/3504/960 5291/3507/960 5289/3505/959
f 5294/3506/961 5293/3509/961 5291/3507/960
f 5296/3508/962 5295/3511/962 5293/3509/961
f 5298/3510/963 5297/3513/963 5295/3511/962
f 5300/3512/964 5299/3515/964 5297/3513/963
f 5302/3514/965 5301/3517/965 5299/3515/964
f 5304/3516/966 5303/3519/966 5301/3517/965
f 5306/3518/967 5305/3521/967 5303/3519/966
f 5308/3520/968 5307/3523/968 5305/3521/967
f 5310/3522/969 5309/3525/969 5307/3523/968
f 5312/3524/970 5311/3527/970 5309/3525/969
f 5314/3526/971 5313/3529/971 5311/3527/970
f 5316/3528/972 5315/3531/972 5313/3529/971
f 5318/3530/973 5317/3533/973 5315/3531/972
f 5320/3532/974 5319/3535/974 5317/3533/973
f 5322/3534/975 5321/3537/975 5319/3535/974
f 5324/3536/976 5323/3539/976 5321/3537/975
f 5326/3538/977 5325/3541/977 5323/3539/976
f 5328/3540/978 5327/3543/978 5325/3541/977
f 5330/3542/979 5329/3545/979 5327/3543/978
f 5332/3544/980 5331/3547/980 5329/3545/979
f 5334/3546/981 5333/3549/983 5331/3547/980
f 5336/3548/982 5335/3551/982 5333/3549/983
f 5338/3550/984 5337/3553/986 5335/3551/982
f 5340/3552/985 5339/3555/985 5337/3553/986
f 5342/3554/987 5341/3557/987 5339/3555/985
f 5344/3556/988 5343/3559/988 5341/3557/987
f 5346/3558/989 5345/3561/989 5343/3559/988
f 5348/3560/990 5347/3563/990 5345/3561/989
f 5350/3562/991 5349/3565/993 5347/3563/990
f 5352/3564/992 5351/3567/992 5349/3565/993
f 5354/3566/994 5353/3569/994 5351/3567/992
f 5356/3568/995 5355/3571/995 5353/3569/994
f 5358/3570/996 5357/3573/996 5355/3571/995
f 5360/3572/997 5359/3575/997 5357/3573/996
f 5362/3574/998 5361/3577/998 5359/3575/997
f 5364/3576/999 5363/3579/999 5361/3577/998
f 5366/3578/401 5365/3581/401 5363/3579/999
f 5368/3580/1000 5367/3583/1000 5365/3581/401
f 5370/3582/1001 5369/3585/1003 5367/3583/1000
f 5372/3584/1002 5371/3587/1005 5369/3585/1003
f 5374/3586/1004 5373/3589/1004 5371/3587/1005
f 5376/3588/1006 5375/3591/1006 5373/3589/1004
f 5378/3590/1007 5377/3593/1007 5375/3591/1006
f 5380/3592/1008 5379/3595/1008 5377/3593/1007
f 5382/3594/1009 5381/3597/1009 5379/3595/1008
f 5384/3596/1010 5383/3599/1010 5381/3597/1009
f 5386/3598/1011 5385/3601/1011 5383/3599/1010
f 5388/3600/1012 5387/3603/1012 5385/3601/1011
f 5390/3602/1013 5389/3605/1013 5387/3603/1012
f 5392/3604/1014 5391/3607/1014 5389/3605/1013
f 5394/3606/1015 5393/3609/1015 5391/3607/1014
f 5396/3608/1016 5395/3611/1016 5393/3609/1015
f 5398/3610/1017 5397/3613/1019 5395/3611/1016
f 5400/3612/1018 5399/3615/1018 5397/3613/1019
f 5402/3614/1020 5401/3617/1020 5399/3615/1018
f 5404/3616/1021 5403/3619/1021 5401/3617/1020
f 5406/3618/1022 5405/3621/1022 5403/3619/1021
f 5408/3620/1023 5407/3623/1023 5405/3621/1022
f 5410/3622/1024 5409/3625/1024 5407/3623/1023
f 5412/3624/1025 5411/3627/1025 5409/3625/1024
f 5414/3626/1026 5413/3629/1026 5411/3627/1025
f 5416/3628/1027 5415/3631/1027 5413/3629/1026
f 5418/3630/1028 5417/3633/1028 5415/3631/1027
f 5420/3632/1029 5419/3635/1029 5417/3633/1028
f 5422/3634/1030 5421/3637/1030 5419/3635/1029
f 5424/3636/1031 5423/3639/1031 5421/3637/1030
f 5426/3638/1032 5425/3641/1034 5423/3639/1031
f 5428/3640/1033 5427/3643/1033 5425/3641/1034
f 5430/3642/1035 5429/3645/1035 5427/3643/1033
f 5432/3644/1036 5431/3647/1036 5429/3645/1035
f 5434/3646/1037 5433/3649/1037 5431/3647/1036
f 5436/3648/1038 5435/3651/1038 5433/3649/1037
f 5438/3650/1039 5437/3653/1039 5435/3651/1038
f 5440/3652/1040 5439/3655/1040 5437/3653/1039
f 5442/3654/1041 5441/3657/1041 5439/3655/1040
f 5444/3656/1042 5443/3659/1042 5441/3657/1041
f 5446/3658/1043 5445/3661/1043 5443/3659/1042
f 5448/3660/1044 5447/3663/1044 5445/3661/1043
f 5450/3662/1045 5449/3665/1045 5447/3663/1044
f 5452/3664/1046 5451/3667/1046 5449/3665/1045
f 5454/3666/1047 5453/3669/1047 5451/3667/1046
f 5456/3668/1048 5455/3671/1048 5453/3669/1047
f 5458/3670/1049 5457/3673/1049 5455/3671/1048
f 5460/3672/1050 5459/3675/1050 5457/3673/1049
f 5462/3674/1051 5461/3677/1051 5459/3675/1050
f 5464/3676/1052 5463/3679/1052 5461/3677/1051
f 5466/3678/1053 5465/3681/1053 5463/3679/1052
f 5468/3680/1054 5467/3683/1054 5465/3681/1053
f 5470/3682/1055 5469/3685/1055 5467/3683/1054
f 5472/3684/1056 5471/3687/1056 5469/3685/1055
f 5474/3686/277 5473/3689/277 5471/3687/1056
f 5476/3688/1057 5475/3691/1057 5473/3689/277
f 5478/3690/1058 5477/3693/1058 5475/3691/1057
f 5480/3692/1059 5479/3695/1059 5477/3693/1058
f 5482/3694/1060 5481/3697/1060 5479/3695/1059
f 5484/3696/1061 5483/3699/1061 5481/3697/1060
f 5486/3698/1062 5485/3701/1062 5483/3699/1061
f 5488/3700/1063 5487/3703/1063 5485/3701/1062
f 5490/3702/530 5489/3705/530 5487/3703/1063
f 5492/3704/1064 5491/3707/1064 5489/3705/530
f 5494/3706/1065 5493/3709/1065 5491/3707/1064
f 5496/3708/1066 5495/3711/1066 5493/3709/1065
f 5498/3710/1067 5497/3713/1067 5495/3711/1066
f 5500/3712/1068 5499/3715/1068 5497/3713/1067
f 5502/3714/1069 5501/3717/1069 5499/3715/1068
f 5504/3716/1070 5503/3719/1070 5501/3717/1069
f 5506/3718/1071 5505/3721/1071 5503/3719/1070
f 5508/3720/1072 5507/3723/1072 5505/3721/1071
f 5510/3722/1073 5509/3725/1073 5507/3723/1072
f 5512/3724/1074 5511/3727/1074 5509/3725/1073
f 5514/3726/1075 5513/3729/1075 5511/3727/1074
f 5516/3728/1076 5515/3731/1076 5513/3729/1075
f 5518/3730/1077 5517/3733/1077 5515/3731/1076
f 5520/3732/1078 5519/3735/1078 5517/3733/1077
f 5522/3734/1079 5521/3737/1079 5519/3735/1078
f 5524/3736/1080 5523/3739/1080 5521/3737/1079
f 5526/3738/1081 5525/3741/1081 5523/3739/1080
f 5528/3740/1082 5527/3743/1082 5525/3741/1081
f 5530/3742/1083 5529/3745/1083 5527/3743/1082
f 5532/3744/1084 5531/3747/1084 5529/3745/1083
f 5534/3746/1085 5533/3749/1085 5531/3747/1084
f 5536/3748/1086 5535/3751/1086 5533/3749/1085
f 5538/3750/1087 5537/3753/1087 5535/3751/1086
f 5540/3752/1088 5539/3755/1088 5537/3753/1087
f 5542/3754/1089 5541/3757/1091 5539/3755/1088
f 5544/3756/1090 5543/3759/1090 5541/3757/1091
f 5546/3758/1092 5545/3761/1092 5543/3759/1090
f 5548/3760/1093 5547/3763/1093 5545/3761/1092
f 5550/3762/1094 5549/3765/1094 5547/3763/1093
f 5552/3764/1095 5551/3767/1095 5549/3765/1094
f 5554/3766/1096 5553/3769/1096 5551/3767/1095
f 5556/3768/1097 5555/3771/1097 5553/3769/1096
f 5558/3770/1098 5557/3773/1100 5555/3771/1097
f 5560/3772/1099 5559/3775/1099 5557/3773/1100
f 5562/3774/1101 5561/3777/1101 5559/3775/1099
f 5564/3776/1102 5563/3779/1104 5561/3777/1101
f 5566/3778/1103 5565/3781/1103 5563/3779/1104
f 5568/3780/1105 5567/3783/1105 5565/3781/1103
f 5570/3782/1106 5569/3785/1106 5567/3783/1105
f 5572/3784/1107 5571/3787/1107 5569/3785/1106
f 5574/3786/1108 5573/3789/1110 5571/3787/1107
f 5576/3788/1109 5575/3791/1109 5573/3789/1110
f 5578/3790/1111 5577/3793/1111 5575/3791/1109
f 5580/3792/1112 5579/3795/1112 5577/3793/1111
f 5582/3794/1113 5581/3797/1113 5579/3795/1112
f 5584/3796/1114 5583/3799/1114 5581/3797/1113
f 5586/3798/1115 5585/3801/1115 5583/3799/1114
f 5588/3800/1116 5587/3803/1116 5585/3801/1115
f 5590/3802/1117 5589/3805/1117 5587/3803/1116
f 5592/3804/1118 5591/3807/1118 5589/3805/1117
f 5594/3806/1119 5593/3809/1119 5591/3807/1118
f 5596/3808/1120 5595/3811/343 5593/3809/1119
f 5598/3810/1121 5597/3813/1121 5595/3811/343
f 5600/3812/1122 5599/3815/1122 5597/3813/1121
f 5602/3814/1123 5601/3817/1123 5599/3815/1122
f 5604/3816/1124 5603/3819/1126 5601/3817/1123
f 5606/3818/1125 5605/3821/1125 5603/3819/1126
f 5608/3820/1127 5607/3823/1127 5605/3821/1125
f 5610/3822/1128 5609/3825/1128 5607/3823/1127
f 5612/3824/1129 5611/3827/1129 5609/3825/1128
f 5614/3826/1130 5613/3829/1130 5611/3827/1129
f 5616/3828/1131 5615/3831/1131 5613/3829/1130
f 5618/3830/1132 5617/3833/1132 5615/3831/1131
f 5620/3832/1133 5619/3835/1133 5617/3833/1132
f 5622/3834/1134 5621/3837/1134 5619/3835/1133
f 5624/3836/1135 5623/3839/1135 5621/3837/1134
f 5626/3838/1136 5625/3841/1136 5623/3839/1135
f 5628/3840/1137 5627/3843/1137 5625/3841/1136
f 5630/3842/1138 5629/3845/1138 5627/3843/1137
f 5632/3844/1139 5631/3847/1139 5629/3845/1138
f 5634/3846/1140 5633/3849/1140 5631/3847/1139
f 5636/3848/1141 5635/3850/1141 5633/3849/1140
f 5080/2549/837 5079/228/837 5635/3850/1141
f 5640/3851/1142 5639/3853/1142 5637/199/1143
f 5642/3852/1144 5641/3855/1144 5639/3853/1142
f 5644/3854/1145 5643/3857/1145 5641/3855/1144
f 5646/3856/1146 5645/3859/1146 5643/3857/1145
f 5648/3858/1049 5647/3861/1049 5645/3859/1146
f 5650/3860/1147 5649/3863/1147 5647/3861/1049
f 5652/3862/1148 5651/3865/1148 5649/3863/1147
f 5654/3864/1149 5653/3867/1149 5651/3865/1148
f 5656/3866/1150 5655/3869/1150 5653/3867/1149
f 5658/3868/1151 5657/3871/1151 5655/3869/1150
f 5660/3870/1152 5659/3873/1152 5657/3871/1151
f 5662/3872/1153 5661/3875/1153 5659/3873/1152
f 5664/3874/1154 5663/3877/1154 5661/3875/1153
f 5666/3876/1155 5665/3879/1155 5663/3877/1154
f 5668/3878/1156 5667/3881/1156 5665/3879/1155
f 5670/3880/1157 5669/3883/1157 5667/3881/1156
f 5672/3882/1158 5671/3885/1158 5669/3883/1157
f 5674/3884/1159 5673/3887/1159 5671/3885/1158
f 5676/3886/1160 5675/3889/1160 5673/3887/1159
f 5678/3888/1161 5677/3891/1161 5675/3889/1160
f 5680/3890/1162 5679/3893/1162 5677/3891/1161
f 5682/3892/1163 5681/3895/1163 5679/3893/1162
f 5684/3894/1164 5683/3897/1164 5681/3895/1163
f 5686/3896/1165 5685/3899/1165 5683/3897/1164
f 5688/3898/1166 5687/3901/1166 5685/3899/1165
f 5690/3900/1167 5689/3903/1167 5687/3901/1166
f 5692/3902/1168 5691/3905/1168 5689/3903/1167
f 5694/3904/1169 5693/3907/1169 5691/3905/1168
f 5696/3906/1170 5695/3909/1170 5693/3907/1169
f 5698/3908/1171 5697/3911/1171 5695/3909/1170
f 5700/3910/1172 5699/3913/1172 5697/3911/1171
f 5702/3912/1173 5701/3915/1175 5699/3913/1172
f 5704/3914/1174 5703/3917/1177 5701/3915/1175
f 5706/3916/1176 5705/3919/1176 5703/3917/1177
f 5708/3918/1178 5707/3921/1178 5705/3919/1176
f 5710/3920/1179 5709/3923/1181 5707/3921/1178
f 5712/3922/1180 5711/3925/1180 5709/3923/1181
f 5714/3924/1182 5713/3927/1182 5711/3925/1180
f 5716/3926/1183 5715/1006/1183 5713/3927/1182
f 5718/3928/1184 5717/3930/1185 5715/1006/1183
f 5720/3929/813 5719/3932/1187 5717/3930/1185
f 5722/3931/1186 5721/3934/142 5719/3932/1187
f 5724/3933/1188 5723/3936/1190 5721/3934/142
f 5726/3935/1189 5725/3938/1189 5723/3936/1190
f 5728/3937/1191 5727/3940/1191 5725/3938/1189
f 5730/3939/1192 5729/3942/1194 5727/3940/1191
f 5732/3941/1193 5731/3944/1193 5729/3942/1194
f 5734/3943/1195 5733/3946/1195 5731/3944/1193
f 5736/3945/1196 5735/3948/1196 5733/3946/1195
f 5738/3947/1197 5737/3950/1197 5735/3948/1196
f 5740/3949/1198 5739/3952/1198 5737/3950/1197
f 5742/3951/1199 5741/3954/1199 5739/3952/1198
f 5744/3953/1200 5743/3956/1200 5741/3954/1199
f 5746/3955/1201 5745/3958/1201 5743/3956/1200
f 5748/3957/1202 5747/3960/1202 5745/3958/1201
f 5750/3959/1203 5749/3962/1203 5747/3960/1202
f 5752/3961/1204 5751/3964/1204 5749/3962/1203
f 5754/3963/1205 5753/3966/1207 5751/3964/1204
f 5756/3965/1206 5755/3968/1206 5753/3966/1207
f 5758/3967/1208 5757/3970/1208 5755/3968/1206
f 5760/3969/1209 5759/3972/1209 5757/3970/1208
f 5762/3971/1210 5761/3974/1210 5759/3972/1209
f 5764/3973/1211 5763/3976/1211 5761/3974/1210
f 5766/3975/1212 5765/3978/1212 5763/3976/1211
f 5768/3977/1213 5767/3980/1213 5765/3978/1212
f 5770/3979/1214 5769/3982/1214 5767/3980/1213
f 5772/3981/1215 5771/3984/1215 5769/3982/1214
f 5774/3983/1216 5773/3986/1216 5771/3984/1215
f 5776/3985/1217 5775/3988/1217 5773/3986/1216
f 5778/3987/1218 5777/3990/1218 5775/3988/1217
f 5780/3989/1219 5779/3992/1219 5777/3990/1218
f 5782/3991/1220 5781/3994/1220 5779/3992/1219
f 5784/3993/1221 5783/3996/1221 5781/3994/1220
f 5786/3995/1222 5785/3998/1222 5783/3996/1221
f 5788/3997/1223 5787/4000/1223 5785/3998/1222
f 5790/3999/1224 5789/4002/1224 5787/4000/1223
f 5792/4001/1225 5791/4004/1225 5789/4002/1224
f 5794/4003/1226 5793/857/1226 5791/4004/1225
f 5796/4005/1227 5795/4007/1227 5793/857/1226
f 5798/4006/1228 5797/4009/1228 5795/4007/1227
f 5800/4008/1229 5799/4011/1229 5797/4009/1228
f 5802/4010/1230 5801/4013/1230 5799/4011/1229
f 5804/4012/1231 5803/4015/1231 5801/4013/1230
f 5806/4014/1232 5805/4017/1232 5803/4015/1231
f 5808/4016/1233 5807/4019/1233 5805/4017/1232
f 5810/4018/1234 5809/4021/1234 5807/4019/1233
f 5812/4020/1235 5811/4023/1235 5809/4021/1234
f 5814/4022/1236 5813/4025/1236 5811/4023/1235
f 5816/4024/1237 5815/4027/1237 5813/4025/1236
f 5818/4026/1238 5817/4029/1240 5815/4027/1237
f 5820/4028/1239 5819/4031/1239 5817/4029/1240
f 5822/4030/1241 5821/4033/1241 5819/4031/1239
f 5824/4032/1242 5823/4035/1242 5821/4033/1241
f 5826/4034/1243 5825/4037/1243 5823/4035/1242
f 5828/4036/1244 5827/4039/1244 5825/4037/1243
f 5830/4038/1245 5829/4041/1245 5827/4039/1244
f 5832/4040/1246 5831/4043/1246 5829/4041/1245
f 5834/4042/1247 5833/4045/1247 5831/4043/1246
f 5836/4044/1248 5835/4047/1248 5833/4045/1247
f 5838/4046/1249 5837/4049/1249 5835/4047/1248
f 5840/4048/1250 5839/4051/1250 5837/4049/1249
f 5842/4050/1251 5841/4053/1251 5839/4051/1250
f 5844/4052/1252 5843/4054/1252 5841/4053/1251
f 5846/3478/1253 5845/3481/1253 5843/4054/1252
f 5848/4055/1254 5847/4057/1254 5845/3481/1253
f 5850/4056/1255 5849/4059/1257 5847/4057/1254
f 5852/4058/1256 5851/4061/1259 5849/4059/1257
f 5854/4060/1258 5853/4063/1261 5851/4061/1259
f 5856/4062/1260 5855/4065/1263 5853/4063/1261
f 5858/4064/1262 5857/4067/1262 5855/4065/1263
f 5860/4066/1264 5859/4069/1264 5857/4067/1262
f 5862/4068/1265 5861/4071/1265 5859/4069/1264
f 5864/4070/1266 5863/4073/1266 5861/4071/1265
f 5866/4072/1267 5865/4075/1267 5863/4073/1266
f 5868/4074/1268 5867/4077/1270 5865/4075/1267
f 5870/4076/1269 5869/4079/1269 5867/4077/1270
f 5872/4078/1271 5871/935/1271 5869/4079/1269
f 5874/4080/1272 5873/4082/1272 5871/935/1271
f 5876/4081/468 5875/4084/468 5873/4082/1272
f 5878/4083/1273 5877/4086/1275 5875/4084/468
f 5880/4085/1274 5879/4088/1274 5877/4086/1275
f 5882/4087/1276 5881/4090/1276 5879/4088/1274
f 5884/4089/1277 5883/4092/1277 5881/4090/1276
f 5886/4091/1278 5885/4094/1278 5883/4092/1277
f 5888/4093/1279 5887/4096/1281 5885/4094/1278
f 5890/4095/1280 5889/4098/1280 5887/4096/1281
f 5892/4097/1282 5891/4100/1282 5889/4098/1280
f 5894/4099/1283 5893/4102/1283 5891/4100/1282
f 5896/4101/1284 5895/4104/1284 5893/4102/1283
f 5898/4103/1285 5897/4106/1287 5895/4104/1284
f 5900/4105/1286 5899/4108/1286 5897/4106/1287
f 5902/4107/1288 5901/4110/1288 5899/4108/1286
f 5904/4109/1289 5903/4112/1291 5901/4110/1288
f 5906/4111/1290 5905/4114/1290 5903/4112/1291
f 5908/4113/1292 5907/4116/1292 5905/4114/1290
f 5910/4115/1293 5909/4118/1295 5907/4116/1292
f 5912/4117/1294 5911/4120/1294 5909/4118/1295
f 5914/4119/1296 5913/4122/1298 5911/4120/1294
f 5916/4121/1297 5915/4124/1297 5913/4122/1298
f 5918/4123/1299 5917/4126/1299 5915/4124/1297
f 5920/4125/1300 5919/4128/1300 5917/4126/1299
f 5922/4127/1301 5921/4130/1301 5919/4128/1300
f 5924/4129/1302 5923/4132/1302 5921/4130/1301
f 5926/4131/1303 5925/4134/1305 5923/4132/1302
f 5928/4133/1304 5927/4136/1304 5925/4134/1305
f 5930/4135/1306 5929/4138/1308 5927/4136/1304
f 5932/4137/1307 5931/4140/1307 5929/4138/1308
f 5934/4139/1309 5933/4142/1309 5931/4140/1307
f 5936/4141/1310 5935/4144/1310 5933/4142/1309
f 5938/4143/1311 5937/4146/1311 5935/4144/1310
f 5940/4145/1312 5939/4148/1312 5937/4146/1311
f 5942/4147/1313 5941/4150/1313 5939/4148/1312
f 5944/4149/1314 5943/4152/1314 5941/4150/1313
f 5946/4151/1315 5945/4154/1315 5943/4152/1314
f 5948/4153/1316 5947/4155/1316 5945/4154/1315
f 5950/2140/1317 5949/848/1317 5947/4155/1316
f 5952/4156/1318 5951/4158/1318 5949/848/1317
f 5954/4157/1319 5953/4160/1319 5951/4158/1318
f 5956/4159/1320 5955/4162/1320 5953/4160/1319
f 5958/4161/1321 5957/4164/1321 5955/4162/1320
f 5960/4163/1322 5959/4166/1322 5957/4164/1321
f 5962/4165/1323 5961/4168/1323 5959/4166/1322
f 5964/4167/1324 5963/4170/1324 5961/4168/1323
f 5966/4169/1325 5965/4172/1325 5963/4170/1324
f 5968/4171/1326 5967/4174/1326 5965/4172/1325
f 5970/4173/1327 5969/4176/1327 5967/4174/1326
f 5972/4175/1328 5971/4178/1328 5969/4176/1327
f 5974/4177/1329 5973/4180/1329 5971/4178/1328
f 5976/4179/1330 5975/4182/1330 5973/4180/1329
f 5978/4181/1331 5977/4184/1333 5975/4182/1330
f 5980/4183/1332 5979/4186/1332 5977/4184/1333
f 5982/4185/1334 5981/4188/1336 5979/4186/1332
f 5984/4187/1335 5983/4190/1335 5981/4188/1336
f 5986/4189/1337 5985/4192/1337 5983/4190/1335
f 5988/4191/1338 5987/4194/1338 5985/4192/1337
f 5990/4193/1339 5989/4196/1339 5987/4194/1338
f 5992/4195/1340 5991/4198/1340 5989/4196/1339
f 5994/4197/1341 5993/4200/1341 5991/4198/1340
f 5996/4199/1342 5995/4202/1342 5993/4200/1341
f 5998/4201/1343 5997/4204/1343 5995/4202/1342
f 6000/4203/1344 5999/4206/1346 5997/4204/1343
f 6002/4205/1345 6001/4208/1345 5999/4206/1346
f 6004/4207/1347 6003/4210/1347 6001/4208/1345
f 6006/4209/1348 6005/4212/1348 6003/4210/1347
f 6008/4211/1349 6007/4214/1349 6005/4212/1348
f 6010/4213/1350 6009/4216/1350 6007/4214/1349
f 6012/4215/1351 6011/4218/1353 6009/4216/1350
f 6014/4217/1352 6013/4220/1352 6011/4218/1353
f 6016/4219/1354 6015/4222/1354 6013/4220/1352
f 6018/4221/1355 6017/4224/1355 6015/4222/1354
f 6020/4223/1356 6019/4226/1356 6017/4224/1355
f 6022/4225/1357 6021/4228/1357 6019/4226/1356
f 6024/4227/1358 6023/4230/1360 6021/4228/1357
f 6026/4229/1359 6025/4232/1359 6023/4230/1360
f 6028/4231/1361 6027/768/1361 6025/4232/1359
f 6030/4233/1362 6029/4235/1362 6027/768/1361
f 6032/4234/1363 6031/4237/1363 6029/4235/1362
f 6034/4236/1364 6033/4239/1364 6031/4237/1363
f 6036/4238/1365 6035/4241/1365 6033/4239/1364
f 6038/4240/1366 6037/4243/1366 6035/4241/1365
f 6040/4242/1367 6039/4245/1367 6037/4243/1366
f 6042/4244/1368 6041/4247/1368 6039/4245/1367
f 6044/4246/1369 6043/4249/1369 6041/4247/1368
f 6046/4248/1370 6045/4251/1370 6043/4249/1369
f 6048/4250/1371 6047/4253/1371 6045/4251/1370
f 6050/4252/1372 6049/4255/1372 6047/4253/1371
f 6052/4254/1373 6051/4256/1373 6049/4255/1372
f 6054/3664/1374 6053/3667/1374 6051/4256/1373
f 6056/4257/1375 6055/4259/1375 6053/3667/1374
f 6058/4258/1376 6057/4261/1378 6055/4259/1375
f 6060/4260/1377 6059/4263/1377 6057/4261/1378
f 6062/4262/1379 6061/4265/1379 6059/4263/1377
f 6064/4264/1380 6063/4267/1380 6061/4265/1379
f 6066/4266/1381 6065/4269/1381 6063/4267/1380
f 6068/4268/1382 6067/4271/1382 6065/4269/1381
f 6070/4270/1383 6069/4273/1385 6067/4271/1382
f 6072/4272/1384 6071/4275/1384 6069/4273/1385
f 6074/4274/1386 6073/4277/1386 6071/4275/1384
f 6076/4276/1387 6075/4279/1389 6073/4277/1386
f 6078/4278/1388 6077/4281/1388 6075/4279/1389
f 6080/4280/1390 6079/4283/1390 6077/4281/1388
f 6082/4282/1391 6081/4285/1391 6079/4283/1390
f 6084/4284/1392 6083/4287/1392 6081/4285/1391
f 6086/4286/1393 6085/4289/1393 6083/4287/1392
f 6088/4288/1394 6087/4291/1394 6085/4289/1393
f 6090/4290/1395 6089/4293/1395 6087/4291/1394
f 6092/4292/1396 6091/4295/1396 6089/4293/1395
f 6094/4294/1397 6093/4297/1397 6091/4295/1396
f 6096/4296/1398 6095/4299/1398 6093/4297/1397
f 6098/4298/1399 6097/4301/1399 6095/4299/1398
f 6100/4300/1400 6099/4303/1400 6097/4301/1399
f 6102/4302/1401 6101/4305/1401 6099/4303/1400
f 6104/4304/1402 6103/4307/1402 6101/4305/1401
f 6106/4306/1403 6105/856/1403 6103/4307/1402
f 6108/4308/1404 6107/4310/1404 6105/856/1403
f 6110/4309/1405 6109/4312/1405 6107/4310/1404
f 6112/4311/1406 6111/4314/1408 6109/4312/1405
f 6114/4313/1407 6113/4316/1407 6111/4314/1408
f 6116/4315/1409 6115/4318/1409 6113/4316/1407
f 6118/4317/1410 6117/4320/1410 6115/4318/1409
f 6120/4319/1411 6119/4322/1411 6117/4320/1410
f 6122/4321/1412 6121/4324/1412 6119/4322/1411
f 6124/4323/1413 6123/4326/1415 6121/4324/1412
f 6126/4325/1414 6125/4328/1414 6123/4326/1415
f 6128/4327/1416 6127/4330/1416 6125/4328/1414
f 6130/4329/1417 6129/4332/1417 6127/4330/1416
f 6132/4331/1418 6131/4334/1418 6129/4332/1417
f 6134/4333/1419 6133/4336/1419 6131/4334/1418
f 6136/4335/1420 6135/4338/1420 6133/4336/1419
f 6138/4337/1421 6137/4340/1421 6135/4338/1420
f 6140/4339/1422 6139/4342/1422 6137/4340/1421
f 6142/4341/1423 6141/4344/1423 6139/4342/1422
f 6144/4343/1424 6143/4346/1424 6141/4344/1423
f 6146/4345/350 6145/4348/350 6143/4346/1424
f 6148/4347/1425 6147/4350/1425 6145/4348/350
f 6150/4349/1426 6149/4352/1426 6147/4350/1425
f 6152/4351/764 6151/4354/764 6149/4352/1426
f 6154/4353/1427 6153/4356/1427 6151/4354/764
f 6156/4355/1428 6155/4358/1428 6153/4356/1427
f 6158/4357/1429 6157/4360/1429 6155/4358/1428
f 6160/4359/1430 6159/4362/1432 6157/4360/1429
f 6162/4361/1431 6161/4364/1431 6159/4362/1432
f 6164/4363/1433 6163/4366/1433 6161/4364/1431
f 6166/4365/1434 6165/4368/1434 6163/4366/1433
f 6168/4367/1435 6167/4370/1437 6165/4368/1434
f 6170/4369/1436 6169/4372/1436 6167/4370/1437
f 6172/4371/1438 6171/4374/1438 6169/4372/1436
f 6174/4373/1439 6173/4376/1441 6171/4374/1438
f 6176/4375/1440 6175/4378/1443 6173/4376/1441
f 6178/4377/1442 6177/4380/1442 6175/4378/1443
f 6180/4379/1444 6179/4382/1446 6177/4380/1442
f 6182/4381/1445 6181/4384/1445 6179/4382/1446
f 6184/4383/1447 6183/803/1449 6181/4384/1445
f 6186/4385/1448 6185/4387/1451 6183/803/1449
f 6188/4386/1450 6187/4389/1450 6185/4387/1451
f 6190/4388/1452 6189/4391/1452 6187/4389/1450
f 6192/4390/1453 6191/4393/1455 6189/4391/1452
f 6194/4392/1454 6193/4395/1457 6191/4393/1455
f 6196/4394/1456 6195/4397/1456 6193/4395/1457
f 6198/4396/1458 6197/4399/1458 6195/4397/1456
f 6200/4398/1459 6199/4401/1459 6197/4399/1458
f 6202/4400/1460 6201/4403/1460 6199/4401/1459
f 6204/4402/1461 6203/4405/1461 6201/4403/1460
f 6206/4404/1462 6205/4407/1462 6203/4405/1461
f 6208/4406/1463 6207/4409/1465 6205/4407/1462
f 6210/4408/1464 6209/4411/1467 6207/4409/1465
f 6212/4410/1466 6211/4413/1469 6209/4411/1467
f 6214/4412/1468 6213/4415/1468 6211/4413/1469
f 6216/4414/1470 6215/4417/1472 6213/4415/1468
f 6218/4416/1471 6217/4419/1474 6215/4417/1472
f 6220/4418/1473 6219/4421/1476 6217/4419/1474
f 6222/4420/1475 6221/4423/1478 6219/4421/1476
f 6224/4422/1477 6223/4425/1477 6221/4423/1478
f 6226/4424/1479 6225/4427/1479 6223/4425/1477
f 6228/4426/1480 6227/4429/1480 6225/4427/1479
f 6230/4428/1481 6229/4431/1481 6227/4429/1480
f 6232/4430/1482 6231/4433/1482 6229/4431/1481
f 6234/4432/1483 6233/4435/1483 6231/4433/1482
f 6236/4434/1484 6235/4437/1484 6233/4435/1483
f 6238/4436/1485 6237/4439/1485 6235/4437/1484
f 6240/4438/1486 6239/4441/1488 6237/4439/1485
f 6242/4440/1487 6241/4443/1487 6239/4441/1488
f 6244/4442/1489 6243/4445/1489 6241/4443/1487
f 6246/4444/1490 6245/4447/1490 6243/4445/1489
f 6248/4446/1491 6247/4449/1491 6245/4447/1490
f 6250/4448/1492 6249/4451/1492 6247/4449/1491
f 6252/4450/1493 6251/4453/1493 6249/4451/1492
f 6254/4452/1494 6253/4455/1494 6251/4453/1493
f 6256/4454/4 6255/4457/4 6253/4455/1494
f 6258/4456/1495 6257/4459/1495 6255/4457/4
f 6260/4458/1496 6259/4460/1496 6257/4459/1495
f 5638/2549/1143 5637/228/1143 6259/4460/1496
f 6264/4461/1497 6263/4463/1497 6261/199/1498
f 6266/4462/1499 6265/4465/1499 6263/4463/1497
f 6268/4464/1500 6267/4467/1500 6265/4465/1499
f 6270/4466/1501 6269/4469/1503 6267/4467/1500
f 6272/4468/1502 6271/4471/1502 6269/4469/1503
f 6274/4470/1504 6273/4473/1504 6271/4471/1502
f 6276/4472/1505 6275/4475/1505 6273/4473/1504
f 6278/4474/1506 6277/4477/1506 6275/4475/1505
f 6280/4476/1507 6279/4479/1507 6277/4477/1506
f 6282/4478/1508 6281/4481/1508 6279/4479/1507
f 6284/4480/1509 6283/4483/1509 6281/4481/1508
f 6286/4482/1510 6285/4485/1510 6283/4483/1509
f 6288/4484/1511 6287/4487/1511 6285/4485/1510
f 6290/4486/1512 6289/4489/1512 6287/4487/1511
f 6292/4488/1513 6291/4491/1513 6289/4489/1512
f 6294/4490/1514 6293/4493/1514 6291/4491/1513
f 6296/4492/1515 6295/4495/1515 6293/4493/1514
f 6298/4494/1516 6297/4497/1516 6295/4495/1515
f 6300/4496/1517 6299/4499/1517 6297/4497/1516
f 6302/4498/1518 6301/4501/1520 6299/4499/1517
f 6304/4500/1519 6303/4503/1519 6301/4501/1520
f 6306/4502/1521 6305/4505/1521 6303/4503/1519
f 6308/4504/1522 6307/4507/1522 6305/4505/1521
f 6310/4506/1523 6309/4509/1523 6307/4507/1522
f 6312/4508/589 6311/4511/589 6309/4509/1523
f 6314/4510/1524 6313/4513/1524 6311/4511/589
f 6316/4512/1525 6315/4515/1525 6313/4513/1524
f 6318/4514/1526 6317/4517/1526 6315/4515/1525
f 6320/4516/1527 6319/4519/1527 6317/4517/1526
f 6322/4518/1528 6321/4521/1528 6319/4519/1527
f 6324/4520/1529 6323/4523/1529 6321/4521/1528
f 6326/4522/1530 6325/4525/1530 6323/4523/1529
f 6328/4524/1531 6327/4527/1531 6325/4525/1530
f 6330/4526/1532 6329/4529/1532 6327/4527/1531
f 6332/4528/1533 6331/4531/1533 6329/4529/1532
f 6334/4530/1534 6333/4533/1534 6331/4531/1533
f 6336/4532/1535 6335/4535/1535 6333/4533/1534
f 6338/4534/1536 6337/4537/1536 6335/4535/1535
f 6340/4536/1537 6339/4539/1537 6337/4537/1536
f 6342/4538/1538 6341/4541/1538 6339/4539/1537
f 6344/4540/1539 6343/4543/1541 6341/4541/1538
f 6346/4542/1540 6345/4545/1540 6343/4543/1541
f 6348/4544/1542 6347/4547/1542 6345/4545/1540
f 6350/4546/1543 6349/4549/1545 6347/4547/1542
f 6352/4548/1544 6351/4551/1544 6349/4549/1545
f 6354/4550/1546 6353/4553/1546 6351/4551/1544
f 6356/4552/1547 6355/4555/1547 6353/4553/1546
f 6358/4554/1548 6357/4557/1548 6355/4555/1547
f 6360/4556/1549 6359/4559/1549 6357/4557/1548
f 6362/4558/1550 6361/4561/1550 6359/4559/1549
f 6364/4560/1551 6363/4563/1553 6361/4561/1550
f 6366/4562/1552 6365/4565/1552 6363/4563/1553
f 6368/4564/1554 6367/4567/1554 6365/4565/1552
f 6370/4566/1555 6369/4569/1555 6367/4567/1554
f 6372/4568/1556 6371/4571/1556 6369/4569/1555
f 6374/4570/1557 6373/4573/1557 6371/4571/1556
f 6376/4572/1558 6375/4575/1558 6373/4573/1557
f 6378/4574/1559 6377/4577/1559 6375/4575/1558
f 6380/4576/1560 6379/4579/1560 6377/4577/1559
f 6382/4578/1561 6381/4581/1561 6379/4579/1560
f 6384/4580/1562 6383/4583/1371 6381/4581/1561
f 6386/4582/1563 6385/4585/1563 6383/4583/1371
f 6388/4584/1564 6387/4587/1564 6385/4585/1563
f 6390/4586/1565 6389/4589/1565 6387/4587/1564
f 6392/4588/1566 6391/4591/1566 6389/4589/1565
f 6394/4590/1567 6393/4593/1567 6391/4591/1566
f 6396/4592/1568 6395/4595/1568 6393/4593/1567
f 6398/4594/1569 6397/4597/1569 6395/4595/1568
f 6400/4596/1570 6399/4599/1570 6397/4597/1569
f 6402/4598/1571 6401/4601/1571 6399/4599/1570
f 6404/4600/1572 6403/4603/1572 6401/4601/1571
f 6406/4602/1573 6405/4605/1573 6403/4603/1572
f 6408/4604/1574 6407/4607/1574 6405/4605/1573
f 6410/4606/1575 6409/4609/1575 6407/4607/1574
f 6412/4608/1576 6411/4611/1576 6409/4609/1575
f 6414/4610/1577 6413/4613/1577 6411/4611/1576
f 6416/4612/1578 6415/4615/1580 6413/4613/1577
f 6418/4614/1579 6417/4617/1579 6415/4615/1580
f 6420/4616/1581 6419/4619/1581 6417/4617/1579
f 6422/4618/1582 6421/4621/1582 6419/4619/1581
f 6424/4620/1583 6423/4623/1583 6421/4621/1582
f 6426/4622/1584 6425/4625/1584 6423/4623/1583
f 6428/4624/1585 6427/4627/1587 6425/4625/1584
f 6430/4626/1586 6429/4629/1586 6427/4627/1587
f 6432/4628/1588 6431/4631/1588 6429/4629/1586
f 6434/4630/1589 6433/4633/1589 6431/4631/1588
f 6436/4632/1590 6435/4635/1590 6433/4633/1589
f 6438/4634/1591 6437/4637/1593 6435/4635/1590
f 6440/4636/1592 6439/4639/1592 6437/4637/1593
f 6442/4638/1594 6441/4641/1594 6439/4639/1592
f 6444/4640/1595 6443/4643/1595 6441/4641/1594
f 6446/4642/1596 6445/4645/1596 6443/4643/1595
f 6448/4644/1597 6447/4647/1597 6445/4645/1596
f 6450/4646/1598 6449/4649/1598 6447/4647/1597
f 6452/4648/1599 6451/4651/1599 6449/4649/1598
f 6454/4650/1600 6453/4653/1600 6451/4651/1599
f 6456/4652/1601 6455/4655/1601 6453/4653/1600
f 6458/4654/1602 6457/4657/1602 6455/4655/1601
f 6460/4656/1603 6459/4659/1603 6457/4657/1602
f 6462/4658/1604 6461/4661/1604 6459/4659/1603
f 6464/4660/1605 6463/4663/1605 6461/4661/1604
f 6466/4662/1606 6465/4665/1606 6463/4663/1605
f 6468/4664/1607 6467/4667/1607 6465/4665/1606
f 6470/4666/1608 6469/4669/1608 6467/4667/1607
f 6472/4668/1609 6471/4671/1609 6469/4669/1608
f 6474/4670/1610 6473/4673/1610 6471/4671/1609
f 6476/4672/1611 6475/4675/1611 6473/4673/1610
f 6478/4674/1612 6477/4677/1612 6475/4675/1611
f 6480/4676/1613 6479/4679/1613 6477/4677/1612
f 6482/4678/1614 6481/4681/1614 6479/4679/1613
f 6484/4680/1615 6483/4683/1615 6481/4681/1614
f 6486/4682/1616 6485/4685/1616 6483/4683/1615
f 6488/4684/1617 6487/4687/1617 6485/4685/1616
f 6490/4686/1618 6489/4689/1618 6487/4687/1617
f 6492/4688/1619 6491/4691/1621 6489/4689/1618
f 6494/4690/1620 6493/4693/1620 6491/4691/1621
f 6496/4692/1622 6495/4695/1622 6493/4693/1620
f 6498/4694/1623 6497/4697/1623 6495/4695/1622
f 6500/4696/1624 6499/4699/1624 6497/4697/1623
f 6502/4698/1625 6501/4701/1627 6499/4699/1624
f 6504/4700/1626 6503/4703/1626 6501/4701/1627
f 6506/4702/1628 6505/4705/1628 6503/4703/1626
f 6508/4704/1629 6507/4707/1629 6505/4705/1628
f 6510/4706/1630 6509/4709/1630 6507/4707/1629
f 6512/4708/1631 6511/4711/1631 6509/4709/1630
f 6514/4710/1632 6513/4713/1632 6511/4711/1631
f 6516/4712/1633 6515/4715/1633 6513/4713/1632
f 6518/4714/1634 6517/4717/1634 6515/4715/1633
f 6520/4716/1635 6519/4719/1635 6517/4717/1634
f 6522/4718/1636 6521/4721/1638 6519/4719/1635
f 6524/4720/1637 6523/4723/1637 6521/4721/1638
f 6526/4722/1639 6525/4725/1639 6523/4723/1637
f 6528/4724/1640 6527/4727/1640 6525/4725/1639
f 6530/4726/1641 6529/4729/1641 6527/4727/1640
f 6532/4728/1642 6531/4731/1642 6529/4729/1641
f 6534/4730/1643 6533/4733/1643 6531/4731/1642
f 6536/4732/1644 6535/4735/1644 6533/4733/1643
f 6538/4734/1645 6537/4737/1645 6535/4735/1644
f 6540/4736/1646 6539/4739/1646 6537/4737/1645
f 6542/4738/1647 6541/4741/1647 6539/4739/1646
f 6544/4740/1648 6543/4743/1648 6541/4741/1647
f 6546/4742/1649 6545/4745/1649 6543/4743/1648
f 6548/4744/1650 6547/4747/1650 6545/4745/1649
f 6550/4746/1651 6549/4749/1651 6547/4747/1650
f 6552/4748/1652 6551/4751/1652 6549/4749/1651
f 6554/4750/1653 6553/4753/1653 6551/4751/1652
f 6556/4752/1654 6555/4755/1654 6553/4753/1653
f 6558/4754/1655 6557/4757/1655 6555/4755/1654
f 6560/4756/1656 6559/4759/1656 6557/4757/1655
f 6562/4758/1657 6561/4761/1657 6559/4759/1656
f 6564/4760/1448 6563/4763/1448 6561/4761/1657
f 6566/4762/1658 6565/4765/1658 6563/4763/1448
f 6568/4764/1659 6567/4767/1659 6565/4765/1658
f 6570/4766/1660 6569/4769/1660 6567/4767/1659
f 6572/4768/1661 6571/4771/1661 6569/4769/1660
f 6574/4770/1662 6573/4773/1662 6571/4771/1661
f 6576/4772/1663 6575/4775/1663 6573/4773/1662
f 6578/4774/1664 6577/4777/1664 6575/4775/1663
f 6580/4776/1665 6579/4779/1665 6577/4777/1664
f 6582/4778/1666 6581/4781/1666 6579/4779/1665
f 6584/4780/1667 6583/4783/1669 6581/4781/1666
f 6586/4782/1668 6585/4785/1668 6583/4783/1669
f 6588/4784/1670 6587/4787/1670 6585/4785/1668
f 6590/4786/1671 6589/4789/1671 6587/4787/1670
f 6592/4788/1672 6591/4791/1672 6589/4789/1671
f 6594/4790/1673 6593/4793/1675 6591/4791/1672
f 6596/4792/1674 6595/4795/1677 6593/4793/1675
f 6598/4794/1676 6597/4797/1679 6595/4795/1677
f 6600/4796/1678 6599/4799/1678 6597/4797/1679
f 6602/4798/1680 6601/4801/1680 6599/4799/1678
f 6604/4800/1681 6603/4803/1681 6601/4801/1680
f 6606/4802/1682 6605/4805/1684 6603/4803/1681
f 6608/4804/1683 6607/4807/1683 6605/4805/1684
f 6610/4806/1685 6609/4809/1685 6607/4807/1683
f 6612/4808/1075 6611/4811/1075 6609/4809/1685
f 6614/4810/1686 6613/4813/1686 6611/4811/1075
f 6616/4812/1687 6615/4815/1687 6613/4813/1686
f 6618/4814/1688 6617/4817/1690 6615/4815/1687
f 6620/4816/1689 6619/4819/1689 6617/4817/1690
f 6622/4818/1691 6621/4821/1691 6619/4819/1689
f 6624/4820/1692 6623/4823/1692 6621/4821/1691
f 6626/4822/1693 6625/4825/1693 6623/4823/1692
f 6628/4824/1694 6627/4827/1696 6625/4825/1693
f 6630/4826/1695 6629/4829/1698 6627/4827/1696
f 6632/4828/1697 6631/4831/1700 6629/4829/1698
f 6634/4830/1699 6633/4833/1699 6631/4831/1700
f 6636/4832/1701 6635/4835/1701 6633/4833/1699
f 6638/4834/1702 6637/4837/1702 6635/4835/1701
f 6640/4836/1264 6639/4839/1264 6637/4837/1702
f 6642/4838/1703 6641/4841/1703 6639/4839/1264
f 6644/4840/1704 6643/4843/1706 6641/4841/1703
f 6646/4842/1705 6645/4845/1705 6643/4843/1706
f 6648/4844/1707 6647/4847/1707 6645/4845/1705
f 6650/4846/1708 6649/4849/1708 6647/4847/1707
f 6652/4848/1709 6651/4851/1709 6649/4849/1708
f 6654/4850/1710 6653/4853/1710 6651/4851/1709
f 6656/4852/1711 6655/4855/1711 6653/4853/1710
f 6658/4854/1712 6657/4857/1712 6655/4855/1711
f 6660/4856/1713 6659/4859/1713 6657/4857/1712
f 6662/4858/1714 6661/4861/1714 6659/4859/1713
f 6664/4860/1715 6663/4863/1715 6661/4861/1714
f 6666/4862/1716 6665/4865/1716 6663/4863/1715
f 6668/4864/1717 6667/4867/1717 6665/4865/1716
f 6670/4866/1718 6669/4869/1718 6667/4867/1717
f 6672/4868/1719 6671/4871/1719 6669/4869/1718
f 6674/4870/1720 6673/4873/1720 6671/4871/1719
f 6676/4872/1721 6675/4875/1721 6673/4873/1720
f 6678/4874/1722 6677/4877/1722 6675/4875/1721
f 6680/4876/1723 6679/4879/1723 6677/4877/1722
f 6682/4878/1724 6681/4881/1724 6679/4879/1723
f 6684/4880/1725 6683/4883/1725 6681/4881/1724
f 6686/4882/1726 6685/4885/1728 6683/4883/1725
f 6688/4884/1727 6687/4887/1727 6685/4885/1728
f 6690/4886/1729 6689/4889/1729 6687/4887/1727
f 6692/4888/1730 6691/4891/1730 6689/4889/1729
f 6694/4890/1731 6693/4893/1731 6691/4891/1730
f 6696/4892/1732 6695/4895/1734 6693/4893/1731
f 6698/4894/1733 6697/4897/1736 6695/4895/1734
f 6700/4896/1735 6699/4899/1735 6697/4897/1736
f 6702/4898/1737 6701/4901/1739 6699/4899/1735
f 6704/4900/1738 6703/4903/1738 6701/4901/1739
f 6706/4902/1740 6705/4905/1740 6703/4903/1738
f 6708/4904/1741 6707/4907/1741 6705/4905/1740
f 6710/4906/1408 6709/4909/1408 6707/4907/1741
f 6712/4908/1742 6711/4911/1744 6709/4909/1408
f 6714/4910/1743 6713/4913/1743 6711/4911/1744
f 6716/4912/1745 6715/4915/1745 6713/4913/1743
f 6718/4914/1746 6717/4917/1746 6715/4915/1745
f 6720/4916/1747 6719/4919/1749 6717/4917/1746
f 6722/4918/1748 6721/4921/1751 6719/4919/1749
f 6724/4920/1750 6723/4923/1753 6721/4921/1751
f 6726/4922/1752 6725/4925/1754 6723/4923/1753
f 6728/4924/1220 6727/4927/1755 6725/4925/1754
f 6730/4926/1702 6729/4929/1757 6727/4927/1755
f 6732/4928/1756 6731/4931/1756 6729/4929/1757
f 6734/4930/1758 6733/4933/1758 6731/4931/1756
f 6736/4932/1759 6735/4935/1759 6733/4933/1758
f 6738/4934/1760 6737/4937/1760 6735/4935/1759
f 6740/4936/1761 6739/4939/1761 6737/4937/1760
f 6742/4938/1762 6741/4941/1762 6739/4939/1761
f 6744/4940/1763 6743/4943/1763 6741/4941/1762
f 6746/4942/1764 6745/4945/1766 6743/4943/1763
f 6748/4944/1765 6747/4947/1768 6745/4945/1766
f 6750/4946/1767 6749/4949/1770 6747/4947/1768
f 6752/4948/1769 6751/4951/1772 6749/4949/1770
f 6754/4950/1771 6753/4953/1771 6751/4951/1772
f 6756/4952/1773 6755/4955/1773 6753/4953/1771
f 6758/4954/1774 6757/4957/1774 6755/4955/1773
f 6760/4956/1775 6759/4959/1775 6757/4957/1774
f 6762/4958/1776 6761/4961/1776 6759/4959/1775
f 6764/4960/1777 6763/4963/1779 6761/4961/1776
f 6766/4962/1778 6765/4965/1781 6763/4963/1779
f 6768/4964/1780 6767/4967/1783 6765/4965/1781
f 6770/4966/1782 6769/4969/1785 6767/4967/1783
f 6772/4968/1784 6771/4971/1784 6769/4969/1785
f 6774/4970/1786 6773/4973/1788 6771/4971/1784
f 6776/4972/1787 6775/4975/1790 6773/4973/1788
f 6778/4974/1789 6777/4977/1789 6775/4975/1790
f 6780/4976/1791 6779/4979/1791 6777/4977/1789
f 6782/4978/1792 6781/4981/1792 6779/4979/1791
f 6784/4980/1793 6783/4983/1795 6781/4981/1792
f 6786/4982/1794 6785/4985/1794 6783/4983/1795
f 6788/4984/1796 6787/4987/1796 6785/4985/1794
f 6790/4986/1797 6789/4989/1797 6787/4987/1796
f 6792/4988/1798 6791/4991/1798 6789/4989/1797
f 6794/4990/1799 6793/4993/1799 6791/4991/1798
f 6796/4992/1800 6795/4995/1800 6793/4993/1799
f 6798/4994/1801 6797/4997/1801 6795/4995/1800
f 6800/4996/1802 6799/4999/1802 6797/4997/1801
f 6802/4998/1803 6801/5001/1803 6799/4999/1802
f 6804/5000/1804 6803/5003/1804 6801/5001/1803
f 6806/5002/1805 6805/5005/1805 6803/5003/1804
f 6808/5004/1806 6807/5007/1806 6805/5005/1805
f 6810/5006/1807 6809/5009/1807 6807/5007/1806
f 6812/5008/1808 6811/5011/1808 6809/5009/1807
f 6814/5010/1809 6813/5012/1809 6811/5011/1808
f 6262/2549/1498 6261/228/1498 6813/5012/1809
f 6818/5013/1810 6817/5015/1810 6815/199/1811
f 6820/5014/1812 6819/5017/1812 6817/5015/1810
f 6822/5016/1813 6821/5019/1813 6819/5017/1812
f 6824/5018/1814 6823/5021/1814 6821/5019/1813
f 6826/5020/1815 6825/5023/1817 6823/5021/1814
f 6828/5022/1816 6827/5025/1816 6825/5023/1817
f 6830/5024/1818 6829/5027/1818 6827/5025/1816
f 6832/5026/1819 6831/5029/1819 6829/5027/1818
f 6834/5028/1820 6833/5031/1820 6831/5029/1819
f 6836/5030/1821 6835/5033/1821 6833/5031/1820
f 6838/5032/1822 6837/5035/1822 6835/5033/1821
f 6840/5034/1823 6839/5037/1823 6837/5035/1822
f 6842/5036/1824 6841/5039/1824 6839/5037/1823
f 6844/5038/1825 6843/5041/1827 6841/5039/1824
f 6846/5040/1826 6845/5043/1826 6843/5041/1827
f 6848/5042/1828 6847/5045/1828 6845/5043/1826
f 6850/5044/1829 6849/5047/1829 6847/5045/1828
f 6852/5046/1830 6851/5049/1832 6849/5047/1829
f 6854/5048/1831 6853/5051/1831 6851/5049/1832
f 6856/5050/1833 6855/5053/1833 6853/5051/1831
f 6858/5052/1834 6857/5055/1834 6855/5053/1833
f 6860/5054/1835 6859/5057/1835 6857/5055/1834
f 6862/5056/1836 6861/5059/1836 6859/5057/1835
f 6864/5058/1837 6863/5061/1837 6861/5059/1836
f 6866/5060/1838 6865/5063/1838 6863/5061/1837
f 6868/5062/1839 6867/5065/1841 6865/5063/1838
f 6870/5064/1840 6869/5067/1843 6867/5065/1841
f 6872/5066/1842 6871/5069/1842 6869/5067/1843
f 6874/5068/1844 6873/5071/1846 6871/5069/1842
f 6876/5070/1845 6875/5073/1845 6873/5071/1846
f 6878/5072/1847 6877/5075/1847 6875/5073/1845
f 6880/5074/1848 6879/5077/1848 6877/5075/1847
f 6882/5076/1849 6881/5079/1849 6879/5077/1848
f 6884/5078/1850 6883/5081/1850 6881/5079/1849
f 6886/5080/1851 6885/5083/1851 6883/5081/1850
f 6888/5082/1852 6887/5085/1852 6885/5083/1851
f 6890/5084/1853 6889/5087/1855 6887/5085/1852
f 6892/5086/1854 6891/5089/1857 6889/5087/1855
f 6894/5088/1856 6893/5091/1856 6891/5089/1857
f 6896/5090/1858 6895/5093/1860 6893/5091/1856
f 6898/5092/1859 6897/5095/1862 6895/5093/1860
f 6900/5094/1861 6899/5097/1861 6897/5095/1862
f 6902/5096/1863 6901/5099/1865 6899/5097/1861
f 6904/5098/1864 6903/5101/1864 6901/5099/1865
f 6906/5100/1866 6905/5103/1868 6903/5101/1864
f 6908/5102/1867 6907/5105/1867 6905/5103/1868
f 6910/5104/1869 6909/5107/259 6907/5105/1867
f 6912/5106/1870 6911/5109/1872 6909/5107/259
f 6914/5108/1871 6913/5111/1874 6911/5109/1872
f 6916/5110/1873 6915/5113/1876 6913/5111/1874
f 6918/5112/1875 6917/5115/1878 6915/5113/1876
f 6920/5114/1877 6919/5117/1877 6917/5115/1878
f 6922/5116/1879 6921/5119/1881 6919/5117/1877
f 6924/5118/1880 6923/5121/1883 6921/5119/1881
f 6926/5120/1882 6925/5123/1882 6923/5121/1883
f 6928/5122/1884 6927/5125/1886 6925/5123/1882
f 6930/5124/1885 6929/5127/1888 6927/5125/1886
f 6932/5126/1887 6931/5129/1887 6929/5127/1888
f 6934/5128/1889 6933/5131/1891 6931/5129/1887
f 6936/5130/1890 6935/5133/1893 6933/5131/1891
f 6938/5132/1892 6937/5135/1892 6935/5133/1893
f 6940/5134/1894 6939/5137/1894 6937/5135/1892
f 6942/5136/1895 6941/5139/1897 6939/5137/1894
f 6944/5138/1896 6943/5141/1896 6941/5139/1897
f 6946/5140/1898 6945/5143/1898 6943/5141/1896
f 6948/5142/1899 6947/5145/1901 6945/5143/1898
f 6950/5144/1900 6949/5147/1900 6947/5145/1901
f 6952/5146/1902 6951/5149/1902 6949/5147/1900
f 6954/5148/1903 6953/5151/1905 6951/5149/1902
f 6956/5150/1904 6955/5153/1904 6953/5151/1905
f 6958/5152/1906 6957/5155/1906 6955/5153/1904
f 6960/5154/1907 6959/5156/1907 6957/5155/1906
f 6816/2549/1811 6815/228/1811 6959/5156/1907
o Cube
v -2.320000 -0.250000 1.000000
v -2.320000 0.250000 1.000000
v -2.320000 -0.250000 -1.000000
v -2.320000 0.250000 -1.000000
v 2.320000 -0.250000 1.000000
v 2.320000 0.250000 1.000000
v 2.320000 -0.250000 -1.000000
v 2.320000 0.250000 -1.000000
v 2.200000 -0.250000 0.900000
v 2.200000 -0.250000 -0.900000
v -2.200000 -0.250000 0.900000
v -2.200000 -0.250000 -0.900000
v -2.200000 0.250000 0.900000
v -2.200000 0.250000 -0.900000
v 2.200000 0.250000 0.900000
v 2.200000 0.250000 -0.900000
vn -1.0000 -0.0000 -0.0000
vn -0.0000 -0.0000 -1.0000
vn 1.0000 -0.0000 -0.0000
vn -0.0000 -0.0000 1.0000
vn -0.0000 -1.0000 -0.0000
vn -0.0000 1.0000 -0.0000
vt 0.625000 0.000000
vt 0.375000 0.250000
vt 0.375000 0.000000
vt 0.625000 0.250000
vt 0.375000 0.500000
vt 0.625000 0.500000
vt 0.375000 0.750000
vt 0.625000 0.750000
vt 0.375000 1.000000
vt 0.125000 0.750000
vt 0.131466 0.512500
vt 0.131466 0.737500
vt 0.368534 0.512500
vt 0.631465 0.512500
vt 0.631465 0.737500
vt 0.875000 0.500000
vt 0.875000 0.750000
vt 0.868534 0.512500
vt 0.468750 0.000000
vt 0.531250 0.250000
vt 0.531250 0.000000
vt 0.468750 0.250000
vt 0.531250 0.500000
vt 0.468750 0.750000
vt 0.468750 0.500000
vt 0.468750 1.000000
vt 0.531250 0.750000
vt 0.625000 1.000000
vt 0.125000 0.500000
vt 0.368535 0.737500
vt 0.868535 0.737500
vt 0.531250 1.000000
s 0
usemtl Material.002
f 6962/5157/1908 6963/5158/1908 6961/5159/1908
f 6964/5160/1909 6967/5161/1909 6963/5158/1909
f 6968/5162/1910 6965/5163/1910 6967/5161/1910
f 6966/5164/1911 6961/5165/1911 6965/5163/1911
f 6961/5166/1912 6972/5167/1912 6971/5168/1912
f 6967/5161/1912 6965/5163/1912 6970/5169/1912
f 6966/5164/1913 6976/5170/1913 6975/5171/1913
f 6964/5172/1913 6962/5173/1913 6974/5174/1913
f 6971/5175/1910 6974/5176/1910 6973/5177/1910
f 6972/5178/1911 6976/5179/1911 6974/5176/1911
f 6969/5180/1908 6976/5179/1908 6970/5181/1908
f 6971/5182/1909 6975/5183/1909 6969/5180/1909
f 6962/5157/1908 6964/5160/1908 6963/5158/1908
f 6964/5160/1909 6968/5162/1909 6967/5161/1909
f 6968/5162/1910 6966/5164/1910 6965/5163/1910
f 6966/5164/1911 6962/5184/1911 6961/5165/1911
f 6961/5166/1912 6963/5185/1912 6972/5167/1912
f 6970/5169/1912 6972/5167/1912 6963/5185/1912
f 6965/5163/1912 6961/5166/1912 6971/5168/1912
f 6965/5163/1912 6971/5168/1912 6969/5186/1912
f 6970/5169/1912 6963/5185/1912 6967/5161/1912
f 6965/5163/1912 6969/5186/1912 6970/5169/1912
f 6966/5164/1913 6968/5162/1913 6976/5170/1913
f 6974/5174/1913 6976/5170/1913 6968/5162/1913
f 6962/5173/1913 6966/5164/1913 6975/5171/1913
f 6962/5173/1913 6975/5171/1913 6973/5187/1913
f 6974/5174/1913 6968/5162/1913 6964/5172/1913
f 6962/5173/1913 6973/5187/1913 6974/5174/1913
f 6971/5175/1910 6972/5178/1910 6974/5176/1910
f 6972/5178/1911 6970/5181/1911 6976/5179/1911
f 6969/5180/1908 6975/5183/1908 6976/5179/1908
f 6971/5182/1909 6973/5188/1909 6975/5183/1909
