# Blender 5.2.1 LTS
# www.blender.org
mtllib tutorialText6.mtl
o Text.001
v -4.532174 0.050000 -0.204524
v -4.574032 0.050000 -0.204524
v -4.571042 0.050000 -0.258802
v -4.526194 0.050000 -0.258802
v -4.522008 0.050000 -0.298361
v -4.391051 0.050000 -0.298361
v -4.395237 0.050000 -0.258802
v -4.109405 0.050000 -0.258802
v -4.111796 0.050000 -0.204524
v -4.401217 0.050000 -0.204524
v -4.449653 0.050000 0.242578
v -4.580609 0.050000 0.242578
v -4.081300 0.050000 0.242578
v -4.367730 0.050000 0.214059
v -4.364740 0.050000 0.159781
v -4.078908 0.050000 0.188300
v -4.088475 0.050000 -0.042611
v -4.342017 0.050000 -0.042611
v -4.339027 0.050000 -0.095969
v -4.085485 0.050000 -0.095969
v -5.033875 0.050000 0.242578
v -5.165430 0.050000 0.242578
v -5.155863 0.050000 0.072385
v -5.212670 0.050000 0.096304
v -5.209083 0.050000 0.035586
v -5.152275 0.050000 0.011667
v -5.141511 0.050000 -0.177845
v -5.196525 0.050000 -0.177845
v -5.193535 0.050000 -0.231203
v -5.137923 0.050000 -0.231203
v -5.134336 0.050000 -0.298361
v -5.002781 0.050000 -0.298361
v -5.009956 0.050000 -0.171406
v -4.826976 0.050000 -0.231203
v -4.704988 0.050000 -0.231203
v -4.730701 0.050000 0.188300
v -4.691833 0.050000 0.188300
v -4.694823 0.050000 0.242578
v -4.855679 0.050000 0.242578
v -4.831759 0.050000 -0.155766
v -5.014142 0.050000 -0.099649
v -5.509266 0.050000 -0.204524
v -5.808254 0.050000 -0.204524
v -5.805264 0.050000 -0.258802
v -5.514648 0.050000 -0.258802
v -5.518236 0.050000 -0.298361
v -5.386682 0.050000 -0.298361
v -5.383093 0.050000 -0.258802
v -5.277850 0.050000 -0.258802
v -5.280840 0.050000 -0.204524
v -5.377712 0.050000 -0.204524
v -5.357979 0.050000 0.000627
v -5.658761 0.050000 0.000627
v -5.670122 0.050000 0.188300
v -5.380702 0.050000 0.188300
v -5.383093 0.050000 0.242578
v -5.804069 0.050000 0.242578
v -5.787325 0.050000 -0.052730
v -5.494915 0.050000 -0.052730
v -6.119800 0.050000 0.242578
v -6.211290 0.050000 0.242578
v -6.178401 0.050000 -0.309400
v -6.058806 0.050000 -0.309400
v -6.067178 0.050000 -0.167726
v -5.892569 0.050000 -0.195325
v -5.895559 0.050000 -0.132767
v -6.070766 0.050000 -0.105168
v -6.088107 0.050000 0.187380
v -5.914096 0.050000 0.187380
v -5.917086 0.050000 0.242578
v -6.091695 0.050000 0.242578
v -6.392477 0.050000 -0.032491
v -6.436130 0.050000 -0.032491
v -6.338061 0.050000 -0.309400
v -6.223250 0.050000 -0.309400
v -6.275274 0.050000 -0.163126
v -6.297997 0.050000 0.242578
v -6.408024 0.050000 0.242578
v -6.937233 0.050000 -0.254202
v -7.035301 0.050000 -0.254202
v -7.032311 0.050000 -0.309400
v -6.934243 0.050000 -0.309400
v -6.838567 0.050000 -0.309400
v -6.849331 0.050000 -0.118048
v -6.945007 0.050000 -0.118048
v -6.947399 0.050000 -0.118048
v -6.952781 0.050000 -0.033411
v -6.949193 0.050000 -0.033411
v -6.853517 0.050000 -0.033411
v -6.869064 0.050000 0.242578
v -6.964740 0.050000 0.242578
v -7.031116 0.050000 0.242578
v -7.027528 0.050000 0.187380
v -6.961751 0.050000 0.187380
v -6.952183 0.050000 0.021787
v -6.955770 0.050000 0.021787
v -7.049653 0.050000 0.021787
v -7.051447 0.050000 0.021787
v -7.040085 0.050000 -0.173246
v -6.944409 0.050000 -0.173246
v -6.942017 0.050000 -0.173246
v -6.799101 0.050000 0.088024
v -6.839763 0.050000 0.088024
v -6.827804 0.050000 -0.125408
v -6.796709 0.050000 -0.125408
v -6.741695 0.050000 -0.125408
v -6.721962 0.050000 -0.125408
v -6.718972 0.050000 -0.176925
v -6.829597 0.050000 -0.176925
v -6.826608 0.050000 -0.232123
v -6.808071 0.050000 -0.232123
v -6.789533 0.050000 -0.309400
v -6.684289 0.050000 -0.309400
v -6.702826 0.050000 -0.232123
v -6.610738 0.050000 -0.232123
v -6.620904 0.050000 -0.287321
v -6.530012 0.050000 -0.287321
v -6.504299 0.050000 -0.151166
v -6.595191 0.050000 -0.151166
v -6.599975 0.050000 -0.176925
v -6.618512 0.050000 -0.176925
v -6.621502 0.050000 -0.125408
v -6.602965 0.050000 -0.125408
v -6.546157 0.050000 -0.125408
v -6.516856 0.050000 -0.125408
v -6.528816 0.050000 0.088024
v -6.550343 0.050000 0.088024
v -6.614924 0.050000 0.088024
v -6.634059 0.050000 0.088024
v -6.638843 0.050000 0.171741
v -6.611336 0.050000 0.169901
v -6.614326 0.050000 0.113783
v -6.533001 0.050000 0.113783
v -6.525826 0.050000 0.242578
v -6.607151 0.050000 0.242578
v -6.608346 0.050000 0.224179
v -6.855908 0.050000 0.242578
v -6.852919 0.050000 0.187380
v -6.739303 0.050000 0.179100
v -6.734519 0.050000 0.088024
v -6.753654 0.050000 0.088024
v -6.744685 0.050000 -0.070210
v -6.750665 0.050000 0.032826
v -6.730931 0.050000 0.032826
v -6.724952 0.050000 -0.070210
v -6.611934 0.050000 0.032826
v -6.605955 0.050000 -0.070210
v -6.624492 0.050000 -0.070210
v -6.630472 0.050000 0.032826
v -4.532174 -0.050000 -0.204524
v -4.574032 -0.050000 -0.204524
v -4.571042 -0.050000 -0.258802
v -4.526194 -0.050000 -0.258802
v -4.522008 -0.050000 -0.298361
v -4.391051 -0.050000 -0.298361
v -4.395237 -0.050000 -0.258802
v -4.109405 -0.050000 -0.258802
v -4.111796 -0.050000 -0.204524
v -4.401217 -0.050000 -0.204524
v -4.449653 -0.050000 0.242578
v -4.580609 -0.050000 0.242578
v -4.081300 -0.050000 0.242578
v -4.367730 -0.050000 0.214059
v -4.364740 -0.050000 0.159781
v -4.078908 -0.050000 0.188300
v -4.088475 -0.050000 -0.042611
v -4.342017 -0.050000 -0.042611
v -4.339027 -0.050000 -0.095969
v -4.085485 -0.050000 -0.095969
v -5.033875 -0.050000 0.242578
v -5.165430 -0.050000 0.242578
v -5.155863 -0.050000 0.072385
v -5.212670 -0.050000 0.096304
v -5.209083 -0.050000 0.035586
v -5.152275 -0.050000 0.011667
v -5.141511 -0.050000 -0.177845
v -5.196525 -0.050000 -0.177845
v -5.193535 -0.050000 -0.231203
v -5.137923 -0.050000 -0.231203
v -5.134336 -0.050000 -0.298361
v -5.002781 -0.050000 -0.298361
v -5.009956 -0.050000 -0.171406
v -4.826976 -0.050000 -0.231203
v -4.704988 -0.050000 -0.231203
v -4.730701 -0.050000 0.188300
v -4.691833 -0.050000 0.188300
v -4.694823 -0.050000 0.242578
v -4.855679 -0.050000 0.242578
v -4.831759 -0.050000 -0.155766
v -5.014142 -0.050000 -0.099649
v -5.509266 -0.050000 -0.204524
v -5.808254 -0.050000 -0.204524
v -5.805264 -0.050000 -0.258802
v -5.514648 -0.050000 -0.258802
v -5.518236 -0.050000 -0.298361
v -5.386682 -0.050000 -0.298361
v -5.383093 -0.050000 -0.258802
v -5.277850 -0.050000 -0.258802
v -5.280840 -0.050000 -0.204524
v -5.377712 -0.050000 -0.204524
v -5.357979 -0.050000 0.000627
v -5.658761 -0.050000 0.000627
v -5.670122 -0.050000 0.188300
v -5.380702 -0.050000 0.188300
v -5.383093 -0.050000 0.242578
v -5.804069 -0.050000 0.242578
v -5.787325 -0.050000 -0.052730
v -5.494915 -0.050000 -0.052730
v -6.119800 -0.050000 0.242578
v -6.211290 -0.050000 0.242578
v -6.178401 -0.050000 -0.309400
v -6.058806 -0.050000 -0.309400
v -6.067178 -0.050000 -0.167726
v -5.892569 -0.050000 -0.195325
v -5.895559 -0.050000 -0.132767
v -6.070766 -0.050000 -0.105168
v -6.088107 -0.050000 0.187380
v -5.914096 -0.050000 0.187380
v -5.917086 -0.050000 0.242578
v -6.091695 -0.050000 0.242578
v -6.392477 -0.050000 -0.032491
v -6.436130 -0.050000 -0.032491
v -6.338061 -0.050000 -0.309400
v -6.223250 -0.050000 -0.309400
v -6.275274 -0.050000 -0.163126
v -6.297997 -0.050000 0.242578
v -6.408024 -0.050000 0.242578
v -6.937233 -0.050000 -0.254202
v -7.035301 -0.050000 -0.254202
v -7.032311 -0.050000 -0.309400
v -6.934243 -0.050000 -0.309400
v -6.838567 -0.050000 -0.309400
v -6.849331 -0.050000 -0.118048
v -6.945007 -0.050000 -0.118048
v -6.947399 -0.050000 -0.118048
v -6.952781 -0.050000 -0.033411
v -6.949193 -0.050000 -0.033411
v -6.853517 -0.050000 -0.033411
v -6.869064 -0.050000 0.242578
v -6.964740 -0.050000 0.242578
v -7.031116 -0.050000 0.242578
v -7.027528 -0.050000 0.187380
v -6.961751 -0.050000 0.187380
v -6.952183 -0.050000 0.021787
v -6.955770 -0.050000 0.021787
v -7.049653 -0.050000 0.021787
v -7.051447 -0.050000 0.021787
v -7.040085 -0.050000 -0.173246
v -6.944409 -0.050000 -0.173246
v -6.942017 -0.050000 -0.173246
v -6.799101 -0.050000 0.088024
v -6.839763 -0.050000 0.088024
v -6.827804 -0.050000 -0.125408
v -6.796709 -0.050000 -0.125408
v -6.741695 -0.050000 -0.125408
v -6.721962 -0.050000 -0.125408
v -6.718972 -0.050000 -0.176925
v -6.829597 -0.050000 -0.176925
v -6.826608 -0.050000 -0.232123
v -6.808071 -0.050000 -0.232123
v -6.789533 -0.050000 -0.309400
v -6.684289 -0.050000 -0.309400
v -6.702826 -0.050000 -0.232123
v -6.610738 -0.050000 -0.232123
v -6.620904 -0.050000 -0.287321
v -6.530012 -0.050000 -0.287321
v -6.504299 -0.050000 -0.151166
v -6.595191 -0.050000 -0.151166
v -6.599975 -0.050000 -0.176925
v -6.618512 -0.050000 -0.176925
v -6.621502 -0.050000 -0.125408
v -6.602965 -0.050000 -0.125408
v -6.546157 -0.050000 -0.125408
v -6.516856 -0.050000 -0.125408
v -6.528816 -0.050000 0.088024
v -6.550343 -0.050000 0.088024
v -6.614924 -0.050000 0.088024
v -6.634059 -0.050000 0.088024
v -6.638843 -0.050000 0.171741
v -6.611336 -0.050000 0.169901
v -6.614326 -0.050000 0.113783
v -6.533001 -0.050000 0.113783
v -6.525826 -0.050000 0.242578
v -6.607151 -0.050000 0.242578
v -6.608346 -0.050000 0.224179
v -6.855908 -0.050000 0.242578
v -6.852919 -0.050000 0.187380
v -6.739303 -0.050000 0.179100
v -6.734519 -0.050000 0.088024
v -6.753654 -0.050000 0.088024
v -6.744685 -0.050000 -0.070210
v -6.750665 -0.050000 0.032826
v -6.730931 -0.050000 0.032826
v -6.724952 -0.050000 -0.070210
v -6.611934 -0.050000 0.032826
v -6.605955 -0.050000 -0.070210
v -6.624492 -0.050000 -0.070210
v -6.630472 -0.050000 0.032826
v -6.937233 -0.050000 -0.254202
v -6.937233 0.050000 -0.254202
v -7.035301 -0.050000 -0.254202
v -7.035301 0.050000 -0.254202
v -7.032311 -0.050000 -0.309400
v -7.032311 0.050000 -0.309400
v -6.934243 -0.050000 -0.309400
v -6.934243 0.050000 -0.309400
v -6.838567 -0.050000 -0.309400
v -6.838567 0.050000 -0.309400
v -6.849331 -0.050000 -0.118048
v -6.849331 0.050000 -0.118048
v -6.945007 -0.050000 -0.118048
v -6.945007 0.050000 -0.118048
v -6.947399 -0.050000 -0.118048
v -6.947399 0.050000 -0.118048
v -6.952781 -0.050000 -0.033411
v -6.952781 0.050000 -0.033411
v -6.949193 -0.050000 -0.033411
v -6.949193 0.050000 -0.033411
v -6.853517 -0.050000 -0.033411
v -6.853517 0.050000 -0.033411
v -6.869064 -0.050000 0.242578
v -6.869064 0.050000 0.242578
v -6.964740 -0.050000 0.242578
v -6.964740 0.050000 0.242578
v -7.031116 -0.050000 0.242578
v -7.031116 0.050000 0.242578
v -7.027528 -0.050000 0.187380
v -7.027528 0.050000 0.187380
v -6.961751 -0.050000 0.187380
v -6.961751 0.050000 0.187380
v -6.952183 -0.050000 0.021787
v -6.952183 0.050000 0.021787
v -6.955770 -0.050000 0.021787
v -6.955770 0.050000 0.021787
v -7.049653 -0.050000 0.021787
v -7.049653 0.050000 0.021787
v -7.051447 -0.050000 0.021787
v -7.051447 0.050000 0.021787
v -7.040085 -0.050000 -0.173246
v -7.040085 0.050000 -0.173246
v -6.944409 -0.050000 -0.173246
v -6.944409 0.050000 -0.173246
v -6.942017 -0.050000 -0.173246
v -6.942017 0.050000 -0.173246
v -6.799101 -0.050000 0.088024
v -6.799101 0.050000 0.088024
v -6.839763 -0.050000 0.088024
v -6.839763 0.050000 0.088024
v -6.827804 -0.050000 -0.125408
v -6.827804 0.050000 -0.125408
v -6.796709 -0.050000 -0.125408
v -6.796709 0.050000 -0.125408
v -6.741695 -0.050000 -0.125408
v -6.741695 0.050000 -0.125408
v -6.721962 -0.050000 -0.125408
v -6.721962 0.050000 -0.125408
v -6.718972 -0.050000 -0.176925
v -6.718972 0.050000 -0.176925
v -6.829597 -0.050000 -0.176925
v -6.829597 0.050000 -0.176925
v -6.826608 -0.050000 -0.232123
v -6.826608 0.050000 -0.232123
v -6.808071 -0.050000 -0.232123
v -6.808071 0.050000 -0.232123
v -6.789533 -0.050000 -0.309400
v -6.789533 0.050000 -0.309400
v -6.684289 -0.050000 -0.309400
v -6.684289 0.050000 -0.309400
v -6.702826 -0.050000 -0.232123
v -6.702826 0.050000 -0.232123
v -6.610738 -0.050000 -0.232123
v -6.610738 0.050000 -0.232123
v -6.620904 -0.050000 -0.287321
v -6.620904 0.050000 -0.287321
v -6.530012 -0.050000 -0.287321
v -6.530012 0.050000 -0.287321
v -6.504299 -0.050000 -0.151166
v -6.504299 0.050000 -0.151166
v -6.595191 -0.050000 -0.151166
v -6.595191 0.050000 -0.151166
v -6.599975 -0.050000 -0.176925
v -6.599975 0.050000 -0.176925
v -6.618512 -0.050000 -0.176925
v -6.618512 0.050000 -0.176925
v -6.621502 -0.050000 -0.125408
v -6.621502 0.050000 -0.125408
v -6.602965 -0.050000 -0.125408
v -6.602965 0.050000 -0.125408
v -6.546157 -0.050000 -0.125408
v -6.546157 0.050000 -0.125408
v -6.516856 -0.050000 -0.125408
v -6.516856 0.050000 -0.125408
v -6.528816 -0.050000 0.088024
v -6.528816 0.050000 0.088024
v -6.550343 -0.050000 0.088024
v -6.550343 0.050000 0.088024
v -6.614924 -0.050000 0.088024
v -6.614924 0.050000 0.088024
v -6.634059 -0.050000 0.088024
v -6.634059 0.050000 0.088024
v -6.638843 -0.050000 0.171741
v -6.638843 0.050000 0.171741
v -6.611336 -0.050000 0.169901
v -6.611336 0.050000 0.169901
v -6.614326 -0.050000 0.113783
v -6.614326 0.050000 0.113783
v -6.533001 -0.050000 0.113783
v -6.533001 0.050000 0.113783
v -6.525826 -0.050000 0.242578
v -6.525826 0.050000 0.242578
v -6.607151 -0.050000 0.242578
v -6.607151 0.050000 0.242578
v -6.608346 -0.050000 0.224179
v -6.608346 0.050000 0.224179
v -6.855908 -0.050000 0.242578
v -6.855908 0.050000 0.242578
v -6.852919 -0.050000 0.187380
v -6.852919 0.050000 0.187380
v -6.739303 -0.050000 0.179100
v -6.739303 0.050000 0.179100
v -6.734519 -0.050000 0.088024
v -6.734519 0.050000 0.088024
v -6.753654 -0.050000 0.088024
v -6.753654 0.050000 0.088024
v -6.744685 -0.050000 -0.070210
v -6.744685 0.050000 -0.070210
v -6.750665 -0.050000 0.032826
v -6.750665 0.050000 0.032826
v -6.730931 -0.050000 0.032826
v -6.730931 0.050000 0.032826
v -6.724952 -0.050000 -0.070210
v -6.724952 0.050000 -0.070210
v -6.611934 -0.050000 0.032826
v -6.611934 0.050000 0.032826
v -6.605955 -0.050000 -0.070210
v -6.605955 0.050000 -0.070210
v -6.624492 -0.050000 -0.070210
v -6.624492 0.050000 -0.070210
v -6.630472 -0.050000 0.032826
v -6.630472 0.050000 0.032826
v -6.119800 -0.050000 0.242578
v -6.119800 0.050000 0.242578
v -6.211290 -0.050000 0.242578
v -6.211290 0.050000 0.242578
v -6.178401 -0.050000 -0.309400
v -6.178401 0.050000 -0.309400
v -6.058806 -0.050000 -0.309400
v -6.058806 0.050000 -0.309400
v -6.067178 -0.050000 -0.167726
v -6.067178 0.050000 -0.167726
v -5.892569 -0.050000 -0.195325
v -5.892569 0.050000 -0.195325
v -5.895559 -0.050000 -0.132767
v -5.895559 0.050000 -0.132767
v -6.070766 -0.050000 -0.105168
v -6.070766 0.050000 -0.105168
v -6.088107 -0.050000 0.187380
v -6.088107 0.050000 0.187380
v -5.914096 -0.050000 0.187380
v -5.914096 0.050000 0.187380
v -5.917086 -0.050000 0.242578
v -5.917086 0.050000 0.242578
v -6.091695 -0.050000 0.242578
v -6.091695 0.050000 0.242578
v -6.392477 -0.050000 -0.032491
v -6.392477 0.050000 -0.032491
v -6.436130 -0.050000 -0.032491
v -6.436130 0.050000 -0.032491
v -6.338061 -0.050000 -0.309400
v -6.338061 0.050000 -0.309400
v -6.223250 -0.050000 -0.309400
v -6.223250 0.050000 -0.309400
v -6.275274 -0.050000 -0.163126
v -6.275274 0.050000 -0.163126
v -6.297997 -0.050000 0.242578
v -6.297997 0.050000 0.242578
v -6.408024 -0.050000 0.242578
v -6.408024 0.050000 0.242578
v -5.509266 -0.050000 -0.204524
v -5.509266 0.050000 -0.204524
v -5.808254 -0.050000 -0.204524
v -5.808254 0.050000 -0.204524
v -5.805264 -0.050000 -0.258802
v -5.805264 0.050000 -0.258802
v -5.514648 -0.050000 -0.258802
v -5.514648 0.050000 -0.258802
v -5.518236 -0.050000 -0.298361
v -5.518236 0.050000 -0.298361
v -5.386682 -0.050000 -0.298361
v -5.386682 0.050000 -0.298361
v -5.383093 -0.050000 -0.258802
v -5.383093 0.050000 -0.258802
v -5.277850 -0.050000 -0.258802
v -5.277850 0.050000 -0.258802
v -5.280840 -0.050000 -0.204524
v -5.280840 0.050000 -0.204524
v -5.377712 -0.050000 -0.204524
v -5.377712 0.050000 -0.204524
v -5.357979 -0.050000 0.000627
v -5.357979 0.050000 0.000627
v -5.658761 -0.050000 0.000627
v -5.658761 0.050000 0.000627
v -5.670122 -0.050000 0.188300
v -5.670122 0.050000 0.188300
v -5.380702 -0.050000 0.188300
v -5.380702 0.050000 0.188300
v -5.383093 -0.050000 0.242578
v -5.383093 0.050000 0.242578
v -5.804069 -0.050000 0.242578
v -5.804069 0.050000 0.242578
v -5.787325 -0.050000 -0.052730
v -5.787325 0.050000 -0.052730
v -5.494915 -0.050000 -0.052730
v -5.494915 0.050000 -0.052730
v -5.033875 -0.050000 0.242578
v -5.033875 0.050000 0.242578
v -5.165430 -0.050000 0.242578
v -5.165430 0.050000 0.242578
v -5.155863 -0.050000 0.072385
v -5.155863 0.050000 0.072385
v -5.212670 -0.050000 0.096304
v -5.212670 0.050000 0.096304
v -5.209083 -0.050000 0.035586
v -5.209083 0.050000 0.035586
v -5.152275 -0.050000 0.011667
v -5.152275 0.050000 0.011667
v -5.141511 -0.050000 -0.177845
v -5.141511 0.050000 -0.177845
v -5.196525 -0.050000 -0.177845
v -5.196525 0.050000 -0.177845
v -5.193535 -0.050000 -0.231203
v -5.193535 0.050000 -0.231203
v -5.137923 -0.050000 -0.231203
v -5.137923 0.050000 -0.231203
v -5.134336 -0.050000 -0.298361
v -5.134336 0.050000 -0.298361
v -5.002781 -0.050000 -0.298361
v -5.002781 0.050000 -0.298361
v -5.009956 -0.050000 -0.171406
v -5.009956 0.050000 -0.171406
v -4.826976 -0.050000 -0.231203
v -4.826976 0.050000 -0.231203
v -4.704988 -0.050000 -0.231203
v -4.704988 0.050000 -0.231203
v -4.730701 -0.050000 0.188300
v -4.730701 0.050000 0.188300
v -4.691833 -0.050000 0.188300
v -4.691833 0.050000 0.188300
v -4.694823 -0.050000 0.242578
v -4.694823 0.050000 0.242578
v -4.855679 -0.050000 0.242578
v -4.855679 0.050000 0.242578
v -4.831759 -0.050000 -0.155766
v -4.831759 0.050000 -0.155766
v -5.014142 -0.050000 -0.099649
v -5.014142 0.050000 -0.099649
v -4.532174 -0.050000 -0.204524
v -4.532174 0.050000 -0.204524
v -4.574032 -0.050000 -0.204524
v -4.574032 0.050000 -0.204524
v -4.571042 -0.050000 -0.258802
v -4.571042 0.050000 -0.258802
v -4.526194 -0.050000 -0.258802
v -4.526194 0.050000 -0.258802
v -4.522008 -0.050000 -0.298361
v -4.522008 0.050000 -0.298361
v -4.391051 -0.050000 -0.298361
v -4.391051 0.050000 -0.298361
v -4.395237 -0.050000 -0.258802
v -4.395237 0.050000 -0.258802
v -4.109405 -0.050000 -0.258802
v -4.109405 0.050000 -0.258802
v -4.111796 -0.050000 -0.204524
v -4.111796 0.050000 -0.204524
v -4.401217 -0.050000 -0.204524
v -4.401217 0.050000 -0.204524
v -4.449653 -0.050000 0.242578
v -4.449653 0.050000 0.242578
v -4.580609 -0.050000 0.242578
v -4.580609 0.050000 0.242578
v -4.081300 -0.050000 0.242578
v -4.081300 0.050000 0.242578
v -4.367730 -0.050000 0.214059
v -4.367730 0.050000 0.214059
v -4.364740 -0.050000 0.159781
v -4.364740 0.050000 0.159781
v -4.078908 -0.050000 0.188300
v -4.078908 0.050000 0.188300
v -4.088475 -0.050000 -0.042611
v -4.088475 0.050000 -0.042611
v -4.342017 -0.050000 -0.042611
v -4.342017 0.050000 -0.042611
v -4.339027 -0.050000 -0.095969
v -4.339027 0.050000 -0.095969
v -4.085485 -0.050000 -0.095969
v -4.085485 0.050000 -0.095969
vn -0.0000 1.0000 -0.0000
vn -0.0000 -1.0000 -0.0000
vn -0.8582 -0.0000 0.5133
vn -0.8599 -0.0000 0.5104
vn -0.8168 -0.0000 -0.5770
vn -0.0000 -0.0000 -1.0000
vn 0.8589 -0.0000 -0.5121
vn 0.8159 -0.0000 0.5782
vn -0.0000 -0.0000 1.0000
vn 0.8128 -0.0000 0.5825
vn 0.8615 -0.0000 -0.5078
vn 0.8614 -0.0000 -0.5078
vn 0.8590 -0.0000 -0.5120
vn 0.8158 -0.0000 0.5783
vn 0.8590 -0.0000 -0.5121
vn 0.8159 -0.0000 0.5783
vn -0.8619 -0.0000 0.5070
vn -0.8122 -0.0000 -0.5834
vn -0.8152 -0.0000 -0.5791
vn -0.8595 -0.0000 0.5112
vn -0.8153 -0.0000 -0.5791
vn -0.8596 -0.0000 0.5109
vn -0.8150 -0.0000 -0.5794
vn -0.8147 -0.0000 -0.5799
vn -0.8589 -0.0000 0.5122
vn -0.8160 -0.0000 -0.5781
vn -0.8152 -0.0000 -0.5792
vn -0.8595 -0.0000 0.5111
vn -0.8151 -0.0000 -0.5793
vn -0.8596 -0.0000 0.5110
vn -0.7313 -0.0000 -0.6821
vn 0.9109 -0.0000 -0.4126
vn -0.8975 -0.0000 -0.4411
vn -0.8975 -0.0000 -0.4410
vn 0.7560 -0.0000 -0.6545
vn 0.8987 -0.0000 0.4386
vn -0.7575 -0.0000 0.6528
vn 0.8152 -0.0000 0.5792
vn 0.8595 -0.0000 -0.5111
vn 0.8151 -0.0000 0.5793
vn 0.8596 -0.0000 -0.5110
vn 0.8589 -0.0000 -0.5122
vn 0.8160 -0.0000 0.5781
vn 0.8155 -0.0000 0.5787
vn 0.8492 -0.0000 -0.5281
vn -0.8676 -0.0000 -0.4973
vn -0.8579 -0.0000 -0.5138
vn -0.8675 -0.0000 -0.4974
vn 0.8161 -0.0000 -0.5779
vn 0.8588 -0.0000 0.5124
vn -0.8122 -0.0000 0.5834
vn 0.8587 -0.0000 0.5124
vn -0.7984 -0.0000 0.6021
vn -0.8470 -0.0000 0.5316
vn -0.7985 -0.0000 0.6020
vn -0.8293 -0.0000 -0.5587
vn -0.8470 -0.0000 0.5317
vn -0.8300 -0.0000 -0.5578
vn -0.8294 -0.0000 -0.5587
vn -0.8577 -0.0000 0.5142
vn -0.8601 -0.0000 0.5102
vn -0.8145 -0.0000 -0.5802
vn 0.8599 -0.0000 -0.5104
vn 0.8355 -0.0000 -0.5495
vn 0.8311 -0.0000 -0.5561
vn 0.8455 -0.0000 0.5340
vn 0.8412 -0.0000 0.5407
vn 0.8600 -0.0000 -0.5104
vn 0.8412 -0.0000 0.5408
vn 0.8582 -0.0000 -0.5133
vn 0.8600 -0.0000 -0.5103
vn 0.8168 -0.0000 0.5770
vn -0.9329 -0.0000 0.3602
vn -0.8590 -0.0000 0.5119
vn -0.6745 -0.0000 -0.7382
vn 0.9331 -0.0000 -0.3595
vn -0.6746 -0.0000 -0.7382
vn 0.9813 -0.0000 0.1926
vn -0.8585 -0.0000 0.5127
vn -0.7995 -0.0000 0.6007
vn -0.8164 -0.0000 -0.5775
vn -0.8585 -0.0000 0.5128
vn -0.8704 -0.0000 -0.4923
vn 0.8012 -0.0000 -0.5984
vn 0.8011 -0.0000 -0.5985
vn 0.8585 -0.0000 -0.5128
vn 0.8012 -0.0000 -0.5985
vn 0.8164 -0.0000 0.5775
vn 0.8722 -0.0000 0.4892
vn 0.8141 -0.0000 0.5807
vn 0.8604 -0.0000 -0.5096
vn 0.8547 -0.0000 -0.5191
vn 0.8209 -0.0000 0.5710
vn 0.8547 -0.0000 -0.5192
vn -0.8591 -0.0000 0.5118
vn -0.8157 -0.0000 -0.5785
vn -0.8717 -0.0000 -0.4901
vn -0.8589 -0.0000 0.5121
vn 0.8153 -0.0000 0.5790
vn 0.8153 -0.0000 0.5791
vn -0.7886 -0.0000 0.6149
vn -0.7899 -0.0000 0.6132
vn -0.8783 -0.0000 -0.4781
vn -0.7900 -0.0000 0.6132
vn -0.8790 -0.0000 -0.4768
vn -0.8171 -0.0000 -0.5766
vn -0.8171 -0.0000 -0.5765
vn 0.8590 -0.0000 -0.5119
vn 0.8058 -0.0000 -0.5922
vn -0.1595 -0.0000 -0.9872
vn 0.8607 -0.0000 -0.5092
vn -0.8603 -0.0000 0.5099
vn -0.8106 -0.0000 0.5856
vn -0.8602 -0.0000 0.5099
vn 0.8640 -0.0000 0.5035
vn -0.8107 -0.0000 0.5855
vn -0.8760 -0.0000 0.4823
vn -0.8760 -0.0000 0.4824
vn -0.7945 -0.0000 -0.6073
vn 0.8752 -0.0000 -0.4838
vn 0.8752 -0.0000 -0.4837
vn 0.7934 -0.0000 0.6087
vn 0.7934 -0.0000 0.6088
vn -0.8727 -0.0000 0.4883
vn 0.8030 -0.0000 0.5960
vn -0.7980 -0.0000 -0.6026
vn -0.8726 -0.0000 0.4884
vn 0.8691 -0.0000 -0.4946
vn -0.7981 -0.0000 -0.6026
vt 0.105263 0.000000
vt 0.000000 0.000000
vt 0.157895 0.000000
vt 0.052632 0.000000
vt 0.315789 0.000000
vt 0.263158 0.000000
vt 0.210526 0.000000
vt 0.578947 0.000000
vt 0.526316 0.000000
vt 0.473684 0.000000
vt 0.736842 0.000000
vt 0.684211 0.000000
vt 0.631579 0.000000
vt 0.789474 0.000000
vt 0.947368 0.000000
vt 0.894737 0.000000
vt 0.842105 0.000000
vt 1.000000 0.000000
vt 0.421053 0.000000
vt 0.368421 0.000000
vt 0.200000 0.000000
vt 0.150000 0.000000
vt 0.100000 0.000000
vt 0.250000 0.000000
vt 0.400000 0.000000
vt 0.350000 0.000000
vt 0.300000 0.000000
vt 0.450000 0.000000
vt 0.850000 0.000000
vt 0.800000 0.000000
vt 0.750000 0.000000
vt 0.950000 0.000000
vt 0.700000 0.000000
vt 0.650000 0.000000
vt 0.900000 0.000000
vt 0.600000 0.000000
vt 0.050000 0.000000
vt 0.550000 0.000000
vt 0.500000 0.000000
vt 0.117647 0.000000
vt 0.058824 0.000000
vt 0.176471 0.000000
vt 0.941176 0.000000
vt 0.882353 0.000000
vt 0.705882 0.000000
vt 0.647059 0.000000
vt 0.470588 0.000000
vt 0.411765 0.000000
vt 0.529412 0.000000
vt 0.588235 0.000000
vt 0.352941 0.000000
vt 0.823529 0.000000
vt 0.764706 0.000000
vt 0.294118 0.000000
vt 0.235294 0.000000
vt 0.666667 0.000000
vt 0.777778 0.000000
vt 0.722222 0.000000
vt 0.944444 0.000000
vt 0.888889 0.000000
vt 0.833333 0.000000
vt 0.611111 0.000000
vt 0.444444 0.000000
vt 0.555556 0.000000
vt 0.222222 0.000000
vt 0.388889 0.000000
vt 0.333333 0.000000
vt 0.277778 0.000000
vt 0.055556 0.000000
vt 0.111111 0.000000
vt 0.166667 0.000000
vt 0.271429 0.000000
vt 0.257143 0.000000
vt 0.285714 0.000000
vt 0.171429 0.000000
vt 0.185714 0.000000
vt 0.228571 0.000000
vt 0.114286 0.000000
vt 0.242857 0.000000
vt 0.085714 0.000000
vt 0.314286 0.000000
vt 0.128571 0.000000
vt 0.214286 0.000000
vt 0.042857 0.000000
vt 0.057143 0.000000
vt 0.457143 0.000000
vt 0.442857 0.000000
vt 0.428571 0.000000
vt 0.885714 0.000000
vt 0.914286 0.000000
vt 0.328571 0.000000
vt 0.371429 0.000000
vt 0.071429 0.000000
vt 0.157143 0.000000
vt 0.142857 0.000000
vt 0.028571 0.000000
vt 0.014286 0.000000
vt 0.385714 0.000000
vt 0.942857 0.000000
vt 0.714286 0.000000
vt 0.871429 0.000000
vt 0.857143 0.000000
vt 0.728571 0.000000
vt 0.928571 0.000000
vt 0.985714 0.000000
vt 0.614286 0.000000
vt 0.414286 0.000000
vt 0.642857 0.000000
vt 0.685714 0.000000
vt 0.671429 0.000000
vt 0.657143 0.000000
vt 0.557143 0.000000
vt 0.542857 0.000000
vt 0.585714 0.000000
vt 0.814286 0.000000
vt 0.785714 0.000000
vt 0.742857 0.000000
vt 0.771429 0.000000
vt 0.757143 0.000000
vt 0.971429 0.000000
vt 0.957143 0.000000
vt 0.628571 0.000000
vt 0.514286 0.000000
vt 0.528571 0.000000
vt 0.842857 0.000000
vt 0.828571 0.000000
vt 0.471429 0.000000
vt 0.485714 0.000000
vt 0.342857 0.000000
vt 0.357143 0.000000
vt 0.571429 0.000000
vt 0.043478 1.000000
vt 0.000000 1.000000
vt 0.086957 1.000000
vt 0.043478 0.000000
vt 0.130435 1.000000
vt 0.086957 0.000000
vt 0.173913 1.000000
vt 0.130435 0.000000
vt 0.217391 1.000000
vt 0.173913 0.000000
vt 0.260870 1.000000
vt 0.217391 0.000000
vt 0.304348 1.000000
vt 0.260870 0.000000
vt 0.347826 1.000000
vt 0.304348 0.000000
vt 0.391304 1.000000
vt 0.347826 0.000000
vt 0.434783 1.000000
vt 0.391304 0.000000
vt 0.478261 1.000000
vt 0.434783 0.000000
vt 0.521739 1.000000
vt 0.478261 0.000000
vt 0.565217 1.000000
vt 0.521739 0.000000
vt 0.608696 1.000000
vt 0.565217 0.000000
vt 0.652174 1.000000
vt 0.608696 0.000000
vt 0.695652 1.000000
vt 0.652174 0.000000
vt 0.739130 1.000000
vt 0.695652 0.000000
vt 0.782609 1.000000
vt 0.739130 0.000000
vt 0.826087 1.000000
vt 0.782609 0.000000
vt 0.869565 1.000000
vt 0.826087 0.000000
vt 0.913043 1.000000
vt 0.869565 0.000000
vt 0.956522 1.000000
vt 0.913043 0.000000
vt 1.000000 1.000000
vt 0.956522 0.000000
vt 0.025000 1.000000
vt 0.050000 1.000000
vt 0.025000 0.000000
vt 0.075000 1.000000
vt 0.100000 1.000000
vt 0.075000 0.000000
vt 0.125000 1.000000
vt 0.150000 1.000000
vt 0.125000 0.000000
vt 0.175000 1.000000
vt 0.200000 1.000000
vt 0.175000 0.000000
vt 0.225000 1.000000
vt 0.250000 1.000000
vt 0.225000 0.000000
vt 0.275000 1.000000
vt 0.300000 1.000000
vt 0.275000 0.000000
vt 0.325000 1.000000
vt 0.350000 1.000000
vt 0.325000 0.000000
vt 0.375000 1.000000
vt 0.400000 1.000000
vt 0.375000 0.000000
vt 0.425000 1.000000
vt 0.450000 1.000000
vt 0.425000 0.000000
vt 0.475000 1.000000
vt 0.500000 1.000000
vt 0.475000 0.000000
vt 0.525000 1.000000
vt 0.550000 1.000000
vt 0.525000 0.000000
vt 0.575000 1.000000
vt 0.600000 1.000000
vt 0.575000 0.000000
vt 0.625000 1.000000
vt 0.650000 1.000000
vt 0.625000 0.000000
vt 0.675000 1.000000
vt 0.700000 1.000000
vt 0.675000 0.000000
vt 0.725000 1.000000
vt 0.750000 1.000000
vt 0.725000 0.000000
vt 0.775000 1.000000
vt 0.800000 1.000000
vt 0.775000 0.000000
vt 0.825000 1.000000
vt 0.850000 1.000000
vt 0.825000 0.000000
vt 0.875000 1.000000
vt 0.900000 1.000000
vt 0.875000 0.000000
vt 0.925000 1.000000
vt 0.950000 1.000000
vt 0.925000 0.000000
vt 0.975000 1.000000
vt 0.975000 0.000000
vt 0.083333 1.000000
vt 0.166667 1.000000
vt 0.083333 0.000000
vt 0.333333 1.000000
vt 0.416667 1.000000
vt 0.416667 0.000000
vt 0.583333 1.000000
vt 0.666667 1.000000
vt 0.583333 0.000000
vt 0.833333 1.000000
vt 0.916667 1.000000
vt 0.916667 0.000000
vt 0.142857 1.000000
vt 0.285714 1.000000
vt 0.428571 1.000000
vt 0.571429 1.000000
vt 0.714286 1.000000
vt 0.857143 1.000000
vt 0.055556 1.000000
vt 0.111111 1.000000
vt 0.222222 1.000000
vt 0.277778 1.000000
vt 0.388889 1.000000
vt 0.444444 1.000000
vt 0.555556 1.000000
vt 0.611111 1.000000
vt 0.722222 1.000000
vt 0.777778 1.000000
vt 0.888889 1.000000
vt 0.944444 1.000000
vt 0.047619 1.000000
vt 0.095238 1.000000
vt 0.047619 0.000000
vt 0.095238 0.000000
vt 0.190476 1.000000
vt 0.238095 1.000000
vt 0.190476 0.000000
vt 0.238095 0.000000
vt 0.380952 1.000000
vt 0.380952 0.000000
vt 0.476190 1.000000
vt 0.523810 1.000000
vt 0.476190 0.000000
vt 0.523810 0.000000
vt 0.619048 1.000000
vt 0.619048 0.000000
vt 0.761905 1.000000
vt 0.809524 1.000000
vt 0.761905 0.000000
vt 0.809524 0.000000
vt 0.904762 1.000000
vt 0.952381 1.000000
vt 0.904762 0.000000
vt 0.952381 0.000000
s 0
usemtl Material.006
f 3/1/1 1/2/1 4/3/1
f 1/2/1 3/1/1 2/4/1
f 7/5/1 6/6/1 5/7/1
f 1/2/1 12/8/1 11/9/1
f 4/3/1 1/2/1 10/10/1
f 10/10/1 7/5/1 4/3/1
f 7/5/1 5/7/1 4/3/1
f 15/11/1 14/12/1 13/13/1
f 13/13/1 16/14/1 15/11/1
f 19/15/1 18/16/1 17/17/1
f 17/17/1 20/18/1 19/15/1
f 9/19/1 8/20/1 7/5/1
f 1/2/1 11/9/1 10/10/1
f 7/5/1 10/10/1 9/19/1
f 25/21/1 24/22/1 23/23/1
f 23/23/1 26/24/1 25/21/1
f 29/25/1 28/26/1 27/27/1
f 27/27/1 30/28/1 29/25/1
f 38/29/1 37/30/1 36/31/1
f 40/32/1 36/31/1 35/33/1
f 34/34/1 40/32/1 35/33/1
f 38/29/1 36/31/1 39/35/1
f 36/31/1 40/32/1 39/35/1
f 33/36/1 41/18/1 40/32/1
f 40/32/1 34/34/1 33/36/1
f 23/23/1 22/37/1 21/2/1
f 21/2/1 41/18/1 23/23/1
f 26/24/1 23/23/1 41/18/1
f 27/27/1 26/24/1 41/18/1
f 41/18/1 33/36/1 27/27/1
f 30/28/1 27/27/1 33/36/1
f 33/36/1 32/38/1 30/28/1
f 31/39/1 30/28/1 32/38/1
f 44/40/1 43/41/1 45/42/1
f 58/43/1 57/44/1 54/45/1
f 54/45/1 53/46/1 58/43/1
f 58/43/1 53/46/1 59/18/1
f 50/47/1 49/48/1 51/49/1
f 52/50/1 59/18/1 53/46/1
f 52/50/1 51/49/1 59/18/1
f 51/49/1 49/48/1 48/51/1
f 54/45/1 57/44/1 56/52/1
f 56/52/1 55/53/1 54/45/1
f 59/18/1 51/49/1 42/2/1
f 51/49/1 48/51/1 42/2/1
f 45/42/1 42/2/1 48/51/1
f 48/51/1 47/54/1 45/42/1
f 46/55/1 45/42/1 47/54/1
f 42/2/1 45/42/1 43/41/1
f 72/56/1 74/57/1 73/58/1
f 72/56/1 78/18/1 77/59/1
f 77/59/1 76/60/1 72/56/1
f 74/57/1 72/56/1 76/60/1
f 76/60/1 75/61/1 74/57/1
f 60/2/1 71/62/1 68/63/1
f 68/63/1 71/62/1 70/64/1
f 70/64/1 69/39/1 68/63/1
f 64/65/1 67/66/1 66/67/1
f 66/67/1 65/68/1 64/65/1
f 60/2/1 68/63/1 61/69/1
f 68/63/1 67/66/1 61/69/1
f 61/69/1 67/66/1 62/70/1
f 67/66/1 64/65/1 62/70/1
f 64/65/1 63/71/1 62/70/1
f 98/72/1 97/73/1 99/74/1
f 91/75/1 93/21/1 92/76/1
f 95/77/1 87/78/1 96/79/1
f 100/27/1 85/80/1 101/81/1
f 85/80/1 100/27/1 86/23/1
f 87/78/1 95/77/1 88/82/1
f 93/21/1 91/75/1 94/83/1
f 96/79/1 87/78/1 97/73/1
f 99/74/1 97/73/1 87/78/1
f 87/78/1 86/23/1 99/74/1
f 86/23/1 100/27/1 99/74/1
f 82/84/1 79/2/1 83/85/1
f 111/86/1 110/87/1 109/88/1
f 141/89/1 143/90/1 102/91/1
f 143/90/1 142/35/1 105/92/1
f 101/81/1 84/93/1 79/2/1
f 94/83/1 91/75/1 90/94/1
f 95/77/1 94/83/1 90/94/1
f 88/82/1 95/77/1 89/95/1
f 101/81/1 85/80/1 84/93/1
f 81/96/1 80/97/1 79/2/1
f 79/2/1 82/84/1 81/96/1
f 106/98/1 142/35/1 145/99/1
f 145/99/1 107/25/1 106/98/1
f 149/18/1 129/100/1 128/33/1
f 140/101/1 139/102/1 130/103/1
f 130/103/1 129/100/1 140/101/1
f 144/104/1 140/101/1 129/100/1
f 129/100/1 149/18/1 144/104/1
f 145/99/1 144/104/1 149/18/1
f 149/18/1 148/105/1 145/99/1
f 107/25/1 145/99/1 148/105/1
f 148/105/1 122/106/1 107/25/1
f 108/107/1 107/25/1 122/106/1
f 122/106/1 121/36/1 108/107/1
f 114/39/1 108/107/1 121/36/1
f 124/108/1 127/109/1 126/110/1
f 126/110/1 125/111/1 124/108/1
f 118/112/1 117/113/1 120/114/1
f 136/115/1 135/30/1 134/116/1
f 131/117/1 136/115/1 134/116/1
f 134/116/1 133/118/1 131/117/1
f 132/119/1 131/117/1 133/118/1
f 147/120/1 146/121/1 127/109/1
f 127/109/1 124/108/1 147/120/1
f 123/122/1 147/120/1 124/108/1
f 115/123/1 120/114/1 117/113/1
f 130/103/1 139/102/1 136/115/1
f 136/115/1 131/117/1 130/103/1
f 127/109/1 146/121/1 128/33/1
f 149/18/1 128/33/1 146/121/1
f 122/106/1 148/105/1 147/120/1
f 147/120/1 123/122/1 122/106/1
f 120/114/1 115/123/1 121/36/1
f 114/39/1 121/36/1 115/123/1
f 115/123/1 117/113/1 116/124/1
f 138/125/1 137/126/1 139/102/1
f 143/90/1 141/89/1 140/101/1
f 140/101/1 144/104/1 143/90/1
f 142/35/1 106/98/1 105/92/1
f 111/86/1 109/88/1 108/107/1
f 108/107/1 114/39/1 111/86/1
f 112/127/1 111/86/1 114/39/1
f 114/39/1 113/128/1 112/127/1
f 83/85/1 79/2/1 84/93/1
f 89/95/1 95/77/1 90/94/1
f 103/129/1 102/91/1 104/130/1
f 102/91/1 143/90/1 104/130/1
f 105/92/1 104/130/1 143/90/1
f 120/114/1 119/131/1 118/112/1
f 139/102/1 137/126/1 136/115/1
f 152/1/2 153/3/2 150/2/2
f 150/2/2 151/4/2 152/1/2
f 156/5/2 154/7/2 155/6/2
f 150/2/2 160/9/2 161/8/2
f 153/3/2 159/10/2 150/2/2
f 159/10/2 153/3/2 156/5/2
f 156/5/2 153/3/2 154/7/2
f 164/11/2 162/13/2 163/12/2
f 162/13/2 164/11/2 165/14/2
f 168/15/2 166/17/2 167/16/2
f 166/17/2 168/15/2 169/18/2
f 158/19/2 156/5/2 157/20/2
f 150/2/2 159/10/2 160/9/2
f 156/5/2 158/19/2 159/10/2
f 174/21/2 172/23/2 173/22/2
f 172/23/2 174/21/2 175/24/2
f 178/25/2 176/27/2 177/26/2
f 176/27/2 178/25/2 179/28/2
f 187/29/2 185/31/2 186/30/2
f 189/32/2 184/33/2 185/31/2
f 183/34/2 184/33/2 189/32/2
f 187/29/2 188/35/2 185/31/2
f 185/31/2 188/35/2 189/32/2
f 182/36/2 189/32/2 190/18/2
f 189/32/2 182/36/2 183/34/2
f 172/23/2 170/2/2 171/37/2
f 170/2/2 172/23/2 190/18/2
f 175/24/2 190/18/2 172/23/2
f 176/27/2 190/18/2 175/24/2
f 190/18/2 176/27/2 182/36/2
f 179/28/2 182/36/2 176/27/2
f 182/36/2 179/28/2 181/38/2
f 180/39/2 181/38/2 179/28/2
f 193/40/2 194/42/2 192/41/2
f 207/43/2 203/45/2 206/44/2
f 203/45/2 207/43/2 202/46/2
f 207/43/2 208/18/2 202/46/2
f 199/47/2 200/49/2 198/48/2
f 201/50/2 202/46/2 208/18/2
f 201/50/2 208/18/2 200/49/2
f 200/49/2 197/51/2 198/48/2
f 203/45/2 205/52/2 206/44/2
f 205/52/2 203/45/2 204/53/2
f 208/18/2 191/2/2 200/49/2
f 200/49/2 191/2/2 197/51/2
f 194/42/2 197/51/2 191/2/2
f 197/51/2 194/42/2 196/54/2
f 195/55/2 196/54/2 194/42/2
f 191/2/2 192/41/2 194/42/2
f 221/56/2 222/58/2 223/57/2
f 221/56/2 226/59/2 227/18/2
f 226/59/2 221/56/2 225/60/2
f 223/57/2 225/60/2 221/56/2
f 225/60/2 223/57/2 224/61/2
f 209/2/2 217/63/2 220/62/2
f 217/63/2 219/64/2 220/62/2
f 219/64/2 217/63/2 218/39/2
f 213/65/2 215/67/2 216/66/2
f 215/67/2 213/65/2 214/68/2
f 209/2/2 210/69/2 217/63/2
f 217/63/2 210/69/2 216/66/2
f 210/69/2 211/70/2 216/66/2
f 216/66/2 211/70/2 213/65/2
f 213/65/2 211/70/2 212/71/2
f 247/72/2 248/74/2 246/73/2
f 240/75/2 241/76/2 242/21/2
f 244/77/2 245/79/2 236/78/2
f 249/27/2 250/81/2 234/80/2
f 234/80/2 235/23/2 249/27/2
f 236/78/2 237/82/2 244/77/2
f 242/21/2 243/83/2 240/75/2
f 245/79/2 246/73/2 236/78/2
f 248/74/2 236/78/2 246/73/2
f 236/78/2 248/74/2 235/23/2
f 235/23/2 248/74/2 249/27/2
f 231/84/2 232/85/2 228/2/2
f 260/86/2 258/88/2 259/87/2
f 290/89/2 251/91/2 292/90/2
f 292/90/2 254/92/2 291/35/2
f 250/81/2 228/2/2 233/93/2
f 243/83/2 239/94/2 240/75/2
f 244/77/2 239/94/2 243/83/2
f 237/82/2 238/95/2 244/77/2
f 250/81/2 233/93/2 234/80/2
f 230/96/2 228/2/2 229/97/2
f 228/2/2 230/96/2 231/84/2
f 255/98/2 294/99/2 291/35/2
f 294/99/2 255/98/2 256/25/2
f 298/18/2 277/33/2 278/100/2
f 289/101/2 279/103/2 288/102/2
f 279/103/2 289/101/2 278/100/2
f 293/104/2 278/100/2 289/101/2
f 278/100/2 293/104/2 298/18/2
f 294/99/2 298/18/2 293/104/2
f 298/18/2 294/99/2 297/105/2
f 256/25/2 297/105/2 294/99/2
f 297/105/2 256/25/2 271/106/2
f 257/107/2 271/106/2 256/25/2
f 271/106/2 257/107/2 270/36/2
f 263/39/2 270/36/2 257/107/2
f 273/108/2 275/110/2 276/109/2
f 275/110/2 273/108/2 274/111/2
f 267/112/2 269/114/2 266/113/2
f 285/115/2 283/116/2 284/30/2
f 280/117/2 283/116/2 285/115/2
f 283/116/2 280/117/2 282/118/2
f 281/119/2 282/118/2 280/117/2
f 296/120/2 276/109/2 295/121/2
f 276/109/2 296/120/2 273/108/2
f 272/122/2 273/108/2 296/120/2
f 264/123/2 266/113/2 269/114/2
f 279/103/2 285/115/2 288/102/2
f 285/115/2 279/103/2 280/117/2
f 276/109/2 277/33/2 295/121/2
f 298/18/2 295/121/2 277/33/2
f 271/106/2 296/120/2 297/105/2
f 296/120/2 271/106/2 272/122/2
f 269/114/2 270/36/2 264/123/2
f 263/39/2 264/123/2 270/36/2
f 264/123/2 265/124/2 266/113/2
f 287/125/2 288/102/2 286/126/2
f 292/90/2 289/101/2 290/89/2
f 289/101/2 292/90/2 293/104/2
f 291/35/2 254/92/2 255/98/2
f 260/86/2 257/107/2 258/88/2
f 257/107/2 260/86/2 263/39/2
f 261/127/2 263/39/2 260/86/2
f 263/39/2 261/127/2 262/128/2
f 232/85/2 233/93/2 228/2/2
f 238/95/2 239/94/2 244/77/2
f 252/129/2 253/130/2 251/91/2
f 251/91/2 253/130/2 292/90/2
f 254/92/2 292/90/2 253/130/2
f 269/114/2 267/112/2 268/131/2
f 288/102/2 285/115/2 286/126/2
s 1
f 302/132/3 299/2/4 300/133/4
f 304/134/5 301/135/3 302/132/3
f 306/136/6 303/137/5 304/134/5
f 308/138/7 305/139/6 306/136/6
f 310/140/8 307/141/7 308/138/7
f 312/142/9 309/143/8 310/140/8
f 314/144/10 311/145/9 312/142/9
f 316/146/11 313/147/10 314/144/10
f 318/148/6 315/149/12 316/146/11
f 320/150/13 317/151/6 318/148/6
f 322/152/14 319/153/15 320/150/13
f 324/154/9 321/155/16 322/152/14
f 326/156/17 323/157/9 324/154/9
f 328/158/18 325/159/17 326/156/17
f 330/160/19 327/161/18 328/158/18
f 332/162/20 329/163/21 330/160/19
f 334/164/9 331/165/20 332/162/20
f 336/166/9 333/167/9 334/164/9
f 338/168/22 335/169/9 336/166/9
f 340/170/23 337/171/22 338/168/22
f 342/172/6 339/173/23 340/170/23
f 344/174/24 341/175/6 342/172/6
f 300/176/4 343/177/24 344/174/24
f 348/178/25 345/2/9 346/133/9
f 350/179/26 347/180/25 348/178/25
f 352/181/6 349/37/26 350/179/26
f 354/182/6 351/183/6 352/181/6
f 356/184/27 353/23/6 354/182/6
f 358/185/28 355/186/29 356/184/27
f 360/187/3 357/22/30 358/185/28
f 362/188/5 359/189/3 360/187/3
f 364/190/31 361/21/5 362/188/5
f 366/191/31 363/192/31 364/190/31
f 368/193/32 365/24/31 366/191/31
f 370/194/32 367/195/32 368/193/32
f 372/196/33 369/27/32 370/194/32
f 374/197/34 371/198/34 372/196/33
f 376/199/35 373/26/33 374/197/34
f 378/200/36 375/201/35 376/199/35
f 380/202/37 377/25/36 378/200/36
f 382/203/37 379/204/37 380/202/37
f 384/205/38 381/28/37 382/203/37
f 386/206/39 383/207/40 384/205/38
f 388/208/6 385/39/41 386/206/39
f 390/209/6 387/210/6 388/208/6
f 392/211/42 389/38/6 390/209/6
f 394/212/43 391/213/42 392/211/42
f 396/214/9 393/36/43 394/212/43
f 398/215/9 395/216/9 396/214/9
f 400/217/44 397/34/9 398/215/9
f 402/218/45 399/219/44 400/217/44
f 404/220/46 401/33/45 402/218/45
f 406/221/47 403/222/48 404/220/46
f 408/223/49 405/31/47 406/221/47
f 410/224/50 407/225/49 408/223/49
f 412/226/51 409/30/52 410/224/50
f 414/227/53 411/228/51 412/226/51
f 416/229/54 413/29/55 414/227/53
f 418/230/56 415/231/57 416/229/54
f 420/232/58 417/35/59 418/230/56
f 422/233/60 419/234/58 420/232/58
f 424/235/9 421/32/60 422/233/60
f 346/176/9 423/236/9 424/235/9
f 428/191/41 425/2/38 426/133/38
f 430/206/27 427/24/41 428/191/41
f 432/221/30 429/39/27 430/206/27
f 426/176/38 431/31/30 432/221/30
f 436/191/30 433/2/27 434/133/27
f 438/206/38 435/24/30 436/191/30
f 440/221/41 437/39/38 438/206/38
f 434/176/27 439/31/41 440/221/41
f 444/237/61 441/2/9 442/133/9
f 446/238/62 443/239/61 444/237/61
f 448/191/63 445/71/62 446/238/62
f 450/240/64 447/24/63 448/191/63
f 452/241/65 449/67/64 450/240/64
f 454/206/66 451/242/65 452/241/65
f 456/243/67 453/39/66 454/206/66
f 458/244/68 455/245/69 456/243/67
f 460/221/70 457/56/71 458/244/68
f 462/246/72 459/31/70 460/221/70
f 464/247/9 461/61/72 462/246/72
f 442/176/9 463/248/9 464/247/9
f 468/249/73 465/2/74 466/133/74
f 470/250/75 467/95/73 468/249/73
f 472/251/76 469/74/77 470/250/75
f 474/252/78 471/88/76 472/251/76
f 476/253/43 473/131/78 474/252/78
f 478/254/74 475/100/43 476/253/43
f 466/176/74 477/102/74 478/254/74
f 482/255/79 479/2/80 480/133/80
f 484/256/81 481/69/82 482/255/79
f 486/238/83 483/70/81 484/256/81
f 488/257/83 485/71/83 486/238/83
f 490/258/84 487/65/83 488/257/83
f 492/240/85 489/68/85 490/258/84
f 494/259/86 491/67/87 492/240/85
f 496/260/88 493/66/86 494/259/86
f 498/206/89 495/63/88 496/260/88
f 500/261/89 497/39/89 498/206/89
f 502/262/90 499/64/89 500/261/89
f 504/244/91 501/62/90 502/262/90
f 506/263/92 503/56/91 504/244/91
f 508/264/93 505/58/94 506/263/92
f 510/246/95 507/57/93 508/264/93
f 512/265/96 509/61/95 510/246/95
f 514/266/97 511/60/96 512/265/96
f 480/176/80 513/59/97 514/266/97
f 518/267/98 515/2/99 516/133/100
f 520/268/101 517/269/98 518/267/98
f 522/249/102 519/270/101 520/268/101
f 524/271/103 521/95/104 522/249/102
f 526/272/105 523/273/103 524/271/103
f 528/250/95 525/274/105 526/272/105
f 530/240/25 527/74/95 528/250/95
f 532/275/26 529/67/25 530/240/25
f 534/251/106 531/276/26 532/275/26
f 536/277/107 533/88/107 534/251/106
f 538/278/108 535/279/107 536/277/107
f 540/252/109 537/280/108 538/278/108
f 542/281/110 539/131/109 540/252/109
f 544/244/111 541/282/110 542/281/110
f 546/253/111 543/56/111 544/244/111
f 548/283/86 545/100/111 546/253/111
f 550/284/88 547/285/86 548/283/86
f 552/254/112 549/286/88 550/284/88
f 554/287/113 551/102/114 552/254/112
f 556/288/115 553/289/116 554/287/113
f 516/176/100 555/290/115 556/288/115
f 560/237/82 557/2/117 558/133/118
f 562/238/81 559/239/82 560/237/82
f 564/191/119 561/71/81 562/238/81
f 566/240/119 563/24/119 564/191/119
f 568/241/120 565/67/119 566/240/119
f 570/206/120 567/242/120 568/241/120
f 572/243/92 569/39/121 570/206/120
f 574/244/93 571/245/94 572/243/92
f 576/221/122 573/56/93 574/244/93
f 578/246/123 575/31/123 576/221/122
f 580/247/117 577/61/122 578/246/123
f 558/176/118 579/248/118 580/247/117
f 584/191/124 581/2/125 582/133/125
f 586/206/126 583/24/127 584/191/124
f 588/221/128 585/39/129 586/206/126
f 582/176/125 587/31/128 588/221/128
f 592/191/25 589/2/43 590/133/43
f 594/206/26 591/24/25 592/191/25
f 596/221/42 593/39/26 594/206/26
f 590/176/43 595/31/42 596/221/42
f 302/132/3 301/135/3 299/2/4
f 304/134/5 303/137/5 301/135/3
f 306/136/6 305/139/6 303/137/5
f 308/138/7 307/141/7 305/139/6
f 310/140/8 309/143/8 307/141/7
f 312/142/9 311/145/9 309/143/8
f 314/144/10 313/147/10 311/145/9
f 316/146/11 315/149/12 313/147/10
f 318/148/6 317/151/6 315/149/12
f 320/150/13 319/153/15 317/151/6
f 322/152/14 321/155/16 319/153/15
f 324/154/9 323/157/9 321/155/16
f 326/156/17 325/159/17 323/157/9
f 328/158/18 327/161/18 325/159/17
f 330/160/19 329/163/21 327/161/18
f 332/162/20 331/165/20 329/163/21
f 334/164/9 333/167/9 331/165/20
f 336/166/9 335/169/9 333/167/9
f 338/168/22 337/171/22 335/169/9
f 340/170/23 339/173/23 337/171/22
f 342/172/6 341/175/6 339/173/23
f 344/174/24 343/177/24 341/175/6
f 300/176/4 299/18/4 343/177/24
f 348/178/25 347/180/25 345/2/9
f 350/179/26 349/37/26 347/180/25
f 352/181/6 351/183/6 349/37/26
f 354/182/6 353/23/6 351/183/6
f 356/184/27 355/186/29 353/23/6
f 358/185/28 357/22/30 355/186/29
f 360/187/3 359/189/3 357/22/30
f 362/188/5 361/21/5 359/189/3
f 364/190/31 363/192/31 361/21/5
f 366/191/31 365/24/31 363/192/31
f 368/193/32 367/195/32 365/24/31
f 370/194/32 369/27/32 367/195/32
f 372/196/33 371/198/34 369/27/32
f 374/197/34 373/26/33 371/198/34
f 376/199/35 375/201/35 373/26/33
f 378/200/36 377/25/36 375/201/35
f 380/202/37 379/204/37 377/25/36
f 382/203/37 381/28/37 379/204/37
f 384/205/38 383/207/40 381/28/37
f 386/206/39 385/39/41 383/207/40
f 388/208/6 387/210/6 385/39/41
f 390/209/6 389/38/6 387/210/6
f 392/211/42 391/213/42 389/38/6
f 394/212/43 393/36/43 391/213/42
f 396/214/9 395/216/9 393/36/43
f 398/215/9 397/34/9 395/216/9
f 400/217/44 399/219/44 397/34/9
f 402/218/45 401/33/45 399/219/44
f 404/220/46 403/222/48 401/33/45
f 406/221/47 405/31/47 403/222/48
f 408/223/49 407/225/49 405/31/47
f 410/224/50 409/30/52 407/225/49
f 412/226/51 411/228/51 409/30/52
f 414/227/53 413/29/55 411/228/51
f 416/229/54 415/231/57 413/29/55
f 418/230/56 417/35/59 415/231/57
f 420/232/58 419/234/58 417/35/59
f 422/233/60 421/32/60 419/234/58
f 424/235/9 423/236/9 421/32/60
f 346/176/9 345/18/9 423/236/9
f 428/191/41 427/24/41 425/2/38
f 430/206/27 429/39/27 427/24/41
f 432/221/30 431/31/30 429/39/27
f 426/176/38 425/18/38 431/31/30
f 436/191/30 435/24/30 433/2/27
f 438/206/38 437/39/38 435/24/30
f 440/221/41 439/31/41 437/39/38
f 434/176/27 433/18/27 439/31/41
f 444/237/61 443/239/61 441/2/9
f 446/238/62 445/71/62 443/239/61
f 448/191/63 447/24/63 445/71/62
f 450/240/64 449/67/64 447/24/63
f 452/241/65 451/242/65 449/67/64
f 454/206/66 453/39/66 451/242/65
f 456/243/67 455/245/69 453/39/66
f 458/244/68 457/56/71 455/245/69
f 460/221/70 459/31/70 457/56/71
f 462/246/72 461/61/72 459/31/70
f 464/247/9 463/248/9 461/61/72
f 442/176/9 441/18/9 463/248/9
f 468/249/73 467/95/73 465/2/74
f 470/250/75 469/74/77 467/95/73
f 472/251/76 471/88/76 469/74/77
f 474/252/78 473/131/78 471/88/76
f 476/253/43 475/100/43 473/131/78
f 478/254/74 477/102/74 475/100/43
f 466/176/74 465/18/74 477/102/74
f 482/255/79 481/69/82 479/2/80
f 484/256/81 483/70/81 481/69/82
f 486/238/83 485/71/83 483/70/81
f 488/257/83 487/65/83 485/71/83
f 490/258/84 489/68/85 487/65/83
f 492/240/85 491/67/87 489/68/85
f 494/259/86 493/66/86 491/67/87
f 496/260/88 495/63/88 493/66/86
f 498/206/89 497/39/89 495/63/88
f 500/261/89 499/64/89 497/39/89
f 502/262/90 501/62/90 499/64/89
f 504/244/91 503/56/91 501/62/90
f 506/263/92 505/58/94 503/56/91
f 508/264/93 507/57/93 505/58/94
f 510/246/95 509/61/95 507/57/93
f 512/265/96 511/60/96 509/61/95
f 514/266/97 513/59/97 511/60/96
f 480/176/80 479/18/80 513/59/97
f 518/267/98 517/269/98 515/2/99
f 520/268/101 519/270/101 517/269/98
f 522/249/102 521/95/104 519/270/101
f 524/271/103 523/273/103 521/95/104
f 526/272/105 525/274/105 523/273/103
f 528/250/95 527/74/95 525/274/105
f 530/240/25 529/67/25 527/74/95
f 532/275/26 531/276/26 529/67/25
f 534/251/106 533/88/107 531/276/26
f 536/277/107 535/279/107 533/88/107
f 538/278/108 537/280/108 535/279/107
f 540/252/109 539/131/109 537/280/108
f 542/281/110 541/282/110 539/131/109
f 544/244/111 543/56/111 541/282/110
f 546/253/111 545/100/111 543/56/111
f 548/283/86 547/285/86 545/100/111
f 550/284/88 549/286/88 547/285/86
f 552/254/112 551/102/114 549/286/88
f 554/287/113 553/289/116 551/102/114
f 556/288/115 555/290/115 553/289/116
f 516/176/100 515/18/99 555/290/115
f 560/237/82 559/239/82 557/2/117
f 562/238/81 561/71/81 559/239/82
f 564/191/119 563/24/119 561/71/81
f 566/240/119 565/67/119 563/24/119
f 568/241/120 567/242/120 565/67/119
f 570/206/120 569/39/121 567/242/120
f 572/243/92 571/245/94 569/39/121
f 574/244/93 573/56/93 571/245/94
f 576/221/122 575/31/123 573/56/93
f 578/246/123 577/61/122 575/31/123
f 580/247/117 579/248/118 577/61/122
f 558/176/118 557/18/117 579/248/118
f 584/191/124 583/24/127 581/2/125
f 586/206/126 585/39/129 583/24/127
f 588/221/128 587/31/128 585/39/129
f 582/176/125 581/18/125 587/31/128
f 592/191/25 591/24/25 589/2/43
f 594/206/26 593/39/26 591/24/25
f 596/221/42 595/31/42 593/39/26
f 590/176/43 589/18/43 595/31/42
o Text.004
v 1.421849 0.050000 0.220478
v 1.295676 0.050000 0.220478
v 1.351886 0.050000 -0.300222
v 1.478657 0.050000 -0.300222
v 1.159338 0.050000 0.018086
v 0.980543 0.050000 0.018086
v 1.000276 0.050000 -0.320461
v 1.127047 0.050000 -0.320461
v 1.110304 0.050000 -0.035272
v 1.162327 0.050000 -0.035272
v 0.405888 0.050000 -0.226624
v 0.364029 0.050000 -0.226624
v 0.367019 0.050000 -0.280902
v 0.411867 0.050000 -0.280902
v 0.416053 0.050000 -0.320461
v 0.547010 0.050000 -0.320461
v 0.542824 0.050000 -0.280902
v 0.828657 0.050000 -0.280902
v 0.826265 0.050000 -0.226624
v 0.536844 0.050000 -0.226624
v 0.488408 0.050000 0.220478
v 0.357452 0.050000 0.220478
v 0.856762 0.050000 0.220478
v 0.570331 0.050000 0.191959
v 0.573321 0.050000 0.137681
v 0.859154 0.050000 0.166200
v 0.849586 0.050000 -0.064711
v 0.596044 0.050000 -0.064711
v 0.599034 0.050000 -0.118069
v 0.852576 0.050000 -0.118069
v -0.147838 0.050000 0.166200
v -0.269825 0.050000 0.166200
v -0.243514 0.050000 -0.298382
v -0.121527 0.050000 -0.298382
v 0.186431 0.050000 0.220478
v 0.064443 0.050000 0.220478
v 0.095538 0.050000 -0.199026
v -0.062925 0.050000 -0.199026
v -0.059936 0.050000 -0.253303
v 0.099724 0.050000 -0.253303
v 0.104508 0.050000 -0.320461
v 0.226495 0.050000 -0.320461
v 0.221711 0.050000 -0.253303
v 0.270745 0.050000 -0.253303
v 0.267755 0.050000 -0.199026
v 0.217525 0.050000 -0.199026
v -0.545492 0.050000 -0.232144
v -0.584361 0.050000 -0.232144
v -0.581371 0.050000 -0.287342
v -0.538914 0.050000 -0.287342
v -0.533533 0.050000 -0.331500
v -0.442640 0.050000 -0.331500
v -0.448022 0.050000 -0.287342
v -0.428289 0.050000 -0.287342
v -0.337397 0.050000 -0.287342
v -0.369089 0.050000 0.220478
v -0.459982 0.050000 0.220478
v -0.431877 0.050000 -0.232144
v -0.454600 0.050000 -0.232144
v -0.510212 0.050000 0.220478
v -0.601104 0.050000 0.220478
v -0.786476 0.050000 -0.194426
v -0.876771 0.050000 -0.194426
v -0.873781 0.050000 -0.249624
v -0.783487 0.050000 -0.249624
v -0.782291 0.050000 -0.268023
v -0.863616 0.050000 -0.264343
v -0.860626 0.050000 -0.319541
v -0.600506 0.050000 -0.330580
v -0.604094 0.050000 -0.275382
v -0.686615 0.050000 -0.271703
v -0.687811 0.050000 -0.249624
v -0.594526 0.050000 -0.249624
v -0.598114 0.050000 -0.194426
v -0.690800 0.050000 -0.194426
v -0.692594 0.050000 -0.168667
v -0.677645 0.050000 -0.168667
v -0.639972 0.050000 -0.168667
v -0.610672 0.050000 -0.168667
v -0.622631 0.050000 0.052124
v -0.644158 0.050000 0.052124
v -0.689604 0.050000 0.052124
v -0.704554 0.050000 0.052124
v -0.705750 0.050000 0.077883
v -0.623229 0.050000 0.077883
v -0.626817 0.050000 0.133081
v -0.708740 0.050000 0.133081
v -0.710534 0.050000 0.158840
v -0.618445 0.050000 0.155160
v -0.622033 0.050000 0.210358
v -0.900690 0.050000 0.221398
v -0.897700 0.050000 0.166200
v -0.806210 0.050000 0.162520
v -0.804416 0.050000 0.133081
v -0.886338 0.050000 0.133081
v -0.883349 0.050000 0.077883
v -0.801426 0.050000 0.077883
v -0.800230 0.050000 0.052124
v -0.813983 0.050000 0.052124
v -0.825943 0.050000 0.052124
v -0.880957 0.050000 0.052124
v -0.868997 0.050000 -0.168667
v -0.813983 0.050000 -0.168667
v -0.802024 0.050000 -0.168667
v -0.788270 0.050000 -0.168667
v -0.686615 0.050000 -0.003073
v -0.684821 0.050000 -0.032512
v -0.699770 0.050000 -0.032512
v -0.701564 0.050000 -0.003073
v -0.681831 0.050000 -0.087710
v -0.680635 0.050000 -0.113469
v -0.695584 0.050000 -0.113469
v -0.696780 0.050000 -0.087710
v -0.791260 0.050000 -0.113469
v -0.805014 0.050000 -0.113469
v -0.806210 0.050000 -0.087710
v -0.792456 0.050000 -0.087710
v -0.810994 0.050000 -0.003073
v -0.797240 0.050000 -0.003073
v -0.795446 0.050000 -0.032512
v -0.809200 0.050000 -0.032512
v -1.305520 0.050000 -0.074831
v -0.996366 0.050000 0.220478
v -1.181739 0.050000 0.220478
v -1.472355 0.050000 -0.072071
v -1.115961 0.050000 -0.320461
v -0.959292 0.050000 -0.320461
v -1.716329 0.050000 0.105482
v -1.812006 0.050000 0.105482
v -1.807820 0.050000 0.030965
v -1.941168 0.050000 0.105482
v -1.937580 0.050000 0.028205
v -1.805428 0.050000 -0.045392
v -1.844296 0.050000 -0.045392
v -1.929807 0.050000 -0.045392
v -1.935189 0.050000 -0.045392
v -1.925621 0.050000 -0.217425
v -1.917249 0.050000 -0.217425
v -1.834729 0.050000 -0.217425
v -1.794066 0.050000 -0.217425
v -1.792272 0.050000 -0.246864
v -1.931003 0.050000 -0.246864
v -1.928013 0.050000 -0.302061
v -1.789282 0.050000 -0.302061
v -1.787488 0.050000 -0.331500
v -1.691812 0.050000 -0.331500
v -1.693606 0.050000 -0.302061
v -1.557268 0.050000 -0.302061
v -1.560258 0.050000 -0.246864
v -1.696596 0.050000 -0.246864
v -1.698390 0.050000 -0.217425
v -1.658924 0.050000 -0.217425
v -1.568031 0.050000 -0.217425
v -1.577599 0.050000 -0.045392
v -1.580589 0.050000 -0.045392
v -1.668491 0.050000 -0.045392
v -1.703174 0.050000 -0.045392
v -1.577001 0.050000 0.028205
v -1.581785 0.050000 0.105482
v -1.712144 0.050000 0.029125
v -2.066145 0.050000 -0.070231
v -2.109200 0.050000 -0.070231
v -2.106210 0.050000 -0.125428
v -2.063156 0.050000 -0.125428
v -1.962695 0.050000 -0.125428
v -1.975253 0.050000 0.102722
v -1.584177 0.050000 0.150560
v -1.587765 0.050000 0.220478
v -1.992594 0.050000 0.170800
v -2.125943 0.050000 0.220478
v -2.122355 0.050000 0.150560
v -2.077507 0.050000 0.134001
v -1.957314 0.050000 -0.232144
v -2.097240 0.050000 -0.261583
v -2.094250 0.050000 -0.331500
v -1.953128 0.050000 -0.302061
v -1.800644 0.050000 -0.100590
v -1.797056 0.050000 -0.162227
v -1.837718 0.050000 -0.162227
v -1.841306 0.050000 -0.100590
v -1.701380 0.050000 -0.162227
v -1.704968 0.050000 -0.100590
v -1.665501 0.050000 -0.100590
v -1.661914 0.050000 -0.162227
v -2.363339 0.050000 -0.199026
v -2.535557 0.050000 -0.199026
v -2.532567 0.050000 -0.253303
v -2.360350 0.050000 -0.253303
v -2.356164 0.050000 -0.320461
v -2.234177 0.050000 -0.320461
v -2.238363 0.050000 -0.253303
v -2.178565 0.050000 -0.253303
v -2.181555 0.050000 -0.199026
v -2.241352 0.050000 -0.199026
v -2.252714 0.050000 0.000606
v -2.192916 0.050000 0.000606
v -2.195906 0.050000 0.054884
v -2.256302 0.050000 0.054884
v -2.265869 0.050000 0.220478
v -2.554094 0.050000 0.220478
v -2.542134 0.050000 0.000606
v -2.374701 0.050000 0.000606
v -2.591766 0.050000 0.220478
v -2.723321 0.050000 0.220478
v -2.692226 0.050000 -0.320461
v -2.560672 0.050000 -0.320461
v -2.448252 0.050000 0.166200
v -2.384867 0.050000 0.166200
v -2.378289 0.050000 0.054884
v -2.441674 0.050000 0.054884
v 1.421849 -0.050000 0.220478
v 1.295676 -0.050000 0.220478
v 1.351886 -0.050000 -0.300222
v 1.478657 -0.050000 -0.300222
v 1.159338 -0.050000 0.018086
v 0.980543 -0.050000 0.018086
v 1.000276 -0.050000 -0.320461
v 1.127047 -0.050000 -0.320461
v 1.110304 -0.050000 -0.035272
v 1.162327 -0.050000 -0.035272
v 0.405888 -0.050000 -0.226624
v 0.364029 -0.050000 -0.226624
v 0.367019 -0.050000 -0.280902
v 0.411867 -0.050000 -0.280902
v 0.416053 -0.050000 -0.320461
v 0.547010 -0.050000 -0.320461
v 0.542824 -0.050000 -0.280902
v 0.828657 -0.050000 -0.280902
v 0.826265 -0.050000 -0.226624
v 0.536844 -0.050000 -0.226624
v 0.488408 -0.050000 0.220478
v 0.357452 -0.050000 0.220478
v 0.856762 -0.050000 0.220478
v 0.570331 -0.050000 0.191959
v 0.573321 -0.050000 0.137681
v 0.859154 -0.050000 0.166200
v 0.849586 -0.050000 -0.064711
v 0.596044 -0.050000 -0.064711
v 0.599034 -0.050000 -0.118069
v 0.852576 -0.050000 -0.118069
v -0.147838 -0.050000 0.166200
v -0.269825 -0.050000 0.166200
v -0.243514 -0.050000 -0.298382
v -0.121527 -0.050000 -0.298382
v 0.186431 -0.050000 0.220478
v 0.064443 -0.050000 0.220478
v 0.095538 -0.050000 -0.199026
v -0.062925 -0.050000 -0.199026
v -0.059936 -0.050000 -0.253303
v 0.099724 -0.050000 -0.253303
v 0.104508 -0.050000 -0.320461
v 0.226495 -0.050000 -0.320461
v 0.221711 -0.050000 -0.253303
v 0.270745 -0.050000 -0.253303
v 0.267755 -0.050000 -0.199026
v 0.217525 -0.050000 -0.199026
v -0.545492 -0.050000 -0.232144
v -0.584361 -0.050000 -0.232144
v -0.581371 -0.050000 -0.287342
v -0.538914 -0.050000 -0.287342
v -0.533533 -0.050000 -0.331500
v -0.442640 -0.050000 -0.331500
v -0.448022 -0.050000 -0.287342
v -0.428289 -0.050000 -0.287342
v -0.337397 -0.050000 -0.287342
v -0.369089 -0.050000 0.220478
v -0.459982 -0.050000 0.220478
v -0.431877 -0.050000 -0.232144
v -0.454600 -0.050000 -0.232144
v -0.510212 -0.050000 0.220478
v -0.601104 -0.050000 0.220478
v -0.786476 -0.050000 -0.194426
v -0.876771 -0.050000 -0.194426
v -0.873781 -0.050000 -0.249624
v -0.783487 -0.050000 -0.249624
v -0.782291 -0.050000 -0.268023
v -0.863616 -0.050000 -0.264343
v -0.860626 -0.050000 -0.319541
v -0.600506 -0.050000 -0.330580
v -0.604094 -0.050000 -0.275382
v -0.686615 -0.050000 -0.271703
v -0.687811 -0.050000 -0.249624
v -0.594526 -0.050000 -0.249624
v -0.598114 -0.050000 -0.194426
v -0.690800 -0.050000 -0.194426
v -0.692594 -0.050000 -0.168667
v -0.677645 -0.050000 -0.168667
v -0.639972 -0.050000 -0.168667
v -0.610672 -0.050000 -0.168667
v -0.622631 -0.050000 0.052124
v -0.644158 -0.050000 0.052124
v -0.689604 -0.050000 0.052124
v -0.704554 -0.050000 0.052124
v -0.705750 -0.050000 0.077883
v -0.623229 -0.050000 0.077883
v -0.626817 -0.050000 0.133081
v -0.708740 -0.050000 0.133081
v -0.710534 -0.050000 0.158840
v -0.618445 -0.050000 0.155160
v -0.622033 -0.050000 0.210358
v -0.900690 -0.050000 0.221398
v -0.897700 -0.050000 0.166200
v -0.806210 -0.050000 0.162520
v -0.804416 -0.050000 0.133081
v -0.886338 -0.050000 0.133081
v -0.883349 -0.050000 0.077883
v -0.801426 -0.050000 0.077883
v -0.800230 -0.050000 0.052124
v -0.813983 -0.050000 0.052124
v -0.825943 -0.050000 0.052124
v -0.880957 -0.050000 0.052124
v -0.868997 -0.050000 -0.168667
v -0.813983 -0.050000 -0.168667
v -0.802024 -0.050000 -0.168667
v -0.788270 -0.050000 -0.168667
v -0.686615 -0.050000 -0.003073
v -0.684821 -0.050000 -0.032512
v -0.699770 -0.050000 -0.032512
v -0.701564 -0.050000 -0.003073
v -0.681831 -0.050000 -0.087710
v -0.680635 -0.050000 -0.113469
v -0.695584 -0.050000 -0.113469
v -0.696780 -0.050000 -0.087710
v -0.791260 -0.050000 -0.113469
v -0.805014 -0.050000 -0.113469
v -0.806210 -0.050000 -0.087710
v -0.792456 -0.050000 -0.087710
v -0.810994 -0.050000 -0.003073
v -0.797240 -0.050000 -0.003073
v -0.795446 -0.050000 -0.032512
v -0.809200 -0.050000 -0.032512
v -1.305520 -0.050000 -0.074831
v -0.996366 -0.050000 0.220478
v -1.181739 -0.050000 0.220478
v -1.472355 -0.050000 -0.072071
v -1.115961 -0.050000 -0.320461
v -0.959292 -0.050000 -0.320461
v -1.716329 -0.050000 0.105482
v -1.812006 -0.050000 0.105482
v -1.807820 -0.050000 0.030965
v -1.941168 -0.050000 0.105482
v -1.937580 -0.050000 0.028205
v -1.805428 -0.050000 -0.045392
v -1.844296 -0.050000 -0.045392
v -1.929807 -0.050000 -0.045392
v -1.935189 -0.050000 -0.045392
v -1.925621 -0.050000 -0.217425
v -1.917249 -0.050000 -0.217425
v -1.834729 -0.050000 -0.217425
v -1.794066 -0.050000 -0.217425
v -1.792272 -0.050000 -0.246864
v -1.931003 -0.050000 -0.246864
v -1.928013 -0.050000 -0.302061
v -1.789282 -0.050000 -0.302061
v -1.787488 -0.050000 -0.331500
v -1.691812 -0.050000 -0.331500
v -1.693606 -0.050000 -0.302061
v -1.557268 -0.050000 -0.302061
v -1.560258 -0.050000 -0.246864
v -1.696596 -0.050000 -0.246864
v -1.698390 -0.050000 -0.217425
v -1.658924 -0.050000 -0.217425
v -1.568031 -0.050000 -0.217425
v -1.577599 -0.050000 -0.045392
v -1.580589 -0.050000 -0.045392
v -1.668491 -0.050000 -0.045392
v -1.703174 -0.050000 -0.045392
v -1.577001 -0.050000 0.028205
v -1.581785 -0.050000 0.105482
v -1.712144 -0.050000 0.029125
v -2.066145 -0.050000 -0.070231
v -2.109200 -0.050000 -0.070231
v -2.106210 -0.050000 -0.125428
v -2.063156 -0.050000 -0.125428
v -1.962695 -0.050000 -0.125428
v -1.975253 -0.050000 0.102722
v -1.584177 -0.050000 0.150560
v -1.587765 -0.050000 0.220478
v -1.992594 -0.050000 0.170800
v -2.125943 -0.050000 0.220478
v -2.122355 -0.050000 0.150560
v -2.077507 -0.050000 0.134001
v -1.957314 -0.050000 -0.232144
v -2.097240 -0.050000 -0.261583
v -2.094250 -0.050000 -0.331500
v -1.953128 -0.050000 -0.302061
v -1.800644 -0.050000 -0.100590
v -1.797056 -0.050000 -0.162227
v -1.837718 -0.050000 -0.162227
v -1.841306 -0.050000 -0.100590
v -1.701380 -0.050000 -0.162227
v -1.704968 -0.050000 -0.100590
v -1.665501 -0.050000 -0.100590
v -1.661914 -0.050000 -0.162227
v -2.363339 -0.050000 -0.199026
v -2.535557 -0.050000 -0.199026
v -2.532567 -0.050000 -0.253303
v -2.360350 -0.050000 -0.253303
v -2.356164 -0.050000 -0.320461
v -2.234177 -0.050000 -0.320461
v -2.238363 -0.050000 -0.253303
v -2.178565 -0.050000 -0.253303
v -2.181555 -0.050000 -0.199026
v -2.241352 -0.050000 -0.199026
v -2.252714 -0.050000 0.000606
v -2.192916 -0.050000 0.000606
v -2.195906 -0.050000 0.054884
v -2.256302 -0.050000 0.054884
v -2.265869 -0.050000 0.220478
v -2.554094 -0.050000 0.220478
v -2.542134 -0.050000 0.000606
v -2.374701 -0.050000 0.000606
v -2.591766 -0.050000 0.220478
v -2.723321 -0.050000 0.220478
v -2.692226 -0.050000 -0.320461
v -2.560672 -0.050000 -0.320461
v -2.448252 -0.050000 0.166200
v -2.384867 -0.050000 0.166200
v -2.378289 -0.050000 0.054884
v -2.441674 -0.050000 0.054884
v -2.363339 -0.050000 -0.199026
v -2.363339 0.050000 -0.199026
v -2.535557 -0.050000 -0.199026
v -2.535557 0.050000 -0.199026
v -2.532567 -0.050000 -0.253303
v -2.532567 0.050000 -0.253303
v -2.360350 -0.050000 -0.253303
v -2.360350 0.050000 -0.253303
v -2.356164 -0.050000 -0.320461
v -2.356164 0.050000 -0.320461
v -2.234177 -0.050000 -0.320461
v -2.234177 0.050000 -0.320461
v -2.238363 -0.050000 -0.253303
v -2.238363 0.050000 -0.253303
v -2.178565 -0.050000 -0.253303
v -2.178565 0.050000 -0.253303
v -2.181555 -0.050000 -0.199026
v -2.181555 0.050000 -0.199026
v -2.241352 -0.050000 -0.199026
v -2.241352 0.050000 -0.199026
v -2.252714 -0.050000 0.000606
v -2.252714 0.050000 0.000606
v -2.192916 -0.050000 0.000606
v -2.192916 0.050000 0.000606
v -2.195906 -0.050000 0.054884
v -2.195906 0.050000 0.054884
v -2.256302 -0.050000 0.054884
v -2.256302 0.050000 0.054884
v -2.265869 -0.050000 0.220478
v -2.265869 0.050000 0.220478
v -2.554094 -0.050000 0.220478
v -2.554094 0.050000 0.220478
v -2.542134 -0.050000 0.000606
v -2.542134 0.050000 0.000606
v -2.374701 -0.050000 0.000606
v -2.374701 0.050000 0.000606
v -2.591766 -0.050000 0.220478
v -2.591766 0.050000 0.220478
v -2.723321 -0.050000 0.220478
v -2.723321 0.050000 0.220478
v -2.692226 -0.050000 -0.320461
v -2.692226 0.050000 -0.320461
v -2.560672 -0.050000 -0.320461
v -2.560672 0.050000 -0.320461
v -2.448252 -0.050000 0.166200
v -2.448252 0.050000 0.166200
v -2.384867 -0.050000 0.166200
v -2.384867 0.050000 0.166200
v -2.378289 -0.050000 0.054884
v -2.378289 0.050000 0.054884
v -2.441674 -0.050000 0.054884
v -2.441674 0.050000 0.054884
v -1.716329 -0.050000 0.105482
v -1.716329 0.050000 0.105482
v -1.812006 -0.050000 0.105482
v -1.812006 0.050000 0.105482
v -1.807820 -0.050000 0.030965
v -1.807820 0.050000 0.030965
v -1.941168 -0.050000 0.105482
v -1.941168 0.050000 0.105482
v -1.937580 -0.050000 0.028205
v -1.937580 0.050000 0.028205
v -1.805428 -0.050000 -0.045392
v -1.805428 0.050000 -0.045392
v -1.844296 -0.050000 -0.045392
v -1.844296 0.050000 -0.045392
v -1.929807 -0.050000 -0.045392
v -1.929807 0.050000 -0.045392
v -1.935189 -0.050000 -0.045392
v -1.935189 0.050000 -0.045392
v -1.925621 -0.050000 -0.217425
v -1.925621 0.050000 -0.217425
v -1.917249 -0.050000 -0.217425
v -1.917249 0.050000 -0.217425
v -1.834729 -0.050000 -0.217425
v -1.834729 0.050000 -0.217425
v -1.794066 -0.050000 -0.217425
v -1.794066 0.050000 -0.217425
v -1.792272 -0.050000 -0.246864
v -1.792272 0.050000 -0.246864
v -1.931003 -0.050000 -0.246864
v -1.931003 0.050000 -0.246864
v -1.928013 -0.050000 -0.302061
v -1.928013 0.050000 -0.302061
v -1.789282 -0.050000 -0.302061
v -1.789282 0.050000 -0.302061
v -1.787488 -0.050000 -0.331500
v -1.787488 0.050000 -0.331500
v -1.691812 -0.050000 -0.331500
v -1.691812 0.050000 -0.331500
v -1.693606 -0.050000 -0.302061
v -1.693606 0.050000 -0.302061
v -1.557268 -0.050000 -0.302061
v -1.557268 0.050000 -0.302061
v -1.560258 -0.050000 -0.246864
v -1.560258 0.050000 -0.246864
v -1.696596 -0.050000 -0.246864
v -1.696596 0.050000 -0.246864
v -1.698390 -0.050000 -0.217425
v -1.698390 0.050000 -0.217425
v -1.658924 -0.050000 -0.217425
v -1.658924 0.050000 -0.217425
v -1.568031 -0.050000 -0.217425
v -1.568031 0.050000 -0.217425
v -1.577599 -0.050000 -0.045392
v -1.577599 0.050000 -0.045392
v -1.580589 -0.050000 -0.045392
v -1.580589 0.050000 -0.045392
v -1.668491 -0.050000 -0.045392
v -1.668491 0.050000 -0.045392
v -1.703174 -0.050000 -0.045392
v -1.703174 0.050000 -0.045392
v -1.577001 -0.050000 0.028205
v -1.577001 0.050000 0.028205
v -1.581785 -0.050000 0.105482
v -1.581785 0.050000 0.105482
v -1.712144 -0.050000 0.029125
v -1.712144 0.050000 0.029125
v -2.066145 -0.050000 -0.070231
v -2.066145 0.050000 -0.070231
v -2.109200 -0.050000 -0.070231
v -2.109200 0.050000 -0.070231
v -2.106210 -0.050000 -0.125428
v -2.106210 0.050000 -0.125428
v -2.063156 -0.050000 -0.125428
v -2.063156 0.050000 -0.125428
v -1.962695 -0.050000 -0.125428
v -1.962695 0.050000 -0.125428
v -1.975253 -0.050000 0.102722
v -1.975253 0.050000 0.102722
v -1.584177 -0.050000 0.150560
v -1.584177 0.050000 0.150560
v -1.587765 -0.050000 0.220478
v -1.587765 0.050000 0.220478
v -1.992594 -0.050000 0.170800
v -1.992594 0.050000 0.170800
v -2.125943 -0.050000 0.220478
v -2.125943 0.050000 0.220478
v -2.122355 -0.050000 0.150560
v -2.122355 0.050000 0.150560
v -2.077507 -0.050000 0.134001
v -2.077507 0.050000 0.134001
v -1.957314 -0.050000 -0.232144
v -1.957314 0.050000 -0.232144
v -2.097240 -0.050000 -0.261583
v -2.097240 0.050000 -0.261583
v -2.094250 -0.050000 -0.331500
v -2.094250 0.050000 -0.331500
v -1.953128 -0.050000 -0.302061
v -1.953128 0.050000 -0.302061
v -1.800644 -0.050000 -0.100590
v -1.800644 0.050000 -0.100590
v -1.797056 -0.050000 -0.162227
v -1.797056 0.050000 -0.162227
v -1.837718 -0.050000 -0.162227
v -1.837718 0.050000 -0.162227
v -1.841306 -0.050000 -0.100590
v -1.841306 0.050000 -0.100590
v -1.701380 -0.050000 -0.162227
v -1.701380 0.050000 -0.162227
v -1.704968 -0.050000 -0.100590
v -1.704968 0.050000 -0.100590
v -1.665501 -0.050000 -0.100590
v -1.665501 0.050000 -0.100590
v -1.661914 -0.050000 -0.162227
v -1.661914 0.050000 -0.162227
v -1.305520 -0.050000 -0.074831
v -1.305520 0.050000 -0.074831
v -0.996366 -0.050000 0.220478
v -0.996366 0.050000 0.220478
v -1.181739 -0.050000 0.220478
v -1.181739 0.050000 0.220478
v -1.472355 -0.050000 -0.072071
v -1.472355 0.050000 -0.072071
v -1.115961 -0.050000 -0.320461
v -1.115961 0.050000 -0.320461
v -0.959292 -0.050000 -0.320461
v -0.959292 0.050000 -0.320461
v -0.545492 -0.050000 -0.232144
v -0.545492 0.050000 -0.232144
v -0.584361 -0.050000 -0.232144
v -0.584361 0.050000 -0.232144
v -0.581371 -0.050000 -0.287342
v -0.581371 0.050000 -0.287342
v -0.538914 -0.050000 -0.287342
v -0.538914 0.050000 -0.287342
v -0.533533 -0.050000 -0.331500
v -0.533533 0.050000 -0.331500
v -0.442640 -0.050000 -0.331500
v -0.442640 0.050000 -0.331500
v -0.448022 -0.050000 -0.287342
v -0.448022 0.050000 -0.287342
v -0.428289 -0.050000 -0.287342
v -0.428289 0.050000 -0.287342
v -0.337397 -0.050000 -0.287342
v -0.337397 0.050000 -0.287342
v -0.369089 -0.050000 0.220478
v -0.369089 0.050000 0.220478
v -0.459982 -0.050000 0.220478
v -0.459982 0.050000 0.220478
v -0.431877 -0.050000 -0.232144
v -0.431877 0.050000 -0.232144
v -0.454600 -0.050000 -0.232144
v -0.454600 0.050000 -0.232144
v -0.510212 -0.050000 0.220478
v -0.510212 0.050000 0.220478
v -0.601104 -0.050000 0.220478
v -0.601104 0.050000 0.220478
v -0.786476 -0.050000 -0.194426
v -0.786476 0.050000 -0.194426
v -0.876771 -0.050000 -0.194426
v -0.876771 0.050000 -0.194426
v -0.873781 -0.050000 -0.249624
v -0.873781 0.050000 -0.249624
v -0.783487 -0.050000 -0.249624
v -0.783487 0.050000 -0.249624
v -0.782291 -0.050000 -0.268023
v -0.782291 0.050000 -0.268023
v -0.863616 -0.050000 -0.264343
v -0.863616 0.050000 -0.264343
v -0.860626 -0.050000 -0.319541
v -0.860626 0.050000 -0.319541
v -0.600506 -0.050000 -0.330580
v -0.600506 0.050000 -0.330580
v -0.604094 -0.050000 -0.275382
v -0.604094 0.050000 -0.275382
v -0.686615 -0.050000 -0.271703
v -0.686615 0.050000 -0.271703
v -0.687811 -0.050000 -0.249624
v -0.687811 0.050000 -0.249624
v -0.594526 -0.050000 -0.249624
v -0.594526 0.050000 -0.249624
v -0.598114 -0.050000 -0.194426
v -0.598114 0.050000 -0.194426
v -0.690800 -0.050000 -0.194426
v -0.690800 0.050000 -0.194426
v -0.692594 -0.050000 -0.168667
v -0.692594 0.050000 -0.168667
v -0.677645 -0.050000 -0.168667
v -0.677645 0.050000 -0.168667
v -0.639972 -0.050000 -0.168667
v -0.639972 0.050000 -0.168667
v -0.610672 -0.050000 -0.168667
v -0.610672 0.050000 -0.168667
v -0.622631 -0.050000 0.052124
v -0.622631 0.050000 0.052124
v -0.644158 -0.050000 0.052124
v -0.644158 0.050000 0.052124
v -0.689604 -0.050000 0.052124
v -0.689604 0.050000 0.052124
v -0.704554 -0.050000 0.052124
v -0.704554 0.050000 0.052124
v -0.705750 -0.050000 0.077883
v -0.705750 0.050000 0.077883
v -0.623229 -0.050000 0.077883
v -0.623229 0.050000 0.077883
v -0.626817 -0.050000 0.133081
v -0.626817 0.050000 0.133081
v -0.708740 -0.050000 0.133081
v -0.708740 0.050000 0.133081
v -0.710534 -0.050000 0.158840
v -0.710534 0.050000 0.158840
v -0.618445 -0.050000 0.155160
v -0.618445 0.050000 0.155160
v -0.622033 -0.050000 0.210358
v -0.622033 0.050000 0.210358
v -0.900690 -0.050000 0.221398
v -0.900690 0.050000 0.221398
v -0.897700 -0.050000 0.166200
v -0.897700 0.050000 0.166200
v -0.806210 -0.050000 0.162520
v -0.806210 0.050000 0.162520
v -0.804416 -0.050000 0.133081
v -0.804416 0.050000 0.133081
v -0.886338 -0.050000 0.133081
v -0.886338 0.050000 0.133081
v -0.883349 -0.050000 0.077883
v -0.883349 0.050000 0.077883
v -0.801426 -0.050000 0.077883
v -0.801426 0.050000 0.077883
v -0.800230 -0.050000 0.052124
v -0.800230 0.050000 0.052124
v -0.813983 -0.050000 0.052124
v -0.813983 0.050000 0.052124
v -0.825943 -0.050000 0.052124
v -0.825943 0.050000 0.052124
v -0.880957 -0.050000 0.052124
v -0.880957 0.050000 0.052124
v -0.868997 -0.050000 -0.168667
v -0.868997 0.050000 -0.168667
v -0.813983 -0.050000 -0.168667
v -0.813983 0.050000 -0.168667
v -0.802024 -0.050000 -0.168667
v -0.802024 0.050000 -0.168667
v -0.788270 -0.050000 -0.168667
v -0.788270 0.050000 -0.168667
v -0.686615 -0.050000 -0.003073
v -0.686615 0.050000 -0.003073
v -0.684821 -0.050000 -0.032512
v -0.684821 0.050000 -0.032512
v -0.699770 -0.050000 -0.032512
v -0.699770 0.050000 -0.032512
v -0.701564 -0.050000 -0.003073
v -0.701564 0.050000 -0.003073
v -0.681831 -0.050000 -0.087710
v -0.681831 0.050000 -0.087710
v -0.680635 -0.050000 -0.113469
v -0.680635 0.050000 -0.113469
v -0.695584 -0.050000 -0.113469
v -0.695584 0.050000 -0.113469
v -0.696780 -0.050000 -0.087710
v -0.696780 0.050000 -0.087710
v -0.791260 -0.050000 -0.113469
v -0.791260 0.050000 -0.113469
v -0.805014 -0.050000 -0.113469
v -0.805014 0.050000 -0.113469
v -0.806210 -0.050000 -0.087710
v -0.806210 0.050000 -0.087710
v -0.792456 -0.050000 -0.087710
v -0.792456 0.050000 -0.087710
v -0.810994 -0.050000 -0.003073
v -0.810994 0.050000 -0.003073
v -0.797240 -0.050000 -0.003073
v -0.797240 0.050000 -0.003073
v -0.795446 -0.050000 -0.032512
v -0.795446 0.050000 -0.032512
v -0.809200 -0.050000 -0.032512
v -0.809200 0.050000 -0.032512
v -0.147838 -0.050000 0.166200
v -0.147838 0.050000 0.166200
v -0.269825 -0.050000 0.166200
v -0.269825 0.050000 0.166200
v -0.243514 -0.050000 -0.298382
v -0.243514 0.050000 -0.298382
v -0.121527 -0.050000 -0.298382
v -0.121527 0.050000 -0.298382
v 0.186431 -0.050000 0.220478
v 0.186431 0.050000 0.220478
v 0.064443 -0.050000 0.220478
v 0.064443 0.050000 0.220478
v 0.095538 -0.050000 -0.199026
v 0.095538 0.050000 -0.199026
v -0.062925 -0.050000 -0.199026
v -0.062925 0.050000 -0.199026
v -0.059936 -0.050000 -0.253303
v -0.059936 0.050000 -0.253303
v 0.099724 -0.050000 -0.253303
v 0.099724 0.050000 -0.253303
v 0.104508 -0.050000 -0.320461
v 0.104508 0.050000 -0.320461
v 0.226495 -0.050000 -0.320461
v 0.226495 0.050000 -0.320461
v 0.221711 -0.050000 -0.253303
v 0.221711 0.050000 -0.253303
v 0.270745 -0.050000 -0.253303
v 0.270745 0.050000 -0.253303
v 0.267755 -0.050000 -0.199026
v 0.267755 0.050000 -0.199026
v 0.217525 -0.050000 -0.199026
v 0.217525 0.050000 -0.199026
v 0.405888 -0.050000 -0.226624
v 0.405888 0.050000 -0.226624
v 0.364029 -0.050000 -0.226624
v 0.364029 0.050000 -0.226624
v 0.367019 -0.050000 -0.280902
v 0.367019 0.050000 -0.280902
v 0.411867 -0.050000 -0.280902
v 0.411867 0.050000 -0.280902
v 0.416053 -0.050000 -0.320461
v 0.416053 0.050000 -0.320461
v 0.547010 -0.050000 -0.320461
v 0.547010 0.050000 -0.320461
v 0.542824 -0.050000 -0.280902
v 0.542824 0.050000 -0.280902
v 0.828657 -0.050000 -0.280902
v 0.828657 0.050000 -0.280902
v 0.826265 -0.050000 -0.226624
v 0.826265 0.050000 -0.226624
v 0.536844 -0.050000 -0.226624
v 0.536844 0.050000 -0.226624
v 0.488408 -0.050000 0.220478
v 0.488408 0.050000 0.220478
v 0.357452 -0.050000 0.220478
v 0.357452 0.050000 0.220478
v 0.856762 -0.050000 0.220478
v 0.856762 0.050000 0.220478
v 0.570331 -0.050000 0.191959
v 0.570331 0.050000 0.191959
v 0.573321 -0.050000 0.137681
v 0.573321 0.050000 0.137681
v 0.859154 -0.050000 0.166200
v 0.859154 0.050000 0.166200
v 0.849586 -0.050000 -0.064711
v 0.849586 0.050000 -0.064711
v 0.596044 -0.050000 -0.064711
v 0.596044 0.050000 -0.064711
v 0.599034 -0.050000 -0.118069
v 0.599034 0.050000 -0.118069
v 0.852576 -0.050000 -0.118069
v 0.852576 0.050000 -0.118069
v 1.421849 -0.050000 0.220478
v 1.421849 0.050000 0.220478
v 1.295676 -0.050000 0.220478
v 1.295676 0.050000 0.220478
v 1.351886 -0.050000 -0.300222
v 1.351886 0.050000 -0.300222
v 1.478657 -0.050000 -0.300222
v 1.478657 0.050000 -0.300222
v 1.159338 -0.050000 0.018086
v 1.159338 0.050000 0.018086
v 0.980543 -0.050000 0.018086
v 0.980543 0.050000 0.018086
v 1.000276 -0.050000 -0.320461
v 1.000276 0.050000 -0.320461
v 1.127047 -0.050000 -0.320461
v 1.127047 0.050000 -0.320461
v 1.110304 -0.050000 -0.035272
v 1.110304 0.050000 -0.035272
v 1.162327 -0.050000 -0.035272
v 1.162327 0.050000 -0.035272
vn -0.0000 1.0000 -0.0000
vn -0.0000 -1.0000 -0.0000
vn -0.8585 -0.0000 0.5127
vn -0.8592 -0.0000 0.5117
vn -0.8164 -0.0000 -0.5775
vn -0.8585 -0.0000 0.5128
vn -0.8134 -0.0000 -0.5818
vn -0.8133 -0.0000 -0.5818
vn 0.8610 -0.0000 -0.5086
vn 0.8585 -0.0000 -0.5128
vn 0.8164 -0.0000 0.5775
vn 0.8156 -0.0000 0.5786
vn 0.8592 -0.0000 -0.5117
vn 0.8152 -0.0000 0.5791
vn 0.8153 -0.0000 0.5791
vn -0.8583 -0.0000 0.5131
vn -0.8167 -0.0000 -0.5771
vn -0.8583 -0.0000 0.5132
vn -0.8156 -0.0000 -0.5786
vn -0.8594 -0.0000 0.5114
vn 0.8154 -0.0000 0.5789
vn -0.8154 -0.0000 -0.5789
vn 0.8594 -0.0000 -0.5114
vn -0.8147 -0.0000 -0.5799
vn 0.8599 -0.0000 -0.5105
vn 0.8599 -0.0000 -0.5104
vn -0.8599 -0.0000 0.5104
vn 0.8147 -0.0000 0.5799
vn -0.8599 -0.0000 0.5105
vn -0.8589 -0.0000 0.5121
vn 0.8165 -0.0000 0.5774
vn 0.8165 -0.0000 0.5773
vn -0.7629 -0.0000 0.6465
vn -0.7580 -0.0000 0.6523
vn -0.8975 -0.0000 -0.4411
vn -0.9936 -0.0000 0.1134
vn -0.0000 -0.0000 1.0000
vn -0.9936 -0.0000 0.1133
vn -0.8587 -0.0000 0.5125
vn -0.8162 -0.0000 -0.5778
vn -0.0000 -0.0000 -1.0000
vn -0.8139 -0.0000 -0.5810
vn -0.8605 -0.0000 0.5094
vn -0.8582 -0.0000 0.5133
vn -0.8606 -0.0000 0.5094
vn -0.8168 -0.0000 -0.5770
vn 0.8605 -0.0000 -0.5094
vn 0.8582 -0.0000 -0.5133
vn 0.8606 -0.0000 -0.5094
vn 0.8168 -0.0000 0.5770
vn 0.8139 -0.0000 0.5810
vn 0.8587 -0.0000 -0.5125
vn 0.8162 -0.0000 0.5778
vn 0.9930 -0.0000 0.1182
vn 0.9270 -0.0000 -0.3750
vn 0.9930 -0.0000 0.1183
vn 0.6911 -0.0000 0.7228
vn 0.6954 -0.0000 0.7186
vn -0.8587 -0.0000 0.5124
vn 0.8757 -0.0000 -0.4829
vn 0.8745 -0.0000 -0.4850
vn 0.8757 -0.0000 -0.4828
vn 0.7954 -0.0000 0.6061
vn 0.1209 -0.0000 0.9927
vn -0.7953 -0.0000 0.6063
vn -0.8742 -0.0000 -0.4855
vn -0.8729 -0.0000 -0.4880
vn -0.8834 -0.0000 0.4687
vn 0.7741 -0.0000 0.6331
vn -0.7826 -0.0000 -0.6225
vn 0.8882 -0.0000 -0.4594
vn -0.7827 -0.0000 -0.6225
vn -0.8596 -0.0000 0.5109
vn -0.8151 -0.0000 -0.5794
vn 0.8151 -0.0000 0.5794
vn 0.8596 -0.0000 -0.5109
vn 0.9832 -0.0000 0.1823
vn 0.9992 -0.0000 0.0402
vn -0.4169 -0.0000 0.9090
vn 0.9833 -0.0000 0.1822
vn -0.9987 -0.0000 -0.0501
vn -0.3153 -0.0000 -0.9490
vn 0.9900 -0.0000 -0.1411
vn 0.9900 -0.0000 -0.1412
vn -0.8804 -0.0000 0.4742
vn -0.7873 -0.0000 -0.6166
vn 0.8801 -0.0000 -0.4748
vn 0.8610 -0.0000 -0.5085
vn 0.8133 -0.0000 0.5818
vn -0.8609 -0.0000 0.5087
vn 0.7868 -0.0000 0.6172
vn -0.8610 -0.0000 0.5087
vn -0.8635 -0.0000 0.5044
vn -0.8122 -0.0000 -0.5834
vn -0.8553 -0.0000 0.5182
vn -0.8514 -0.0000 0.5245
vn -0.8242 -0.0000 -0.5663
vn 0.8557 -0.0000 -0.5175
vn 0.8201 -0.0000 0.5722
vn 0.8245 -0.0000 0.5658
vn 0.8619 -0.0000 -0.5070
vn 0.8122 -0.0000 0.5834
vn 0.8102 -0.0000 0.5861
vn 0.8635 -0.0000 -0.5044
vn 0.8635 -0.0000 -0.5043
vn 0.8200 -0.0000 0.5724
vn 0.8555 -0.0000 -0.5178
vn 0.8577 -0.0000 -0.5142
vn 0.8561 -0.0000 -0.5169
vn 0.8193 -0.0000 0.5734
vn -0.8523 -0.0000 0.5231
vn -0.8238 -0.0000 -0.5669
vn -0.8210 -0.0000 -0.5709
vn -0.8200 -0.0000 -0.5724
vn -0.8167 -0.0000 -0.5770
vn -0.8555 -0.0000 0.5178
vn -0.8102 -0.0000 -0.5861
vn -0.8591 -0.0000 0.5118
vn 0.8157 -0.0000 0.5784
vn -0.8157 -0.0000 -0.5784
vn -0.8591 -0.0000 0.5119
vn 0.8591 -0.0000 -0.5118
vn 0.8591 -0.0000 -0.5119
vn -0.8650 -0.0000 0.5018
vn 0.8083 -0.0000 0.5887
vn -0.8096 -0.0000 -0.5870
vn 0.8640 -0.0000 -0.5034
vn 0.8640 -0.0000 -0.5035
vn -0.8760 -0.0000 0.4823
vn -0.8760 -0.0000 0.4824
vn -0.7945 -0.0000 -0.6073
vn 0.8752 -0.0000 -0.4838
vn 0.8547 -0.0000 -0.5191
vn 0.8752 -0.0000 -0.4837
vn 0.8209 -0.0000 0.5710
vn 0.8547 -0.0000 -0.5192
vn 0.7934 -0.0000 0.6087
vn 0.8210 -0.0000 0.5710
vn 0.7934 -0.0000 0.6088
vn -0.8727 -0.0000 0.4883
vn 0.8030 -0.0000 0.5960
vn -0.7980 -0.0000 -0.6026
vn -0.8726 -0.0000 0.4884
vn 0.8691 -0.0000 -0.4946
vn -0.7981 -0.0000 -0.6026
vn -0.8589 -0.0000 0.5122
vn 0.8160 -0.0000 0.5781
vn -0.8160 -0.0000 -0.5781
vn 0.8589 -0.0000 -0.5122
vn -0.8759 -0.0000 0.4825
vn 0.7930 -0.0000 0.6092
vn -0.7935 -0.0000 -0.6085
vn -0.8759 -0.0000 0.4826
vn 0.8762 -0.0000 -0.4819
vn -0.8597 -0.0000 0.5109
vn -0.8150 -0.0000 -0.5794
vn 0.8598 -0.0000 -0.5106
vn 0.8598 -0.0000 -0.5107
vn 0.8588 -0.0000 -0.5122
vt 0.444444 0.000000
vt 0.888889 0.000000
vt 0.555556 0.000000
vt 0.666667 0.000000
vt 0.777778 0.000000
vt 0.222222 0.000000
vt 0.000000 0.000000
vt 0.333333 0.000000
vt 0.111111 0.000000
vt 1.000000 0.000000
vt 0.105263 0.000000
vt 0.157895 0.000000
vt 0.052632 0.000000
vt 0.315789 0.000000
vt 0.263158 0.000000
vt 0.210526 0.000000
vt 0.578947 0.000000
vt 0.526316 0.000000
vt 0.473684 0.000000
vt 0.736842 0.000000
vt 0.684211 0.000000
vt 0.631579 0.000000
vt 0.789474 0.000000
vt 0.947368 0.000000
vt 0.894737 0.000000
vt 0.842105 0.000000
vt 0.421053 0.000000
vt 0.368421 0.000000
vt 0.133333 0.000000
vt 0.066667 0.000000
vt 0.533333 0.000000
vt 0.466667 0.000000
vt 0.400000 0.000000
vt 0.200000 0.000000
vt 0.933333 0.000000
vt 0.866667 0.000000
vt 0.800000 0.000000
vt 0.600000 0.000000
vt 0.733333 0.000000
vt 0.266667 0.000000
vt 0.229730 0.000000
vt 0.216216 0.000000
vt 0.202703 0.000000
vt 0.716216 0.000000
vt 0.702703 0.000000
vt 0.959459 0.000000
vt 0.608108 0.000000
vt 0.594595 0.000000
vt 0.621622 0.000000
vt 0.662162 0.000000
vt 0.648649 0.000000
vt 0.635135 0.000000
vt 0.729730 0.000000
vt 0.743243 0.000000
vt 0.932432 0.000000
vt 0.918919 0.000000
vt 0.756757 0.000000
vt 0.905405 0.000000
vt 0.783784 0.000000
vt 0.770270 0.000000
vt 0.554054 0.000000
vt 0.540541 0.000000
vt 0.675676 0.000000
vt 0.500000 0.000000
vt 0.689189 0.000000
vt 0.486486 0.000000
vt 0.972973 0.000000
vt 0.837838 0.000000
vt 0.986486 0.000000
vt 0.824324 0.000000
vt 0.945946 0.000000
vt 0.891892 0.000000
vt 0.283784 0.000000
vt 0.270270 0.000000
vt 0.256757 0.000000
vt 0.405405 0.000000
vt 0.864865 0.000000
vt 0.418919 0.000000
vt 0.797297 0.000000
vt 0.472973 0.000000
vt 0.459459 0.000000
vt 0.810811 0.000000
vt 0.445946 0.000000
vt 0.851351 0.000000
vt 0.432432 0.000000
vt 0.391892 0.000000
vt 0.878378 0.000000
vt 0.027027 0.000000
vt 0.040541 0.000000
vt 0.013514 0.000000
vt 0.121622 0.000000
vt 0.108108 0.000000
vt 0.148649 0.000000
vt 0.094595 0.000000
vt 0.135135 0.000000
vt 0.081081 0.000000
vt 0.162162 0.000000
vt 0.054054 0.000000
vt 0.067568 0.000000
vt 0.175676 0.000000
vt 0.364865 0.000000
vt 0.351351 0.000000
vt 0.337838 0.000000
vt 0.310811 0.000000
vt 0.297297 0.000000
vt 0.324324 0.000000
vt 0.581081 0.000000
vt 0.567568 0.000000
vt 0.527027 0.000000
vt 0.513514 0.000000
vt 0.378378 0.000000
vt 0.243243 0.000000
vt 0.189189 0.000000
vt 0.767857 0.000000
vt 0.750000 0.000000
vt 0.785714 0.000000
vt 0.642857 0.000000
vt 0.589286 0.000000
vt 0.660714 0.000000
vt 0.732143 0.000000
vt 0.678571 0.000000
vt 0.625000 0.000000
vt 0.607143 0.000000
vt 0.803571 0.000000
vt 0.857143 0.000000
vt 0.821429 0.000000
vt 0.839286 0.000000
vt 0.178571 0.000000
vt 0.928571 0.000000
vt 0.910714 0.000000
vt 0.196429 0.000000
vt 0.071429 0.000000
vt 0.053571 0.000000
vt 0.035714 0.000000
vt 0.089286 0.000000
vt 0.107143 0.000000
vt 0.125000 0.000000
vt 0.714286 0.000000
vt 0.160714 0.000000
vt 0.571429 0.000000
vt 0.517857 0.000000
vt 0.875000 0.000000
vt 0.964286 0.000000
vt 0.892857 0.000000
vt 0.946429 0.000000
vt 0.214286 0.000000
vt 0.410714 0.000000
vt 0.232143 0.000000
vt 0.392857 0.000000
vt 0.285714 0.000000
vt 0.482143 0.000000
vt 0.464286 0.000000
vt 0.446429 0.000000
vt 0.982143 0.000000
vt 0.428571 0.000000
vt 0.375000 0.000000
vt 0.357143 0.000000
vt 0.339286 0.000000
vt 0.553571 0.000000
vt 0.535714 0.000000
vt 0.303571 0.000000
vt 0.321429 0.000000
vt 0.017857 0.000000
vt 0.267857 0.000000
vt 0.142857 0.000000
vt 0.250000 0.000000
vt 0.696429 0.000000
vt 0.960000 0.000000
vt 0.680000 0.000000
vt 0.920000 0.000000
vt 0.880000 0.000000
vt 0.640000 0.000000
vt 0.760000 0.000000
vt 0.720000 0.000000
vt 0.240000 0.000000
vt 0.360000 0.000000
vt 0.320000 0.000000
vt 0.280000 0.000000
vt 0.520000 0.000000
vt 0.480000 0.000000
vt 0.440000 0.000000
vt 0.120000 0.000000
vt 0.160000 0.000000
vt 0.560000 0.000000
vt 0.080000 0.000000
vt 0.040000 0.000000
vt 0.840000 0.000000
vt 0.055556 1.000000
vt 0.000000 1.000000
vt 0.111111 1.000000
vt 0.055556 0.000000
vt 0.166667 1.000000
vt 0.222222 1.000000
vt 0.166667 0.000000
vt 0.277778 1.000000
vt 0.333333 1.000000
vt 0.277778 0.000000
vt 0.388889 1.000000
vt 0.444444 1.000000
vt 0.388889 0.000000
vt 0.500000 1.000000
vt 0.555556 1.000000
vt 0.611111 1.000000
vt 0.666667 1.000000
vt 0.611111 0.000000
vt 0.722222 1.000000
vt 0.777778 1.000000
vt 0.722222 0.000000
vt 0.833333 1.000000
vt 0.888889 1.000000
vt 0.833333 0.000000
vt 0.944444 1.000000
vt 1.000000 1.000000
vt 0.944444 0.000000
vt 0.250000 1.000000
vt 0.750000 1.000000
vt 0.030303 1.000000
vt 0.060606 1.000000
vt 0.030303 0.000000
vt 0.090909 1.000000
vt 0.060606 0.000000
vt 0.121212 1.000000
vt 0.090909 0.000000
vt 0.151515 1.000000
vt 0.121212 0.000000
vt 0.181818 1.000000
vt 0.151515 0.000000
vt 0.212121 1.000000
vt 0.181818 0.000000
vt 0.242424 1.000000
vt 0.212121 0.000000
vt 0.272727 1.000000
vt 0.242424 0.000000
vt 0.303030 1.000000
vt 0.272727 0.000000
vt 0.303030 0.000000
vt 0.363636 1.000000
vt 0.393939 1.000000
vt 0.363636 0.000000
vt 0.424242 1.000000
vt 0.393939 0.000000
vt 0.454545 1.000000
vt 0.424242 0.000000
vt 0.484848 1.000000
vt 0.454545 0.000000
vt 0.515152 1.000000
vt 0.484848 0.000000
vt 0.545455 1.000000
vt 0.515152 0.000000
vt 0.575758 1.000000
vt 0.545455 0.000000
vt 0.606061 1.000000
vt 0.575758 0.000000
vt 0.636364 1.000000
vt 0.606061 0.000000
vt 0.636364 0.000000
vt 0.696970 1.000000
vt 0.727273 1.000000
vt 0.696970 0.000000
vt 0.757576 1.000000
vt 0.727273 0.000000
vt 0.787879 1.000000
vt 0.757576 0.000000
vt 0.818182 1.000000
vt 0.787879 0.000000
vt 0.848485 1.000000
vt 0.818182 0.000000
vt 0.878788 1.000000
vt 0.848485 0.000000
vt 0.909091 1.000000
vt 0.878788 0.000000
vt 0.939394 1.000000
vt 0.909091 0.000000
vt 0.969697 1.000000
vt 0.939394 0.000000
vt 0.969697 0.000000
vt 0.083333 1.000000
vt 0.083333 0.000000
vt 0.416667 1.000000
vt 0.416667 0.000000
vt 0.583333 1.000000
vt 0.583333 0.000000
vt 0.916667 1.000000
vt 0.916667 0.000000
vt 0.066667 1.000000
vt 0.133333 1.000000
vt 0.200000 1.000000
vt 0.266667 1.000000
vt 0.400000 1.000000
vt 0.466667 1.000000
vt 0.533333 1.000000
vt 0.600000 1.000000
vt 0.733333 1.000000
vt 0.800000 1.000000
vt 0.866667 1.000000
vt 0.933333 1.000000
vt 0.022727 1.000000
vt 0.045455 1.000000
vt 0.022727 0.000000
vt 0.068182 1.000000
vt 0.045455 0.000000
vt 0.068182 0.000000
vt 0.113636 1.000000
vt 0.136364 1.000000
vt 0.113636 0.000000
vt 0.159091 1.000000
vt 0.136364 0.000000
vt 0.159091 0.000000
vt 0.204545 1.000000
vt 0.227273 1.000000
vt 0.204545 0.000000
vt 0.227273 0.000000
vt 0.295455 1.000000
vt 0.318182 1.000000
vt 0.295455 0.000000
vt 0.340909 1.000000
vt 0.318182 0.000000
vt 0.340909 0.000000
vt 0.386364 1.000000
vt 0.409091 1.000000
vt 0.386364 0.000000
vt 0.431818 1.000000
vt 0.409091 0.000000
vt 0.431818 0.000000
vt 0.477273 1.000000
vt 0.477273 0.000000
vt 0.522727 1.000000
vt 0.522727 0.000000
vt 0.568182 1.000000
vt 0.590909 1.000000
vt 0.568182 0.000000
vt 0.613636 1.000000
vt 0.590909 0.000000
vt 0.613636 0.000000
vt 0.659091 1.000000
vt 0.681818 1.000000
vt 0.659091 0.000000
vt 0.704545 1.000000
vt 0.681818 0.000000
vt 0.704545 0.000000
vt 0.772727 1.000000
vt 0.795455 1.000000
vt 0.772727 0.000000
vt 0.795455 0.000000
vt 0.840909 1.000000
vt 0.863636 1.000000
vt 0.840909 0.000000
vt 0.886364 1.000000
vt 0.863636 0.000000
vt 0.886364 0.000000
vt 0.931818 1.000000
vt 0.954545 1.000000
vt 0.931818 0.000000
vt 0.977273 1.000000
vt 0.954545 0.000000
vt 0.977273 0.000000
s 0
usemtl Material.008
f 601/291/130 605/292/130 602/293/130
f 603/294/130 602/293/130 605/292/130
f 605/292/130 604/295/130 603/294/130
f 599/296/130 597/297/130 600/298/130
f 597/297/130 599/296/130 598/299/130
f 605/292/130 601/291/130 606/300/130
f 609/301/130 607/297/130 610/302/130
f 607/297/130 609/301/130 608/303/130
f 613/304/130 612/305/130 611/306/130
f 607/297/130 618/307/130 617/308/130
f 610/302/130 607/297/130 616/309/130
f 616/309/130 613/304/130 610/302/130
f 613/304/130 611/306/130 610/302/130
f 621/310/130 620/311/130 619/312/130
f 619/312/130 622/313/130 621/310/130
f 625/314/130 624/315/130 623/316/130
f 623/316/130 626/300/130 625/314/130
f 615/317/130 614/318/130 613/304/130
f 607/297/130 617/308/130 616/309/130
f 613/304/130 616/309/130 615/317/130
f 629/319/130 628/320/130 627/297/130
f 635/321/130 634/322/130 633/323/130
f 629/319/130 627/297/130 630/324/130
f 641/325/130 640/326/130 639/327/130
f 641/325/130 639/327/130 642/300/130
f 636/328/130 642/300/130 639/327/130
f 637/294/130 636/328/130 639/327/130
f 639/327/130 638/329/130 637/294/130
f 633/323/130 632/298/130 631/330/130
f 631/330/130 642/300/130 633/323/130
f 642/300/130 636/328/130 633/323/130
f 635/321/130 633/323/130 636/328/130
f 660/331/130 659/332/130 658/333/130
f 696/334/130 695/335/130 714/336/130
f 688/337/130 687/338/130 689/339/130
f 692/340/130 691/341/130 690/342/130
f 696/334/130 714/336/130 697/343/130
f 714/336/130 717/300/130 697/343/130
f 698/344/130 697/343/130 717/300/130
f 717/300/130 712/345/130 698/344/130
f 712/345/130 711/346/130 698/344/130
f 711/346/130 699/347/130 698/344/130
f 710/348/130 701/349/130 700/350/130
f 684/351/130 683/352/130 690/342/130
f 693/353/130 690/342/130 683/352/130
f 683/352/130 680/354/130 693/353/130
f 694/355/130 693/353/130 680/354/130
f 680/354/130 679/356/130 694/355/130
f 715/357/130 694/355/130 679/356/130
f 679/356/130 705/358/130 715/357/130
f 716/359/130 715/357/130 705/358/130
f 705/358/130 704/360/130 716/359/130
f 713/361/130 716/359/130 704/360/130
f 704/360/130 709/362/130 713/361/130
f 710/348/130 713/361/130 709/362/130
f 684/351/130 690/342/130 689/339/130
f 714/336/130 695/335/130 694/355/130
f 694/355/130 715/357/130 714/336/130
f 712/345/130 717/300/130 716/359/130
f 716/359/130 713/361/130 712/345/130
f 710/348/130 700/350/130 711/346/130
f 699/347/130 711/346/130 700/350/130
f 664/363/130 663/364/130 662/365/130
f 673/366/130 707/367/130 674/368/130
f 702/369/130 678/370/130 677/371/130
f 703/372/130 702/369/130 677/371/130
f 677/371/130 676/373/130 703/372/130
f 706/374/130 703/372/130 676/373/130
f 676/373/130 675/375/130 706/374/130
f 675/375/130 674/368/130 706/374/130
f 674/368/130 707/367/130 706/374/130
f 672/376/130 708/377/130 707/367/130
f 707/367/130 673/366/130 672/376/130
f 645/378/130 643/297/130 646/379/130
f 643/297/130 645/378/130 644/380/130
f 652/381/130 651/382/130 654/383/130
f 651/382/130 650/384/130 654/383/130
f 652/381/130 654/383/130 653/385/130
f 649/386/130 655/387/130 654/383/130
f 654/383/130 650/384/130 649/386/130
f 647/388/130 649/386/130 648/389/130
f 646/379/130 643/297/130 655/387/130
f 655/387/130 649/386/130 646/379/130
f 649/386/130 647/388/130 646/379/130
f 655/387/130 643/297/130 656/390/130
f 670/391/130 669/392/130 668/393/130
f 666/394/130 665/395/130 667/396/130
f 689/339/130 687/338/130 686/397/130
f 684/351/130 689/339/130 686/397/130
f 686/397/130 685/398/130 684/351/130
f 680/354/130 683/352/130 682/399/130
f 682/399/130 681/400/130 680/354/130
f 705/358/130 679/356/130 678/370/130
f 678/370/130 702/369/130 705/358/130
f 709/362/130 704/360/130 703/372/130
f 703/372/130 706/374/130 709/362/130
f 710/348/130 709/362/130 708/377/130
f 701/349/130 710/348/130 708/377/130
f 708/377/130 672/376/130 701/349/130
f 658/333/130 701/349/130 672/376/130
f 672/376/130 671/401/130 658/333/130
f 661/402/130 658/333/130 671/401/130
f 671/401/130 668/393/130 661/402/130
f 662/365/130 661/402/130 668/393/130
f 668/393/130 667/396/130 662/365/130
f 664/363/130 662/365/130 667/396/130
f 667/396/130 665/395/130 664/363/130
f 657/403/130 656/390/130 643/297/130
f 658/333/130 661/402/130 660/331/130
f 668/393/130 671/401/130 670/391/130
f 690/342/130 693/353/130 692/340/130
f 718/297/130 721/328/130 720/323/130
f 723/300/130 722/327/130 718/297/130
f 718/297/130 720/323/130 719/324/130
f 721/328/130 718/297/130 722/327/130
f 767/404/130 766/405/130 768/406/130
f 760/407/130 757/408/130 761/409/130
f 768/406/130 766/405/130 765/410/130
f 765/410/130 762/411/130 768/406/130
f 762/411/130 757/408/130 768/406/130
f 759/412/130 758/413/130 757/408/130
f 757/408/130 760/407/130 759/412/130
f 769/414/130 772/415/130 770/416/130
f 771/417/130 770/416/130 772/415/130
f 734/418/130 776/419/130 775/420/130
f 775/420/130 735/421/130 734/418/130
f 728/422/130 727/423/130 726/424/130
f 728/422/130 726/424/130 729/425/130
f 730/426/130 776/419/130 731/427/130
f 776/419/130 734/418/130 731/427/130
f 762/411/130 765/410/130 764/428/130
f 757/408/130 762/411/130 761/409/130
f 731/427/130 734/418/130 733/429/130
f 756/430/130 753/431/130 729/425/130
f 773/432/130 729/425/130 753/431/130
f 753/431/130 778/433/130 773/432/130
f 774/434/130 773/432/130 778/433/130
f 778/433/130 777/435/130 774/434/130
f 736/436/130 774/434/130 777/435/130
f 777/435/130 747/437/130 736/436/130
f 737/438/130 736/436/130 747/437/130
f 747/437/130 746/439/130 737/438/130
f 740/440/130 737/438/130 746/439/130
f 751/441/130 750/442/130 749/443/130
f 779/444/130 752/354/130 751/441/130
f 780/300/130 779/444/130 751/441/130
f 751/441/130 749/443/130 780/300/130
f 748/445/130 780/300/130 749/443/130
f 745/446/130 744/447/130 743/448/130
f 755/449/130 754/450/130 756/430/130
f 753/431/130 756/430/130 754/450/130
f 778/433/130 753/431/130 752/354/130
f 752/354/130 779/444/130 778/433/130
f 747/437/130 777/435/130 780/300/130
f 780/300/130 748/445/130 747/437/130
f 740/440/130 746/439/130 743/448/130
f 741/451/130 740/440/130 743/448/130
f 743/448/130 742/452/130 741/451/130
f 726/424/130 725/453/130 724/297/130
f 724/297/130 756/430/130 726/424/130
f 756/430/130 729/425/130 726/424/130
f 776/419/130 730/426/130 729/425/130
f 729/425/130 773/432/130 776/419/130
f 735/421/130 775/420/130 774/434/130
f 774/434/130 736/436/130 735/421/130
f 737/438/130 740/440/130 739/454/130
f 732/455/130 731/427/130 733/429/130
f 739/454/130 738/456/130 737/438/130
f 743/448/130 746/439/130 745/446/130
f 764/428/130 763/457/130 762/411/130
f 805/458/130 798/459/130 806/300/130
f 804/460/130 803/461/130 796/328/130
f 797/462/130 796/328/130 803/461/130
f 803/461/130 806/300/130 797/462/130
f 806/300/130 798/459/130 797/462/130
f 801/327/130 800/463/130 799/464/130
f 787/465/130 790/466/130 789/467/130
f 789/467/130 788/468/130 787/465/130
f 791/323/130 794/469/130 793/470/130
f 793/470/130 792/471/130 791/323/130
f 781/297/130 791/323/130 790/466/130
f 784/472/130 781/297/130 790/466/130
f 790/466/130 787/465/130 784/472/130
f 785/473/130 784/472/130 787/465/130
f 787/465/130 786/324/130 785/473/130
f 804/460/130 796/328/130 795/474/130
f 795/474/130 794/469/130 804/460/130
f 805/458/130 804/460/130 794/469/130
f 798/459/130 805/458/130 794/469/130
f 794/469/130 791/323/130 798/459/130
f 791/323/130 781/297/130 798/459/130
f 783/475/130 782/476/130 781/297/130
f 781/297/130 784/472/130 783/475/130
f 802/477/130 801/327/130 799/464/130
f 811/291/131 812/293/131 815/292/131
f 813/294/131 815/292/131 812/293/131
f 815/292/131 813/294/131 814/295/131
f 809/296/131 810/298/131 807/297/131
f 807/297/131 808/299/131 809/296/131
f 815/292/131 816/300/131 811/291/131
f 819/301/131 820/302/131 817/297/131
f 817/297/131 818/303/131 819/301/131
f 823/304/131 821/306/131 822/305/131
f 817/297/131 827/308/131 828/307/131
f 820/302/131 826/309/131 817/297/131
f 826/309/131 820/302/131 823/304/131
f 823/304/131 820/302/131 821/306/131
f 831/310/131 829/312/131 830/311/131
f 829/312/131 831/310/131 832/313/131
f 835/314/131 833/316/131 834/315/131
f 833/316/131 835/314/131 836/300/131
f 825/317/131 823/304/131 824/318/131
f 817/297/131 826/309/131 827/308/131
f 823/304/131 825/317/131 826/309/131
f 839/319/131 837/297/131 838/320/131
f 845/321/131 843/323/131 844/322/131
f 839/319/131 840/324/131 837/297/131
f 851/325/131 849/327/131 850/326/131
f 851/325/131 852/300/131 849/327/131
f 846/328/131 849/327/131 852/300/131
f 847/294/131 849/327/131 846/328/131
f 849/327/131 847/294/131 848/329/131
f 843/323/131 841/330/131 842/298/131
f 841/330/131 843/323/131 852/300/131
f 852/300/131 843/323/131 846/328/131
f 845/321/131 846/328/131 843/323/131
f 870/331/131 868/333/131 869/332/131
f 906/334/131 924/336/131 905/335/131
f 898/337/131 899/339/131 897/338/131
f 902/340/131 900/342/131 901/341/131
f 906/334/131 907/343/131 924/336/131
f 924/336/131 907/343/131 927/300/131
f 908/344/131 927/300/131 907/343/131
f 927/300/131 908/344/131 922/345/131
f 922/345/131 908/344/131 921/346/131
f 921/346/131 908/344/131 909/347/131
f 920/348/131 910/350/131 911/349/131
f 894/351/131 900/342/131 893/352/131
f 903/353/131 893/352/131 900/342/131
f 893/352/131 903/353/131 890/354/131
f 904/355/131 890/354/131 903/353/131
f 890/354/131 904/355/131 889/356/131
f 925/357/131 889/356/131 904/355/131
f 889/356/131 925/357/131 915/358/131
f 926/359/131 915/358/131 925/357/131
f 915/358/131 926/359/131 914/360/131
f 923/361/131 914/360/131 926/359/131
f 914/360/131 923/361/131 919/362/131
f 920/348/131 919/362/131 923/361/131
f 894/351/131 899/339/131 900/342/131
f 924/336/131 904/355/131 905/335/131
f 904/355/131 924/336/131 925/357/131
f 922/345/131 926/359/131 927/300/131
f 926/359/131 922/345/131 923/361/131
f 920/348/131 921/346/131 910/350/131
f 909/347/131 910/350/131 921/346/131
f 874/363/131 872/365/131 873/364/131
f 883/366/131 884/368/131 917/367/131
f 912/369/131 887/371/131 888/370/131
f 913/372/131 887/371/131 912/369/131
f 887/371/131 913/372/131 886/373/131
f 916/374/131 886/373/131 913/372/131
f 886/373/131 916/374/131 885/375/131
f 885/375/131 916/374/131 884/368/131
f 884/368/131 916/374/131 917/367/131
f 882/376/131 917/367/131 918/377/131
f 917/367/131 882/376/131 883/366/131
f 855/378/131 856/379/131 853/297/131
f 853/297/131 854/380/131 855/378/131
f 862/381/131 864/383/131 861/382/131
f 861/382/131 864/383/131 860/384/131
f 862/381/131 863/385/131 864/383/131
f 859/386/131 864/383/131 865/387/131
f 864/383/131 859/386/131 860/384/131
f 857/388/131 858/389/131 859/386/131
f 856/379/131 865/387/131 853/297/131
f 865/387/131 856/379/131 859/386/131
f 859/386/131 856/379/131 857/388/131
f 865/387/131 866/390/131 853/297/131
f 880/391/131 878/393/131 879/392/131
f 876/394/131 877/396/131 875/395/131
f 899/339/131 896/397/131 897/338/131
f 894/351/131 896/397/131 899/339/131
f 896/397/131 894/351/131 895/398/131
f 890/354/131 892/399/131 893/352/131
f 892/399/131 890/354/131 891/400/131
f 915/358/131 888/370/131 889/356/131
f 888/370/131 915/358/131 912/369/131
f 919/362/131 913/372/131 914/360/131
f 913/372/131 919/362/131 916/374/131
f 920/348/131 918/377/131 919/362/131
f 911/349/131 918/377/131 920/348/131
f 918/377/131 911/349/131 882/376/131
f 868/333/131 882/376/131 911/349/131
f 882/376/131 868/333/131 881/401/131
f 871/402/131 881/401/131 868/333/131
f 881/401/131 871/402/131 878/393/131
f 872/365/131 878/393/131 871/402/131
f 878/393/131 872/365/131 877/396/131
f 874/363/131 877/396/131 872/365/131
f 877/396/131 874/363/131 875/395/131
f 867/403/131 853/297/131 866/390/131
f 868/333/131 870/331/131 871/402/131
f 878/393/131 880/391/131 881/401/131
f 900/342/131 902/340/131 903/353/131
f 928/297/131 930/323/131 931/328/131
f 933/300/131 928/297/131 932/327/131
f 928/297/131 929/324/131 930/323/131
f 931/328/131 932/327/131 928/297/131
f 977/404/131 978/406/131 976/405/131
f 970/407/131 971/409/131 967/408/131
f 978/406/131 975/410/131 976/405/131
f 975/410/131 978/406/131 972/411/131
f 972/411/131 978/406/131 967/408/131
f 969/412/131 967/408/131 968/413/131
f 967/408/131 969/412/131 970/407/131
f 979/414/131 980/416/131 982/415/131
f 981/417/131 982/415/131 980/416/131
f 944/418/131 985/420/131 986/419/131
f 985/420/131 944/418/131 945/421/131
f 938/422/131 936/424/131 937/423/131
f 938/422/131 939/425/131 936/424/131
f 940/426/131 941/427/131 986/419/131
f 986/419/131 941/427/131 944/418/131
f 972/411/131 974/428/131 975/410/131
f 967/408/131 971/409/131 972/411/131
f 941/427/131 943/429/131 944/418/131
f 966/430/131 939/425/131 963/431/131
f 983/432/131 963/431/131 939/425/131
f 963/431/131 983/432/131 988/433/131
f 984/434/131 988/433/131 983/432/131
f 988/433/131 984/434/131 987/435/131
f 946/436/131 987/435/131 984/434/131
f 987/435/131 946/436/131 957/437/131
f 947/438/131 957/437/131 946/436/131
f 957/437/131 947/438/131 956/439/131
f 950/440/131 956/439/131 947/438/131
f 961/441/131 959/443/131 960/442/131
f 989/444/131 961/441/131 962/354/131
f 990/300/131 961/441/131 989/444/131
f 961/441/131 990/300/131 959/443/131
f 958/445/131 959/443/131 990/300/131
f 955/446/131 953/448/131 954/447/131
f 965/449/131 966/430/131 964/450/131
f 963/431/131 964/450/131 966/430/131
f 988/433/131 962/354/131 963/431/131
f 962/354/131 988/433/131 989/444/131
f 957/437/131 990/300/131 987/435/131
f 990/300/131 957/437/131 958/445/131
f 950/440/131 953/448/131 956/439/131
f 951/451/131 953/448/131 950/440/131
f 953/448/131 951/451/131 952/452/131
f 936/424/131 934/297/131 935/453/131
f 934/297/131 936/424/131 966/430/131
f 966/430/131 936/424/131 939/425/131
f 986/419/131 939/425/131 940/426/131
f 939/425/131 986/419/131 983/432/131
f 945/421/131 984/434/131 985/420/131
f 984/434/131 945/421/131 946/436/131
f 947/438/131 949/454/131 950/440/131
f 942/455/131 943/429/131 941/427/131
f 949/454/131 947/438/131 948/456/131
f 953/448/131 955/446/131 956/439/131
f 974/428/131 972/411/131 973/457/131
f 1015/458/131 1016/300/131 1008/459/131
f 1014/460/131 1006/328/131 1013/461/131
f 1007/462/131 1013/461/131 1006/328/131
f 1013/461/131 1007/462/131 1016/300/131
f 1016/300/131 1007/462/131 1008/459/131
f 1011/327/131 1009/464/131 1010/463/131
f 997/465/131 999/467/131 1000/466/131
f 999/467/131 997/465/131 998/468/131
f 1001/323/131 1003/470/131 1004/469/131
f 1003/470/131 1001/323/131 1002/471/131
f 991/297/131 1000/466/131 1001/323/131
f 994/472/131 1000/466/131 991/297/131
f 1000/466/131 994/472/131 997/465/131
f 995/473/131 997/465/131 994/472/131
f 997/465/131 995/473/131 996/324/131
f 1014/460/131 1005/474/131 1006/328/131
f 1005/474/131 1014/460/131 1004/469/131
f 1015/458/131 1004/469/131 1014/460/131
f 1008/459/131 1004/469/131 1015/458/131
f 1004/469/131 1008/459/131 1001/323/131
f 1001/323/131 1008/459/131 991/297/131
f 993/475/131 991/297/131 992/476/131
f 991/297/131 993/475/131 994/472/131
f 1012/477/131 1009/464/131 1011/327/131
s 1
f 1020/478/132 1017/297/133 1018/479/133
f 1022/480/134 1019/481/135 1020/478/132
f 1024/482/136 1021/299/134 1022/480/134
f 1026/483/137 1023/484/137 1024/482/136
f 1028/485/138 1025/296/137 1026/483/137
f 1030/486/138 1027/487/138 1028/485/138
f 1032/488/139 1029/298/138 1030/486/138
f 1034/489/140 1031/490/139 1032/488/139
f 1036/491/141 1033/291/140 1034/489/140
f 1038/492/142 1035/354/141 1036/491/141
f 1040/493/139 1037/293/142 1038/492/142
f 1042/494/140 1039/495/139 1040/493/139
f 1044/496/143 1041/294/140 1042/494/140
f 1046/497/144 1043/498/144 1044/496/143
f 1048/499/145 1045/295/144 1046/497/144
f 1050/500/146 1047/501/147 1048/499/145
f 1052/502/148 1049/292/146 1050/500/146
f 1018/503/133 1051/504/148 1052/502/148
f 1056/505/149 1053/297/150 1054/479/150
f 1058/491/151 1055/456/149 1056/505/149
f 1060/506/152 1057/354/151 1058/491/151
f 1054/503/150 1059/405/152 1060/506/152
f 1064/505/153 1061/297/154 1062/479/155
f 1066/491/156 1063/456/153 1064/505/153
f 1068/506/157 1065/354/158 1066/491/156
f 1062/503/155 1067/405/157 1068/506/157
f 1072/507/159 1069/297/160 1070/479/161
f 1074/508/162 1071/509/159 1072/507/159
f 1076/510/163 1073/511/162 1074/508/162
f 1078/512/164 1075/513/163 1076/510/163
f 1080/514/165 1077/515/164 1078/512/164
f 1082/516/166 1079/517/167 1080/514/165
f 1084/518/166 1081/519/166 1082/516/166
f 1086/520/168 1083/521/166 1084/518/166
f 1088/522/169 1085/523/168 1086/520/168
f 1090/524/170 1087/525/169 1088/522/169
f 1092/486/170 1089/526/170 1090/524/170
f 1094/527/171 1091/298/170 1092/486/170
f 1096/528/172 1093/529/171 1094/527/171
f 1098/530/173 1095/531/174 1096/528/172
f 1100/532/175 1097/533/173 1098/530/173
f 1102/534/171 1099/535/175 1100/532/175
f 1104/536/171 1101/537/171 1102/534/171
f 1106/538/176 1103/539/171 1104/536/171
f 1108/540/176 1105/541/176 1106/538/176
f 1110/542/177 1107/543/178 1108/540/176
f 1112/544/179 1109/545/177 1110/542/177
f 1114/494/180 1111/546/179 1112/544/179
f 1116/547/176 1113/294/180 1114/494/180
f 1118/548/170 1115/549/176 1116/547/176
f 1120/550/181 1117/551/170 1118/548/170
f 1122/552/182 1119/553/181 1120/550/181
f 1124/554/166 1121/555/182 1122/552/182
f 1126/556/166 1123/557/166 1124/554/166
f 1128/558/183 1125/559/166 1126/556/166
f 1130/560/184 1127/561/185 1128/558/183
f 1132/562/186 1129/563/184 1130/560/184
f 1134/564/187 1131/565/186 1132/562/186
f 1070/503/161 1133/566/187 1134/564/187
f 1138/567/173 1135/297/188 1136/479/168
f 1140/482/175 1137/568/173 1138/567/173
f 1142/505/170 1139/484/175 1140/482/175
f 1144/486/139 1141/456/170 1142/505/170
f 1146/569/189 1143/298/139 1144/486/139
f 1148/491/190 1145/570/191 1146/569/189
f 1150/571/192 1147/354/190 1148/491/190
f 1152/494/193 1149/572/192 1150/571/192
f 1154/506/194 1151/294/193 1152/494/193
f 1156/499/195 1153/405/194 1154/506/194
f 1158/573/196 1155/501/195 1156/499/195
f 1136/503/168 1157/574/196 1158/573/196
f 1162/505/197 1159/297/198 1160/479/198
f 1164/491/199 1161/456/197 1162/505/197
f 1166/506/200 1163/354/201 1164/491/199
f 1160/503/198 1165/405/200 1166/506/200
f 1170/505/202 1167/297/203 1168/479/203
f 1172/491/204 1169/456/202 1170/505/202
f 1174/506/205 1171/354/204 1172/491/204
f 1168/503/203 1173/405/205 1174/506/205
f 1178/505/205 1175/297/204 1176/479/204
f 1180/491/203 1177/456/205 1178/505/205
f 1182/506/202 1179/354/203 1180/491/203
f 1176/503/204 1181/405/202 1182/506/202
f 1186/482/206 1183/297/207 1184/479/207
f 1188/486/208 1185/484/209 1186/482/206
f 1190/491/210 1187/298/208 1188/486/208
f 1192/494/211 1189/354/210 1190/491/210
f 1194/499/212 1191/294/211 1192/494/211
f 1184/503/207 1193/501/213 1194/499/212
f 1198/575/173 1195/297/214 1196/479/214
f 1200/576/175 1197/320/173 1198/575/173
f 1202/577/215 1199/319/175 1200/576/175
f 1204/578/215 1201/324/215 1202/577/215
f 1206/486/216 1203/330/215 1204/578/215
f 1208/579/216 1205/298/216 1206/486/216
f 1210/580/170 1207/323/216 1208/579/216
f 1212/581/217 1209/322/170 1210/580/170
f 1214/582/218 1211/321/217 1212/581/217
f 1216/494/219 1213/328/218 1214/582/218
f 1218/583/219 1215/294/219 1216/494/219
f 1220/584/220 1217/329/221 1218/583/219
f 1222/585/220 1219/327/220 1220/584/220
f 1224/586/214 1221/326/220 1222/585/220
f 1196/503/214 1223/325/214 1224/586/214
f 1228/587/173 1225/297/222 1226/479/222
f 1230/588/175 1227/589/173 1228/587/173
f 1232/590/223 1229/591/175 1230/588/175
f 1234/510/224 1231/592/223 1232/590/223
f 1236/593/225 1233/513/224 1234/510/224
f 1238/594/226 1235/595/225 1236/593/225
f 1240/596/227 1237/597/226 1238/594/226
f 1242/516/228 1239/598/227 1240/596/227
f 1244/599/229 1241/519/228 1242/516/228
f 1246/600/177 1243/601/229 1244/599/229
f 1248/505/230 1245/602/177 1246/600/177
f 1250/522/231 1247/456/230 1248/505/230
f 1252/603/232 1249/525/231 1250/522/231
f 1254/604/233 1251/605/232 1252/603/232
f 1256/606/170 1253/607/234 1254/604/233
f 1258/527/170 1255/608/170 1256/606/170
f 1260/609/177 1257/529/170 1258/527/170
f 1262/610/179 1259/611/177 1260/609/177
f 1264/612/166 1261/613/179 1262/610/179
f 1266/532/166 1263/614/166 1264/612/166
f 1268/615/235 1265/535/166 1266/532/166
f 1270/491/236 1267/616/235 1268/615/235
f 1272/617/230 1269/354/236 1270/491/236
f 1274/538/231 1271/618/230 1272/617/230
f 1276/619/232 1273/541/231 1274/538/231
f 1278/620/237 1275/621/232 1276/619/232
f 1280/622/238 1277/623/237 1278/620/237
f 1282/544/239 1279/624/238 1280/622/238
f 1284/625/240 1281/546/239 1282/544/239
f 1286/626/241 1283/627/240 1284/625/240
f 1288/628/242 1285/629/241 1286/626/241
f 1290/548/172 1287/630/242 1288/628/242
f 1292/506/173 1289/551/172 1290/548/172
f 1294/631/175 1291/405/173 1292/506/173
f 1296/632/243 1293/633/244 1294/631/175
f 1298/554/245 1295/634/243 1296/632/243
f 1300/635/166 1297/557/245 1298/554/245
f 1302/636/166 1299/637/166 1300/635/166
f 1304/638/173 1301/639/166 1302/636/166
f 1306/560/175 1303/640/173 1304/638/173
f 1308/641/170 1305/563/244 1306/560/175
f 1310/642/170 1307/643/170 1308/641/170
f 1312/644/246 1309/645/170 1310/642/170
f 1226/503/222 1311/646/246 1312/644/246
f 1316/505/172 1313/297/171 1314/479/171
f 1318/491/180 1315/456/174 1316/505/172
f 1320/506/176 1317/354/180 1318/491/180
f 1314/503/171 1319/405/178 1320/506/176
f 1324/505/245 1321/297/243 1322/479/243
f 1326/491/235 1323/456/245 1324/505/245
f 1328/506/236 1325/354/235 1326/491/235
f 1322/503/243 1327/405/236 1328/506/236
f 1332/505/235 1329/297/245 1330/479/245
f 1334/491/236 1331/456/235 1332/505/235
f 1336/506/243 1333/354/236 1334/491/236
f 1330/503/245 1335/405/243 1336/506/243
f 1340/505/171 1337/297/178 1338/479/176
f 1342/491/172 1339/456/171 1340/505/171
f 1344/506/180 1341/354/174 1342/491/172
f 1338/503/176 1343/405/180 1344/506/180
f 1348/505/247 1345/297/248 1346/479/248
f 1350/491/249 1347/456/250 1348/505/247
f 1352/506/251 1349/354/249 1350/491/249
f 1346/503/248 1351/405/252 1352/506/251
f 1356/567/253 1353/297/254 1354/479/254
f 1358/482/253 1355/568/253 1356/567/253
f 1360/505/132 1357/484/253 1358/482/253
f 1362/486/134 1359/456/135 1360/505/132
f 1364/569/255 1361/298/134 1362/486/134
f 1366/491/255 1363/570/255 1364/569/255
f 1368/571/256 1365/354/255 1366/491/255
f 1370/494/256 1367/572/256 1368/571/256
f 1372/506/139 1369/294/257 1370/494/256
f 1374/499/140 1371/405/139 1372/506/139
f 1376/573/254 1373/501/140 1374/499/140
f 1354/503/254 1375/574/254 1376/573/254
f 1380/567/135 1377/297/258 1378/479/259
f 1382/482/134 1379/568/135 1380/567/135
f 1384/505/260 1381/484/134 1382/482/134
f 1386/486/260 1383/456/260 1384/505/260
f 1388/569/261 1385/298/260 1386/486/260
f 1390/491/261 1387/570/261 1388/569/261
f 1392/571/262 1389/354/263 1390/491/261
f 1394/494/264 1391/572/265 1392/571/262
f 1396/506/266 1393/294/267 1394/494/264
f 1398/499/268 1395/405/268 1396/506/266
f 1400/573/258 1397/501/266 1398/499/268
f 1378/503/259 1399/574/259 1400/573/258
f 1404/505/269 1401/297/270 1402/479/270
f 1406/491/271 1403/456/272 1404/505/269
f 1408/506/273 1405/354/274 1406/491/271
f 1402/503/270 1407/405/273 1408/506/273
f 1412/505/275 1409/297/276 1410/479/276
f 1414/491/277 1411/456/275 1412/505/275
f 1416/506/278 1413/354/277 1414/491/277
f 1410/503/276 1415/405/278 1416/506/278
f 1420/505/279 1417/297/280 1418/479/280
f 1422/491/281 1419/456/282 1420/505/279
f 1424/506/283 1421/354/281 1422/491/281
f 1418/503/280 1423/405/283 1424/506/283
f 1428/482/284 1425/297/276 1426/479/276
f 1430/486/285 1427/484/202 1428/482/284
f 1432/491/286 1429/298/285 1430/486/285
f 1434/494/287 1431/354/287 1432/491/286
f 1436/499/288 1433/294/287 1434/494/287
f 1426/503/276 1435/501/278 1436/499/288
f 1020/478/132 1019/481/135 1017/297/133
f 1022/480/134 1021/299/134 1019/481/135
f 1024/482/136 1023/484/137 1021/299/134
f 1026/483/137 1025/296/137 1023/484/137
f 1028/485/138 1027/487/138 1025/296/137
f 1030/486/138 1029/298/138 1027/487/138
f 1032/488/139 1031/490/139 1029/298/138
f 1034/489/140 1033/291/140 1031/490/139
f 1036/491/141 1035/354/141 1033/291/140
f 1038/492/142 1037/293/142 1035/354/141
f 1040/493/139 1039/495/139 1037/293/142
f 1042/494/140 1041/294/140 1039/495/139
f 1044/496/143 1043/498/144 1041/294/140
f 1046/497/144 1045/295/144 1043/498/144
f 1048/499/145 1047/501/147 1045/295/144
f 1050/500/146 1049/292/146 1047/501/147
f 1052/502/148 1051/504/148 1049/292/146
f 1018/503/133 1017/300/133 1051/504/148
f 1056/505/149 1055/456/149 1053/297/150
f 1058/491/151 1057/354/151 1055/456/149
f 1060/506/152 1059/405/152 1057/354/151
f 1054/503/150 1053/300/150 1059/405/152
f 1064/505/153 1063/456/153 1061/297/154
f 1066/491/156 1065/354/158 1063/456/153
f 1068/506/157 1067/405/157 1065/354/158
f 1062/503/155 1061/300/154 1067/405/157
f 1072/507/159 1071/509/159 1069/297/160
f 1074/508/162 1073/511/162 1071/509/159
f 1076/510/163 1075/513/163 1073/511/162
f 1078/512/164 1077/515/164 1075/513/163
f 1080/514/165 1079/517/167 1077/515/164
f 1082/516/166 1081/519/166 1079/517/167
f 1084/518/166 1083/521/166 1081/519/166
f 1086/520/168 1085/523/168 1083/521/166
f 1088/522/169 1087/525/169 1085/523/168
f 1090/524/170 1089/526/170 1087/525/169
f 1092/486/170 1091/298/170 1089/526/170
f 1094/527/171 1093/529/171 1091/298/170
f 1096/528/172 1095/531/174 1093/529/171
f 1098/530/173 1097/533/173 1095/531/174
f 1100/532/175 1099/535/175 1097/533/173
f 1102/534/171 1101/537/171 1099/535/175
f 1104/536/171 1103/539/171 1101/537/171
f 1106/538/176 1105/541/176 1103/539/171
f 1108/540/176 1107/543/178 1105/541/176
f 1110/542/177 1109/545/177 1107/543/178
f 1112/544/179 1111/546/179 1109/545/177
f 1114/494/180 1113/294/180 1111/546/179
f 1116/547/176 1115/549/176 1113/294/180
f 1118/548/170 1117/551/170 1115/549/176
f 1120/550/181 1119/553/181 1117/551/170
f 1122/552/182 1121/555/182 1119/553/181
f 1124/554/166 1123/557/166 1121/555/182
f 1126/556/166 1125/559/166 1123/557/166
f 1128/558/183 1127/561/185 1125/559/166
f 1130/560/184 1129/563/184 1127/561/185
f 1132/562/186 1131/565/186 1129/563/184
f 1134/564/187 1133/566/187 1131/565/186
f 1070/503/161 1069/300/160 1133/566/187
f 1138/567/173 1137/568/173 1135/297/188
f 1140/482/175 1139/484/175 1137/568/173
f 1142/505/170 1141/456/170 1139/484/175
f 1144/486/139 1143/298/139 1141/456/170
f 1146/569/189 1145/570/191 1143/298/139
f 1148/491/190 1147/354/190 1145/570/191
f 1150/571/192 1149/572/192 1147/354/190
f 1152/494/193 1151/294/193 1149/572/192
f 1154/506/194 1153/405/194 1151/294/193
f 1156/499/195 1155/501/195 1153/405/194
f 1158/573/196 1157/574/196 1155/501/195
f 1136/503/168 1135/300/188 1157/574/196
f 1162/505/197 1161/456/197 1159/297/198
f 1164/491/199 1163/354/201 1161/456/197
f 1166/506/200 1165/405/200 1163/354/201
f 1160/503/198 1159/300/198 1165/405/200
f 1170/505/202 1169/456/202 1167/297/203
f 1172/491/204 1171/354/204 1169/456/202
f 1174/506/205 1173/405/205 1171/354/204
f 1168/503/203 1167/300/203 1173/405/205
f 1178/505/205 1177/456/205 1175/297/204
f 1180/491/203 1179/354/203 1177/456/205
f 1182/506/202 1181/405/202 1179/354/203
f 1176/503/204 1175/300/204 1181/405/202
f 1186/482/206 1185/484/209 1183/297/207
f 1188/486/208 1187/298/208 1185/484/209
f 1190/491/210 1189/354/210 1187/298/208
f 1192/494/211 1191/294/211 1189/354/210
f 1194/499/212 1193/501/213 1191/294/211
f 1184/503/207 1183/300/207 1193/501/213
f 1198/575/173 1197/320/173 1195/297/214
f 1200/576/175 1199/319/175 1197/320/173
f 1202/577/215 1201/324/215 1199/319/175
f 1204/578/215 1203/330/215 1201/324/215
f 1206/486/216 1205/298/216 1203/330/215
f 1208/579/216 1207/323/216 1205/298/216
f 1210/580/170 1209/322/170 1207/323/216
f 1212/581/217 1211/321/217 1209/322/170
f 1214/582/218 1213/328/218 1211/321/217
f 1216/494/219 1215/294/219 1213/328/218
f 1218/583/219 1217/329/221 1215/294/219
f 1220/584/220 1219/327/220 1217/329/221
f 1222/585/220 1221/326/220 1219/327/220
f 1224/586/214 1223/325/214 1221/326/220
f 1196/503/214 1195/300/214 1223/325/214
f 1228/587/173 1227/589/173 1225/297/222
f 1230/588/175 1229/591/175 1227/589/173
f 1232/590/223 1231/592/223 1229/591/175
f 1234/510/224 1233/513/224 1231/592/223
f 1236/593/225 1235/595/225 1233/513/224
f 1238/594/226 1237/597/226 1235/595/225
f 1240/596/227 1239/598/227 1237/597/226
f 1242/516/228 1241/519/228 1239/598/227
f 1244/599/229 1243/601/229 1241/519/228
f 1246/600/177 1245/602/177 1243/601/229
f 1248/505/230 1247/456/230 1245/602/177
f 1250/522/231 1249/525/231 1247/456/230
f 1252/603/232 1251/605/232 1249/525/231
f 1254/604/233 1253/607/234 1251/605/232
f 1256/606/170 1255/608/170 1253/607/234
f 1258/527/170 1257/529/170 1255/608/170
f 1260/609/177 1259/611/177 1257/529/170
f 1262/610/179 1261/613/179 1259/611/177
f 1264/612/166 1263/614/166 1261/613/179
f 1266/532/166 1265/535/166 1263/614/166
f 1268/615/235 1267/616/235 1265/535/166
f 1270/491/236 1269/354/236 1267/616/235
f 1272/617/230 1271/618/230 1269/354/236
f 1274/538/231 1273/541/231 1271/618/230
f 1276/619/232 1275/621/232 1273/541/231
f 1278/620/237 1277/623/237 1275/621/232
f 1280/622/238 1279/624/238 1277/623/237
f 1282/544/239 1281/546/239 1279/624/238
f 1284/625/240 1283/627/240 1281/546/239
f 1286/626/241 1285/629/241 1283/627/240
f 1288/628/242 1287/630/242 1285/629/241
f 1290/548/172 1289/551/172 1287/630/242
f 1292/506/173 1291/405/173 1289/551/172
f 1294/631/175 1293/633/244 1291/405/173
f 1296/632/243 1295/634/243 1293/633/244
f 1298/554/245 1297/557/245 1295/634/243
f 1300/635/166 1299/637/166 1297/557/245
f 1302/636/166 1301/639/166 1299/637/166
f 1304/638/173 1303/640/173 1301/639/166
f 1306/560/175 1305/563/244 1303/640/173
f 1308/641/170 1307/643/170 1305/563/244
f 1310/642/170 1309/645/170 1307/643/170
f 1312/644/246 1311/646/246 1309/645/170
f 1226/503/222 1225/300/222 1311/646/246
f 1316/505/172 1315/456/174 1313/297/171
f 1318/491/180 1317/354/180 1315/456/174
f 1320/506/176 1319/405/178 1317/354/180
f 1314/503/171 1313/300/171 1319/405/178
f 1324/505/245 1323/456/245 1321/297/243
f 1326/491/235 1325/354/235 1323/456/245
f 1328/506/236 1327/405/236 1325/354/235
f 1322/503/243 1321/300/243 1327/405/236
f 1332/505/235 1331/456/235 1329/297/245
f 1334/491/236 1333/354/236 1331/456/235
f 1336/506/243 1335/405/243 1333/354/236
f 1330/503/245 1329/300/245 1335/405/243
f 1340/505/171 1339/456/171 1337/297/178
f 1342/491/172 1341/354/174 1339/456/171
f 1344/506/180 1343/405/180 1341/354/174
f 1338/503/176 1337/300/178 1343/405/180
f 1348/505/247 1347/456/250 1345/297/248
f 1350/491/249 1349/354/249 1347/456/250
f 1352/506/251 1351/405/252 1349/354/249
f 1346/503/248 1345/300/248 1351/405/252
f 1356/567/253 1355/568/253 1353/297/254
f 1358/482/253 1357/484/253 1355/568/253
f 1360/505/132 1359/456/135 1357/484/253
f 1362/486/134 1361/298/134 1359/456/135
f 1364/569/255 1363/570/255 1361/298/134
f 1366/491/255 1365/354/255 1363/570/255
f 1368/571/256 1367/572/256 1365/354/255
f 1370/494/256 1369/294/257 1367/572/256
f 1372/506/139 1371/405/139 1369/294/257
f 1374/499/140 1373/501/140 1371/405/139
f 1376/573/254 1375/574/254 1373/501/140
f 1354/503/254 1353/300/254 1375/574/254
f 1380/567/135 1379/568/135 1377/297/258
f 1382/482/134 1381/484/134 1379/568/135
f 1384/505/260 1383/456/260 1381/484/134
f 1386/486/260 1385/298/260 1383/456/260
f 1388/569/261 1387/570/261 1385/298/260
f 1390/491/261 1389/354/263 1387/570/261
f 1392/571/262 1391/572/265 1389/354/263
f 1394/494/264 1393/294/267 1391/572/265
f 1396/506/266 1395/405/268 1393/294/267
f 1398/499/268 1397/501/266 1395/405/268
f 1400/573/258 1399/574/259 1397/501/266
f 1378/503/259 1377/300/258 1399/574/259
f 1404/505/269 1403/456/272 1401/297/270
f 1406/491/271 1405/354/274 1403/456/272
f 1408/506/273 1407/405/273 1405/354/274
f 1402/503/270 1401/300/270 1407/405/273
f 1412/505/275 1411/456/275 1409/297/276
f 1414/491/277 1413/354/277 1411/456/275
f 1416/506/278 1415/405/278 1413/354/277
f 1410/503/276 1409/300/276 1415/405/278
f 1420/505/279 1419/456/282 1417/297/280
f 1422/491/281 1421/354/281 1419/456/282
f 1424/506/283 1423/405/283 1421/354/281
f 1418/503/280 1417/300/280 1423/405/283
f 1428/482/284 1427/484/202 1425/297/276
f 1430/486/285 1429/298/285 1427/484/202
f 1432/491/286 1431/354/287 1429/298/285
f 1434/494/287 1433/294/287 1431/354/287
f 1436/499/288 1435/501/278 1433/294/287
f 1426/503/276 1425/300/276 1435/501/278
o Text
v -2.839446 0.050000 -0.760499
v -2.883605 0.050000 -0.760499
v -2.875325 0.050000 -0.906083
v -2.831167 0.050000 -0.906083
v -2.787928 0.050000 -0.760499
v -2.832087 0.050000 -0.760499
v -2.823807 0.050000 -0.906083
v -2.779649 0.050000 -0.906083
v -3.183053 0.050000 -0.846745
v -3.326567 0.050000 -0.846745
v -3.324267 0.050000 -0.888144
v -3.180753 0.050000 -0.888144
v -3.091976 0.050000 -0.492099
v -3.209731 0.050000 -0.492099
v -3.040918 0.050000 -0.871584
v -2.923163 0.050000 -0.871584
v -3.416263 0.050000 -0.830186
v -3.786088 0.050000 -0.853645
v -3.783788 0.050000 -0.895043
v -3.413963 0.050000 -0.871584
v -3.440642 0.050000 -0.686672
v -3.781029 0.050000 -0.710131
v -3.778728 0.050000 -0.751529
v -3.438342 0.050000 -0.728070
v -3.429142 0.050000 -0.490720
v -3.813687 0.050000 -0.514179
v -3.809547 0.050000 -0.588696
v -3.425003 0.050000 -0.565237
v -3.923163 0.050000 -0.760499
v -3.967321 0.050000 -0.760499
v -3.959041 0.050000 -0.906083
v -3.914883 0.050000 -0.906083
v -3.871645 0.050000 -0.760499
v -3.915803 0.050000 -0.760499
v -3.907523 0.050000 -0.906083
v -3.863365 0.050000 -0.906083
v -2.839446 -0.050000 -0.760499
v -2.883605 -0.050000 -0.760499
v -2.875325 -0.050000 -0.906083
v -2.831167 -0.050000 -0.906083
v -2.787928 -0.050000 -0.760499
v -2.832087 -0.050000 -0.760499
v -2.823807 -0.050000 -0.906083
v -2.779649 -0.050000 -0.906083
v -3.183053 -0.050000 -0.846745
v -3.326567 -0.050000 -0.846745
v -3.324267 -0.050000 -0.888144
v -3.180753 -0.050000 -0.888144
v -3.091976 -0.050000 -0.492099
v -3.209731 -0.050000 -0.492099
v -3.040918 -0.050000 -0.871584
v -2.923163 -0.050000 -0.871584
v -3.416263 -0.050000 -0.830186
v -3.786088 -0.050000 -0.853645
v -3.783788 -0.050000 -0.895043
v -3.413963 -0.050000 -0.871584
v -3.440642 -0.050000 -0.686672
v -3.781029 -0.050000 -0.710131
v -3.778728 -0.050000 -0.751529
v -3.438342 -0.050000 -0.728070
v -3.429142 -0.050000 -0.490720
v -3.813687 -0.050000 -0.514179
v -3.809547 -0.050000 -0.588696
v -3.425003 -0.050000 -0.565237
v -3.923163 -0.050000 -0.760499
v -3.967321 -0.050000 -0.760499
v -3.959041 -0.050000 -0.906083
v -3.914883 -0.050000 -0.906083
v -3.871645 -0.050000 -0.760499
v -3.915803 -0.050000 -0.760499
v -3.907523 -0.050000 -0.906083
v -3.863365 -0.050000 -0.906083
v -3.923163 -0.050000 -0.760499
v -3.923163 0.050000 -0.760499
v -3.967321 -0.050000 -0.760499
v -3.967321 0.050000 -0.760499
v -3.959041 -0.050000 -0.906083
v -3.959041 0.050000 -0.906083
v -3.914883 -0.050000 -0.906083
v -3.914883 0.050000 -0.906083
v -3.871645 -0.050000 -0.760499
v -3.871645 0.050000 -0.760499
v -3.915803 -0.050000 -0.760499
v -3.915803 0.050000 -0.760499
v -3.907523 -0.050000 -0.906083
v -3.907523 0.050000 -0.906083
v -3.863365 -0.050000 -0.906083
v -3.863365 0.050000 -0.906083
v -3.416263 -0.050000 -0.830186
v -3.416263 0.050000 -0.830186
v -3.786088 -0.050000 -0.853645
v -3.786088 0.050000 -0.853645
v -3.783788 -0.050000 -0.895043
v -3.783788 0.050000 -0.895043
v -3.413963 -0.050000 -0.871584
v -3.413963 0.050000 -0.871584
v -3.440642 -0.050000 -0.686672
v -3.440642 0.050000 -0.686672
v -3.781029 -0.050000 -0.710131
v -3.781029 0.050000 -0.710131
v -3.778728 -0.050000 -0.751529
v -3.778728 0.050000 -0.751529
v -3.438342 -0.050000 -0.728070
v -3.438342 0.050000 -0.728070
v -3.429142 -0.050000 -0.490720
v -3.429142 0.050000 -0.490720
v -3.813687 -0.050000 -0.514179
v -3.813687 0.050000 -0.514179
v -3.809547 -0.050000 -0.588696
v -3.809547 0.050000 -0.588696
v -3.425003 -0.050000 -0.565237
v -3.425003 0.050000 -0.565237
v -3.183053 -0.050000 -0.846745
v -3.183053 0.050000 -0.846745
v -3.326567 -0.050000 -0.846745
v -3.326567 0.050000 -0.846745
v -3.324267 -0.050000 -0.888144
v -3.324267 0.050000 -0.888144
v -3.180753 -0.050000 -0.888144
v -3.180753 0.050000 -0.888144
v -3.091976 -0.050000 -0.492099
v -3.091976 0.050000 -0.492099
v -3.209731 -0.050000 -0.492099
v -3.209731 0.050000 -0.492099
v -3.040918 -0.050000 -0.871584
v -3.040918 0.050000 -0.871584
v -2.923163 -0.050000 -0.871584
v -2.923163 0.050000 -0.871584
v -2.839446 -0.050000 -0.760499
v -2.839446 0.050000 -0.760499
v -2.883605 -0.050000 -0.760499
v -2.883605 0.050000 -0.760499
v -2.875325 -0.050000 -0.906083
v -2.875325 0.050000 -0.906083
v -2.831167 -0.050000 -0.906083
v -2.831167 0.050000 -0.906083
v -2.787928 -0.050000 -0.760499
v -2.787928 0.050000 -0.760499
v -2.832087 -0.050000 -0.760499
v -2.832087 0.050000 -0.760499
v -2.823807 -0.050000 -0.906083
v -2.823807 0.050000 -0.906083
v -2.779649 -0.050000 -0.906083
v -2.779649 0.050000 -0.906083
vn -0.0000 1.0000 -0.0000
vn -0.0000 -1.0000 -0.0000
vn -0.8528 -0.0000 0.5222
vn 0.8092 -0.0000 0.5875
vn -0.8092 -0.0000 -0.5875
vn -0.8529 -0.0000 0.5221
vn 0.8528 -0.0000 -0.5222
vn 0.8529 -0.0000 -0.5221
vn -0.8621 -0.0000 0.5068
vn 0.7977 -0.0000 0.6031
vn -0.7977 -0.0000 -0.6031
vn 0.8621 -0.0000 -0.5068
vn -0.8629 -0.0000 0.5054
vn 0.7966 -0.0000 0.6045
vn -0.7966 -0.0000 -0.6045
vn 0.8629 -0.0000 -0.5054
vn -0.8617 -0.0000 0.5074
vn 0.7982 -0.0000 0.6024
vn -0.7982 -0.0000 -0.6024
vn 0.8617 -0.0000 -0.5074
vn -0.8524 -0.0000 0.5229
vn 0.8098 -0.0000 0.5867
vn -0.8098 -0.0000 -0.5867
vn 0.8524 -0.0000 -0.5229
vn -0.9419 -0.0000 0.3359
vn 0.6258 -0.0000 0.7800
vn -0.6258 -0.0000 -0.7800
vn 0.9419 -0.0000 -0.3359
vt 0.285714 0.000000
vt 0.142857 0.000000
vt 0.000000 0.000000
vt 0.571429 0.000000
vt 1.000000 0.000000
vt 0.857143 0.000000
vt 0.714286 0.000000
vt 0.428571 0.000000
vt 0.909091 0.000000
vt 0.818182 0.000000
vt 0.727273 0.000000
vt 0.545455 0.000000
vt 0.454545 0.000000
vt 0.363636 0.000000
vt 0.636364 0.000000
vt 0.181818 0.000000
vt 0.090909 0.000000
vt 0.272727 0.000000
vt 0.250000 1.000000
vt 0.000000 1.000000
vt 0.500000 1.000000
vt 0.250000 0.000000
vt 0.750000 1.000000
vt 0.500000 0.000000
vt 1.000000 1.000000
vt 0.750000 0.000000
s 0
f 1439/647/289 1438/648/289 1437/649/289
f 1441/650/289 1444/651/289 1443/652/289
f 1441/650/289 1443/652/289 1442/653/289
f 1439/647/289 1437/649/289 1440/654/289
f 1447/647/289 1446/648/289 1445/649/289
f 1452/651/289 1451/652/289 1449/650/289
f 1449/650/289 1451/652/289 1450/653/289
f 1447/647/289 1445/649/289 1448/654/289
f 1463/655/289 1462/656/289 1461/657/289
f 1461/657/289 1464/651/289 1463/655/289
f 1459/658/289 1458/659/289 1457/660/289
f 1457/660/289 1460/661/289 1459/658/289
f 1455/662/289 1454/663/289 1453/649/289
f 1453/649/289 1456/664/289 1455/662/289
f 1467/647/289 1466/648/289 1465/649/289
f 1469/650/289 1472/651/289 1471/652/289
f 1469/650/289 1471/652/289 1470/653/289
f 1467/647/289 1465/649/289 1468/654/289
f 1475/647/290 1473/649/290 1474/648/290
f 1477/650/290 1479/652/290 1480/651/290
f 1477/650/290 1478/653/290 1479/652/290
f 1475/647/290 1476/654/290 1473/649/290
f 1483/647/290 1481/649/290 1482/648/290
f 1488/651/290 1485/650/290 1487/652/290
f 1485/650/290 1486/653/290 1487/652/290
f 1483/647/290 1484/654/290 1481/649/290
f 1499/655/290 1497/657/290 1498/656/290
f 1497/657/290 1499/655/290 1500/651/290
f 1495/658/290 1493/660/290 1494/659/290
f 1493/660/290 1495/658/290 1496/661/290
f 1491/662/290 1489/649/290 1490/663/290
f 1489/649/290 1491/662/290 1492/664/290
f 1503/647/290 1501/649/290 1502/648/290
f 1505/650/290 1507/652/290 1508/651/290
f 1505/650/290 1506/653/290 1507/652/290
f 1503/647/290 1504/654/290 1501/649/290
s 1
f 1512/665/291 1509/649/292 1510/666/292
f 1514/667/293 1511/668/294 1512/665/291
f 1516/669/295 1513/670/293 1514/667/293
f 1510/671/292 1515/672/296 1516/669/295
f 1520/665/291 1517/649/292 1518/666/292
f 1522/667/293 1519/668/294 1520/665/291
f 1524/669/295 1521/670/293 1522/667/293
f 1518/671/292 1523/672/296 1524/669/295
f 1528/665/297 1525/649/298 1526/666/298
f 1530/667/299 1527/668/297 1528/665/297
f 1532/669/300 1529/670/299 1530/667/299
f 1526/671/298 1531/672/300 1532/669/300
f 1536/665/301 1533/649/302 1534/666/302
f 1538/667/303 1535/668/301 1536/665/301
f 1540/669/304 1537/670/303 1538/667/303
f 1534/671/302 1539/672/304 1540/669/304
f 1544/665/305 1541/649/306 1542/666/306
f 1546/667/307 1543/668/305 1544/665/305
f 1548/669/308 1545/670/307 1546/667/307
f 1542/671/306 1547/672/308 1548/669/308
f 1552/665/309 1549/649/310 1550/666/310
f 1554/667/311 1551/668/309 1552/665/309
f 1556/669/312 1553/670/311 1554/667/311
f 1550/671/310 1555/672/312 1556/669/312
f 1560/665/313 1557/649/314 1558/666/314
f 1562/667/315 1559/668/313 1560/665/313
f 1564/669/316 1561/670/315 1562/667/315
f 1558/671/314 1563/672/316 1564/669/316
f 1568/665/291 1565/649/292 1566/666/292
f 1570/667/293 1567/668/294 1568/665/291
f 1572/669/295 1569/670/293 1570/667/293
f 1566/671/292 1571/672/296 1572/669/295
f 1576/665/291 1573/649/292 1574/666/292
f 1578/667/293 1575/668/294 1576/665/291
f 1580/669/295 1577/670/293 1578/667/293
f 1574/671/292 1579/672/296 1580/669/295
f 1512/665/291 1511/668/294 1509/649/292
f 1514/667/293 1513/670/293 1511/668/294
f 1516/669/295 1515/672/296 1513/670/293
f 1510/671/292 1509/651/292 1515/672/296
f 1520/665/291 1519/668/294 1517/649/292
f 1522/667/293 1521/670/293 1519/668/294
f 1524/669/295 1523/672/296 1521/670/293
f 1518/671/292 1517/651/292 1523/672/296
f 1528/665/297 1527/668/297 1525/649/298
f 1530/667/299 1529/670/299 1527/668/297
f 1532/669/300 1531/672/300 1529/670/299
f 1526/671/298 1525/651/298 1531/672/300
f 1536/665/301 1535/668/301 1533/649/302
f 1538/667/303 1537/670/303 1535/668/301
f 1540/669/304 1539/672/304 1537/670/303
f 1534/671/302 1533/651/302 1539/672/304
f 1544/665/305 1543/668/305 1541/649/306
f 1546/667/307 1545/670/307 1543/668/305
f 1548/669/308 1547/672/308 1545/670/307
f 1542/671/306 1541/651/306 1547/672/308
f 1552/665/309 1551/668/309 1549/649/310
f 1554/667/311 1553/670/311 1551/668/309
f 1556/669/312 1555/672/312 1553/670/311
f 1550/671/310 1549/651/310 1555/672/312
f 1560/665/313 1559/668/313 1557/649/314
f 1562/667/315 1561/670/315 1559/668/313
f 1564/669/316 1563/672/316 1561/670/315
f 1558/671/314 1557/651/314 1563/672/316
f 1568/665/291 1567/668/294 1565/649/292
f 1570/667/293 1569/670/293 1567/668/294
f 1572/669/295 1571/672/296 1569/670/293
f 1566/671/292 1565/651/292 1571/672/296
f 1576/665/291 1575/668/294 1573/649/292
f 1578/667/293 1577/670/293 1575/668/294
f 1580/669/295 1579/672/296 1577/670/293
f 1574/671/292 1573/651/292 1579/672/296
o Text.002
v 6.760035 0.050000 -0.085870
v 6.513071 0.050000 -0.085870
v 6.516060 0.050000 -0.140148
v 6.670338 0.050000 -0.140148
v 6.780366 0.050000 -0.266183
v 6.590210 0.050000 -0.266183
v 6.593199 0.050000 -0.320461
v 6.956769 0.050000 -0.320461
v 6.956769 0.050000 -0.316781
v 6.953779 0.050000 -0.266183
v 6.920890 0.050000 -0.266183
v 6.811460 0.050000 -0.140148
v 7.033908 0.050000 -0.140148
v 7.030918 0.050000 -0.085870
v 6.915508 0.050000 -0.085870
v 6.726548 0.050000 0.149640
v 6.935840 0.050000 0.166200
v 6.932850 0.050000 0.220478
v 6.575858 0.050000 0.191959
v 6.578848 0.050000 0.137681
v 7.047063 0.050000 -0.320461
v 7.041681 0.050000 -0.230304
v 7.015968 0.050000 -0.230304
v 7.021350 0.050000 -0.320461
v 7.002215 0.050000 -0.320461
v 6.997431 0.050000 -0.230304
v 6.971120 0.050000 -0.230304
v 6.976502 0.050000 -0.320461
v 6.218268 0.050000 -0.251463
v 5.970108 0.050000 -0.251463
v 5.973098 0.050000 -0.305741
v 6.368361 0.050000 -0.305741
v 6.304975 0.050000 -0.118069
v 6.404239 0.050000 -0.118069
v 6.384505 0.050000 0.220478
v 5.924662 0.050000 0.220478
v 5.936024 0.050000 0.015326
v 6.190164 0.050000 0.015326
v 6.181792 0.050000 0.166200
v 6.256539 0.050000 0.166200
v 6.269694 0.050000 -0.064711
v 5.912105 0.050000 -0.064711
v 5.915094 0.050000 -0.118069
v 6.173420 0.050000 -0.118069
v 6.026318 0.050000 0.069604
v 6.093291 0.050000 0.069604
v 6.087910 0.050000 0.166200
v 6.021534 0.050000 0.166200
v 5.579032 0.050000 -0.230304
v 5.295591 0.050000 -0.230304
v 5.298581 0.050000 -0.283662
v 5.816428 0.050000 -0.283662
v 5.813438 0.050000 -0.230304
v 5.733908 0.050000 -0.230304
v 5.485748 0.050000 0.147801
v 5.762610 0.050000 0.167120
v 5.759621 0.050000 0.220478
v 5.332666 0.050000 0.191959
v 5.335656 0.050000 0.137681
v 4.733494 0.050000 0.220478
v 4.647385 0.050000 0.220478
v 4.685058 0.050000 -0.331500
v 4.700007 0.050000 -0.331500
v 4.771166 0.050000 -0.331500
v 4.788507 0.050000 -0.331500
v 4.862657 0.050000 -0.331500
v 4.874616 0.050000 -0.331500
v 4.843521 0.050000 0.220478
v 4.757413 0.050000 0.220478
v 4.768775 0.050000 0.014406
v 4.747845 0.050000 0.014406
v 4.940991 0.050000 -0.210065
v 4.881194 0.050000 -0.210065
v 4.884184 0.050000 -0.265263
v 4.909897 0.050000 -0.265263
v 4.888370 0.050000 -0.331500
v 4.955343 0.050000 -0.331500
v 4.972086 0.050000 -0.279982
v 4.995407 0.050000 -0.331500
v 5.105435 0.050000 -0.331500
v 5.075536 0.050000 -0.265263
v 5.111415 0.050000 -0.265263
v 5.141912 0.050000 -0.331500
v 5.208885 0.050000 -0.331500
v 5.178388 0.050000 -0.265263
v 5.209483 0.050000 -0.265263
v 5.206493 0.050000 -0.210065
v 5.134736 0.050000 -0.210065
v 5.153273 0.050000 -0.165907
v 5.204699 0.050000 -0.165907
v 5.201709 0.050000 -0.110709
v 5.176594 0.050000 -0.110709
v 5.199317 0.050000 -0.055511
v 5.098857 0.050000 -0.055511
v 5.076134 0.050000 -0.110709
v 5.006171 0.050000 -0.110709
v 4.986438 0.050000 -0.066551
v 5.057597 0.050000 -0.066551
v 5.045039 0.050000 -0.022393
v 5.083908 0.050000 -0.022393
v 5.159253 0.050000 -0.022393
v 5.189152 0.050000 -0.022393
v 5.175398 0.050000 0.220478
v 5.070154 0.050000 0.220478
v 5.080918 0.050000 0.032805
v 5.028894 0.050000 0.032805
v 4.974478 0.050000 0.220478
v 4.869234 0.050000 0.220478
v 4.923650 0.050000 0.032805
v 4.874018 0.050000 0.032805
v 4.877008 0.050000 -0.022393
v 4.939795 0.050000 -0.022393
v 4.949363 0.050000 -0.055511
v 4.871626 0.050000 -0.055511
v 4.896143 0.050000 -0.110709
v 4.876410 0.050000 -0.110709
v 4.879400 0.050000 -0.165907
v 4.921258 0.050000 -0.165907
v 4.767579 0.050000 -0.276302
v 4.761001 0.050000 -0.184306
v 4.780136 0.050000 -0.184306
v 4.785518 0.050000 -0.276302
v 4.757413 0.050000 -0.129108
v 4.751433 0.050000 -0.040792
v 4.772362 0.050000 -0.040792
v 4.777146 0.050000 -0.129108
v 5.031286 0.050000 -0.165907
v 5.052813 0.050000 -0.165907
v 5.042647 0.050000 -0.190746
v 4.164220 0.050000 -0.226624
v 4.065555 0.050000 -0.226624
v 4.068544 0.050000 -0.280902
v 4.176180 0.050000 -0.280902
v 4.184552 0.050000 -0.320461
v 4.316106 0.050000 -0.320461
v 4.307735 0.050000 -0.280902
v 4.595959 0.050000 -0.280902
v 4.592969 0.050000 -0.226624
v 4.295775 0.050000 -0.226624
v 4.262289 0.050000 -0.074831
v 4.564865 0.050000 -0.074831
v 4.548121 0.050000 0.220478
v 4.112794 0.050000 0.220478
v 4.115785 0.050000 0.166200
v 4.419557 0.050000 0.166200
v 4.430320 0.050000 -0.021473
v 4.119372 0.050000 -0.021473
v 3.499271 0.050000 -0.207305
v 3.446649 0.050000 -0.207305
v 3.449639 0.050000 -0.262503
v 3.502261 0.050000 -0.262503
v 3.506447 0.050000 -0.331500
v 3.621258 0.050000 -0.331500
v 3.617072 0.050000 -0.262503
v 3.650559 0.050000 -0.262503
v 3.647569 0.050000 -0.207305
v 3.614083 0.050000 -0.207305
v 3.605113 0.050000 -0.046312
v 3.639198 0.050000 -0.052751
v 3.636208 0.050000 0.002446
v 3.601525 0.050000 0.008886
v 3.589566 0.050000 0.220478
v 3.582988 0.050000 0.220478
v 3.474754 0.050000 0.220478
v 3.436484 0.050000 0.220478
v 3.439474 0.050000 0.165280
v 3.477744 0.050000 0.165280
v 3.485518 0.050000 0.030045
v 3.432896 0.050000 0.039245
v 3.435886 0.050000 -0.015953
v 3.489105 0.050000 -0.025153
v 3.822178 0.050000 -0.265263
v 3.669096 0.050000 -0.265263
v 3.672086 0.050000 -0.320461
v 3.990210 0.050000 -0.320461
v 3.987220 0.050000 -0.265263
v 3.941773 0.050000 -0.265263
v 3.913669 0.050000 0.220478
v 3.794073 0.050000 0.220478
v 2.967670 0.050000 0.220478
v 2.836714 0.050000 0.220478
v 2.866612 0.050000 -0.305741
v 2.998167 0.050000 -0.305741
v 3.326456 0.050000 0.220478
v 3.040623 0.050000 0.177239
v 3.043613 0.050000 0.109162
v 3.330044 0.050000 0.152400
v 3.333034 0.050000 -0.215585
v 3.070522 0.050000 -0.215585
v 3.072914 0.050000 -0.269863
v 3.335426 0.050000 -0.269863
v 6.760035 -0.050000 -0.085870
v 6.513071 -0.050000 -0.085870
v 6.516060 -0.050000 -0.140148
v 6.670338 -0.050000 -0.140148
v 6.780366 -0.050000 -0.266183
v 6.590210 -0.050000 -0.266183
v 6.593199 -0.050000 -0.320461
v 6.956769 -0.050000 -0.320461
v 6.956769 -0.050000 -0.316781
v 6.953779 -0.050000 -0.266183
v 6.920890 -0.050000 -0.266183
v 6.811460 -0.050000 -0.140148
v 7.033908 -0.050000 -0.140148
v 7.030918 -0.050000 -0.085870
v 6.915508 -0.050000 -0.085870
v 6.726548 -0.050000 0.149640
v 6.935840 -0.050000 0.166200
v 6.932850 -0.050000 0.220478
v 6.575858 -0.050000 0.191959
v 6.578848 -0.050000 0.137681
v 7.047063 -0.050000 -0.320461
v 7.041681 -0.050000 -0.230304
v 7.015968 -0.050000 -0.230304
v 7.021350 -0.050000 -0.320461
v 7.002215 -0.050000 -0.320461
v 6.997431 -0.050000 -0.230304
v 6.971120 -0.050000 -0.230304
v 6.976502 -0.050000 -0.320461
v 6.218268 -0.050000 -0.251463
v 5.970108 -0.050000 -0.251463
v 5.973098 -0.050000 -0.305741
v 6.368361 -0.050000 -0.305741
v 6.304975 -0.050000 -0.118069
v 6.404239 -0.050000 -0.118069
v 6.384505 -0.050000 0.220478
v 5.924662 -0.050000 0.220478
v 5.936024 -0.050000 0.015326
v 6.190164 -0.050000 0.015326
v 6.181792 -0.050000 0.166200
v 6.256539 -0.050000 0.166200
v 6.269694 -0.050000 -0.064711
v 5.912105 -0.050000 -0.064711
v 5.915094 -0.050000 -0.118069
v 6.173420 -0.050000 -0.118069
v 6.026318 -0.050000 0.069604
v 6.093291 -0.050000 0.069604
v 6.087910 -0.050000 0.166200
v 6.021534 -0.050000 0.166200
v 5.579032 -0.050000 -0.230304
v 5.295591 -0.050000 -0.230304
v 5.298581 -0.050000 -0.283662
v 5.816428 -0.050000 -0.283662
v 5.813438 -0.050000 -0.230304
v 5.733908 -0.050000 -0.230304
v 5.485748 -0.050000 0.147801
v 5.762610 -0.050000 0.167120
v 5.759621 -0.050000 0.220478
v 5.332666 -0.050000 0.191959
v 5.335656 -0.050000 0.137681
v 4.733494 -0.050000 0.220478
v 4.647385 -0.050000 0.220478
v 4.685058 -0.050000 -0.331500
v 4.700007 -0.050000 -0.331500
v 4.771166 -0.050000 -0.331500
v 4.788507 -0.050000 -0.331500
v 4.862657 -0.050000 -0.331500
v 4.874616 -0.050000 -0.331500
v 4.843521 -0.050000 0.220478
v 4.757413 -0.050000 0.220478
v 4.768775 -0.050000 0.014406
v 4.747845 -0.050000 0.014406
v 4.940991 -0.050000 -0.210065
v 4.881194 -0.050000 -0.210065
v 4.884184 -0.050000 -0.265263
v 4.909897 -0.050000 -0.265263
v 4.888370 -0.050000 -0.331500
v 4.955343 -0.050000 -0.331500
v 4.972086 -0.050000 -0.279982
v 4.995407 -0.050000 -0.331500
v 5.105435 -0.050000 -0.331500
v 5.075536 -0.050000 -0.265263
v 5.111415 -0.050000 -0.265263
v 5.141912 -0.050000 -0.331500
v 5.208885 -0.050000 -0.331500
v 5.178388 -0.050000 -0.265263
v 5.209483 -0.050000 -0.265263
v 5.206493 -0.050000 -0.210065
v 5.134736 -0.050000 -0.210065
v 5.153273 -0.050000 -0.165907
v 5.204699 -0.050000 -0.165907
v 5.201709 -0.050000 -0.110709
v 5.176594 -0.050000 -0.110709
v 5.199317 -0.050000 -0.055511
v 5.098857 -0.050000 -0.055511
v 5.076134 -0.050000 -0.110709
v 5.006171 -0.050000 -0.110709
v 4.986438 -0.050000 -0.066551
v 5.057597 -0.050000 -0.066551
v 5.045039 -0.050000 -0.022393
v 5.083908 -0.050000 -0.022393
v 5.159253 -0.050000 -0.022393
v 5.189152 -0.050000 -0.022393
v 5.175398 -0.050000 0.220478
v 5.070154 -0.050000 0.220478
v 5.080918 -0.050000 0.032805
v 5.028894 -0.050000 0.032805
v 4.974478 -0.050000 0.220478
v 4.869234 -0.050000 0.220478
v 4.923650 -0.050000 0.032805
v 4.874018 -0.050000 0.032805
v 4.877008 -0.050000 -0.022393
v 4.939795 -0.050000 -0.022393
v 4.949363 -0.050000 -0.055511
v 4.871626 -0.050000 -0.055511
v 4.896143 -0.050000 -0.110709
v 4.876410 -0.050000 -0.110709
v 4.879400 -0.050000 -0.165907
v 4.921258 -0.050000 -0.165907
v 4.767579 -0.050000 -0.276302
v 4.761001 -0.050000 -0.184306
v 4.780136 -0.050000 -0.184306
v 4.785518 -0.050000 -0.276302
v 4.757413 -0.050000 -0.129108
v 4.751433 -0.050000 -0.040792
v 4.772362 -0.050000 -0.040792
v 4.777146 -0.050000 -0.129108
v 5.031286 -0.050000 -0.165907
v 5.052813 -0.050000 -0.165907
v 5.042647 -0.050000 -0.190746
v 4.164220 -0.050000 -0.226624
v 4.065555 -0.050000 -0.226624
v 4.068544 -0.050000 -0.280902
v 4.176180 -0.050000 -0.280902
v 4.184552 -0.050000 -0.320461
v 4.316106 -0.050000 -0.320461
v 4.307735 -0.050000 -0.280902
v 4.595959 -0.050000 -0.280902
v 4.592969 -0.050000 -0.226624
v 4.295775 -0.050000 -0.226624
v 4.262289 -0.050000 -0.074831
v 4.564865 -0.050000 -0.074831
v 4.548121 -0.050000 0.220478
v 4.112794 -0.050000 0.220478
v 4.115785 -0.050000 0.166200
v 4.419557 -0.050000 0.166200
v 4.430320 -0.050000 -0.021473
v 4.119372 -0.050000 -0.021473
v 3.499271 -0.050000 -0.207305
v 3.446649 -0.050000 -0.207305
v 3.449639 -0.050000 -0.262503
v 3.502261 -0.050000 -0.262503
v 3.506447 -0.050000 -0.331500
v 3.621258 -0.050000 -0.331500
v 3.617072 -0.050000 -0.262503
v 3.650559 -0.050000 -0.262503
v 3.647569 -0.050000 -0.207305
v 3.614083 -0.050000 -0.207305
v 3.605113 -0.050000 -0.046312
v 3.639198 -0.050000 -0.052751
v 3.636208 -0.050000 0.002446
v 3.601525 -0.050000 0.008886
v 3.589566 -0.050000 0.220478
v 3.582988 -0.050000 0.220478
v 3.474754 -0.050000 0.220478
v 3.436484 -0.050000 0.220478
v 3.439474 -0.050000 0.165280
v 3.477744 -0.050000 0.165280
v 3.485518 -0.050000 0.030045
v 3.432896 -0.050000 0.039245
v 3.435886 -0.050000 -0.015953
v 3.489105 -0.050000 -0.025153
v 3.822178 -0.050000 -0.265263
v 3.669096 -0.050000 -0.265263
v 3.672086 -0.050000 -0.320461
v 3.990210 -0.050000 -0.320461
v 3.987220 -0.050000 -0.265263
v 3.941773 -0.050000 -0.265263
v 3.913669 -0.050000 0.220478
v 3.794073 -0.050000 0.220478
v 2.967670 -0.050000 0.220478
v 2.836714 -0.050000 0.220478
v 2.866612 -0.050000 -0.305741
v 2.998167 -0.050000 -0.305741
v 3.326456 -0.050000 0.220478
v 3.040623 -0.050000 0.177239
v 3.043613 -0.050000 0.109162
v 3.330044 -0.050000 0.152400
v 3.333034 -0.050000 -0.215585
v 3.070522 -0.050000 -0.215585
v 3.072914 -0.050000 -0.269863
v 3.335426 -0.050000 -0.269863
v 2.967670 -0.050000 0.220478
v 2.967670 0.050000 0.220478
v 2.836714 -0.050000 0.220478
v 2.836714 0.050000 0.220478
v 2.866612 -0.050000 -0.305741
v 2.866612 0.050000 -0.305741
v 2.998167 -0.050000 -0.305741
v 2.998167 0.050000 -0.305741
v 3.326456 -0.050000 0.220478
v 3.326456 0.050000 0.220478
v 3.040623 -0.050000 0.177239
v 3.040623 0.050000 0.177239
v 3.043613 -0.050000 0.109162
v 3.043613 0.050000 0.109162
v 3.330044 -0.050000 0.152400
v 3.330044 0.050000 0.152400
v 3.333034 -0.050000 -0.215585
v 3.333034 0.050000 -0.215585
v 3.070522 -0.050000 -0.215585
v 3.070522 0.050000 -0.215585
v 3.072914 -0.050000 -0.269863
v 3.072914 0.050000 -0.269863
v 3.335426 -0.050000 -0.269863
v 3.335426 0.050000 -0.269863
v 3.499271 -0.050000 -0.207305
v 3.499271 0.050000 -0.207305
v 3.446649 -0.050000 -0.207305
v 3.446649 0.050000 -0.207305
v 3.449639 -0.050000 -0.262503
v 3.449639 0.050000 -0.262503
v 3.502261 -0.050000 -0.262503
v 3.502261 0.050000 -0.262503
v 3.506447 -0.050000 -0.331500
v 3.506447 0.050000 -0.331500
v 3.621258 -0.050000 -0.331500
v 3.621258 0.050000 -0.331500
v 3.617072 -0.050000 -0.262503
v 3.617072 0.050000 -0.262503
v 3.650559 -0.050000 -0.262503
v 3.650559 0.050000 -0.262503
v 3.647569 -0.050000 -0.207305
v 3.647569 0.050000 -0.207305
v 3.614083 -0.050000 -0.207305
v 3.614083 0.050000 -0.207305
v 3.605113 -0.050000 -0.046312
v 3.605113 0.050000 -0.046312
v 3.639198 -0.050000 -0.052751
v 3.639198 0.050000 -0.052751
v 3.636208 -0.050000 0.002446
v 3.636208 0.050000 0.002446
v 3.601525 -0.050000 0.008886
v 3.601525 0.050000 0.008886
v 3.589566 -0.050000 0.220478
v 3.589566 0.050000 0.220478
v 3.582988 -0.050000 0.220478
v 3.582988 0.050000 0.220478
v 3.474754 -0.050000 0.220478
v 3.474754 0.050000 0.220478
v 3.436484 -0.050000 0.220478
v 3.436484 0.050000 0.220478
v 3.439474 -0.050000 0.165280
v 3.439474 0.050000 0.165280
v 3.477744 -0.050000 0.165280
v 3.477744 0.050000 0.165280
v 3.485518 -0.050000 0.030045
v 3.485518 0.050000 0.030045
v 3.432896 -0.050000 0.039245
v 3.432896 0.050000 0.039245
v 3.435886 -0.050000 -0.015953
v 3.435886 0.050000 -0.015953
v 3.489105 -0.050000 -0.025153
v 3.489105 0.050000 -0.025153
v 3.822178 -0.050000 -0.265263
v 3.822178 0.050000 -0.265263
v 3.669096 -0.050000 -0.265263
v 3.669096 0.050000 -0.265263
v 3.672086 -0.050000 -0.320461
v 3.672086 0.050000 -0.320461
v 3.990210 -0.050000 -0.320461
v 3.990210 0.050000 -0.320461
v 3.987220 -0.050000 -0.265263
v 3.987220 0.050000 -0.265263
v 3.941773 -0.050000 -0.265263
v 3.941773 0.050000 -0.265263
v 3.913669 -0.050000 0.220478
v 3.913669 0.050000 0.220478
v 3.794073 -0.050000 0.220478
v 3.794073 0.050000 0.220478
v 4.164220 -0.050000 -0.226624
v 4.164220 0.050000 -0.226624
v 4.065555 -0.050000 -0.226624
v 4.065555 0.050000 -0.226624
v 4.068544 -0.050000 -0.280902
v 4.068544 0.050000 -0.280902
v 4.176180 -0.050000 -0.280902
v 4.176180 0.050000 -0.280902
v 4.184552 -0.050000 -0.320461
v 4.184552 0.050000 -0.320461
v 4.316106 -0.050000 -0.320461
v 4.316106 0.050000 -0.320461
v 4.307735 -0.050000 -0.280902
v 4.307735 0.050000 -0.280902
v 4.595959 -0.050000 -0.280902
v 4.595959 0.050000 -0.280902
v 4.592969 -0.050000 -0.226624
v 4.592969 0.050000 -0.226624
v 4.295775 -0.050000 -0.226624
v 4.295775 0.050000 -0.226624
v 4.262289 -0.050000 -0.074831
v 4.262289 0.050000 -0.074831
v 4.564865 -0.050000 -0.074831
v 4.564865 0.050000 -0.074831
v 4.548121 -0.050000 0.220478
v 4.548121 0.050000 0.220478
v 4.112794 -0.050000 0.220478
v 4.112794 0.050000 0.220478
v 4.115785 -0.050000 0.166200
v 4.115785 0.050000 0.166200
v 4.419557 -0.050000 0.166200
v 4.419557 0.050000 0.166200
v 4.430320 -0.050000 -0.021473
v 4.430320 0.050000 -0.021473
v 4.119372 -0.050000 -0.021473
v 4.119372 0.050000 -0.021473
v 4.733494 -0.050000 0.220478
v 4.733494 0.050000 0.220478
v 4.647385 -0.050000 0.220478
v 4.647385 0.050000 0.220478
v 4.685058 -0.050000 -0.331500
v 4.685058 0.050000 -0.331500
v 4.700007 -0.050000 -0.331500
v 4.700007 0.050000 -0.331500
v 4.771166 -0.050000 -0.331500
v 4.771166 0.050000 -0.331500
v 4.788507 -0.050000 -0.331500
v 4.788507 0.050000 -0.331500
v 4.862657 -0.050000 -0.331500
v 4.862657 0.050000 -0.331500
v 4.874616 -0.050000 -0.331500
v 4.874616 0.050000 -0.331500
v 4.843521 -0.050000 0.220478
v 4.843521 0.050000 0.220478
v 4.757413 -0.050000 0.220478
v 4.757413 0.050000 0.220478
v 4.768775 -0.050000 0.014406
v 4.768775 0.050000 0.014406
v 4.747845 -0.050000 0.014406
v 4.747845 0.050000 0.014406
v 4.940991 -0.050000 -0.210065
v 4.940991 0.050000 -0.210065
v 4.881194 -0.050000 -0.210065
v 4.881194 0.050000 -0.210065
v 4.884184 -0.050000 -0.265263
v 4.884184 0.050000 -0.265263
v 4.909897 -0.050000 -0.265263
v 4.909897 0.050000 -0.265263
v 4.888370 -0.050000 -0.331500
v 4.888370 0.050000 -0.331500
v 4.955343 -0.050000 -0.331500
v 4.955343 0.050000 -0.331500
v 4.972086 -0.050000 -0.279982
v 4.972086 0.050000 -0.279982
v 4.995407 -0.050000 -0.331500
v 4.995407 0.050000 -0.331500
v 5.105435 -0.050000 -0.331500
v 5.105435 0.050000 -0.331500
v 5.075536 -0.050000 -0.265263
v 5.075536 0.050000 -0.265263
v 5.111415 -0.050000 -0.265263
v 5.111415 0.050000 -0.265263
v 5.141912 -0.050000 -0.331500
v 5.141912 0.050000 -0.331500
v 5.208885 -0.050000 -0.331500
v 5.208885 0.050000 -0.331500
v 5.178388 -0.050000 -0.265263
v 5.178388 0.050000 -0.265263
v 5.209483 -0.050000 -0.265263
v 5.209483 0.050000 -0.265263
v 5.206493 -0.050000 -0.210065
v 5.206493 0.050000 -0.210065
v 5.134736 -0.050000 -0.210065
v 5.134736 0.050000 -0.210065
v 5.153273 -0.050000 -0.165907
v 5.153273 0.050000 -0.165907
v 5.204699 -0.050000 -0.165907
v 5.204699 0.050000 -0.165907
v 5.201709 -0.050000 -0.110709
v 5.201709 0.050000 -0.110709
v 5.176594 -0.050000 -0.110709
v 5.176594 0.050000 -0.110709
v 5.199317 -0.050000 -0.055511
v 5.199317 0.050000 -0.055511
v 5.098857 -0.050000 -0.055511
v 5.098857 0.050000 -0.055511
v 5.076134 -0.050000 -0.110709
v 5.076134 0.050000 -0.110709
v 5.006171 -0.050000 -0.110709
v 5.006171 0.050000 -0.110709
v 4.986438 -0.050000 -0.066551
v 4.986438 0.050000 -0.066551
v 5.057597 -0.050000 -0.066551
v 5.057597 0.050000 -0.066551
v 5.045039 -0.050000 -0.022393
v 5.045039 0.050000 -0.022393
v 5.083908 -0.050000 -0.022393
v 5.083908 0.050000 -0.022393
v 5.159253 -0.050000 -0.022393
v 5.159253 0.050000 -0.022393
v 5.189152 -0.050000 -0.022393
v 5.189152 0.050000 -0.022393
v 5.175398 -0.050000 0.220478
v 5.175398 0.050000 0.220478
v 5.070154 -0.050000 0.220478
v 5.070154 0.050000 0.220478
v 5.080918 -0.050000 0.032805
v 5.080918 0.050000 0.032805
v 5.028894 -0.050000 0.032805
v 5.028894 0.050000 0.032805
v 4.974478 -0.050000 0.220478
v 4.974478 0.050000 0.220478
v 4.869234 -0.050000 0.220478
v 4.869234 0.050000 0.220478
v 4.923650 -0.050000 0.032805
v 4.923650 0.050000 0.032805
v 4.874018 -0.050000 0.032805
v 4.874018 0.050000 0.032805
v 4.877008 -0.050000 -0.022393
v 4.877008 0.050000 -0.022393
v 4.939795 -0.050000 -0.022393
v 4.939795 0.050000 -0.022393
v 4.949363 -0.050000 -0.055511
v 4.949363 0.050000 -0.055511
v 4.871626 -0.050000 -0.055511
v 4.871626 0.050000 -0.055511
v 4.896143 -0.050000 -0.110709
v 4.896143 0.050000 -0.110709
v 4.876410 -0.050000 -0.110709
v 4.876410 0.050000 -0.110709
v 4.879400 -0.050000 -0.165907
v 4.879400 0.050000 -0.165907
v 4.921258 -0.050000 -0.165907
v 4.921258 0.050000 -0.165907
v 4.767579 -0.050000 -0.276302
v 4.767579 0.050000 -0.276302
v 4.761001 -0.050000 -0.184306
v 4.761001 0.050000 -0.184306
v 4.780136 -0.050000 -0.184306
v 4.780136 0.050000 -0.184306
v 4.785518 -0.050000 -0.276302
v 4.785518 0.050000 -0.276302
v 4.757413 -0.050000 -0.129108
v 4.757413 0.050000 -0.129108
v 4.751433 -0.050000 -0.040792
v 4.751433 0.050000 -0.040792
v 4.772362 -0.050000 -0.040792
v 4.772362 0.050000 -0.040792
v 4.777146 -0.050000 -0.129108
v 4.777146 0.050000 -0.129108
v 5.031286 -0.050000 -0.165907
v 5.031286 0.050000 -0.165907
v 5.052813 -0.050000 -0.165907
v 5.052813 0.050000 -0.165907
v 5.042647 -0.050000 -0.190746
v 5.042647 0.050000 -0.190746
v 5.579032 -0.050000 -0.230304
v 5.579032 0.050000 -0.230304
v 5.295591 -0.050000 -0.230304
v 5.295591 0.050000 -0.230304
v 5.298581 -0.050000 -0.283662
v 5.298581 0.050000 -0.283662
v 5.816428 -0.050000 -0.283662
v 5.816428 0.050000 -0.283662
v 5.813438 -0.050000 -0.230304
v 5.813438 0.050000 -0.230304
v 5.733908 -0.050000 -0.230304
v 5.733908 0.050000 -0.230304
v 5.485748 -0.050000 0.147801
v 5.485748 0.050000 0.147801
v 5.762610 -0.050000 0.167120
v 5.762610 0.050000 0.167120
v 5.759621 -0.050000 0.220478
v 5.759621 0.050000 0.220478
v 5.332666 -0.050000 0.191959
v 5.332666 0.050000 0.191959
v 5.335656 -0.050000 0.137681
v 5.335656 0.050000 0.137681
v 6.218268 -0.050000 -0.251463
v 6.218268 0.050000 -0.251463
v 5.970108 -0.050000 -0.251463
v 5.970108 0.050000 -0.251463
v 5.973098 -0.050000 -0.305741
v 5.973098 0.050000 -0.305741
v 6.368361 -0.050000 -0.305741
v 6.368361 0.050000 -0.305741
v 6.304975 -0.050000 -0.118069
v 6.304975 0.050000 -0.118069
v 6.404239 -0.050000 -0.118069
v 6.404239 0.050000 -0.118069
v 6.384505 -0.050000 0.220478
v 6.384505 0.050000 0.220478
v 5.924662 -0.050000 0.220478
v 5.924662 0.050000 0.220478
v 5.936024 -0.050000 0.015326
v 5.936024 0.050000 0.015326
v 6.190164 -0.050000 0.015326
v 6.190164 0.050000 0.015326
v 6.181792 -0.050000 0.166200
v 6.181792 0.050000 0.166200
v 6.256539 -0.050000 0.166200
v 6.256539 0.050000 0.166200
v 6.269694 -0.050000 -0.064711
v 6.269694 0.050000 -0.064711
v 5.912105 -0.050000 -0.064711
v 5.912105 0.050000 -0.064711
v 5.915094 -0.050000 -0.118069
v 5.915094 0.050000 -0.118069
v 6.173420 -0.050000 -0.118069
v 6.173420 0.050000 -0.118069
v 6.026318 -0.050000 0.069604
v 6.026318 0.050000 0.069604
v 6.093291 -0.050000 0.069604
v 6.093291 0.050000 0.069604
v 6.087910 -0.050000 0.166200
v 6.087910 0.050000 0.166200
v 6.021534 -0.050000 0.166200
v 6.021534 0.050000 0.166200
v 6.760035 -0.050000 -0.085870
v 6.760035 0.050000 -0.085870
v 6.513071 -0.050000 -0.085870
v 6.513071 0.050000 -0.085870
v 6.516060 -0.050000 -0.140148
v 6.516060 0.050000 -0.140148
v 6.670338 -0.050000 -0.140148
v 6.670338 0.050000 -0.140148
v 6.780366 -0.050000 -0.266183
v 6.780366 0.050000 -0.266183
v 6.590210 -0.050000 -0.266183
v 6.590210 0.050000 -0.266183
v 6.593199 -0.050000 -0.320461
v 6.593199 0.050000 -0.320461
v 6.956769 -0.050000 -0.320461
v 6.956769 0.050000 -0.320461
v 6.956769 -0.050000 -0.316781
v 6.956769 0.050000 -0.316781
v 6.953779 -0.050000 -0.266183
v 6.953779 0.050000 -0.266183
v 6.920890 -0.050000 -0.266183
v 6.920890 0.050000 -0.266183
v 6.811460 -0.050000 -0.140148
v 6.811460 0.050000 -0.140148
v 7.033908 -0.050000 -0.140148
v 7.033908 0.050000 -0.140148
v 7.030918 -0.050000 -0.085870
v 7.030918 0.050000 -0.085870
v 6.915508 -0.050000 -0.085870
v 6.915508 0.050000 -0.085870
v 6.726548 -0.050000 0.149640
v 6.726548 0.050000 0.149640
v 6.935840 -0.050000 0.166200
v 6.935840 0.050000 0.166200
v 6.932850 -0.050000 0.220478
v 6.932850 0.050000 0.220478
v 6.575858 -0.050000 0.191959
v 6.575858 0.050000 0.191959
v 6.578848 -0.050000 0.137681
v 6.578848 0.050000 0.137681
v 7.047063 -0.050000 -0.320461
v 7.047063 0.050000 -0.320461
v 7.041681 -0.050000 -0.230304
v 7.041681 0.050000 -0.230304
v 7.015968 -0.050000 -0.230304
v 7.015968 0.050000 -0.230304
v 7.021350 -0.050000 -0.320461
v 7.021350 0.050000 -0.320461
v 7.002215 -0.050000 -0.320461
v 7.002215 0.050000 -0.320461
v 6.997431 -0.050000 -0.230304
v 6.997431 0.050000 -0.230304
v 6.971120 -0.050000 -0.230304
v 6.971120 0.050000 -0.230304
v 6.976502 -0.050000 -0.320461
v 6.976502 0.050000 -0.320461
vn -0.0000 1.0000 -0.0000
vn -0.0000 -1.0000 -0.0000
vn -0.8591 -0.0000 0.5117
vn 0.8152 -0.0000 0.5792
vn -0.8156 -0.0000 -0.5785
vn -0.8591 -0.0000 0.5118
vn 0.8595 -0.0000 -0.5111
vn -0.8157 -0.0000 -0.5785
vn -0.8761 -0.0000 0.4822
vn 0.7892 -0.0000 0.6141
vn -0.7933 -0.0000 -0.6088
vn 0.8788 -0.0000 -0.4772
vn 0.8788 -0.0000 -0.4773
vn -0.8547 -0.0000 0.5191
vn 0.8210 -0.0000 0.5710
vn 0.8209 -0.0000 0.5710
vn -0.8209 -0.0000 -0.5710
vn -0.8547 -0.0000 0.5192
vn 0.8547 -0.0000 -0.5191
vn -0.8210 -0.0000 -0.5710
vn 0.8547 -0.0000 -0.5192
vn -0.8582 -0.0000 0.5133
vn -0.8588 -0.0000 0.5124
vn -0.8588 -0.0000 0.5123
vn -0.8168 -0.0000 -0.5770
vn -0.8140 -0.0000 -0.5808
vn 0.8605 -0.0000 -0.5095
vn 0.8582 -0.0000 -0.5133
vn 0.8168 -0.0000 0.5770
vn 0.8161 -0.0000 0.5779
vn 0.8291 -0.0000 -0.5591
vn 0.8285 -0.0000 -0.5600
vn 0.8475 -0.0000 0.5309
vn 0.8466 -0.0000 0.5322
vn 0.8475 -0.0000 0.5308
vn 0.8158 -0.0000 0.5784
vn -0.0000 -0.0000 1.0000
vn -0.8154 -0.0000 -0.5789
vn -0.8322 -0.0000 0.5545
vn -0.8308 -0.0000 0.5565
vn -0.8321 -0.0000 0.5546
vn -0.8455 -0.0000 -0.5340
vn -0.8449 -0.0000 -0.5350
vn -0.8595 -0.0000 0.5111
vn -0.8595 -0.0000 0.5112
vn 0.8152 -0.0000 0.5791
vn -0.8585 -0.0000 0.5128
vn -0.9060 -0.0000 0.4233
vn -0.8164 -0.0000 -0.5775
vn -0.7451 -0.0000 -0.6670
vn 0.9043 -0.0000 -0.4268
vn 0.8585 -0.0000 -0.5127
vn 0.8164 -0.0000 0.5775
vn 0.8585 -0.0000 -0.5128
vn 0.7407 -0.0000 0.6718
vn 0.9065 -0.0000 -0.4222
vn 0.8591 -0.0000 -0.5118
vn 0.8157 -0.0000 0.5785
vn -0.8154 -0.0000 -0.5788
vn -0.8593 -0.0000 0.5115
vn -0.9060 -0.0000 0.4232
vn -0.8593 -0.0000 0.5114
vn -0.8630 -0.0000 0.5052
vn 0.8102 -0.0000 0.5861
vn -0.8108 -0.0000 -0.5853
vn -0.0000 -0.0000 -1.0000
vn 0.8590 -0.0000 -0.5120
vn 0.8159 -0.0000 0.5783
vn -0.8585 -0.0000 0.5127
vn 0.8158 -0.0000 0.5783
vn 0.8103 -0.0000 0.5861
vn -0.8586 -0.0000 0.5127
vn -0.9462 -0.0000 0.3236
vn -0.9462 -0.0000 0.3235
vn -0.9279 -0.0000 -0.3727
vn 0.6890 -0.0000 -0.7247
vn -0.9279 -0.0000 -0.3728
vn 0.1108 -0.0000 -0.9938
vn 0.6891 -0.0000 -0.7247
vn -0.6263 -0.0000 -0.7796
vn 0.9468 -0.0000 -0.3219
vn -0.6226 -0.0000 -0.7826
vn -0.6226 -0.0000 -0.7825
vn 0.9479 -0.0000 -0.3186
vn 0.9427 -0.0000 0.3337
vn 0.8167 -0.0000 0.5770
vn 0.6422 -0.0000 -0.7665
vn 0.9416 -0.0000 0.3368
vn -0.6462 -0.0000 0.7632
vn 0.6291 -0.0000 0.7773
vn 0.9462 -0.0000 -0.3235
vn 0.9203 -0.0000 -0.3913
vn 0.9462 -0.0000 -0.3236
vn 0.9203 -0.0000 -0.3912
vn 0.8157 -0.0000 0.5784
vn 0.8591 -0.0000 -0.5119
vn 0.7065 -0.0000 0.7077
vn -0.9214 -0.0000 0.3886
vn -0.9214 -0.0000 0.3887
vn -0.7070 -0.0000 -0.7072
vn -0.8167 -0.0000 -0.5770
vn -0.9212 -0.0000 0.3892
vn -0.9459 -0.0000 0.3246
vn -0.9459 -0.0000 0.3245
vn -0.6291 -0.0000 -0.7773
vn 0.8641 -0.0000 -0.5033
vn 0.8095 -0.0000 0.5872
vn -0.8150 -0.0000 -0.5795
vn -0.8597 -0.0000 0.5108
vn 0.8629 -0.0000 -0.5054
vn 0.8111 -0.0000 0.5849
vn -0.9412 -0.0000 -0.3377
vn 0.9475 -0.0000 -0.3197
vn -0.0394 -0.0000 0.9992
vn -0.9412 -0.0000 -0.3378
vn -0.0395 -0.0000 0.9992
vn -0.8589 -0.0000 0.5122
vn -0.9664 -0.0000 0.2570
vn -0.8160 -0.0000 -0.5781
vn 0.8589 -0.0000 -0.5122
vn 0.8160 -0.0000 0.5781
vn 0.5348 -0.0000 0.8450
vn 0.9701 -0.0000 -0.2429
vn 0.8689 -0.0000 -0.4951
vn 0.9701 -0.0000 -0.2428
vn 0.8038 -0.0000 0.5949
vn 0.8688 -0.0000 -0.4951
vn -0.8681 -0.0000 0.4963
vn -0.9564 -0.0000 -0.2921
vn -0.8681 -0.0000 0.4964
vn -0.9299 -0.0000 0.3678
vn 0.9301 -0.0000 -0.3672
vn 0.8596 -0.0000 -0.5109
vn 0.8150 -0.0000 0.5794
vn -0.8586 -0.0000 0.5126
vn -0.8162 -0.0000 -0.5777
vn 0.8587 -0.0000 -0.5125
vn -0.8163 -0.0000 -0.5777
vn -0.8156 -0.0000 -0.5786
vn -0.8592 -0.0000 0.5117
vn -0.6835 -0.0000 -0.7300
vn 0.8587 -0.0000 -0.5124
vn -0.8187 -0.0000 -0.5743
vn -0.8187 -0.0000 -0.5742
vn 0.8588 -0.0000 -0.5124
vn -0.8566 -0.0000 0.5160
vn -0.9749 -0.0000 0.2227
vn -0.9749 -0.0000 0.2228
vn -0.4542 -0.0000 -0.8909
vn -0.9776 -0.0000 0.2106
vn -0.9776 -0.0000 0.2105
vn 0.8384 -0.0000 -0.5450
vn 0.9996 -0.0000 0.0295
vn 0.8147 -0.0000 0.5799
vn 0.4558 -0.0000 0.8901
vn 0.9774 -0.0000 -0.2115
vn 0.9774 -0.0000 -0.2114
vn 0.4785 -0.0000 0.8781
vn 0.9783 -0.0000 -0.2071
vn 0.8699 -0.0000 -0.4933
vn 0.9783 -0.0000 -0.2070
vn 0.8018 -0.0000 0.5976
vn 0.8698 -0.0000 -0.4933
vn -0.8699 -0.0000 0.4931
vn -0.9449 -0.0000 -0.3274
vn -0.8699 -0.0000 0.4932
vn 0.8145 -0.0000 0.5802
vn 0.8601 -0.0000 -0.5101
vn -0.8601 -0.0000 0.5101
vn -0.8145 -0.0000 -0.5802
vn 0.8172 -0.0000 0.5763
vn 0.8578 -0.0000 -0.5139
vt 0.074074 0.000000
vt 0.037037 0.000000
vt 0.111111 0.000000
vt 0.407407 0.000000
vt 0.518519 0.000000
vt 0.444444 0.000000
vt 0.000000 0.000000
vt 0.148148 0.000000
vt 0.370370 0.000000
vt 0.629630 0.000000
vt 0.555556 0.000000
vt 0.666667 0.000000
vt 0.703704 0.000000
vt 0.222222 0.000000
vt 0.185185 0.000000
vt 0.925926 0.000000
vt 1.000000 0.000000
vt 0.962963 0.000000
vt 0.851852 0.000000
vt 0.814815 0.000000
vt 0.777778 0.000000
vt 0.740741 0.000000
vt 0.888889 0.000000
vt 0.592593 0.000000
vt 0.481481 0.000000
vt 0.333333 0.000000
vt 0.296296 0.000000
vt 0.259259 0.000000
vt 0.947368 0.000000
vt 0.368421 0.000000
vt 0.421053 0.000000
vt 0.842105 0.000000
vt 0.894737 0.000000
vt 0.315789 0.000000
vt 0.263158 0.000000
vt 0.631579 0.000000
vt 0.210526 0.000000
vt 0.578947 0.000000
vt 0.526316 0.000000
vt 0.789474 0.000000
vt 0.157895 0.000000
vt 0.473684 0.000000
vt 0.105263 0.000000
vt 0.052632 0.000000
vt 0.684211 0.000000
vt 0.736842 0.000000
vt 0.900000 0.000000
vt 0.600000 0.000000
vt 0.500000 0.000000
vt 0.400000 0.000000
vt 0.300000 0.000000
vt 0.800000 0.000000
vt 0.700000 0.000000
vt 0.200000 0.000000
vt 0.100000 0.000000
vt 0.014493 0.000000
vt 0.159420 0.000000
vt 0.927536 0.000000
vt 0.028986 0.000000
vt 0.913043 0.000000
vt 0.956522 0.000000
vt 0.884058 0.000000
vt 0.869565 0.000000
vt 0.057971 0.000000
vt 0.855072 0.000000
vt 0.898551 0.000000
vt 0.072464 0.000000
vt 0.144928 0.000000
vt 0.942029 0.000000
vt 0.043478 0.000000
vt 0.173913 0.000000
vt 0.217391 0.000000
vt 0.188406 0.000000
vt 0.202899 0.000000
vt 0.739130 0.000000
vt 0.724638 0.000000
vt 0.710145 0.000000
vt 0.753623 0.000000
vt 0.826087 0.000000
vt 0.811594 0.000000
vt 0.797101 0.000000
vt 0.840580 0.000000
vt 0.086957 0.000000
vt 0.130435 0.000000
vt 0.115942 0.000000
vt 0.507246 0.000000
vt 0.971014 0.000000
vt 0.521739 0.000000
vt 0.985507 0.000000
vt 0.304348 0.000000
vt 0.652174 0.000000
vt 0.565217 0.000000
vt 0.536232 0.000000
vt 0.550725 0.000000
vt 0.260870 0.000000
vt 0.275362 0.000000
vt 0.449275 0.000000
vt 0.434783 0.000000
vt 0.463768 0.000000
vt 0.391304 0.000000
vt 0.376812 0.000000
vt 0.362319 0.000000
vt 0.594203 0.000000
vt 0.623188 0.000000
vt 0.608696 0.000000
vt 0.478261 0.000000
vt 0.492754 0.000000
vt 0.420290 0.000000
vt 0.405797 0.000000
vt 0.318841 0.000000
vt 0.347826 0.000000
vt 0.637681 0.000000
vt 0.579710 0.000000
vt 0.289855 0.000000
vt 0.695652 0.000000
vt 0.681159 0.000000
vt 0.768116 0.000000
vt 0.782609 0.000000
vt 0.246377 0.000000
vt 0.231884 0.000000
vt 0.101449 0.000000
vt 0.588235 0.000000
vt 0.117647 0.000000
vt 0.058824 0.000000
vt 0.176471 0.000000
vt 0.941176 0.000000
vt 0.705882 0.000000
vt 0.647059 0.000000
vt 0.882353 0.000000
vt 0.352941 0.000000
vt 0.529412 0.000000
vt 0.470588 0.000000
vt 0.764706 0.000000
vt 0.823529 0.000000
vt 0.235294 0.000000
vt 0.294118 0.000000
vt 0.411765 0.000000
vt 0.580645 0.000000
vt 0.548387 0.000000
vt 0.516129 0.000000
vt 0.612903 0.000000
vt 0.451613 0.000000
vt 0.419355 0.000000
vt 0.483871 0.000000
vt 0.645161 0.000000
vt 0.741935 0.000000
vt 0.709677 0.000000
vt 0.677419 0.000000
vt 0.064516 0.000000
vt 0.032258 0.000000
vt 0.096774 0.000000
vt 0.387097 0.000000
vt 0.354839 0.000000
vt 0.322581 0.000000
vt 0.193548 0.000000
vt 0.290323 0.000000
vt 0.258065 0.000000
vt 0.225806 0.000000
vt 0.838710 0.000000
vt 0.806452 0.000000
vt 0.774194 0.000000
vt 0.903226 0.000000
vt 0.870968 0.000000
vt 0.935484 0.000000
vt 0.967742 0.000000
vt 0.129032 0.000000
vt 0.161290 0.000000
vt 0.181818 0.000000
vt 0.090909 0.000000
vt 0.909091 0.000000
vt 0.818182 0.000000
vt 0.727273 0.000000
vt 0.363636 0.000000
vt 0.636364 0.000000
vt 0.454545 0.000000
vt 0.545455 0.000000
vt 0.272727 0.000000
vt 0.250000 1.000000
vt 0.000000 1.000000
vt 0.500000 1.000000
vt 0.250000 0.000000
vt 0.750000 1.000000
vt 1.000000 1.000000
vt 0.750000 0.000000
vt 0.041667 1.000000
vt 0.083333 1.000000
vt 0.041667 0.000000
vt 0.125000 1.000000
vt 0.083333 0.000000
vt 0.166667 1.000000
vt 0.125000 0.000000
vt 0.208333 1.000000
vt 0.166667 0.000000
vt 0.208333 0.000000
vt 0.291667 1.000000
vt 0.333333 1.000000
vt 0.291667 0.000000
vt 0.375000 1.000000
vt 0.416667 1.000000
vt 0.375000 0.000000
vt 0.458333 1.000000
vt 0.416667 0.000000
vt 0.458333 0.000000
vt 0.541667 1.000000
vt 0.583333 1.000000
vt 0.541667 0.000000
vt 0.625000 1.000000
vt 0.583333 0.000000
vt 0.666667 1.000000
vt 0.625000 0.000000
vt 0.708333 1.000000
vt 0.708333 0.000000
vt 0.791667 1.000000
vt 0.833333 1.000000
vt 0.791667 0.000000
vt 0.875000 1.000000
vt 0.833333 0.000000
vt 0.916667 1.000000
vt 0.875000 0.000000
vt 0.958333 1.000000
vt 0.916667 0.000000
vt 0.958333 0.000000
vt 0.055556 1.000000
vt 0.111111 1.000000
vt 0.055556 0.000000
vt 0.222222 1.000000
vt 0.277778 1.000000
vt 0.277778 0.000000
vt 0.388889 1.000000
vt 0.444444 1.000000
vt 0.388889 0.000000
vt 0.555556 1.000000
vt 0.611111 1.000000
vt 0.611111 0.000000
vt 0.722222 1.000000
vt 0.777778 1.000000
vt 0.722222 0.000000
vt 0.888889 1.000000
vt 0.944444 1.000000
vt 0.944444 0.000000
vt 0.021277 1.000000
vt 0.042553 1.000000
vt 0.021277 0.000000
vt 0.063830 1.000000
vt 0.042553 0.000000
vt 0.085106 1.000000
vt 0.063830 0.000000
vt 0.106383 1.000000
vt 0.085106 0.000000
vt 0.127660 1.000000
vt 0.106383 0.000000
vt 0.148936 1.000000
vt 0.127660 0.000000
vt 0.170213 1.000000
vt 0.148936 0.000000
vt 0.191489 1.000000
vt 0.170213 0.000000
vt 0.212766 1.000000
vt 0.191489 0.000000
vt 0.234043 1.000000
vt 0.212766 0.000000
vt 0.255319 1.000000
vt 0.234043 0.000000
vt 0.276596 1.000000
vt 0.255319 0.000000
vt 0.297872 1.000000
vt 0.276596 0.000000
vt 0.319149 1.000000
vt 0.297872 0.000000
vt 0.340426 1.000000
vt 0.319149 0.000000
vt 0.361702 1.000000
vt 0.340426 0.000000
vt 0.382979 1.000000
vt 0.361702 0.000000
vt 0.404255 1.000000
vt 0.382979 0.000000
vt 0.425532 1.000000
vt 0.404255 0.000000
vt 0.446809 1.000000
vt 0.425532 0.000000
vt 0.468085 1.000000
vt 0.446809 0.000000
vt 0.489362 1.000000
vt 0.468085 0.000000
vt 0.510638 1.000000
vt 0.489362 0.000000
vt 0.531915 1.000000
vt 0.510638 0.000000
vt 0.553191 1.000000
vt 0.531915 0.000000
vt 0.574468 1.000000
vt 0.553191 0.000000
vt 0.595745 1.000000
vt 0.574468 0.000000
vt 0.617021 1.000000
vt 0.595745 0.000000
vt 0.638298 1.000000
vt 0.617021 0.000000
vt 0.659574 1.000000
vt 0.638298 0.000000
vt 0.680851 1.000000
vt 0.659574 0.000000
vt 0.702128 1.000000
vt 0.680851 0.000000
vt 0.723404 1.000000
vt 0.702128 0.000000
vt 0.744681 1.000000
vt 0.723404 0.000000
vt 0.765957 1.000000
vt 0.744681 0.000000
vt 0.787234 1.000000
vt 0.765957 0.000000
vt 0.808511 1.000000
vt 0.787234 0.000000
vt 0.829787 1.000000
vt 0.808511 0.000000
vt 0.851064 1.000000
vt 0.829787 0.000000
vt 0.872340 1.000000
vt 0.851064 0.000000
vt 0.893617 1.000000
vt 0.872340 0.000000
vt 0.914894 1.000000
vt 0.893617 0.000000
vt 0.936170 1.000000
vt 0.914894 0.000000
vt 0.957447 1.000000
vt 0.936170 0.000000
vt 0.978723 1.000000
vt 0.957447 0.000000
vt 0.978723 0.000000
vt 0.090909 1.000000
vt 0.181818 1.000000
vt 0.272727 1.000000
vt 0.363636 1.000000
vt 0.454545 1.000000
vt 0.545455 1.000000
vt 0.636364 1.000000
vt 0.727273 1.000000
vt 0.818182 1.000000
vt 0.909091 1.000000
vt 0.062500 1.000000
vt 0.062500 0.000000
vt 0.187500 1.000000
vt 0.187500 0.000000
vt 0.312500 1.000000
vt 0.312500 0.000000
vt 0.437500 1.000000
vt 0.437500 0.000000
vt 0.562500 1.000000
vt 0.562500 0.000000
vt 0.687500 1.000000
vt 0.687500 0.000000
vt 0.812500 1.000000
vt 0.812500 0.000000
vt 0.937500 1.000000
vt 0.937500 0.000000
vt 0.050000 1.000000
vt 0.100000 1.000000
vt 0.050000 0.000000
vt 0.150000 1.000000
vt 0.200000 1.000000
vt 0.150000 0.000000
vt 0.300000 1.000000
vt 0.350000 1.000000
vt 0.400000 1.000000
vt 0.350000 0.000000
vt 0.450000 1.000000
vt 0.450000 0.000000
vt 0.550000 1.000000
vt 0.600000 1.000000
vt 0.550000 0.000000
vt 0.650000 1.000000
vt 0.700000 1.000000
vt 0.650000 0.000000
vt 0.800000 1.000000
vt 0.850000 1.000000
vt 0.900000 1.000000
vt 0.850000 0.000000
vt 0.950000 1.000000
vt 0.950000 0.000000
s 0
usemtl Material.013
f 1583/673/317 1582/674/317 1584/675/317
f 1592/676/317 1595/677/317 1593/678/317
f 1595/677/317 1592/676/317 1581/679/317
f 1585/680/317 1581/679/317 1592/676/317
f 1592/676/317 1591/681/317 1585/680/317
f 1598/682/317 1596/683/317 1599/684/317
f 1600/685/317 1599/684/317 1596/683/317
f 1584/675/317 1582/674/317 1581/679/317
f 1581/679/317 1585/680/317 1584/675/317
f 1587/686/317 1586/687/317 1585/680/317
f 1606/688/317 1608/689/317 1607/690/317
f 1604/691/317 1603/692/317 1602/693/317
f 1602/693/317 1601/694/317 1604/691/317
f 1608/689/317 1606/688/317 1605/695/317
f 1596/683/317 1598/682/317 1597/696/317
f 1581/679/317 1596/683/317 1595/677/317
f 1594/697/317 1593/678/317 1595/677/317
f 1590/698/317 1589/699/317 1591/681/317
f 1589/699/317 1588/700/317 1591/681/317
f 1585/680/317 1591/681/317 1588/700/317
f 1587/686/317 1585/680/317 1588/700/317
f 1596/683/317 1581/679/317 1600/685/317
f 1627/701/317 1628/689/317 1616/702/317
f 1617/703/317 1616/702/317 1628/689/317
f 1628/689/317 1625/704/317 1617/703/317
f 1625/704/317 1626/705/317 1617/703/317
f 1615/706/317 1614/707/317 1621/708/317
f 1613/709/317 1621/708/317 1614/707/317
f 1620/710/317 1619/711/317 1615/706/317
f 1615/706/317 1621/708/317 1620/710/317
f 1609/679/317 1624/712/317 1621/708/317
f 1621/708/317 1613/709/317 1609/679/317
f 1613/709/317 1612/713/317 1609/679/317
f 1615/706/317 1619/711/317 1616/702/317
f 1627/701/317 1616/702/317 1619/711/317
f 1626/705/317 1627/701/317 1619/711/317
f 1619/711/317 1618/714/317 1626/705/317
f 1611/715/317 1610/716/317 1609/679/317
f 1609/679/317 1612/713/317 1611/715/317
f 1626/705/317 1618/714/317 1617/703/317
f 1621/708/317 1624/712/317 1622/717/317
f 1623/718/317 1622/717/317 1624/712/317
f 1639/689/317 1638/719/317 1635/720/317
f 1639/689/317 1635/720/317 1629/679/317
f 1634/721/317 1629/679/317 1635/720/317
f 1633/722/317 1632/723/317 1634/721/317
f 1629/679/317 1634/721/317 1632/723/317
f 1635/720/317 1638/719/317 1637/724/317
f 1637/724/317 1636/725/317 1635/720/317
f 1631/726/317 1630/727/317 1629/679/317
f 1629/679/317 1632/723/317 1631/726/317
f 1641/728/317 1640/679/317 1651/729/317
f 1651/729/317 1704/730/317 1641/728/317
f 1642/731/317 1641/728/317 1704/730/317
f 1704/730/317 1703/732/317 1642/731/317
f 1706/733/317 1701/734/317 1700/735/317
f 1644/736/317 1699/737/317 1702/738/317
f 1702/738/317 1645/739/317 1644/736/317
f 1704/730/317 1651/729/317 1650/740/317
f 1650/740/317 1705/741/317 1704/730/317
f 1706/733/317 1700/735/317 1703/732/317
f 1642/731/317 1703/732/317 1700/735/317
f 1643/742/317 1642/731/317 1700/735/317
f 1700/735/317 1699/737/317 1643/742/317
f 1699/737/317 1644/736/317 1643/742/317
f 1652/743/317 1655/744/317 1653/745/317
f 1654/746/317 1653/745/317 1655/744/317
f 1691/747/317 1690/748/317 1689/749/317
f 1689/749/317 1692/750/317 1691/747/317
f 1697/751/317 1696/752/317 1695/753/317
f 1695/753/317 1698/754/317 1697/751/317
f 1702/738/317 1701/734/317 1646/755/317
f 1650/740/317 1649/756/317 1648/757/317
f 1645/739/317 1702/738/317 1646/755/317
f 1675/758/317 1707/759/317 1676/760/317
f 1708/761/317 1707/759/317 1675/758/317
f 1709/689/317 1708/761/317 1661/762/317
f 1685/763/317 1679/764/317 1686/684/317
f 1677/765/317 1686/684/317 1679/764/317
f 1679/764/317 1678/766/317 1677/765/317
f 1707/759/317 1709/689/317 1658/767/317
f 1659/768/317 1658/767/317 1709/689/317
f 1709/689/317 1661/762/317 1659/768/317
f 1671/769/317 1670/770/317 1672/771/317
f 1667/772/317 1666/773/317 1665/774/317
f 1681/775/317 1683/776/317 1682/777/317
f 1673/778/317 1672/771/317 1674/779/317
f 1669/780/317 1674/779/317 1672/771/317
f 1672/771/317 1670/770/317 1669/780/317
f 1667/772/317 1665/774/317 1668/781/317
f 1662/782/317 1668/781/317 1665/774/317
f 1663/698/317 1662/782/317 1665/774/317
f 1665/774/317 1664/783/317 1663/698/317
f 1685/763/317 1684/784/317 1683/776/317
f 1683/776/317 1681/775/317 1685/763/317
f 1681/775/317 1680/785/317 1685/763/317
f 1679/764/317 1685/763/317 1680/785/317
f 1674/779/317 1669/780/317 1675/758/317
f 1669/780/317 1668/781/317 1675/758/317
f 1708/761/317 1675/758/317 1668/781/317
f 1661/762/317 1708/761/317 1668/781/317
f 1668/781/317 1662/782/317 1661/762/317
f 1659/768/317 1661/762/317 1660/786/317
f 1689/749/317 1688/787/317 1687/788/317
f 1687/788/317 1686/684/317 1689/749/317
f 1692/750/317 1689/749/317 1686/684/317
f 1686/684/317 1677/765/317 1692/750/317
f 1677/765/317 1693/789/317 1692/750/317
f 1695/753/317 1694/790/317 1693/789/317
f 1698/754/317 1695/753/317 1693/789/317
f 1693/789/317 1677/765/317 1698/754/317
f 1677/765/317 1676/760/317 1698/754/317
f 1652/743/317 1698/754/317 1676/760/317
f 1676/760/317 1707/759/317 1652/743/317
f 1707/759/317 1658/767/317 1652/743/317
f 1655/744/317 1652/743/317 1658/767/317
f 1658/767/317 1657/791/317 1655/744/317
f 1656/792/317 1655/744/317 1657/791/317
f 1705/741/317 1650/740/317 1648/757/317
f 1648/757/317 1647/793/317 1705/741/317
f 1706/733/317 1705/741/317 1647/793/317
f 1701/734/317 1706/733/317 1647/793/317
f 1647/793/317 1646/755/317 1701/734/317
f 1710/679/317 1727/689/317 1720/794/317
f 1712/795/317 1711/796/317 1710/679/317
f 1710/679/317 1713/797/317 1712/795/317
f 1726/798/317 1722/799/317 1721/800/317
f 1722/799/317 1726/798/317 1725/801/317
f 1716/802/317 1719/803/317 1718/804/317
f 1722/799/317 1725/801/317 1723/805/317
f 1724/806/317 1723/805/317 1725/801/317
f 1720/794/317 1727/689/317 1726/798/317
f 1726/798/317 1721/800/317 1720/794/317
f 1710/679/317 1720/794/317 1719/803/317
f 1713/797/317 1710/679/317 1719/803/317
f 1714/807/317 1713/797/317 1719/803/317
f 1719/803/317 1716/802/317 1714/807/317
f 1716/802/317 1715/808/317 1714/807/317
f 1718/804/317 1717/809/317 1716/802/317
f 1746/810/317 1745/811/317 1744/812/317
f 1744/812/317 1747/813/317 1746/810/317
f 1742/814/317 1741/815/317 1743/816/317
f 1743/816/317 1741/815/317 1748/817/317
f 1751/818/317 1748/817/317 1741/815/317
f 1747/813/317 1744/812/317 1743/816/317
f 1743/816/317 1748/817/317 1747/813/317
f 1750/819/317 1749/820/317 1748/817/317
f 1748/817/317 1751/818/317 1750/819/317
f 1730/821/317 1729/822/317 1728/679/317
f 1728/679/317 1731/823/317 1730/821/317
f 1740/824/317 1739/825/317 1738/826/317
f 1734/827/317 1737/828/317 1736/829/317
f 1736/829/317 1735/830/317 1734/827/317
f 1754/831/317 1753/832/317 1752/833/317
f 1756/834/317 1755/835/317 1757/836/317
f 1752/833/317 1759/689/317 1758/837/317
f 1758/837/317 1757/836/317 1752/833/317
f 1757/836/317 1755/835/317 1752/833/317
f 1754/831/317 1752/833/317 1755/835/317
f 1740/824/317 1738/826/317 1741/815/317
f 1751/818/317 1741/815/317 1738/826/317
f 1728/679/317 1751/818/317 1738/826/317
f 1738/826/317 1737/828/317 1728/679/317
f 1731/823/317 1728/679/317 1737/828/317
f 1737/828/317 1734/827/317 1731/823/317
f 1732/838/317 1731/823/317 1734/827/317
f 1734/827/317 1733/839/317 1732/838/317
f 1762/840/317 1761/841/317 1760/679/317
f 1770/842/317 1769/843/317 1768/844/317
f 1768/844/317 1771/689/317 1770/842/317
f 1764/845/317 1767/846/317 1765/847/317
f 1766/848/317 1765/847/317 1767/846/317
f 1763/849/317 1762/840/317 1760/679/317
f 1774/673/318 1775/675/318 1773/674/318
f 1783/676/318 1784/678/318 1786/677/318
f 1786/677/318 1772/679/318 1783/676/318
f 1776/680/318 1783/676/318 1772/679/318
f 1783/676/318 1776/680/318 1782/681/318
f 1789/682/318 1790/684/318 1787/683/318
f 1791/685/318 1787/683/318 1790/684/318
f 1775/675/318 1772/679/318 1773/674/318
f 1772/679/318 1775/675/318 1776/680/318
f 1778/686/318 1776/680/318 1777/687/318
f 1797/688/318 1798/690/318 1799/689/318
f 1795/691/318 1793/693/318 1794/692/318
f 1793/693/318 1795/691/318 1792/694/318
f 1799/689/318 1796/695/318 1797/688/318
f 1787/683/318 1788/696/318 1789/682/318
f 1772/679/318 1786/677/318 1787/683/318
f 1785/697/318 1786/677/318 1784/678/318
f 1781/698/318 1782/681/318 1780/699/318
f 1780/699/318 1782/681/318 1779/700/318
f 1776/680/318 1779/700/318 1782/681/318
f 1778/686/318 1779/700/318 1776/680/318
f 1787/683/318 1791/685/318 1772/679/318
f 1818/701/318 1807/702/318 1819/689/318
f 1808/703/318 1819/689/318 1807/702/318
f 1819/689/318 1808/703/318 1816/704/318
f 1816/704/318 1808/703/318 1817/705/318
f 1806/706/318 1812/708/318 1805/707/318
f 1804/709/318 1805/707/318 1812/708/318
f 1811/710/318 1806/706/318 1810/711/318
f 1806/706/318 1811/710/318 1812/708/318
f 1800/679/318 1812/708/318 1815/712/318
f 1812/708/318 1800/679/318 1804/709/318
f 1804/709/318 1800/679/318 1803/713/318
f 1806/706/318 1807/702/318 1810/711/318
f 1818/701/318 1810/711/318 1807/702/318
f 1817/705/318 1810/711/318 1818/701/318
f 1810/711/318 1817/705/318 1809/714/318
f 1802/715/318 1800/679/318 1801/716/318
f 1800/679/318 1802/715/318 1803/713/318
f 1817/705/318 1808/703/318 1809/714/318
f 1812/708/318 1813/717/318 1815/712/318
f 1814/718/318 1815/712/318 1813/717/318
f 1830/689/318 1826/720/318 1829/719/318
f 1830/689/318 1820/679/318 1826/720/318
f 1825/721/318 1826/720/318 1820/679/318
f 1824/722/318 1825/721/318 1823/723/318
f 1820/679/318 1823/723/318 1825/721/318
f 1826/720/318 1828/724/318 1829/719/318
f 1828/724/318 1826/720/318 1827/725/318
f 1822/726/318 1820/679/318 1821/727/318
f 1820/679/318 1822/726/318 1823/723/318
f 1832/728/318 1842/729/318 1831/679/318
f 1842/729/318 1832/728/318 1895/730/318
f 1833/731/318 1895/730/318 1832/728/318
f 1895/730/318 1833/731/318 1894/732/318
f 1897/733/318 1891/735/318 1892/734/318
f 1835/736/318 1893/738/318 1890/737/318
f 1893/738/318 1835/736/318 1836/739/318
f 1895/730/318 1841/740/318 1842/729/318
f 1841/740/318 1895/730/318 1896/741/318
f 1897/733/318 1894/732/318 1891/735/318
f 1833/731/318 1891/735/318 1894/732/318
f 1834/742/318 1891/735/318 1833/731/318
f 1891/735/318 1834/742/318 1890/737/318
f 1890/737/318 1834/742/318 1835/736/318
f 1843/743/318 1844/745/318 1846/744/318
f 1845/746/318 1846/744/318 1844/745/318
f 1882/747/318 1880/749/318 1881/748/318
f 1880/749/318 1882/747/318 1883/750/318
f 1888/751/318 1886/753/318 1887/752/318
f 1886/753/318 1888/751/318 1889/754/318
f 1893/738/318 1837/755/318 1892/734/318
f 1841/740/318 1839/757/318 1840/756/318
f 1836/739/318 1837/755/318 1893/738/318
f 1866/758/318 1867/760/318 1898/759/318
f 1899/761/318 1866/758/318 1898/759/318
f 1900/689/318 1852/762/318 1899/761/318
f 1876/763/318 1877/684/318 1870/764/318
f 1868/765/318 1870/764/318 1877/684/318
f 1870/764/318 1868/765/318 1869/766/318
f 1898/759/318 1849/767/318 1900/689/318
f 1850/768/318 1900/689/318 1849/767/318
f 1900/689/318 1850/768/318 1852/762/318
f 1862/769/318 1863/771/318 1861/770/318
f 1858/772/318 1856/774/318 1857/773/318
f 1872/775/318 1873/777/318 1874/776/318
f 1864/778/318 1865/779/318 1863/771/318
f 1860/780/318 1863/771/318 1865/779/318
f 1863/771/318 1860/780/318 1861/770/318
f 1858/772/318 1859/781/318 1856/774/318
f 1853/782/318 1856/774/318 1859/781/318
f 1854/698/318 1856/774/318 1853/782/318
f 1856/774/318 1854/698/318 1855/783/318
f 1876/763/318 1874/776/318 1875/784/318
f 1874/776/318 1876/763/318 1872/775/318
f 1872/775/318 1876/763/318 1871/785/318
f 1870/764/318 1871/785/318 1876/763/318
f 1865/779/318 1866/758/318 1860/780/318
f 1860/780/318 1866/758/318 1859/781/318
f 1899/761/318 1859/781/318 1866/758/318
f 1852/762/318 1859/781/318 1899/761/318
f 1859/781/318 1852/762/318 1853/782/318
f 1850/768/318 1851/786/318 1852/762/318
f 1880/749/318 1878/788/318 1879/787/318
f 1878/788/318 1880/749/318 1877/684/318
f 1883/750/318 1877/684/318 1880/749/318
f 1877/684/318 1883/750/318 1868/765/318
f 1868/765/318 1883/750/318 1884/789/318
f 1886/753/318 1884/789/318 1885/790/318
f 1889/754/318 1884/789/318 1886/753/318
f 1884/789/318 1889/754/318 1868/765/318
f 1868/765/318 1889/754/318 1867/760/318
f 1843/743/318 1867/760/318 1889/754/318
f 1867/760/318 1843/743/318 1898/759/318
f 1898/759/318 1843/743/318 1849/767/318
f 1846/744/318 1849/767/318 1843/743/318
f 1849/767/318 1846/744/318 1848/791/318
f 1847/792/318 1848/791/318 1846/744/318
f 1896/741/318 1839/757/318 1841/740/318
f 1839/757/318 1896/741/318 1838/793/318
f 1897/733/318 1838/793/318 1896/741/318
f 1892/734/318 1838/793/318 1897/733/318
f 1838/793/318 1892/734/318 1837/755/318
f 1901/679/318 1911/794/318 1918/689/318
f 1903/795/318 1901/679/318 1902/796/318
f 1901/679/318 1903/795/318 1904/797/318
f 1917/798/318 1912/800/318 1913/799/318
f 1913/799/318 1916/801/318 1917/798/318
f 1907/802/318 1909/804/318 1910/803/318
f 1913/799/318 1914/805/318 1916/801/318
f 1915/806/318 1916/801/318 1914/805/318
f 1911/794/318 1917/798/318 1918/689/318
f 1917/798/318 1911/794/318 1912/800/318
f 1901/679/318 1910/803/318 1911/794/318
f 1904/797/318 1910/803/318 1901/679/318
f 1905/807/318 1910/803/318 1904/797/318
f 1910/803/318 1905/807/318 1907/802/318
f 1907/802/318 1905/807/318 1906/808/318
f 1909/804/318 1907/802/318 1908/809/318
f 1937/810/318 1935/812/318 1936/811/318
f 1935/812/318 1937/810/318 1938/813/318
f 1933/814/318 1934/816/318 1932/815/318
f 1934/816/318 1939/817/318 1932/815/318
f 1942/818/318 1932/815/318 1939/817/318
f 1938/813/318 1934/816/318 1935/812/318
f 1934/816/318 1938/813/318 1939/817/318
f 1941/819/318 1939/817/318 1940/820/318
f 1939/817/318 1941/819/318 1942/818/318
f 1921/821/318 1919/679/318 1920/822/318
f 1919/679/318 1921/821/318 1922/823/318
f 1931/824/318 1929/826/318 1930/825/318
f 1925/827/318 1927/829/318 1928/828/318
f 1927/829/318 1925/827/318 1926/830/318
f 1945/831/318 1943/833/318 1944/832/318
f 1947/834/318 1948/836/318 1946/835/318
f 1943/833/318 1949/837/318 1950/689/318
f 1949/837/318 1943/833/318 1948/836/318
f 1948/836/318 1943/833/318 1946/835/318
f 1945/831/318 1946/835/318 1943/833/318
f 1931/824/318 1932/815/318 1929/826/318
f 1942/818/318 1929/826/318 1932/815/318
f 1919/679/318 1929/826/318 1942/818/318
f 1929/826/318 1919/679/318 1928/828/318
f 1922/823/318 1928/828/318 1919/679/318
f 1928/828/318 1922/823/318 1925/827/318
f 1923/838/318 1925/827/318 1922/823/318
f 1925/827/318 1923/838/318 1924/839/318
f 1953/840/318 1951/679/318 1952/841/318
f 1961/842/318 1959/844/318 1960/843/318
f 1959/844/318 1961/842/318 1962/689/318
f 1955/845/318 1956/847/318 1958/846/318
f 1957/848/318 1958/846/318 1956/847/318
f 1954/849/318 1951/679/318 1953/840/318
s 1
f 1966/850/319 1963/679/320 1964/851/320
f 1968/852/321 1965/853/322 1966/850/319
f 1970/854/323 1967/721/324 1968/852/321
f 1964/855/320 1969/856/323 1970/854/323
f 1974/850/325 1971/679/326 1972/851/326
f 1976/852/327 1973/853/325 1974/850/325
f 1978/854/328 1975/721/327 1976/852/327
f 1972/855/326 1977/856/329 1978/854/328
f 1982/850/330 1979/679/331 1980/851/332
f 1984/852/333 1981/853/334 1982/850/330
f 1986/854/335 1983/721/336 1984/852/333
f 1980/855/332 1985/856/337 1986/854/335
f 1990/857/338 1987/679/339 1988/851/340
f 1992/858/341 1989/859/338 1990/857/338
f 1994/860/342 1991/861/341 1992/858/341
f 1996/862/342 1993/863/342 1994/860/342
f 1998/864/343 1995/865/342 1996/862/342
f 2000/850/343 1997/866/343 1998/864/343
f 2002/867/344 1999/853/343 2000/850/343
f 2004/868/345 2001/869/344 2002/867/344
f 2006/870/346 2003/698/345 2004/868/345
f 2008/871/347 2005/872/346 2006/870/346
f 2010/873/348 2007/874/347 2008/871/347
f 2012/852/349 2009/875/348 2010/873/348
f 2014/876/350 2011/721/351 2012/852/349
f 2016/877/352 2013/878/350 2014/876/350
f 2018/879/353 2015/880/352 2016/877/352
f 2020/881/353 2017/882/353 2018/879/353
f 2022/883/338 2019/684/353 2020/881/353
f 2024/854/341 2021/884/338 2022/883/338
f 2026/885/354 2023/856/341 2024/854/341
f 2028/886/355 2025/887/354 2026/885/354
f 2030/888/356 2027/889/357 2028/886/355
f 2032/890/358 2029/891/356 2030/888/356
f 2034/892/359 2031/893/358 2032/890/358
f 1988/855/340 2033/894/359 2034/892/359
f 2038/860/338 2035/679/360 2036/851/361
f 2040/850/341 2037/863/338 2038/860/338
f 2042/870/344 2039/853/341 2040/850/341
f 2044/852/345 2041/872/344 2042/870/344
f 2046/879/320 2043/721/345 2044/852/345
f 2048/854/320 2045/882/320 2046/879/320
f 2050/888/360 2047/856/362 2048/854/320
f 2036/855/361 2049/891/361 2050/888/360
f 2054/895/363 2051/679/364 2052/851/364
f 2056/896/365 2053/897/363 2054/895/363
f 2058/862/366 2055/675/365 2056/896/365
f 2060/898/366 2057/865/366 2058/862/366
f 2062/899/367 2059/686/366 2060/898/366
f 2064/868/367 2061/900/367 2062/899/367
f 2066/901/368 2063/698/367 2064/868/367
f 2068/902/369 2065/903/370 2066/901/368
f 2070/852/371 2067/678/369 2068/902/369
f 2072/904/372 2069/721/371 2070/852/371
f 2074/905/373 2071/683/372 2072/904/372
f 2076/881/374 2073/906/373 2074/905/373
f 2078/907/363 2075/684/374 2076/881/374
f 2080/908/365 2077/909/363 2078/907/363
f 2082/886/375 2079/693/365 2080/908/365
f 2084/910/376 2081/889/354 2082/886/375
f 2086/911/377 2083/695/378 2084/910/376
f 2052/855/364 2085/912/364 2086/911/377
f 2090/858/379 2087/679/380 2088/851/380
f 2092/862/381 2089/861/379 2090/858/379
f 2094/850/382 2091/865/381 2092/862/381
f 2096/868/382 2093/853/382 2094/850/382
f 2098/871/382 2095/698/382 2096/868/382
f 2100/852/382 2097/874/382 2098/871/382
f 2102/877/383 2099/721/382 2100/852/382
f 2104/881/384 2101/880/383 2102/877/383
f 2106/854/385 2103/684/386 2104/881/384
f 2108/886/385 2105/856/385 2106/854/385
f 2110/890/387 2107/889/388 2108/886/385
f 2088/855/380 2109/893/380 2110/890/387
f 2114/913/338 2111/679/389 2112/851/390
f 2116/914/341 2113/915/338 2114/913/338
f 2118/916/391 2115/917/341 2116/914/341
f 2120/918/391 2117/919/391 2118/916/391
f 2122/920/392 2119/921/393 2120/918/391
f 2124/922/394 2121/923/395 2122/920/392
f 2126/924/396 2123/925/394 2124/922/394
f 2128/926/397 2125/927/396 2126/924/396
f 2130/928/397 2127/929/397 2128/926/397
f 2132/930/398 2129/931/397 2130/928/397
f 2134/932/399 2131/933/399 2132/930/398
f 2136/934/400 2133/935/398 2134/932/399
f 2138/936/400 2135/937/400 2136/934/400
f 2140/938/344 2137/939/400 2138/936/400
f 2142/940/345 2139/941/344 2140/938/344
f 2144/942/401 2141/943/402 2142/940/345
f 2146/944/403 2143/945/401 2144/942/401
f 2148/946/344 2145/947/403 2146/944/403
f 2150/948/345 2147/949/344 2148/946/344
f 2152/950/404 2149/951/345 2150/948/345
f 2154/952/404 2151/953/404 2152/950/404
f 2156/954/405 2153/955/404 2154/952/404
f 2158/956/405 2155/957/405 2156/954/405
f 2160/958/406 2157/959/405 2158/956/405
f 2162/960/407 2159/961/406 2160/958/406
f 2164/962/408 2161/963/409 2162/960/407
f 2166/964/410 2163/965/410 2164/962/408
f 2168/966/382 2165/967/410 2166/964/410
f 2170/968/382 2167/969/382 2168/966/382
f 2172/970/373 2169/971/382 2170/968/382
f 2174/972/411 2171/973/412 2172/970/373
f 2176/974/378 2173/975/411 2174/972/411
f 2178/976/376 2175/977/376 2176/974/378
f 2180/978/413 2177/979/376 2178/976/376
f 2182/980/413 2179/981/413 2180/978/413
f 2184/982/414 2181/983/413 2182/980/413
f 2186/984/415 2183/985/415 2184/982/414
f 2188/986/338 2185/987/415 2186/984/415
f 2190/988/341 2187/989/338 2188/986/338
f 2192/990/416 2189/991/417 2190/988/341
f 2194/992/418 2191/993/416 2192/990/416
f 2196/994/419 2193/995/418 2194/992/418
f 2198/996/420 2195/997/420 2196/994/419
f 2200/998/338 2197/999/420 2198/996/420
f 2202/1000/341 2199/1001/338 2200/998/338
f 2204/1002/421 2201/1003/341 2202/1000/341
f 2112/855/390 2203/1004/421 2204/1002/421
f 2208/850/422 2205/679/423 2206/851/423
f 2210/852/424 2207/853/422 2208/850/422
f 2212/854/425 2209/721/424 2210/852/424
f 2206/855/423 2211/856/425 2212/854/425
f 2216/850/426 2213/679/427 2214/851/427
f 2218/852/341 2215/853/426 2216/850/426
f 2220/854/338 2217/721/341 2218/852/341
f 2214/855/427 2219/856/338 2220/854/338
f 2224/868/428 2221/679/429 2222/851/429
f 2226/881/430 2223/698/431 2224/868/428
f 2222/855/429 2225/684/432 2226/881/430
f 2230/1005/433 2227/679/434 2228/851/434
f 2232/1006/435 2229/841/433 2230/1005/433
f 2234/1007/436 2231/840/435 2232/1006/435
f 2236/1008/437 2233/849/436 2234/1007/436
f 2238/1009/438 2235/845/437 2236/1008/437
f 2240/1010/439 2237/847/438 2238/1009/438
f 2242/1011/440 2239/848/441 2240/1010/439
f 2244/1012/442 2241/846/443 2242/1011/440
f 2246/1013/444 2243/844/442 2244/1012/442
f 2248/1014/445 2245/843/446 2246/1013/444
f 2228/855/434 2247/842/445 2248/1014/445
f 2252/1015/385 2249/679/447 2250/851/447
f 2254/860/365 2251/1016/363 2252/1015/385
f 2256/1017/448 2253/863/365 2254/860/365
f 2258/850/448 2255/1018/448 2256/1017/448
f 2260/1019/449 2257/853/448 2258/850/448
f 2262/870/450 2259/1020/449 2260/1019/449
f 2264/1021/451 2261/872/450 2262/870/450
f 2266/852/452 2263/1022/451 2264/1021/451
f 2268/1023/453 2265/721/454 2266/852/452
f 2270/879/453 2267/1024/453 2268/1023/453
f 2272/1025/455 2269/882/453 2270/879/453
f 2274/854/456 2271/1026/455 2272/1025/455
f 2276/1027/433 2273/856/456 2274/854/456
f 2278/888/435 2275/1028/433 2276/1027/433
f 2280/1029/457 2277/891/435 2278/888/435
f 2250/855/447 2279/1030/457 2280/1029/457
f 2284/850/458 2281/679/459 2282/851/460
f 2286/852/346 2283/853/461 2284/850/458
f 2288/854/462 2285/721/346 2286/852/346
f 2282/855/460 2287/856/462 2288/854/462
f 2292/1031/385 2289/679/463 2290/851/464
f 2294/1032/365 2291/1033/363 2292/1031/385
f 2296/1034/465 2293/727/365 2294/1032/365
f 2298/1035/466 2295/1036/465 2296/1034/465
f 2300/850/385 2297/726/467 2298/1035/466
f 2302/1037/365 2299/853/363 2300/850/385
f 2304/1038/468 2301/723/365 2302/1037/365
f 2306/1039/469 2303/1040/468 2304/1038/468
f 2308/1041/470 2305/722/469 2306/1039/469
f 2310/852/471 2307/1042/470 2308/1041/470
f 2312/1043/472 2309/721/471 2310/852/471
f 2314/1044/368 2311/1045/473 2312/1043/472
f 2316/1046/369 2313/720/370 2314/1044/368
f 2318/1047/474 2315/1048/369 2316/1046/369
f 2320/854/475 2317/725/474 2318/1047/474
f 2322/1049/476 2319/856/477 2320/854/475
f 2324/1050/478 2321/724/479 2322/1049/476
f 2326/1051/480 2323/1052/478 2324/1050/478
f 2328/1053/481 2325/719/482 2326/1051/480
f 2290/855/464 2327/1054/481 2328/1053/481
f 2332/850/483 2329/679/484 2330/851/484
f 2334/852/485 2331/853/483 2332/850/483
f 2336/854/486 2333/721/485 2334/852/485
f 2330/855/484 2335/856/486 2336/854/486
f 2340/850/487 2337/679/488 2338/851/488
f 2342/852/485 2339/853/487 2340/850/487
f 2344/854/486 2341/721/485 2342/852/485
f 2338/855/488 2343/856/486 2344/854/486
f 1966/850/319 1965/853/322 1963/679/320
f 1968/852/321 1967/721/324 1965/853/322
f 1970/854/323 1969/856/323 1967/721/324
f 1964/855/320 1963/689/320 1969/856/323
f 1974/850/325 1973/853/325 1971/679/326
f 1976/852/327 1975/721/327 1973/853/325
f 1978/854/328 1977/856/329 1975/721/327
f 1972/855/326 1971/689/326 1977/856/329
f 1982/850/330 1981/853/334 1979/679/331
f 1984/852/333 1983/721/336 1981/853/334
f 1986/854/335 1985/856/337 1983/721/336
f 1980/855/332 1979/689/331 1985/856/337
f 1990/857/338 1989/859/338 1987/679/339
f 1992/858/341 1991/861/341 1989/859/338
f 1994/860/342 1993/863/342 1991/861/341
f 1996/862/342 1995/865/342 1993/863/342
f 1998/864/343 1997/866/343 1995/865/342
f 2000/850/343 1999/853/343 1997/866/343
f 2002/867/344 2001/869/344 1999/853/343
f 2004/868/345 2003/698/345 2001/869/344
f 2006/870/346 2005/872/346 2003/698/345
f 2008/871/347 2007/874/347 2005/872/346
f 2010/873/348 2009/875/348 2007/874/347
f 2012/852/349 2011/721/351 2009/875/348
f 2014/876/350 2013/878/350 2011/721/351
f 2016/877/352 2015/880/352 2013/878/350
f 2018/879/353 2017/882/353 2015/880/352
f 2020/881/353 2019/684/353 2017/882/353
f 2022/883/338 2021/884/338 2019/684/353
f 2024/854/341 2023/856/341 2021/884/338
f 2026/885/354 2025/887/354 2023/856/341
f 2028/886/355 2027/889/357 2025/887/354
f 2030/888/356 2029/891/356 2027/889/357
f 2032/890/358 2031/893/358 2029/891/356
f 2034/892/359 2033/894/359 2031/893/358
f 1988/855/340 1987/689/339 2033/894/359
f 2038/860/338 2037/863/338 2035/679/360
f 2040/850/341 2039/853/341 2037/863/338
f 2042/870/344 2041/872/344 2039/853/341
f 2044/852/345 2043/721/345 2041/872/344
f 2046/879/320 2045/882/320 2043/721/345
f 2048/854/320 2047/856/362 2045/882/320
f 2050/888/360 2049/891/361 2047/856/362
f 2036/855/361 2035/689/360 2049/891/361
f 2054/895/363 2053/897/363 2051/679/364
f 2056/896/365 2055/675/365 2053/897/363
f 2058/862/366 2057/865/366 2055/675/365
f 2060/898/366 2059/686/366 2057/865/366
f 2062/899/367 2061/900/367 2059/686/366
f 2064/868/367 2063/698/367 2061/900/367
f 2066/901/368 2065/903/370 2063/698/367
f 2068/902/369 2067/678/369 2065/903/370
f 2070/852/371 2069/721/371 2067/678/369
f 2072/904/372 2071/683/372 2069/721/371
f 2074/905/373 2073/906/373 2071/683/372
f 2076/881/374 2075/684/374 2073/906/373
f 2078/907/363 2077/909/363 2075/684/374
f 2080/908/365 2079/693/365 2077/909/363
f 2082/886/375 2081/889/354 2079/693/365
f 2084/910/376 2083/695/378 2081/889/354
f 2086/911/377 2085/912/364 2083/695/378
f 2052/855/364 2051/689/364 2085/912/364
f 2090/858/379 2089/861/379 2087/679/380
f 2092/862/381 2091/865/381 2089/861/379
f 2094/850/382 2093/853/382 2091/865/381
f 2096/868/382 2095/698/382 2093/853/382
f 2098/871/382 2097/874/382 2095/698/382
f 2100/852/382 2099/721/382 2097/874/382
f 2102/877/383 2101/880/383 2099/721/382
f 2104/881/384 2103/684/386 2101/880/383
f 2106/854/385 2105/856/385 2103/684/386
f 2108/886/385 2107/889/388 2105/856/385
f 2110/890/387 2109/893/380 2107/889/388
f 2088/855/380 2087/689/380 2109/893/380
f 2114/913/338 2113/915/338 2111/679/389
f 2116/914/341 2115/917/341 2113/915/338
f 2118/916/391 2117/919/391 2115/917/341
f 2120/918/391 2119/921/393 2117/919/391
f 2122/920/392 2121/923/395 2119/921/393
f 2124/922/394 2123/925/394 2121/923/395
f 2126/924/396 2125/927/396 2123/925/394
f 2128/926/397 2127/929/397 2125/927/396
f 2130/928/397 2129/931/397 2127/929/397
f 2132/930/398 2131/933/399 2129/931/397
f 2134/932/399 2133/935/398 2131/933/399
f 2136/934/400 2135/937/400 2133/935/398
f 2138/936/400 2137/939/400 2135/937/400
f 2140/938/344 2139/941/344 2137/939/400
f 2142/940/345 2141/943/402 2139/941/344
f 2144/942/401 2143/945/401 2141/943/402
f 2146/944/403 2145/947/403 2143/945/401
f 2148/946/344 2147/949/344 2145/947/403
f 2150/948/345 2149/951/345 2147/949/344
f 2152/950/404 2151/953/404 2149/951/345
f 2154/952/404 2153/955/404 2151/953/404
f 2156/954/405 2155/957/405 2153/955/404
f 2158/956/405 2157/959/405 2155/957/405
f 2160/958/406 2159/961/406 2157/959/405
f 2162/960/407 2161/963/409 2159/961/406
f 2164/962/408 2163/965/410 2161/963/409
f 2166/964/410 2165/967/410 2163/965/410
f 2168/966/382 2167/969/382 2165/967/410
f 2170/968/382 2169/971/382 2167/969/382
f 2172/970/373 2171/973/412 2169/971/382
f 2174/972/411 2173/975/411 2171/973/412
f 2176/974/378 2175/977/376 2173/975/411
f 2178/976/376 2177/979/376 2175/977/376
f 2180/978/413 2179/981/413 2177/979/376
f 2182/980/413 2181/983/413 2179/981/413
f 2184/982/414 2183/985/415 2181/983/413
f 2186/984/415 2185/987/415 2183/985/415
f 2188/986/338 2187/989/338 2185/987/415
f 2190/988/341 2189/991/417 2187/989/338
f 2192/990/416 2191/993/416 2189/991/417
f 2194/992/418 2193/995/418 2191/993/416
f 2196/994/419 2195/997/420 2193/995/418
f 2198/996/420 2197/999/420 2195/997/420
f 2200/998/338 2199/1001/338 2197/999/420
f 2202/1000/341 2201/1003/341 2199/1001/338
f 2204/1002/421 2203/1004/421 2201/1003/341
f 2112/855/390 2111/689/389 2203/1004/421
f 2208/850/422 2207/853/422 2205/679/423
f 2210/852/424 2209/721/424 2207/853/422
f 2212/854/425 2211/856/425 2209/721/424
f 2206/855/423 2205/689/423 2211/856/425
f 2216/850/426 2215/853/426 2213/679/427
f 2218/852/341 2217/721/341 2215/853/426
f 2220/854/338 2219/856/338 2217/721/341
f 2214/855/427 2213/689/427 2219/856/338
f 2224/868/428 2223/698/431 2221/679/429
f 2226/881/430 2225/684/432 2223/698/431
f 2222/855/429 2221/689/429 2225/684/432
f 2230/1005/433 2229/841/433 2227/679/434
f 2232/1006/435 2231/840/435 2229/841/433
f 2234/1007/436 2233/849/436 2231/840/435
f 2236/1008/437 2235/845/437 2233/849/436
f 2238/1009/438 2237/847/438 2235/845/437
f 2240/1010/439 2239/848/441 2237/847/438
f 2242/1011/440 2241/846/443 2239/848/441
f 2244/1012/442 2243/844/442 2241/846/443
f 2246/1013/444 2245/843/446 2243/844/442
f 2248/1014/445 2247/842/445 2245/843/446
f 2228/855/434 2227/689/434 2247/842/445
f 2252/1015/385 2251/1016/363 2249/679/447
f 2254/860/365 2253/863/365 2251/1016/363
f 2256/1017/448 2255/1018/448 2253/863/365
f 2258/850/448 2257/853/448 2255/1018/448
f 2260/1019/449 2259/1020/449 2257/853/448
f 2262/870/450 2261/872/450 2259/1020/449
f 2264/1021/451 2263/1022/451 2261/872/450
f 2266/852/452 2265/721/454 2263/1022/451
f 2268/1023/453 2267/1024/453 2265/721/454
f 2270/879/453 2269/882/453 2267/1024/453
f 2272/1025/455 2271/1026/455 2269/882/453
f 2274/854/456 2273/856/456 2271/1026/455
f 2276/1027/433 2275/1028/433 2273/856/456
f 2278/888/435 2277/891/435 2275/1028/433
f 2280/1029/457 2279/1030/457 2277/891/435
f 2250/855/447 2249/689/447 2279/1030/457
f 2284/850/458 2283/853/461 2281/679/459
f 2286/852/346 2285/721/346 2283/853/461
f 2288/854/462 2287/856/462 2285/721/346
f 2282/855/460 2281/689/459 2287/856/462
f 2292/1031/385 2291/1033/363 2289/679/463
f 2294/1032/365 2293/727/365 2291/1033/363
f 2296/1034/465 2295/1036/465 2293/727/365
f 2298/1035/466 2297/726/467 2295/1036/465
f 2300/850/385 2299/853/363 2297/726/467
f 2302/1037/365 2301/723/365 2299/853/363
f 2304/1038/468 2303/1040/468 2301/723/365
f 2306/1039/469 2305/722/469 2303/1040/468
f 2308/1041/470 2307/1042/470 2305/722/469
f 2310/852/471 2309/721/471 2307/1042/470
f 2312/1043/472 2311/1045/473 2309/721/471
f 2314/1044/368 2313/720/370 2311/1045/473
f 2316/1046/369 2315/1048/369 2313/720/370
f 2318/1047/474 2317/725/474 2315/1048/369
f 2320/854/475 2319/856/477 2317/725/474
f 2322/1049/476 2321/724/479 2319/856/477
f 2324/1050/478 2323/1052/478 2321/724/479
f 2326/1051/480 2325/719/482 2323/1052/478
f 2328/1053/481 2327/1054/481 2325/719/482
f 2290/855/464 2289/689/463 2327/1054/481
f 2332/850/483 2331/853/483 2329/679/484
f 2334/852/485 2333/721/485 2331/853/483
f 2336/854/486 2335/856/486 2333/721/485
f 2330/855/484 2329/689/484 2335/856/486
f 2340/850/487 2339/853/487 2337/679/488
f 2342/852/485 2341/721/485 2339/853/487
f 2344/854/486 2343/856/486 2341/721/485
f 2338/855/488 2337/689/488 2343/856/486
o Text.003
v 2.666438 0.050000 -0.760499
v 2.622280 0.050000 -0.760499
v 2.630560 0.050000 -0.906083
v 2.674718 0.050000 -0.906083
v 2.717956 0.050000 -0.760499
v 2.673798 0.050000 -0.760499
v 2.682078 0.050000 -0.906083
v 2.726236 0.050000 -0.906083
v 2.317312 0.050000 -0.812247
v 2.172418 0.050000 -0.812247
v 2.174718 0.050000 -0.853645
v 2.318232 0.050000 -0.853645
v 2.319612 0.050000 -0.906083
v 2.422648 0.050000 -0.906083
v 2.421268 0.050000 -0.853645
v 2.573982 0.050000 -0.853645
v 2.571682 0.050000 -0.812247
v 2.420348 0.050000 -0.812247
v 2.417128 0.050000 -0.677012
v 2.566622 0.050000 -0.677012
v 2.564322 0.050000 -0.635614
v 2.416208 0.050000 -0.635614
v 2.412988 0.050000 -0.492099
v 2.310412 0.050000 -0.492099
v 2.313632 0.050000 -0.635614
v 2.165058 0.050000 -0.635614
v 2.167358 0.050000 -0.677012
v 2.314552 0.050000 -0.677012
v 2.103881 0.050000 -0.861925
v 1.708297 0.050000 -0.861925
v 1.710597 0.050000 -0.903323
v 2.106181 0.050000 -0.903323
v 1.861930 0.050000 -0.723930
v 1.692197 0.050000 -0.723930
v 1.694497 0.050000 -0.765329
v 2.104801 0.050000 -0.765329
v 2.102501 0.050000 -0.723930
v 1.964966 0.050000 -0.723930
v 1.911608 0.050000 -0.492099
v 1.808573 0.050000 -0.492099
v 1.582722 0.050000 -0.760499
v 1.538563 0.050000 -0.760499
v 1.546843 0.050000 -0.906083
v 1.591001 0.050000 -0.906083
v 1.634240 0.050000 -0.760499
v 1.590081 0.050000 -0.760499
v 1.598361 0.050000 -0.906083
v 1.642519 0.050000 -0.906083
v 2.666438 -0.050000 -0.760499
v 2.622280 -0.050000 -0.760499
v 2.630560 -0.050000 -0.906083
v 2.674718 -0.050000 -0.906083
v 2.717956 -0.050000 -0.760499
v 2.673798 -0.050000 -0.760499
v 2.682078 -0.050000 -0.906083
v 2.726236 -0.050000 -0.906083
v 2.317312 -0.050000 -0.812247
v 2.172418 -0.050000 -0.812247
v 2.174718 -0.050000 -0.853645
v 2.318232 -0.050000 -0.853645
v 2.319612 -0.050000 -0.906083
v 2.422648 -0.050000 -0.906083
v 2.421268 -0.050000 -0.853645
v 2.573982 -0.050000 -0.853645
v 2.571682 -0.050000 -0.812247
v 2.420348 -0.050000 -0.812247
v 2.417128 -0.050000 -0.677012
v 2.566622 -0.050000 -0.677012
v 2.564322 -0.050000 -0.635614
v 2.416208 -0.050000 -0.635614
v 2.412988 -0.050000 -0.492099
v 2.310412 -0.050000 -0.492099
v 2.313632 -0.050000 -0.635614
v 2.165058 -0.050000 -0.635614
v 2.167358 -0.050000 -0.677012
v 2.314552 -0.050000 -0.677012
v 2.103881 -0.050000 -0.861925
v 1.708297 -0.050000 -0.861925
v 1.710597 -0.050000 -0.903323
v 2.106181 -0.050000 -0.903323
v 1.861930 -0.050000 -0.723930
v 1.692197 -0.050000 -0.723930
v 1.694497 -0.050000 -0.765329
v 2.104801 -0.050000 -0.765329
v 2.102501 -0.050000 -0.723930
v 1.964966 -0.050000 -0.723930
v 1.911608 -0.050000 -0.492099
v 1.808573 -0.050000 -0.492099
v 1.582722 -0.050000 -0.760499
v 1.538563 -0.050000 -0.760499
v 1.546843 -0.050000 -0.906083
v 1.591001 -0.050000 -0.906083
v 1.634240 -0.050000 -0.760499
v 1.590081 -0.050000 -0.760499
v 1.598361 -0.050000 -0.906083
v 1.642519 -0.050000 -0.906083
v 1.582722 -0.050000 -0.760499
v 1.582722 0.050000 -0.760499
v 1.538563 -0.050000 -0.760499
v 1.538563 0.050000 -0.760499
v 1.546843 -0.050000 -0.906083
v 1.546843 0.050000 -0.906083
v 1.591001 -0.050000 -0.906083
v 1.591001 0.050000 -0.906083
v 1.634240 -0.050000 -0.760499
v 1.634240 0.050000 -0.760499
v 1.590081 -0.050000 -0.760499
v 1.590081 0.050000 -0.760499
v 1.598361 -0.050000 -0.906083
v 1.598361 0.050000 -0.906083
v 1.642519 -0.050000 -0.906083
v 1.642519 0.050000 -0.906083
v 2.103881 -0.050000 -0.861925
v 2.103881 0.050000 -0.861925
v 1.708297 -0.050000 -0.861925
v 1.708297 0.050000 -0.861925
v 1.710597 -0.050000 -0.903323
v 1.710597 0.050000 -0.903323
v 2.106181 -0.050000 -0.903323
v 2.106181 0.050000 -0.903323
v 1.861930 -0.050000 -0.723930
v 1.861930 0.050000 -0.723930
v 1.692197 -0.050000 -0.723930
v 1.692197 0.050000 -0.723930
v 1.694497 -0.050000 -0.765329
v 1.694497 0.050000 -0.765329
v 2.104801 -0.050000 -0.765329
v 2.104801 0.050000 -0.765329
v 2.102501 -0.050000 -0.723930
v 2.102501 0.050000 -0.723930
v 1.964966 -0.050000 -0.723930
v 1.964966 0.050000 -0.723930
v 1.911608 -0.050000 -0.492099
v 1.911608 0.050000 -0.492099
v 1.808573 -0.050000 -0.492099
v 1.808573 0.050000 -0.492099
v 2.317312 -0.050000 -0.812247
v 2.317312 0.050000 -0.812247
v 2.172418 -0.050000 -0.812247
v 2.172418 0.050000 -0.812247
v 2.174718 -0.050000 -0.853645
v 2.174718 0.050000 -0.853645
v 2.318232 -0.050000 -0.853645
v 2.318232 0.050000 -0.853645
v 2.319612 -0.050000 -0.906083
v 2.319612 0.050000 -0.906083
v 2.422648 -0.050000 -0.906083
v 2.422648 0.050000 -0.906083
v 2.421268 -0.050000 -0.853645
v 2.421268 0.050000 -0.853645
v 2.573982 -0.050000 -0.853645
v 2.573982 0.050000 -0.853645
v 2.571682 -0.050000 -0.812247
v 2.571682 0.050000 -0.812247
v 2.420348 -0.050000 -0.812247
v 2.420348 0.050000 -0.812247
v 2.417128 -0.050000 -0.677012
v 2.417128 0.050000 -0.677012
v 2.566622 -0.050000 -0.677012
v 2.566622 0.050000 -0.677012
v 2.564322 -0.050000 -0.635614
v 2.564322 0.050000 -0.635614
v 2.416208 -0.050000 -0.635614
v 2.416208 0.050000 -0.635614
v 2.412988 -0.050000 -0.492099
v 2.412988 0.050000 -0.492099
v 2.310412 -0.050000 -0.492099
v 2.310412 0.050000 -0.492099
v 2.313632 -0.050000 -0.635614
v 2.313632 0.050000 -0.635614
v 2.165058 -0.050000 -0.635614
v 2.165058 0.050000 -0.635614
v 2.167358 -0.050000 -0.677012
v 2.167358 0.050000 -0.677012
v 2.314552 -0.050000 -0.677012
v 2.314552 0.050000 -0.677012
v 2.666438 -0.050000 -0.760499
v 2.666438 0.050000 -0.760499
v 2.622280 -0.050000 -0.760499
v 2.622280 0.050000 -0.760499
v 2.630560 -0.050000 -0.906083
v 2.630560 0.050000 -0.906083
v 2.674718 -0.050000 -0.906083
v 2.674718 0.050000 -0.906083
v 2.717956 -0.050000 -0.760499
v 2.717956 0.050000 -0.760499
v 2.673798 -0.050000 -0.760499
v 2.673798 0.050000 -0.760499
v 2.682078 -0.050000 -0.906083
v 2.682078 0.050000 -0.906083
v 2.726236 -0.050000 -0.906083
v 2.726236 0.050000 -0.906083
vn -0.0000 1.0000 -0.0000
vn -0.0000 -1.0000 -0.0000
vn -0.8528 -0.0000 0.5222
vn 0.8092 -0.0000 0.5875
vn -0.8092 -0.0000 -0.5875
vn -0.8529 -0.0000 0.5221
vn 0.8528 -0.0000 -0.5222
vn 0.8529 -0.0000 -0.5221
vn -0.8524 -0.0000 0.5229
vn 0.8098 -0.0000 0.5867
vn -0.8098 -0.0000 -0.5867
vn 0.8524 -0.0000 -0.5229
vn -0.9032 -0.0000 0.4291
vn -0.9032 -0.0000 0.4292
vn 0.7303 -0.0000 0.6831
vn 0.7303 -0.0000 0.6832
vn -0.8398 -0.0000 0.5429
vn -0.8398 -0.0000 0.5430
vn -0.8217 -0.0000 -0.5699
vn 0.8419 -0.0000 -0.5396
vn 0.8420 -0.0000 -0.5396
vn 0.8227 -0.0000 0.5684
vn 0.8410 -0.0000 -0.5410
vn 0.8233 -0.0000 0.5676
vn -0.8405 -0.0000 0.5418
vn -0.8241 -0.0000 -0.5664
vn -0.8241 -0.0000 -0.5665
vt 0.285714 0.000000
vt 0.142857 0.000000
vt 0.000000 0.000000
vt 0.571429 0.000000
vt 1.000000 0.000000
vt 0.857143 0.000000
vt 0.714286 0.000000
vt 0.428571 0.000000
vt 0.947368 0.000000
vt 0.894737 0.000000
vt 0.842105 0.000000
vt 0.105263 0.000000
vt 0.052632 0.000000
vt 0.157895 0.000000
vt 0.526316 0.000000
vt 0.684211 0.000000
vt 0.631579 0.000000
vt 0.578947 0.000000
vt 0.315789 0.000000
vt 0.473684 0.000000
vt 0.421053 0.000000
vt 0.368421 0.000000
vt 0.789474 0.000000
vt 0.736842 0.000000
vt 0.210526 0.000000
vt 0.263158 0.000000
vt 0.545455 0.000000
vt 0.454545 0.000000
vt 0.363636 0.000000
vt 0.818182 0.000000
vt 0.636364 0.000000
vt 0.727273 0.000000
vt 0.272727 0.000000
vt 0.181818 0.000000
vt 0.909091 0.000000
vt 0.090909 0.000000
vt 0.250000 1.000000
vt 0.000000 1.000000
vt 0.500000 1.000000
vt 0.250000 0.000000
vt 0.750000 1.000000
vt 0.500000 0.000000
vt 1.000000 1.000000
vt 0.750000 0.000000
vt 0.125000 1.000000
vt 0.125000 0.000000
vt 0.375000 1.000000
vt 0.375000 0.000000
vt 0.625000 1.000000
vt 0.625000 0.000000
vt 0.875000 1.000000
vt 0.875000 0.000000
vt 0.050000 1.000000
vt 0.100000 1.000000
vt 0.050000 0.000000
vt 0.150000 1.000000
vt 0.100000 0.000000
vt 0.200000 1.000000
vt 0.150000 0.000000
vt 0.200000 0.000000
vt 0.300000 1.000000
vt 0.350000 1.000000
vt 0.300000 0.000000
vt 0.400000 1.000000
vt 0.350000 0.000000
vt 0.450000 1.000000
vt 0.400000 0.000000
vt 0.450000 0.000000
vt 0.550000 1.000000
vt 0.600000 1.000000
vt 0.550000 0.000000
vt 0.650000 1.000000
vt 0.600000 0.000000
vt 0.700000 1.000000
vt 0.650000 0.000000
vt 0.700000 0.000000
vt 0.800000 1.000000
vt 0.850000 1.000000
vt 0.800000 0.000000
vt 0.900000 1.000000
vt 0.850000 0.000000
vt 0.950000 1.000000
vt 0.900000 0.000000
vt 0.950000 0.000000
s 0
f 2347/1055/489 2346/1056/489 2345/1057/489
f 2349/1058/489 2352/1059/489 2351/1060/489
f 2349/1058/489 2351/1060/489 2350/1061/489
f 2347/1055/489 2345/1057/489 2348/1062/489
f 2371/1063/489 2370/1064/489 2369/1065/489
f 2369/1065/489 2372/1059/489 2371/1063/489
f 2355/1066/489 2354/1067/489 2353/1057/489
f 2353/1057/489 2356/1068/489 2355/1066/489
f 2363/1069/489 2366/1070/489 2365/1071/489
f 2365/1071/489 2364/1072/489 2363/1069/489
f 2359/1073/489 2362/1074/489 2361/1075/489
f 2361/1075/489 2360/1076/489 2359/1073/489
f 2369/1065/489 2368/1077/489 2367/1078/489
f 2367/1078/489 2366/1070/489 2369/1065/489
f 2372/1059/489 2369/1065/489 2366/1070/489
f 2366/1070/489 2363/1069/489 2372/1059/489
f 2353/1057/489 2372/1059/489 2363/1069/489
f 2363/1069/489 2362/1074/489 2353/1057/489
f 2356/1068/489 2353/1057/489 2362/1074/489
f 2362/1074/489 2359/1073/489 2356/1068/489
f 2357/1079/489 2356/1068/489 2359/1073/489
f 2359/1073/489 2358/1080/489 2357/1079/489
f 2379/1081/489 2378/1082/489 2377/1083/489
f 2382/1084/489 2380/1085/489 2377/1083/489
f 2382/1084/489 2381/1086/489 2380/1085/489
f 2373/1057/489 2376/1087/489 2375/1088/489
f 2377/1083/489 2384/1059/489 2383/1089/489
f 2383/1089/489 2382/1084/489 2377/1083/489
f 2375/1088/489 2374/1090/489 2373/1057/489
f 2379/1081/489 2377/1083/489 2380/1085/489
f 2387/1055/489 2386/1056/489 2385/1057/489
f 2389/1058/489 2392/1059/489 2391/1060/489
f 2389/1058/489 2391/1060/489 2390/1061/489
f 2387/1055/489 2385/1057/489 2388/1062/489
f 2395/1055/490 2393/1057/490 2394/1056/490
f 2397/1058/490 2399/1060/490 2400/1059/490
f 2397/1058/490 2398/1061/490 2399/1060/490
f 2395/1055/490 2396/1062/490 2393/1057/490
f 2419/1063/490 2417/1065/490 2418/1064/490
f 2417/1065/490 2419/1063/490 2420/1059/490
f 2403/1066/490 2401/1057/490 2402/1067/490
f 2401/1057/490 2403/1066/490 2404/1068/490
f 2411/1069/490 2413/1071/490 2414/1070/490
f 2413/1071/490 2411/1069/490 2412/1072/490
f 2407/1073/490 2409/1075/490 2410/1074/490
f 2409/1075/490 2407/1073/490 2408/1076/490
f 2417/1065/490 2415/1078/490 2416/1077/490
f 2415/1078/490 2417/1065/490 2414/1070/490
f 2420/1059/490 2414/1070/490 2417/1065/490
f 2414/1070/490 2420/1059/490 2411/1069/490
f 2401/1057/490 2411/1069/490 2420/1059/490
f 2411/1069/490 2401/1057/490 2410/1074/490
f 2404/1068/490 2410/1074/490 2401/1057/490
f 2410/1074/490 2404/1068/490 2407/1073/490
f 2405/1079/490 2407/1073/490 2404/1068/490
f 2407/1073/490 2405/1079/490 2406/1080/490
f 2427/1081/490 2425/1083/490 2426/1082/490
f 2430/1084/490 2425/1083/490 2428/1085/490
f 2430/1084/490 2428/1085/490 2429/1086/490
f 2421/1057/490 2423/1088/490 2424/1087/490
f 2425/1083/490 2431/1089/490 2432/1059/490
f 2431/1089/490 2425/1083/490 2430/1084/490
f 2423/1088/490 2421/1057/490 2422/1090/490
f 2427/1081/490 2428/1085/490 2425/1083/490
f 2435/1055/490 2433/1057/490 2434/1056/490
f 2437/1058/490 2439/1060/490 2440/1059/490
f 2437/1058/490 2438/1061/490 2439/1060/490
f 2435/1055/490 2436/1062/490 2433/1057/490
s 1
f 2444/1091/491 2441/1057/492 2442/1092/492
f 2446/1093/493 2443/1094/494 2444/1091/491
f 2448/1095/495 2445/1096/493 2446/1093/493
f 2442/1097/492 2447/1098/496 2448/1095/495
f 2452/1091/491 2449/1057/492 2450/1092/492
f 2454/1093/493 2451/1094/494 2452/1091/491
f 2456/1095/495 2453/1096/493 2454/1093/493
f 2450/1097/492 2455/1098/496 2456/1095/495
f 2460/1091/497 2457/1057/498 2458/1092/498
f 2462/1093/499 2459/1094/497 2460/1091/497
f 2464/1095/500 2461/1096/499 2462/1093/499
f 2458/1097/498 2463/1098/500 2464/1095/500
f 2468/1099/497 2465/1057/501 2466/1092/502
f 2470/1091/499 2467/1100/497 2468/1099/497
f 2472/1101/500 2469/1094/499 2470/1091/499
f 2474/1093/498 2471/1102/500 2472/1101/500
f 2476/1103/503 2473/1096/498 2474/1093/498
f 2478/1095/504 2475/1104/504 2476/1103/503
f 2480/1105/501 2477/1098/503 2478/1095/504
f 2466/1097/502 2479/1106/502 2480/1105/501
f 2484/1107/497 2481/1057/505 2482/1092/506
f 2486/1108/499 2483/1109/497 2484/1107/497
f 2488/1110/507 2485/1111/499 2486/1108/499
f 2490/1112/507 2487/1113/507 2488/1110/507
f 2492/1091/508 2489/1114/507 2490/1112/507
f 2494/1115/508 2491/1094/508 2492/1091/508
f 2496/1116/500 2493/1117/509 2494/1115/508
f 2498/1118/498 2495/1119/500 2496/1116/500
f 2500/1120/510 2497/1121/498 2498/1118/498
f 2502/1093/511 2499/1122/510 2500/1120/510
f 2504/1123/500 2501/1096/511 2502/1093/511
f 2506/1124/498 2503/1125/500 2504/1123/500
f 2508/1126/512 2505/1127/498 2506/1124/498
f 2510/1128/512 2507/1129/512 2508/1126/512
f 2512/1095/513 2509/1130/512 2510/1128/512
f 2514/1131/513 2511/1098/513 2512/1095/513
f 2516/1132/497 2513/1133/513 2514/1131/513
f 2518/1134/499 2515/1135/497 2516/1132/497
f 2520/1136/514 2517/1137/499 2518/1134/499
f 2482/1097/506 2519/1138/515 2520/1136/514
f 2524/1091/491 2521/1057/492 2522/1092/492
f 2526/1093/493 2523/1094/494 2524/1091/491
f 2528/1095/495 2525/1096/493 2526/1093/493
f 2522/1097/492 2527/1098/496 2528/1095/495
f 2532/1091/491 2529/1057/492 2530/1092/492
f 2534/1093/493 2531/1094/494 2532/1091/491
f 2536/1095/495 2533/1096/493 2534/1093/493
f 2530/1097/492 2535/1098/496 2536/1095/495
f 2444/1091/491 2443/1094/494 2441/1057/492
f 2446/1093/493 2445/1096/493 2443/1094/494
f 2448/1095/495 2447/1098/496 2445/1096/493
f 2442/1097/492 2441/1059/492 2447/1098/496
f 2452/1091/491 2451/1094/494 2449/1057/492
f 2454/1093/493 2453/1096/493 2451/1094/494
f 2456/1095/495 2455/1098/496 2453/1096/493
f 2450/1097/492 2449/1059/492 2455/1098/496
f 2460/1091/497 2459/1094/497 2457/1057/498
f 2462/1093/499 2461/1096/499 2459/1094/497
f 2464/1095/500 2463/1098/500 2461/1096/499
f 2458/1097/498 2457/1059/498 2463/1098/500
f 2468/1099/497 2467/1100/497 2465/1057/501
f 2470/1091/499 2469/1094/499 2467/1100/497
f 2472/1101/500 2471/1102/500 2469/1094/499
f 2474/1093/498 2473/1096/498 2471/1102/500
f 2476/1103/503 2475/1104/504 2473/1096/498
f 2478/1095/504 2477/1098/503 2475/1104/504
f 2480/1105/501 2479/1106/502 2477/1098/503
f 2466/1097/502 2465/1059/501 2479/1106/502
f 2484/1107/497 2483/1109/497 2481/1057/505
f 2486/1108/499 2485/1111/499 2483/1109/497
f 2488/1110/507 2487/1113/507 2485/1111/499
f 2490/1112/507 2489/1114/507 2487/1113/507
f 2492/1091/508 2491/1094/508 2489/1114/507
f 2494/1115/508 2493/1117/509 2491/1094/508
f 2496/1116/500 2495/1119/500 2493/1117/509
f 2498/1118/498 2497/1121/498 2495/1119/500
f 2500/1120/510 2499/1122/510 2497/1121/498
f 2502/1093/511 2501/1096/511 2499/1122/510
f 2504/1123/500 2503/1125/500 2501/1096/511
f 2506/1124/498 2505/1127/498 2503/1125/500
f 2508/1126/512 2507/1129/512 2505/1127/498
f 2510/1128/512 2509/1130/512 2507/1129/512
f 2512/1095/513 2511/1098/513 2509/1130/512
f 2514/1131/513 2513/1133/513 2511/1098/513
f 2516/1132/497 2515/1135/497 2513/1133/513
f 2518/1134/499 2517/1137/499 2515/1135/497
f 2520/1136/514 2519/1138/515 2517/1137/499
f 2482/1097/506 2481/1059/505 2519/1138/515
f 2524/1091/491 2523/1094/494 2521/1057/492
f 2526/1093/493 2525/1096/493 2523/1094/494
f 2528/1095/495 2527/1098/496 2525/1096/493
f 2522/1097/492 2521/1059/492 2527/1098/496
f 2532/1091/491 2531/1094/494 2529/1057/492
f 2534/1093/493 2533/1096/493 2531/1094/494
f 2536/1095/495 2535/1098/496 2533/1096/493
f 2530/1097/492 2529/1059/492 2535/1098/496
