# Blender 5.2.1 LTS
# www.blender.org
mtllib tutorialText7.mtl
o Text.004
v -1.252195 0.050000 -0.184553
v -1.378367 0.050000 -0.184553
v -1.322158 0.050000 -0.705252
v -1.195387 0.050000 -0.705252
v -1.514706 0.050000 -0.386945
v -1.693501 0.050000 -0.386945
v -1.673768 0.050000 -0.725491
v -1.546997 0.050000 -0.725491
v -1.563740 0.050000 -0.440303
v -1.511716 0.050000 -0.440303
v -2.140787 0.050000 -0.627975
v -2.305828 0.050000 -0.627975
v -2.302838 0.050000 -0.682253
v -2.137797 0.050000 -0.682253
v -2.135406 0.050000 -0.725491
v -2.003850 0.050000 -0.725491
v -2.006242 0.050000 -0.682253
v -1.803528 0.050000 -0.682253
v -1.806518 0.050000 -0.627975
v -2.009232 0.050000 -0.627975
v -2.015212 0.050000 -0.523099
v -1.812498 0.050000 -0.523099
v -1.831634 0.050000 -0.184553
v -1.963188 0.050000 -0.184553
v -1.956012 0.050000 -0.305988
v -2.330345 0.050000 -0.184553
v -2.311210 0.050000 -0.523099
v -2.146767 0.050000 -0.523099
v -2.158726 0.050000 -0.304148
v -2.149159 0.050000 -0.469742
v -2.201780 0.050000 -0.469742
v -2.211946 0.050000 -0.286669
v -2.018202 0.050000 -0.469742
v -2.025378 0.050000 -0.347386
v -1.952424 0.050000 -0.370385
v -1.946445 0.050000 -0.469742
v -2.850584 0.050000 -0.604056
v -2.931909 0.050000 -0.604056
v -2.928919 0.050000 -0.658334
v -2.839223 0.050000 -0.658334
v -2.825469 0.050000 -0.726411
v -2.703482 0.050000 -0.726411
v -2.717236 0.050000 -0.658334
v -2.525285 0.050000 -0.658334
v -2.551597 0.050000 -0.184553
v -2.673583 0.050000 -0.184553
v -2.650262 0.050000 -0.604056
v -2.728597 0.050000 -0.604056
v -2.814108 0.050000 -0.184553
v -2.936095 0.050000 -0.184553
v -2.425423 0.050000 -0.252630
v -2.501366 0.050000 -0.252630
v -2.502562 0.050000 -0.635335
v -2.475653 0.050000 -0.635335
v -2.470272 0.050000 -0.725491
v -2.444559 0.050000 -0.725491
v -2.449342 0.050000 -0.635335
v -2.430805 0.050000 -0.635335
v -2.425423 0.050000 -0.725491
v -2.399710 0.050000 -0.725491
v -2.405092 0.050000 -0.635335
v -2.427217 0.050000 -0.635335
v -3.469490 0.050000 -0.184553
v -3.569950 0.050000 -0.184553
v -3.538855 0.050000 -0.729171
v -3.470685 0.050000 -0.729171
v -3.438395 0.050000 -0.729171
v -3.388165 0.050000 -0.729171
v -3.305644 0.050000 -0.729171
v -3.302056 0.050000 -0.729171
v -3.315212 0.050000 -0.492741
v -3.322387 0.050000 -0.492741
v -3.401320 0.050000 -0.492741
v -3.452148 0.050000 -0.492741
v -3.200400 0.050000 -0.492741
v -3.262590 0.050000 -0.492741
v -3.249434 0.050000 -0.729171
v -3.183657 0.050000 -0.729171
v -3.163326 0.050000 -0.729171
v -3.111900 0.050000 -0.729171
v -3.013832 0.050000 -0.729171
v -3.011440 0.050000 -0.729171
v -3.042535 0.050000 -0.184553
v -3.142995 0.050000 -0.184553
v -3.125653 0.050000 -0.492741
v -3.176481 0.050000 -0.492741
v -3.391155 0.050000 -0.673973
v -3.441385 0.050000 -0.673973
v -3.443777 0.050000 -0.639935
v -3.392949 0.050000 -0.639935
v -3.448560 0.050000 -0.547938
v -3.398331 0.050000 -0.547938
v -3.395939 0.050000 -0.584737
v -3.446766 0.050000 -0.584737
v -3.114890 0.050000 -0.673973
v -3.166316 0.050000 -0.673973
v -3.168109 0.050000 -0.639935
v -3.117282 0.050000 -0.639935
v -3.173491 0.050000 -0.547938
v -3.122066 0.050000 -0.547938
v -3.120272 0.050000 -0.584737
v -3.171100 0.050000 -0.584737
v -3.419858 0.050000 -0.466982
v -3.326573 0.050000 -0.466982
v -3.251228 0.050000 -0.466982
v -3.157944 0.050000 -0.466982
v -3.172894 0.050000 -0.199272
v -3.266178 0.050000 -0.199272
v -3.341523 0.050000 -0.199272
v -3.434807 0.050000 -0.199272
v -3.254218 0.050000 -0.411784
v -3.329563 0.050000 -0.411784
v -3.332553 0.050000 -0.360266
v -3.257208 0.050000 -0.360266
v -3.260198 0.050000 -0.305068
v -3.335543 0.050000 -0.305068
v -3.338533 0.050000 -0.254470
v -3.263188 0.050000 -0.254470
v -3.767282 0.050000 -0.519420
v -3.946674 0.050000 -0.519420
v -3.943685 0.050000 -0.574617
v -3.840235 0.050000 -0.574617
v -3.836647 0.050000 -0.644535
v -3.937705 0.050000 -0.644535
v -3.934715 0.050000 -0.699732
v -3.833059 0.050000 -0.699732
v -3.831265 0.050000 -0.736531
v -3.726021 0.050000 -0.736531
v -3.727816 0.050000 -0.699732
v -3.628551 0.050000 -0.699732
v -3.631541 0.050000 -0.644535
v -3.731403 0.050000 -0.644535
v -3.734991 0.050000 -0.574617
v -3.627954 0.050000 -0.574617
v -3.630943 0.050000 -0.519420
v -3.657254 0.050000 -0.519420
v -3.661440 0.050000 -0.449502
v -3.635129 0.050000 -0.449502
v -3.638119 0.050000 -0.394305
v -3.664430 0.050000 -0.394305
v -3.676987 0.050000 -0.184553
v -3.787015 0.050000 -0.184553
v -3.774457 0.050000 -0.394305
v -3.953850 0.050000 -0.394305
v -3.950861 0.050000 -0.449502
v -3.771468 0.050000 -0.449502
v -3.842029 0.050000 -0.217672
v -3.928137 0.050000 -0.217672
v -3.931725 0.050000 -0.350146
v -3.845616 0.050000 -0.350146
v -4.157760 0.050000 -0.239751
v -4.184072 0.050000 -0.239751
v -4.157760 0.050000 -0.707092
v -4.130851 0.050000 -0.707092
v -4.071651 0.050000 -0.707092
v -4.042949 0.050000 -0.707092
v -3.975378 0.050000 -0.707092
v -3.956840 0.050000 -0.707092
v -3.983151 0.050000 -0.239751
v -4.002286 0.050000 -0.239751
v -4.069260 0.050000 -0.239751
v -4.097962 0.050000 -0.239751
v -4.074641 0.050000 -0.651894
v -4.082415 0.050000 -0.519420
v -4.053712 0.050000 -0.519420
v -4.045938 0.050000 -0.651894
v -4.085405 0.050000 -0.464222
v -4.094973 0.050000 -0.294949
v -4.066270 0.050000 -0.294949
v -4.056702 0.050000 -0.464222
v -4.703712 0.050000 -0.184553
v -4.794605 0.050000 -0.184553
v -4.763510 0.050000 -0.736531
v -4.736003 0.050000 -0.736531
v -4.672618 0.050000 -0.736531
v -4.648699 0.050000 -0.736531
v -4.575746 0.050000 -0.736531
v -4.561394 0.050000 -0.736531
v -4.596077 0.050000 -0.504700
v -4.586509 0.050000 -0.254470
v -4.609830 0.050000 -0.254470
v -4.673813 0.050000 -0.254470
v -4.699526 0.050000 -0.254470
v -4.560796 0.050000 -0.184553
v -4.573952 0.050000 -0.184553
v -4.543455 0.050000 -0.732851
v -4.532093 0.050000 -0.732851
v -4.442995 0.050000 -0.732851
v -4.342535 0.050000 -0.732851
v -4.255230 0.050000 -0.732851
v -4.242075 0.050000 -0.732851
v -4.258818 0.050000 -0.427423
v -4.263004 0.050000 -0.427423
v -4.348515 0.050000 -0.427423
v -4.337751 0.050000 -0.397984
v -4.249250 0.050000 -0.397984
v -4.305460 0.050000 -0.307828
v -4.261210 0.050000 -0.184553
v -4.366454 0.050000 -0.184553
v -4.453758 0.050000 -0.427423
v -4.459738 0.050000 -0.427423
v -4.470502 0.050000 -0.239751
v -4.414890 0.050000 -0.239751
v -4.417880 0.050000 -0.184553
v -4.473492 0.050000 -0.184553
v -4.675608 0.050000 -0.681333
v -4.696537 0.050000 -0.309668
v -4.676206 0.050000 -0.309668
v -4.683381 0.050000 -0.504700
v -4.657070 0.050000 -0.681333
v -4.345525 0.050000 -0.677653
v -4.445985 0.050000 -0.677653
v -4.449573 0.050000 -0.611416
v -4.349113 0.050000 -0.611416
v -4.352102 0.050000 -0.556218
v -4.452562 0.050000 -0.556218
v -4.456748 0.050000 -0.482621
v -4.356288 0.050000 -0.482621
v -4.988349 0.050000 -0.283909
v -5.079241 0.050000 -0.283909
v -5.054724 0.050000 -0.707092
v -4.963832 0.050000 -0.707092
v -4.875929 0.050000 -0.184553
v -4.976389 0.050000 -0.184553
v -4.944696 0.050000 -0.736531
v -4.844236 0.050000 -0.736531
v -5.201826 0.050000 -0.184553
v -5.307070 0.050000 -0.184553
v -5.293915 0.050000 -0.420063
v -5.312452 0.050000 -0.420063
v -5.323813 0.050000 -0.221351
v -5.400354 0.050000 -0.221351
v -5.386003 0.050000 -0.475261
v -5.374641 0.050000 -0.475261
v -5.309462 0.050000 -0.475261
v -5.290925 0.050000 -0.475261
v -5.287337 0.050000 -0.529539
v -5.392581 0.050000 -0.529539
v -5.389591 0.050000 -0.584737
v -5.284347 0.050000 -0.584737
v -5.281955 0.050000 -0.627975
v -5.386601 0.050000 -0.627975
v -5.381219 0.050000 -0.732851
v -5.314246 0.050000 -0.732851
v -5.316638 0.050000 -0.683173
v -5.278965 0.050000 -0.683173
v -5.275975 0.050000 -0.736531
v -5.170732 0.050000 -0.736531
v -5.173721 0.050000 -0.683173
v -5.067880 0.050000 -0.683173
v -5.070869 0.050000 -0.627975
v -5.176712 0.050000 -0.627975
v -5.179103 0.050000 -0.584737
v -5.073860 0.050000 -0.584737
v -5.076849 0.050000 -0.529539
v -5.182093 0.050000 -0.529539
v -5.185681 0.050000 -0.475261
v -5.165948 0.050000 -0.475261
v -5.094789 0.050000 -0.475261
v -5.089407 0.050000 -0.475261
v -5.103758 0.050000 -0.221351
v -5.180299 0.050000 -0.221351
v -5.168938 0.050000 -0.420063
v -5.188671 0.050000 -0.420063
v -5.649711 0.050000 -0.604056
v -5.821928 0.050000 -0.604056
v -5.818937 0.050000 -0.658334
v -5.646721 0.050000 -0.658334
v -5.642535 0.050000 -0.725491
v -5.520548 0.050000 -0.725491
v -5.524734 0.050000 -0.658334
v -5.464936 0.050000 -0.658334
v -5.467926 0.050000 -0.604056
v -5.527723 0.050000 -0.604056
v -5.539085 0.050000 -0.404424
v -5.479287 0.050000 -0.404424
v -5.482277 0.050000 -0.350146
v -5.542673 0.050000 -0.350146
v -5.552240 0.050000 -0.184553
v -5.840465 0.050000 -0.184553
v -5.828506 0.050000 -0.404424
v -5.661072 0.050000 -0.404424
v -5.878138 0.050000 -0.184553
v -6.009692 0.050000 -0.184553
v -5.978597 0.050000 -0.725491
v -5.847043 0.050000 -0.725491
v -5.734623 0.050000 -0.238831
v -5.671238 0.050000 -0.238831
v -5.664660 0.050000 -0.350146
v -5.728045 0.050000 -0.350146
v -6.479103 0.050000 -0.184553
v -6.610060 0.050000 -0.184553
v -6.580161 0.050000 -0.710772
v -6.448606 0.050000 -0.710772
v -6.120317 0.050000 -0.184553
v -6.406150 0.050000 -0.227791
v -6.403160 0.050000 -0.295868
v -6.116730 0.050000 -0.252630
v -6.113740 0.050000 -0.620615
v -6.376251 0.050000 -0.620615
v -6.373859 0.050000 -0.674893
v -6.111348 0.050000 -0.674893
v -6.917420 0.050000 -0.184553
v -7.008910 0.050000 -0.184553
v -6.976021 0.050000 -0.736531
v -6.856426 0.050000 -0.736531
v -6.864798 0.050000 -0.594857
v -6.690189 0.050000 -0.622455
v -6.693179 0.050000 -0.559898
v -6.868386 0.050000 -0.532299
v -6.885727 0.050000 -0.239751
v -6.711716 0.050000 -0.239751
v -6.714706 0.050000 -0.184553
v -6.889315 0.050000 -0.184553
v -7.190097 0.050000 -0.459622
v -7.233749 0.050000 -0.459622
v -7.135681 0.050000 -0.736531
v -7.020870 0.050000 -0.736531
v -7.072894 0.050000 -0.590257
v -7.095617 0.050000 -0.184553
v -7.205644 0.050000 -0.184553
v -7.734853 0.050000 -0.681333
v -7.832921 0.050000 -0.681333
v -7.829931 0.050000 -0.736531
v -7.731863 0.050000 -0.736531
v -7.636187 0.050000 -0.736531
v -7.646951 0.050000 -0.545179
v -7.742627 0.050000 -0.545179
v -7.745018 0.050000 -0.545179
v -7.750401 0.050000 -0.460542
v -7.746813 0.050000 -0.460542
v -7.651136 0.050000 -0.460542
v -7.666684 0.050000 -0.184553
v -7.762360 0.050000 -0.184553
v -7.828735 0.050000 -0.184553
v -7.825148 0.050000 -0.239751
v -7.759370 0.050000 -0.239751
v -7.749803 0.050000 -0.405344
v -7.753390 0.050000 -0.405344
v -7.847272 0.050000 -0.405344
v -7.849067 0.050000 -0.405344
v -7.837705 0.050000 -0.600376
v -7.742029 0.050000 -0.600376
v -7.739637 0.050000 -0.600376
v -7.596721 0.050000 -0.339107
v -7.637383 0.050000 -0.339107
v -7.625423 0.050000 -0.552538
v -7.594329 0.050000 -0.552538
v -7.539315 0.050000 -0.552538
v -7.519582 0.050000 -0.552538
v -7.516592 0.050000 -0.604056
v -7.627217 0.050000 -0.604056
v -7.624228 0.050000 -0.659254
v -7.605690 0.050000 -0.659254
v -7.587153 0.050000 -0.736531
v -7.481909 0.050000 -0.736531
v -7.500446 0.050000 -0.659254
v -7.408358 0.050000 -0.659254
v -7.418524 0.050000 -0.714452
v -7.327631 0.050000 -0.714452
v -7.301919 0.050000 -0.578297
v -7.392811 0.050000 -0.578297
v -7.397594 0.050000 -0.604056
v -7.416132 0.050000 -0.604056
v -7.419122 0.050000 -0.552538
v -7.400584 0.050000 -0.552538
v -7.343777 0.050000 -0.552538
v -7.314476 0.050000 -0.552538
v -7.326436 0.050000 -0.339107
v -7.347962 0.050000 -0.339107
v -7.412544 0.050000 -0.339107
v -7.431679 0.050000 -0.339107
v -7.436463 0.050000 -0.255390
v -7.408956 0.050000 -0.257230
v -7.411946 0.050000 -0.313348
v -7.330621 0.050000 -0.313348
v -7.323445 0.050000 -0.184553
v -7.404770 0.050000 -0.184553
v -7.405966 0.050000 -0.202952
v -7.653528 0.050000 -0.184553
v -7.650538 0.050000 -0.239751
v -7.536923 0.050000 -0.248030
v -7.532139 0.050000 -0.339107
v -7.551274 0.050000 -0.339107
v -7.542305 0.050000 -0.497340
v -7.548285 0.050000 -0.394305
v -7.528551 0.050000 -0.394305
v -7.522572 0.050000 -0.497340
v -7.409554 0.050000 -0.394305
v -7.403574 0.050000 -0.497340
v -7.422112 0.050000 -0.497340
v -7.428092 0.050000 -0.394305
v -1.252195 -0.050000 -0.184553
v -1.378367 -0.050000 -0.184553
v -1.322158 -0.050000 -0.705252
v -1.195387 -0.050000 -0.705252
v -1.514706 -0.050000 -0.386945
v -1.693501 -0.050000 -0.386945
v -1.673768 -0.050000 -0.725491
v -1.546997 -0.050000 -0.725491
v -1.563740 -0.050000 -0.440303
v -1.511716 -0.050000 -0.440303
v -2.140787 -0.050000 -0.627975
v -2.305828 -0.050000 -0.627975
v -2.302838 -0.050000 -0.682253
v -2.137797 -0.050000 -0.682253
v -2.135406 -0.050000 -0.725491
v -2.003850 -0.050000 -0.725491
v -2.006242 -0.050000 -0.682253
v -1.803528 -0.050000 -0.682253
v -1.806518 -0.050000 -0.627975
v -2.009232 -0.050000 -0.627975
v -2.015212 -0.050000 -0.523099
v -1.812498 -0.050000 -0.523099
v -1.831634 -0.050000 -0.184553
v -1.963188 -0.050000 -0.184553
v -1.956012 -0.050000 -0.305988
v -2.330345 -0.050000 -0.184553
v -2.311210 -0.050000 -0.523099
v -2.146767 -0.050000 -0.523099
v -2.158726 -0.050000 -0.304148
v -2.149159 -0.050000 -0.469742
v -2.201780 -0.050000 -0.469742
v -2.211946 -0.050000 -0.286669
v -2.018202 -0.050000 -0.469742
v -2.025378 -0.050000 -0.347386
v -1.952424 -0.050000 -0.370385
v -1.946445 -0.050000 -0.469742
v -2.850584 -0.050000 -0.604056
v -2.931909 -0.050000 -0.604056
v -2.928919 -0.050000 -0.658334
v -2.839223 -0.050000 -0.658334
v -2.825469 -0.050000 -0.726411
v -2.703482 -0.050000 -0.726411
v -2.717236 -0.050000 -0.658334
v -2.525285 -0.050000 -0.658334
v -2.551597 -0.050000 -0.184553
v -2.673583 -0.050000 -0.184553
v -2.650262 -0.050000 -0.604056
v -2.728597 -0.050000 -0.604056
v -2.814108 -0.050000 -0.184553
v -2.936095 -0.050000 -0.184553
v -2.425423 -0.050000 -0.252630
v -2.501366 -0.050000 -0.252630
v -2.502562 -0.050000 -0.635335
v -2.475653 -0.050000 -0.635335
v -2.470272 -0.050000 -0.725491
v -2.444559 -0.050000 -0.725491
v -2.449342 -0.050000 -0.635335
v -2.430805 -0.050000 -0.635335
v -2.425423 -0.050000 -0.725491
v -2.399710 -0.050000 -0.725491
v -2.405092 -0.050000 -0.635335
v -2.427217 -0.050000 -0.635335
v -3.469490 -0.050000 -0.184553
v -3.569950 -0.050000 -0.184553
v -3.538855 -0.050000 -0.729171
v -3.470685 -0.050000 -0.729171
v -3.438395 -0.050000 -0.729171
v -3.388165 -0.050000 -0.729171
v -3.305644 -0.050000 -0.729171
v -3.302056 -0.050000 -0.729171
v -3.315212 -0.050000 -0.492741
v -3.322387 -0.050000 -0.492741
v -3.401320 -0.050000 -0.492741
v -3.452148 -0.050000 -0.492741
v -3.200400 -0.050000 -0.492741
v -3.262590 -0.050000 -0.492741
v -3.249434 -0.050000 -0.729171
v -3.183657 -0.050000 -0.729171
v -3.163326 -0.050000 -0.729171
v -3.111900 -0.050000 -0.729171
v -3.013832 -0.050000 -0.729171
v -3.011440 -0.050000 -0.729171
v -3.042535 -0.050000 -0.184553
v -3.142995 -0.050000 -0.184553
v -3.125653 -0.050000 -0.492741
v -3.176481 -0.050000 -0.492741
v -3.391155 -0.050000 -0.673973
v -3.441385 -0.050000 -0.673973
v -3.443777 -0.050000 -0.639935
v -3.392949 -0.050000 -0.639935
v -3.448560 -0.050000 -0.547938
v -3.398331 -0.050000 -0.547938
v -3.395939 -0.050000 -0.584737
v -3.446766 -0.050000 -0.584737
v -3.114890 -0.050000 -0.673973
v -3.166316 -0.050000 -0.673973
v -3.168109 -0.050000 -0.639935
v -3.117282 -0.050000 -0.639935
v -3.173491 -0.050000 -0.547938
v -3.122066 -0.050000 -0.547938
v -3.120272 -0.050000 -0.584737
v -3.171100 -0.050000 -0.584737
v -3.419858 -0.050000 -0.466982
v -3.326573 -0.050000 -0.466982
v -3.251228 -0.050000 -0.466982
v -3.157944 -0.050000 -0.466982
v -3.172894 -0.050000 -0.199272
v -3.266178 -0.050000 -0.199272
v -3.341523 -0.050000 -0.199272
v -3.434807 -0.050000 -0.199272
v -3.254218 -0.050000 -0.411784
v -3.329563 -0.050000 -0.411784
v -3.332553 -0.050000 -0.360266
v -3.257208 -0.050000 -0.360266
v -3.260198 -0.050000 -0.305068
v -3.335543 -0.050000 -0.305068
v -3.338533 -0.050000 -0.254470
v -3.263188 -0.050000 -0.254470
v -3.767282 -0.050000 -0.519420
v -3.946674 -0.050000 -0.519420
v -3.943685 -0.050000 -0.574617
v -3.840235 -0.050000 -0.574617
v -3.836647 -0.050000 -0.644535
v -3.937705 -0.050000 -0.644535
v -3.934715 -0.050000 -0.699732
v -3.833059 -0.050000 -0.699732
v -3.831265 -0.050000 -0.736531
v -3.726021 -0.050000 -0.736531
v -3.727816 -0.050000 -0.699732
v -3.628551 -0.050000 -0.699732
v -3.631541 -0.050000 -0.644535
v -3.731403 -0.050000 -0.644535
v -3.734991 -0.050000 -0.574617
v -3.627954 -0.050000 -0.574617
v -3.630943 -0.050000 -0.519420
v -3.657254 -0.050000 -0.519420
v -3.661440 -0.050000 -0.449502
v -3.635129 -0.050000 -0.449502
v -3.638119 -0.050000 -0.394305
v -3.664430 -0.050000 -0.394305
v -3.676987 -0.050000 -0.184553
v -3.787015 -0.050000 -0.184553
v -3.774457 -0.050000 -0.394305
v -3.953850 -0.050000 -0.394305
v -3.950861 -0.050000 -0.449502
v -3.771468 -0.050000 -0.449502
v -3.842029 -0.050000 -0.217672
v -3.928137 -0.050000 -0.217672
v -3.931725 -0.050000 -0.350146
v -3.845616 -0.050000 -0.350146
v -4.157760 -0.050000 -0.239751
v -4.184072 -0.050000 -0.239751
v -4.157760 -0.050000 -0.707092
v -4.130851 -0.050000 -0.707092
v -4.071651 -0.050000 -0.707092
v -4.042949 -0.050000 -0.707092
v -3.975378 -0.050000 -0.707092
v -3.956840 -0.050000 -0.707092
v -3.983151 -0.050000 -0.239751
v -4.002286 -0.050000 -0.239751
v -4.069260 -0.050000 -0.239751
v -4.097962 -0.050000 -0.239751
v -4.074641 -0.050000 -0.651894
v -4.082415 -0.050000 -0.519420
v -4.053712 -0.050000 -0.519420
v -4.045938 -0.050000 -0.651894
v -4.085405 -0.050000 -0.464222
v -4.094973 -0.050000 -0.294949
v -4.066270 -0.050000 -0.294949
v -4.056702 -0.050000 -0.464222
v -4.703712 -0.050000 -0.184553
v -4.794605 -0.050000 -0.184553
v -4.763510 -0.050000 -0.736531
v -4.736003 -0.050000 -0.736531
v -4.672618 -0.050000 -0.736531
v -4.648699 -0.050000 -0.736531
v -4.575746 -0.050000 -0.736531
v -4.561394 -0.050000 -0.736531
v -4.596077 -0.050000 -0.504700
v -4.586509 -0.050000 -0.254470
v -4.609830 -0.050000 -0.254470
v -4.673813 -0.050000 -0.254470
v -4.699526 -0.050000 -0.254470
v -4.560796 -0.050000 -0.184553
v -4.573952 -0.050000 -0.184553
v -4.543455 -0.050000 -0.732851
v -4.532093 -0.050000 -0.732851
v -4.442995 -0.050000 -0.732851
v -4.342535 -0.050000 -0.732851
v -4.255230 -0.050000 -0.732851
v -4.242075 -0.050000 -0.732851
v -4.258818 -0.050000 -0.427423
v -4.263004 -0.050000 -0.427423
v -4.348515 -0.050000 -0.427423
v -4.337751 -0.050000 -0.397984
v -4.249250 -0.050000 -0.397984
v -4.305460 -0.050000 -0.307828
v -4.261210 -0.050000 -0.184553
v -4.366454 -0.050000 -0.184553
v -4.453758 -0.050000 -0.427423
v -4.459738 -0.050000 -0.427423
v -4.470502 -0.050000 -0.239751
v -4.414890 -0.050000 -0.239751
v -4.417880 -0.050000 -0.184553
v -4.473492 -0.050000 -0.184553
v -4.675608 -0.050000 -0.681333
v -4.696537 -0.050000 -0.309668
v -4.676206 -0.050000 -0.309668
v -4.683381 -0.050000 -0.504700
v -4.657070 -0.050000 -0.681333
v -4.345525 -0.050000 -0.677653
v -4.445985 -0.050000 -0.677653
v -4.449573 -0.050000 -0.611416
v -4.349113 -0.050000 -0.611416
v -4.352102 -0.050000 -0.556218
v -4.452562 -0.050000 -0.556218
v -4.456748 -0.050000 -0.482621
v -4.356288 -0.050000 -0.482621
v -4.988349 -0.050000 -0.283909
v -5.079241 -0.050000 -0.283909
v -5.054724 -0.050000 -0.707092
v -4.963832 -0.050000 -0.707092
v -4.875929 -0.050000 -0.184553
v -4.976389 -0.050000 -0.184553
v -4.944696 -0.050000 -0.736531
v -4.844236 -0.050000 -0.736531
v -5.201826 -0.050000 -0.184553
v -5.307070 -0.050000 -0.184553
v -5.293915 -0.050000 -0.420063
v -5.312452 -0.050000 -0.420063
v -5.323813 -0.050000 -0.221351
v -5.400354 -0.050000 -0.221351
v -5.386003 -0.050000 -0.475261
v -5.374641 -0.050000 -0.475261
v -5.309462 -0.050000 -0.475261
v -5.290925 -0.050000 -0.475261
v -5.287337 -0.050000 -0.529539
v -5.392581 -0.050000 -0.529539
v -5.389591 -0.050000 -0.584737
v -5.284347 -0.050000 -0.584737
v -5.281955 -0.050000 -0.627975
v -5.386601 -0.050000 -0.627975
v -5.381219 -0.050000 -0.732851
v -5.314246 -0.050000 -0.732851
v -5.316638 -0.050000 -0.683173
v -5.278965 -0.050000 -0.683173
v -5.275975 -0.050000 -0.736531
v -5.170732 -0.050000 -0.736531
v -5.173721 -0.050000 -0.683173
v -5.067880 -0.050000 -0.683173
v -5.070869 -0.050000 -0.627975
v -5.176712 -0.050000 -0.627975
v -5.179103 -0.050000 -0.584737
v -5.073860 -0.050000 -0.584737
v -5.076849 -0.050000 -0.529539
v -5.182093 -0.050000 -0.529539
v -5.185681 -0.050000 -0.475261
v -5.165948 -0.050000 -0.475261
v -5.094789 -0.050000 -0.475261
v -5.089407 -0.050000 -0.475261
v -5.103758 -0.050000 -0.221351
v -5.180299 -0.050000 -0.221351
v -5.168938 -0.050000 -0.420063
v -5.188671 -0.050000 -0.420063
v -5.649711 -0.050000 -0.604056
v -5.821928 -0.050000 -0.604056
v -5.818937 -0.050000 -0.658334
v -5.646721 -0.050000 -0.658334
v -5.642535 -0.050000 -0.725491
v -5.520548 -0.050000 -0.725491
v -5.524734 -0.050000 -0.658334
v -5.464936 -0.050000 -0.658334
v -5.467926 -0.050000 -0.604056
v -5.527723 -0.050000 -0.604056
v -5.539085 -0.050000 -0.404424
v -5.479287 -0.050000 -0.404424
v -5.482277 -0.050000 -0.350146
v -5.542673 -0.050000 -0.350146
v -5.552240 -0.050000 -0.184553
v -5.840465 -0.050000 -0.184553
v -5.828506 -0.050000 -0.404424
v -5.661072 -0.050000 -0.404424
v -5.878138 -0.050000 -0.184553
v -6.009692 -0.050000 -0.184553
v -5.978597 -0.050000 -0.725491
v -5.847043 -0.050000 -0.725491
v -5.734623 -0.050000 -0.238831
v -5.671238 -0.050000 -0.238831
v -5.664660 -0.050000 -0.350146
v -5.728045 -0.050000 -0.350146
v -6.479103 -0.050000 -0.184553
v -6.610060 -0.050000 -0.184553
v -6.580161 -0.050000 -0.710772
v -6.448606 -0.050000 -0.710772
v -6.120317 -0.050000 -0.184553
v -6.406150 -0.050000 -0.227791
v -6.403160 -0.050000 -0.295868
v -6.116730 -0.050000 -0.252630
v -6.113740 -0.050000 -0.620615
v -6.376251 -0.050000 -0.620615
v -6.373859 -0.050000 -0.674893
v -6.111348 -0.050000 -0.674893
v -6.917420 -0.050000 -0.184553
v -7.008910 -0.050000 -0.184553
v -6.976021 -0.050000 -0.736531
v -6.856426 -0.050000 -0.736531
v -6.864798 -0.050000 -0.594857
v -6.690189 -0.050000 -0.622455
v -6.693179 -0.050000 -0.559898
v -6.868386 -0.050000 -0.532299
v -6.885727 -0.050000 -0.239751
v -6.711716 -0.050000 -0.239751
v -6.714706 -0.050000 -0.184553
v -6.889315 -0.050000 -0.184553
v -7.190097 -0.050000 -0.459622
v -7.233749 -0.050000 -0.459622
v -7.135681 -0.050000 -0.736531
v -7.020870 -0.050000 -0.736531
v -7.072894 -0.050000 -0.590257
v -7.095617 -0.050000 -0.184553
v -7.205644 -0.050000 -0.184553
v -7.734853 -0.050000 -0.681333
v -7.832921 -0.050000 -0.681333
v -7.829931 -0.050000 -0.736531
v -7.731863 -0.050000 -0.736531
v -7.636187 -0.050000 -0.736531
v -7.646951 -0.050000 -0.545179
v -7.742627 -0.050000 -0.545179
v -7.745018 -0.050000 -0.545179
v -7.750401 -0.050000 -0.460542
v -7.746813 -0.050000 -0.460542
v -7.651136 -0.050000 -0.460542
v -7.666684 -0.050000 -0.184553
v -7.762360 -0.050000 -0.184553
v -7.828735 -0.050000 -0.184553
v -7.825148 -0.050000 -0.239751
v -7.759370 -0.050000 -0.239751
v -7.749803 -0.050000 -0.405344
v -7.753390 -0.050000 -0.405344
v -7.847272 -0.050000 -0.405344
v -7.849067 -0.050000 -0.405344
v -7.837705 -0.050000 -0.600376
v -7.742029 -0.050000 -0.600376
v -7.739637 -0.050000 -0.600376
v -7.596721 -0.050000 -0.339107
v -7.637383 -0.050000 -0.339107
v -7.625423 -0.050000 -0.552538
v -7.594329 -0.050000 -0.552538
v -7.539315 -0.050000 -0.552538
v -7.519582 -0.050000 -0.552538
v -7.516592 -0.050000 -0.604056
v -7.627217 -0.050000 -0.604056
v -7.624228 -0.050000 -0.659254
v -7.605690 -0.050000 -0.659254
v -7.587153 -0.050000 -0.736531
v -7.481909 -0.050000 -0.736531
v -7.500446 -0.050000 -0.659254
v -7.408358 -0.050000 -0.659254
v -7.418524 -0.050000 -0.714452
v -7.327631 -0.050000 -0.714452
v -7.301919 -0.050000 -0.578297
v -7.392811 -0.050000 -0.578297
v -7.397594 -0.050000 -0.604056
v -7.416132 -0.050000 -0.604056
v -7.419122 -0.050000 -0.552538
v -7.400584 -0.050000 -0.552538
v -7.343777 -0.050000 -0.552538
v -7.314476 -0.050000 -0.552538
v -7.326436 -0.050000 -0.339107
v -7.347962 -0.050000 -0.339107
v -7.412544 -0.050000 -0.339107
v -7.431679 -0.050000 -0.339107
v -7.436463 -0.050000 -0.255390
v -7.408956 -0.050000 -0.257230
v -7.411946 -0.050000 -0.313348
v -7.330621 -0.050000 -0.313348
v -7.323445 -0.050000 -0.184553
v -7.404770 -0.050000 -0.184553
v -7.405966 -0.050000 -0.202952
v -7.653528 -0.050000 -0.184553
v -7.650538 -0.050000 -0.239751
v -7.536923 -0.050000 -0.248030
v -7.532139 -0.050000 -0.339107
v -7.551274 -0.050000 -0.339107
v -7.542305 -0.050000 -0.497340
v -7.548285 -0.050000 -0.394305
v -7.528551 -0.050000 -0.394305
v -7.522572 -0.050000 -0.497340
v -7.409554 -0.050000 -0.394305
v -7.403574 -0.050000 -0.497340
v -7.422112 -0.050000 -0.497340
v -7.428092 -0.050000 -0.394305
v -7.734853 -0.050000 -0.681333
v -7.734853 0.050000 -0.681333
v -7.832921 -0.050000 -0.681333
v -7.832921 0.050000 -0.681333
v -7.829931 -0.050000 -0.736531
v -7.829931 0.050000 -0.736531
v -7.731863 -0.050000 -0.736531
v -7.731863 0.050000 -0.736531
v -7.636187 -0.050000 -0.736531
v -7.636187 0.050000 -0.736531
v -7.646951 -0.050000 -0.545179
v -7.646951 0.050000 -0.545179
v -7.742627 -0.050000 -0.545179
v -7.742627 0.050000 -0.545179
v -7.745018 -0.050000 -0.545179
v -7.745018 0.050000 -0.545179
v -7.750401 -0.050000 -0.460542
v -7.750401 0.050000 -0.460542
v -7.746813 -0.050000 -0.460542
v -7.746813 0.050000 -0.460542
v -7.651136 -0.050000 -0.460542
v -7.651136 0.050000 -0.460542
v -7.666684 -0.050000 -0.184553
v -7.666684 0.050000 -0.184553
v -7.762360 -0.050000 -0.184553
v -7.762360 0.050000 -0.184553
v -7.828735 -0.050000 -0.184553
v -7.828735 0.050000 -0.184553
v -7.825148 -0.050000 -0.239751
v -7.825148 0.050000 -0.239751
v -7.759370 -0.050000 -0.239751
v -7.759370 0.050000 -0.239751
v -7.749803 -0.050000 -0.405344
v -7.749803 0.050000 -0.405344
v -7.753390 -0.050000 -0.405344
v -7.753390 0.050000 -0.405344
v -7.847272 -0.050000 -0.405344
v -7.847272 0.050000 -0.405344
v -7.849067 -0.050000 -0.405344
v -7.849067 0.050000 -0.405344
v -7.837705 -0.050000 -0.600376
v -7.837705 0.050000 -0.600376
v -7.742029 -0.050000 -0.600376
v -7.742029 0.050000 -0.600376
v -7.739637 -0.050000 -0.600376
v -7.739637 0.050000 -0.600376
v -7.596721 -0.050000 -0.339107
v -7.596721 0.050000 -0.339107
v -7.637383 -0.050000 -0.339107
v -7.637383 0.050000 -0.339107
v -7.625423 -0.050000 -0.552538
v -7.625423 0.050000 -0.552538
v -7.594329 -0.050000 -0.552538
v -7.594329 0.050000 -0.552538
v -7.539315 -0.050000 -0.552538
v -7.539315 0.050000 -0.552538
v -7.519582 -0.050000 -0.552538
v -7.519582 0.050000 -0.552538
v -7.516592 -0.050000 -0.604056
v -7.516592 0.050000 -0.604056
v -7.627217 -0.050000 -0.604056
v -7.627217 0.050000 -0.604056
v -7.624228 -0.050000 -0.659254
v -7.624228 0.050000 -0.659254
v -7.605690 -0.050000 -0.659254
v -7.605690 0.050000 -0.659254
v -7.587153 -0.050000 -0.736531
v -7.587153 0.050000 -0.736531
v -7.481909 -0.050000 -0.736531
v -7.481909 0.050000 -0.736531
v -7.500446 -0.050000 -0.659254
v -7.500446 0.050000 -0.659254
v -7.408358 -0.050000 -0.659254
v -7.408358 0.050000 -0.659254
v -7.418524 -0.050000 -0.714452
v -7.418524 0.050000 -0.714452
v -7.327631 -0.050000 -0.714452
v -7.327631 0.050000 -0.714452
v -7.301919 -0.050000 -0.578297
v -7.301919 0.050000 -0.578297
v -7.392811 -0.050000 -0.578297
v -7.392811 0.050000 -0.578297
v -7.397594 -0.050000 -0.604056
v -7.397594 0.050000 -0.604056
v -7.416132 -0.050000 -0.604056
v -7.416132 0.050000 -0.604056
v -7.419122 -0.050000 -0.552538
v -7.419122 0.050000 -0.552538
v -7.400584 -0.050000 -0.552538
v -7.400584 0.050000 -0.552538
v -7.343777 -0.050000 -0.552538
v -7.343777 0.050000 -0.552538
v -7.314476 -0.050000 -0.552538
v -7.314476 0.050000 -0.552538
v -7.326436 -0.050000 -0.339107
v -7.326436 0.050000 -0.339107
v -7.347962 -0.050000 -0.339107
v -7.347962 0.050000 -0.339107
v -7.412544 -0.050000 -0.339107
v -7.412544 0.050000 -0.339107
v -7.431679 -0.050000 -0.339107
v -7.431679 0.050000 -0.339107
v -7.436463 -0.050000 -0.255390
v -7.436463 0.050000 -0.255390
v -7.408956 -0.050000 -0.257230
v -7.408956 0.050000 -0.257230
v -7.411946 -0.050000 -0.313348
v -7.411946 0.050000 -0.313348
v -7.330621 -0.050000 -0.313348
v -7.330621 0.050000 -0.313348
v -7.323445 -0.050000 -0.184553
v -7.323445 0.050000 -0.184553
v -7.404770 -0.050000 -0.184553
v -7.404770 0.050000 -0.184553
v -7.405966 -0.050000 -0.202952
v -7.405966 0.050000 -0.202952
v -7.653528 -0.050000 -0.184553
v -7.653528 0.050000 -0.184553
v -7.650538 -0.050000 -0.239751
v -7.650538 0.050000 -0.239751
v -7.536923 -0.050000 -0.248030
v -7.536923 0.050000 -0.248030
v -7.532139 -0.050000 -0.339107
v -7.532139 0.050000 -0.339107
v -7.551274 -0.050000 -0.339107
v -7.551274 0.050000 -0.339107
v -7.542305 -0.050000 -0.497340
v -7.542305 0.050000 -0.497340
v -7.548285 -0.050000 -0.394305
v -7.548285 0.050000 -0.394305
v -7.528551 -0.050000 -0.394305
v -7.528551 0.050000 -0.394305
v -7.522572 -0.050000 -0.497340
v -7.522572 0.050000 -0.497340
v -7.409554 -0.050000 -0.394305
v -7.409554 0.050000 -0.394305
v -7.403574 -0.050000 -0.497340
v -7.403574 0.050000 -0.497340
v -7.422112 -0.050000 -0.497340
v -7.422112 0.050000 -0.497340
v -7.428092 -0.050000 -0.394305
v -7.428092 0.050000 -0.394305
v -6.917420 -0.050000 -0.184553
v -6.917420 0.050000 -0.184553
v -7.008910 -0.050000 -0.184553
v -7.008910 0.050000 -0.184553
v -6.976021 -0.050000 -0.736531
v -6.976021 0.050000 -0.736531
v -6.856426 -0.050000 -0.736531
v -6.856426 0.050000 -0.736531
v -6.864798 -0.050000 -0.594857
v -6.864798 0.050000 -0.594857
v -6.690189 -0.050000 -0.622455
v -6.690189 0.050000 -0.622455
v -6.693179 -0.050000 -0.559898
v -6.693179 0.050000 -0.559898
v -6.868386 -0.050000 -0.532299
v -6.868386 0.050000 -0.532299
v -6.885727 -0.050000 -0.239751
v -6.885727 0.050000 -0.239751
v -6.711716 -0.050000 -0.239751
v -6.711716 0.050000 -0.239751
v -6.714706 -0.050000 -0.184553
v -6.714706 0.050000 -0.184553
v -6.889315 -0.050000 -0.184553
v -6.889315 0.050000 -0.184553
v -7.190097 -0.050000 -0.459622
v -7.190097 0.050000 -0.459622
v -7.233749 -0.050000 -0.459622
v -7.233749 0.050000 -0.459622
v -7.135681 -0.050000 -0.736531
v -7.135681 0.050000 -0.736531
v -7.020870 -0.050000 -0.736531
v -7.020870 0.050000 -0.736531
v -7.072894 -0.050000 -0.590257
v -7.072894 0.050000 -0.590257
v -7.095617 -0.050000 -0.184553
v -7.095617 0.050000 -0.184553
v -7.205644 -0.050000 -0.184553
v -7.205644 0.050000 -0.184553
v -6.479103 -0.050000 -0.184553
v -6.479103 0.050000 -0.184553
v -6.610060 -0.050000 -0.184553
v -6.610060 0.050000 -0.184553
v -6.580161 -0.050000 -0.710772
v -6.580161 0.050000 -0.710772
v -6.448606 -0.050000 -0.710772
v -6.448606 0.050000 -0.710772
v -6.120317 -0.050000 -0.184553
v -6.120317 0.050000 -0.184553
v -6.406150 -0.050000 -0.227791
v -6.406150 0.050000 -0.227791
v -6.403160 -0.050000 -0.295868
v -6.403160 0.050000 -0.295868
v -6.116730 -0.050000 -0.252630
v -6.116730 0.050000 -0.252630
v -6.113740 -0.050000 -0.620615
v -6.113740 0.050000 -0.620615
v -6.376251 -0.050000 -0.620615
v -6.376251 0.050000 -0.620615
v -6.373859 -0.050000 -0.674893
v -6.373859 0.050000 -0.674893
v -6.111348 -0.050000 -0.674893
v -6.111348 0.050000 -0.674893
v -5.649711 -0.050000 -0.604056
v -5.649711 0.050000 -0.604056
v -5.821928 -0.050000 -0.604056
v -5.821928 0.050000 -0.604056
v -5.818937 -0.050000 -0.658334
v -5.818937 0.050000 -0.658334
v -5.646721 -0.050000 -0.658334
v -5.646721 0.050000 -0.658334
v -5.642535 -0.050000 -0.725491
v -5.642535 0.050000 -0.725491
v -5.520548 -0.050000 -0.725491
v -5.520548 0.050000 -0.725491
v -5.524734 -0.050000 -0.658334
v -5.524734 0.050000 -0.658334
v -5.464936 -0.050000 -0.658334
v -5.464936 0.050000 -0.658334
v -5.467926 -0.050000 -0.604056
v -5.467926 0.050000 -0.604056
v -5.527723 -0.050000 -0.604056
v -5.527723 0.050000 -0.604056
v -5.539085 -0.050000 -0.404424
v -5.539085 0.050000 -0.404424
v -5.479287 -0.050000 -0.404424
v -5.479287 0.050000 -0.404424
v -5.482277 -0.050000 -0.350146
v -5.482277 0.050000 -0.350146
v -5.542673 -0.050000 -0.350146
v -5.542673 0.050000 -0.350146
v -5.552240 -0.050000 -0.184553
v -5.552240 0.050000 -0.184553
v -5.840465 -0.050000 -0.184553
v -5.840465 0.050000 -0.184553
v -5.828506 -0.050000 -0.404424
v -5.828506 0.050000 -0.404424
v -5.661072 -0.050000 -0.404424
v -5.661072 0.050000 -0.404424
v -5.878138 -0.050000 -0.184553
v -5.878138 0.050000 -0.184553
v -6.009692 -0.050000 -0.184553
v -6.009692 0.050000 -0.184553
v -5.978597 -0.050000 -0.725491
v -5.978597 0.050000 -0.725491
v -5.847043 -0.050000 -0.725491
v -5.847043 0.050000 -0.725491
v -5.734623 -0.050000 -0.238831
v -5.734623 0.050000 -0.238831
v -5.671238 -0.050000 -0.238831
v -5.671238 0.050000 -0.238831
v -5.664660 -0.050000 -0.350146
v -5.664660 0.050000 -0.350146
v -5.728045 -0.050000 -0.350146
v -5.728045 0.050000 -0.350146
v -4.988349 -0.050000 -0.283909
v -4.988349 0.050000 -0.283909
v -5.079241 -0.050000 -0.283909
v -5.079241 0.050000 -0.283909
v -5.054724 -0.050000 -0.707092
v -5.054724 0.050000 -0.707092
v -4.963832 -0.050000 -0.707092
v -4.963832 0.050000 -0.707092
v -4.875929 -0.050000 -0.184553
v -4.875929 0.050000 -0.184553
v -4.976389 -0.050000 -0.184553
v -4.976389 0.050000 -0.184553
v -4.944696 -0.050000 -0.736531
v -4.944696 0.050000 -0.736531
v -4.844236 -0.050000 -0.736531
v -4.844236 0.050000 -0.736531
v -5.201826 -0.050000 -0.184553
v -5.201826 0.050000 -0.184553
v -5.307070 -0.050000 -0.184553
v -5.307070 0.050000 -0.184553
v -5.293915 -0.050000 -0.420063
v -5.293915 0.050000 -0.420063
v -5.312452 -0.050000 -0.420063
v -5.312452 0.050000 -0.420063
v -5.323813 -0.050000 -0.221351
v -5.323813 0.050000 -0.221351
v -5.400354 -0.050000 -0.221351
v -5.400354 0.050000 -0.221351
v -5.386003 -0.050000 -0.475261
v -5.386003 0.050000 -0.475261
v -5.374641 -0.050000 -0.475261
v -5.374641 0.050000 -0.475261
v -5.309462 -0.050000 -0.475261
v -5.309462 0.050000 -0.475261
v -5.290925 -0.050000 -0.475261
v -5.290925 0.050000 -0.475261
v -5.287337 -0.050000 -0.529539
v -5.287337 0.050000 -0.529539
v -5.392581 -0.050000 -0.529539
v -5.392581 0.050000 -0.529539
v -5.389591 -0.050000 -0.584737
v -5.389591 0.050000 -0.584737
v -5.284347 -0.050000 -0.584737
v -5.284347 0.050000 -0.584737
v -5.281955 -0.050000 -0.627975
v -5.281955 0.050000 -0.627975
v -5.386601 -0.050000 -0.627975
v -5.386601 0.050000 -0.627975
v -5.381219 -0.050000 -0.732851
v -5.381219 0.050000 -0.732851
v -5.314246 -0.050000 -0.732851
v -5.314246 0.050000 -0.732851
v -5.316638 -0.050000 -0.683173
v -5.316638 0.050000 -0.683173
v -5.278965 -0.050000 -0.683173
v -5.278965 0.050000 -0.683173
v -5.275975 -0.050000 -0.736531
v -5.275975 0.050000 -0.736531
v -5.170732 -0.050000 -0.736531
v -5.170732 0.050000 -0.736531
v -5.173721 -0.050000 -0.683173
v -5.173721 0.050000 -0.683173
v -5.067880 -0.050000 -0.683173
v -5.067880 0.050000 -0.683173
v -5.070869 -0.050000 -0.627975
v -5.070869 0.050000 -0.627975
v -5.176712 -0.050000 -0.627975
v -5.176712 0.050000 -0.627975
v -5.179103 -0.050000 -0.584737
v -5.179103 0.050000 -0.584737
v -5.073860 -0.050000 -0.584737
v -5.073860 0.050000 -0.584737
v -5.076849 -0.050000 -0.529539
v -5.076849 0.050000 -0.529539
v -5.182093 -0.050000 -0.529539
v -5.182093 0.050000 -0.529539
v -5.185681 -0.050000 -0.475261
v -5.185681 0.050000 -0.475261
v -5.165948 -0.050000 -0.475261
v -5.165948 0.050000 -0.475261
v -5.094789 -0.050000 -0.475261
v -5.094789 0.050000 -0.475261
v -5.089407 -0.050000 -0.475261
v -5.089407 0.050000 -0.475261
v -5.103758 -0.050000 -0.221351
v -5.103758 0.050000 -0.221351
v -5.180299 -0.050000 -0.221351
v -5.180299 0.050000 -0.221351
v -5.168938 -0.050000 -0.420063
v -5.168938 0.050000 -0.420063
v -5.188671 -0.050000 -0.420063
v -5.188671 0.050000 -0.420063
v -4.703712 -0.050000 -0.184553
v -4.703712 0.050000 -0.184553
v -4.794605 -0.050000 -0.184553
v -4.794605 0.050000 -0.184553
v -4.763510 -0.050000 -0.736531
v -4.763510 0.050000 -0.736531
v -4.736003 -0.050000 -0.736531
v -4.736003 0.050000 -0.736531
v -4.672618 -0.050000 -0.736531
v -4.672618 0.050000 -0.736531
v -4.648699 -0.050000 -0.736531
v -4.648699 0.050000 -0.736531
v -4.575746 -0.050000 -0.736531
v -4.575746 0.050000 -0.736531
v -4.561394 -0.050000 -0.736531
v -4.561394 0.050000 -0.736531
v -4.596077 -0.050000 -0.504700
v -4.596077 0.050000 -0.504700
v -4.586509 -0.050000 -0.254470
v -4.586509 0.050000 -0.254470
v -4.609830 -0.050000 -0.254470
v -4.609830 0.050000 -0.254470
v -4.673813 -0.050000 -0.254470
v -4.673813 0.050000 -0.254470
v -4.699526 -0.050000 -0.254470
v -4.699526 0.050000 -0.254470
v -4.560796 -0.050000 -0.184553
v -4.560796 0.050000 -0.184553
v -4.573952 -0.050000 -0.184553
v -4.573952 0.050000 -0.184553
v -4.543455 -0.050000 -0.732851
v -4.543455 0.050000 -0.732851
v -4.532093 -0.050000 -0.732851
v -4.532093 0.050000 -0.732851
v -4.442995 -0.050000 -0.732851
v -4.442995 0.050000 -0.732851
v -4.342535 -0.050000 -0.732851
v -4.342535 0.050000 -0.732851
v -4.255230 -0.050000 -0.732851
v -4.255230 0.050000 -0.732851
v -4.242075 -0.050000 -0.732851
v -4.242075 0.050000 -0.732851
v -4.258818 -0.050000 -0.427423
v -4.258818 0.050000 -0.427423
v -4.263004 -0.050000 -0.427423
v -4.263004 0.050000 -0.427423
v -4.348515 -0.050000 -0.427423
v -4.348515 0.050000 -0.427423
v -4.337751 -0.050000 -0.397984
v -4.337751 0.050000 -0.397984
v -4.249250 -0.050000 -0.397984
v -4.249250 0.050000 -0.397984
v -4.305460 -0.050000 -0.307828
v -4.305460 0.050000 -0.307828
v -4.261210 -0.050000 -0.184553
v -4.261210 0.050000 -0.184553
v -4.366454 -0.050000 -0.184553
v -4.366454 0.050000 -0.184553
v -4.453758 -0.050000 -0.427423
v -4.453758 0.050000 -0.427423
v -4.459738 -0.050000 -0.427423
v -4.459738 0.050000 -0.427423
v -4.470502 -0.050000 -0.239751
v -4.470502 0.050000 -0.239751
v -4.414890 -0.050000 -0.239751
v -4.414890 0.050000 -0.239751
v -4.417880 -0.050000 -0.184553
v -4.417880 0.050000 -0.184553
v -4.473492 -0.050000 -0.184553
v -4.473492 0.050000 -0.184553
v -4.675608 -0.050000 -0.681333
v -4.675608 0.050000 -0.681333
v -4.696537 -0.050000 -0.309668
v -4.696537 0.050000 -0.309668
v -4.676206 -0.050000 -0.309668
v -4.676206 0.050000 -0.309668
v -4.683381 -0.050000 -0.504700
v -4.683381 0.050000 -0.504700
v -4.657070 -0.050000 -0.681333
v -4.657070 0.050000 -0.681333
v -4.345525 -0.050000 -0.677653
v -4.345525 0.050000 -0.677653
v -4.445985 -0.050000 -0.677653
v -4.445985 0.050000 -0.677653
v -4.449573 -0.050000 -0.611416
v -4.449573 0.050000 -0.611416
v -4.349113 -0.050000 -0.611416
v -4.349113 0.050000 -0.611416
v -4.352102 -0.050000 -0.556218
v -4.352102 0.050000 -0.556218
v -4.452562 -0.050000 -0.556218
v -4.452562 0.050000 -0.556218
v -4.456748 -0.050000 -0.482621
v -4.456748 0.050000 -0.482621
v -4.356288 -0.050000 -0.482621
v -4.356288 0.050000 -0.482621
v -3.767282 -0.050000 -0.519420
v -3.767282 0.050000 -0.519420
v -3.946674 -0.050000 -0.519420
v -3.946674 0.050000 -0.519420
v -3.943685 -0.050000 -0.574617
v -3.943685 0.050000 -0.574617
v -3.840235 -0.050000 -0.574617
v -3.840235 0.050000 -0.574617
v -3.836647 -0.050000 -0.644535
v -3.836647 0.050000 -0.644535
v -3.937705 -0.050000 -0.644535
v -3.937705 0.050000 -0.644535
v -3.934715 -0.050000 -0.699732
v -3.934715 0.050000 -0.699732
v -3.833059 -0.050000 -0.699732
v -3.833059 0.050000 -0.699732
v -3.831265 -0.050000 -0.736531
v -3.831265 0.050000 -0.736531
v -3.726021 -0.050000 -0.736531
v -3.726021 0.050000 -0.736531
v -3.727816 -0.050000 -0.699732
v -3.727816 0.050000 -0.699732
v -3.628551 -0.050000 -0.699732
v -3.628551 0.050000 -0.699732
v -3.631541 -0.050000 -0.644535
v -3.631541 0.050000 -0.644535
v -3.731403 -0.050000 -0.644535
v -3.731403 0.050000 -0.644535
v -3.734991 -0.050000 -0.574617
v -3.734991 0.050000 -0.574617
v -3.627954 -0.050000 -0.574617
v -3.627954 0.050000 -0.574617
v -3.630943 -0.050000 -0.519420
v -3.630943 0.050000 -0.519420
v -3.657254 -0.050000 -0.519420
v -3.657254 0.050000 -0.519420
v -3.661440 -0.050000 -0.449502
v -3.661440 0.050000 -0.449502
v -3.635129 -0.050000 -0.449502
v -3.635129 0.050000 -0.449502
v -3.638119 -0.050000 -0.394305
v -3.638119 0.050000 -0.394305
v -3.664430 -0.050000 -0.394305
v -3.664430 0.050000 -0.394305
v -3.676987 -0.050000 -0.184553
v -3.676987 0.050000 -0.184553
v -3.787015 -0.050000 -0.184553
v -3.787015 0.050000 -0.184553
v -3.774457 -0.050000 -0.394305
v -3.774457 0.050000 -0.394305
v -3.953850 -0.050000 -0.394305
v -3.953850 0.050000 -0.394305
v -3.950861 -0.050000 -0.449502
v -3.950861 0.050000 -0.449502
v -3.771468 -0.050000 -0.449502
v -3.771468 0.050000 -0.449502
v -3.842029 -0.050000 -0.217672
v -3.842029 0.050000 -0.217672
v -3.928137 -0.050000 -0.217672
v -3.928137 0.050000 -0.217672
v -3.931725 -0.050000 -0.350146
v -3.931725 0.050000 -0.350146
v -3.845616 -0.050000 -0.350146
v -3.845616 0.050000 -0.350146
v -4.157760 -0.050000 -0.239751
v -4.157760 0.050000 -0.239751
v -4.184072 -0.050000 -0.239751
v -4.184072 0.050000 -0.239751
v -4.157760 -0.050000 -0.707092
v -4.157760 0.050000 -0.707092
v -4.130851 -0.050000 -0.707092
v -4.130851 0.050000 -0.707092
v -4.071651 -0.050000 -0.707092
v -4.071651 0.050000 -0.707092
v -4.042949 -0.050000 -0.707092
v -4.042949 0.050000 -0.707092
v -3.975378 -0.050000 -0.707092
v -3.975378 0.050000 -0.707092
v -3.956840 -0.050000 -0.707092
v -3.956840 0.050000 -0.707092
v -3.983151 -0.050000 -0.239751
v -3.983151 0.050000 -0.239751
v -4.002286 -0.050000 -0.239751
v -4.002286 0.050000 -0.239751
v -4.069260 -0.050000 -0.239751
v -4.069260 0.050000 -0.239751
v -4.097962 -0.050000 -0.239751
v -4.097962 0.050000 -0.239751
v -4.074641 -0.050000 -0.651894
v -4.074641 0.050000 -0.651894
v -4.082415 -0.050000 -0.519420
v -4.082415 0.050000 -0.519420
v -4.053712 -0.050000 -0.519420
v -4.053712 0.050000 -0.519420
v -4.045938 -0.050000 -0.651894
v -4.045938 0.050000 -0.651894
v -4.085405 -0.050000 -0.464222
v -4.085405 0.050000 -0.464222
v -4.094973 -0.050000 -0.294949
v -4.094973 0.050000 -0.294949
v -4.066270 -0.050000 -0.294949
v -4.066270 0.050000 -0.294949
v -4.056702 -0.050000 -0.464222
v -4.056702 0.050000 -0.464222
v -3.469490 -0.050000 -0.184553
v -3.469490 0.050000 -0.184553
v -3.569950 -0.050000 -0.184553
v -3.569950 0.050000 -0.184553
v -3.538855 -0.050000 -0.729171
v -3.538855 0.050000 -0.729171
v -3.470685 -0.050000 -0.729171
v -3.470685 0.050000 -0.729171
v -3.438395 -0.050000 -0.729171
v -3.438395 0.050000 -0.729171
v -3.388165 -0.050000 -0.729171
v -3.388165 0.050000 -0.729171
v -3.305644 -0.050000 -0.729171
v -3.305644 0.050000 -0.729171
v -3.302056 -0.050000 -0.729171
v -3.302056 0.050000 -0.729171
v -3.315212 -0.050000 -0.492741
v -3.315212 0.050000 -0.492741
v -3.322387 -0.050000 -0.492741
v -3.322387 0.050000 -0.492741
v -3.401320 -0.050000 -0.492741
v -3.401320 0.050000 -0.492741
v -3.452148 -0.050000 -0.492741
v -3.452148 0.050000 -0.492741
v -3.200400 -0.050000 -0.492741
v -3.200400 0.050000 -0.492741
v -3.262590 -0.050000 -0.492741
v -3.262590 0.050000 -0.492741
v -3.249434 -0.050000 -0.729171
v -3.249434 0.050000 -0.729171
v -3.183657 -0.050000 -0.729171
v -3.183657 0.050000 -0.729171
v -3.163326 -0.050000 -0.729171
v -3.163326 0.050000 -0.729171
v -3.111900 -0.050000 -0.729171
v -3.111900 0.050000 -0.729171
v -3.013832 -0.050000 -0.729171
v -3.013832 0.050000 -0.729171
v -3.011440 -0.050000 -0.729171
v -3.011440 0.050000 -0.729171
v -3.042535 -0.050000 -0.184553
v -3.042535 0.050000 -0.184553
v -3.142995 -0.050000 -0.184553
v -3.142995 0.050000 -0.184553
v -3.125653 -0.050000 -0.492741
v -3.125653 0.050000 -0.492741
v -3.176481 -0.050000 -0.492741
v -3.176481 0.050000 -0.492741
v -3.391155 -0.050000 -0.673973
v -3.391155 0.050000 -0.673973
v -3.441385 -0.050000 -0.673973
v -3.441385 0.050000 -0.673973
v -3.443777 -0.050000 -0.639935
v -3.443777 0.050000 -0.639935
v -3.392949 -0.050000 -0.639935
v -3.392949 0.050000 -0.639935
v -3.448560 -0.050000 -0.547938
v -3.448560 0.050000 -0.547938
v -3.398331 -0.050000 -0.547938
v -3.398331 0.050000 -0.547938
v -3.395939 -0.050000 -0.584737
v -3.395939 0.050000 -0.584737
v -3.446766 -0.050000 -0.584737
v -3.446766 0.050000 -0.584737
v -3.114890 -0.050000 -0.673973
v -3.114890 0.050000 -0.673973
v -3.166316 -0.050000 -0.673973
v -3.166316 0.050000 -0.673973
v -3.168109 -0.050000 -0.639935
v -3.168109 0.050000 -0.639935
v -3.117282 -0.050000 -0.639935
v -3.117282 0.050000 -0.639935
v -3.173491 -0.050000 -0.547938
v -3.173491 0.050000 -0.547938
v -3.122066 -0.050000 -0.547938
v -3.122066 0.050000 -0.547938
v -3.120272 -0.050000 -0.584737
v -3.120272 0.050000 -0.584737
v -3.171100 -0.050000 -0.584737
v -3.171100 0.050000 -0.584737
v -3.419858 -0.050000 -0.466982
v -3.419858 0.050000 -0.466982
v -3.326573 -0.050000 -0.466982
v -3.326573 0.050000 -0.466982
v -3.251228 -0.050000 -0.466982
v -3.251228 0.050000 -0.466982
v -3.157944 -0.050000 -0.466982
v -3.157944 0.050000 -0.466982
v -3.172894 -0.050000 -0.199272
v -3.172894 0.050000 -0.199272
v -3.266178 -0.050000 -0.199272
v -3.266178 0.050000 -0.199272
v -3.341523 -0.050000 -0.199272
v -3.341523 0.050000 -0.199272
v -3.434807 -0.050000 -0.199272
v -3.434807 0.050000 -0.199272
v -3.254218 -0.050000 -0.411784
v -3.254218 0.050000 -0.411784
v -3.329563 -0.050000 -0.411784
v -3.329563 0.050000 -0.411784
v -3.332553 -0.050000 -0.360266
v -3.332553 0.050000 -0.360266
v -3.257208 -0.050000 -0.360266
v -3.257208 0.050000 -0.360266
v -3.260198 -0.050000 -0.305068
v -3.260198 0.050000 -0.305068
v -3.335543 -0.050000 -0.305068
v -3.335543 0.050000 -0.305068
v -3.338533 -0.050000 -0.254470
v -3.338533 0.050000 -0.254470
v -3.263188 -0.050000 -0.254470
v -3.263188 0.050000 -0.254470
v -2.850584 -0.050000 -0.604056
v -2.850584 0.050000 -0.604056
v -2.931909 -0.050000 -0.604056
v -2.931909 0.050000 -0.604056
v -2.928919 -0.050000 -0.658334
v -2.928919 0.050000 -0.658334
v -2.839223 -0.050000 -0.658334
v -2.839223 0.050000 -0.658334
v -2.825469 -0.050000 -0.726411
v -2.825469 0.050000 -0.726411
v -2.703482 -0.050000 -0.726411
v -2.703482 0.050000 -0.726411
v -2.717236 -0.050000 -0.658334
v -2.717236 0.050000 -0.658334
v -2.525285 -0.050000 -0.658334
v -2.525285 0.050000 -0.658334
v -2.551597 -0.050000 -0.184553
v -2.551597 0.050000 -0.184553
v -2.673583 -0.050000 -0.184553
v -2.673583 0.050000 -0.184553
v -2.650262 -0.050000 -0.604056
v -2.650262 0.050000 -0.604056
v -2.728597 -0.050000 -0.604056
v -2.728597 0.050000 -0.604056
v -2.814108 -0.050000 -0.184553
v -2.814108 0.050000 -0.184553
v -2.936095 -0.050000 -0.184553
v -2.936095 0.050000 -0.184553
v -2.425423 -0.050000 -0.252630
v -2.425423 0.050000 -0.252630
v -2.501366 -0.050000 -0.252630
v -2.501366 0.050000 -0.252630
v -2.502562 -0.050000 -0.635335
v -2.502562 0.050000 -0.635335
v -2.475653 -0.050000 -0.635335
v -2.475653 0.050000 -0.635335
v -2.470272 -0.050000 -0.725491
v -2.470272 0.050000 -0.725491
v -2.444559 -0.050000 -0.725491
v -2.444559 0.050000 -0.725491
v -2.449342 -0.050000 -0.635335
v -2.449342 0.050000 -0.635335
v -2.430805 -0.050000 -0.635335
v -2.430805 0.050000 -0.635335
v -2.425423 -0.050000 -0.725491
v -2.425423 0.050000 -0.725491
v -2.399710 -0.050000 -0.725491
v -2.399710 0.050000 -0.725491
v -2.405092 -0.050000 -0.635335
v -2.405092 0.050000 -0.635335
v -2.427217 -0.050000 -0.635335
v -2.427217 0.050000 -0.635335
v -2.140787 -0.050000 -0.627975
v -2.140787 0.050000 -0.627975
v -2.305828 -0.050000 -0.627975
v -2.305828 0.050000 -0.627975
v -2.302838 -0.050000 -0.682253
v -2.302838 0.050000 -0.682253
v -2.137797 -0.050000 -0.682253
v -2.137797 0.050000 -0.682253
v -2.135406 -0.050000 -0.725491
v -2.135406 0.050000 -0.725491
v -2.003850 -0.050000 -0.725491
v -2.003850 0.050000 -0.725491
v -2.006242 -0.050000 -0.682253
v -2.006242 0.050000 -0.682253
v -1.803528 -0.050000 -0.682253
v -1.803528 0.050000 -0.682253
v -1.806518 -0.050000 -0.627975
v -1.806518 0.050000 -0.627975
v -2.009232 -0.050000 -0.627975
v -2.009232 0.050000 -0.627975
v -2.015212 -0.050000 -0.523099
v -2.015212 0.050000 -0.523099
v -1.812498 -0.050000 -0.523099
v -1.812498 0.050000 -0.523099
v -1.831634 -0.050000 -0.184553
v -1.831634 0.050000 -0.184553
v -1.963188 -0.050000 -0.184553
v -1.963188 0.050000 -0.184553
v -1.956012 -0.050000 -0.305988
v -1.956012 0.050000 -0.305988
v -2.330345 -0.050000 -0.184553
v -2.330345 0.050000 -0.184553
v -2.311210 -0.050000 -0.523099
v -2.311210 0.050000 -0.523099
v -2.146767 -0.050000 -0.523099
v -2.146767 0.050000 -0.523099
v -2.158726 -0.050000 -0.304148
v -2.158726 0.050000 -0.304148
v -2.149159 -0.050000 -0.469742
v -2.149159 0.050000 -0.469742
v -2.201780 -0.050000 -0.469742
v -2.201780 0.050000 -0.469742
v -2.211946 -0.050000 -0.286669
v -2.211946 0.050000 -0.286669
v -2.018202 -0.050000 -0.469742
v -2.018202 0.050000 -0.469742
v -2.025378 -0.050000 -0.347386
v -2.025378 0.050000 -0.347386
v -1.952424 -0.050000 -0.370385
v -1.952424 0.050000 -0.370385
v -1.946445 -0.050000 -0.469742
v -1.946445 0.050000 -0.469742
v -1.252195 -0.050000 -0.184553
v -1.252195 0.050000 -0.184553
v -1.378367 -0.050000 -0.184553
v -1.378367 0.050000 -0.184553
v -1.322158 -0.050000 -0.705252
v -1.322158 0.050000 -0.705252
v -1.195387 -0.050000 -0.705252
v -1.195387 0.050000 -0.705252
v -1.514706 -0.050000 -0.386945
v -1.514706 0.050000 -0.386945
v -1.693501 -0.050000 -0.386945
v -1.693501 0.050000 -0.386945
v -1.673768 -0.050000 -0.725491
v -1.673768 0.050000 -0.725491
v -1.546997 -0.050000 -0.725491
v -1.546997 0.050000 -0.725491
v -1.563740 -0.050000 -0.440303
v -1.563740 0.050000 -0.440303
v -1.511716 -0.050000 -0.440303
v -1.511716 0.050000 -0.440303
vn -0.0000 1.0000 -0.0000
vn -0.0000 -1.0000 -0.0000
vn -0.8582 -0.0000 0.5133
vn -0.8599 -0.0000 0.5104
vn -0.8168 -0.0000 -0.5770
vn -0.0000 -0.0000 -1.0000
vn 0.8589 -0.0000 -0.5121
vn 0.8159 -0.0000 0.5782
vn -0.0000 -0.0000 1.0000
vn 0.8128 -0.0000 0.5825
vn 0.8615 -0.0000 -0.5078
vn 0.8614 -0.0000 -0.5078
vn 0.8590 -0.0000 -0.5120
vn 0.8158 -0.0000 0.5783
vn 0.8590 -0.0000 -0.5121
vn 0.8159 -0.0000 0.5783
vn -0.8619 -0.0000 0.5070
vn -0.8122 -0.0000 -0.5834
vn -0.8152 -0.0000 -0.5791
vn -0.8595 -0.0000 0.5112
vn -0.8153 -0.0000 -0.5791
vn -0.8596 -0.0000 0.5109
vn -0.8150 -0.0000 -0.5794
vn -0.8147 -0.0000 -0.5799
vn -0.8589 -0.0000 0.5122
vn -0.8160 -0.0000 -0.5781
vn -0.8152 -0.0000 -0.5792
vn -0.8595 -0.0000 0.5111
vn -0.8151 -0.0000 -0.5793
vn -0.8596 -0.0000 0.5110
vn -0.7313 -0.0000 -0.6821
vn 0.9109 -0.0000 -0.4126
vn -0.8975 -0.0000 -0.4411
vn -0.8975 -0.0000 -0.4410
vn 0.7560 -0.0000 -0.6545
vn 0.8987 -0.0000 0.4386
vn -0.7575 -0.0000 0.6528
vn 0.8152 -0.0000 0.5792
vn 0.8595 -0.0000 -0.5111
vn 0.8151 -0.0000 0.5793
vn 0.8596 -0.0000 -0.5110
vn 0.8589 -0.0000 -0.5122
vn 0.8160 -0.0000 0.5781
vn 0.8155 -0.0000 0.5787
vn 0.8492 -0.0000 -0.5281
vn -0.8676 -0.0000 -0.4973
vn -0.8579 -0.0000 -0.5138
vn -0.8675 -0.0000 -0.4974
vn 0.8161 -0.0000 -0.5779
vn 0.8588 -0.0000 0.5124
vn -0.8122 -0.0000 0.5834
vn 0.8587 -0.0000 0.5124
vn -0.7984 -0.0000 0.6021
vn -0.8470 -0.0000 0.5316
vn -0.7985 -0.0000 0.6020
vn -0.8293 -0.0000 -0.5587
vn -0.8470 -0.0000 0.5317
vn -0.8300 -0.0000 -0.5578
vn -0.8294 -0.0000 -0.5587
vn -0.8577 -0.0000 0.5142
vn -0.8601 -0.0000 0.5102
vn -0.8145 -0.0000 -0.5802
vn 0.8599 -0.0000 -0.5104
vn 0.8355 -0.0000 -0.5495
vn 0.8311 -0.0000 -0.5561
vn 0.8455 -0.0000 0.5340
vn 0.8412 -0.0000 0.5407
vn 0.8600 -0.0000 -0.5104
vn 0.8412 -0.0000 0.5408
vn 0.8582 -0.0000 -0.5133
vn 0.8600 -0.0000 -0.5103
vn 0.8168 -0.0000 0.5770
vn -0.9329 -0.0000 0.3602
vn -0.8590 -0.0000 0.5119
vn -0.6745 -0.0000 -0.7382
vn 0.9331 -0.0000 -0.3595
vn -0.6746 -0.0000 -0.7382
vn 0.9813 -0.0000 0.1926
vn -0.8591 -0.0000 0.5117
vn -0.8156 -0.0000 -0.5785
vn -0.8591 -0.0000 0.5118
vn -0.8157 -0.0000 -0.5785
vn -0.8761 -0.0000 0.4822
vn 0.7892 -0.0000 0.6141
vn -0.7933 -0.0000 -0.6088
vn 0.8788 -0.0000 -0.4772
vn 0.8788 -0.0000 -0.4773
vn -0.8547 -0.0000 0.5191
vn 0.8209 -0.0000 0.5710
vn -0.8209 -0.0000 -0.5710
vn -0.8547 -0.0000 0.5192
vn 0.8547 -0.0000 -0.5191
vn 0.8547 -0.0000 -0.5192
vn -0.8585 -0.0000 0.5127
vn -0.8592 -0.0000 0.5117
vn -0.8164 -0.0000 -0.5775
vn -0.8585 -0.0000 0.5128
vn -0.8134 -0.0000 -0.5818
vn -0.8133 -0.0000 -0.5818
vn 0.8610 -0.0000 -0.5086
vn 0.8585 -0.0000 -0.5128
vn 0.8164 -0.0000 0.5775
vn 0.8156 -0.0000 0.5786
vn 0.8592 -0.0000 -0.5117
vn 0.8152 -0.0000 0.5791
vn 0.8153 -0.0000 0.5791
vn -0.8583 -0.0000 0.5131
vn -0.8167 -0.0000 -0.5771
vn -0.8583 -0.0000 0.5132
vn -0.8156 -0.0000 -0.5786
vn -0.8594 -0.0000 0.5114
vn 0.8154 -0.0000 0.5789
vn -0.8154 -0.0000 -0.5789
vn 0.8594 -0.0000 -0.5114
vn 0.8599 -0.0000 -0.5105
vn 0.8147 -0.0000 0.5799
vn -0.8599 -0.0000 0.5105
vn -0.8593 -0.0000 0.5114
vn 0.8593 -0.0000 -0.5114
vn -0.8588 -0.0000 0.5123
vn 0.8161 -0.0000 0.5780
vn 0.8160 -0.0000 0.5780
vn 0.8155 -0.0000 0.5788
vn -0.8158 -0.0000 -0.5784
vn -0.8118 -0.0000 -0.5840
vn -0.8623 -0.0000 0.5064
vn -0.8117 -0.0000 -0.5840
vn -0.8163 -0.0000 -0.5777
vn -0.8586 -0.0000 0.5126
vn -0.8572 -0.0000 0.5149
vn -0.8180 -0.0000 -0.5753
vn 0.8561 -0.0000 -0.5168
vn -0.8179 -0.0000 -0.5753
vn 0.8163 -0.0000 0.5777
vn 0.8586 -0.0000 -0.5126
vn 0.8117 -0.0000 0.5840
vn 0.8623 -0.0000 -0.5064
vn 0.8590 -0.0000 -0.5119
vn 0.8158 -0.0000 0.5784
vn -0.8592 -0.0000 0.5116
vn -0.8593 -0.0000 0.5115
vn -0.8590 -0.0000 0.5120
vn 0.8144 -0.0000 0.5804
vn 0.8144 -0.0000 0.5803
vn -0.8159 -0.0000 -0.5783
vn -0.8159 -0.0000 -0.5782
vn 0.8882 -0.0000 -0.4595
vn 0.9985 -0.0000 0.0545
vn 0.8882 -0.0000 -0.4596
vn 0.8526 -0.0000 0.5226
vn 0.8526 -0.0000 0.5225
vn -0.8587 -0.0000 0.5124
vn -0.8161 -0.0000 -0.5778
vn -0.8587 -0.0000 0.5125
vn -0.8162 -0.0000 -0.5778
vn 0.8584 -0.0000 -0.5129
vn 0.8165 -0.0000 0.5774
vn 0.9347 -0.0000 0.3554
vn 0.6688 -0.0000 -0.7434
vn 0.9637 -0.0000 -0.2672
vn 0.6689 -0.0000 -0.7434
vn 0.9964 -0.0000 0.0847
vn 0.9637 -0.0000 -0.2671
vn 0.9337 -0.0000 0.3581
vn -0.6719 -0.0000 0.7406
vn 0.8593 -0.0000 -0.5115
vn 0.8167 -0.0000 0.5770
vn -0.8521 -0.0000 -0.5234
vn -0.9985 -0.0000 -0.0549
vn -0.8880 -0.0000 0.4599
vn -0.8602 -0.0000 0.5100
vn -0.8572 -0.0000 0.5150
vn -0.8190 -0.0000 -0.5738
vn 0.8563 -0.0000 -0.5164
vn 0.8563 -0.0000 -0.5165
vn 0.8179 -0.0000 0.5753
vn 0.8572 -0.0000 -0.5149
vn 0.8180 -0.0000 0.5753
vn 0.8602 -0.0000 -0.5100
vn -0.8144 -0.0000 -0.5803
vn -0.8278 -0.0000 0.5610
vn 0.8486 -0.0000 0.5291
vn -0.8486 -0.0000 -0.5291
vn 0.8278 -0.0000 -0.5610
vn -0.8589 -0.0000 0.5121
vn 0.8598 -0.0000 -0.5107
vn 0.8149 -0.0000 0.5796
vn -0.8149 -0.0000 -0.5796
vn -0.8598 -0.0000 0.5107
vn -0.8155 -0.0000 -0.5787
vn 0.8587 -0.0000 -0.5124
vn 0.8161 -0.0000 0.5779
vn 0.8587 -0.0000 -0.5125
vn 0.8161 -0.0000 0.5778
vn -0.8161 -0.0000 -0.5779
vn 0.8592 -0.0000 -0.5116
vn 0.8100 -0.0000 0.5865
vn 0.8637 -0.0000 -0.5040
vn -0.8174 -0.0000 -0.5761
vn 0.8190 -0.0000 0.5738
vn 0.8174 -0.0000 0.5761
vn -0.8637 -0.0000 0.5040
vn 0.8577 -0.0000 -0.5141
vn -0.8100 -0.0000 -0.5865
vn 0.8577 -0.0000 -0.5142
vn 0.8619 -0.0000 -0.5071
vn 0.8619 -0.0000 -0.5070
vn -0.8563 -0.0000 0.5165
vn 0.8122 -0.0000 0.5834
vn -0.8563 -0.0000 0.5164
vn -0.8161 -0.0000 -0.5780
vn -0.8160 -0.0000 -0.5780
vn 0.8588 -0.0000 -0.5123
vn -0.9024 -0.0000 0.4308
vn -0.7497 -0.0000 -0.6618
vn 0.9020 -0.0000 -0.4317
vn 0.8162 -0.0000 0.5778
vn 0.7488 -0.0000 0.6628
vn -0.9025 -0.0000 0.4308
vn 0.7488 -0.0000 0.6627
vn -0.8372 -0.0000 0.5469
vn 0.8402 -0.0000 0.5422
vn -0.8396 -0.0000 -0.5432
vn -0.8372 -0.0000 0.5468
vn -0.8396 -0.0000 -0.5431
vn 0.8578 -0.0000 -0.5139
vn 0.8601 -0.0000 -0.5101
vn 0.8145 -0.0000 0.5802
vn -0.8163 -0.0000 -0.5776
vn 0.8585 -0.0000 -0.5127
vn -0.8073 -0.0000 0.5901
vn -0.8062 -0.0000 0.5916
vn -0.8062 -0.0000 0.5917
vn -0.8158 -0.0000 -0.5783
vn -0.8668 -0.0000 -0.4987
vn 0.8050 -0.0000 -0.5932
vn 0.8087 -0.0000 -0.5882
vn -0.8642 -0.0000 -0.5032
vn -0.8603 -0.0000 0.5098
vn -0.8759 -0.0000 0.4825
vn 0.7930 -0.0000 0.6092
vn -0.7935 -0.0000 -0.6085
vn -0.8759 -0.0000 0.4826
vn 0.8762 -0.0000 -0.4819
vn -0.8597 -0.0000 0.5109
vn 0.8598 -0.0000 -0.5106
vt 0.444444 0.000000
vt 0.888889 0.000000
vt 0.555556 0.000000
vt 0.666667 0.000000
vt 0.777778 0.000000
vt 0.222222 0.000000
vt 0.000000 0.000000
vt 0.333333 0.000000
vt 0.111111 0.000000
vt 1.000000 0.000000
vt 0.640000 0.000000
vt 0.600000 0.000000
vt 0.840000 0.000000
vt 0.800000 0.000000
vt 0.680000 0.000000
vt 0.760000 0.000000
vt 0.720000 0.000000
vt 0.920000 0.000000
vt 0.080000 0.000000
vt 0.040000 0.000000
vt 0.120000 0.000000
vt 0.960000 0.000000
vt 0.560000 0.000000
vt 0.480000 0.000000
vt 0.440000 0.000000
vt 0.520000 0.000000
vt 0.400000 0.000000
vt 0.880000 0.000000
vt 0.240000 0.000000
vt 0.360000 0.000000
vt 0.320000 0.000000
vt 0.280000 0.000000
vt 0.160000 0.000000
vt 0.200000 0.000000
vt 0.018182 0.000000
vt 0.036364 0.000000
vt 0.509091 0.000000
vt 0.563636 0.000000
vt 0.181818 0.000000
vt 0.527273 0.000000
vt 0.472727 0.000000
vt 0.054545 0.000000
vt 0.454545 0.000000
vt 0.072727 0.000000
vt 0.127273 0.000000
vt 0.109091 0.000000
vt 0.145455 0.000000
vt 0.490909 0.000000
vt 0.545455 0.000000
vt 0.163636 0.000000
vt 0.436364 0.000000
vt 0.090909 0.000000
vt 0.836364 0.000000
vt 0.981818 0.000000
vt 0.854545 0.000000
vt 0.963636 0.000000
vt 0.727273 0.000000
vt 0.909091 0.000000
vt 0.890909 0.000000
vt 0.745455 0.000000
vt 0.418182 0.000000
vt 0.654545 0.000000
vt 0.218182 0.000000
vt 0.818182 0.000000
vt 0.945455 0.000000
vt 0.927273 0.000000
vt 0.763636 0.000000
vt 0.872727 0.000000
vt 0.781818 0.000000
vt 0.236364 0.000000
vt 0.709091 0.000000
vt 0.254545 0.000000
vt 0.345455 0.000000
vt 0.327273 0.000000
vt 0.690909 0.000000
vt 0.636364 0.000000
vt 0.581818 0.000000
vt 0.309091 0.000000
vt 0.381818 0.000000
vt 0.363636 0.000000
vt 0.672727 0.000000
vt 0.618182 0.000000
vt 0.290909 0.000000
vt 0.272727 0.000000
vt 0.843137 0.000000
vt 0.960784 0.000000
vt 0.627451 0.000000
vt 0.647059 0.000000
vt 0.882353 0.000000
vt 0.941176 0.000000
vt 0.823529 0.000000
vt 0.980392 0.000000
vt 0.686275 0.000000
vt 0.862745 0.000000
vt 0.705882 0.000000
vt 0.725490 0.000000
vt 0.921569 0.000000
vt 0.745098 0.000000
vt 0.901961 0.000000
vt 0.803922 0.000000
vt 0.588235 0.000000
vt 0.568627 0.000000
vt 0.607843 0.000000
vt 0.549020 0.000000
vt 0.058824 0.000000
vt 0.019608 0.000000
vt 0.274510 0.000000
vt 0.078431 0.000000
vt 0.313726 0.000000
vt 0.294118 0.000000
vt 0.352941 0.000000
vt 0.411765 0.000000
vt 0.392157 0.000000
vt 0.372549 0.000000
vt 0.196078 0.000000
vt 0.254902 0.000000
vt 0.235294 0.000000
vt 0.215686 0.000000
vt 0.470588 0.000000
vt 0.450980 0.000000
vt 0.431373 0.000000
vt 0.529412 0.000000
vt 0.137255 0.000000
vt 0.156863 0.000000
vt 0.176471 0.000000
vt 0.039216 0.000000
vt 0.117647 0.000000
vt 0.098039 0.000000
vt 0.509804 0.000000
vt 0.490196 0.000000
vt 0.784314 0.000000
vt 0.764706 0.000000
vt 0.255319 0.000000
vt 0.021277 0.000000
vt 0.765957 0.000000
vt 0.829787 0.000000
vt 0.085106 0.000000
vt 0.744681 0.000000
vt 0.234043 0.000000
vt 0.787234 0.000000
vt 0.063830 0.000000
vt 0.042553 0.000000
vt 0.170213 0.000000
vt 0.212766 0.000000
vt 0.191489 0.000000
vt 0.723404 0.000000
vt 0.659574 0.000000
vt 0.276596 0.000000
vt 0.638298 0.000000
vt 0.127660 0.000000
vt 0.148936 0.000000
vt 0.808511 0.000000
vt 0.106383 0.000000
vt 0.978723 0.000000
vt 0.617021 0.000000
vt 0.893617 0.000000
vt 0.957447 0.000000
vt 0.936170 0.000000
vt 0.425532 0.000000
vt 0.404255 0.000000
vt 0.446809 0.000000
vt 0.510638 0.000000
vt 0.553191 0.000000
vt 0.531915 0.000000
vt 0.914894 0.000000
vt 0.851064 0.000000
vt 0.382979 0.000000
vt 0.574468 0.000000
vt 0.595745 0.000000
vt 0.489362 0.000000
vt 0.468085 0.000000
vt 0.361702 0.000000
vt 0.872340 0.000000
vt 0.702128 0.000000
vt 0.680851 0.000000
vt 0.340426 0.000000
vt 0.319149 0.000000
vt 0.297872 0.000000
vt 0.577778 0.000000
vt 0.533333 0.000000
vt 0.266667 0.000000
vt 0.244444 0.000000
vt 0.288889 0.000000
vt 0.311111 0.000000
vt 0.511111 0.000000
vt 0.355556 0.000000
vt 0.377778 0.000000
vt 0.844444 0.000000
vt 0.422222 0.000000
vt 0.466667 0.000000
vt 0.488889 0.000000
vt 0.866667 0.000000
vt 0.977778 0.000000
vt 0.088889 0.000000
vt 0.155556 0.000000
vt 0.133333 0.000000
vt 0.955556 0.000000
vt 0.933333 0.000000
vt 0.066667 0.000000
vt 0.044444 0.000000
vt 0.755556 0.000000
vt 0.822222 0.000000
vt 0.733333 0.000000
vt 0.711111 0.000000
vt 0.688889 0.000000
vt 0.177778 0.000000
vt 0.622222 0.000000
vt 0.644444 0.000000
vt 0.022222 0.000000
vt 0.911111 0.000000
vt 0.722222 0.000000
vt 0.944444 0.000000
vt 0.833333 0.000000
vt 0.611111 0.000000
vt 0.500000 0.000000
vt 0.388889 0.000000
vt 0.277778 0.000000
vt 0.055556 0.000000
vt 0.166667 0.000000
vt 0.271429 0.000000
vt 0.257143 0.000000
vt 0.285714 0.000000
vt 0.171429 0.000000
vt 0.185714 0.000000
vt 0.228571 0.000000
vt 0.114286 0.000000
vt 0.242857 0.000000
vt 0.300000 0.000000
vt 0.085714 0.000000
vt 0.314286 0.000000
vt 0.100000 0.000000
vt 0.128571 0.000000
vt 0.214286 0.000000
vt 0.042857 0.000000
vt 0.057143 0.000000
vt 0.457143 0.000000
vt 0.442857 0.000000
vt 0.428571 0.000000
vt 0.885714 0.000000
vt 0.914286 0.000000
vt 0.328571 0.000000
vt 0.900000 0.000000
vt 0.371429 0.000000
vt 0.071429 0.000000
vt 0.157143 0.000000
vt 0.142857 0.000000
vt 0.028571 0.000000
vt 0.014286 0.000000
vt 0.385714 0.000000
vt 0.942857 0.000000
vt 0.714286 0.000000
vt 0.700000 0.000000
vt 0.871429 0.000000
vt 0.857143 0.000000
vt 0.728571 0.000000
vt 0.928571 0.000000
vt 0.985714 0.000000
vt 0.614286 0.000000
vt 0.414286 0.000000
vt 0.642857 0.000000
vt 0.685714 0.000000
vt 0.671429 0.000000
vt 0.657143 0.000000
vt 0.557143 0.000000
vt 0.542857 0.000000
vt 0.585714 0.000000
vt 0.814286 0.000000
vt 0.785714 0.000000
vt 0.742857 0.000000
vt 0.771429 0.000000
vt 0.757143 0.000000
vt 0.971429 0.000000
vt 0.957143 0.000000
vt 0.628571 0.000000
vt 0.514286 0.000000
vt 0.528571 0.000000
vt 0.842857 0.000000
vt 0.828571 0.000000
vt 0.471429 0.000000
vt 0.485714 0.000000
vt 0.342857 0.000000
vt 0.357143 0.000000
vt 0.571429 0.000000
vt 0.043478 1.000000
vt 0.000000 1.000000
vt 0.086957 1.000000
vt 0.043478 0.000000
vt 0.130435 1.000000
vt 0.086957 0.000000
vt 0.173913 1.000000
vt 0.130435 0.000000
vt 0.217391 1.000000
vt 0.173913 0.000000
vt 0.260870 1.000000
vt 0.217391 0.000000
vt 0.304348 1.000000
vt 0.260870 0.000000
vt 0.347826 1.000000
vt 0.304348 0.000000
vt 0.391304 1.000000
vt 0.347826 0.000000
vt 0.434783 1.000000
vt 0.391304 0.000000
vt 0.478261 1.000000
vt 0.434783 0.000000
vt 0.521739 1.000000
vt 0.478261 0.000000
vt 0.565217 1.000000
vt 0.521739 0.000000
vt 0.608696 1.000000
vt 0.565217 0.000000
vt 0.652174 1.000000
vt 0.608696 0.000000
vt 0.695652 1.000000
vt 0.652174 0.000000
vt 0.739130 1.000000
vt 0.695652 0.000000
vt 0.782609 1.000000
vt 0.739130 0.000000
vt 0.826087 1.000000
vt 0.782609 0.000000
vt 0.869565 1.000000
vt 0.826087 0.000000
vt 0.913043 1.000000
vt 0.869565 0.000000
vt 0.956522 1.000000
vt 0.913043 0.000000
vt 1.000000 1.000000
vt 0.956522 0.000000
vt 0.025000 1.000000
vt 0.050000 1.000000
vt 0.025000 0.000000
vt 0.075000 1.000000
vt 0.050000 0.000000
vt 0.100000 1.000000
vt 0.075000 0.000000
vt 0.125000 1.000000
vt 0.150000 1.000000
vt 0.125000 0.000000
vt 0.175000 1.000000
vt 0.150000 0.000000
vt 0.200000 1.000000
vt 0.175000 0.000000
vt 0.225000 1.000000
vt 0.250000 1.000000
vt 0.225000 0.000000
vt 0.275000 1.000000
vt 0.250000 0.000000
vt 0.300000 1.000000
vt 0.275000 0.000000
vt 0.325000 1.000000
vt 0.350000 1.000000
vt 0.325000 0.000000
vt 0.375000 1.000000
vt 0.350000 0.000000
vt 0.400000 1.000000
vt 0.375000 0.000000
vt 0.425000 1.000000
vt 0.450000 1.000000
vt 0.425000 0.000000
vt 0.475000 1.000000
vt 0.450000 0.000000
vt 0.500000 1.000000
vt 0.475000 0.000000
vt 0.525000 1.000000
vt 0.550000 1.000000
vt 0.525000 0.000000
vt 0.575000 1.000000
vt 0.550000 0.000000
vt 0.600000 1.000000
vt 0.575000 0.000000
vt 0.625000 1.000000
vt 0.650000 1.000000
vt 0.625000 0.000000
vt 0.675000 1.000000
vt 0.650000 0.000000
vt 0.700000 1.000000
vt 0.675000 0.000000
vt 0.725000 1.000000
vt 0.750000 1.000000
vt 0.725000 0.000000
vt 0.775000 1.000000
vt 0.750000 0.000000
vt 0.800000 1.000000
vt 0.775000 0.000000
vt 0.825000 1.000000
vt 0.850000 1.000000
vt 0.825000 0.000000
vt 0.875000 1.000000
vt 0.850000 0.000000
vt 0.900000 1.000000
vt 0.875000 0.000000
vt 0.925000 1.000000
vt 0.950000 1.000000
vt 0.925000 0.000000
vt 0.975000 1.000000
vt 0.950000 0.000000
vt 0.975000 0.000000
vt 0.083333 1.000000
vt 0.166667 1.000000
vt 0.083333 0.000000
vt 0.333333 1.000000
vt 0.416667 1.000000
vt 0.416667 0.000000
vt 0.583333 1.000000
vt 0.666667 1.000000
vt 0.583333 0.000000
vt 0.833333 1.000000
vt 0.916667 1.000000
vt 0.916667 0.000000
vt 0.142857 1.000000
vt 0.285714 1.000000
vt 0.428571 1.000000
vt 0.571429 1.000000
vt 0.714286 1.000000
vt 0.857143 1.000000
vt 0.055556 1.000000
vt 0.111111 1.000000
vt 0.222222 1.000000
vt 0.277778 1.000000
vt 0.388889 1.000000
vt 0.444444 1.000000
vt 0.555556 1.000000
vt 0.611111 1.000000
vt 0.722222 1.000000
vt 0.777778 1.000000
vt 0.888889 1.000000
vt 0.944444 1.000000
vt 0.026316 1.000000
vt 0.052632 1.000000
vt 0.026316 0.000000
vt 0.078947 1.000000
vt 0.052632 0.000000
vt 0.105263 1.000000
vt 0.078947 0.000000
vt 0.131579 1.000000
vt 0.105263 0.000000
vt 0.157895 1.000000
vt 0.131579 0.000000
vt 0.184211 1.000000
vt 0.157895 0.000000
vt 0.210526 1.000000
vt 0.184211 0.000000
vt 0.236842 1.000000
vt 0.210526 0.000000
vt 0.263158 1.000000
vt 0.236842 0.000000
vt 0.289474 1.000000
vt 0.263158 0.000000
vt 0.315789 1.000000
vt 0.289474 0.000000
vt 0.342105 1.000000
vt 0.315789 0.000000
vt 0.368421 1.000000
vt 0.342105 0.000000
vt 0.394737 1.000000
vt 0.368421 0.000000
vt 0.421053 1.000000
vt 0.394737 0.000000
vt 0.447368 1.000000
vt 0.421053 0.000000
vt 0.473684 1.000000
vt 0.447368 0.000000
vt 0.473684 0.000000
vt 0.526316 1.000000
vt 0.552632 1.000000
vt 0.526316 0.000000
vt 0.578947 1.000000
vt 0.552632 0.000000
vt 0.605263 1.000000
vt 0.578947 0.000000
vt 0.631579 1.000000
vt 0.605263 0.000000
vt 0.657895 1.000000
vt 0.631579 0.000000
vt 0.684211 1.000000
vt 0.657895 0.000000
vt 0.710526 1.000000
vt 0.684211 0.000000
vt 0.736842 1.000000
vt 0.710526 0.000000
vt 0.763158 1.000000
vt 0.736842 0.000000
vt 0.789474 1.000000
vt 0.763158 0.000000
vt 0.815789 1.000000
vt 0.789474 0.000000
vt 0.842105 1.000000
vt 0.815789 0.000000
vt 0.868421 1.000000
vt 0.842105 0.000000
vt 0.894737 1.000000
vt 0.868421 0.000000
vt 0.921053 1.000000
vt 0.894737 0.000000
vt 0.947368 1.000000
vt 0.921053 0.000000
vt 0.973684 1.000000
vt 0.947368 0.000000
vt 0.973684 0.000000
vt 0.076923 1.000000
vt 0.153846 1.000000
vt 0.076923 0.000000
vt 0.230769 1.000000
vt 0.153846 0.000000
vt 0.307692 1.000000
vt 0.230769 0.000000
vt 0.384615 1.000000
vt 0.307692 0.000000
vt 0.461538 1.000000
vt 0.384615 0.000000
vt 0.538462 1.000000
vt 0.461538 0.000000
vt 0.615385 1.000000
vt 0.538462 0.000000
vt 0.692308 1.000000
vt 0.615385 0.000000
vt 0.769231 1.000000
vt 0.692308 0.000000
vt 0.846154 1.000000
vt 0.769231 0.000000
vt 0.923077 1.000000
vt 0.846154 0.000000
vt 0.923077 0.000000
vt 0.045455 1.000000
vt 0.090909 1.000000
vt 0.045455 0.000000
vt 0.136364 1.000000
vt 0.181818 1.000000
vt 0.136364 0.000000
vt 0.227273 1.000000
vt 0.272727 1.000000
vt 0.227273 0.000000
vt 0.318182 1.000000
vt 0.363636 1.000000
vt 0.318182 0.000000
vt 0.409091 1.000000
vt 0.454545 1.000000
vt 0.409091 0.000000
vt 0.545455 1.000000
vt 0.590909 1.000000
vt 0.636364 1.000000
vt 0.590909 0.000000
vt 0.681818 1.000000
vt 0.727273 1.000000
vt 0.681818 0.000000
vt 0.772727 1.000000
vt 0.818182 1.000000
vt 0.772727 0.000000
vt 0.863636 1.000000
vt 0.909091 1.000000
vt 0.863636 0.000000
vt 0.954545 1.000000
vt 0.954545 0.000000
vt 0.035714 1.000000
vt 0.071429 1.000000
vt 0.035714 0.000000
vt 0.107143 1.000000
vt 0.107143 0.000000
vt 0.178571 1.000000
vt 0.214286 1.000000
vt 0.178571 0.000000
vt 0.321429 1.000000
vt 0.357143 1.000000
vt 0.321429 0.000000
vt 0.392857 1.000000
vt 0.392857 0.000000
vt 0.464286 1.000000
vt 0.464286 0.000000
vt 0.535714 1.000000
vt 0.535714 0.000000
vt 0.607143 1.000000
vt 0.642857 1.000000
vt 0.607143 0.000000
vt 0.678571 1.000000
vt 0.678571 0.000000
vt 0.785714 1.000000
vt 0.821429 1.000000
vt 0.821429 0.000000
vt 0.892857 1.000000
vt 0.928571 1.000000
vt 0.892857 0.000000
vt 0.964286 1.000000
vt 0.964286 0.000000
s 0
usemtl Material.008
f 5/1/1 9/2/1 6/3/1
f 7/4/1 6/3/1 9/2/1
f 9/2/1 8/5/1 7/4/1
f 3/6/1 1/7/1 4/8/1
f 1/7/1 3/6/1 2/9/1
f 9/2/1 5/1/1 10/10/1
f 27/11/1 26/12/1 32/13/1
f 32/13/1 31/14/1 27/11/1
f 27/11/1 31/14/1 28/15/1
f 30/16/1 29/17/1 34/18/1
f 30/16/1 28/15/1 31/14/1
f 13/19/1 12/20/1 11/7/1
f 11/7/1 14/21/1 13/19/1
f 35/22/1 25/23/1 23/24/1
f 23/24/1 22/25/1 35/22/1
f 36/10/1 35/22/1 22/25/1
f 23/24/1 25/23/1 24/26/1
f 21/27/1 33/28/1 36/10/1
f 36/10/1 22/25/1 21/27/1
f 17/29/1 20/30/1 19/31/1
f 19/31/1 18/32/1 17/29/1
f 34/18/1 29/17/1 25/23/1
f 25/23/1 35/22/1 34/18/1
f 30/16/1 34/18/1 33/28/1
f 28/15/1 30/16/1 33/28/1
f 33/28/1 21/27/1 28/15/1
f 11/7/1 28/15/1 21/27/1
f 21/27/1 20/30/1 11/7/1
f 14/21/1 11/7/1 20/30/1
f 20/30/1 17/29/1 14/21/1
f 15/33/1 14/21/1 17/29/1
f 17/29/1 16/34/1 15/33/1
f 32/13/1 26/12/1 29/17/1
f 26/12/1 25/23/1 29/17/1
f 39/19/1 38/20/1 37/7/1
f 37/7/1 40/21/1 39/19/1
f 43/29/1 48/25/1 47/27/1
f 43/29/1 47/27/1 44/32/1
f 37/7/1 50/26/1 49/24/1
f 49/24/1 48/25/1 37/7/1
f 40/21/1 37/7/1 48/25/1
f 48/25/1 43/29/1 40/21/1
f 41/33/1 40/21/1 43/29/1
f 43/29/1 42/34/1 41/33/1
f 55/17/1 54/15/1 57/14/1
f 53/11/1 52/12/1 54/15/1
f 61/22/1 60/18/1 59/28/1
f 62/10/1 58/13/1 51/23/1
f 61/22/1 59/28/1 62/10/1
f 58/13/1 62/10/1 59/28/1
f 54/15/1 52/12/1 51/23/1
f 57/14/1 54/15/1 51/23/1
f 51/23/1 58/13/1 57/14/1
f 55/17/1 57/14/1 56/16/1
f 46/30/1 45/31/1 47/27/1
f 44/32/1 47/27/1 45/31/1
f 63/7/1 74/34/1 64/35/1
f 65/36/1 64/35/1 74/34/1
f 74/34/1 91/37/1 65/36/1
f 91/37/1 94/38/1 65/36/1
f 91/37/1 74/34/1 73/39/1
f 73/39/1 92/40/1 91/37/1
f 65/36/1 94/38/1 89/41/1
f 66/42/1 65/36/1 89/41/1
f 89/41/1 88/43/1 66/42/1
f 88/43/1 67/44/1 66/42/1
f 70/45/1 69/46/1 71/47/1
f 90/48/1 93/49/1 72/50/1
f 72/50/1 71/47/1 90/48/1
f 71/47/1 69/46/1 90/48/1
f 87/51/1 90/48/1 69/46/1
f 68/52/1 87/51/1 69/46/1
f 109/53/1 117/54/1 110/55/1
f 117/54/1 116/56/1 110/55/1
f 103/57/1 110/55/1 116/56/1
f 116/56/1 113/58/1 103/57/1
f 113/58/1 112/59/1 103/57/1
f 112/59/1 104/60/1 103/57/1
f 92/40/1 73/39/1 72/50/1
f 72/50/1 93/49/1 92/40/1
f 89/41/1 94/38/1 93/49/1
f 93/49/1 90/48/1 89/41/1
f 67/44/1 88/43/1 87/51/1
f 87/51/1 68/52/1 67/44/1
f 86/61/1 99/62/1 75/63/1
f 118/10/1 108/64/1 107/14/1
f 115/65/1 118/10/1 107/14/1
f 114/66/1 115/65/1 107/14/1
f 105/67/1 111/68/1 106/69/1
f 75/63/1 99/62/1 76/70/1
f 99/62/1 102/71/1 76/70/1
f 102/71/1 77/72/1 76/70/1
f 82/73/1 81/74/1 101/75/1
f 98/76/1 101/75/1 81/74/1
f 95/77/1 98/76/1 81/74/1
f 81/74/1 80/78/1 95/77/1
f 84/79/1 83/80/1 85/27/1
f 83/80/1 82/73/1 85/27/1
f 100/81/1 85/27/1 82/73/1
f 82/73/1 101/75/1 100/81/1
f 101/75/1 98/76/1 97/82/1
f 79/83/1 96/12/1 95/77/1
f 95/77/1 80/78/1 79/83/1
f 114/66/1 107/14/1 106/69/1
f 111/68/1 114/66/1 106/69/1
f 99/62/1 86/61/1 85/27/1
f 85/27/1 100/81/1 99/62/1
f 101/75/1 97/82/1 102/71/1
f 77/72/1 102/71/1 97/82/1
f 97/82/1 96/12/1 77/72/1
f 78/84/1 77/72/1 96/12/1
f 96/12/1 79/83/1 78/84/1
f 117/54/1 109/53/1 108/64/1
f 108/64/1 118/10/1 117/54/1
f 113/58/1 116/56/1 115/65/1
f 115/65/1 114/66/1 113/58/1
f 104/60/1 112/59/1 111/68/1
f 111/68/1 105/67/1 104/60/1
f 162/85/1 168/86/1 151/87/1
f 152/88/1 151/87/1 168/86/1
f 164/89/1 167/90/1 170/10/1
f 168/86/1 162/85/1 161/91/1
f 161/91/1 169/92/1 168/86/1
f 152/88/1 168/86/1 167/90/1
f 153/4/1 152/88/1 167/90/1
f 167/90/1 164/89/1 153/4/1
f 154/93/1 153/4/1 164/89/1
f 164/89/1 163/94/1 154/93/1
f 163/94/1 155/95/1 154/93/1
f 156/96/1 166/97/1 157/98/1
f 166/97/1 165/99/1 157/98/1
f 169/92/1 161/91/1 160/100/1
f 164/89/1 170/10/1 165/99/1
f 155/95/1 163/94/1 166/97/1
f 166/97/1 156/96/1 155/95/1
f 149/101/1 148/102/1 150/103/1
f 150/103/1 148/102/1 147/104/1
f 119/7/1 122/105/1 120/106/1
f 119/7/1 133/107/1 122/105/1
f 123/108/1 122/105/1 133/107/1
f 135/109/1 134/110/1 136/8/1
f 137/111/1 140/112/1 139/113/1
f 139/113/1 138/114/1 137/111/1
f 129/115/1 132/116/1 131/117/1
f 131/117/1 130/118/1 129/115/1
f 143/119/1 142/120/1 141/121/1
f 141/121/1 140/112/1 143/119/1
f 146/122/1 143/119/1 140/112/1
f 140/112/1 137/111/1 146/122/1
f 119/7/1 146/122/1 137/111/1
f 137/111/1 136/8/1 119/7/1
f 133/107/1 119/7/1 136/8/1
f 136/8/1 134/110/1 133/107/1
f 123/108/1 133/107/1 132/116/1
f 126/123/1 123/108/1 132/116/1
f 132/116/1 129/115/1 126/123/1
f 127/124/1 126/123/1 129/115/1
f 129/115/1 128/125/1 127/124/1
f 121/126/1 120/106/1 122/105/1
f 125/127/1 124/128/1 123/108/1
f 123/108/1 126/123/1 125/127/1
f 145/129/1 144/130/1 143/119/1
f 143/119/1 146/122/1 145/129/1
f 170/10/1 169/92/1 160/100/1
f 159/131/1 158/132/1 170/10/1
f 165/99/1 170/10/1 158/132/1
f 158/132/1 157/98/1 165/99/1
f 160/100/1 159/131/1 170/10/1
f 171/7/1 183/133/1 172/134/1
f 183/133/1 207/135/1 172/134/1
f 210/136/1 175/137/1 206/138/1
f 207/135/1 183/133/1 182/139/1
f 182/139/1 208/140/1 207/135/1
f 174/141/1 173/142/1 206/138/1
f 206/138/1 175/137/1 174/141/1
f 179/143/1 181/144/1 180/145/1
f 205/146/1 202/147/1 184/148/1
f 184/148/1 202/147/1 201/149/1
f 177/150/1 179/143/1 178/151/1
f 208/140/1 182/139/1 181/144/1
f 181/144/1 179/143/1 208/140/1
f 209/152/1 208/140/1 179/143/1
f 210/136/1 209/152/1 179/143/1
f 179/143/1 177/150/1 210/136/1
f 177/150/1 176/153/1 210/136/1
f 175/137/1 210/136/1 176/153/1
f 217/154/1 201/149/1 200/155/1
f 217/154/1 200/155/1 218/10/1
f 213/156/1 216/157/1 215/158/1
f 191/159/1 190/160/1 192/161/1
f 195/162/1 197/163/1 196/164/1
f 192/161/1 190/160/1 214/165/1
f 211/166/1 214/165/1 190/160/1
f 189/167/1 211/166/1 190/160/1
f 198/168/1 197/163/1 199/169/1
f 197/163/1 195/162/1 199/169/1
f 195/162/1 194/170/1 200/155/1
f 218/10/1 200/155/1 194/170/1
f 194/170/1 193/171/1 218/10/1
f 215/158/1 218/10/1 193/171/1
f 193/171/1 192/161/1 215/158/1
f 192/161/1 214/165/1 215/158/1
f 213/156/1 215/158/1 214/165/1
f 188/172/1 212/173/1 211/166/1
f 211/166/1 189/167/1 188/172/1
f 202/147/1 205/146/1 204/174/1
f 204/174/1 203/175/1 202/147/1
f 213/156/1 212/173/1 187/176/1
f 212/173/1 188/172/1 187/176/1
f 187/176/1 186/177/1 213/156/1
f 186/177/1 185/178/1 201/149/1
f 185/178/1 184/148/1 201/149/1
f 201/149/1 217/154/1 186/177/1
f 217/154/1 216/157/1 186/177/1
f 216/157/1 213/156/1 186/177/1
f 195/162/1 200/155/1 199/169/1
f 173/142/1 172/134/1 207/135/1
f 207/135/1 206/138/1 173/142/1
f 245/179/1 244/3/1 243/180/1
f 231/181/1 230/182/1 232/183/1
f 233/184/1 232/183/1 230/182/1
f 230/182/1 234/8/1 233/184/1
f 245/179/1 243/180/1 242/185/1
f 235/186/1 229/6/1 236/187/1
f 236/187/1 229/6/1 264/10/1
f 264/10/1 257/188/1 236/187/1
f 237/27/1 236/187/1 257/188/1
f 229/6/1 235/186/1 230/182/1
f 234/8/1 230/182/1 235/186/1
f 239/1/1 238/189/1 237/27/1
f 237/27/1 240/190/1 239/1/1
f 245/179/1 242/185/1 241/191/1
f 241/191/1 246/12/1 245/179/1
f 258/192/1 263/193/1 259/2/1
f 223/194/1 226/195/1 225/196/1
f 262/197/1 261/198/1 263/193/1
f 219/7/1 222/199/1 221/200/1
f 253/201/1 256/202/1 255/14/1
f 255/14/1 254/5/1 253/201/1
f 249/4/1 252/203/1 251/204/1
f 251/204/1 250/205/1 249/4/1
f 228/34/1 227/206/1 229/6/1
f 257/188/1 264/10/1 263/193/1
f 263/193/1 258/192/1 257/188/1
f 237/27/1 257/188/1 256/202/1
f 240/190/1 237/27/1 256/202/1
f 256/202/1 253/201/1 240/190/1
f 241/191/1 240/190/1 253/201/1
f 253/201/1 252/203/1 241/191/1
f 246/12/1 241/191/1 252/203/1
f 252/203/1 249/4/1 246/12/1
f 247/207/1 246/12/1 249/4/1
f 249/4/1 248/208/1 247/207/1
f 220/209/1 219/7/1 221/200/1
f 224/9/1 223/194/1 225/196/1
f 260/210/1 259/2/1 261/198/1
f 259/2/1 263/193/1 261/198/1
f 264/10/1 229/6/1 227/206/1
f 289/22/1 282/15/1 290/10/1
f 288/18/1 287/28/1 280/12/1
f 281/11/1 280/12/1 287/28/1
f 287/28/1 290/10/1 281/11/1
f 290/10/1 282/15/1 281/11/1
f 285/14/1 284/16/1 283/17/1
f 271/29/1 274/30/1 273/31/1
f 273/31/1 272/32/1 271/29/1
f 275/27/1 278/26/1 277/24/1
f 277/24/1 276/25/1 275/27/1
f 265/7/1 275/27/1 274/30/1
f 268/21/1 265/7/1 274/30/1
f 274/30/1 271/29/1 268/21/1
f 269/33/1 268/21/1 271/29/1
f 271/29/1 270/34/1 269/33/1
f 288/18/1 280/12/1 279/23/1
f 279/23/1 278/26/1 288/18/1
f 289/22/1 288/18/1 278/26/1
f 282/15/1 289/22/1 278/26/1
f 278/26/1 275/27/1 282/15/1
f 275/27/1 265/7/1 282/15/1
f 267/19/1 266/20/1 265/7/1
f 265/7/1 268/21/1 267/19/1
f 286/13/1 285/14/1 283/17/1
f 293/39/1 292/52/1 291/7/1
f 301/58/1 300/64/1 299/57/1
f 299/57/1 302/10/1 301/58/1
f 295/80/1 298/76/1 296/43/1
f 297/49/1 296/43/1 298/76/1
f 294/84/1 293/39/1 291/7/1
f 315/4/1 317/5/1 316/211/1
f 315/4/1 321/10/1 320/212/1
f 320/212/1 319/2/1 315/4/1
f 317/5/1 315/4/1 319/2/1
f 319/2/1 318/213/1 317/5/1
f 303/7/1 314/214/1 311/1/1
f 311/1/1 314/214/1 313/3/1
f 313/3/1 312/215/1 311/1/1
f 307/6/1 310/216/1 309/8/1
f 309/8/1 308/217/1 307/6/1
f 303/7/1 311/1/1 304/218/1
f 311/1/1 310/216/1 304/218/1
f 304/218/1 310/216/1 305/9/1
f 310/216/1 307/6/1 305/9/1
f 307/6/1 306/219/1 305/9/1
f 341/220/1 340/221/1 342/222/1
f 334/223/1 336/34/1 335/224/1
f 338/225/1 330/226/1 339/227/1
f 343/228/1 328/229/1 344/230/1
f 328/229/1 343/228/1 329/231/1
f 330/226/1 338/225/1 331/232/1
f 336/34/1 334/223/1 337/233/1
f 339/227/1 330/226/1 340/221/1
f 342/222/1 340/221/1 330/226/1
f 330/226/1 329/231/1 342/222/1
f 329/231/1 343/228/1 342/222/1
f 325/234/1 322/7/1 326/235/1
f 354/236/1 353/237/1 352/238/1
f 384/239/1 386/240/1 345/241/1
f 386/240/1 385/242/1 348/243/1
f 344/230/1 327/244/1 322/7/1
f 337/233/1 334/223/1 333/245/1
f 338/225/1 337/233/1 333/245/1
f 331/232/1 338/225/1 332/246/1
f 344/230/1 328/229/1 327/244/1
f 324/247/1 323/248/1 322/7/1
f 322/7/1 325/234/1 324/247/1
f 349/249/1 385/242/1 388/250/1
f 388/250/1 350/27/1 349/249/1
f 392/10/1 372/251/1 371/252/1
f 383/253/1 382/254/1 373/255/1
f 373/255/1 372/251/1 383/253/1
f 387/256/1 383/253/1 372/251/1
f 372/251/1 392/10/1 387/256/1
f 388/250/1 387/256/1 392/10/1
f 392/10/1 391/257/1 388/250/1
f 350/27/1 388/250/1 391/257/1
f 391/257/1 365/258/1 350/27/1
f 351/259/1 350/27/1 365/258/1
f 365/258/1 364/12/1 351/259/1
f 357/215/1 351/259/1 364/12/1
f 367/260/1 370/261/1 369/262/1
f 369/262/1 368/263/1 367/260/1
f 361/264/1 360/265/1 363/266/1
f 379/267/1 378/14/1 377/268/1
f 374/269/1 379/267/1 377/268/1
f 377/268/1 376/270/1 374/269/1
f 375/271/1 374/269/1 376/270/1
f 390/272/1 389/273/1 370/261/1
f 370/261/1 367/260/1 390/272/1
f 366/274/1 390/272/1 367/260/1
f 358/275/1 363/266/1 360/265/1
f 373/255/1 382/254/1 379/267/1
f 379/267/1 374/269/1 373/255/1
f 370/261/1 389/273/1 371/252/1
f 392/10/1 371/252/1 389/273/1
f 365/258/1 391/257/1 390/272/1
f 390/272/1 366/274/1 365/258/1
f 363/266/1 358/275/1 364/12/1
f 357/215/1 364/12/1 358/275/1
f 358/275/1 360/265/1 359/276/1
f 381/277/1 380/278/1 382/254/1
f 386/240/1 384/239/1 383/253/1
f 383/253/1 387/256/1 386/240/1
f 385/242/1 349/249/1 348/243/1
f 354/236/1 352/238/1 351/259/1
f 351/259/1 357/215/1 354/236/1
f 355/279/1 354/236/1 357/215/1
f 357/215/1 356/280/1 355/279/1
f 326/235/1 322/7/1 327/244/1
f 332/246/1 338/225/1 333/245/1
f 346/281/1 345/241/1 347/282/1
f 345/241/1 386/240/1 347/282/1
f 348/243/1 347/282/1 386/240/1
f 363/266/1 362/283/1 361/264/1
f 382/254/1 380/278/1 379/267/1
f 397/1/2 398/3/2 401/2/2
f 399/4/2 401/2/2 398/3/2
f 401/2/2 399/4/2 400/5/2
f 395/6/2 396/8/2 393/7/2
f 393/7/2 394/9/2 395/6/2
f 401/2/2 402/10/2 397/1/2
f 419/11/2 424/13/2 418/12/2
f 424/13/2 419/11/2 423/14/2
f 419/11/2 420/15/2 423/14/2
f 422/16/2 426/18/2 421/17/2
f 422/16/2 423/14/2 420/15/2
f 405/19/2 403/7/2 404/20/2
f 403/7/2 405/19/2 406/21/2
f 427/22/2 415/24/2 417/23/2
f 415/24/2 427/22/2 414/25/2
f 428/10/2 414/25/2 427/22/2
f 415/24/2 416/26/2 417/23/2
f 413/27/2 428/10/2 425/28/2
f 428/10/2 413/27/2 414/25/2
f 409/29/2 411/31/2 412/30/2
f 411/31/2 409/29/2 410/32/2
f 426/18/2 417/23/2 421/17/2
f 417/23/2 426/18/2 427/22/2
f 422/16/2 425/28/2 426/18/2
f 420/15/2 425/28/2 422/16/2
f 425/28/2 420/15/2 413/27/2
f 403/7/2 413/27/2 420/15/2
f 413/27/2 403/7/2 412/30/2
f 406/21/2 412/30/2 403/7/2
f 412/30/2 406/21/2 409/29/2
f 407/33/2 409/29/2 406/21/2
f 409/29/2 407/33/2 408/34/2
f 424/13/2 421/17/2 418/12/2
f 418/12/2 421/17/2 417/23/2
f 431/19/2 429/7/2 430/20/2
f 429/7/2 431/19/2 432/21/2
f 435/29/2 439/27/2 440/25/2
f 435/29/2 436/32/2 439/27/2
f 429/7/2 441/24/2 442/26/2
f 441/24/2 429/7/2 440/25/2
f 432/21/2 440/25/2 429/7/2
f 440/25/2 432/21/2 435/29/2
f 433/33/2 435/29/2 432/21/2
f 435/29/2 433/33/2 434/34/2
f 447/17/2 449/14/2 446/15/2
f 445/11/2 446/15/2 444/12/2
f 453/22/2 451/28/2 452/18/2
f 454/10/2 443/23/2 450/13/2
f 453/22/2 454/10/2 451/28/2
f 450/13/2 451/28/2 454/10/2
f 446/15/2 443/23/2 444/12/2
f 449/14/2 443/23/2 446/15/2
f 443/23/2 449/14/2 450/13/2
f 447/17/2 448/16/2 449/14/2
f 438/30/2 439/27/2 437/31/2
f 436/32/2 437/31/2 439/27/2
f 455/7/2 456/35/2 466/34/2
f 457/36/2 466/34/2 456/35/2
f 466/34/2 457/36/2 483/37/2
f 483/37/2 457/36/2 486/38/2
f 483/37/2 465/39/2 466/34/2
f 465/39/2 483/37/2 484/40/2
f 457/36/2 481/41/2 486/38/2
f 458/42/2 481/41/2 457/36/2
f 481/41/2 458/42/2 480/43/2
f 480/43/2 458/42/2 459/44/2
f 462/45/2 463/47/2 461/46/2
f 482/48/2 464/50/2 485/49/2
f 464/50/2 482/48/2 463/47/2
f 463/47/2 482/48/2 461/46/2
f 479/51/2 461/46/2 482/48/2
f 460/52/2 461/46/2 479/51/2
f 501/53/2 502/55/2 509/54/2
f 509/54/2 502/55/2 508/56/2
f 495/57/2 508/56/2 502/55/2
f 508/56/2 495/57/2 505/58/2
f 505/58/2 495/57/2 504/59/2
f 504/59/2 495/57/2 496/60/2
f 484/40/2 464/50/2 465/39/2
f 464/50/2 484/40/2 485/49/2
f 481/41/2 485/49/2 486/38/2
f 485/49/2 481/41/2 482/48/2
f 459/44/2 479/51/2 480/43/2
f 479/51/2 459/44/2 460/52/2
f 478/61/2 467/63/2 491/62/2
f 510/10/2 499/14/2 500/64/2
f 507/65/2 499/14/2 510/10/2
f 506/66/2 499/14/2 507/65/2
f 497/67/2 498/69/2 503/68/2
f 467/63/2 468/70/2 491/62/2
f 491/62/2 468/70/2 494/71/2
f 494/71/2 468/70/2 469/72/2
f 474/73/2 493/75/2 473/74/2
f 490/76/2 473/74/2 493/75/2
f 487/77/2 473/74/2 490/76/2
f 473/74/2 487/77/2 472/78/2
f 476/79/2 477/27/2 475/80/2
f 475/80/2 477/27/2 474/73/2
f 492/81/2 474/73/2 477/27/2
f 474/73/2 492/81/2 493/75/2
f 493/75/2 489/82/2 490/76/2
f 471/83/2 487/77/2 488/12/2
f 487/77/2 471/83/2 472/78/2
f 506/66/2 498/69/2 499/14/2
f 503/68/2 498/69/2 506/66/2
f 491/62/2 477/27/2 478/61/2
f 477/27/2 491/62/2 492/81/2
f 493/75/2 494/71/2 489/82/2
f 469/72/2 489/82/2 494/71/2
f 489/82/2 469/72/2 488/12/2
f 470/84/2 488/12/2 469/72/2
f 488/12/2 470/84/2 471/83/2
f 509/54/2 500/64/2 501/53/2
f 500/64/2 509/54/2 510/10/2
f 505/58/2 507/65/2 508/56/2
f 507/65/2 505/58/2 506/66/2
f 496/60/2 503/68/2 504/59/2
f 503/68/2 496/60/2 497/67/2
f 554/85/2 543/87/2 560/86/2
f 544/88/2 560/86/2 543/87/2
f 556/89/2 562/10/2 559/90/2
f 560/86/2 553/91/2 554/85/2
f 553/91/2 560/86/2 561/92/2
f 544/88/2 559/90/2 560/86/2
f 545/4/2 559/90/2 544/88/2
f 559/90/2 545/4/2 556/89/2
f 546/93/2 556/89/2 545/4/2
f 556/89/2 546/93/2 555/94/2
f 555/94/2 546/93/2 547/95/2
f 548/96/2 549/98/2 558/97/2
f 558/97/2 549/98/2 557/99/2
f 561/92/2 552/100/2 553/91/2
f 556/89/2 557/99/2 562/10/2
f 547/95/2 558/97/2 555/94/2
f 558/97/2 547/95/2 548/96/2
f 541/101/2 542/103/2 540/102/2
f 542/103/2 539/104/2 540/102/2
f 511/7/2 512/106/2 514/105/2
f 511/7/2 514/105/2 525/107/2
f 515/108/2 525/107/2 514/105/2
f 527/109/2 528/8/2 526/110/2
f 529/111/2 531/113/2 532/112/2
f 531/113/2 529/111/2 530/114/2
f 521/115/2 523/117/2 524/116/2
f 523/117/2 521/115/2 522/118/2
f 535/119/2 533/121/2 534/120/2
f 533/121/2 535/119/2 532/112/2
f 538/122/2 532/112/2 535/119/2
f 532/112/2 538/122/2 529/111/2
f 511/7/2 529/111/2 538/122/2
f 529/111/2 511/7/2 528/8/2
f 525/107/2 528/8/2 511/7/2
f 528/8/2 525/107/2 526/110/2
f 515/108/2 524/116/2 525/107/2
f 518/123/2 524/116/2 515/108/2
f 524/116/2 518/123/2 521/115/2
f 519/124/2 521/115/2 518/123/2
f 521/115/2 519/124/2 520/125/2
f 513/126/2 514/105/2 512/106/2
f 517/127/2 515/108/2 516/128/2
f 515/108/2 517/127/2 518/123/2
f 537/129/2 535/119/2 536/130/2
f 535/119/2 537/129/2 538/122/2
f 562/10/2 552/100/2 561/92/2
f 551/131/2 562/10/2 550/132/2
f 557/99/2 550/132/2 562/10/2
f 550/132/2 557/99/2 549/98/2
f 552/100/2 562/10/2 551/131/2
f 563/7/2 564/134/2 575/133/2
f 575/133/2 564/134/2 599/135/2
f 602/136/2 598/138/2 567/137/2
f 599/135/2 574/139/2 575/133/2
f 574/139/2 599/135/2 600/140/2
f 566/141/2 598/138/2 565/142/2
f 598/138/2 566/141/2 567/137/2
f 571/143/2 572/145/2 573/144/2
f 597/146/2 576/148/2 594/147/2
f 576/148/2 593/149/2 594/147/2
f 569/150/2 570/151/2 571/143/2
f 600/140/2 573/144/2 574/139/2
f 573/144/2 600/140/2 571/143/2
f 601/152/2 571/143/2 600/140/2
f 602/136/2 571/143/2 601/152/2
f 571/143/2 602/136/2 569/150/2
f 569/150/2 602/136/2 568/153/2
f 567/137/2 568/153/2 602/136/2
f 609/154/2 592/155/2 593/149/2
f 609/154/2 610/10/2 592/155/2
f 605/156/2 607/158/2 608/157/2
f 583/159/2 584/161/2 582/160/2
f 587/162/2 588/164/2 589/163/2
f 584/161/2 606/165/2 582/160/2
f 603/166/2 582/160/2 606/165/2
f 581/167/2 582/160/2 603/166/2
f 590/168/2 591/169/2 589/163/2
f 589/163/2 591/169/2 587/162/2
f 587/162/2 592/155/2 586/170/2
f 610/10/2 586/170/2 592/155/2
f 586/170/2 610/10/2 585/171/2
f 607/158/2 585/171/2 610/10/2
f 585/171/2 607/158/2 584/161/2
f 584/161/2 607/158/2 606/165/2
f 605/156/2 606/165/2 607/158/2
f 580/172/2 603/166/2 604/173/2
f 603/166/2 580/172/2 581/167/2
f 594/147/2 596/174/2 597/146/2
f 596/174/2 594/147/2 595/175/2
f 605/156/2 579/176/2 604/173/2
f 604/173/2 579/176/2 580/172/2
f 579/176/2 605/156/2 578/177/2
f 578/177/2 593/149/2 577/178/2
f 577/178/2 593/149/2 576/148/2
f 593/149/2 578/177/2 609/154/2
f 609/154/2 578/177/2 608/157/2
f 608/157/2 578/177/2 605/156/2
f 587/162/2 591/169/2 592/155/2
f 565/142/2 599/135/2 564/134/2
f 599/135/2 565/142/2 598/138/2
f 637/179/2 635/180/2 636/3/2
f 623/181/2 624/183/2 622/182/2
f 625/184/2 622/182/2 624/183/2
f 622/182/2 625/184/2 626/8/2
f 637/179/2 634/185/2 635/180/2
f 627/186/2 628/187/2 621/6/2
f 628/187/2 656/10/2 621/6/2
f 656/10/2 628/187/2 649/188/2
f 629/27/2 649/188/2 628/187/2
f 621/6/2 622/182/2 627/186/2
f 626/8/2 627/186/2 622/182/2
f 631/1/2 629/27/2 630/189/2
f 629/27/2 631/1/2 632/190/2
f 637/179/2 633/191/2 634/185/2
f 633/191/2 637/179/2 638/12/2
f 650/192/2 651/2/2 655/193/2
f 615/194/2 617/196/2 618/195/2
f 654/197/2 655/193/2 653/198/2
f 611/7/2 613/200/2 614/199/2
f 645/201/2 647/14/2 648/202/2
f 647/14/2 645/201/2 646/5/2
f 641/4/2 643/204/2 644/203/2
f 643/204/2 641/4/2 642/205/2
f 620/34/2 621/6/2 619/206/2
f 649/188/2 655/193/2 656/10/2
f 655/193/2 649/188/2 650/192/2
f 629/27/2 648/202/2 649/188/2
f 632/190/2 648/202/2 629/27/2
f 648/202/2 632/190/2 645/201/2
f 633/191/2 645/201/2 632/190/2
f 645/201/2 633/191/2 644/203/2
f 638/12/2 644/203/2 633/191/2
f 644/203/2 638/12/2 641/4/2
f 639/207/2 641/4/2 638/12/2
f 641/4/2 639/207/2 640/208/2
f 612/209/2 613/200/2 611/7/2
f 616/9/2 617/196/2 615/194/2
f 652/210/2 653/198/2 651/2/2
f 651/2/2 653/198/2 655/193/2
f 656/10/2 619/206/2 621/6/2
f 681/22/2 682/10/2 674/15/2
f 680/18/2 672/12/2 679/28/2
f 673/11/2 679/28/2 672/12/2
f 679/28/2 673/11/2 682/10/2
f 682/10/2 673/11/2 674/15/2
f 677/14/2 675/17/2 676/16/2
f 663/29/2 665/31/2 666/30/2
f 665/31/2 663/29/2 664/32/2
f 667/27/2 669/24/2 670/26/2
f 669/24/2 667/27/2 668/25/2
f 657/7/2 666/30/2 667/27/2
f 660/21/2 666/30/2 657/7/2
f 666/30/2 660/21/2 663/29/2
f 661/33/2 663/29/2 660/21/2
f 663/29/2 661/33/2 662/34/2
f 680/18/2 671/23/2 672/12/2
f 671/23/2 680/18/2 670/26/2
f 681/22/2 670/26/2 680/18/2
f 674/15/2 670/26/2 681/22/2
f 670/26/2 674/15/2 667/27/2
f 667/27/2 674/15/2 657/7/2
f 659/19/2 657/7/2 658/20/2
f 657/7/2 659/19/2 660/21/2
f 678/13/2 675/17/2 677/14/2
f 685/39/2 683/7/2 684/52/2
f 693/58/2 691/57/2 692/64/2
f 691/57/2 693/58/2 694/10/2
f 687/80/2 688/43/2 690/76/2
f 689/49/2 690/76/2 688/43/2
f 686/84/2 683/7/2 685/39/2
f 707/4/2 708/211/2 709/5/2
f 707/4/2 712/212/2 713/10/2
f 712/212/2 707/4/2 711/2/2
f 709/5/2 711/2/2 707/4/2
f 711/2/2 709/5/2 710/213/2
f 695/7/2 703/1/2 706/214/2
f 703/1/2 705/3/2 706/214/2
f 705/3/2 703/1/2 704/215/2
f 699/6/2 701/8/2 702/216/2
f 701/8/2 699/6/2 700/217/2
f 695/7/2 696/218/2 703/1/2
f 703/1/2 696/218/2 702/216/2
f 696/218/2 697/9/2 702/216/2
f 702/216/2 697/9/2 699/6/2
f 699/6/2 697/9/2 698/219/2
f 733/220/2 734/222/2 732/221/2
f 726/223/2 727/224/2 728/34/2
f 730/225/2 731/227/2 722/226/2
f 735/228/2 736/230/2 720/229/2
f 720/229/2 721/231/2 735/228/2
f 722/226/2 723/232/2 730/225/2
f 728/34/2 729/233/2 726/223/2
f 731/227/2 732/221/2 722/226/2
f 734/222/2 722/226/2 732/221/2
f 722/226/2 734/222/2 721/231/2
f 721/231/2 734/222/2 735/228/2
f 717/234/2 718/235/2 714/7/2
f 746/236/2 744/238/2 745/237/2
f 776/239/2 737/241/2 778/240/2
f 778/240/2 740/243/2 777/242/2
f 736/230/2 714/7/2 719/244/2
f 729/233/2 725/245/2 726/223/2
f 730/225/2 725/245/2 729/233/2
f 723/232/2 724/246/2 730/225/2
f 736/230/2 719/244/2 720/229/2
f 716/247/2 714/7/2 715/248/2
f 714/7/2 716/247/2 717/234/2
f 741/249/2 780/250/2 777/242/2
f 780/250/2 741/249/2 742/27/2
f 784/10/2 763/252/2 764/251/2
f 775/253/2 765/255/2 774/254/2
f 765/255/2 775/253/2 764/251/2
f 779/256/2 764/251/2 775/253/2
f 764/251/2 779/256/2 784/10/2
f 780/250/2 784/10/2 779/256/2
f 784/10/2 780/250/2 783/257/2
f 742/27/2 783/257/2 780/250/2
f 783/257/2 742/27/2 757/258/2
f 743/259/2 757/258/2 742/27/2
f 757/258/2 743/259/2 756/12/2
f 749/215/2 756/12/2 743/259/2
f 759/260/2 761/262/2 762/261/2
f 761/262/2 759/260/2 760/263/2
f 753/264/2 755/266/2 752/265/2
f 771/267/2 769/268/2 770/14/2
f 766/269/2 769/268/2 771/267/2
f 769/268/2 766/269/2 768/270/2
f 767/271/2 768/270/2 766/269/2
f 782/272/2 762/261/2 781/273/2
f 762/261/2 782/272/2 759/260/2
f 758/274/2 759/260/2 782/272/2
f 750/275/2 752/265/2 755/266/2
f 765/255/2 771/267/2 774/254/2
f 771/267/2 765/255/2 766/269/2
f 762/261/2 763/252/2 781/273/2
f 784/10/2 781/273/2 763/252/2
f 757/258/2 782/272/2 783/257/2
f 782/272/2 757/258/2 758/274/2
f 755/266/2 756/12/2 750/275/2
f 749/215/2 750/275/2 756/12/2
f 750/275/2 751/276/2 752/265/2
f 773/277/2 774/254/2 772/278/2
f 778/240/2 775/253/2 776/239/2
f 775/253/2 778/240/2 779/256/2
f 777/242/2 740/243/2 741/249/2
f 746/236/2 743/259/2 744/238/2
f 743/259/2 746/236/2 749/215/2
f 747/279/2 749/215/2 746/236/2
f 749/215/2 747/279/2 748/280/2
f 718/235/2 719/244/2 714/7/2
f 724/246/2 725/245/2 730/225/2
f 738/281/2 739/282/2 737/241/2
f 737/241/2 739/282/2 778/240/2
f 740/243/2 778/240/2 739/282/2
f 755/266/2 753/264/2 754/283/2
f 774/254/2 771/267/2 772/278/2
s 1
f 788/284/3 785/7/4 786/285/4
f 790/286/5 787/287/3 788/284/3
f 792/288/6 789/289/5 790/286/5
f 794/290/7 791/291/6 792/288/6
f 796/292/8 793/293/7 794/290/7
f 798/294/9 795/295/8 796/292/8
f 800/296/10 797/297/9 798/294/9
f 802/298/11 799/299/10 800/296/10
f 804/300/6 801/301/12 802/298/11
f 806/302/13 803/303/6 804/300/6
f 808/304/14 805/305/15 806/302/13
f 810/306/9 807/307/16 808/304/14
f 812/308/17 809/309/9 810/306/9
f 814/310/18 811/311/17 812/308/17
f 816/312/19 813/313/18 814/310/18
f 818/314/20 815/315/21 816/312/19
f 820/316/9 817/317/20 818/314/20
f 822/318/9 819/319/9 820/316/9
f 824/320/22 821/321/9 822/318/9
f 826/322/23 823/323/22 824/320/22
f 828/324/6 825/325/23 826/322/23
f 830/326/24 827/327/6 828/324/6
f 786/328/4 829/329/24 830/326/24
f 834/330/25 831/7/9 832/285/9
f 836/331/26 833/332/25 834/330/25
f 838/333/6 835/334/26 836/331/26
f 840/335/6 837/336/6 838/333/6
f 842/337/27 839/231/6 840/335/6
f 844/338/28 841/339/29 842/337/27
f 846/340/3 843/341/30 844/338/28
f 848/342/5 845/343/3 846/340/3
f 850/344/31 847/34/5 848/342/5
f 852/345/31 849/346/31 850/344/31
f 854/347/32 851/348/31 852/345/31
f 856/349/32 853/350/32 854/347/32
f 858/351/33 855/228/32 856/349/32
f 860/352/34 857/353/34 858/351/33
f 862/354/35 859/355/33 860/352/34
f 864/356/36 861/357/35 862/354/35
f 866/358/37 863/27/36 864/356/36
f 868/359/37 865/360/37 866/358/37
f 870/361/38 867/362/37 868/359/37
f 872/363/39 869/364/40 870/361/38
f 874/365/6 871/215/41 872/363/39
f 876/366/6 873/367/6 874/365/6
f 878/368/42 875/369/6 876/366/6
f 880/370/43 877/371/42 878/368/42
f 882/372/9 879/12/43 880/370/43
f 884/373/9 881/374/9 882/372/9
f 886/375/44 883/376/9 884/373/9
f 888/377/45 885/378/44 886/375/44
f 890/379/46 887/252/45 888/377/45
f 892/380/47 889/381/48 890/379/46
f 894/382/49 891/383/47 892/380/47
f 896/384/50 893/385/49 894/382/49
f 898/386/51 895/14/52 896/384/50
f 900/387/53 897/388/51 898/386/51
f 902/389/54 899/390/55 900/387/53
f 904/391/56 901/392/57 902/389/54
f 906/393/58 903/242/59 904/391/56
f 908/394/60 905/395/58 906/393/58
f 910/396/9 907/397/60 908/394/60
f 832/328/9 909/398/9 910/396/9
f 914/345/41 911/7/38 912/285/38
f 916/363/27 913/348/41 914/345/41
f 918/380/30 915/215/27 916/363/27
f 912/328/38 917/383/30 918/380/30
f 922/345/30 919/7/27 920/285/27
f 924/363/38 921/348/30 922/345/30
f 926/380/41 923/215/38 924/363/38
f 920/328/27 925/383/41 926/380/41
f 930/399/61 927/7/9 928/285/9
f 932/400/62 929/401/61 930/399/61
f 934/345/63 931/219/62 932/400/62
f 936/402/64 933/348/63 934/345/63
f 938/403/65 935/8/64 936/402/64
f 940/363/66 937/404/65 938/403/65
f 942/405/67 939/215/66 940/363/66
f 944/406/68 941/407/69 942/405/67
f 946/380/70 943/4/71 944/406/68
f 948/408/72 945/383/70 946/380/70
f 950/409/9 947/213/72 948/408/72
f 928/328/9 949/410/9 950/409/9
f 954/411/73 951/7/74 952/285/74
f 956/412/75 953/246/73 954/411/73
f 958/413/76 955/222/77 956/412/75
f 960/414/78 957/238/76 958/413/76
f 962/415/43 959/283/78 960/414/78
f 964/416/74 961/251/43 962/415/43
f 952/328/74 963/254/74 964/416/74
f 968/345/79 965/7/38 966/285/38
f 970/363/80 967/348/81 968/345/79
f 972/380/39 969/215/82 970/363/80
f 966/328/38 971/383/39 972/380/39
f 976/345/83 973/7/84 974/285/84
f 978/363/85 975/348/83 976/345/83
f 980/380/86 977/215/85 978/363/85
f 974/328/84 979/383/87 980/380/86
f 984/345/88 981/7/89 982/285/89
f 986/363/90 983/348/91 984/345/88
f 988/380/92 985/215/90 986/363/90
f 982/328/89 987/383/93 988/380/92
f 992/417/94 989/7/95 990/285/95
f 994/418/96 991/218/97 992/417/94
f 996/400/98 993/9/96 994/418/96
f 998/419/99 995/219/99 996/400/98
f 1000/420/100 997/6/99 998/419/99
f 1002/402/100 999/217/100 1000/420/100
f 1004/421/101 1001/8/100 1002/402/100
f 1006/422/102 1003/216/101 1004/421/101
f 1008/363/103 1005/1/102 1006/422/102
f 1010/423/104 1007/215/103 1008/363/103
f 1012/424/101 1009/3/104 1010/423/104
f 1014/406/102 1011/214/101 1012/424/101
f 1016/425/105 1013/4/102 1014/406/102
f 1018/426/106 1015/211/106 1016/425/105
f 1020/408/107 1017/5/106 1018/426/106
f 1022/427/108 1019/213/109 1020/408/107
f 1024/428/110 1021/2/108 1022/427/108
f 990/328/95 1023/212/110 1024/428/110
f 1028/345/111 1025/7/112 1026/285/112
f 1030/363/113 1027/348/111 1028/345/111
f 1032/380/114 1029/215/113 1030/363/113
f 1026/328/112 1031/383/114 1032/380/114
f 1036/345/24 1033/7/115 1034/285/63
f 1038/363/4 1035/348/24 1036/345/24
f 1040/380/116 1037/215/117 1038/363/4
f 1034/328/63 1039/383/116 1040/380/116
f 1044/345/28 1041/7/38 1042/285/38
f 1046/363/27 1043/348/28 1044/345/28
f 1048/380/39 1045/215/27 1046/363/27
f 1042/328/38 1047/383/39 1048/380/39
f 1052/345/118 1049/7/112 1050/285/112
f 1054/363/113 1051/348/118 1052/345/118
f 1056/380/119 1053/215/113 1054/363/113
f 1050/328/112 1055/383/119 1056/380/119
f 1060/429/120 1057/7/121 1058/285/122
f 1062/430/120 1059/431/120 1060/429/120
f 1064/432/44 1061/433/120 1062/430/120
f 1066/434/123 1063/435/123 1064/432/44
f 1068/436/74 1065/437/123 1066/434/123
f 1070/438/124 1067/439/74 1068/436/74
f 1072/440/6 1069/441/124 1070/438/124
f 1074/442/6 1071/443/6 1072/440/6
f 1076/444/125 1073/445/6 1074/442/6
f 1078/446/126 1075/447/127 1076/444/125
f 1080/448/3 1077/449/126 1078/446/126
f 1082/450/5 1079/451/3 1080/448/3
f 1084/452/128 1081/453/5 1082/450/5
f 1086/454/129 1083/455/128 1084/452/128
f 1088/456/130 1085/457/129 1086/454/129
f 1090/458/131 1087/459/130 1088/456/130
f 1092/460/132 1089/461/133 1090/458/131
f 1094/462/132 1091/463/132 1092/460/132
f 1096/363/26 1093/464/132 1094/462/132
f 1098/465/26 1095/215/26 1096/363/26
f 1100/466/42 1097/467/26 1098/465/26
f 1102/468/42 1099/469/42 1100/466/42
f 1104/470/70 1101/471/42 1102/468/42
f 1106/472/72 1103/473/70 1104/470/70
f 1108/474/134 1105/475/72 1106/472/72
f 1110/476/135 1107/477/134 1108/474/134
f 1112/478/70 1109/479/135 1110/476/135
f 1114/480/72 1111/481/70 1112/478/70
f 1116/482/136 1113/483/72 1114/480/72
f 1118/484/137 1115/485/136 1116/482/136
f 1120/486/6 1117/487/137 1118/484/137
f 1122/488/6 1119/489/6 1120/486/6
f 1124/490/138 1121/491/6 1122/488/6
f 1126/492/139 1123/493/138 1124/490/138
f 1128/494/140 1125/495/139 1126/492/139
f 1130/496/140 1127/497/140 1128/494/140
f 1132/498/121 1129/499/141 1130/496/140
f 1058/328/122 1131/500/122 1132/498/121
f 1136/501/142 1133/7/143 1134/285/144
f 1138/502/145 1135/503/142 1136/501/142
f 1140/504/6 1137/505/146 1138/502/145
f 1142/506/6 1139/507/6 1140/504/6
f 1144/508/6 1141/509/6 1142/506/6
f 1146/510/6 1143/511/6 1144/508/6
f 1148/512/147 1145/513/6 1146/510/6
f 1150/514/148 1147/515/149 1148/512/147
f 1152/516/150 1149/517/148 1150/514/148
f 1154/518/9 1151/519/151 1152/516/150
f 1156/520/9 1153/521/9 1154/518/9
f 1158/522/144 1155/523/9 1156/520/9
f 1134/328/144 1157/524/144 1158/522/144
f 1162/525/152 1159/7/9 1160/285/9
f 1164/526/153 1161/527/154 1162/525/152
f 1166/528/6 1163/52/155 1164/526/153
f 1168/529/6 1165/530/6 1166/528/6
f 1170/531/6 1167/39/6 1168/529/6
f 1172/532/6 1169/533/6 1170/531/6
f 1174/534/156 1171/84/6 1172/532/6
f 1176/535/157 1173/536/156 1174/534/156
f 1178/537/9 1175/80/157 1176/535/157
f 1180/538/158 1177/539/9 1178/537/9
f 1182/363/159 1179/43/158 1180/538/158
f 1184/540/160 1181/215/161 1182/363/159
f 1186/541/162 1183/49/163 1184/540/160
f 1188/542/164 1185/543/162 1186/541/162
f 1190/544/165 1187/76/164 1188/542/164
f 1192/545/165 1189/546/165 1190/544/165
f 1194/547/112 1191/57/165 1192/545/165
f 1196/548/166 1193/549/112 1194/547/112
f 1198/550/70 1195/64/166 1196/548/166
f 1200/551/72 1197/552/70 1198/550/70
f 1202/553/9 1199/58/167 1200/551/72
f 1160/328/9 1201/554/9 1202/553/9
f 1206/342/7 1203/7/16 1204/285/8
f 1208/356/168 1205/34/13 1206/342/7
f 1210/370/169 1207/27/168 1208/356/168
f 1212/384/170 1209/12/169 1210/370/169
f 1204/328/8 1211/14/170 1212/384/170
f 1216/345/72 1213/7/3 1214/285/3
f 1218/363/70 1215/348/72 1216/345/72
f 1220/380/5 1217/215/70 1218/363/70
f 1214/328/3 1219/383/5 1220/380/5
f 1224/345/103 1221/7/95 1222/285/95
f 1226/363/104 1223/348/103 1224/345/103
f 1228/380/110 1225/215/104 1226/363/104
f 1222/328/95 1227/383/110 1228/380/110
f 1232/555/3 1229/7/171 1230/285/171
f 1234/556/5 1231/557/3 1232/555/3
f 1236/558/133 1233/244/5 1234/556/5
f 1238/411/130 1235/559/131 1236/558/133
f 1240/560/3 1237/246/172 1238/411/130
f 1242/561/5 1239/562/3 1240/560/3
f 1244/345/173 1241/233/5 1242/561/5
f 1246/412/173 1243/348/173 1244/345/173
f 1248/563/174 1245/222/173 1246/412/173
f 1250/564/175 1247/565/175 1248/563/174
f 1252/566/70 1249/282/174 1250/564/175
f 1254/413/72 1251/567/70 1252/566/70
f 1256/568/176 1253/238/72 1254/413/72
f 1258/363/177 1255/569/178 1256/568/176
f 1260/570/70 1257/215/177 1258/363/177
f 1262/414/72 1259/571/70 1260/570/70
f 1264/572/144 1261/283/72 1262/414/72
f 1266/573/179 1263/574/144 1264/572/144
f 1268/575/70 1265/260/179 1266/573/179
f 1270/415/72 1267/576/70 1268/575/70
f 1272/380/144 1269/251/72 1270/415/72
f 1274/577/143 1271/383/143 1272/380/144
f 1276/578/171 1273/268/144 1274/577/143
f 1278/416/171 1275/579/171 1276/578/171
f 1280/580/3 1277/254/171 1278/416/171
f 1282/581/5 1279/582/3 1280/580/3
f 1284/583/180 1281/256/5 1282/581/5
f 1230/328/171 1283/584/180 1284/583/180
f 1288/345/181 1285/7/182 1286/285/182
f 1290/363/183 1287/348/181 1288/345/181
f 1292/380/184 1289/215/183 1290/363/183
f 1286/328/182 1291/383/184 1292/380/184
f 1296/399/142 1293/7/9 1294/285/9
f 1298/400/146 1295/401/185 1296/399/142
f 1300/345/6 1297/219/146 1298/400/146
f 1302/402/6 1299/348/6 1300/345/6
f 1304/403/6 1301/8/6 1302/402/6
f 1306/363/6 1303/404/6 1304/403/6
f 1308/405/13 1305/215/6 1306/363/6
f 1310/406/8 1307/407/7 1308/405/13
f 1312/380/9 1309/4/8 1310/406/8
f 1314/408/9 1311/383/9 1312/380/9
f 1316/409/9 1313/213/9 1314/408/9
f 1294/328/9 1315/410/9 1316/409/9
f 1320/345/186 1317/7/187 1318/285/187
f 1322/363/188 1319/348/186 1320/345/186
f 1324/380/189 1321/215/188 1322/363/188
f 1318/328/187 1323/383/189 1324/380/189
f 1328/345/138 1325/7/139 1326/285/14
f 1330/363/124 1327/348/138 1328/345/138
f 1332/380/74 1329/215/124 1330/363/124
f 1326/328/14 1331/383/74 1332/380/74
f 1336/399/140 1333/7/8 1334/285/8
f 1338/400/190 1335/401/140 1336/399/140
f 1340/345/6 1337/219/190 1338/400/190
f 1342/402/6 1339/348/6 1340/345/6
f 1344/403/6 1341/8/6 1342/402/6
f 1346/363/6 1343/404/6 1344/403/6
f 1348/405/191 1345/215/6 1346/363/6
f 1350/406/192 1347/407/193 1348/405/191
f 1352/380/9 1349/4/194 1350/406/192
f 1354/408/9 1351/383/9 1352/380/9
f 1356/409/8 1353/213/9 1354/408/9
f 1334/328/8 1355/410/8 1356/409/8
f 1360/399/154 1357/7/9 1358/285/9
f 1362/400/195 1359/401/154 1360/399/154
f 1364/345/6 1361/219/195 1362/400/195
f 1366/402/6 1363/348/6 1364/345/6
f 1368/403/6 1365/8/6 1366/402/6
f 1370/363/6 1367/404/6 1368/403/6
f 1372/405/196 1369/215/6 1370/363/6
f 1374/406/44 1371/407/196 1372/405/196
f 1376/380/185 1373/4/44 1374/406/44
f 1378/408/185 1375/383/185 1376/380/185
f 1380/409/9 1377/213/185 1378/408/185
f 1358/328/9 1379/410/9 1380/409/9
f 1384/345/197 1381/7/60 1382/285/60
f 1386/363/198 1383/348/197 1384/345/197
f 1388/380/199 1385/215/198 1386/363/198
f 1382/328/60 1387/383/199 1388/380/199
f 1392/345/18 1389/7/174 1390/285/175
f 1394/363/17 1391/348/18 1392/345/18
f 1396/380/200 1393/215/17 1394/363/17
f 1390/328/175 1395/383/200 1396/380/200
f 1400/345/201 1397/7/202 1398/285/202
f 1402/363/203 1399/348/201 1400/345/201
f 1404/380/204 1401/215/205 1402/363/203
f 1398/328/202 1403/383/204 1404/380/204
f 1408/345/173 1405/7/206 1406/285/207
f 1410/363/208 1407/348/173 1408/345/173
f 1412/380/209 1409/215/210 1410/363/208
f 1406/328/207 1411/383/209 1412/380/209
f 1416/337/6 1413/7/211 1414/285/212
f 1418/345/6 1415/339/6 1416/337/6
f 1420/354/213 1417/348/6 1418/345/6
f 1422/363/122 1419/357/213 1420/354/213
f 1424/372/9 1421/215/121 1422/363/122
f 1426/380/9 1423/374/9 1424/372/9
f 1428/389/120 1425/383/9 1426/380/9
f 1414/328/212 1427/392/120 1428/389/120
f 1432/345/40 1429/7/28 1430/285/28
f 1434/363/39 1431/348/40 1432/345/40
f 1436/380/29 1433/215/39 1434/363/39
f 1430/328/28 1435/383/29 1436/380/29
f 1440/345/116 1437/7/117 1438/285/117
f 1442/363/115 1439/348/116 1440/345/116
f 1444/380/24 1441/215/115 1442/363/115
f 1438/328/117 1443/383/24 1444/380/24
f 1448/556/97 1445/7/214 1446/285/214
f 1450/411/96 1447/244/97 1448/556/97
f 1452/561/215 1449/246/96 1450/411/96
f 1454/412/215 1451/233/215 1452/561/215
f 1456/564/216 1453/222/215 1454/412/215
f 1458/413/216 1455/282/216 1456/564/216
f 1460/363/193 1457/238/216 1458/413/216
f 1462/414/217 1459/215/193 1460/363/193
f 1464/573/154 1461/283/217 1462/414/217
f 1466/415/154 1463/260/154 1464/573/154
f 1468/577/218 1465/251/154 1466/415/154
f 1470/416/218 1467/268/218 1468/577/218
f 1472/581/219 1469/254/220 1470/416/218
f 1446/328/214 1471/256/214 1472/581/219
f 1476/399/221 1473/7/222 1474/285/222
f 1478/400/223 1475/401/224 1476/399/221
f 1480/345/62 1477/219/225 1478/400/223
f 1482/402/62 1479/348/62 1480/345/62
f 1484/403/226 1481/8/62 1482/402/62
f 1486/363/226 1483/404/226 1484/403/226
f 1488/405/62 1485/215/226 1486/363/226
f 1490/406/62 1487/407/62 1488/405/62
f 1492/380/227 1489/4/62 1490/406/62
f 1494/408/228 1491/383/227 1492/380/227
f 1496/409/222 1493/213/228 1494/408/228
f 1474/328/222 1495/410/222 1496/409/222
f 1500/417/94 1497/7/140 1498/285/140
f 1502/418/96 1499/218/97 1500/417/94
f 1504/400/229 1501/9/96 1502/418/96
f 1506/419/128 1503/219/128 1504/400/229
f 1508/420/135 1505/6/229 1506/419/128
f 1510/402/135 1507/217/135 1508/420/135
f 1512/421/230 1509/8/135 1510/402/135
f 1514/422/102 1511/216/101 1512/421/230
f 1516/363/103 1513/1/102 1514/422/102
f 1518/423/196 1515/215/103 1516/363/103
f 1520/424/138 1517/3/196 1518/423/196
f 1522/406/139 1519/214/138 1520/424/138
f 1524/425/4 1521/4/139 1522/406/139
f 1526/426/231 1523/211/4 1524/425/4
f 1528/408/232 1525/5/231 1526/426/231
f 1530/427/124 1527/213/233 1528/408/232
f 1532/428/110 1529/2/234 1530/427/124
f 1498/328/140 1531/212/110 1532/428/110
f 1536/345/20 1533/7/235 1534/285/235
f 1538/363/217 1535/348/20 1536/345/20
f 1540/380/236 1537/215/217 1538/363/217
f 1534/328/235 1539/383/236 1540/380/236
f 1544/345/237 1541/7/187 1542/285/187
f 1546/363/238 1543/348/237 1544/345/237
f 1548/380/239 1545/215/238 1546/363/238
f 1542/328/187 1547/383/239 1548/380/239
f 1552/345/240 1549/7/241 1550/285/241
f 1554/363/242 1551/348/243 1552/345/240
f 1556/380/244 1553/215/242 1554/363/242
f 1550/328/241 1555/383/244 1556/380/244
f 1560/400/245 1557/7/43 1558/285/43
f 1562/402/23 1559/219/22 1560/400/245
f 1564/363/246 1561/8/23 1562/402/23
f 1566/406/186 1563/215/186 1564/363/246
f 1568/408/42 1565/4/186 1566/406/186
f 1558/328/43 1567/213/42 1568/408/42
f 788/284/3 787/287/3 785/7/4
f 790/286/5 789/289/5 787/287/3
f 792/288/6 791/291/6 789/289/5
f 794/290/7 793/293/7 791/291/6
f 796/292/8 795/295/8 793/293/7
f 798/294/9 797/297/9 795/295/8
f 800/296/10 799/299/10 797/297/9
f 802/298/11 801/301/12 799/299/10
f 804/300/6 803/303/6 801/301/12
f 806/302/13 805/305/15 803/303/6
f 808/304/14 807/307/16 805/305/15
f 810/306/9 809/309/9 807/307/16
f 812/308/17 811/311/17 809/309/9
f 814/310/18 813/313/18 811/311/17
f 816/312/19 815/315/21 813/313/18
f 818/314/20 817/317/20 815/315/21
f 820/316/9 819/319/9 817/317/20
f 822/318/9 821/321/9 819/319/9
f 824/320/22 823/323/22 821/321/9
f 826/322/23 825/325/23 823/323/22
f 828/324/6 827/327/6 825/325/23
f 830/326/24 829/329/24 827/327/6
f 786/328/4 785/10/4 829/329/24
f 834/330/25 833/332/25 831/7/9
f 836/331/26 835/334/26 833/332/25
f 838/333/6 837/336/6 835/334/26
f 840/335/6 839/231/6 837/336/6
f 842/337/27 841/339/29 839/231/6
f 844/338/28 843/341/30 841/339/29
f 846/340/3 845/343/3 843/341/30
f 848/342/5 847/34/5 845/343/3
f 850/344/31 849/346/31 847/34/5
f 852/345/31 851/348/31 849/346/31
f 854/347/32 853/350/32 851/348/31
f 856/349/32 855/228/32 853/350/32
f 858/351/33 857/353/34 855/228/32
f 860/352/34 859/355/33 857/353/34
f 862/354/35 861/357/35 859/355/33
f 864/356/36 863/27/36 861/357/35
f 866/358/37 865/360/37 863/27/36
f 868/359/37 867/362/37 865/360/37
f 870/361/38 869/364/40 867/362/37
f 872/363/39 871/215/41 869/364/40
f 874/365/6 873/367/6 871/215/41
f 876/366/6 875/369/6 873/367/6
f 878/368/42 877/371/42 875/369/6
f 880/370/43 879/12/43 877/371/42
f 882/372/9 881/374/9 879/12/43
f 884/373/9 883/376/9 881/374/9
f 886/375/44 885/378/44 883/376/9
f 888/377/45 887/252/45 885/378/44
f 890/379/46 889/381/48 887/252/45
f 892/380/47 891/383/47 889/381/48
f 894/382/49 893/385/49 891/383/47
f 896/384/50 895/14/52 893/385/49
f 898/386/51 897/388/51 895/14/52
f 900/387/53 899/390/55 897/388/51
f 902/389/54 901/392/57 899/390/55
f 904/391/56 903/242/59 901/392/57
f 906/393/58 905/395/58 903/242/59
f 908/394/60 907/397/60 905/395/58
f 910/396/9 909/398/9 907/397/60
f 832/328/9 831/10/9 909/398/9
f 914/345/41 913/348/41 911/7/38
f 916/363/27 915/215/27 913/348/41
f 918/380/30 917/383/30 915/215/27
f 912/328/38 911/10/38 917/383/30
f 922/345/30 921/348/30 919/7/27
f 924/363/38 923/215/38 921/348/30
f 926/380/41 925/383/41 923/215/38
f 920/328/27 919/10/27 925/383/41
f 930/399/61 929/401/61 927/7/9
f 932/400/62 931/219/62 929/401/61
f 934/345/63 933/348/63 931/219/62
f 936/402/64 935/8/64 933/348/63
f 938/403/65 937/404/65 935/8/64
f 940/363/66 939/215/66 937/404/65
f 942/405/67 941/407/69 939/215/66
f 944/406/68 943/4/71 941/407/69
f 946/380/70 945/383/70 943/4/71
f 948/408/72 947/213/72 945/383/70
f 950/409/9 949/410/9 947/213/72
f 928/328/9 927/10/9 949/410/9
f 954/411/73 953/246/73 951/7/74
f 956/412/75 955/222/77 953/246/73
f 958/413/76 957/238/76 955/222/77
f 960/414/78 959/283/78 957/238/76
f 962/415/43 961/251/43 959/283/78
f 964/416/74 963/254/74 961/251/43
f 952/328/74 951/10/74 963/254/74
f 968/345/79 967/348/81 965/7/38
f 970/363/80 969/215/82 967/348/81
f 972/380/39 971/383/39 969/215/82
f 966/328/38 965/10/38 971/383/39
f 976/345/83 975/348/83 973/7/84
f 978/363/85 977/215/85 975/348/83
f 980/380/86 979/383/87 977/215/85
f 974/328/84 973/10/84 979/383/87
f 984/345/88 983/348/91 981/7/89
f 986/363/90 985/215/90 983/348/91
f 988/380/92 987/383/93 985/215/90
f 982/328/89 981/10/89 987/383/93
f 992/417/94 991/218/97 989/7/95
f 994/418/96 993/9/96 991/218/97
f 996/400/98 995/219/99 993/9/96
f 998/419/99 997/6/99 995/219/99
f 1000/420/100 999/217/100 997/6/99
f 1002/402/100 1001/8/100 999/217/100
f 1004/421/101 1003/216/101 1001/8/100
f 1006/422/102 1005/1/102 1003/216/101
f 1008/363/103 1007/215/103 1005/1/102
f 1010/423/104 1009/3/104 1007/215/103
f 1012/424/101 1011/214/101 1009/3/104
f 1014/406/102 1013/4/102 1011/214/101
f 1016/425/105 1015/211/106 1013/4/102
f 1018/426/106 1017/5/106 1015/211/106
f 1020/408/107 1019/213/109 1017/5/106
f 1022/427/108 1021/2/108 1019/213/109
f 1024/428/110 1023/212/110 1021/2/108
f 990/328/95 989/10/95 1023/212/110
f 1028/345/111 1027/348/111 1025/7/112
f 1030/363/113 1029/215/113 1027/348/111
f 1032/380/114 1031/383/114 1029/215/113
f 1026/328/112 1025/10/112 1031/383/114
f 1036/345/24 1035/348/24 1033/7/115
f 1038/363/4 1037/215/117 1035/348/24
f 1040/380/116 1039/383/116 1037/215/117
f 1034/328/63 1033/10/115 1039/383/116
f 1044/345/28 1043/348/28 1041/7/38
f 1046/363/27 1045/215/27 1043/348/28
f 1048/380/39 1047/383/39 1045/215/27
f 1042/328/38 1041/10/38 1047/383/39
f 1052/345/118 1051/348/118 1049/7/112
f 1054/363/113 1053/215/113 1051/348/118
f 1056/380/119 1055/383/119 1053/215/113
f 1050/328/112 1049/10/112 1055/383/119
f 1060/429/120 1059/431/120 1057/7/121
f 1062/430/120 1061/433/120 1059/431/120
f 1064/432/44 1063/435/123 1061/433/120
f 1066/434/123 1065/437/123 1063/435/123
f 1068/436/74 1067/439/74 1065/437/123
f 1070/438/124 1069/441/124 1067/439/74
f 1072/440/6 1071/443/6 1069/441/124
f 1074/442/6 1073/445/6 1071/443/6
f 1076/444/125 1075/447/127 1073/445/6
f 1078/446/126 1077/449/126 1075/447/127
f 1080/448/3 1079/451/3 1077/449/126
f 1082/450/5 1081/453/5 1079/451/3
f 1084/452/128 1083/455/128 1081/453/5
f 1086/454/129 1085/457/129 1083/455/128
f 1088/456/130 1087/459/130 1085/457/129
f 1090/458/131 1089/461/133 1087/459/130
f 1092/460/132 1091/463/132 1089/461/133
f 1094/462/132 1093/464/132 1091/463/132
f 1096/363/26 1095/215/26 1093/464/132
f 1098/465/26 1097/467/26 1095/215/26
f 1100/466/42 1099/469/42 1097/467/26
f 1102/468/42 1101/471/42 1099/469/42
f 1104/470/70 1103/473/70 1101/471/42
f 1106/472/72 1105/475/72 1103/473/70
f 1108/474/134 1107/477/134 1105/475/72
f 1110/476/135 1109/479/135 1107/477/134
f 1112/478/70 1111/481/70 1109/479/135
f 1114/480/72 1113/483/72 1111/481/70
f 1116/482/136 1115/485/136 1113/483/72
f 1118/484/137 1117/487/137 1115/485/136
f 1120/486/6 1119/489/6 1117/487/137
f 1122/488/6 1121/491/6 1119/489/6
f 1124/490/138 1123/493/138 1121/491/6
f 1126/492/139 1125/495/139 1123/493/138
f 1128/494/140 1127/497/140 1125/495/139
f 1130/496/140 1129/499/141 1127/497/140
f 1132/498/121 1131/500/122 1129/499/141
f 1058/328/122 1057/10/121 1131/500/122
f 1136/501/142 1135/503/142 1133/7/143
f 1138/502/145 1137/505/146 1135/503/142
f 1140/504/6 1139/507/6 1137/505/146
f 1142/506/6 1141/509/6 1139/507/6
f 1144/508/6 1143/511/6 1141/509/6
f 1146/510/6 1145/513/6 1143/511/6
f 1148/512/147 1147/515/149 1145/513/6
f 1150/514/148 1149/517/148 1147/515/149
f 1152/516/150 1151/519/151 1149/517/148
f 1154/518/9 1153/521/9 1151/519/151
f 1156/520/9 1155/523/9 1153/521/9
f 1158/522/144 1157/524/144 1155/523/9
f 1134/328/144 1133/10/143 1157/524/144
f 1162/525/152 1161/527/154 1159/7/9
f 1164/526/153 1163/52/155 1161/527/154
f 1166/528/6 1165/530/6 1163/52/155
f 1168/529/6 1167/39/6 1165/530/6
f 1170/531/6 1169/533/6 1167/39/6
f 1172/532/6 1171/84/6 1169/533/6
f 1174/534/156 1173/536/156 1171/84/6
f 1176/535/157 1175/80/157 1173/536/156
f 1178/537/9 1177/539/9 1175/80/157
f 1180/538/158 1179/43/158 1177/539/9
f 1182/363/159 1181/215/161 1179/43/158
f 1184/540/160 1183/49/163 1181/215/161
f 1186/541/162 1185/543/162 1183/49/163
f 1188/542/164 1187/76/164 1185/543/162
f 1190/544/165 1189/546/165 1187/76/164
f 1192/545/165 1191/57/165 1189/546/165
f 1194/547/112 1193/549/112 1191/57/165
f 1196/548/166 1195/64/166 1193/549/112
f 1198/550/70 1197/552/70 1195/64/166
f 1200/551/72 1199/58/167 1197/552/70
f 1202/553/9 1201/554/9 1199/58/167
f 1160/328/9 1159/10/9 1201/554/9
f 1206/342/7 1205/34/13 1203/7/16
f 1208/356/168 1207/27/168 1205/34/13
f 1210/370/169 1209/12/169 1207/27/168
f 1212/384/170 1211/14/170 1209/12/169
f 1204/328/8 1203/10/16 1211/14/170
f 1216/345/72 1215/348/72 1213/7/3
f 1218/363/70 1217/215/70 1215/348/72
f 1220/380/5 1219/383/5 1217/215/70
f 1214/328/3 1213/10/3 1219/383/5
f 1224/345/103 1223/348/103 1221/7/95
f 1226/363/104 1225/215/104 1223/348/103
f 1228/380/110 1227/383/110 1225/215/104
f 1222/328/95 1221/10/95 1227/383/110
f 1232/555/3 1231/557/3 1229/7/171
f 1234/556/5 1233/244/5 1231/557/3
f 1236/558/133 1235/559/131 1233/244/5
f 1238/411/130 1237/246/172 1235/559/131
f 1240/560/3 1239/562/3 1237/246/172
f 1242/561/5 1241/233/5 1239/562/3
f 1244/345/173 1243/348/173 1241/233/5
f 1246/412/173 1245/222/173 1243/348/173
f 1248/563/174 1247/565/175 1245/222/173
f 1250/564/175 1249/282/174 1247/565/175
f 1252/566/70 1251/567/70 1249/282/174
f 1254/413/72 1253/238/72 1251/567/70
f 1256/568/176 1255/569/178 1253/238/72
f 1258/363/177 1257/215/177 1255/569/178
f 1260/570/70 1259/571/70 1257/215/177
f 1262/414/72 1261/283/72 1259/571/70
f 1264/572/144 1263/574/144 1261/283/72
f 1266/573/179 1265/260/179 1263/574/144
f 1268/575/70 1267/576/70 1265/260/179
f 1270/415/72 1269/251/72 1267/576/70
f 1272/380/144 1271/383/143 1269/251/72
f 1274/577/143 1273/268/144 1271/383/143
f 1276/578/171 1275/579/171 1273/268/144
f 1278/416/171 1277/254/171 1275/579/171
f 1280/580/3 1279/582/3 1277/254/171
f 1282/581/5 1281/256/5 1279/582/3
f 1284/583/180 1283/584/180 1281/256/5
f 1230/328/171 1229/10/171 1283/584/180
f 1288/345/181 1287/348/181 1285/7/182
f 1290/363/183 1289/215/183 1287/348/181
f 1292/380/184 1291/383/184 1289/215/183
f 1286/328/182 1285/10/182 1291/383/184
f 1296/399/142 1295/401/185 1293/7/9
f 1298/400/146 1297/219/146 1295/401/185
f 1300/345/6 1299/348/6 1297/219/146
f 1302/402/6 1301/8/6 1299/348/6
f 1304/403/6 1303/404/6 1301/8/6
f 1306/363/6 1305/215/6 1303/404/6
f 1308/405/13 1307/407/7 1305/215/6
f 1310/406/8 1309/4/8 1307/407/7
f 1312/380/9 1311/383/9 1309/4/8
f 1314/408/9 1313/213/9 1311/383/9
f 1316/409/9 1315/410/9 1313/213/9
f 1294/328/9 1293/10/9 1315/410/9
f 1320/345/186 1319/348/186 1317/7/187
f 1322/363/188 1321/215/188 1319/348/186
f 1324/380/189 1323/383/189 1321/215/188
f 1318/328/187 1317/10/187 1323/383/189
f 1328/345/138 1327/348/138 1325/7/139
f 1330/363/124 1329/215/124 1327/348/138
f 1332/380/74 1331/383/74 1329/215/124
f 1326/328/14 1325/10/139 1331/383/74
f 1336/399/140 1335/401/140 1333/7/8
f 1338/400/190 1337/219/190 1335/401/140
f 1340/345/6 1339/348/6 1337/219/190
f 1342/402/6 1341/8/6 1339/348/6
f 1344/403/6 1343/404/6 1341/8/6
f 1346/363/6 1345/215/6 1343/404/6
f 1348/405/191 1347/407/193 1345/215/6
f 1350/406/192 1349/4/194 1347/407/193
f 1352/380/9 1351/383/9 1349/4/194
f 1354/408/9 1353/213/9 1351/383/9
f 1356/409/8 1355/410/8 1353/213/9
f 1334/328/8 1333/10/8 1355/410/8
f 1360/399/154 1359/401/154 1357/7/9
f 1362/400/195 1361/219/195 1359/401/154
f 1364/345/6 1363/348/6 1361/219/195
f 1366/402/6 1365/8/6 1363/348/6
f 1368/403/6 1367/404/6 1365/8/6
f 1370/363/6 1369/215/6 1367/404/6
f 1372/405/196 1371/407/196 1369/215/6
f 1374/406/44 1373/4/44 1371/407/196
f 1376/380/185 1375/383/185 1373/4/44
f 1378/408/185 1377/213/185 1375/383/185
f 1380/409/9 1379/410/9 1377/213/185
f 1358/328/9 1357/10/9 1379/410/9
f 1384/345/197 1383/348/197 1381/7/60
f 1386/363/198 1385/215/198 1383/348/197
f 1388/380/199 1387/383/199 1385/215/198
f 1382/328/60 1381/10/60 1387/383/199
f 1392/345/18 1391/348/18 1389/7/174
f 1394/363/17 1393/215/17 1391/348/18
f 1396/380/200 1395/383/200 1393/215/17
f 1390/328/175 1389/10/174 1395/383/200
f 1400/345/201 1399/348/201 1397/7/202
f 1402/363/203 1401/215/205 1399/348/201
f 1404/380/204 1403/383/204 1401/215/205
f 1398/328/202 1397/10/202 1403/383/204
f 1408/345/173 1407/348/173 1405/7/206
f 1410/363/208 1409/215/210 1407/348/173
f 1412/380/209 1411/383/209 1409/215/210
f 1406/328/207 1405/10/206 1411/383/209
f 1416/337/6 1415/339/6 1413/7/211
f 1418/345/6 1417/348/6 1415/339/6
f 1420/354/213 1419/357/213 1417/348/6
f 1422/363/122 1421/215/121 1419/357/213
f 1424/372/9 1423/374/9 1421/215/121
f 1426/380/9 1425/383/9 1423/374/9
f 1428/389/120 1427/392/120 1425/383/9
f 1414/328/212 1413/10/211 1427/392/120
f 1432/345/40 1431/348/40 1429/7/28
f 1434/363/39 1433/215/39 1431/348/40
f 1436/380/29 1435/383/29 1433/215/39
f 1430/328/28 1429/10/28 1435/383/29
f 1440/345/116 1439/348/116 1437/7/117
f 1442/363/115 1441/215/115 1439/348/116
f 1444/380/24 1443/383/24 1441/215/115
f 1438/328/117 1437/10/117 1443/383/24
f 1448/556/97 1447/244/97 1445/7/214
f 1450/411/96 1449/246/96 1447/244/97
f 1452/561/215 1451/233/215 1449/246/96
f 1454/412/215 1453/222/215 1451/233/215
f 1456/564/216 1455/282/216 1453/222/215
f 1458/413/216 1457/238/216 1455/282/216
f 1460/363/193 1459/215/193 1457/238/216
f 1462/414/217 1461/283/217 1459/215/193
f 1464/573/154 1463/260/154 1461/283/217
f 1466/415/154 1465/251/154 1463/260/154
f 1468/577/218 1467/268/218 1465/251/154
f 1470/416/218 1469/254/220 1467/268/218
f 1472/581/219 1471/256/214 1469/254/220
f 1446/328/214 1445/10/214 1471/256/214
f 1476/399/221 1475/401/224 1473/7/222
f 1478/400/223 1477/219/225 1475/401/224
f 1480/345/62 1479/348/62 1477/219/225
f 1482/402/62 1481/8/62 1479/348/62
f 1484/403/226 1483/404/226 1481/8/62
f 1486/363/226 1485/215/226 1483/404/226
f 1488/405/62 1487/407/62 1485/215/226
f 1490/406/62 1489/4/62 1487/407/62
f 1492/380/227 1491/383/227 1489/4/62
f 1494/408/228 1493/213/228 1491/383/227
f 1496/409/222 1495/410/222 1493/213/228
f 1474/328/222 1473/10/222 1495/410/222
f 1500/417/94 1499/218/97 1497/7/140
f 1502/418/96 1501/9/96 1499/218/97
f 1504/400/229 1503/219/128 1501/9/96
f 1506/419/128 1505/6/229 1503/219/128
f 1508/420/135 1507/217/135 1505/6/229
f 1510/402/135 1509/8/135 1507/217/135
f 1512/421/230 1511/216/101 1509/8/135
f 1514/422/102 1513/1/102 1511/216/101
f 1516/363/103 1515/215/103 1513/1/102
f 1518/423/196 1517/3/196 1515/215/103
f 1520/424/138 1519/214/138 1517/3/196
f 1522/406/139 1521/4/139 1519/214/138
f 1524/425/4 1523/211/4 1521/4/139
f 1526/426/231 1525/5/231 1523/211/4
f 1528/408/232 1527/213/233 1525/5/231
f 1530/427/124 1529/2/234 1527/213/233
f 1532/428/110 1531/212/110 1529/2/234
f 1498/328/140 1497/10/140 1531/212/110
f 1536/345/20 1535/348/20 1533/7/235
f 1538/363/217 1537/215/217 1535/348/20
f 1540/380/236 1539/383/236 1537/215/217
f 1534/328/235 1533/10/235 1539/383/236
f 1544/345/237 1543/348/237 1541/7/187
f 1546/363/238 1545/215/238 1543/348/237
f 1548/380/239 1547/383/239 1545/215/238
f 1542/328/187 1541/10/187 1547/383/239
f 1552/345/240 1551/348/243 1549/7/241
f 1554/363/242 1553/215/242 1551/348/243
f 1556/380/244 1555/383/244 1553/215/242
f 1550/328/241 1549/10/241 1555/383/244
f 1560/400/245 1559/219/22 1557/7/43
f 1562/402/23 1561/8/23 1559/219/22
f 1564/363/246 1563/215/186 1561/8/23
f 1566/406/186 1565/4/186 1563/215/186
f 1568/408/42 1567/213/42 1565/4/186
f 1558/328/43 1557/10/43 1567/213/42
o Text.002
v 7.660151 0.050000 0.330293
v 7.618891 0.050000 0.330293
v 7.621881 0.050000 0.276015
v 7.666131 0.050000 0.276015
v 7.670317 0.050000 0.236456
v 7.801871 0.050000 0.236456
v 7.797685 0.050000 0.276015
v 8.048238 0.050000 0.276015
v 8.045247 0.050000 0.330293
v 7.791705 0.050000 0.330293
v 7.743270 0.050000 0.777395
v 7.611714 0.050000 0.777395
v 8.111025 0.050000 0.777395
v 7.825191 0.050000 0.748876
v 7.828182 0.050000 0.694598
v 8.114015 0.050000 0.723117
v 8.103848 0.050000 0.492206
v 7.850904 0.050000 0.492206
v 7.853895 0.050000 0.438848
v 8.106839 0.050000 0.438848
v 8.140924 0.050000 0.236456
v 8.135541 0.050000 0.326613
v 8.109828 0.050000 0.326613
v 8.115211 0.050000 0.236456
v 8.096075 0.050000 0.236456
v 8.091291 0.050000 0.326613
v 8.065578 0.050000 0.326613
v 8.070362 0.050000 0.236456
v 7.073536 0.050000 0.291654
v 7.014337 0.050000 0.291654
v 7.017327 0.050000 0.236456
v 7.208081 0.050000 0.236456
v 7.208081 0.050000 0.225417
v 7.322892 0.050000 0.225417
v 7.322892 0.050000 0.236456
v 7.514843 0.050000 0.236456
v 7.511853 0.050000 0.291654
v 7.449663 0.050000 0.291654
v 7.444282 0.050000 0.321093
v 7.527999 0.050000 0.321093
v 7.525008 0.050000 0.376291
v 6.989222 0.050000 0.376291
v 6.992211 0.050000 0.321093
v 7.074733 0.050000 0.321093
v 7.033473 0.050000 0.630201
v 7.020915 0.050000 0.630201
v 7.034070 0.050000 0.393770
v 7.046029 0.050000 0.393770
v 7.148881 0.050000 0.393770
v 7.361761 0.050000 0.393770
v 7.467006 0.050000 0.393770
v 7.476573 0.050000 0.393770
v 7.463417 0.050000 0.630201
v 7.454448 0.050000 0.630201
v 7.348605 0.050000 0.630201
v 7.135726 0.050000 0.630201
v 7.076527 0.050000 0.777395
v 6.976067 0.050000 0.777395
v 7.001780 0.050000 0.648600
v 7.102240 0.050000 0.648600
v 7.138716 0.050000 0.777395
v 7.133932 0.050000 0.777395
v 7.140511 0.050000 0.648600
v 7.245753 0.050000 0.648600
v 7.242166 0.050000 0.722197
v 7.497501 0.050000 0.722197
v 7.494513 0.050000 0.777395
v 7.239177 0.050000 0.777395
v 7.356379 0.050000 0.707478
v 7.270270 0.050000 0.707478
v 7.264890 0.050000 0.648600
v 7.350997 0.050000 0.648600
v 7.475975 0.050000 0.707478
v 7.389867 0.050000 0.707478
v 7.384484 0.050000 0.648600
v 7.470593 0.050000 0.648600
v 7.334852 0.050000 0.291654
v 7.188348 0.050000 0.291654
v 7.189545 0.050000 0.321093
v 7.329471 0.050000 0.321093
v 7.145892 0.050000 0.448968
v 7.144098 0.050000 0.483007
v 7.356977 0.050000 0.483007
v 7.358771 0.050000 0.448968
v 7.141108 0.050000 0.538204
v 7.138716 0.050000 0.575003
v 7.351596 0.050000 0.575003
v 7.353988 0.050000 0.538204
v 6.642396 0.050000 0.777395
v 6.509646 0.050000 0.777395
v 6.512635 0.050000 0.722197
v 6.645387 0.050000 0.722197
v 6.656151 0.050000 0.530845
v 6.537750 0.050000 0.530845
v 6.540741 0.050000 0.475647
v 6.659140 0.050000 0.475647
v 6.667512 0.050000 0.332133
v 6.535359 0.050000 0.332133
v 6.538348 0.050000 0.276935
v 6.668707 0.050000 0.276935
v 6.659738 0.050000 0.225417
v 6.779333 0.050000 0.225417
v 6.788302 0.050000 0.276935
v 6.790096 0.050000 0.276935
v 6.919260 0.050000 0.276935
v 6.916269 0.050000 0.332133
v 6.787107 0.050000 0.332133
v 6.778734 0.050000 0.475647
v 6.892949 0.050000 0.475647
v 6.889958 0.050000 0.530845
v 6.775745 0.050000 0.530845
v 6.764982 0.050000 0.722197
v 6.893547 0.050000 0.722197
v 6.890556 0.050000 0.777395
v 6.761992 0.050000 0.777395
v 6.514429 0.050000 0.310053
v 6.382277 0.050000 0.280615
v 6.385266 0.050000 0.225417
v 6.517420 0.050000 0.254856
v 6.506656 0.050000 0.447128
v 6.374503 0.050000 0.417689
v 6.377493 0.050000 0.362491
v 6.509646 0.050000 0.391930
v 6.448653 0.050000 0.777395
v 6.352976 0.050000 0.777395
v 6.407392 0.050000 0.519805
v 6.503068 0.050000 0.519805
v 6.205276 0.050000 0.315573
v 5.905092 0.050000 0.290734
v 5.908083 0.050000 0.236456
v 6.208266 0.050000 0.261295
v 6.244145 0.050000 0.777395
v 5.790879 0.050000 0.777395
v 5.793868 0.050000 0.723117
v 6.111993 0.050000 0.723117
v 6.123354 0.050000 0.535444
v 5.786693 0.050000 0.546484
v 5.799850 0.050000 0.341332
v 5.935590 0.050000 0.341332
v 5.927815 0.050000 0.488526
v 6.262084 0.050000 0.478407
v 5.240742 0.050000 0.357892
v 5.159416 0.050000 0.357892
v 5.161809 0.050000 0.303614
v 5.252104 0.050000 0.303614
v 5.265856 0.050000 0.235536
v 5.387844 0.050000 0.235536
v 5.374090 0.050000 0.303614
v 5.566041 0.050000 0.303614
v 5.539729 0.050000 0.777395
v 5.417743 0.050000 0.777395
v 5.441064 0.050000 0.357892
v 5.362729 0.050000 0.357892
v 5.277219 0.050000 0.777395
v 5.155231 0.050000 0.777395
v 5.665305 0.050000 0.709317
v 5.589960 0.050000 0.709317
v 5.588166 0.050000 0.278775
v 5.663511 0.050000 0.278775
v 4.862821 0.050000 0.305454
v 4.614661 0.050000 0.305454
v 4.617651 0.050000 0.251176
v 5.012914 0.050000 0.251176
v 4.949529 0.050000 0.438848
v 5.048793 0.050000 0.438848
v 5.029058 0.050000 0.777395
v 4.569215 0.050000 0.777395
v 4.580577 0.050000 0.572243
v 4.834717 0.050000 0.572243
v 4.826344 0.050000 0.723117
v 4.901092 0.050000 0.723117
v 4.914247 0.050000 0.492206
v 4.556658 0.050000 0.492206
v 4.559648 0.050000 0.438848
v 4.817973 0.050000 0.438848
v 4.670872 0.050000 0.626521
v 4.737844 0.050000 0.626521
v 4.732462 0.050000 0.723117
v 4.666087 0.050000 0.723117
v 4.096815 0.050000 0.777395
v 3.965260 0.050000 0.777395
v 3.974827 0.050000 0.607202
v 3.918019 0.050000 0.631121
v 3.921607 0.050000 0.570403
v 3.978415 0.050000 0.546484
v 3.989179 0.050000 0.356972
v 3.934165 0.050000 0.356972
v 3.937156 0.050000 0.303614
v 3.992766 0.050000 0.303614
v 3.996355 0.050000 0.236456
v 4.127910 0.050000 0.236456
v 4.120734 0.050000 0.363411
v 4.303714 0.050000 0.303614
v 4.425702 0.050000 0.303614
v 4.399989 0.050000 0.723117
v 4.438857 0.050000 0.723117
v 4.435866 0.050000 0.777395
v 4.275012 0.050000 0.777395
v 4.298931 0.050000 0.379051
v 4.116548 0.050000 0.435168
v 3.343963 0.050000 0.387330
v 3.315858 0.050000 0.387330
v 3.318848 0.050000 0.332133
v 3.346952 0.050000 0.332133
v 3.352932 0.050000 0.225417
v 3.467744 0.050000 0.225417
v 3.461763 0.050000 0.332133
v 3.548470 0.050000 0.332133
v 3.545481 0.050000 0.387330
v 3.458177 0.050000 0.387330
v 3.444423 0.050000 0.633880
v 3.494055 0.050000 0.633880
v 3.491064 0.050000 0.689078
v 3.326621 0.050000 0.689078
v 3.583153 0.050000 0.295334
v 3.522160 0.050000 0.295334
v 3.525149 0.050000 0.240136
v 3.594515 0.050000 0.240136
v 3.704542 0.050000 0.240136
v 3.745204 0.050000 0.240136
v 3.855232 0.050000 0.240136
v 3.823540 0.050000 0.777395
v 3.713512 0.050000 0.777395
v 3.742215 0.050000 0.295334
v 3.693181 0.050000 0.295334
v 3.596309 0.050000 0.777395
v 3.486280 0.050000 0.777395
v 2.887109 0.050000 0.482087
v 3.196262 0.050000 0.777395
v 3.010890 0.050000 0.777395
v 2.720274 0.050000 0.484846
v 3.076667 0.050000 0.236456
v 3.233337 0.050000 0.236456
v 2.119308 0.050000 0.545564
v 2.106750 0.050000 0.545564
v 2.124689 0.050000 0.236456
v 2.135453 0.050000 0.236456
v 2.244285 0.050000 0.236456
v 2.485867 0.050000 0.236456
v 2.597091 0.050000 0.236456
v 2.605462 0.050000 0.236456
v 2.587523 0.050000 0.545564
v 2.580945 0.050000 0.545564
v 2.467928 0.050000 0.545564
v 2.411119 0.050000 0.545564
v 2.406934 0.050000 0.619161
v 2.614431 0.050000 0.619161
v 2.611442 0.050000 0.674359
v 2.403944 0.050000 0.674359
v 2.398562 0.050000 0.777395
v 2.274183 0.050000 0.777395
v 2.279565 0.050000 0.674359
v 2.075655 0.050000 0.674359
v 2.078645 0.050000 0.619161
v 2.282555 0.050000 0.619161
v 2.286741 0.050000 0.545564
v 2.226345 0.050000 0.545564
v 2.241295 0.050000 0.291654
v 2.237108 0.050000 0.361571
v 2.478691 0.050000 0.361571
v 2.482877 0.050000 0.291654
v 2.234118 0.050000 0.416769
v 2.229335 0.050000 0.490366
v 2.470918 0.050000 0.490366
v 2.475701 0.050000 0.416769
v 1.566777 0.050000 0.357892
v 1.485453 0.050000 0.357892
v 1.488442 0.050000 0.303614
v 1.578139 0.050000 0.303614
v 1.591893 0.050000 0.235536
v 1.713880 0.050000 0.235536
v 1.700127 0.050000 0.303614
v 1.892076 0.050000 0.303614
v 1.865766 0.050000 0.777395
v 1.743778 0.050000 0.777395
v 1.767099 0.050000 0.357892
v 1.688765 0.050000 0.357892
v 1.603254 0.050000 0.777395
v 1.481267 0.050000 0.777395
v 1.991939 0.050000 0.709317
v 1.915996 0.050000 0.709317
v 1.914800 0.050000 0.326613
v 1.941709 0.050000 0.326613
v 1.947090 0.050000 0.236456
v 1.972803 0.050000 0.236456
v 1.968019 0.050000 0.326613
v 1.986556 0.050000 0.326613
v 1.991939 0.050000 0.236456
v 2.017652 0.050000 0.236456
v 2.012269 0.050000 0.326613
v 1.990145 0.050000 0.326613
v 0.884487 0.050000 0.515205
v 0.876115 0.050000 0.515205
v 0.891064 0.050000 0.240136
v 0.900034 0.050000 0.240136
v 0.996308 0.050000 0.240136
v 1.083014 0.050000 0.240136
v 1.197826 0.050000 0.240136
v 1.285728 0.050000 0.240136
v 1.383199 0.050000 0.240136
v 1.390973 0.050000 0.240136
v 1.376023 0.050000 0.515205
v 1.367651 0.050000 0.515205
v 1.270780 0.050000 0.515205
v 1.182877 0.050000 0.515205
v 1.180485 0.050000 0.552924
v 1.391570 0.050000 0.552924
v 1.388580 0.050000 0.608122
v 1.182877 0.050000 0.608122
v 1.383199 0.050000 0.700118
v 1.379013 0.050000 0.777395
v 1.173907 0.050000 0.682639
v 1.168525 0.050000 0.777395
v 1.053714 0.050000 0.777395
v 1.059095 0.050000 0.683559
v 0.843226 0.050000 0.777395
v 0.847413 0.050000 0.700118
v 1.059095 0.050000 0.608122
v 0.853392 0.050000 0.608122
v 0.856381 0.050000 0.552924
v 1.065673 0.050000 0.552924
v 1.068065 0.050000 0.515205
v 0.981359 0.050000 0.515205
v 0.993319 0.050000 0.295334
v 0.990328 0.050000 0.351452
v 1.077035 0.050000 0.351452
v 1.080025 0.050000 0.295334
v 0.987339 0.050000 0.406650
v 0.984349 0.050000 0.460007
v 1.071055 0.050000 0.460007
v 1.074046 0.050000 0.406650
v 1.273769 0.050000 0.460007
v 1.276759 0.050000 0.406650
v 1.188857 0.050000 0.406650
v 1.185866 0.050000 0.460007
v 1.279749 0.050000 0.351452
v 1.282739 0.050000 0.295334
v 1.194836 0.050000 0.295334
v 1.191846 0.050000 0.351452
v 0.521515 0.050000 0.320173
v 0.256014 0.050000 0.320173
v 0.259004 0.050000 0.264975
v 0.344514 0.050000 0.264975
v 0.346906 0.050000 0.225417
v 0.452150 0.050000 0.225417
v 0.449759 0.050000 0.264975
v 0.524505 0.050000 0.264975
v 0.269169 0.050000 0.449888
v 0.248838 0.050000 0.449888
v 0.290099 0.050000 0.339492
v 0.380991 0.050000 0.339492
v 0.342721 0.050000 0.442528
v 0.361856 0.050000 0.442528
v 0.381588 0.050000 0.488526
v 0.404910 0.050000 0.442528
v 0.428829 0.050000 0.442528
v 0.402518 0.050000 0.339492
v 0.488626 0.050000 0.339492
v 0.516731 0.050000 0.449888
v 0.501782 0.050000 0.449888
v 0.427035 0.050000 0.594322
v 0.488029 0.050000 0.736916
v 0.392353 0.050000 0.736916
v 0.374413 0.050000 0.695518
v 0.332555 0.050000 0.777395
v 0.232094 0.050000 0.777395
v 0.328967 0.050000 0.589722
v 0.567560 0.050000 0.324773
v 0.532279 0.050000 0.324773
v 0.535269 0.050000 0.269575
v 0.575931 0.050000 0.269575
v 0.583107 0.050000 0.225417
v 0.678783 0.050000 0.225417
v 0.671607 0.050000 0.269575
v 0.697918 0.050000 0.269575
v 0.793594 0.050000 0.269575
v 0.761901 0.050000 0.777395
v 0.666225 0.050000 0.777395
v 0.694330 0.050000 0.324773
v 0.663236 0.050000 0.324773
v 0.592077 0.050000 0.777395
v 0.496400 0.050000 0.777395
v 0.180668 0.050000 0.236456
v 0.175287 0.050000 0.326613
v 0.149574 0.050000 0.326613
v 0.154955 0.050000 0.236456
v 0.135820 0.050000 0.236456
v 0.131037 0.050000 0.326613
v 0.105324 0.050000 0.326613
v 0.110107 0.050000 0.236456
v 0.129242 0.050000 0.777395
v -0.348540 0.050000 0.777395
v -0.332993 0.050000 0.495886
v -0.328807 0.050000 0.495886
v -0.218181 0.050000 0.467367
v -0.279773 0.050000 0.236456
v -0.148816 0.050000 0.236456
v -0.094998 0.050000 0.436088
v 0.148378 0.050000 0.373531
v 0.145388 0.050000 0.427809
v -0.202634 0.050000 0.517045
v -0.213995 0.050000 0.723117
v 0.132233 0.050000 0.723117
v -0.612247 0.050000 0.300854
v -0.799414 0.050000 0.300854
v -0.796424 0.050000 0.246576
v -0.432855 0.050000 0.246576
v -0.435844 0.050000 0.300854
v -0.495044 0.050000 0.300854
v -0.501024 0.050000 0.401130
v -0.441226 0.050000 0.401130
v -0.444216 0.050000 0.455408
v -0.504014 0.050000 0.455408
v -0.510592 0.050000 0.568563
v -0.450794 0.050000 0.568563
v -0.453784 0.050000 0.621921
v -0.513582 0.050000 0.621921
v -0.522552 0.050000 0.777395
v -0.810776 0.050000 0.777395
v -0.799414 0.050000 0.568563
v -0.627795 0.050000 0.568563
v -0.621217 0.050000 0.455408
v -0.807786 0.050000 0.455408
v -0.804796 0.050000 0.401130
v -0.618227 0.050000 0.401130
v -0.848448 0.050000 0.777395
v -0.980003 0.050000 0.777395
v -0.948908 0.050000 0.236456
v -0.817354 0.050000 0.236456
v -0.704934 0.050000 0.723117
v -0.636765 0.050000 0.723117
v -0.630785 0.050000 0.621921
v -0.698954 0.050000 0.621921
v -1.260453 0.050000 0.305454
v -1.508613 0.050000 0.305454
v -1.505624 0.050000 0.251176
v -1.110361 0.050000 0.251176
v -1.173747 0.050000 0.438848
v -1.074482 0.050000 0.438848
v -1.094216 0.050000 0.777395
v -1.554060 0.050000 0.777395
v -1.542698 0.050000 0.572243
v -1.288558 0.050000 0.572243
v -1.296930 0.050000 0.723117
v -1.222183 0.050000 0.723117
v -1.209027 0.050000 0.492206
v -1.566617 0.050000 0.492206
v -1.563627 0.050000 0.438848
v -1.305302 0.050000 0.438848
v -1.452404 0.050000 0.626521
v -1.385430 0.050000 0.626521
v -1.390812 0.050000 0.723117
v -1.457187 0.050000 0.723117
v -2.026461 0.050000 0.777395
v -2.158015 0.050000 0.777395
v -2.148448 0.050000 0.607202
v -2.205256 0.050000 0.631121
v -2.201668 0.050000 0.570403
v -2.144860 0.050000 0.546484
v -2.134097 0.050000 0.356972
v -2.189110 0.050000 0.356972
v -2.186120 0.050000 0.303614
v -2.130508 0.050000 0.303614
v -2.126921 0.050000 0.236456
v -1.995366 0.050000 0.236456
v -2.002542 0.050000 0.363411
v -1.819561 0.050000 0.303614
v -1.697574 0.050000 0.303614
v -1.723287 0.050000 0.723117
v -1.684419 0.050000 0.723117
v -1.687408 0.050000 0.777395
v -1.848264 0.050000 0.777395
v -1.824345 0.050000 0.379051
v -2.006728 0.050000 0.435168
v -2.540122 0.050000 0.777395
v -2.543112 0.050000 0.777395
v -2.520389 0.050000 0.365251
v -2.539524 0.050000 0.365251
v -2.547298 0.050000 0.497726
v -2.564639 0.050000 0.497726
v -2.623839 0.050000 0.497726
v -2.657326 0.050000 0.497726
v -2.661511 0.050000 0.522565
v -2.620251 0.050000 0.522565
v -2.559258 0.050000 0.522565
v -2.546102 0.050000 0.522565
v -2.559856 0.050000 0.777395
v -2.634005 0.050000 0.777395
v -2.623241 0.050000 0.577763
v -2.669883 0.050000 0.577763
v -2.671677 0.050000 0.588802
v -2.633407 0.050000 0.588802
v -2.632809 0.050000 0.736916
v -2.671079 0.050000 0.736916
v -2.671079 0.050000 0.714837
v -2.753600 0.050000 0.722197
v -2.756590 0.050000 0.777395
v -2.830739 0.050000 0.777395
v -2.816387 0.050000 0.522565
v -2.805624 0.050000 0.522565
v -2.742238 0.050000 0.522565
v -2.723701 0.050000 0.522565
v -2.719515 0.050000 0.497726
v -2.736259 0.050000 0.497726
v -2.794860 0.050000 0.497726
v -2.812799 0.050000 0.497726
v -2.803232 0.050000 0.323853
v -2.726691 0.050000 0.323853
v -2.727887 0.050000 0.341332
v -2.706958 0.050000 0.350532
v -2.697390 0.050000 0.312813
v -2.803830 0.050000 0.312813
v -2.800840 0.050000 0.257616
v -2.718917 0.050000 0.257616
v -2.717123 0.050000 0.225417
v -2.616663 0.050000 0.225417
v -2.618457 0.050000 0.257616
v -2.532947 0.050000 0.257616
v -2.535936 0.050000 0.312813
v -2.625633 0.050000 0.312813
v -2.641778 0.050000 0.378131
v -2.617261 0.050000 0.389170
v -2.613673 0.050000 0.323853
v -2.537132 0.050000 0.323853
v -2.538926 0.050000 0.359731
v -2.504244 0.050000 0.225417
v -2.413352 0.050000 0.225417
v -2.425311 0.050000 0.272335
v -2.424115 0.050000 0.272335
v -2.393020 0.050000 0.272335
v -2.391824 0.050000 0.272335
v -2.380463 0.050000 0.225417
v -2.289570 0.050000 0.225417
v -2.300932 0.050000 0.272335
v -2.265651 0.050000 0.272335
v -2.268641 0.050000 0.327533
v -2.305118 0.050000 0.327533
v -2.309901 0.050000 0.412169
v -2.273425 0.050000 0.412169
v -2.276415 0.050000 0.467367
v -2.312891 0.050000 0.467367
v -2.317675 0.050000 0.552924
v -2.281199 0.050000 0.552924
v -2.284188 0.050000 0.608122
v -2.320665 0.050000 0.608122
v -2.327243 0.050000 0.722197
v -2.290766 0.050000 0.722197
v -2.293756 0.050000 0.777395
v -2.330233 0.050000 0.777395
v -2.421125 0.050000 0.777395
v -2.452220 0.050000 0.777395
v -2.427105 0.050000 0.327533
v -2.431889 0.050000 0.412169
v -2.400794 0.050000 0.412169
v -2.396010 0.050000 0.327533
v -2.434878 0.050000 0.467367
v -2.439662 0.050000 0.552924
v -2.408567 0.050000 0.552924
v -2.403784 0.050000 0.467367
v -2.442652 0.050000 0.608122
v -2.449230 0.050000 0.722197
v -2.418135 0.050000 0.722197
v -2.411558 0.050000 0.608122
v -2.620849 0.050000 0.442528
v -2.619653 0.050000 0.429649
v -2.651346 0.050000 0.415849
v -2.657923 0.050000 0.442528
v -2.733268 0.050000 0.442528
v -2.729681 0.050000 0.442528
v -2.715927 0.050000 0.388250
v -2.729681 0.050000 0.382731
v -2.732073 0.050000 0.577763
v -2.745826 0.050000 0.666079
v -2.750610 0.050000 0.666999
v -2.745228 0.050000 0.577763
v -2.671677 0.050000 0.589722
v -2.683038 0.050000 0.661479
v -2.671677 0.050000 0.660559
v -2.979635 0.050000 0.315573
v -3.279819 0.050000 0.290734
v -3.276829 0.050000 0.236456
v -2.976645 0.050000 0.261295
v -2.940766 0.050000 0.777395
v -3.394032 0.050000 0.777395
v -3.391042 0.050000 0.723117
v -3.072919 0.050000 0.723117
v -3.061558 0.050000 0.535444
v -3.398218 0.050000 0.546484
v -3.385062 0.050000 0.341332
v -3.249322 0.050000 0.341332
v -3.257096 0.050000 0.488526
v -2.922827 0.050000 0.478407
v -3.944170 0.050000 0.357892
v -4.025495 0.050000 0.357892
v -4.023103 0.050000 0.303614
v -3.932808 0.050000 0.303614
v -3.919055 0.050000 0.235536
v -3.797068 0.050000 0.235536
v -3.810821 0.050000 0.303614
v -3.618871 0.050000 0.303614
v -3.645182 0.050000 0.777395
v -3.767169 0.050000 0.777395
v -3.743848 0.050000 0.357892
v -3.822183 0.050000 0.357892
v -3.907693 0.050000 0.777395
v -4.029680 0.050000 0.777395
v -3.519607 0.050000 0.709317
v -3.594952 0.050000 0.709317
v -3.596746 0.050000 0.278775
v -3.521401 0.050000 0.278775
v -4.497298 0.050000 0.777395
v -4.630647 0.050000 0.777395
v -4.599552 0.050000 0.225417
v -4.465605 0.050000 0.225417
v -4.478163 0.050000 0.446208
v -4.140904 0.050000 0.446208
v -4.143894 0.050000 0.501406
v -4.481153 0.050000 0.501406
v -5.119193 0.050000 0.571323
v -5.228623 0.050000 0.571323
v -5.227427 0.050000 0.361571
v -5.117399 0.050000 0.361571
v -4.824391 0.050000 0.777395
v -4.953554 0.050000 0.777395
v -4.863259 0.050000 0.361571
v -4.734097 0.050000 0.361571
v -4.956543 0.050000 0.571323
v -5.065973 0.050000 0.571323
v -5.064777 0.050000 0.361571
v -4.954750 0.050000 0.361571
v -5.472597 0.050000 0.777395
v -5.606544 0.050000 0.777395
v -5.539570 0.050000 0.346852
v -5.714777 0.050000 0.346852
v -5.733315 0.050000 0.501406
v -5.867261 0.050000 0.501406
v -5.834373 0.050000 0.229097
v -5.700426 0.050000 0.229097
v -5.708200 0.050000 0.291654
v -5.327887 0.050000 0.291654
v -5.330876 0.050000 0.346852
v -5.405623 0.050000 0.346852
v -5.980278 0.050000 0.777395
v -6.493940 0.050000 0.777395
v -6.462845 0.050000 0.254856
v -5.948586 0.050000 0.254856
v -6.085523 0.050000 0.310053
v -6.332487 0.050000 0.310053
v -6.357004 0.050000 0.722197
v -6.110638 0.050000 0.722197
v 7.660151 -0.050000 0.330293
v 7.618891 -0.050000 0.330293
v 7.621881 -0.050000 0.276015
v 7.666131 -0.050000 0.276015
v 7.670317 -0.050000 0.236456
v 7.801871 -0.050000 0.236456
v 7.797685 -0.050000 0.276015
v 8.048238 -0.050000 0.276015
v 8.045247 -0.050000 0.330293
v 7.791705 -0.050000 0.330293
v 7.743270 -0.050000 0.777395
v 7.611714 -0.050000 0.777395
v 8.111025 -0.050000 0.777395
v 7.825191 -0.050000 0.748876
v 7.828182 -0.050000 0.694598
v 8.114015 -0.050000 0.723117
v 8.103848 -0.050000 0.492206
v 7.850904 -0.050000 0.492206
v 7.853895 -0.050000 0.438848
v 8.106839 -0.050000 0.438848
v 8.140924 -0.050000 0.236456
v 8.135541 -0.050000 0.326613
v 8.109828 -0.050000 0.326613
v 8.115211 -0.050000 0.236456
v 8.096075 -0.050000 0.236456
v 8.091291 -0.050000 0.326613
v 8.065578 -0.050000 0.326613
v 8.070362 -0.050000 0.236456
v 7.073536 -0.050000 0.291654
v 7.014337 -0.050000 0.291654
v 7.017327 -0.050000 0.236456
v 7.208081 -0.050000 0.236456
v 7.208081 -0.050000 0.225417
v 7.322892 -0.050000 0.225417
v 7.322892 -0.050000 0.236456
v 7.514843 -0.050000 0.236456
v 7.511853 -0.050000 0.291654
v 7.449663 -0.050000 0.291654
v 7.444282 -0.050000 0.321093
v 7.527999 -0.050000 0.321093
v 7.525008 -0.050000 0.376291
v 6.989222 -0.050000 0.376291
v 6.992211 -0.050000 0.321093
v 7.074733 -0.050000 0.321093
v 7.033473 -0.050000 0.630201
v 7.020915 -0.050000 0.630201
v 7.034070 -0.050000 0.393770
v 7.046029 -0.050000 0.393770
v 7.148881 -0.050000 0.393770
v 7.361761 -0.050000 0.393770
v 7.467006 -0.050000 0.393770
v 7.476573 -0.050000 0.393770
v 7.463417 -0.050000 0.630201
v 7.454448 -0.050000 0.630201
v 7.348605 -0.050000 0.630201
v 7.135726 -0.050000 0.630201
v 7.076527 -0.050000 0.777395
v 6.976067 -0.050000 0.777395
v 7.001780 -0.050000 0.648600
v 7.102240 -0.050000 0.648600
v 7.138716 -0.050000 0.777395
v 7.133932 -0.050000 0.777395
v 7.140511 -0.050000 0.648600
v 7.245753 -0.050000 0.648600
v 7.242166 -0.050000 0.722197
v 7.497501 -0.050000 0.722197
v 7.494513 -0.050000 0.777395
v 7.239177 -0.050000 0.777395
v 7.356379 -0.050000 0.707478
v 7.270270 -0.050000 0.707478
v 7.264890 -0.050000 0.648600
v 7.350997 -0.050000 0.648600
v 7.475975 -0.050000 0.707478
v 7.389867 -0.050000 0.707478
v 7.384484 -0.050000 0.648600
v 7.470593 -0.050000 0.648600
v 7.334852 -0.050000 0.291654
v 7.188348 -0.050000 0.291654
v 7.189545 -0.050000 0.321093
v 7.329471 -0.050000 0.321093
v 7.145892 -0.050000 0.448968
v 7.144098 -0.050000 0.483007
v 7.356977 -0.050000 0.483007
v 7.358771 -0.050000 0.448968
v 7.141108 -0.050000 0.538204
v 7.138716 -0.050000 0.575003
v 7.351596 -0.050000 0.575003
v 7.353988 -0.050000 0.538204
v 6.642396 -0.050000 0.777395
v 6.509646 -0.050000 0.777395
v 6.512635 -0.050000 0.722197
v 6.645387 -0.050000 0.722197
v 6.656151 -0.050000 0.530845
v 6.537750 -0.050000 0.530845
v 6.540741 -0.050000 0.475647
v 6.659140 -0.050000 0.475647
v 6.667512 -0.050000 0.332133
v 6.535359 -0.050000 0.332133
v 6.538348 -0.050000 0.276935
v 6.668707 -0.050000 0.276935
v 6.659738 -0.050000 0.225417
v 6.779333 -0.050000 0.225417
v 6.788302 -0.050000 0.276935
v 6.790096 -0.050000 0.276935
v 6.919260 -0.050000 0.276935
v 6.916269 -0.050000 0.332133
v 6.787107 -0.050000 0.332133
v 6.778734 -0.050000 0.475647
v 6.892949 -0.050000 0.475647
v 6.889958 -0.050000 0.530845
v 6.775745 -0.050000 0.530845
v 6.764982 -0.050000 0.722197
v 6.893547 -0.050000 0.722197
v 6.890556 -0.050000 0.777395
v 6.761992 -0.050000 0.777395
v 6.514429 -0.050000 0.310053
v 6.382277 -0.050000 0.280615
v 6.385266 -0.050000 0.225417
v 6.517420 -0.050000 0.254856
v 6.506656 -0.050000 0.447128
v 6.374503 -0.050000 0.417689
v 6.377493 -0.050000 0.362491
v 6.509646 -0.050000 0.391930
v 6.448653 -0.050000 0.777395
v 6.352976 -0.050000 0.777395
v 6.407392 -0.050000 0.519805
v 6.503068 -0.050000 0.519805
v 6.205276 -0.050000 0.315573
v 5.905092 -0.050000 0.290734
v 5.908083 -0.050000 0.236456
v 6.208266 -0.050000 0.261295
v 6.244145 -0.050000 0.777395
v 5.790879 -0.050000 0.777395
v 5.793868 -0.050000 0.723117
v 6.111993 -0.050000 0.723117
v 6.123354 -0.050000 0.535444
v 5.786693 -0.050000 0.546484
v 5.799850 -0.050000 0.341332
v 5.935590 -0.050000 0.341332
v 5.927815 -0.050000 0.488526
v 6.262084 -0.050000 0.478407
v 5.240742 -0.050000 0.357892
v 5.159416 -0.050000 0.357892
v 5.161809 -0.050000 0.303614
v 5.252104 -0.050000 0.303614
v 5.265856 -0.050000 0.235536
v 5.387844 -0.050000 0.235536
v 5.374090 -0.050000 0.303614
v 5.566041 -0.050000 0.303614
v 5.539729 -0.050000 0.777395
v 5.417743 -0.050000 0.777395
v 5.441064 -0.050000 0.357892
v 5.362729 -0.050000 0.357892
v 5.277219 -0.050000 0.777395
v 5.155231 -0.050000 0.777395
v 5.665305 -0.050000 0.709317
v 5.589960 -0.050000 0.709317
v 5.588166 -0.050000 0.278775
v 5.663511 -0.050000 0.278775
v 4.862821 -0.050000 0.305454
v 4.614661 -0.050000 0.305454
v 4.617651 -0.050000 0.251176
v 5.012914 -0.050000 0.251176
v 4.949529 -0.050000 0.438848
v 5.048793 -0.050000 0.438848
v 5.029058 -0.050000 0.777395
v 4.569215 -0.050000 0.777395
v 4.580577 -0.050000 0.572243
v 4.834717 -0.050000 0.572243
v 4.826344 -0.050000 0.723117
v 4.901092 -0.050000 0.723117
v 4.914247 -0.050000 0.492206
v 4.556658 -0.050000 0.492206
v 4.559648 -0.050000 0.438848
v 4.817973 -0.050000 0.438848
v 4.670872 -0.050000 0.626521
v 4.737844 -0.050000 0.626521
v 4.732462 -0.050000 0.723117
v 4.666087 -0.050000 0.723117
v 4.096815 -0.050000 0.777395
v 3.965260 -0.050000 0.777395
v 3.974827 -0.050000 0.607202
v 3.918019 -0.050000 0.631121
v 3.921607 -0.050000 0.570403
v 3.978415 -0.050000 0.546484
v 3.989179 -0.050000 0.356972
v 3.934165 -0.050000 0.356972
v 3.937156 -0.050000 0.303614
v 3.992766 -0.050000 0.303614
v 3.996355 -0.050000 0.236456
v 4.127910 -0.050000 0.236456
v 4.120734 -0.050000 0.363411
v 4.303714 -0.050000 0.303614
v 4.425702 -0.050000 0.303614
v 4.399989 -0.050000 0.723117
v 4.438857 -0.050000 0.723117
v 4.435866 -0.050000 0.777395
v 4.275012 -0.050000 0.777395
v 4.298931 -0.050000 0.379051
v 4.116548 -0.050000 0.435168
v 3.343963 -0.050000 0.387330
v 3.315858 -0.050000 0.387330
v 3.318848 -0.050000 0.332133
v 3.346952 -0.050000 0.332133
v 3.352932 -0.050000 0.225417
v 3.467744 -0.050000 0.225417
v 3.461763 -0.050000 0.332133
v 3.548470 -0.050000 0.332133
v 3.545481 -0.050000 0.387330
v 3.458177 -0.050000 0.387330
v 3.444423 -0.050000 0.633880
v 3.494055 -0.050000 0.633880
v 3.491064 -0.050000 0.689078
v 3.326621 -0.050000 0.689078
v 3.583153 -0.050000 0.295334
v 3.522160 -0.050000 0.295334
v 3.525149 -0.050000 0.240136
v 3.594515 -0.050000 0.240136
v 3.704542 -0.050000 0.240136
v 3.745204 -0.050000 0.240136
v 3.855232 -0.050000 0.240136
v 3.823540 -0.050000 0.777395
v 3.713512 -0.050000 0.777395
v 3.742215 -0.050000 0.295334
v 3.693181 -0.050000 0.295334
v 3.596309 -0.050000 0.777395
v 3.486280 -0.050000 0.777395
v 2.887109 -0.050000 0.482087
v 3.196262 -0.050000 0.777395
v 3.010890 -0.050000 0.777395
v 2.720274 -0.050000 0.484846
v 3.076667 -0.050000 0.236456
v 3.233337 -0.050000 0.236456
v 2.119308 -0.050000 0.545564
v 2.106750 -0.050000 0.545564
v 2.124689 -0.050000 0.236456
v 2.135453 -0.050000 0.236456
v 2.244285 -0.050000 0.236456
v 2.485867 -0.050000 0.236456
v 2.597091 -0.050000 0.236456
v 2.605462 -0.050000 0.236456
v 2.587523 -0.050000 0.545564
v 2.580945 -0.050000 0.545564
v 2.467928 -0.050000 0.545564
v 2.411119 -0.050000 0.545564
v 2.406934 -0.050000 0.619161
v 2.614431 -0.050000 0.619161
v 2.611442 -0.050000 0.674359
v 2.403944 -0.050000 0.674359
v 2.398562 -0.050000 0.777395
v 2.274183 -0.050000 0.777395
v 2.279565 -0.050000 0.674359
v 2.075655 -0.050000 0.674359
v 2.078645 -0.050000 0.619161
v 2.282555 -0.050000 0.619161
v 2.286741 -0.050000 0.545564
v 2.226345 -0.050000 0.545564
v 2.241295 -0.050000 0.291654
v 2.237108 -0.050000 0.361571
v 2.478691 -0.050000 0.361571
v 2.482877 -0.050000 0.291654
v 2.234118 -0.050000 0.416769
v 2.229335 -0.050000 0.490366
v 2.470918 -0.050000 0.490366
v 2.475701 -0.050000 0.416769
v 1.566777 -0.050000 0.357892
v 1.485453 -0.050000 0.357892
v 1.488442 -0.050000 0.303614
v 1.578139 -0.050000 0.303614
v 1.591893 -0.050000 0.235536
v 1.713880 -0.050000 0.235536
v 1.700127 -0.050000 0.303614
v 1.892076 -0.050000 0.303614
v 1.865766 -0.050000 0.777395
v 1.743778 -0.050000 0.777395
v 1.767099 -0.050000 0.357892
v 1.688765 -0.050000 0.357892
v 1.603254 -0.050000 0.777395
v 1.481267 -0.050000 0.777395
v 1.991939 -0.050000 0.709317
v 1.915996 -0.050000 0.709317
v 1.914800 -0.050000 0.326613
v 1.941709 -0.050000 0.326613
v 1.947090 -0.050000 0.236456
v 1.972803 -0.050000 0.236456
v 1.968019 -0.050000 0.326613
v 1.986556 -0.050000 0.326613
v 1.991939 -0.050000 0.236456
v 2.017652 -0.050000 0.236456
v 2.012269 -0.050000 0.326613
v 1.990145 -0.050000 0.326613
v 0.884487 -0.050000 0.515205
v 0.876115 -0.050000 0.515205
v 0.891064 -0.050000 0.240136
v 0.900034 -0.050000 0.240136
v 0.996308 -0.050000 0.240136
v 1.083014 -0.050000 0.240136
v 1.197826 -0.050000 0.240136
v 1.285728 -0.050000 0.240136
v 1.383199 -0.050000 0.240136
v 1.390973 -0.050000 0.240136
v 1.376023 -0.050000 0.515205
v 1.367651 -0.050000 0.515205
v 1.270780 -0.050000 0.515205
v 1.182877 -0.050000 0.515205
v 1.180485 -0.050000 0.552924
v 1.391570 -0.050000 0.552924
v 1.388580 -0.050000 0.608122
v 1.182877 -0.050000 0.608122
v 1.383199 -0.050000 0.700118
v 1.379013 -0.050000 0.777395
v 1.173907 -0.050000 0.682639
v 1.168525 -0.050000 0.777395
v 1.053714 -0.050000 0.777395
v 1.059095 -0.050000 0.683559
v 0.843226 -0.050000 0.777395
v 0.847413 -0.050000 0.700118
v 1.059095 -0.050000 0.608122
v 0.853392 -0.050000 0.608122
v 0.856381 -0.050000 0.552924
v 1.065673 -0.050000 0.552924
v 1.068065 -0.050000 0.515205
v 0.981359 -0.050000 0.515205
v 0.993319 -0.050000 0.295334
v 0.990328 -0.050000 0.351452
v 1.077035 -0.050000 0.351452
v 1.080025 -0.050000 0.295334
v 0.987339 -0.050000 0.406650
v 0.984349 -0.050000 0.460007
v 1.071055 -0.050000 0.460007
v 1.074046 -0.050000 0.406650
v 1.273769 -0.050000 0.460007
v 1.276759 -0.050000 0.406650
v 1.188857 -0.050000 0.406650
v 1.185866 -0.050000 0.460007
v 1.279749 -0.050000 0.351452
v 1.282739 -0.050000 0.295334
v 1.194836 -0.050000 0.295334
v 1.191846 -0.050000 0.351452
v 0.521515 -0.050000 0.320173
v 0.256014 -0.050000 0.320173
v 0.259004 -0.050000 0.264975
v 0.344514 -0.050000 0.264975
v 0.346906 -0.050000 0.225417
v 0.452150 -0.050000 0.225417
v 0.449759 -0.050000 0.264975
v 0.524505 -0.050000 0.264975
v 0.269169 -0.050000 0.449888
v 0.248838 -0.050000 0.449888
v 0.290099 -0.050000 0.339492
v 0.380991 -0.050000 0.339492
v 0.342721 -0.050000 0.442528
v 0.361856 -0.050000 0.442528
v 0.381588 -0.050000 0.488526
v 0.404910 -0.050000 0.442528
v 0.428829 -0.050000 0.442528
v 0.402518 -0.050000 0.339492
v 0.488626 -0.050000 0.339492
v 0.516731 -0.050000 0.449888
v 0.501782 -0.050000 0.449888
v 0.427035 -0.050000 0.594322
v 0.488029 -0.050000 0.736916
v 0.392353 -0.050000 0.736916
v 0.374413 -0.050000 0.695518
v 0.332555 -0.050000 0.777395
v 0.232094 -0.050000 0.777395
v 0.328967 -0.050000 0.589722
v 0.567560 -0.050000 0.324773
v 0.532279 -0.050000 0.324773
v 0.535269 -0.050000 0.269575
v 0.575931 -0.050000 0.269575
v 0.583107 -0.050000 0.225417
v 0.678783 -0.050000 0.225417
v 0.671607 -0.050000 0.269575
v 0.697918 -0.050000 0.269575
v 0.793594 -0.050000 0.269575
v 0.761901 -0.050000 0.777395
v 0.666225 -0.050000 0.777395
v 0.694330 -0.050000 0.324773
v 0.663236 -0.050000 0.324773
v 0.592077 -0.050000 0.777395
v 0.496400 -0.050000 0.777395
v 0.180668 -0.050000 0.236456
v 0.175287 -0.050000 0.326613
v 0.149574 -0.050000 0.326613
v 0.154955 -0.050000 0.236456
v 0.135820 -0.050000 0.236456
v 0.131037 -0.050000 0.326613
v 0.105324 -0.050000 0.326613
v 0.110107 -0.050000 0.236456
v 0.129242 -0.050000 0.777395
v -0.348540 -0.050000 0.777395
v -0.332993 -0.050000 0.495886
v -0.328807 -0.050000 0.495886
v -0.218181 -0.050000 0.467367
v -0.279773 -0.050000 0.236456
v -0.148816 -0.050000 0.236456
v -0.094998 -0.050000 0.436088
v 0.148378 -0.050000 0.373531
v 0.145388 -0.050000 0.427809
v -0.202634 -0.050000 0.517045
v -0.213995 -0.050000 0.723117
v 0.132233 -0.050000 0.723117
v -0.612247 -0.050000 0.300854
v -0.799414 -0.050000 0.300854
v -0.796424 -0.050000 0.246576
v -0.432855 -0.050000 0.246576
v -0.435844 -0.050000 0.300854
v -0.495044 -0.050000 0.300854
v -0.501024 -0.050000 0.401130
v -0.441226 -0.050000 0.401130
v -0.444216 -0.050000 0.455408
v -0.504014 -0.050000 0.455408
v -0.510592 -0.050000 0.568563
v -0.450794 -0.050000 0.568563
v -0.453784 -0.050000 0.621921
v -0.513582 -0.050000 0.621921
v -0.522552 -0.050000 0.777395
v -0.810776 -0.050000 0.777395
v -0.799414 -0.050000 0.568563
v -0.627795 -0.050000 0.568563
v -0.621217 -0.050000 0.455408
v -0.807786 -0.050000 0.455408
v -0.804796 -0.050000 0.401130
v -0.618227 -0.050000 0.401130
v -0.848448 -0.050000 0.777395
v -0.980003 -0.050000 0.777395
v -0.948908 -0.050000 0.236456
v -0.817354 -0.050000 0.236456
v -0.704934 -0.050000 0.723117
v -0.636765 -0.050000 0.723117
v -0.630785 -0.050000 0.621921
v -0.698954 -0.050000 0.621921
v -1.260453 -0.050000 0.305454
v -1.508613 -0.050000 0.305454
v -1.505624 -0.050000 0.251176
v -1.110361 -0.050000 0.251176
v -1.173747 -0.050000 0.438848
v -1.074482 -0.050000 0.438848
v -1.094216 -0.050000 0.777395
v -1.554060 -0.050000 0.777395
v -1.542698 -0.050000 0.572243
v -1.288558 -0.050000 0.572243
v -1.296930 -0.050000 0.723117
v -1.222183 -0.050000 0.723117
v -1.209027 -0.050000 0.492206
v -1.566617 -0.050000 0.492206
v -1.563627 -0.050000 0.438848
v -1.305302 -0.050000 0.438848
v -1.452404 -0.050000 0.626521
v -1.385430 -0.050000 0.626521
v -1.390812 -0.050000 0.723117
v -1.457187 -0.050000 0.723117
v -2.026461 -0.050000 0.777395
v -2.158015 -0.050000 0.777395
v -2.148448 -0.050000 0.607202
v -2.205256 -0.050000 0.631121
v -2.201668 -0.050000 0.570403
v -2.144860 -0.050000 0.546484
v -2.134097 -0.050000 0.356972
v -2.189110 -0.050000 0.356972
v -2.186120 -0.050000 0.303614
v -2.130508 -0.050000 0.303614
v -2.126921 -0.050000 0.236456
v -1.995366 -0.050000 0.236456
v -2.002542 -0.050000 0.363411
v -1.819561 -0.050000 0.303614
v -1.697574 -0.050000 0.303614
v -1.723287 -0.050000 0.723117
v -1.684419 -0.050000 0.723117
v -1.687408 -0.050000 0.777395
v -1.848264 -0.050000 0.777395
v -1.824345 -0.050000 0.379051
v -2.006728 -0.050000 0.435168
v -2.540122 -0.050000 0.777395
v -2.543112 -0.050000 0.777395
v -2.520389 -0.050000 0.365251
v -2.539524 -0.050000 0.365251
v -2.547298 -0.050000 0.497726
v -2.564639 -0.050000 0.497726
v -2.623839 -0.050000 0.497726
v -2.657326 -0.050000 0.497726
v -2.661511 -0.050000 0.522565
v -2.620251 -0.050000 0.522565
v -2.559258 -0.050000 0.522565
v -2.546102 -0.050000 0.522565
v -2.559856 -0.050000 0.777395
v -2.634005 -0.050000 0.777395
v -2.623241 -0.050000 0.577763
v -2.669883 -0.050000 0.577763
v -2.671677 -0.050000 0.588802
v -2.633407 -0.050000 0.588802
v -2.632809 -0.050000 0.736916
v -2.671079 -0.050000 0.736916
v -2.671079 -0.050000 0.714837
v -2.753600 -0.050000 0.722197
v -2.756590 -0.050000 0.777395
v -2.830739 -0.050000 0.777395
v -2.816387 -0.050000 0.522565
v -2.805624 -0.050000 0.522565
v -2.742238 -0.050000 0.522565
v -2.723701 -0.050000 0.522565
v -2.719515 -0.050000 0.497726
v -2.736259 -0.050000 0.497726
v -2.794860 -0.050000 0.497726
v -2.812799 -0.050000 0.497726
v -2.803232 -0.050000 0.323853
v -2.726691 -0.050000 0.323853
v -2.727887 -0.050000 0.341332
v -2.706958 -0.050000 0.350532
v -2.697390 -0.050000 0.312813
v -2.803830 -0.050000 0.312813
v -2.800840 -0.050000 0.257616
v -2.718917 -0.050000 0.257616
v -2.717123 -0.050000 0.225417
v -2.616663 -0.050000 0.225417
v -2.618457 -0.050000 0.257616
v -2.532947 -0.050000 0.257616
v -2.535936 -0.050000 0.312813
v -2.625633 -0.050000 0.312813
v -2.641778 -0.050000 0.378131
v -2.617261 -0.050000 0.389170
v -2.613673 -0.050000 0.323853
v -2.537132 -0.050000 0.323853
v -2.538926 -0.050000 0.359731
v -2.504244 -0.050000 0.225417
v -2.413352 -0.050000 0.225417
v -2.425311 -0.050000 0.272335
v -2.424115 -0.050000 0.272335
v -2.393020 -0.050000 0.272335
v -2.391824 -0.050000 0.272335
v -2.380463 -0.050000 0.225417
v -2.289570 -0.050000 0.225417
v -2.300932 -0.050000 0.272335
v -2.265651 -0.050000 0.272335
v -2.268641 -0.050000 0.327533
v -2.305118 -0.050000 0.327533
v -2.309901 -0.050000 0.412169
v -2.273425 -0.050000 0.412169
v -2.276415 -0.050000 0.467367
v -2.312891 -0.050000 0.467367
v -2.317675 -0.050000 0.552924
v -2.281199 -0.050000 0.552924
v -2.284188 -0.050000 0.608122
v -2.320665 -0.050000 0.608122
v -2.327243 -0.050000 0.722197
v -2.290766 -0.050000 0.722197
v -2.293756 -0.050000 0.777395
v -2.330233 -0.050000 0.777395
v -2.421125 -0.050000 0.777395
v -2.452220 -0.050000 0.777395
v -2.427105 -0.050000 0.327533
v -2.431889 -0.050000 0.412169
v -2.400794 -0.050000 0.412169
v -2.396010 -0.050000 0.327533
v -2.434878 -0.050000 0.467367
v -2.439662 -0.050000 0.552924
v -2.408567 -0.050000 0.552924
v -2.403784 -0.050000 0.467367
v -2.442652 -0.050000 0.608122
v -2.449230 -0.050000 0.722197
v -2.418135 -0.050000 0.722197
v -2.411558 -0.050000 0.608122
v -2.620849 -0.050000 0.442528
v -2.619653 -0.050000 0.429649
v -2.651346 -0.050000 0.415849
v -2.657923 -0.050000 0.442528
v -2.733268 -0.050000 0.442528
v -2.729681 -0.050000 0.442528
v -2.715927 -0.050000 0.388250
v -2.729681 -0.050000 0.382731
v -2.732073 -0.050000 0.577763
v -2.745826 -0.050000 0.666079
v -2.750610 -0.050000 0.666999
v -2.745228 -0.050000 0.577763
v -2.671677 -0.050000 0.589722
v -2.683038 -0.050000 0.661479
v -2.671677 -0.050000 0.660559
v -2.979635 -0.050000 0.315573
v -3.279819 -0.050000 0.290734
v -3.276829 -0.050000 0.236456
v -2.976645 -0.050000 0.261295
v -2.940766 -0.050000 0.777395
v -3.394032 -0.050000 0.777395
v -3.391042 -0.050000 0.723117
v -3.072919 -0.050000 0.723117
v -3.061558 -0.050000 0.535444
v -3.398218 -0.050000 0.546484
v -3.385062 -0.050000 0.341332
v -3.249322 -0.050000 0.341332
v -3.257096 -0.050000 0.488526
v -2.922827 -0.050000 0.478407
v -3.944170 -0.050000 0.357892
v -4.025495 -0.050000 0.357892
v -4.023103 -0.050000 0.303614
v -3.932808 -0.050000 0.303614
v -3.919055 -0.050000 0.235536
v -3.797068 -0.050000 0.235536
v -3.810821 -0.050000 0.303614
v -3.618871 -0.050000 0.303614
v -3.645182 -0.050000 0.777395
v -3.767169 -0.050000 0.777395
v -3.743848 -0.050000 0.357892
v -3.822183 -0.050000 0.357892
v -3.907693 -0.050000 0.777395
v -4.029680 -0.050000 0.777395
v -3.519607 -0.050000 0.709317
v -3.594952 -0.050000 0.709317
v -3.596746 -0.050000 0.278775
v -3.521401 -0.050000 0.278775
v -4.497298 -0.050000 0.777395
v -4.630647 -0.050000 0.777395
v -4.599552 -0.050000 0.225417
v -4.465605 -0.050000 0.225417
v -4.478163 -0.050000 0.446208
v -4.140904 -0.050000 0.446208
v -4.143894 -0.050000 0.501406
v -4.481153 -0.050000 0.501406
v -5.119193 -0.050000 0.571323
v -5.228623 -0.050000 0.571323
v -5.227427 -0.050000 0.361571
v -5.117399 -0.050000 0.361571
v -4.824391 -0.050000 0.777395
v -4.953554 -0.050000 0.777395
v -4.863259 -0.050000 0.361571
v -4.734097 -0.050000 0.361571
v -4.956543 -0.050000 0.571323
v -5.065973 -0.050000 0.571323
v -5.064777 -0.050000 0.361571
v -4.954750 -0.050000 0.361571
v -5.472597 -0.050000 0.777395
v -5.606544 -0.050000 0.777395
v -5.539570 -0.050000 0.346852
v -5.714777 -0.050000 0.346852
v -5.733315 -0.050000 0.501406
v -5.867261 -0.050000 0.501406
v -5.834373 -0.050000 0.229097
v -5.700426 -0.050000 0.229097
v -5.708200 -0.050000 0.291654
v -5.327887 -0.050000 0.291654
v -5.330876 -0.050000 0.346852
v -5.405623 -0.050000 0.346852
v -5.980278 -0.050000 0.777395
v -6.493940 -0.050000 0.777395
v -6.462845 -0.050000 0.254856
v -5.948586 -0.050000 0.254856
v -6.085523 -0.050000 0.310053
v -6.332487 -0.050000 0.310053
v -6.357004 -0.050000 0.722197
v -6.110638 -0.050000 0.722197
v -5.980278 -0.050000 0.777395
v -5.980278 0.050000 0.777395
v -6.493940 -0.050000 0.777395
v -6.493940 0.050000 0.777395
v -6.462845 -0.050000 0.254856
v -6.462845 0.050000 0.254856
v -5.948586 -0.050000 0.254856
v -5.948586 0.050000 0.254856
v -6.085523 -0.050000 0.310053
v -6.085523 0.050000 0.310053
v -6.332487 -0.050000 0.310053
v -6.332487 0.050000 0.310053
v -6.357004 -0.050000 0.722197
v -6.357004 0.050000 0.722197
v -6.110638 -0.050000 0.722197
v -6.110638 0.050000 0.722197
v -5.472597 -0.050000 0.777395
v -5.472597 0.050000 0.777395
v -5.606544 -0.050000 0.777395
v -5.606544 0.050000 0.777395
v -5.539570 -0.050000 0.346852
v -5.539570 0.050000 0.346852
v -5.714777 -0.050000 0.346852
v -5.714777 0.050000 0.346852
v -5.733315 -0.050000 0.501406
v -5.733315 0.050000 0.501406
v -5.867261 -0.050000 0.501406
v -5.867261 0.050000 0.501406
v -5.834373 -0.050000 0.229097
v -5.834373 0.050000 0.229097
v -5.700426 -0.050000 0.229097
v -5.700426 0.050000 0.229097
v -5.708200 -0.050000 0.291654
v -5.708200 0.050000 0.291654
v -5.327887 -0.050000 0.291654
v -5.327887 0.050000 0.291654
v -5.330876 -0.050000 0.346852
v -5.330876 0.050000 0.346852
v -5.405623 -0.050000 0.346852
v -5.405623 0.050000 0.346852
v -5.119193 -0.050000 0.571323
v -5.119193 0.050000 0.571323
v -5.228623 -0.050000 0.571323
v -5.228623 0.050000 0.571323
v -5.227427 -0.050000 0.361571
v -5.227427 0.050000 0.361571
v -5.117399 -0.050000 0.361571
v -5.117399 0.050000 0.361571
v -4.824391 -0.050000 0.777395
v -4.824391 0.050000 0.777395
v -4.953554 -0.050000 0.777395
v -4.953554 0.050000 0.777395
v -4.863259 -0.050000 0.361571
v -4.863259 0.050000 0.361571
v -4.734097 -0.050000 0.361571
v -4.734097 0.050000 0.361571
v -4.956543 -0.050000 0.571323
v -4.956543 0.050000 0.571323
v -5.065973 -0.050000 0.571323
v -5.065973 0.050000 0.571323
v -5.064777 -0.050000 0.361571
v -5.064777 0.050000 0.361571
v -4.954750 -0.050000 0.361571
v -4.954750 0.050000 0.361571
v -4.497298 -0.050000 0.777395
v -4.497298 0.050000 0.777395
v -4.630647 -0.050000 0.777395
v -4.630647 0.050000 0.777395
v -4.599552 -0.050000 0.225417
v -4.599552 0.050000 0.225417
v -4.465605 -0.050000 0.225417
v -4.465605 0.050000 0.225417
v -4.478163 -0.050000 0.446208
v -4.478163 0.050000 0.446208
v -4.140904 -0.050000 0.446208
v -4.140904 0.050000 0.446208
v -4.143894 -0.050000 0.501406
v -4.143894 0.050000 0.501406
v -4.481153 -0.050000 0.501406
v -4.481153 0.050000 0.501406
v -3.944170 -0.050000 0.357892
v -3.944170 0.050000 0.357892
v -4.025495 -0.050000 0.357892
v -4.025495 0.050000 0.357892
v -4.023103 -0.050000 0.303614
v -4.023103 0.050000 0.303614
v -3.932808 -0.050000 0.303614
v -3.932808 0.050000 0.303614
v -3.919055 -0.050000 0.235536
v -3.919055 0.050000 0.235536
v -3.797068 -0.050000 0.235536
v -3.797068 0.050000 0.235536
v -3.810821 -0.050000 0.303614
v -3.810821 0.050000 0.303614
v -3.618871 -0.050000 0.303614
v -3.618871 0.050000 0.303614
v -3.645182 -0.050000 0.777395
v -3.645182 0.050000 0.777395
v -3.767169 -0.050000 0.777395
v -3.767169 0.050000 0.777395
v -3.743848 -0.050000 0.357892
v -3.743848 0.050000 0.357892
v -3.822183 -0.050000 0.357892
v -3.822183 0.050000 0.357892
v -3.907693 -0.050000 0.777395
v -3.907693 0.050000 0.777395
v -4.029680 -0.050000 0.777395
v -4.029680 0.050000 0.777395
v -3.519607 -0.050000 0.709317
v -3.519607 0.050000 0.709317
v -3.594952 -0.050000 0.709317
v -3.594952 0.050000 0.709317
v -3.596746 -0.050000 0.278775
v -3.596746 0.050000 0.278775
v -3.521401 -0.050000 0.278775
v -3.521401 0.050000 0.278775
v -2.979635 -0.050000 0.315573
v -2.979635 0.050000 0.315573
v -3.279819 -0.050000 0.290734
v -3.279819 0.050000 0.290734
v -3.276829 -0.050000 0.236456
v -3.276829 0.050000 0.236456
v -2.976645 -0.050000 0.261295
v -2.976645 0.050000 0.261295
v -2.940766 -0.050000 0.777395
v -2.940766 0.050000 0.777395
v -3.394032 -0.050000 0.777395
v -3.394032 0.050000 0.777395
v -3.391042 -0.050000 0.723117
v -3.391042 0.050000 0.723117
v -3.072919 -0.050000 0.723117
v -3.072919 0.050000 0.723117
v -3.061558 -0.050000 0.535444
v -3.061558 0.050000 0.535444
v -3.398218 -0.050000 0.546484
v -3.398218 0.050000 0.546484
v -3.385062 -0.050000 0.341332
v -3.385062 0.050000 0.341332
v -3.249322 -0.050000 0.341332
v -3.249322 0.050000 0.341332
v -3.257096 -0.050000 0.488526
v -3.257096 0.050000 0.488526
v -2.922827 -0.050000 0.478407
v -2.922827 0.050000 0.478407
v -2.540122 -0.050000 0.777395
v -2.540122 0.050000 0.777395
v -2.543112 -0.050000 0.777395
v -2.543112 0.050000 0.777395
v -2.520389 -0.050000 0.365251
v -2.520389 0.050000 0.365251
v -2.539524 -0.050000 0.365251
v -2.539524 0.050000 0.365251
v -2.547298 -0.050000 0.497726
v -2.547298 0.050000 0.497726
v -2.564639 -0.050000 0.497726
v -2.564639 0.050000 0.497726
v -2.623839 -0.050000 0.497726
v -2.623839 0.050000 0.497726
v -2.657326 -0.050000 0.497726
v -2.657326 0.050000 0.497726
v -2.661511 -0.050000 0.522565
v -2.661511 0.050000 0.522565
v -2.620251 -0.050000 0.522565
v -2.620251 0.050000 0.522565
v -2.559258 -0.050000 0.522565
v -2.559258 0.050000 0.522565
v -2.546102 -0.050000 0.522565
v -2.546102 0.050000 0.522565
v -2.559856 -0.050000 0.777395
v -2.559856 0.050000 0.777395
v -2.634005 -0.050000 0.777395
v -2.634005 0.050000 0.777395
v -2.623241 -0.050000 0.577763
v -2.623241 0.050000 0.577763
v -2.669883 -0.050000 0.577763
v -2.669883 0.050000 0.577763
v -2.671677 -0.050000 0.588802
v -2.671677 0.050000 0.588802
v -2.633407 -0.050000 0.588802
v -2.633407 0.050000 0.588802
v -2.632809 -0.050000 0.736916
v -2.632809 0.050000 0.736916
v -2.671079 -0.050000 0.736916
v -2.671079 0.050000 0.736916
v -2.671079 -0.050000 0.714837
v -2.671079 0.050000 0.714837
v -2.753600 -0.050000 0.722197
v -2.753600 0.050000 0.722197
v -2.756590 -0.050000 0.777395
v -2.756590 0.050000 0.777395
v -2.830739 -0.050000 0.777395
v -2.830739 0.050000 0.777395
v -2.816387 -0.050000 0.522565
v -2.816387 0.050000 0.522565
v -2.805624 -0.050000 0.522565
v -2.805624 0.050000 0.522565
v -2.742238 -0.050000 0.522565
v -2.742238 0.050000 0.522565
v -2.723701 -0.050000 0.522565
v -2.723701 0.050000 0.522565
v -2.719515 -0.050000 0.497726
v -2.719515 0.050000 0.497726
v -2.736259 -0.050000 0.497726
v -2.736259 0.050000 0.497726
v -2.794860 -0.050000 0.497726
v -2.794860 0.050000 0.497726
v -2.812799 -0.050000 0.497726
v -2.812799 0.050000 0.497726
v -2.803232 -0.050000 0.323853
v -2.803232 0.050000 0.323853
v -2.726691 -0.050000 0.323853
v -2.726691 0.050000 0.323853
v -2.727887 -0.050000 0.341332
v -2.727887 0.050000 0.341332
v -2.706958 -0.050000 0.350532
v -2.706958 0.050000 0.350532
v -2.697390 -0.050000 0.312813
v -2.697390 0.050000 0.312813
v -2.803830 -0.050000 0.312813
v -2.803830 0.050000 0.312813
v -2.800840 -0.050000 0.257616
v -2.800840 0.050000 0.257616
v -2.718917 -0.050000 0.257616
v -2.718917 0.050000 0.257616
v -2.717123 -0.050000 0.225417
v -2.717123 0.050000 0.225417
v -2.616663 -0.050000 0.225417
v -2.616663 0.050000 0.225417
v -2.618457 -0.050000 0.257616
v -2.618457 0.050000 0.257616
v -2.532947 -0.050000 0.257616
v -2.532947 0.050000 0.257616
v -2.535936 -0.050000 0.312813
v -2.535936 0.050000 0.312813
v -2.625633 -0.050000 0.312813
v -2.625633 0.050000 0.312813
v -2.641778 -0.050000 0.378131
v -2.641778 0.050000 0.378131
v -2.617261 -0.050000 0.389170
v -2.617261 0.050000 0.389170
v -2.613673 -0.050000 0.323853
v -2.613673 0.050000 0.323853
v -2.537132 -0.050000 0.323853
v -2.537132 0.050000 0.323853
v -2.538926 -0.050000 0.359731
v -2.538926 0.050000 0.359731
v -2.504244 -0.050000 0.225417
v -2.504244 0.050000 0.225417
v -2.413352 -0.050000 0.225417
v -2.413352 0.050000 0.225417
v -2.425311 -0.050000 0.272335
v -2.425311 0.050000 0.272335
v -2.424115 -0.050000 0.272335
v -2.424115 0.050000 0.272335
v -2.393020 -0.050000 0.272335
v -2.393020 0.050000 0.272335
v -2.391824 -0.050000 0.272335
v -2.391824 0.050000 0.272335
v -2.380463 -0.050000 0.225417
v -2.380463 0.050000 0.225417
v -2.289570 -0.050000 0.225417
v -2.289570 0.050000 0.225417
v -2.300932 -0.050000 0.272335
v -2.300932 0.050000 0.272335
v -2.265651 -0.050000 0.272335
v -2.265651 0.050000 0.272335
v -2.268641 -0.050000 0.327533
v -2.268641 0.050000 0.327533
v -2.305118 -0.050000 0.327533
v -2.305118 0.050000 0.327533
v -2.309901 -0.050000 0.412169
v -2.309901 0.050000 0.412169
v -2.273425 -0.050000 0.412169
v -2.273425 0.050000 0.412169
v -2.276415 -0.050000 0.467367
v -2.276415 0.050000 0.467367
v -2.312891 -0.050000 0.467367
v -2.312891 0.050000 0.467367
v -2.317675 -0.050000 0.552924
v -2.317675 0.050000 0.552924
v -2.281199 -0.050000 0.552924
v -2.281199 0.050000 0.552924
v -2.284188 -0.050000 0.608122
v -2.284188 0.050000 0.608122
v -2.320665 -0.050000 0.608122
v -2.320665 0.050000 0.608122
v -2.327243 -0.050000 0.722197
v -2.327243 0.050000 0.722197
v -2.290766 -0.050000 0.722197
v -2.290766 0.050000 0.722197
v -2.293756 -0.050000 0.777395
v -2.293756 0.050000 0.777395
v -2.330233 -0.050000 0.777395
v -2.330233 0.050000 0.777395
v -2.421125 -0.050000 0.777395
v -2.421125 0.050000 0.777395
v -2.452220 -0.050000 0.777395
v -2.452220 0.050000 0.777395
v -2.427105 -0.050000 0.327533
v -2.427105 0.050000 0.327533
v -2.431889 -0.050000 0.412169
v -2.431889 0.050000 0.412169
v -2.400794 -0.050000 0.412169
v -2.400794 0.050000 0.412169
v -2.396010 -0.050000 0.327533
v -2.396010 0.050000 0.327533
v -2.434878 -0.050000 0.467367
v -2.434878 0.050000 0.467367
v -2.439662 -0.050000 0.552924
v -2.439662 0.050000 0.552924
v -2.408567 -0.050000 0.552924
v -2.408567 0.050000 0.552924
v -2.403784 -0.050000 0.467367
v -2.403784 0.050000 0.467367
v -2.442652 -0.050000 0.608122
v -2.442652 0.050000 0.608122
v -2.449230 -0.050000 0.722197
v -2.449230 0.050000 0.722197
v -2.418135 -0.050000 0.722197
v -2.418135 0.050000 0.722197
v -2.411558 -0.050000 0.608122
v -2.411558 0.050000 0.608122
v -2.620849 -0.050000 0.442528
v -2.620849 0.050000 0.442528
v -2.619653 -0.050000 0.429649
v -2.619653 0.050000 0.429649
v -2.651346 -0.050000 0.415849
v -2.651346 0.050000 0.415849
v -2.657923 -0.050000 0.442528
v -2.657923 0.050000 0.442528
v -2.733268 -0.050000 0.442528
v -2.733268 0.050000 0.442528
v -2.729681 -0.050000 0.442528
v -2.729681 0.050000 0.442528
v -2.715927 -0.050000 0.388250
v -2.715927 0.050000 0.388250
v -2.729681 -0.050000 0.382731
v -2.729681 0.050000 0.382731
v -2.732073 -0.050000 0.577763
v -2.732073 0.050000 0.577763
v -2.745826 -0.050000 0.666079
v -2.745826 0.050000 0.666079
v -2.750610 -0.050000 0.666999
v -2.750610 0.050000 0.666999
v -2.745228 -0.050000 0.577763
v -2.745228 0.050000 0.577763
v -2.671677 -0.050000 0.589722
v -2.671677 0.050000 0.589722
v -2.683038 -0.050000 0.661479
v -2.683038 0.050000 0.661479
v -2.671677 -0.050000 0.660559
v -2.671677 0.050000 0.660559
v -2.026461 -0.050000 0.777395
v -2.026461 0.050000 0.777395
v -2.158015 -0.050000 0.777395
v -2.158015 0.050000 0.777395
v -2.148448 -0.050000 0.607202
v -2.148448 0.050000 0.607202
v -2.205256 -0.050000 0.631121
v -2.205256 0.050000 0.631121
v -2.201668 -0.050000 0.570403
v -2.201668 0.050000 0.570403
v -2.144860 -0.050000 0.546484
v -2.144860 0.050000 0.546484
v -2.134097 -0.050000 0.356972
v -2.134097 0.050000 0.356972
v -2.189110 -0.050000 0.356972
v -2.189110 0.050000 0.356972
v -2.186120 -0.050000 0.303614
v -2.186120 0.050000 0.303614
v -2.130508 -0.050000 0.303614
v -2.130508 0.050000 0.303614
v -2.126921 -0.050000 0.236456
v -2.126921 0.050000 0.236456
v -1.995366 -0.050000 0.236456
v -1.995366 0.050000 0.236456
v -2.002542 -0.050000 0.363411
v -2.002542 0.050000 0.363411
v -1.819561 -0.050000 0.303614
v -1.819561 0.050000 0.303614
v -1.697574 -0.050000 0.303614
v -1.697574 0.050000 0.303614
v -1.723287 -0.050000 0.723117
v -1.723287 0.050000 0.723117
v -1.684419 -0.050000 0.723117
v -1.684419 0.050000 0.723117
v -1.687408 -0.050000 0.777395
v -1.687408 0.050000 0.777395
v -1.848264 -0.050000 0.777395
v -1.848264 0.050000 0.777395
v -1.824345 -0.050000 0.379051
v -1.824345 0.050000 0.379051
v -2.006728 -0.050000 0.435168
v -2.006728 0.050000 0.435168
v -1.260453 -0.050000 0.305454
v -1.260453 0.050000 0.305454
v -1.508613 -0.050000 0.305454
v -1.508613 0.050000 0.305454
v -1.505624 -0.050000 0.251176
v -1.505624 0.050000 0.251176
v -1.110361 -0.050000 0.251176
v -1.110361 0.050000 0.251176
v -1.173747 -0.050000 0.438848
v -1.173747 0.050000 0.438848
v -1.074482 -0.050000 0.438848
v -1.074482 0.050000 0.438848
v -1.094216 -0.050000 0.777395
v -1.094216 0.050000 0.777395
v -1.554060 -0.050000 0.777395
v -1.554060 0.050000 0.777395
v -1.542698 -0.050000 0.572243
v -1.542698 0.050000 0.572243
v -1.288558 -0.050000 0.572243
v -1.288558 0.050000 0.572243
v -1.296930 -0.050000 0.723117
v -1.296930 0.050000 0.723117
v -1.222183 -0.050000 0.723117
v -1.222183 0.050000 0.723117
v -1.209027 -0.050000 0.492206
v -1.209027 0.050000 0.492206
v -1.566617 -0.050000 0.492206
v -1.566617 0.050000 0.492206
v -1.563627 -0.050000 0.438848
v -1.563627 0.050000 0.438848
v -1.305302 -0.050000 0.438848
v -1.305302 0.050000 0.438848
v -1.452404 -0.050000 0.626521
v -1.452404 0.050000 0.626521
v -1.385430 -0.050000 0.626521
v -1.385430 0.050000 0.626521
v -1.390812 -0.050000 0.723117
v -1.390812 0.050000 0.723117
v -1.457187 -0.050000 0.723117
v -1.457187 0.050000 0.723117
v -0.612247 -0.050000 0.300854
v -0.612247 0.050000 0.300854
v -0.799414 -0.050000 0.300854
v -0.799414 0.050000 0.300854
v -0.796424 -0.050000 0.246576
v -0.796424 0.050000 0.246576
v -0.432855 -0.050000 0.246576
v -0.432855 0.050000 0.246576
v -0.435844 -0.050000 0.300854
v -0.435844 0.050000 0.300854
v -0.495044 -0.050000 0.300854
v -0.495044 0.050000 0.300854
v -0.501024 -0.050000 0.401130
v -0.501024 0.050000 0.401130
v -0.441226 -0.050000 0.401130
v -0.441226 0.050000 0.401130
v -0.444216 -0.050000 0.455408
v -0.444216 0.050000 0.455408
v -0.504014 -0.050000 0.455408
v -0.504014 0.050000 0.455408
v -0.510592 -0.050000 0.568563
v -0.510592 0.050000 0.568563
v -0.450794 -0.050000 0.568563
v -0.450794 0.050000 0.568563
v -0.453784 -0.050000 0.621921
v -0.453784 0.050000 0.621921
v -0.513582 -0.050000 0.621921
v -0.513582 0.050000 0.621921
v -0.522552 -0.050000 0.777395
v -0.522552 0.050000 0.777395
v -0.810776 -0.050000 0.777395
v -0.810776 0.050000 0.777395
v -0.799414 -0.050000 0.568563
v -0.799414 0.050000 0.568563
v -0.627795 -0.050000 0.568563
v -0.627795 0.050000 0.568563
v -0.621217 -0.050000 0.455408
v -0.621217 0.050000 0.455408
v -0.807786 -0.050000 0.455408
v -0.807786 0.050000 0.455408
v -0.804796 -0.050000 0.401130
v -0.804796 0.050000 0.401130
v -0.618227 -0.050000 0.401130
v -0.618227 0.050000 0.401130
v -0.848448 -0.050000 0.777395
v -0.848448 0.050000 0.777395
v -0.980003 -0.050000 0.777395
v -0.980003 0.050000 0.777395
v -0.948908 -0.050000 0.236456
v -0.948908 0.050000 0.236456
v -0.817354 -0.050000 0.236456
v -0.817354 0.050000 0.236456
v -0.704934 -0.050000 0.723117
v -0.704934 0.050000 0.723117
v -0.636765 -0.050000 0.723117
v -0.636765 0.050000 0.723117
v -0.630785 -0.050000 0.621921
v -0.630785 0.050000 0.621921
v -0.698954 -0.050000 0.621921
v -0.698954 0.050000 0.621921
v 0.180668 -0.050000 0.236456
v 0.180668 0.050000 0.236456
v 0.175287 -0.050000 0.326613
v 0.175287 0.050000 0.326613
v 0.149574 -0.050000 0.326613
v 0.149574 0.050000 0.326613
v 0.154955 -0.050000 0.236456
v 0.154955 0.050000 0.236456
v 0.135820 -0.050000 0.236456
v 0.135820 0.050000 0.236456
v 0.131037 -0.050000 0.326613
v 0.131037 0.050000 0.326613
v 0.105324 -0.050000 0.326613
v 0.105324 0.050000 0.326613
v 0.110107 -0.050000 0.236456
v 0.110107 0.050000 0.236456
v 0.129242 -0.050000 0.777395
v 0.129242 0.050000 0.777395
v -0.348540 -0.050000 0.777395
v -0.348540 0.050000 0.777395
v -0.332993 -0.050000 0.495886
v -0.332993 0.050000 0.495886
v -0.328807 -0.050000 0.495886
v -0.328807 0.050000 0.495886
v -0.218181 -0.050000 0.467367
v -0.218181 0.050000 0.467367
v -0.279773 -0.050000 0.236456
v -0.279773 0.050000 0.236456
v -0.148816 -0.050000 0.236456
v -0.148816 0.050000 0.236456
v -0.094998 -0.050000 0.436088
v -0.094998 0.050000 0.436088
v 0.148378 -0.050000 0.373531
v 0.148378 0.050000 0.373531
v 0.145388 -0.050000 0.427809
v 0.145388 0.050000 0.427809
v -0.202634 -0.050000 0.517045
v -0.202634 0.050000 0.517045
v -0.213995 -0.050000 0.723117
v -0.213995 0.050000 0.723117
v 0.132233 -0.050000 0.723117
v 0.132233 0.050000 0.723117
v 0.521515 -0.050000 0.320173
v 0.521515 0.050000 0.320173
v 0.256014 -0.050000 0.320173
v 0.256014 0.050000 0.320173
v 0.259004 -0.050000 0.264975
v 0.259004 0.050000 0.264975
v 0.344514 -0.050000 0.264975
v 0.344514 0.050000 0.264975
v 0.346906 -0.050000 0.225417
v 0.346906 0.050000 0.225417
v 0.452150 -0.050000 0.225417
v 0.452150 0.050000 0.225417
v 0.449759 -0.050000 0.264975
v 0.449759 0.050000 0.264975
v 0.524505 -0.050000 0.264975
v 0.524505 0.050000 0.264975
v 0.269169 -0.050000 0.449888
v 0.269169 0.050000 0.449888
v 0.248838 -0.050000 0.449888
v 0.248838 0.050000 0.449888
v 0.290099 -0.050000 0.339492
v 0.290099 0.050000 0.339492
v 0.380991 -0.050000 0.339492
v 0.380991 0.050000 0.339492
v 0.342721 -0.050000 0.442528
v 0.342721 0.050000 0.442528
v 0.361856 -0.050000 0.442528
v 0.361856 0.050000 0.442528
v 0.381588 -0.050000 0.488526
v 0.381588 0.050000 0.488526
v 0.404910 -0.050000 0.442528
v 0.404910 0.050000 0.442528
v 0.428829 -0.050000 0.442528
v 0.428829 0.050000 0.442528
v 0.402518 -0.050000 0.339492
v 0.402518 0.050000 0.339492
v 0.488626 -0.050000 0.339492
v 0.488626 0.050000 0.339492
v 0.516731 -0.050000 0.449888
v 0.516731 0.050000 0.449888
v 0.501782 -0.050000 0.449888
v 0.501782 0.050000 0.449888
v 0.427035 -0.050000 0.594322
v 0.427035 0.050000 0.594322
v 0.488029 -0.050000 0.736916
v 0.488029 0.050000 0.736916
v 0.392353 -0.050000 0.736916
v 0.392353 0.050000 0.736916
v 0.374413 -0.050000 0.695518
v 0.374413 0.050000 0.695518
v 0.332555 -0.050000 0.777395
v 0.332555 0.050000 0.777395
v 0.232094 -0.050000 0.777395
v 0.232094 0.050000 0.777395
v 0.328967 -0.050000 0.589722
v 0.328967 0.050000 0.589722
v 0.567560 -0.050000 0.324773
v 0.567560 0.050000 0.324773
v 0.532279 -0.050000 0.324773
v 0.532279 0.050000 0.324773
v 0.535269 -0.050000 0.269575
v 0.535269 0.050000 0.269575
v 0.575931 -0.050000 0.269575
v 0.575931 0.050000 0.269575
v 0.583107 -0.050000 0.225417
v 0.583107 0.050000 0.225417
v 0.678783 -0.050000 0.225417
v 0.678783 0.050000 0.225417
v 0.671607 -0.050000 0.269575
v 0.671607 0.050000 0.269575
v 0.697918 -0.050000 0.269575
v 0.697918 0.050000 0.269575
v 0.793594 -0.050000 0.269575
v 0.793594 0.050000 0.269575
v 0.761901 -0.050000 0.777395
v 0.761901 0.050000 0.777395
v 0.666225 -0.050000 0.777395
v 0.666225 0.050000 0.777395
v 0.694330 -0.050000 0.324773
v 0.694330 0.050000 0.324773
v 0.663236 -0.050000 0.324773
v 0.663236 0.050000 0.324773
v 0.592077 -0.050000 0.777395
v 0.592077 0.050000 0.777395
v 0.496400 -0.050000 0.777395
v 0.496400 0.050000 0.777395
v 0.884487 -0.050000 0.515205
v 0.884487 0.050000 0.515205
v 0.876115 -0.050000 0.515205
v 0.876115 0.050000 0.515205
v 0.891064 -0.050000 0.240136
v 0.891064 0.050000 0.240136
v 0.900034 -0.050000 0.240136
v 0.900034 0.050000 0.240136
v 0.996308 -0.050000 0.240136
v 0.996308 0.050000 0.240136
v 1.083014 -0.050000 0.240136
v 1.083014 0.050000 0.240136
v 1.197826 -0.050000 0.240136
v 1.197826 0.050000 0.240136
v 1.285728 -0.050000 0.240136
v 1.285728 0.050000 0.240136
v 1.383199 -0.050000 0.240136
v 1.383199 0.050000 0.240136
v 1.390973 -0.050000 0.240136
v 1.390973 0.050000 0.240136
v 1.376023 -0.050000 0.515205
v 1.376023 0.050000 0.515205
v 1.367651 -0.050000 0.515205
v 1.367651 0.050000 0.515205
v 1.270780 -0.050000 0.515205
v 1.270780 0.050000 0.515205
v 1.182877 -0.050000 0.515205
v 1.182877 0.050000 0.515205
v 1.180485 -0.050000 0.552924
v 1.180485 0.050000 0.552924
v 1.391570 -0.050000 0.552924
v 1.391570 0.050000 0.552924
v 1.388580 -0.050000 0.608122
v 1.388580 0.050000 0.608122
v 1.182877 -0.050000 0.608122
v 1.182877 0.050000 0.608122
v 1.383199 -0.050000 0.700118
v 1.383199 0.050000 0.700118
v 1.379013 -0.050000 0.777395
v 1.379013 0.050000 0.777395
v 1.173907 -0.050000 0.682639
v 1.173907 0.050000 0.682639
v 1.168525 -0.050000 0.777395
v 1.168525 0.050000 0.777395
v 1.053714 -0.050000 0.777395
v 1.053714 0.050000 0.777395
v 1.059095 -0.050000 0.683559
v 1.059095 0.050000 0.683559
v 0.843226 -0.050000 0.777395
v 0.843226 0.050000 0.777395
v 0.847413 -0.050000 0.700118
v 0.847413 0.050000 0.700118
v 1.059095 -0.050000 0.608122
v 1.059095 0.050000 0.608122
v 0.853392 -0.050000 0.608122
v 0.853392 0.050000 0.608122
v 0.856381 -0.050000 0.552924
v 0.856381 0.050000 0.552924
v 1.065673 -0.050000 0.552924
v 1.065673 0.050000 0.552924
v 1.068065 -0.050000 0.515205
v 1.068065 0.050000 0.515205
v 0.981359 -0.050000 0.515205
v 0.981359 0.050000 0.515205
v 0.993319 -0.050000 0.295334
v 0.993319 0.050000 0.295334
v 0.990328 -0.050000 0.351452
v 0.990328 0.050000 0.351452
v 1.077035 -0.050000 0.351452
v 1.077035 0.050000 0.351452
v 1.080025 -0.050000 0.295334
v 1.080025 0.050000 0.295334
v 0.987339 -0.050000 0.406650
v 0.987339 0.050000 0.406650
v 0.984349 -0.050000 0.460007
v 0.984349 0.050000 0.460007
v 1.071055 -0.050000 0.460007
v 1.071055 0.050000 0.460007
v 1.074046 -0.050000 0.406650
v 1.074046 0.050000 0.406650
v 1.273769 -0.050000 0.460007
v 1.273769 0.050000 0.460007
v 1.276759 -0.050000 0.406650
v 1.276759 0.050000 0.406650
v 1.188857 -0.050000 0.406650
v 1.188857 0.050000 0.406650
v 1.185866 -0.050000 0.460007
v 1.185866 0.050000 0.460007
v 1.279749 -0.050000 0.351452
v 1.279749 0.050000 0.351452
v 1.282739 -0.050000 0.295334
v 1.282739 0.050000 0.295334
v 1.194836 -0.050000 0.295334
v 1.194836 0.050000 0.295334
v 1.191846 -0.050000 0.351452
v 1.191846 0.050000 0.351452
v 1.566777 -0.050000 0.357892
v 1.566777 0.050000 0.357892
v 1.485453 -0.050000 0.357892
v 1.485453 0.050000 0.357892
v 1.488442 -0.050000 0.303614
v 1.488442 0.050000 0.303614
v 1.578139 -0.050000 0.303614
v 1.578139 0.050000 0.303614
v 1.591893 -0.050000 0.235536
v 1.591893 0.050000 0.235536
v 1.713880 -0.050000 0.235536
v 1.713880 0.050000 0.235536
v 1.700127 -0.050000 0.303614
v 1.700127 0.050000 0.303614
v 1.892076 -0.050000 0.303614
v 1.892076 0.050000 0.303614
v 1.865766 -0.050000 0.777395
v 1.865766 0.050000 0.777395
v 1.743778 -0.050000 0.777395
v 1.743778 0.050000 0.777395
v 1.767099 -0.050000 0.357892
v 1.767099 0.050000 0.357892
v 1.688765 -0.050000 0.357892
v 1.688765 0.050000 0.357892
v 1.603254 -0.050000 0.777395
v 1.603254 0.050000 0.777395
v 1.481267 -0.050000 0.777395
v 1.481267 0.050000 0.777395
v 1.991939 -0.050000 0.709317
v 1.991939 0.050000 0.709317
v 1.915996 -0.050000 0.709317
v 1.915996 0.050000 0.709317
v 1.914800 -0.050000 0.326613
v 1.914800 0.050000 0.326613
v 1.941709 -0.050000 0.326613
v 1.941709 0.050000 0.326613
v 1.947090 -0.050000 0.236456
v 1.947090 0.050000 0.236456
v 1.972803 -0.050000 0.236456
v 1.972803 0.050000 0.236456
v 1.968019 -0.050000 0.326613
v 1.968019 0.050000 0.326613
v 1.986556 -0.050000 0.326613
v 1.986556 0.050000 0.326613
v 1.991939 -0.050000 0.236456
v 1.991939 0.050000 0.236456
v 2.017652 -0.050000 0.236456
v 2.017652 0.050000 0.236456
v 2.012269 -0.050000 0.326613
v 2.012269 0.050000 0.326613
v 1.990145 -0.050000 0.326613
v 1.990145 0.050000 0.326613
v 2.119308 -0.050000 0.545564
v 2.119308 0.050000 0.545564
v 2.106750 -0.050000 0.545564
v 2.106750 0.050000 0.545564
v 2.124689 -0.050000 0.236456
v 2.124689 0.050000 0.236456
v 2.135453 -0.050000 0.236456
v 2.135453 0.050000 0.236456
v 2.244285 -0.050000 0.236456
v 2.244285 0.050000 0.236456
v 2.485867 -0.050000 0.236456
v 2.485867 0.050000 0.236456
v 2.597091 -0.050000 0.236456
v 2.597091 0.050000 0.236456
v 2.605462 -0.050000 0.236456
v 2.605462 0.050000 0.236456
v 2.587523 -0.050000 0.545564
v 2.587523 0.050000 0.545564
v 2.580945 -0.050000 0.545564
v 2.580945 0.050000 0.545564
v 2.467928 -0.050000 0.545564
v 2.467928 0.050000 0.545564
v 2.411119 -0.050000 0.545564
v 2.411119 0.050000 0.545564
v 2.406934 -0.050000 0.619161
v 2.406934 0.050000 0.619161
v 2.614431 -0.050000 0.619161
v 2.614431 0.050000 0.619161
v 2.611442 -0.050000 0.674359
v 2.611442 0.050000 0.674359
v 2.403944 -0.050000 0.674359
v 2.403944 0.050000 0.674359
v 2.398562 -0.050000 0.777395
v 2.398562 0.050000 0.777395
v 2.274183 -0.050000 0.777395
v 2.274183 0.050000 0.777395
v 2.279565 -0.050000 0.674359
v 2.279565 0.050000 0.674359
v 2.075655 -0.050000 0.674359
v 2.075655 0.050000 0.674359
v 2.078645 -0.050000 0.619161
v 2.078645 0.050000 0.619161
v 2.282555 -0.050000 0.619161
v 2.282555 0.050000 0.619161
v 2.286741 -0.050000 0.545564
v 2.286741 0.050000 0.545564
v 2.226345 -0.050000 0.545564
v 2.226345 0.050000 0.545564
v 2.241295 -0.050000 0.291654
v 2.241295 0.050000 0.291654
v 2.237108 -0.050000 0.361571
v 2.237108 0.050000 0.361571
v 2.478691 -0.050000 0.361571
v 2.478691 0.050000 0.361571
v 2.482877 -0.050000 0.291654
v 2.482877 0.050000 0.291654
v 2.234118 -0.050000 0.416769
v 2.234118 0.050000 0.416769
v 2.229335 -0.050000 0.490366
v 2.229335 0.050000 0.490366
v 2.470918 -0.050000 0.490366
v 2.470918 0.050000 0.490366
v 2.475701 -0.050000 0.416769
v 2.475701 0.050000 0.416769
v 2.887109 -0.050000 0.482087
v 2.887109 0.050000 0.482087
v 3.196262 -0.050000 0.777395
v 3.196262 0.050000 0.777395
v 3.010890 -0.050000 0.777395
v 3.010890 0.050000 0.777395
v 2.720274 -0.050000 0.484846
v 2.720274 0.050000 0.484846
v 3.076667 -0.050000 0.236456
v 3.076667 0.050000 0.236456
v 3.233337 -0.050000 0.236456
v 3.233337 0.050000 0.236456
v 3.343963 -0.050000 0.387330
v 3.343963 0.050000 0.387330
v 3.315858 -0.050000 0.387330
v 3.315858 0.050000 0.387330
v 3.318848 -0.050000 0.332133
v 3.318848 0.050000 0.332133
v 3.346952 -0.050000 0.332133
v 3.346952 0.050000 0.332133
v 3.352932 -0.050000 0.225417
v 3.352932 0.050000 0.225417
v 3.467744 -0.050000 0.225417
v 3.467744 0.050000 0.225417
v 3.461763 -0.050000 0.332133
v 3.461763 0.050000 0.332133
v 3.548470 -0.050000 0.332133
v 3.548470 0.050000 0.332133
v 3.545481 -0.050000 0.387330
v 3.545481 0.050000 0.387330
v 3.458177 -0.050000 0.387330
v 3.458177 0.050000 0.387330
v 3.444423 -0.050000 0.633880
v 3.444423 0.050000 0.633880
v 3.494055 -0.050000 0.633880
v 3.494055 0.050000 0.633880
v 3.491064 -0.050000 0.689078
v 3.491064 0.050000 0.689078
v 3.326621 -0.050000 0.689078
v 3.326621 0.050000 0.689078
v 3.583153 -0.050000 0.295334
v 3.583153 0.050000 0.295334
v 3.522160 -0.050000 0.295334
v 3.522160 0.050000 0.295334
v 3.525149 -0.050000 0.240136
v 3.525149 0.050000 0.240136
v 3.594515 -0.050000 0.240136
v 3.594515 0.050000 0.240136
v 3.704542 -0.050000 0.240136
v 3.704542 0.050000 0.240136
v 3.745204 -0.050000 0.240136
v 3.745204 0.050000 0.240136
v 3.855232 -0.050000 0.240136
v 3.855232 0.050000 0.240136
v 3.823540 -0.050000 0.777395
v 3.823540 0.050000 0.777395
v 3.713512 -0.050000 0.777395
v 3.713512 0.050000 0.777395
v 3.742215 -0.050000 0.295334
v 3.742215 0.050000 0.295334
v 3.693181 -0.050000 0.295334
v 3.693181 0.050000 0.295334
v 3.596309 -0.050000 0.777395
v 3.596309 0.050000 0.777395
v 3.486280 -0.050000 0.777395
v 3.486280 0.050000 0.777395
v 4.096815 -0.050000 0.777395
v 4.096815 0.050000 0.777395
v 3.965260 -0.050000 0.777395
v 3.965260 0.050000 0.777395
v 3.974827 -0.050000 0.607202
v 3.974827 0.050000 0.607202
v 3.918019 -0.050000 0.631121
v 3.918019 0.050000 0.631121
v 3.921607 -0.050000 0.570403
v 3.921607 0.050000 0.570403
v 3.978415 -0.050000 0.546484
v 3.978415 0.050000 0.546484
v 3.989179 -0.050000 0.356972
v 3.989179 0.050000 0.356972
v 3.934165 -0.050000 0.356972
v 3.934165 0.050000 0.356972
v 3.937156 -0.050000 0.303614
v 3.937156 0.050000 0.303614
v 3.992766 -0.050000 0.303614
v 3.992766 0.050000 0.303614
v 3.996355 -0.050000 0.236456
v 3.996355 0.050000 0.236456
v 4.127910 -0.050000 0.236456
v 4.127910 0.050000 0.236456
v 4.120734 -0.050000 0.363411
v 4.120734 0.050000 0.363411
v 4.303714 -0.050000 0.303614
v 4.303714 0.050000 0.303614
v 4.425702 -0.050000 0.303614
v 4.425702 0.050000 0.303614
v 4.399989 -0.050000 0.723117
v 4.399989 0.050000 0.723117
v 4.438857 -0.050000 0.723117
v 4.438857 0.050000 0.723117
v 4.435866 -0.050000 0.777395
v 4.435866 0.050000 0.777395
v 4.275012 -0.050000 0.777395
v 4.275012 0.050000 0.777395
v 4.298931 -0.050000 0.379051
v 4.298931 0.050000 0.379051
v 4.116548 -0.050000 0.435168
v 4.116548 0.050000 0.435168
v 4.862821 -0.050000 0.305454
v 4.862821 0.050000 0.305454
v 4.614661 -0.050000 0.305454
v 4.614661 0.050000 0.305454
v 4.617651 -0.050000 0.251176
v 4.617651 0.050000 0.251176
v 5.012914 -0.050000 0.251176
v 5.012914 0.050000 0.251176
v 4.949529 -0.050000 0.438848
v 4.949529 0.050000 0.438848
v 5.048793 -0.050000 0.438848
v 5.048793 0.050000 0.438848
v 5.029058 -0.050000 0.777395
v 5.029058 0.050000 0.777395
v 4.569215 -0.050000 0.777395
v 4.569215 0.050000 0.777395
v 4.580577 -0.050000 0.572243
v 4.580577 0.050000 0.572243
v 4.834717 -0.050000 0.572243
v 4.834717 0.050000 0.572243
v 4.826344 -0.050000 0.723117
v 4.826344 0.050000 0.723117
v 4.901092 -0.050000 0.723117
v 4.901092 0.050000 0.723117
v 4.914247 -0.050000 0.492206
v 4.914247 0.050000 0.492206
v 4.556658 -0.050000 0.492206
v 4.556658 0.050000 0.492206
v 4.559648 -0.050000 0.438848
v 4.559648 0.050000 0.438848
v 4.817973 -0.050000 0.438848
v 4.817973 0.050000 0.438848
v 4.670872 -0.050000 0.626521
v 4.670872 0.050000 0.626521
v 4.737844 -0.050000 0.626521
v 4.737844 0.050000 0.626521
v 4.732462 -0.050000 0.723117
v 4.732462 0.050000 0.723117
v 4.666087 -0.050000 0.723117
v 4.666087 0.050000 0.723117
v 5.240742 -0.050000 0.357892
v 5.240742 0.050000 0.357892
v 5.159416 -0.050000 0.357892
v 5.159416 0.050000 0.357892
v 5.161809 -0.050000 0.303614
v 5.161809 0.050000 0.303614
v 5.252104 -0.050000 0.303614
v 5.252104 0.050000 0.303614
v 5.265856 -0.050000 0.235536
v 5.265856 0.050000 0.235536
v 5.387844 -0.050000 0.235536
v 5.387844 0.050000 0.235536
v 5.374090 -0.050000 0.303614
v 5.374090 0.050000 0.303614
v 5.566041 -0.050000 0.303614
v 5.566041 0.050000 0.303614
v 5.539729 -0.050000 0.777395
v 5.539729 0.050000 0.777395
v 5.417743 -0.050000 0.777395
v 5.417743 0.050000 0.777395
v 5.441064 -0.050000 0.357892
v 5.441064 0.050000 0.357892
v 5.362729 -0.050000 0.357892
v 5.362729 0.050000 0.357892
v 5.277219 -0.050000 0.777395
v 5.277219 0.050000 0.777395
v 5.155231 -0.050000 0.777395
v 5.155231 0.050000 0.777395
v 5.665305 -0.050000 0.709317
v 5.665305 0.050000 0.709317
v 5.589960 -0.050000 0.709317
v 5.589960 0.050000 0.709317
v 5.588166 -0.050000 0.278775
v 5.588166 0.050000 0.278775
v 5.663511 -0.050000 0.278775
v 5.663511 0.050000 0.278775
v 6.205276 -0.050000 0.315573
v 6.205276 0.050000 0.315573
v 5.905092 -0.050000 0.290734
v 5.905092 0.050000 0.290734
v 5.908083 -0.050000 0.236456
v 5.908083 0.050000 0.236456
v 6.208266 -0.050000 0.261295
v 6.208266 0.050000 0.261295
v 6.244145 -0.050000 0.777395
v 6.244145 0.050000 0.777395
v 5.790879 -0.050000 0.777395
v 5.790879 0.050000 0.777395
v 5.793868 -0.050000 0.723117
v 5.793868 0.050000 0.723117
v 6.111993 -0.050000 0.723117
v 6.111993 0.050000 0.723117
v 6.123354 -0.050000 0.535444
v 6.123354 0.050000 0.535444
v 5.786693 -0.050000 0.546484
v 5.786693 0.050000 0.546484
v 5.799850 -0.050000 0.341332
v 5.799850 0.050000 0.341332
v 5.935590 -0.050000 0.341332
v 5.935590 0.050000 0.341332
v 5.927815 -0.050000 0.488526
v 5.927815 0.050000 0.488526
v 6.262084 -0.050000 0.478407
v 6.262084 0.050000 0.478407
v 6.642396 -0.050000 0.777395
v 6.642396 0.050000 0.777395
v 6.509646 -0.050000 0.777395
v 6.509646 0.050000 0.777395
v 6.512635 -0.050000 0.722197
v 6.512635 0.050000 0.722197
v 6.645387 -0.050000 0.722197
v 6.645387 0.050000 0.722197
v 6.656151 -0.050000 0.530845
v 6.656151 0.050000 0.530845
v 6.537750 -0.050000 0.530845
v 6.537750 0.050000 0.530845
v 6.540741 -0.050000 0.475647
v 6.540741 0.050000 0.475647
v 6.659140 -0.050000 0.475647
v 6.659140 0.050000 0.475647
v 6.667512 -0.050000 0.332133
v 6.667512 0.050000 0.332133
v 6.535359 -0.050000 0.332133
v 6.535359 0.050000 0.332133
v 6.538348 -0.050000 0.276935
v 6.538348 0.050000 0.276935
v 6.668707 -0.050000 0.276935
v 6.668707 0.050000 0.276935
v 6.659738 -0.050000 0.225417
v 6.659738 0.050000 0.225417
v 6.779333 -0.050000 0.225417
v 6.779333 0.050000 0.225417
v 6.788302 -0.050000 0.276935
v 6.788302 0.050000 0.276935
v 6.790096 -0.050000 0.276935
v 6.790096 0.050000 0.276935
v 6.919260 -0.050000 0.276935
v 6.919260 0.050000 0.276935
v 6.916269 -0.050000 0.332133
v 6.916269 0.050000 0.332133
v 6.787107 -0.050000 0.332133
v 6.787107 0.050000 0.332133
v 6.778734 -0.050000 0.475647
v 6.778734 0.050000 0.475647
v 6.892949 -0.050000 0.475647
v 6.892949 0.050000 0.475647
v 6.889958 -0.050000 0.530845
v 6.889958 0.050000 0.530845
v 6.775745 -0.050000 0.530845
v 6.775745 0.050000 0.530845
v 6.764982 -0.050000 0.722197
v 6.764982 0.050000 0.722197
v 6.893547 -0.050000 0.722197
v 6.893547 0.050000 0.722197
v 6.890556 -0.050000 0.777395
v 6.890556 0.050000 0.777395
v 6.761992 -0.050000 0.777395
v 6.761992 0.050000 0.777395
v 6.514429 -0.050000 0.310053
v 6.514429 0.050000 0.310053
v 6.382277 -0.050000 0.280615
v 6.382277 0.050000 0.280615
v 6.385266 -0.050000 0.225417
v 6.385266 0.050000 0.225417
v 6.517420 -0.050000 0.254856
v 6.517420 0.050000 0.254856
v 6.506656 -0.050000 0.447128
v 6.506656 0.050000 0.447128
v 6.374503 -0.050000 0.417689
v 6.374503 0.050000 0.417689
v 6.377493 -0.050000 0.362491
v 6.377493 0.050000 0.362491
v 6.509646 -0.050000 0.391930
v 6.509646 0.050000 0.391930
v 6.448653 -0.050000 0.777395
v 6.448653 0.050000 0.777395
v 6.352976 -0.050000 0.777395
v 6.352976 0.050000 0.777395
v 6.407392 -0.050000 0.519805
v 6.407392 0.050000 0.519805
v 6.503068 -0.050000 0.519805
v 6.503068 0.050000 0.519805
v 7.073536 -0.050000 0.291654
v 7.073536 0.050000 0.291654
v 7.014337 -0.050000 0.291654
v 7.014337 0.050000 0.291654
v 7.017327 -0.050000 0.236456
v 7.017327 0.050000 0.236456
v 7.208081 -0.050000 0.236456
v 7.208081 0.050000 0.236456
v 7.208081 -0.050000 0.225417
v 7.208081 0.050000 0.225417
v 7.322892 -0.050000 0.225417
v 7.322892 0.050000 0.225417
v 7.322892 -0.050000 0.236456
v 7.322892 0.050000 0.236456
v 7.514843 -0.050000 0.236456
v 7.514843 0.050000 0.236456
v 7.511853 -0.050000 0.291654
v 7.511853 0.050000 0.291654
v 7.449663 -0.050000 0.291654
v 7.449663 0.050000 0.291654
v 7.444282 -0.050000 0.321093
v 7.444282 0.050000 0.321093
v 7.527999 -0.050000 0.321093
v 7.527999 0.050000 0.321093
v 7.525008 -0.050000 0.376291
v 7.525008 0.050000 0.376291
v 6.989222 -0.050000 0.376291
v 6.989222 0.050000 0.376291
v 6.992211 -0.050000 0.321093
v 6.992211 0.050000 0.321093
v 7.074733 -0.050000 0.321093
v 7.074733 0.050000 0.321093
v 7.033473 -0.050000 0.630201
v 7.033473 0.050000 0.630201
v 7.020915 -0.050000 0.630201
v 7.020915 0.050000 0.630201
v 7.034070 -0.050000 0.393770
v 7.034070 0.050000 0.393770
v 7.046029 -0.050000 0.393770
v 7.046029 0.050000 0.393770
v 7.148881 -0.050000 0.393770
v 7.148881 0.050000 0.393770
v 7.361761 -0.050000 0.393770
v 7.361761 0.050000 0.393770
v 7.467006 -0.050000 0.393770
v 7.467006 0.050000 0.393770
v 7.476573 -0.050000 0.393770
v 7.476573 0.050000 0.393770
v 7.463417 -0.050000 0.630201
v 7.463417 0.050000 0.630201
v 7.454448 -0.050000 0.630201
v 7.454448 0.050000 0.630201
v 7.348605 -0.050000 0.630201
v 7.348605 0.050000 0.630201
v 7.135726 -0.050000 0.630201
v 7.135726 0.050000 0.630201
v 7.076527 -0.050000 0.777395
v 7.076527 0.050000 0.777395
v 6.976067 -0.050000 0.777395
v 6.976067 0.050000 0.777395
v 7.001780 -0.050000 0.648600
v 7.001780 0.050000 0.648600
v 7.102240 -0.050000 0.648600
v 7.102240 0.050000 0.648600
v 7.138716 -0.050000 0.777395
v 7.138716 0.050000 0.777395
v 7.133932 -0.050000 0.777395
v 7.133932 0.050000 0.777395
v 7.140511 -0.050000 0.648600
v 7.140511 0.050000 0.648600
v 7.245753 -0.050000 0.648600
v 7.245753 0.050000 0.648600
v 7.242166 -0.050000 0.722197
v 7.242166 0.050000 0.722197
v 7.497501 -0.050000 0.722197
v 7.497501 0.050000 0.722197
v 7.494513 -0.050000 0.777395
v 7.494513 0.050000 0.777395
v 7.239177 -0.050000 0.777395
v 7.239177 0.050000 0.777395
v 7.356379 -0.050000 0.707478
v 7.356379 0.050000 0.707478
v 7.270270 -0.050000 0.707478
v 7.270270 0.050000 0.707478
v 7.264890 -0.050000 0.648600
v 7.264890 0.050000 0.648600
v 7.350997 -0.050000 0.648600
v 7.350997 0.050000 0.648600
v 7.475975 -0.050000 0.707478
v 7.475975 0.050000 0.707478
v 7.389867 -0.050000 0.707478
v 7.389867 0.050000 0.707478
v 7.384484 -0.050000 0.648600
v 7.384484 0.050000 0.648600
v 7.470593 -0.050000 0.648600
v 7.470593 0.050000 0.648600
v 7.334852 -0.050000 0.291654
v 7.334852 0.050000 0.291654
v 7.188348 -0.050000 0.291654
v 7.188348 0.050000 0.291654
v 7.189545 -0.050000 0.321093
v 7.189545 0.050000 0.321093
v 7.329471 -0.050000 0.321093
v 7.329471 0.050000 0.321093
v 7.145892 -0.050000 0.448968
v 7.145892 0.050000 0.448968
v 7.144098 -0.050000 0.483007
v 7.144098 0.050000 0.483007
v 7.356977 -0.050000 0.483007
v 7.356977 0.050000 0.483007
v 7.358771 -0.050000 0.448968
v 7.358771 0.050000 0.448968
v 7.141108 -0.050000 0.538204
v 7.141108 0.050000 0.538204
v 7.138716 -0.050000 0.575003
v 7.138716 0.050000 0.575003
v 7.351596 -0.050000 0.575003
v 7.351596 0.050000 0.575003
v 7.353988 -0.050000 0.538204
v 7.353988 0.050000 0.538204
v 7.660151 -0.050000 0.330293
v 7.660151 0.050000 0.330293
v 7.618891 -0.050000 0.330293
v 7.618891 0.050000 0.330293
v 7.621881 -0.050000 0.276015
v 7.621881 0.050000 0.276015
v 7.666131 -0.050000 0.276015
v 7.666131 0.050000 0.276015
v 7.670317 -0.050000 0.236456
v 7.670317 0.050000 0.236456
v 7.801871 -0.050000 0.236456
v 7.801871 0.050000 0.236456
v 7.797685 -0.050000 0.276015
v 7.797685 0.050000 0.276015
v 8.048238 -0.050000 0.276015
v 8.048238 0.050000 0.276015
v 8.045247 -0.050000 0.330293
v 8.045247 0.050000 0.330293
v 7.791705 -0.050000 0.330293
v 7.791705 0.050000 0.330293
v 7.743270 -0.050000 0.777395
v 7.743270 0.050000 0.777395
v 7.611714 -0.050000 0.777395
v 7.611714 0.050000 0.777395
v 8.111025 -0.050000 0.777395
v 8.111025 0.050000 0.777395
v 7.825191 -0.050000 0.748876
v 7.825191 0.050000 0.748876
v 7.828182 -0.050000 0.694598
v 7.828182 0.050000 0.694598
v 8.114015 -0.050000 0.723117
v 8.114015 0.050000 0.723117
v 8.103848 -0.050000 0.492206
v 8.103848 0.050000 0.492206
v 7.850904 -0.050000 0.492206
v 7.850904 0.050000 0.492206
v 7.853895 -0.050000 0.438848
v 7.853895 0.050000 0.438848
v 8.106839 -0.050000 0.438848
v 8.106839 0.050000 0.438848
v 8.140924 -0.050000 0.236456
v 8.140924 0.050000 0.236456
v 8.135541 -0.050000 0.326613
v 8.135541 0.050000 0.326613
v 8.109828 -0.050000 0.326613
v 8.109828 0.050000 0.326613
v 8.115211 -0.050000 0.236456
v 8.115211 0.050000 0.236456
v 8.096075 -0.050000 0.236456
v 8.096075 0.050000 0.236456
v 8.091291 -0.050000 0.326613
v 8.091291 0.050000 0.326613
v 8.065578 -0.050000 0.326613
v 8.065578 0.050000 0.326613
v 8.070362 -0.050000 0.236456
v 8.070362 0.050000 0.236456
vn -0.0000 1.0000 -0.0000
vn -0.0000 -1.0000 -0.0000
vn -0.8601 -0.0000 0.5102
vn 0.8140 -0.0000 0.5808
vn -0.8145 -0.0000 -0.5801
vn 0.8604 -0.0000 -0.5095
vn 0.8145 -0.0000 0.5801
vn -0.8606 -0.0000 0.5094
vn -0.8605 -0.0000 0.5094
vn 0.8600 -0.0000 -0.5102
vn -0.8139 -0.0000 -0.5810
vn 0.8601 -0.0000 -0.5102
vn -0.8898 -0.0000 0.4563
vn 0.7718 -0.0000 0.6359
vn 0.7882 -0.0000 0.6155
vn -0.8798 -0.0000 0.4754
vn -0.7878 -0.0000 -0.6160
vn 0.8808 -0.0000 -0.4734
vn 0.8582 -0.0000 -0.5133
vn 0.8168 -0.0000 0.5770
vn 0.8167 -0.0000 0.5770
vn -0.8406 -0.0000 0.5416
vn 0.8351 -0.0000 0.5500
vn -0.8362 -0.0000 -0.5484
vn 0.8417 -0.0000 -0.5399
vn -0.8363 -0.0000 -0.5483
vn 0.8417 -0.0000 -0.5400
vn -0.9057 -0.0000 0.4240
vn 0.7424 -0.0000 0.6700
vn -0.7424 -0.0000 -0.6700
vn 0.9057 -0.0000 -0.4240
vn -0.8590 -0.0000 0.5120
vn 0.8150 -0.0000 0.5795
vn 0.8149 -0.0000 0.5796
vn -0.8159 -0.0000 -0.5783
vn 0.8592 -0.0000 -0.5117
vn -0.8159 -0.0000 -0.5782
vn 0.8591 -0.0000 -0.5117
vn -0.8547 -0.0000 0.5192
vn -0.9024 -0.0000 0.4308
vn -0.8209 -0.0000 -0.5710
vn -0.7497 -0.0000 -0.6618
vn 0.9020 -0.0000 -0.4317
vn 0.8587 -0.0000 -0.5125
vn 0.8162 -0.0000 0.5778
vn -0.8587 -0.0000 0.5125
vn 0.7488 -0.0000 0.6628
vn -0.9025 -0.0000 0.4308
vn 0.7488 -0.0000 0.6627
vn -0.8368 -0.0000 0.5475
vn 0.8400 -0.0000 0.5426
vn 0.8400 -0.0000 0.5425
vn -0.8400 -0.0000 -0.5425
vn 0.8368 -0.0000 -0.5475
vn -0.8400 -0.0000 -0.5426
vn -0.8703 -0.0000 0.4924
vn 0.8013 -0.0000 0.5983
vn -0.8013 -0.0000 -0.5983
vn -0.8703 -0.0000 0.4925
vn 0.8703 -0.0000 -0.4924
vn 0.8703 -0.0000 -0.4925
vn -0.8585 -0.0000 0.5127
vn 0.8143 -0.0000 0.5804
vn -0.8164 -0.0000 -0.5775
vn -0.8585 -0.0000 0.5128
vn -0.8141 -0.0000 -0.5807
vn -0.8556 -0.0000 0.5177
vn -0.8568 -0.0000 0.5156
vn -0.8126 -0.0000 -0.5829
vn 0.8578 -0.0000 -0.5141
vn -0.8126 -0.0000 -0.5828
vn 0.8532 -0.0000 -0.5215
vn 0.8558 -0.0000 -0.5174
vn 0.8557 -0.0000 -0.5174
vn -0.0000 -0.0000 1.0000
vn -0.8586 -0.0000 0.5127
vn 0.7657 -0.0000 0.6432
vn 0.8934 -0.0000 -0.4493
vn -0.0000 -0.0000 -1.0000
vn 0.8934 -0.0000 -0.4494
vn 0.8582 -0.0000 -0.5134
vn 0.8168 -0.0000 0.5769
vn 0.8581 -0.0000 -0.5134
vn -0.8581 -0.0000 0.5135
vn -0.8581 -0.0000 0.5134
vn 0.7685 -0.0000 0.6398
vn 0.8917 -0.0000 -0.4526
vn 0.8369 -0.0000 -0.5474
vn 0.8918 -0.0000 -0.4525
vn -0.8384 -0.0000 0.5450
vn -0.8235 -0.0000 0.5673
vn 0.8321 -0.0000 0.5547
vn -0.8589 -0.0000 0.5121
vn -0.8158 -0.0000 -0.5783
vn -0.7657 -0.0000 -0.6432
vn -0.8934 -0.0000 0.4493
vn 0.8631 -0.0000 -0.5051
vn 0.9157 -0.0000 -0.4018
vn 0.8631 -0.0000 -0.5050
vn -0.6064 -0.0000 -0.7951
vn -0.9139 -0.0000 0.4059
vn -0.6064 -0.0000 -0.7952
vn -0.8582 -0.0000 0.5133
vn -0.8168 -0.0000 -0.5770
vn -0.8161 -0.0000 -0.5779
vn 0.8587 -0.0000 -0.5124
vn 0.7277 -0.0000 0.6859
vn 0.9516 -0.0000 -0.3075
vn -0.7256 -0.0000 -0.6881
vn -0.8164 -0.0000 -0.5774
vn 0.8568 -0.0000 -0.5157
vn 0.3352 -0.0000 -0.9421
vn -0.7222 -0.0000 -0.6916
vn 0.3354 -0.0000 -0.9421
vn 0.9142 -0.0000 -0.4053
vn -0.7302 -0.0000 -0.6833
vn -0.7301 -0.0000 -0.6833
vn 0.9114 -0.0000 -0.4115
vn 0.8158 -0.0000 0.5784
vn 0.8590 -0.0000 -0.5119
vn 0.8158 -0.0000 0.5783
vn 0.8160 -0.0000 0.5780
vn 0.8588 -0.0000 -0.5123
vn 0.8153 -0.0000 0.5790
vn 0.8594 -0.0000 -0.5112
vn 0.8594 -0.0000 -0.5113
vn -0.8590 -0.0000 0.5119
vn -0.8160 -0.0000 -0.5780
vn -0.8588 -0.0000 0.5123
vn -0.8153 -0.0000 -0.5790
vn -0.8594 -0.0000 0.5112
vn -0.8594 -0.0000 0.5113
vn -0.9211 -0.0000 0.3893
vn -0.8002 -0.0000 -0.5997
vn 0.6122 -0.0000 0.7907
vn 0.9124 -0.0000 -0.4094
vn 0.9124 -0.0000 -0.4093
vn -0.7246 -0.0000 -0.6892
vn 0.8602 -0.0000 -0.5099
vn -0.9491 -0.0000 0.3149
vn -0.7246 -0.0000 -0.6891
vn 0.7336 -0.0000 0.6796
vn 0.8091 -0.0000 0.5876
vn 0.8899 -0.0000 -0.4562
vn -0.8304 -0.0000 0.5572
vn 0.8091 -0.0000 0.5877
vn -0.8142 -0.0000 -0.5806
vn 0.8803 -0.0000 -0.4744
vn -0.1814 -0.0000 0.9834
vn -0.1817 -0.0000 0.9833
vn -0.8512 -0.0000 -0.5249
vn 0.8153 -0.0000 0.5791
vn -0.7886 -0.0000 0.6149
vn -0.7899 -0.0000 0.6132
vn -0.8783 -0.0000 -0.4781
vn -0.7900 -0.0000 0.6132
vn -0.8790 -0.0000 -0.4768
vn -0.8591 -0.0000 0.5118
vn -0.8589 -0.0000 0.5122
vn -0.8160 -0.0000 -0.5781
vn -0.8171 -0.0000 -0.5766
vn -0.8171 -0.0000 -0.5765
vn 0.8058 -0.0000 -0.5922
vn -0.1595 -0.0000 -0.9872
vn 0.8607 -0.0000 -0.5092
vn 0.8585 -0.0000 -0.5128
vn 0.8164 -0.0000 0.5775
vn -0.8603 -0.0000 0.5099
vn -0.8106 -0.0000 0.5856
vn -0.8602 -0.0000 0.5099
vn 0.8640 -0.0000 0.5035
vn -0.8107 -0.0000 0.5855
vn -0.9299 -0.0000 0.3678
vn -0.9299 -0.0000 0.3679
vn 0.9301 -0.0000 -0.3672
vn 0.8596 -0.0000 -0.5109
vn 0.8150 -0.0000 0.5794
vn -0.8586 -0.0000 0.5126
vn -0.8162 -0.0000 -0.5777
vn -0.8163 -0.0000 -0.5777
vn -0.8156 -0.0000 -0.5786
vn -0.8592 -0.0000 0.5117
vn -0.6835 -0.0000 -0.7300
vn -0.8187 -0.0000 -0.5743
vn -0.8187 -0.0000 -0.5742
vn 0.8161 -0.0000 0.5779
vn 0.8588 -0.0000 -0.5124
vn -0.8566 -0.0000 0.5160
vn -0.8601 -0.0000 0.5101
vn 0.8145 -0.0000 0.5802
vn 0.8601 -0.0000 -0.5101
vn 0.8151 -0.0000 0.5793
vn 0.8596 -0.0000 -0.5110
vn 0.8589 -0.0000 -0.5122
vn 0.8160 -0.0000 0.5781
vn -0.8583 -0.0000 0.5131
vn -0.8167 -0.0000 -0.5771
vn -0.8583 -0.0000 0.5132
vn -0.8151 -0.0000 -0.5793
vn -0.8596 -0.0000 0.5110
vn -0.8145 -0.0000 -0.5802
vn -0.8594 -0.0000 0.5114
vn 0.8154 -0.0000 0.5789
vn -0.8154 -0.0000 -0.5789
vn 0.8594 -0.0000 -0.5114
vn -0.8147 -0.0000 -0.5799
vn 0.8599 -0.0000 -0.5105
vn 0.8599 -0.0000 -0.5104
vn -0.8599 -0.0000 0.5104
vn 0.8147 -0.0000 0.5799
vn -0.8599 -0.0000 0.5105
vn 0.8172 -0.0000 0.5763
vn 0.8578 -0.0000 -0.5139
vn -0.8578 -0.0000 0.5139
vn -0.8172 -0.0000 -0.5763
vn -0.8163 -0.0000 -0.5776
vn -0.1270 -0.0000 -0.9919
vn -0.9404 -0.0000 -0.3401
vn -0.9167 -0.0000 -0.3996
vn 0.7166 -0.0000 -0.6975
vn -0.9167 -0.0000 -0.3995
vn 0.6488 -0.0000 -0.7610
vn 0.8174 -0.0000 -0.5761
vn 0.8576 -0.0000 0.5143
vn 0.8173 -0.0000 -0.5762
vn 0.8576 -0.0000 0.5142
vn 0.8585 -0.0000 -0.5127
vn 0.8586 -0.0000 -0.5127
vn 0.8604 -0.0000 -0.5097
vn -0.9360 -0.0000 0.3520
vn -0.6384 -0.0000 0.7697
vn -0.6649 -0.0000 -0.7470
vn 0.9356 -0.0000 -0.3530
vn -0.6648 -0.0000 -0.7470
vn 0.9357 -0.0000 -0.3529
vn 0.6378 -0.0000 -0.7702
vn 0.0607 -0.0000 -0.9982
vn 0.6377 -0.0000 -0.7703
vn -0.6006 -0.0000 -0.7996
vn 0.0608 -0.0000 -0.9982
vn -0.9143 -0.0000 -0.4050
vn 0.7240 -0.0000 -0.6898
vn 0.9141 -0.0000 0.4054
vn 0.7240 -0.0000 -0.6897
vn 0.5957 -0.0000 0.8032
vn 0.9996 -0.0000 0.0294
vn 0.9437 -0.0000 0.3307
vn -0.6356 -0.0000 0.7720
vn -0.0602 -0.0000 0.9982
vn 0.5986 -0.0000 0.8010
vn -0.9541 -0.0000 0.2995
vn 0.5986 -0.0000 0.8011
vn -0.9996 -0.0000 -0.0290
vn -0.8903 -0.0000 0.4554
vn -0.7685 -0.0000 -0.6398
vn 0.8917 -0.0000 -0.4525
vn 0.8610 -0.0000 -0.5085
vn 0.8133 -0.0000 0.5818
vn -0.8609 -0.0000 0.5087
vn 0.7710 -0.0000 0.6368
vn -0.8610 -0.0000 0.5087
vn 0.8583 -0.0000 -0.5132
vn 0.8167 -0.0000 0.5771
vn 0.8129 -0.0000 0.5825
vn 0.8614 -0.0000 -0.5079
vn 0.9955 -0.0000 0.0944
vn 0.9141 -0.0000 -0.4054
vn 0.9955 -0.0000 0.0946
vn 0.7235 -0.0000 0.6904
vn 0.7220 -0.0000 0.6919
vn 0.7235 -0.0000 0.6903
vn 0.8157 -0.0000 0.5785
vn -0.8593 -0.0000 0.5114
vn -0.7867 -0.0000 0.6174
vn -0.7852 -0.0000 0.6192
vn -0.8815 -0.0000 -0.4722
vn -0.7852 -0.0000 0.6193
vn -0.9960 -0.0000 0.0898
vn -0.9960 -0.0000 0.0896
vn -0.8129 -0.0000 -0.5824
vn -0.8614 -0.0000 0.5080
vn -0.8129 -0.0000 -0.5825
vn -0.8614 -0.0000 0.5079
vn 0.8579 -0.0000 -0.5138
vn 0.8171 -0.0000 0.5765
vn -0.8579 -0.0000 0.5138
vn 0.8171 -0.0000 0.5764
vn -0.8372 -0.0000 0.5469
vn 0.8402 -0.0000 0.5422
vn -0.8396 -0.0000 -0.5432
vn -0.8372 -0.0000 0.5468
vn -0.8397 -0.0000 -0.5431
vn 0.8579 -0.0000 -0.5139
vn -0.8595 -0.0000 0.5111
vn 0.8595 -0.0000 -0.5111
vn 0.8156 -0.0000 0.5786
vn 0.8176 -0.0000 0.5758
vn -0.8576 -0.0000 0.5144
vn 0.8602 -0.0000 -0.5100
vn 0.8144 -0.0000 0.5803
vn -0.8144 -0.0000 -0.5803
vn -0.8602 -0.0000 0.5100
vn 0.8619 -0.0000 -0.5070
vn 0.8122 -0.0000 0.5833
vn -0.8122 -0.0000 -0.5834
vn -0.8619 -0.0000 0.5070
vn 0.9832 -0.0000 0.1823
vn 0.9992 -0.0000 0.0402
vn -0.4169 -0.0000 0.9090
vn 0.9833 -0.0000 0.1822
vn -0.9987 -0.0000 -0.0501
vn -0.3153 -0.0000 -0.9490
vn 0.9900 -0.0000 -0.1411
vn 0.9900 -0.0000 -0.1412
vn -0.9017 -0.0000 0.4323
vn 0.8147 -0.0000 0.5798
vn 0.7502 -0.0000 0.6612
vn -0.7900 -0.0000 0.6131
vn -0.8156 -0.0000 -0.5787
vn -0.8167 -0.0000 -0.5770
vn -0.8150 -0.0000 -0.5794
vn -0.8597 -0.0000 0.5109
vn -0.8597 -0.0000 0.5108
vn -0.8948 -0.0000 -0.4464
vn -0.8949 -0.0000 -0.4464
vn 0.7631 -0.0000 -0.6463
vn -0.8949 -0.0000 -0.4463
vn 0.8597 -0.0000 -0.5109
vn 0.8159 -0.0000 0.5782
vn 0.8589 -0.0000 -0.5121
vn -0.8883 -0.0000 0.4592
vn 0.7743 -0.0000 0.6328
vn -0.7743 -0.0000 -0.6328
vn -0.8883 -0.0000 0.4593
vn 0.8883 -0.0000 -0.4592
vn 0.8883 -0.0000 -0.4593
vn -0.9042 -0.0000 0.4270
vn 0.7452 -0.0000 0.6668
vn -0.7452 -0.0000 -0.6668
vn 0.9042 -0.0000 -0.4270
vn -0.8223 -0.0000 0.5691
vn -0.8224 -0.0000 0.5690
vn -0.8385 -0.0000 -0.5450
vn -0.8384 -0.0000 -0.5450
vn 0.8384 -0.0000 -0.5450
vn 0.8385 -0.0000 -0.5450
vn 0.7589 -0.0000 0.6512
vn 0.8971 -0.0000 -0.4418
vn 0.8971 -0.0000 -0.4417
vn -0.8534 -0.0000 -0.5212
vn -0.8535 -0.0000 -0.5211
vn -0.8587 -0.0000 0.5124
vn -0.8161 -0.0000 -0.5778
vn -0.9014 -0.0000 0.4330
vn 0.7509 -0.0000 0.6605
vn -0.7509 -0.0000 -0.6605
vn 0.9014 -0.0000 -0.4330
vn -0.8571 -0.0000 0.5151
vn -0.8181 -0.0000 -0.5751
vn -0.8572 -0.0000 0.5151
vn 0.8563 -0.0000 -0.5164
vn -0.8008 -0.0000 0.5989
vn 0.8706 -0.0000 0.4919
vn -0.8706 -0.0000 -0.4919
vn -0.8009 -0.0000 0.5989
vn 0.8008 -0.0000 -0.5989
vn 0.8009 -0.0000 -0.5989
vn 0.8707 -0.0000 0.4919
vn -0.8707 -0.0000 -0.4919
vn 0.8535 -0.0000 0.5211
vn -0.8971 -0.0000 0.4418
vn 0.8223 -0.0000 -0.5690
vn 0.8535 -0.0000 0.5212
vn -0.7589 -0.0000 -0.6512
vn 0.8224 -0.0000 -0.5690
vn 0.8577 -0.0000 -0.5142
vn 0.8173 -0.0000 0.5762
vn 0.8174 -0.0000 0.5761
vn -0.8174 -0.0000 -0.5761
vn -0.8577 -0.0000 0.5142
vn 0.8619 -0.0000 -0.5071
vn 0.8122 -0.0000 0.5834
vn 0.8620 -0.0000 -0.5070
vn -0.8760 -0.0000 0.4823
vn -0.8760 -0.0000 0.4824
vn -0.7945 -0.0000 -0.6073
vn 0.8752 -0.0000 -0.4838
vn -0.7945 -0.0000 -0.6072
vn 0.8752 -0.0000 -0.4837
vn 0.7934 -0.0000 0.6087
vn 0.7934 -0.0000 0.6088
vn -0.8727 -0.0000 0.4883
vn 0.7981 -0.0000 0.6026
vn 0.7980 -0.0000 0.6026
vn -0.7980 -0.0000 -0.6026
vn 0.8727 -0.0000 -0.4883
vt 0.370370 0.000000
vt 0.000000 0.000000
vt 0.407407 0.000000
vt 0.074074 0.000000
vt 0.037037 0.000000
vt 0.111111 0.000000
vt 0.333333 0.000000
vt 0.222222 0.000000
vt 0.148148 0.000000
vt 0.185185 0.000000
vt 1.000000 0.000000
vt 0.925926 0.000000
vt 0.888889 0.000000
vt 0.962963 0.000000
vt 0.777778 0.000000
vt 0.740741 0.000000
vt 0.851852 0.000000
vt 0.814815 0.000000
vt 0.518519 0.000000
vt 0.481481 0.000000
vt 0.444444 0.000000
vt 0.555556 0.000000
vt 0.666667 0.000000
vt 0.629630 0.000000
vt 0.592593 0.000000
vt 0.296296 0.000000
vt 0.259259 0.000000
vt 0.703704 0.000000
vt 0.305085 0.000000
vt 0.271186 0.000000
vt 0.322034 0.000000
vt 0.508475 0.000000
vt 0.491525 0.000000
vt 0.474576 0.000000
vt 0.525424 0.000000
vt 0.288136 0.000000
vt 0.033898 0.000000
vt 0.016949 0.000000
vt 0.661017 0.000000
vt 0.610169 0.000000
vt 0.542373 0.000000
vt 0.576271 0.000000
vt 0.593220 0.000000
vt 0.559322 0.000000
vt 0.457627 0.000000
vt 0.966102 0.000000
vt 0.949153 0.000000
vt 0.898305 0.000000
vt 0.881356 0.000000
vt 0.338983 0.000000
vt 0.254237 0.000000
vt 0.830508 0.000000
vt 0.050847 0.000000
vt 0.813559 0.000000
vt 0.101695 0.000000
vt 0.677966 0.000000
vt 0.728814 0.000000
vt 0.694915 0.000000
vt 0.711864 0.000000
vt 0.915254 0.000000
vt 0.423729 0.000000
vt 0.406780 0.000000
vt 0.372881 0.000000
vt 0.203390 0.000000
vt 0.186441 0.000000
vt 0.169492 0.000000
vt 0.389830 0.000000
vt 0.135593 0.000000
vt 0.118644 0.000000
vt 0.152542 0.000000
vt 0.762712 0.000000
vt 0.745763 0.000000
vt 0.796610 0.000000
vt 0.983051 0.000000
vt 0.440678 0.000000
vt 0.932203 0.000000
vt 0.355932 0.000000
vt 0.644068 0.000000
vt 0.067797 0.000000
vt 0.084746 0.000000
vt 0.847458 0.000000
vt 0.220339 0.000000
vt 0.864407 0.000000
vt 0.237288 0.000000
vt 0.627119 0.000000
vt 0.779661 0.000000
vt 0.921053 0.000000
vt 0.973684 0.000000
vt 0.947368 0.000000
vt 0.052632 0.000000
vt 0.026316 0.000000
vt 0.842105 0.000000
vt 0.815789 0.000000
vt 0.894737 0.000000
vt 0.868421 0.000000
vt 0.710526 0.000000
vt 0.789474 0.000000
vt 0.736842 0.000000
vt 0.763158 0.000000
vt 0.684211 0.000000
vt 0.605263 0.000000
vt 0.078947 0.000000
vt 0.105263 0.000000
vt 0.578947 0.000000
vt 0.184211 0.000000
vt 0.500000 0.000000
vt 0.210526 0.000000
vt 0.394737 0.000000
vt 0.368421 0.000000
vt 0.473684 0.000000
vt 0.447368 0.000000
vt 0.421053 0.000000
vt 0.657895 0.000000
vt 0.631579 0.000000
vt 0.552632 0.000000
vt 0.526316 0.000000
vt 0.289474 0.000000
vt 0.342105 0.000000
vt 0.315789 0.000000
vt 0.157895 0.000000
vt 0.131579 0.000000
vt 0.263158 0.000000
vt 0.236842 0.000000
vt 0.923077 0.000000
vt 0.769231 0.000000
vt 0.692308 0.000000
vt 0.615385 0.000000
vt 0.538462 0.000000
vt 0.307692 0.000000
vt 0.230769 0.000000
vt 0.153846 0.000000
vt 0.384615 0.000000
vt 0.461538 0.000000
vt 0.846154 0.000000
vt 0.076923 0.000000
vt 0.117647 0.000000
vt 0.058824 0.000000
vt 0.647059 0.000000
vt 0.352941 0.000000
vt 0.176471 0.000000
vt 0.235294 0.000000
vt 0.764706 0.000000
vt 0.705882 0.000000
vt 0.823529 0.000000
vt 0.882353 0.000000
vt 0.529412 0.000000
vt 0.470588 0.000000
vt 0.588235 0.000000
vt 0.411765 0.000000
vt 0.294118 0.000000
vt 0.941176 0.000000
vt 0.200000 0.000000
vt 0.150000 0.000000
vt 0.100000 0.000000
vt 0.250000 0.000000
vt 0.400000 0.000000
vt 0.350000 0.000000
vt 0.300000 0.000000
vt 0.450000 0.000000
vt 0.850000 0.000000
vt 0.800000 0.000000
vt 0.750000 0.000000
vt 0.950000 0.000000
vt 0.700000 0.000000
vt 0.650000 0.000000
vt 0.900000 0.000000
vt 0.600000 0.000000
vt 0.050000 0.000000
vt 0.550000 0.000000
vt 0.038462 0.000000
vt 0.115385 0.000000
vt 0.423077 0.000000
vt 0.346154 0.000000
vt 0.192308 0.000000
vt 0.576923 0.000000
vt 0.653846 0.000000
vt 0.807692 0.000000
vt 0.884615 0.000000
vt 0.730769 0.000000
vt 0.961538 0.000000
vt 0.269231 0.000000
vt 0.645161 0.000000
vt 0.612903 0.000000
vt 0.580645 0.000000
vt 0.741935 0.000000
vt 0.935484 0.000000
vt 0.096774 0.000000
vt 0.064516 0.000000
vt 0.032258 0.000000
vt 0.709677 0.000000
vt 0.354839 0.000000
vt 0.903226 0.000000
vt 0.806452 0.000000
vt 0.774194 0.000000
vt 0.129032 0.000000
vt 0.387097 0.000000
vt 0.483871 0.000000
vt 0.451613 0.000000
vt 0.322581 0.000000
vt 0.967742 0.000000
vt 0.225806 0.000000
vt 0.193548 0.000000
vt 0.258065 0.000000
vt 0.290323 0.000000
vt 0.161290 0.000000
vt 0.870968 0.000000
vt 0.838710 0.000000
vt 0.548387 0.000000
vt 0.516129 0.000000
vt 0.677419 0.000000
vt 0.419355 0.000000
vt 0.080000 0.000000
vt 0.040000 0.000000
vt 0.120000 0.000000
vt 0.240000 0.000000
vt 0.440000 0.000000
vt 0.280000 0.000000
vt 0.520000 0.000000
vt 0.480000 0.000000
vt 0.160000 0.000000
vt 0.720000 0.000000
vt 0.680000 0.000000
vt 0.640000 0.000000
vt 0.960000 0.000000
vt 0.920000 0.000000
vt 0.880000 0.000000
vt 0.840000 0.000000
vt 0.560000 0.000000
vt 0.760000 0.000000
vt 0.360000 0.000000
vt 0.320000 0.000000
vt 0.595745 0.000000
vt 0.574468 0.000000
vt 0.553191 0.000000
vt 0.765957 0.000000
vt 0.702128 0.000000
vt 0.063830 0.000000
vt 0.659574 0.000000
vt 0.787234 0.000000
vt 0.042553 0.000000
vt 0.021277 0.000000
vt 0.085106 0.000000
vt 0.680851 0.000000
vt 0.744681 0.000000
vt 0.106383 0.000000
vt 0.531915 0.000000
vt 0.510638 0.000000
vt 0.489362 0.000000
vt 0.638298 0.000000
vt 0.808511 0.000000
vt 0.829787 0.000000
vt 0.723404 0.000000
vt 0.361702 0.000000
vt 0.425532 0.000000
vt 0.382979 0.000000
vt 0.914894 0.000000
vt 0.276596 0.000000
vt 0.255319 0.000000
vt 0.851064 0.000000
vt 0.936170 0.000000
vt 0.872340 0.000000
vt 0.234043 0.000000
vt 0.191489 0.000000
vt 0.170213 0.000000
vt 0.212766 0.000000
vt 0.957447 0.000000
vt 0.148936 0.000000
vt 0.404255 0.000000
vt 0.893617 0.000000
vt 0.127660 0.000000
vt 0.978723 0.000000
vt 0.468085 0.000000
vt 0.446809 0.000000
vt 0.617021 0.000000
vt 0.297872 0.000000
vt 0.340426 0.000000
vt 0.319149 0.000000
vt 0.214286 0.000000
vt 0.190476 0.000000
vt 0.238095 0.000000
vt 0.595238 0.000000
vt 0.642857 0.000000
vt 0.619048 0.000000
vt 0.285714 0.000000
vt 0.547619 0.000000
vt 0.571429 0.000000
vt 0.380952 0.000000
vt 0.357143 0.000000
vt 0.309524 0.000000
vt 0.261905 0.000000
vt 0.142857 0.000000
vt 0.095238 0.000000
vt 0.071429 0.000000
vt 0.714286 0.000000
vt 0.690476 0.000000
vt 0.428571 0.000000
vt 0.476190 0.000000
vt 0.452381 0.000000
vt 0.166667 0.000000
vt 0.880952 0.000000
vt 0.857143 0.000000
vt 0.928571 0.000000
vt 0.833333 0.000000
vt 0.809524 0.000000
vt 0.904762 0.000000
vt 0.952381 0.000000
vt 0.738095 0.000000
vt 0.761905 0.000000
vt 0.785714 0.000000
vt 0.976190 0.000000
vt 0.523810 0.000000
vt 0.404762 0.000000
vt 0.119048 0.000000
vt 0.047619 0.000000
vt 0.023810 0.000000
vt 0.965517 0.000000
vt 0.586207 0.000000
vt 0.551724 0.000000
vt 0.896552 0.000000
vt 0.931035 0.000000
vt 0.517241 0.000000
vt 0.827586 0.000000
vt 0.793103 0.000000
vt 0.758621 0.000000
vt 0.344828 0.000000
vt 0.310345 0.000000
vt 0.620690 0.000000
vt 0.724138 0.000000
vt 0.275862 0.000000
vt 0.241379 0.000000
vt 0.206897 0.000000
vt 0.137931 0.000000
vt 0.103448 0.000000
vt 0.172414 0.000000
vt 0.448276 0.000000
vt 0.413793 0.000000
vt 0.379310 0.000000
vt 0.482759 0.000000
vt 0.689655 0.000000
vt 0.655172 0.000000
vt 0.068966 0.000000
vt 0.034483 0.000000
vt 0.862069 0.000000
vt 0.961165 0.000000
vt 0.203883 0.000000
vt 0.951456 0.000000
vt 0.213592 0.000000
vt 0.223301 0.000000
vt 0.233010 0.000000
vt 0.242718 0.000000
vt 0.970874 0.000000
vt 0.310680 0.000000
vt 0.300971 0.000000
vt 0.291262 0.000000
vt 0.902913 0.000000
vt 0.281553 0.000000
vt 0.912621 0.000000
vt 0.252427 0.000000
vt 0.941748 0.000000
vt 0.262136 0.000000
vt 0.271845 0.000000
vt 0.932039 0.000000
vt 0.330097 0.000000
vt 0.320388 0.000000
vt 0.990291 0.000000
vt 0.194175 0.000000
vt 0.155340 0.000000
vt 0.980583 0.000000
vt 0.165049 0.000000
vt 0.184466 0.000000
vt 0.174757 0.000000
vt 0.077670 0.000000
vt 0.145631 0.000000
vt 0.135922 0.000000
vt 0.087379 0.000000
vt 0.893204 0.000000
vt 0.067961 0.000000
vt 0.058252 0.000000
vt 0.864078 0.000000
vt 0.873786 0.000000
vt 0.456311 0.000000
vt 0.883495 0.000000
vt 0.446602 0.000000
vt 0.339806 0.000000
vt 0.349515 0.000000
vt 0.436893 0.000000
vt 0.407767 0.000000
vt 0.922330 0.000000
vt 0.368932 0.000000
vt 0.359223 0.000000
vt 0.378641 0.000000
vt 0.388350 0.000000
vt 0.398058 0.000000
vt 0.106796 0.000000
vt 0.097087 0.000000
vt 0.116505 0.000000
vt 0.009709 0.000000
vt 0.825243 0.000000
vt 0.048544 0.000000
vt 0.038835 0.000000
vt 0.029126 0.000000
vt 0.485437 0.000000
vt 0.466019 0.000000
vt 0.475728 0.000000
vt 0.524272 0.000000
vt 0.514563 0.000000
vt 0.747573 0.000000
vt 0.834951 0.000000
vt 0.737864 0.000000
vt 0.728155 0.000000
vt 0.844660 0.000000
vt 0.786408 0.000000
vt 0.757282 0.000000
vt 0.019417 0.000000
vt 0.495146 0.000000
vt 0.689320 0.000000
vt 0.679612 0.000000
vt 0.854369 0.000000
vt 0.805825 0.000000
vt 0.650485 0.000000
vt 0.815534 0.000000
vt 0.543689 0.000000
vt 0.533981 0.000000
vt 0.776699 0.000000
vt 0.611650 0.000000
vt 0.640777 0.000000
vt 0.631068 0.000000
vt 0.621359 0.000000
vt 0.572816 0.000000
vt 0.601942 0.000000
vt 0.592233 0.000000
vt 0.582524 0.000000
vt 0.718447 0.000000
vt 0.708738 0.000000
vt 0.699029 0.000000
vt 0.669903 0.000000
vt 0.660194 0.000000
vt 0.766990 0.000000
vt 0.553398 0.000000
vt 0.563107 0.000000
vt 0.796117 0.000000
vt 0.504854 0.000000
vt 0.126214 0.000000
vt 0.427184 0.000000
vt 0.417476 0.000000
vt 0.181818 0.000000
vt 0.090909 0.000000
vt 0.272727 0.000000
vt 0.545455 0.000000
vt 0.363636 0.000000
vt 0.636364 0.000000
vt 0.454545 0.000000
vt 0.909091 0.000000
vt 0.818182 0.000000
vt 0.727273 0.000000
vt 0.250000 1.000000
vt 0.000000 1.000000
vt 0.500000 1.000000
vt 0.750000 1.000000
vt 1.000000 1.000000
vt 0.083333 1.000000
vt 0.166667 1.000000
vt 0.083333 0.000000
vt 0.333333 1.000000
vt 0.416667 1.000000
vt 0.416667 0.000000
vt 0.583333 1.000000
vt 0.666667 1.000000
vt 0.583333 0.000000
vt 0.833333 1.000000
vt 0.916667 1.000000
vt 0.916667 0.000000
vt 0.125000 1.000000
vt 0.125000 0.000000
vt 0.375000 1.000000
vt 0.375000 0.000000
vt 0.625000 1.000000
vt 0.625000 0.000000
vt 0.875000 1.000000
vt 0.875000 0.000000
vt 0.071429 1.000000
vt 0.142857 1.000000
vt 0.214286 1.000000
vt 0.285714 1.000000
vt 0.357143 1.000000
vt 0.428571 1.000000
vt 0.571429 1.000000
vt 0.642857 1.000000
vt 0.714286 1.000000
vt 0.785714 1.000000
vt 0.857143 1.000000
vt 0.928571 1.000000
vt 0.100000 1.000000
vt 0.200000 1.000000
vt 0.300000 1.000000
vt 0.400000 1.000000
vt 0.600000 1.000000
vt 0.700000 1.000000
vt 0.800000 1.000000
vt 0.900000 1.000000
vt 0.012987 1.000000
vt 0.025974 1.000000
vt 0.012987 0.000000
vt 0.038961 1.000000
vt 0.025974 0.000000
vt 0.051948 1.000000
vt 0.038961 0.000000
vt 0.064935 1.000000
vt 0.051948 0.000000
vt 0.077922 1.000000
vt 0.064935 0.000000
vt 0.090909 1.000000
vt 0.077922 0.000000
vt 0.103896 1.000000
vt 0.116883 1.000000
vt 0.103896 0.000000
vt 0.129870 1.000000
vt 0.116883 0.000000
vt 0.129870 0.000000
vt 0.155844 1.000000
vt 0.168831 1.000000
vt 0.155844 0.000000
vt 0.181818 1.000000
vt 0.168831 0.000000
vt 0.194805 1.000000
vt 0.207792 1.000000
vt 0.194805 0.000000
vt 0.220779 1.000000
vt 0.207792 0.000000
vt 0.233766 1.000000
vt 0.220779 0.000000
vt 0.246753 1.000000
vt 0.233766 0.000000
vt 0.259740 1.000000
vt 0.246753 0.000000
vt 0.272727 1.000000
vt 0.259740 0.000000
vt 0.298701 1.000000
vt 0.311688 1.000000
vt 0.298701 0.000000
vt 0.324675 1.000000
vt 0.311688 0.000000
vt 0.337662 1.000000
vt 0.324675 0.000000
vt 0.350649 1.000000
vt 0.337662 0.000000
vt 0.363636 1.000000
vt 0.350649 0.000000
vt 0.376623 1.000000
vt 0.389610 1.000000
vt 0.376623 0.000000
vt 0.402597 1.000000
vt 0.389610 0.000000
vt 0.415584 1.000000
vt 0.402597 0.000000
vt 0.415584 0.000000
vt 0.441558 1.000000
vt 0.454545 1.000000
vt 0.441558 0.000000
vt 0.467532 1.000000
vt 0.480519 1.000000
vt 0.467532 0.000000
vt 0.493506 1.000000
vt 0.480519 0.000000
vt 0.506494 1.000000
vt 0.493506 0.000000
vt 0.519481 1.000000
vt 0.506494 0.000000
vt 0.532468 1.000000
vt 0.519481 0.000000
vt 0.545455 1.000000
vt 0.532468 0.000000
vt 0.558442 1.000000
vt 0.558442 0.000000
vt 0.584416 1.000000
vt 0.597403 1.000000
vt 0.584416 0.000000
vt 0.610390 1.000000
vt 0.597403 0.000000
vt 0.623377 1.000000
vt 0.610390 0.000000
vt 0.636364 1.000000
vt 0.623377 0.000000
vt 0.649351 1.000000
vt 0.662338 1.000000
vt 0.649351 0.000000
vt 0.675325 1.000000
vt 0.662338 0.000000
vt 0.688312 1.000000
vt 0.675325 0.000000
vt 0.701299 1.000000
vt 0.688312 0.000000
vt 0.701299 0.000000
vt 0.727273 1.000000
vt 0.740260 1.000000
vt 0.753247 1.000000
vt 0.740260 0.000000
vt 0.766234 1.000000
vt 0.753247 0.000000
vt 0.779221 1.000000
vt 0.766234 0.000000
vt 0.792208 1.000000
vt 0.779221 0.000000
vt 0.805195 1.000000
vt 0.792208 0.000000
vt 0.818182 1.000000
vt 0.805195 0.000000
vt 0.831169 1.000000
vt 0.844156 1.000000
vt 0.831169 0.000000
vt 0.844156 0.000000
vt 0.870130 1.000000
vt 0.883117 1.000000
vt 0.870130 0.000000
vt 0.896104 1.000000
vt 0.883117 0.000000
vt 0.909091 1.000000
vt 0.896104 0.000000
vt 0.922078 1.000000
vt 0.935065 1.000000
vt 0.922078 0.000000
vt 0.948052 1.000000
vt 0.935065 0.000000
vt 0.961039 1.000000
vt 0.948052 0.000000
vt 0.974026 1.000000
vt 0.961039 0.000000
vt 0.987013 1.000000
vt 0.974026 0.000000
vt 0.987013 0.000000
vt 0.047619 1.000000
vt 0.095238 1.000000
vt 0.190476 1.000000
vt 0.238095 1.000000
vt 0.380952 1.000000
vt 0.476190 1.000000
vt 0.523810 1.000000
vt 0.619048 1.000000
vt 0.761905 1.000000
vt 0.809524 1.000000
vt 0.904762 1.000000
vt 0.952381 1.000000
vt 0.062500 1.000000
vt 0.062500 0.000000
vt 0.187500 1.000000
vt 0.187500 0.000000
vt 0.312500 1.000000
vt 0.312500 0.000000
vt 0.437500 1.000000
vt 0.437500 0.000000
vt 0.562500 1.000000
vt 0.562500 0.000000
vt 0.687500 1.000000
vt 0.687500 0.000000
vt 0.812500 1.000000
vt 0.812500 0.000000
vt 0.937500 1.000000
vt 0.937500 0.000000
vt 0.045455 1.000000
vt 0.045455 0.000000
vt 0.136364 1.000000
vt 0.136364 0.000000
vt 0.227273 1.000000
vt 0.227273 0.000000
vt 0.318182 1.000000
vt 0.318182 0.000000
vt 0.409091 1.000000
vt 0.409091 0.000000
vt 0.590909 1.000000
vt 0.590909 0.000000
vt 0.681818 1.000000
vt 0.681818 0.000000
vt 0.772727 1.000000
vt 0.772727 0.000000
vt 0.863636 1.000000
vt 0.863636 0.000000
vt 0.954545 1.000000
vt 0.954545 0.000000
vt 0.076923 1.000000
vt 0.153846 1.000000
vt 0.230769 1.000000
vt 0.307692 1.000000
vt 0.384615 1.000000
vt 0.461538 1.000000
vt 0.538462 1.000000
vt 0.615385 1.000000
vt 0.692308 1.000000
vt 0.769231 1.000000
vt 0.846154 1.000000
vt 0.923077 1.000000
vt 0.050000 1.000000
vt 0.150000 1.000000
vt 0.350000 1.000000
vt 0.450000 1.000000
vt 0.550000 1.000000
vt 0.650000 1.000000
vt 0.850000 1.000000
vt 0.950000 1.000000
vt 0.066667 1.000000
vt 0.133333 1.000000
vt 0.066667 0.000000
vt 0.133333 0.000000
vt 0.266667 1.000000
vt 0.266667 0.000000
vt 0.466667 1.000000
vt 0.533333 1.000000
vt 0.466667 0.000000
vt 0.533333 0.000000
vt 0.733333 1.000000
vt 0.733333 0.000000
vt 0.866667 1.000000
vt 0.933333 1.000000
vt 0.866667 0.000000
vt 0.933333 0.000000
vt 0.031250 1.000000
vt 0.031250 0.000000
vt 0.093750 1.000000
vt 0.093750 0.000000
vt 0.156250 1.000000
vt 0.156250 0.000000
vt 0.218750 1.000000
vt 0.218750 0.000000
vt 0.281250 1.000000
vt 0.281250 0.000000
vt 0.343750 1.000000
vt 0.343750 0.000000
vt 0.406250 1.000000
vt 0.406250 0.000000
vt 0.468750 1.000000
vt 0.468750 0.000000
vt 0.531250 1.000000
vt 0.531250 0.000000
vt 0.593750 1.000000
vt 0.593750 0.000000
vt 0.656250 1.000000
vt 0.656250 0.000000
vt 0.718750 1.000000
vt 0.718750 0.000000
vt 0.781250 1.000000
vt 0.781250 0.000000
vt 0.843750 1.000000
vt 0.843750 0.000000
vt 0.906250 1.000000
vt 0.906250 0.000000
vt 0.968750 1.000000
vt 0.968750 0.000000
vt 0.041667 1.000000
vt 0.041667 0.000000
vt 0.208333 1.000000
vt 0.208333 0.000000
vt 0.291667 1.000000
vt 0.291667 0.000000
vt 0.458333 1.000000
vt 0.458333 0.000000
vt 0.541667 1.000000
vt 0.541667 0.000000
vt 0.708333 1.000000
vt 0.708333 0.000000
vt 0.791667 1.000000
vt 0.791667 0.000000
vt 0.958333 1.000000
vt 0.958333 0.000000
vt 0.037037 1.000000
vt 0.074074 1.000000
vt 0.111111 1.000000
vt 0.148148 1.000000
vt 0.185185 1.000000
vt 0.222222 1.000000
vt 0.259259 1.000000
vt 0.296296 1.000000
vt 0.370370 1.000000
vt 0.407407 1.000000
vt 0.444444 1.000000
vt 0.481481 1.000000
vt 0.518519 1.000000
vt 0.555556 1.000000
vt 0.592593 1.000000
vt 0.629630 1.000000
vt 0.703704 1.000000
vt 0.740741 1.000000
vt 0.777778 1.000000
vt 0.814815 1.000000
vt 0.851852 1.000000
vt 0.888889 1.000000
vt 0.925926 1.000000
vt 0.962963 1.000000
s 0
usemtl Material.013
f 1579/585/247 1569/586/247 1580/587/247
f 1571/588/247 1570/589/247 1569/586/247
f 1569/586/247 1572/590/247 1571/588/247
f 1569/586/247 1579/585/247 1578/591/247
f 1572/590/247 1569/586/247 1578/591/247
f 1578/591/247 1575/592/247 1572/590/247
f 1573/593/247 1572/590/247 1575/592/247
f 1575/592/247 1574/594/247 1573/593/247
f 1596/595/247 1594/596/247 1593/597/247
f 1594/596/247 1596/595/247 1595/598/247
f 1590/599/247 1589/600/247 1592/601/247
f 1590/599/247 1592/601/247 1591/602/247
f 1583/603/247 1582/604/247 1581/605/247
f 1581/605/247 1584/606/247 1583/603/247
f 1587/607/247 1586/608/247 1585/609/247
f 1577/610/247 1576/611/247 1575/592/247
f 1575/592/247 1578/591/247 1577/610/247
f 1585/609/247 1588/612/247 1587/607/247
f 1615/613/247 1613/614/247 1616/615/247
f 1627/616/247 1626/617/247 1625/618/247
f 1625/618/247 1628/619/247 1627/616/247
f 1613/614/247 1615/613/247 1614/620/247
f 1599/621/247 1598/622/247 1597/586/247
f 1636/623/247 1633/624/247 1629/625/247
f 1631/626/247 1629/625/247 1633/624/247
f 1633/624/247 1632/627/247 1631/626/247
f 1629/625/247 1631/626/247 1630/628/247
f 1624/629/247 1654/630/247 1613/614/247
f 1654/630/247 1653/631/247 1613/614/247
f 1616/615/247 1613/614/247 1653/631/247
f 1653/631/247 1650/632/247 1616/615/247
f 1650/632/247 1649/633/247 1616/615/247
f 1649/633/247 1617/634/247 1616/615/247
f 1597/586/247 1612/635/247 1646/636/247
f 1646/636/247 1600/637/247 1597/586/247
f 1645/638/247 1603/639/247 1600/637/247
f 1637/640/247 1640/641/247 1638/642/247
f 1639/643/247 1638/642/247 1640/641/247
f 1656/595/247 1651/644/247 1650/632/247
f 1622/645/247 1621/646/247 1619/647/247
f 1609/648/247 1608/649/247 1607/650/247
f 1619/647/247 1621/646/247 1620/651/247
f 1605/652/247 1604/653/247 1606/654/247
f 1642/655/247 1641/656/247 1644/657/247
f 1655/658/247 1623/659/247 1622/645/247
f 1656/595/247 1655/658/247 1622/645/247
f 1651/644/247 1656/595/247 1622/645/247
f 1622/645/247 1619/647/247 1651/644/247
f 1652/660/247 1651/644/247 1619/647/247
f 1618/661/247 1652/660/247 1619/647/247
f 1607/650/247 1606/654/247 1645/638/247
f 1603/639/247 1645/638/247 1606/654/247
f 1606/654/247 1604/653/247 1603/639/247
f 1633/624/247 1636/623/247 1635/662/247
f 1601/663/247 1600/637/247 1603/639/247
f 1603/639/247 1602/664/247 1601/663/247
f 1599/621/247 1597/586/247 1600/637/247
f 1652/660/247 1618/661/247 1617/634/247
f 1617/634/247 1649/633/247 1652/660/247
f 1647/665/247 1646/636/247 1612/635/247
f 1610/666/247 1609/648/247 1647/665/247
f 1648/667/247 1647/665/247 1609/648/247
f 1645/638/247 1648/667/247 1607/650/247
f 1648/667/247 1609/648/247 1607/650/247
f 1611/668/247 1610/666/247 1612/635/247
f 1610/666/247 1647/665/247 1612/635/247
f 1654/630/247 1624/629/247 1623/659/247
f 1623/659/247 1655/658/247 1654/630/247
f 1650/632/247 1653/631/247 1656/595/247
f 1635/662/247 1634/669/247 1633/624/247
f 1643/670/247 1642/655/247 1644/657/247
f 1600/637/247 1646/636/247 1645/638/247
f 1692/671/247 1694/672/247 1693/673/247
f 1659/674/247 1658/675/247 1657/586/247
f 1694/672/247 1692/671/247 1695/595/247
f 1689/676/247 1688/677/247 1691/678/247
f 1690/679/247 1689/676/247 1691/678/247
f 1684/680/247 1687/681/247 1685/682/247
f 1686/683/247 1685/682/247 1687/681/247
f 1683/684/247 1680/685/247 1660/686/247
f 1661/687/247 1660/686/247 1680/685/247
f 1680/685/247 1679/688/247 1661/687/247
f 1664/689/247 1661/687/247 1679/688/247
f 1679/688/247 1676/690/247 1664/689/247
f 1665/691/247 1664/689/247 1676/690/247
f 1672/692/247 1671/693/247 1675/694/247
f 1672/692/247 1675/694/247 1674/695/247
f 1674/695/247 1673/696/247 1672/692/247
f 1680/685/247 1683/684/247 1682/697/247
f 1682/697/247 1681/698/247 1680/685/247
f 1676/690/247 1679/688/247 1678/699/247
f 1678/699/247 1677/700/247 1676/690/247
f 1665/691/247 1676/690/247 1675/694/247
f 1668/701/247 1665/691/247 1675/694/247
f 1675/694/247 1671/693/247 1668/701/247
f 1671/693/247 1670/702/247 1668/701/247
f 1669/703/247 1668/701/247 1670/702/247
f 1683/684/247 1660/686/247 1657/586/247
f 1659/674/247 1657/586/247 1660/686/247
f 1663/704/247 1662/705/247 1661/687/247
f 1661/687/247 1664/689/247 1663/704/247
f 1667/706/247 1666/707/247 1665/691/247
f 1665/691/247 1668/701/247 1667/706/247
f 1708/708/247 1706/709/247 1705/710/247
f 1704/711/247 1703/712/247 1700/713/247
f 1700/713/247 1709/595/247 1704/711/247
f 1696/586/247 1699/714/247 1698/715/247
f 1700/713/247 1703/712/247 1701/716/247
f 1702/717/247 1701/716/247 1703/712/247
f 1708/708/247 1705/710/247 1704/711/247
f 1704/711/247 1709/595/247 1708/708/247
f 1706/709/247 1708/708/247 1707/718/247
f 1698/715/247 1697/719/247 1696/586/247
f 1710/586/247 1712/720/247 1711/721/247
f 1721/722/247 1716/723/247 1713/724/247
f 1714/725/247 1713/724/247 1716/723/247
f 1710/586/247 1723/726/247 1722/727/247
f 1722/727/247 1721/722/247 1710/586/247
f 1721/722/247 1713/724/247 1710/586/247
f 1712/720/247 1710/586/247 1713/724/247
f 1724/728/247 1727/595/247 1725/729/247
f 1719/730/247 1718/731/247 1720/732/247
f 1716/723/247 1721/722/247 1720/732/247
f 1720/732/247 1717/733/247 1716/723/247
f 1714/725/247 1716/723/247 1715/734/247
f 1717/733/247 1720/732/247 1718/731/247
f 1727/595/247 1726/735/247 1725/729/247
f 1746/673/247 1747/595/247 1735/693/247
f 1736/696/247 1735/693/247 1747/595/247
f 1747/595/247 1744/676/247 1736/696/247
f 1744/676/247 1745/678/247 1736/696/247
f 1734/703/247 1733/706/247 1740/698/247
f 1732/691/247 1740/698/247 1733/706/247
f 1739/688/247 1738/700/247 1734/703/247
f 1734/703/247 1740/698/247 1739/688/247
f 1728/586/247 1743/681/247 1740/698/247
f 1740/698/247 1732/691/247 1728/586/247
f 1732/691/247 1731/704/247 1728/586/247
f 1734/703/247 1738/700/247 1735/693/247
f 1746/673/247 1735/693/247 1738/700/247
f 1745/678/247 1746/673/247 1738/700/247
f 1738/700/247 1737/694/247 1745/678/247
f 1730/687/247 1729/674/247 1728/586/247
f 1728/586/247 1731/704/247 1730/687/247
f 1745/678/247 1737/694/247 1736/696/247
f 1740/698/247 1743/681/247 1741/684/247
f 1742/682/247 1741/684/247 1743/681/247
f 1752/736/247 1751/737/247 1750/738/247
f 1750/738/247 1753/739/247 1752/736/247
f 1756/740/247 1755/741/247 1754/742/247
f 1754/742/247 1757/743/247 1756/740/247
f 1765/744/247 1764/745/247 1763/746/247
f 1767/747/247 1763/746/247 1762/748/247
f 1761/749/247 1767/747/247 1762/748/247
f 1765/744/247 1763/746/247 1766/750/247
f 1763/746/247 1767/747/247 1766/750/247
f 1760/751/247 1768/595/247 1767/747/247
f 1767/747/247 1761/749/247 1760/751/247
f 1750/738/247 1749/752/247 1748/586/247
f 1748/586/247 1768/595/247 1750/738/247
f 1753/739/247 1750/738/247 1768/595/247
f 1754/742/247 1753/739/247 1768/595/247
f 1768/595/247 1760/751/247 1754/742/247
f 1757/743/247 1754/742/247 1760/751/247
f 1760/751/247 1759/753/247 1757/743/247
f 1758/690/247 1757/743/247 1759/753/247
f 1771/719/247 1770/754/247 1769/586/247
f 1769/586/247 1772/755/247 1771/719/247
f 1781/717/247 1779/716/247 1782/690/247
f 1781/717/247 1780/756/247 1779/716/247
f 1769/586/247 1782/690/247 1779/716/247
f 1779/716/247 1778/757/247 1769/586/247
f 1772/755/247 1769/586/247 1778/757/247
f 1778/757/247 1775/714/247 1772/755/247
f 1773/715/247 1772/755/247 1775/714/247
f 1775/714/247 1774/758/247 1773/715/247
f 1785/711/247 1784/759/247 1783/712/247
f 1783/712/247 1786/760/247 1785/711/247
f 1790/761/247 1789/709/247 1792/762/247
f 1788/763/247 1792/762/247 1789/709/247
f 1790/761/247 1792/762/247 1791/718/247
f 1787/710/247 1793/708/247 1792/762/247
f 1792/762/247 1788/763/247 1787/710/247
f 1786/760/247 1783/712/247 1793/708/247
f 1793/708/247 1787/710/247 1786/760/247
f 1793/708/247 1783/712/247 1794/764/247
f 1775/714/247 1778/757/247 1777/713/247
f 1777/713/247 1776/765/247 1775/714/247
f 1795/595/247 1794/764/247 1783/712/247
f 1796/586/247 1799/751/247 1798/740/247
f 1801/595/247 1800/745/247 1796/586/247
f 1796/586/247 1798/740/247 1797/736/247
f 1799/751/247 1796/586/247 1800/745/247
f 1822/766/247 1821/767/247 1820/768/247
f 1825/769/247 1831/770/247 1802/586/247
f 1805/771/247 1804/772/247 1802/586/247
f 1803/773/247 1802/586/247 1804/772/247
f 1831/770/247 1825/769/247 1824/774/247
f 1831/770/247 1824/774/247 1813/775/247
f 1802/586/247 1831/770/247 1830/776/247
f 1805/771/247 1802/586/247 1830/776/247
f 1830/776/247 1827/777/247 1805/771/247
f 1827/777/247 1826/778/247 1805/771/247
f 1826/778/247 1806/779/247 1805/771/247
f 1814/780/247 1817/781/247 1816/782/247
f 1812/783/247 1832/784/247 1813/775/247
f 1809/785/247 1808/786/247 1810/787/247
f 1811/788/247 1810/787/247 1808/786/247
f 1807/789/247 1829/790/247 1808/786/247
f 1832/784/247 1812/783/247 1811/788/247
f 1833/595/247 1832/784/247 1811/788/247
f 1828/791/247 1833/595/247 1811/788/247
f 1811/788/247 1808/786/247 1828/791/247
f 1808/786/247 1829/790/247 1828/791/247
f 1820/768/247 1819/792/247 1818/793/247
f 1818/793/247 1817/781/247 1820/768/247
f 1823/794/247 1820/768/247 1817/781/247
f 1817/781/247 1814/780/247 1823/794/247
f 1824/774/247 1823/794/247 1814/780/247
f 1814/780/247 1813/775/247 1824/774/247
f 1833/595/247 1828/791/247 1827/777/247
f 1806/779/247 1826/778/247 1829/790/247
f 1829/790/247 1807/789/247 1806/779/247
f 1816/782/247 1815/795/247 1814/780/247
f 1820/768/247 1823/794/247 1822/766/247
f 1827/777/247 1830/776/247 1833/595/247
f 1813/775/247 1832/784/247 1831/770/247
f 1836/796/247 1835/797/247 1834/586/247
f 1834/586/247 1837/798/247 1836/796/247
f 1840/799/247 1845/800/247 1844/740/247
f 1840/799/247 1844/740/247 1841/801/247
f 1834/586/247 1847/802/247 1846/803/247
f 1846/803/247 1845/800/247 1834/586/247
f 1837/798/247 1834/586/247 1845/800/247
f 1845/800/247 1840/799/247 1837/798/247
f 1838/804/247 1837/798/247 1840/799/247
f 1840/799/247 1839/736/247 1838/804/247
f 1852/805/247 1851/806/247 1854/745/247
f 1850/807/247 1849/751/247 1851/806/247
f 1858/808/247 1857/809/247 1856/810/247
f 1859/595/247 1855/811/247 1848/812/247
f 1858/808/247 1856/810/247 1859/595/247
f 1855/811/247 1859/595/247 1856/810/247
f 1851/806/247 1849/751/247 1848/812/247
f 1854/745/247 1851/806/247 1848/812/247
f 1848/812/247 1855/811/247 1854/745/247
f 1852/805/247 1854/745/247 1853/813/247
f 1843/814/247 1842/815/247 1844/740/247
f 1841/801/247 1844/740/247 1842/815/247
f 1888/816/247 1887/817/247 1886/818/247
f 1896/819/247 1893/820/247 1863/821/247
f 1891/822/247 1897/823/247 1860/586/247
f 1897/823/247 1896/819/247 1860/586/247
f 1896/819/247 1863/821/247 1860/586/247
f 1863/821/247 1862/824/247 1860/586/247
f 1861/825/247 1860/586/247 1862/824/247
f 1864/826/247 1892/827/247 1895/828/247
f 1895/828/247 1865/829/247 1864/826/247
f 1885/830/247 1884/831/247 1883/832/247
f 1883/832/247 1886/818/247 1885/830/247
f 1897/823/247 1891/822/247 1890/833/247
f 1890/833/247 1898/834/247 1897/823/247
f 1893/820/247 1896/819/247 1899/835/247
f 1899/835/247 1894/836/247 1893/820/247
f 1863/821/247 1893/820/247 1892/827/247
f 1892/827/247 1864/826/247 1863/821/247
f 1877/837/247 1880/838/247 1878/839/247
f 1903/840/247 1873/841/247 1872/842/247
f 1872/842/247 1900/843/247 1903/840/247
f 1904/844/247 1901/845/247 1871/846/247
f 1869/847/247 1868/848/247 1870/849/247
f 1871/846/247 1870/849/247 1868/848/247
f 1904/844/247 1871/846/247 1868/848/247
f 1905/850/247 1904/844/247 1868/848/247
f 1867/851/247 1905/850/247 1868/848/247
f 1879/852/247 1878/839/247 1880/838/247
f 1900/843/247 1872/842/247 1871/846/247
f 1871/846/247 1901/845/247 1900/843/247
f 1907/595/247 1902/853/247 1901/845/247
f 1901/845/247 1904/844/247 1907/595/247
f 1866/854/247 1906/855/247 1905/850/247
f 1905/850/247 1867/851/247 1866/854/247
f 1883/832/247 1882/856/247 1881/857/247
f 1881/857/247 1880/838/247 1883/832/247
f 1886/818/247 1883/832/247 1880/838/247
f 1880/838/247 1877/837/247 1886/818/247
f 1889/858/247 1886/818/247 1877/837/247
f 1877/837/247 1874/859/247 1889/858/247
f 1890/833/247 1889/858/247 1874/859/247
f 1874/859/247 1873/841/247 1890/833/247
f 1898/834/247 1890/833/247 1873/841/247
f 1873/841/247 1903/840/247 1898/834/247
f 1899/835/247 1898/834/247 1903/840/247
f 1903/840/247 1902/853/247 1899/835/247
f 1894/836/247 1899/835/247 1902/853/247
f 1902/853/247 1907/595/247 1894/836/247
f 1895/828/247 1894/836/247 1907/595/247
f 1907/595/247 1906/855/247 1895/828/247
f 1865/829/247 1895/828/247 1906/855/247
f 1906/855/247 1866/854/247 1865/829/247
f 1876/860/247 1875/861/247 1874/859/247
f 1874/859/247 1877/837/247 1876/860/247
f 1886/818/247 1889/858/247 1888/816/247
f 1917/862/247 1916/863/247 1918/864/247
f 1933/865/247 1935/866/247 1934/867/247
f 1935/866/247 1920/868/247 1916/863/247
f 1920/868/247 1918/864/247 1916/863/247
f 1931/869/247 1929/690/247 1932/870/247
f 1929/690/247 1924/871/247 1922/591/247
f 1924/871/247 1923/872/247 1922/591/247
f 1935/866/247 1933/865/247 1932/870/247
f 1932/870/247 1929/690/247 1935/866/247
f 1929/690/247 1922/591/247 1935/866/247
f 1920/868/247 1935/866/247 1922/591/247
f 1922/591/247 1921/873/247 1920/868/247
f 1918/864/247 1920/868/247 1919/874/247
f 1914/875/247 1912/876/247 1911/877/247
f 1938/878/247 1937/879/247 1936/607/247
f 1926/880/247 1928/881/247 1927/882/247
f 1908/586/247 1915/883/247 1914/875/247
f 1945/884/247 1944/885/247 1947/886/247
f 1944/885/247 1943/887/247 1947/886/247
f 1942/888/247 1947/886/247 1943/887/247
f 1945/884/247 1947/886/247 1946/889/247
f 1947/886/247 1942/888/247 1948/890/247
f 1939/891/247 1948/890/247 1942/888/247
f 1940/892/247 1939/891/247 1942/888/247
f 1942/888/247 1941/893/247 1940/892/247
f 1948/890/247 1936/607/247 1949/894/247
f 1948/890/247 1939/891/247 1936/607/247
f 1938/878/247 1936/607/247 1939/891/247
f 1929/690/247 1931/869/247 1930/895/247
f 1924/871/247 1929/690/247 1928/881/247
f 1928/881/247 1926/880/247 1924/871/247
f 1925/896/247 1924/871/247 1926/880/247
f 1912/876/247 1914/875/247 1913/897/247
f 1910/898/247 1909/899/247 1911/877/247
f 1909/899/247 1908/586/247 1911/877/247
f 1914/875/247 1911/877/247 1908/586/247
f 1950/595/247 1949/894/247 1936/607/247
f 1961/690/247 1960/743/247 1962/753/247
f 1962/753/247 1960/743/247 1970/747/247
f 1970/747/247 1969/750/247 1962/753/247
f 1963/751/247 1962/753/247 1969/750/247
f 1969/750/247 1966/746/247 1963/751/247
f 1966/746/247 1965/748/247 1963/751/247
f 1964/749/247 1963/751/247 1965/748/247
f 1956/739/247 1955/736/247 1958/741/247
f 1954/737/247 1952/752/247 1951/586/247
f 1952/752/247 1954/737/247 1953/738/247
f 1970/747/247 1960/743/247 1959/740/247
f 1959/740/247 1971/595/247 1970/747/247
f 1966/746/247 1969/750/247 1968/744/247
f 1968/744/247 1967/745/247 1966/746/247
f 1956/739/247 1958/741/247 1957/742/247
f 2000/900/247 1989/901/247 2001/595/247
f 1988/902/247 1998/903/247 2001/595/247
f 1999/904/247 1998/903/247 1987/905/247
f 1998/903/247 1988/902/247 1987/905/247
f 2001/595/247 1989/901/247 1988/902/247
f 1996/906/247 1995/907/247 1994/908/247
f 1982/909/247 1981/910/247 1990/911/247
f 1993/912/247 1990/911/247 1981/910/247
f 1980/913/247 1979/914/247 1978/915/247
f 1976/916/247 1975/917/247 1977/918/247
f 1982/909/247 1985/919/247 1984/920/247
f 1984/920/247 1983/921/247 1982/909/247
f 1980/913/247 1978/915/247 1981/910/247
f 1993/912/247 1981/910/247 1978/915/247
f 1972/586/247 1993/912/247 1978/915/247
f 1978/915/247 1977/918/247 1972/586/247
f 1977/918/247 1975/917/247 1972/586/247
f 1999/904/247 1987/905/247 1986/922/247
f 1986/922/247 1985/919/247 1999/904/247
f 2000/900/247 1999/904/247 1985/919/247
f 1989/901/247 2000/900/247 1985/919/247
f 1985/919/247 1982/909/247 1989/901/247
f 1982/909/247 1990/911/247 1989/901/247
f 1992/923/247 1991/924/247 1990/911/247
f 1990/911/247 1993/912/247 1992/923/247
f 1974/925/247 1973/926/247 1972/586/247
f 1972/586/247 1975/917/247 1974/925/247
f 1997/927/247 1996/906/247 1994/908/247
f 2020/673/247 2021/595/247 2009/693/247
f 2010/696/247 2009/693/247 2021/595/247
f 2021/595/247 2018/676/247 2010/696/247
f 2018/676/247 2019/678/247 2010/696/247
f 2008/703/247 2007/706/247 2014/698/247
f 2006/691/247 2014/698/247 2007/706/247
f 2013/688/247 2012/700/247 2008/703/247
f 2008/703/247 2014/698/247 2013/688/247
f 2002/586/247 2017/681/247 2014/698/247
f 2014/698/247 2006/691/247 2002/586/247
f 2006/691/247 2005/704/247 2002/586/247
f 2008/703/247 2012/700/247 2009/693/247
f 2020/673/247 2009/693/247 2012/700/247
f 2019/678/247 2020/673/247 2012/700/247
f 2012/700/247 2011/694/247 2019/678/247
f 2004/687/247 2003/674/247 2002/586/247
f 2002/586/247 2005/704/247 2004/687/247
f 2019/678/247 2011/694/247 2010/696/247
f 2014/698/247 2017/681/247 2015/684/247
f 2016/682/247 2015/684/247 2017/681/247
f 2026/736/247 2025/737/247 2024/738/247
f 2024/738/247 2027/739/247 2026/736/247
f 2030/740/247 2029/741/247 2028/742/247
f 2028/742/247 2031/743/247 2030/740/247
f 2039/744/247 2038/745/247 2037/746/247
f 2041/747/247 2037/746/247 2036/748/247
f 2035/749/247 2041/747/247 2036/748/247
f 2039/744/247 2037/746/247 2040/750/247
f 2037/746/247 2041/747/247 2040/750/247
f 2034/751/247 2042/595/247 2041/747/247
f 2041/747/247 2035/749/247 2034/751/247
f 2024/738/247 2023/752/247 2022/586/247
f 2022/586/247 2042/595/247 2024/738/247
f 2027/739/247 2024/738/247 2042/595/247
f 2028/742/247 2027/739/247 2042/595/247
f 2042/595/247 2034/751/247 2028/742/247
f 2031/743/247 2028/742/247 2034/751/247
f 2034/751/247 2033/753/247 2031/743/247
f 2032/690/247 2031/743/247 2033/753/247
f 2142/928/247 2064/929/247 2141/930/247
f 2065/931/247 2064/929/247 2066/932/247
f 2064/929/247 2142/928/247 2066/932/247
f 2067/933/247 2066/932/247 2142/928/247
f 2068/934/247 2067/933/247 2142/928/247
f 2142/928/247 2143/935/247 2068/934/247
f 2075/936/247 2074/937/247 2073/938/247
f 2136/939/247 2072/940/247 2137/941/247
f 2069/942/247 2140/943/247 2070/944/247
f 2137/941/247 2072/940/247 2071/945/247
f 2140/943/247 2069/942/247 2143/935/247
f 2068/934/247 2143/935/247 2069/942/247
f 2072/940/247 2136/939/247 2073/938/247
f 2075/936/247 2073/938/247 2136/939/247
f 2136/939/247 2139/946/247 2075/936/247
f 2139/946/247 2077/947/247 2075/936/247
f 2077/947/247 2076/948/247 2075/936/247
f 2146/595/247 2145/949/247 2063/950/247
f 2059/951/247 2144/952/247 2060/953/247
f 2063/950/247 2062/954/247 2061/955/247
f 2146/595/247 2063/950/247 2061/955/247
f 2061/955/247 2060/953/247 2146/595/247
f 2144/952/247 2146/595/247 2060/953/247
f 2051/956/247 2058/957/247 2057/958/247
f 2057/958/247 2052/959/247 2051/956/247
f 2135/960/247 2050/961/247 2049/962/247
f 2049/962/247 2132/963/247 2135/960/247
f 2133/964/247 2090/965/247 2134/966/247
f 2090/965/247 2089/967/247 2134/966/247
f 2078/968/247 2134/966/247 2089/967/247
f 2079/969/247 2078/968/247 2089/967/247
f 2089/967/247 2088/970/247 2079/969/247
f 2088/970/247 2085/971/247 2079/969/247
f 2063/950/247 2145/949/247 2064/929/247
f 2141/930/247 2064/929/247 2145/949/247
f 2140/943/247 2141/930/247 2145/949/247
f 2145/949/247 2144/952/247 2140/943/247
f 2144/952/247 2059/951/247 2140/943/247
f 2059/951/247 2058/957/247 2140/943/247
f 2070/944/247 2140/943/247 2058/957/247
f 2058/957/247 2051/956/247 2070/944/247
f 2071/945/247 2070/944/247 2051/956/247
f 2051/956/247 2050/961/247 2071/945/247
f 2050/961/247 2135/960/247 2071/945/247
f 2137/941/247 2071/945/247 2135/960/247
f 2138/972/247 2137/941/247 2135/960/247
f 2135/960/247 2134/966/247 2138/972/247
f 2134/966/247 2078/968/247 2138/972/247
f 2139/946/247 2138/972/247 2078/968/247
f 2077/947/247 2139/946/247 2078/968/247
f 2081/973/247 2080/974/247 2082/975/247
f 2079/969/247 2085/971/247 2082/975/247
f 2083/976/247 2082/975/247 2085/971/247
f 2085/971/247 2084/977/247 2083/976/247
f 2054/978/247 2053/979/247 2055/980/247
f 2044/981/247 2043/586/247 2128/982/247
f 2048/983/247 2047/984/247 2046/985/247
f 2046/985/247 2093/986/247 2091/987/247
f 2093/986/247 2092/988/247 2091/987/247
f 2097/989/247 2096/990/247 2120/991/247
f 2129/992/247 2119/993/247 2118/994/247
f 2118/994/247 2130/995/247 2129/992/247
f 2124/996/247 2121/997/247 2045/998/247
f 2121/997/247 2120/991/247 2045/998/247
f 2120/991/247 2096/990/247 2094/999/247
f 2119/993/247 2129/992/247 2043/586/247
f 2129/992/247 2128/982/247 2043/586/247
f 2093/986/247 2046/985/247 2045/998/247
f 2045/998/247 2120/991/247 2094/999/247
f 2114/1000/247 2113/1001/247 2131/1002/247
f 2126/1003/247 2131/1002/247 2113/1001/247
f 2113/1001/247 2110/1004/247 2126/1003/247
f 2127/1005/247 2126/1003/247 2110/1004/247
f 2099/1006/247 2098/1007/247 2123/1008/247
f 2106/1009/247 2109/1010/247 2108/1011/247
f 2108/1011/247 2107/1012/247 2106/1009/247
f 2102/1013/247 2105/1014/247 2104/1015/247
f 2104/1015/247 2103/1016/247 2102/1013/247
f 2114/1000/247 2117/1017/247 2116/1018/247
f 2116/1018/247 2115/1019/247 2114/1000/247
f 2110/1004/247 2113/1001/247 2112/1020/247
f 2112/1020/247 2111/1021/247 2110/1004/247
f 2127/1005/247 2110/1004/247 2109/1010/247
f 2122/1022/247 2127/1005/247 2109/1010/247
f 2109/1010/247 2106/1009/247 2122/1022/247
f 2123/1008/247 2122/1022/247 2106/1009/247
f 2106/1009/247 2105/1014/247 2123/1008/247
f 2099/1006/247 2123/1008/247 2105/1014/247
f 2105/1014/247 2102/1013/247 2099/1006/247
f 2100/1023/247 2099/1006/247 2102/1013/247
f 2102/1013/247 2101/1024/247 2100/1023/247
f 2130/995/247 2118/994/247 2117/1017/247
f 2117/1017/247 2114/1000/247 2130/995/247
f 2114/1000/247 2131/1002/247 2130/995/247
f 2125/1025/247 2128/982/247 2131/1002/247
f 2131/1002/247 2126/1003/247 2125/1025/247
f 2121/997/247 2124/996/247 2127/1005/247
f 2127/1005/247 2122/1022/247 2121/997/247
f 2097/989/247 2120/991/247 2123/1008/247
f 2123/1008/247 2098/1007/247 2097/989/247
f 2094/999/247 2096/990/247 2095/1026/247
f 2056/1027/247 2055/980/247 2057/958/247
f 2055/980/247 2053/979/247 2057/958/247
f 2052/959/247 2057/958/247 2053/979/247
f 2132/963/247 2049/962/247 2048/983/247
f 2133/964/247 2132/963/247 2048/983/247
f 2048/983/247 2046/985/247 2133/964/247
f 2090/965/247 2133/964/247 2046/985/247
f 2046/985/247 2091/987/247 2090/965/247
f 2085/971/247 2088/970/247 2087/1028/247
f 2087/1028/247 2086/1029/247 2085/971/247
f 2125/1025/247 2124/996/247 2045/998/247
f 2045/998/247 2044/981/247 2128/982/247
f 2128/982/247 2125/1025/247 2045/998/247
f 2079/969/247 2082/975/247 2080/974/247
f 2093/986/247 2045/998/247 2094/999/247
f 2159/708/247 2157/709/247 2156/710/247
f 2155/711/247 2154/712/247 2151/713/247
f 2151/713/247 2160/595/247 2155/711/247
f 2147/586/247 2150/714/247 2149/715/247
f 2151/713/247 2154/712/247 2152/716/247
f 2153/717/247 2152/716/247 2154/712/247
f 2159/708/247 2156/710/247 2155/711/247
f 2155/711/247 2160/595/247 2159/708/247
f 2157/709/247 2159/708/247 2158/718/247
f 2149/715/247 2148/719/247 2147/586/247
f 2161/586/247 2163/720/247 2162/721/247
f 2172/722/247 2167/723/247 2164/724/247
f 2165/725/247 2164/724/247 2167/723/247
f 2161/586/247 2174/726/247 2173/727/247
f 2173/727/247 2172/722/247 2161/586/247
f 2172/722/247 2164/724/247 2161/586/247
f 2163/720/247 2161/586/247 2164/724/247
f 2175/728/247 2178/595/247 2176/729/247
f 2170/730/247 2169/731/247 2171/732/247
f 2167/723/247 2172/722/247 2171/732/247
f 2171/732/247 2168/733/247 2167/723/247
f 2165/725/247 2167/723/247 2166/734/247
f 2168/733/247 2171/732/247 2169/731/247
f 2178/595/247 2177/735/247 2176/729/247
f 2179/586/247 2186/595/247 2180/875/247
f 2181/868/247 2180/875/247 2186/595/247
f 2185/885/247 2184/878/247 2183/870/247
f 2185/885/247 2183/870/247 2186/595/247
f 2181/868/247 2186/595/247 2183/870/247
f 2183/870/247 2182/880/247 2181/868/247
f 2189/1030/247 2188/1031/247 2187/586/247
f 2189/1030/247 2187/586/247 2190/1032/247
f 2193/1033/247 2191/1034/247 2194/1035/247
f 2191/1034/247 2193/1033/247 2192/1036/247
f 2197/1037/247 2196/1038/247 2195/1039/247
f 2195/1039/247 2198/595/247 2197/1037/247
f 2204/1036/247 2203/1034/247 2202/1032/247
f 2205/1033/247 2204/1036/247 2202/1032/247
f 2202/1032/247 2207/1039/247 2205/1033/247
f 2207/1039/247 2206/1035/247 2205/1033/247
f 2201/1030/247 2200/1031/247 2199/586/247
f 2210/595/247 2209/1037/247 2208/1038/247
f 2201/1030/247 2199/586/247 2210/595/247
f 2210/595/247 2208/1038/247 2201/1030/247
f 2207/1039/247 2202/1032/247 2201/1030/247
f 2201/1030/247 2208/1038/247 2207/1039/247
f 2213/868/247 2212/875/247 2217/885/247
f 2217/885/247 2216/878/247 2213/868/247
f 2215/870/247 2218/595/247 2211/586/247
f 2211/586/247 2214/880/247 2215/870/247
f 2217/885/247 2212/875/247 2211/586/247
f 2211/586/247 2218/595/247 2217/885/247
f 2213/868/247 2216/878/247 2215/870/247
f 2215/870/247 2214/880/247 2213/868/247
f 2229/585/248 2230/587/248 2219/586/248
f 2221/588/248 2219/586/248 2220/589/248
f 2219/586/248 2221/588/248 2222/590/248
f 2219/586/248 2228/591/248 2229/585/248
f 2222/590/248 2228/591/248 2219/586/248
f 2228/591/248 2222/590/248 2225/592/248
f 2223/593/248 2225/592/248 2222/590/248
f 2225/592/248 2223/593/248 2224/594/248
f 2246/595/248 2243/597/248 2244/596/248
f 2244/596/248 2245/598/248 2246/595/248
f 2240/599/248 2242/601/248 2239/600/248
f 2240/599/248 2241/602/248 2242/601/248
f 2233/603/248 2231/605/248 2232/604/248
f 2231/605/248 2233/603/248 2234/606/248
f 2237/607/248 2235/609/248 2236/608/248
f 2227/610/248 2225/592/248 2226/611/248
f 2225/592/248 2227/610/248 2228/591/248
f 2235/609/248 2237/607/248 2238/612/248
f 2265/613/248 2266/615/248 2263/614/248
f 2277/616/248 2275/618/248 2276/617/248
f 2275/618/248 2277/616/248 2278/619/248
f 2263/614/248 2264/620/248 2265/613/248
f 2249/621/248 2247/586/248 2248/622/248
f 2286/623/248 2279/625/248 2283/624/248
f 2281/626/248 2283/624/248 2279/625/248
f 2283/624/248 2281/626/248 2282/627/248
f 2279/625/248 2280/628/248 2281/626/248
f 2274/629/248 2263/614/248 2304/630/248
f 2304/630/248 2263/614/248 2303/631/248
f 2266/615/248 2303/631/248 2263/614/248
f 2303/631/248 2266/615/248 2300/632/248
f 2300/632/248 2266/615/248 2299/633/248
f 2299/633/248 2266/615/248 2267/634/248
f 2247/586/248 2296/636/248 2262/635/248
f 2296/636/248 2247/586/248 2250/637/248
f 2295/638/248 2250/637/248 2253/639/248
f 2287/640/248 2288/642/248 2290/641/248
f 2289/643/248 2290/641/248 2288/642/248
f 2306/595/248 2300/632/248 2301/644/248
f 2272/645/248 2269/647/248 2271/646/248
f 2259/648/248 2257/650/248 2258/649/248
f 2269/647/248 2270/651/248 2271/646/248
f 2255/652/248 2256/654/248 2254/653/248
f 2292/655/248 2294/657/248 2291/656/248
f 2305/658/248 2272/645/248 2273/659/248
f 2306/595/248 2272/645/248 2305/658/248
f 2301/644/248 2272/645/248 2306/595/248
f 2272/645/248 2301/644/248 2269/647/248
f 2302/660/248 2269/647/248 2301/644/248
f 2268/661/248 2269/647/248 2302/660/248
f 2257/650/248 2295/638/248 2256/654/248
f 2253/639/248 2256/654/248 2295/638/248
f 2256/654/248 2253/639/248 2254/653/248
f 2283/624/248 2285/662/248 2286/623/248
f 2251/663/248 2253/639/248 2250/637/248
f 2253/639/248 2251/663/248 2252/664/248
f 2249/621/248 2250/637/248 2247/586/248
f 2302/660/248 2267/634/248 2268/661/248
f 2267/634/248 2302/660/248 2299/633/248
f 2297/665/248 2262/635/248 2296/636/248
f 2260/666/248 2297/665/248 2259/648/248
f 2298/667/248 2259/648/248 2297/665/248
f 2295/638/248 2257/650/248 2298/667/248
f 2298/667/248 2257/650/248 2259/648/248
f 2261/668/248 2262/635/248 2260/666/248
f 2260/666/248 2262/635/248 2297/665/248
f 2304/630/248 2273/659/248 2274/629/248
f 2273/659/248 2304/630/248 2305/658/248
f 2300/632/248 2306/595/248 2303/631/248
f 2285/662/248 2283/624/248 2284/669/248
f 2293/670/248 2294/657/248 2292/655/248
f 2250/637/248 2295/638/248 2296/636/248
f 2342/671/248 2343/673/248 2344/672/248
f 2309/674/248 2307/586/248 2308/675/248
f 2344/672/248 2345/595/248 2342/671/248
f 2339/676/248 2341/678/248 2338/677/248
f 2340/679/248 2341/678/248 2339/676/248
f 2334/680/248 2335/682/248 2337/681/248
f 2336/683/248 2337/681/248 2335/682/248
f 2333/684/248 2310/686/248 2330/685/248
f 2311/687/248 2330/685/248 2310/686/248
f 2330/685/248 2311/687/248 2329/688/248
f 2314/689/248 2329/688/248 2311/687/248
f 2329/688/248 2314/689/248 2326/690/248
f 2315/691/248 2326/690/248 2314/689/248
f 2322/692/248 2325/694/248 2321/693/248
f 2322/692/248 2324/695/248 2325/694/248
f 2324/695/248 2322/692/248 2323/696/248
f 2330/685/248 2332/697/248 2333/684/248
f 2332/697/248 2330/685/248 2331/698/248
f 2326/690/248 2328/699/248 2329/688/248
f 2328/699/248 2326/690/248 2327/700/248
f 2315/691/248 2325/694/248 2326/690/248
f 2318/701/248 2325/694/248 2315/691/248
f 2325/694/248 2318/701/248 2321/693/248
f 2321/693/248 2318/701/248 2320/702/248
f 2319/703/248 2320/702/248 2318/701/248
f 2333/684/248 2307/586/248 2310/686/248
f 2309/674/248 2310/686/248 2307/586/248
f 2313/704/248 2311/687/248 2312/705/248
f 2311/687/248 2313/704/248 2314/689/248
f 2317/706/248 2315/691/248 2316/707/248
f 2315/691/248 2317/706/248 2318/701/248
f 2358/708/248 2355/710/248 2356/709/248
f 2354/711/248 2350/713/248 2353/712/248
f 2350/713/248 2354/711/248 2359/595/248
f 2346/586/248 2348/715/248 2349/714/248
f 2350/713/248 2351/716/248 2353/712/248
f 2352/717/248 2353/712/248 2351/716/248
f 2358/708/248 2354/711/248 2355/710/248
f 2354/711/248 2358/708/248 2359/595/248
f 2356/709/248 2357/718/248 2358/708/248
f 2348/715/248 2346/586/248 2347/719/248
f 2360/586/248 2361/721/248 2362/720/248
f 2371/722/248 2363/724/248 2366/723/248
f 2364/725/248 2366/723/248 2363/724/248
f 2360/586/248 2372/727/248 2373/726/248
f 2372/727/248 2360/586/248 2371/722/248
f 2371/722/248 2360/586/248 2363/724/248
f 2362/720/248 2363/724/248 2360/586/248
f 2374/728/248 2375/729/248 2377/595/248
f 2369/730/248 2370/732/248 2368/731/248
f 2366/723/248 2370/732/248 2371/722/248
f 2370/732/248 2366/723/248 2367/733/248
f 2364/725/248 2365/734/248 2366/723/248
f 2367/733/248 2368/731/248 2370/732/248
f 2377/595/248 2375/729/248 2376/735/248
f 2396/673/248 2385/693/248 2397/595/248
f 2386/696/248 2397/595/248 2385/693/248
f 2397/595/248 2386/696/248 2394/676/248
f 2394/676/248 2386/696/248 2395/678/248
f 2384/703/248 2390/698/248 2383/706/248
f 2382/691/248 2383/706/248 2390/698/248
f 2389/688/248 2384/703/248 2388/700/248
f 2384/703/248 2389/688/248 2390/698/248
f 2378/586/248 2390/698/248 2393/681/248
f 2390/698/248 2378/586/248 2382/691/248
f 2382/691/248 2378/586/248 2381/704/248
f 2384/703/248 2385/693/248 2388/700/248
f 2396/673/248 2388/700/248 2385/693/248
f 2395/678/248 2388/700/248 2396/673/248
f 2388/700/248 2395/678/248 2387/694/248
f 2380/687/248 2378/586/248 2379/674/248
f 2378/586/248 2380/687/248 2381/704/248
f 2395/678/248 2386/696/248 2387/694/248
f 2390/698/248 2391/684/248 2393/681/248
f 2392/682/248 2393/681/248 2391/684/248
f 2402/736/248 2400/738/248 2401/737/248
f 2400/738/248 2402/736/248 2403/739/248
f 2406/740/248 2404/742/248 2405/741/248
f 2404/742/248 2406/740/248 2407/743/248
f 2415/744/248 2413/746/248 2414/745/248
f 2417/747/248 2412/748/248 2413/746/248
f 2411/749/248 2412/748/248 2417/747/248
f 2415/744/248 2416/750/248 2413/746/248
f 2413/746/248 2416/750/248 2417/747/248
f 2410/751/248 2417/747/248 2418/595/248
f 2417/747/248 2410/751/248 2411/749/248
f 2400/738/248 2398/586/248 2399/752/248
f 2398/586/248 2400/738/248 2418/595/248
f 2403/739/248 2418/595/248 2400/738/248
f 2404/742/248 2418/595/248 2403/739/248
f 2418/595/248 2404/742/248 2410/751/248
f 2407/743/248 2410/751/248 2404/742/248
f 2410/751/248 2407/743/248 2409/753/248
f 2408/690/248 2409/753/248 2407/743/248
f 2421/719/248 2419/586/248 2420/754/248
f 2419/586/248 2421/719/248 2422/755/248
f 2431/717/248 2432/690/248 2429/716/248
f 2431/717/248 2429/716/248 2430/756/248
f 2419/586/248 2429/716/248 2432/690/248
f 2429/716/248 2419/586/248 2428/757/248
f 2422/755/248 2428/757/248 2419/586/248
f 2428/757/248 2422/755/248 2425/714/248
f 2423/715/248 2425/714/248 2422/755/248
f 2425/714/248 2423/715/248 2424/758/248
f 2435/711/248 2433/712/248 2434/759/248
f 2433/712/248 2435/711/248 2436/760/248
f 2440/761/248 2442/762/248 2439/709/248
f 2438/763/248 2439/709/248 2442/762/248
f 2440/761/248 2441/718/248 2442/762/248
f 2437/710/248 2442/762/248 2443/708/248
f 2442/762/248 2437/710/248 2438/763/248
f 2436/760/248 2443/708/248 2433/712/248
f 2443/708/248 2436/760/248 2437/710/248
f 2443/708/248 2444/764/248 2433/712/248
f 2425/714/248 2427/713/248 2428/757/248
f 2427/713/248 2425/714/248 2426/765/248
f 2445/595/248 2433/712/248 2444/764/248
f 2446/586/248 2448/740/248 2449/751/248
f 2451/595/248 2446/586/248 2450/745/248
f 2446/586/248 2447/736/248 2448/740/248
f 2449/751/248 2450/745/248 2446/586/248
f 2472/766/248 2470/768/248 2471/767/248
f 2475/769/248 2452/586/248 2481/770/248
f 2455/771/248 2452/586/248 2454/772/248
f 2453/773/248 2454/772/248 2452/586/248
f 2481/770/248 2474/774/248 2475/769/248
f 2481/770/248 2463/775/248 2474/774/248
f 2452/586/248 2480/776/248 2481/770/248
f 2455/771/248 2480/776/248 2452/586/248
f 2480/776/248 2455/771/248 2477/777/248
f 2477/777/248 2455/771/248 2476/778/248
f 2476/778/248 2455/771/248 2456/779/248
f 2464/780/248 2466/782/248 2467/781/248
f 2462/783/248 2463/775/248 2482/784/248
f 2459/785/248 2460/787/248 2458/786/248
f 2461/788/248 2458/786/248 2460/787/248
f 2457/789/248 2458/786/248 2479/790/248
f 2482/784/248 2461/788/248 2462/783/248
f 2483/595/248 2461/788/248 2482/784/248
f 2478/791/248 2461/788/248 2483/595/248
f 2461/788/248 2478/791/248 2458/786/248
f 2458/786/248 2478/791/248 2479/790/248
f 2470/768/248 2468/793/248 2469/792/248
f 2468/793/248 2470/768/248 2467/781/248
f 2473/794/248 2467/781/248 2470/768/248
f 2467/781/248 2473/794/248 2464/780/248
f 2474/774/248 2464/780/248 2473/794/248
f 2464/780/248 2474/774/248 2463/775/248
f 2483/595/248 2477/777/248 2478/791/248
f 2456/779/248 2479/790/248 2476/778/248
f 2479/790/248 2456/779/248 2457/789/248
f 2466/782/248 2464/780/248 2465/795/248
f 2470/768/248 2472/766/248 2473/794/248
f 2477/777/248 2483/595/248 2480/776/248
f 2463/775/248 2481/770/248 2482/784/248
f 2486/796/248 2484/586/248 2485/797/248
f 2484/586/248 2486/796/248 2487/798/248
f 2490/799/248 2494/740/248 2495/800/248
f 2490/799/248 2491/801/248 2494/740/248
f 2484/586/248 2496/803/248 2497/802/248
f 2496/803/248 2484/586/248 2495/800/248
f 2487/798/248 2495/800/248 2484/586/248
f 2495/800/248 2487/798/248 2490/799/248
f 2488/804/248 2490/799/248 2487/798/248
f 2490/799/248 2488/804/248 2489/736/248
f 2502/805/248 2504/745/248 2501/806/248
f 2500/807/248 2501/806/248 2499/751/248
f 2508/808/248 2506/810/248 2507/809/248
f 2509/595/248 2498/812/248 2505/811/248
f 2508/808/248 2509/595/248 2506/810/248
f 2505/811/248 2506/810/248 2509/595/248
f 2501/806/248 2498/812/248 2499/751/248
f 2504/745/248 2498/812/248 2501/806/248
f 2498/812/248 2504/745/248 2505/811/248
f 2502/805/248 2503/813/248 2504/745/248
f 2493/814/248 2494/740/248 2492/815/248
f 2491/801/248 2492/815/248 2494/740/248
f 2538/816/248 2536/818/248 2537/817/248
f 2546/819/248 2513/821/248 2543/820/248
f 2541/822/248 2510/586/248 2547/823/248
f 2547/823/248 2510/586/248 2546/819/248
f 2546/819/248 2510/586/248 2513/821/248
f 2513/821/248 2510/586/248 2512/824/248
f 2511/825/248 2512/824/248 2510/586/248
f 2514/826/248 2545/828/248 2542/827/248
f 2545/828/248 2514/826/248 2515/829/248
f 2535/830/248 2533/832/248 2534/831/248
f 2533/832/248 2535/830/248 2536/818/248
f 2547/823/248 2540/833/248 2541/822/248
f 2540/833/248 2547/823/248 2548/834/248
f 2543/820/248 2549/835/248 2546/819/248
f 2549/835/248 2543/820/248 2544/836/248
f 2513/821/248 2542/827/248 2543/820/248
f 2542/827/248 2513/821/248 2514/826/248
f 2527/837/248 2528/839/248 2530/838/248
f 2553/840/248 2522/842/248 2523/841/248
f 2522/842/248 2553/840/248 2550/843/248
f 2554/844/248 2521/846/248 2551/845/248
f 2519/847/248 2520/849/248 2518/848/248
f 2521/846/248 2518/848/248 2520/849/248
f 2554/844/248 2518/848/248 2521/846/248
f 2555/850/248 2518/848/248 2554/844/248
f 2517/851/248 2518/848/248 2555/850/248
f 2529/852/248 2530/838/248 2528/839/248
f 2550/843/248 2521/846/248 2522/842/248
f 2521/846/248 2550/843/248 2551/845/248
f 2557/595/248 2551/845/248 2552/853/248
f 2551/845/248 2557/595/248 2554/844/248
f 2516/854/248 2555/850/248 2556/855/248
f 2555/850/248 2516/854/248 2517/851/248
f 2533/832/248 2531/857/248 2532/856/248
f 2531/857/248 2533/832/248 2530/838/248
f 2536/818/248 2530/838/248 2533/832/248
f 2530/838/248 2536/818/248 2527/837/248
f 2539/858/248 2527/837/248 2536/818/248
f 2527/837/248 2539/858/248 2524/859/248
f 2540/833/248 2524/859/248 2539/858/248
f 2524/859/248 2540/833/248 2523/841/248
f 2548/834/248 2523/841/248 2540/833/248
f 2523/841/248 2548/834/248 2553/840/248
f 2549/835/248 2553/840/248 2548/834/248
f 2553/840/248 2549/835/248 2552/853/248
f 2544/836/248 2552/853/248 2549/835/248
f 2552/853/248 2544/836/248 2557/595/248
f 2545/828/248 2557/595/248 2544/836/248
f 2557/595/248 2545/828/248 2556/855/248
f 2515/829/248 2556/855/248 2545/828/248
f 2556/855/248 2515/829/248 2516/854/248
f 2526/860/248 2524/859/248 2525/861/248
f 2524/859/248 2526/860/248 2527/837/248
f 2536/818/248 2538/816/248 2539/858/248
f 2567/862/248 2568/864/248 2566/863/248
f 2583/865/248 2584/867/248 2585/866/248
f 2585/866/248 2566/863/248 2570/868/248
f 2570/868/248 2566/863/248 2568/864/248
f 2581/869/248 2582/870/248 2579/690/248
f 2579/690/248 2572/591/248 2574/871/248
f 2574/871/248 2572/591/248 2573/872/248
f 2585/866/248 2582/870/248 2583/865/248
f 2582/870/248 2585/866/248 2579/690/248
f 2579/690/248 2585/866/248 2572/591/248
f 2570/868/248 2572/591/248 2585/866/248
f 2572/591/248 2570/868/248 2571/873/248
f 2568/864/248 2569/874/248 2570/868/248
f 2564/875/248 2561/877/248 2562/876/248
f 2588/878/248 2586/607/248 2587/879/248
f 2576/880/248 2577/882/248 2578/881/248
f 2558/586/248 2564/875/248 2565/883/248
f 2595/884/248 2597/886/248 2594/885/248
f 2594/885/248 2597/886/248 2593/887/248
f 2592/888/248 2593/887/248 2597/886/248
f 2595/884/248 2596/889/248 2597/886/248
f 2597/886/248 2598/890/248 2592/888/248
f 2589/891/248 2592/888/248 2598/890/248
f 2590/892/248 2592/888/248 2589/891/248
f 2592/888/248 2590/892/248 2591/893/248
f 2598/890/248 2599/894/248 2586/607/248
f 2598/890/248 2586/607/248 2589/891/248
f 2588/878/248 2589/891/248 2586/607/248
f 2579/690/248 2580/895/248 2581/869/248
f 2574/871/248 2578/881/248 2579/690/248
f 2578/881/248 2574/871/248 2576/880/248
f 2575/896/248 2576/880/248 2574/871/248
f 2562/876/248 2563/897/248 2564/875/248
f 2560/898/248 2561/877/248 2559/899/248
f 2559/899/248 2561/877/248 2558/586/248
f 2564/875/248 2558/586/248 2561/877/248
f 2600/595/248 2586/607/248 2599/894/248
f 2611/690/248 2612/753/248 2610/743/248
f 2612/753/248 2620/747/248 2610/743/248
f 2620/747/248 2612/753/248 2619/750/248
f 2613/751/248 2619/750/248 2612/753/248
f 2619/750/248 2613/751/248 2616/746/248
f 2616/746/248 2613/751/248 2615/748/248
f 2614/749/248 2615/748/248 2613/751/248
f 2606/739/248 2608/741/248 2605/736/248
f 2604/737/248 2601/586/248 2602/752/248
f 2602/752/248 2603/738/248 2604/737/248
f 2620/747/248 2609/740/248 2610/743/248
f 2609/740/248 2620/747/248 2621/595/248
f 2616/746/248 2618/744/248 2619/750/248
f 2618/744/248 2616/746/248 2617/745/248
f 2606/739/248 2607/742/248 2608/741/248
f 2650/900/248 2651/595/248 2639/901/248
f 2638/902/248 2651/595/248 2648/903/248
f 2649/904/248 2637/905/248 2648/903/248
f 2648/903/248 2637/905/248 2638/902/248
f 2651/595/248 2638/902/248 2639/901/248
f 2646/906/248 2644/908/248 2645/907/248
f 2632/909/248 2640/911/248 2631/910/248
f 2643/912/248 2631/910/248 2640/911/248
f 2630/913/248 2628/915/248 2629/914/248
f 2626/916/248 2627/918/248 2625/917/248
f 2632/909/248 2634/920/248 2635/919/248
f 2634/920/248 2632/909/248 2633/921/248
f 2630/913/248 2631/910/248 2628/915/248
f 2643/912/248 2628/915/248 2631/910/248
f 2622/586/248 2628/915/248 2643/912/248
f 2628/915/248 2622/586/248 2627/918/248
f 2627/918/248 2622/586/248 2625/917/248
f 2649/904/248 2636/922/248 2637/905/248
f 2636/922/248 2649/904/248 2635/919/248
f 2650/900/248 2635/919/248 2649/904/248
f 2639/901/248 2635/919/248 2650/900/248
f 2635/919/248 2639/901/248 2632/909/248
f 2632/909/248 2639/901/248 2640/911/248
f 2642/923/248 2640/911/248 2641/924/248
f 2640/911/248 2642/923/248 2643/912/248
f 2624/925/248 2622/586/248 2623/926/248
f 2622/586/248 2624/925/248 2625/917/248
f 2647/927/248 2644/908/248 2646/906/248
f 2670/673/248 2659/693/248 2671/595/248
f 2660/696/248 2671/595/248 2659/693/248
f 2671/595/248 2660/696/248 2668/676/248
f 2668/676/248 2660/696/248 2669/678/248
f 2658/703/248 2664/698/248 2657/706/248
f 2656/691/248 2657/706/248 2664/698/248
f 2663/688/248 2658/703/248 2662/700/248
f 2658/703/248 2663/688/248 2664/698/248
f 2652/586/248 2664/698/248 2667/681/248
f 2664/698/248 2652/586/248 2656/691/248
f 2656/691/248 2652/586/248 2655/704/248
f 2658/703/248 2659/693/248 2662/700/248
f 2670/673/248 2662/700/248 2659/693/248
f 2669/678/248 2662/700/248 2670/673/248
f 2662/700/248 2669/678/248 2661/694/248
f 2654/687/248 2652/586/248 2653/674/248
f 2652/586/248 2654/687/248 2655/704/248
f 2669/678/248 2660/696/248 2661/694/248
f 2664/698/248 2665/684/248 2667/681/248
f 2666/682/248 2667/681/248 2665/684/248
f 2676/736/248 2674/738/248 2675/737/248
f 2674/738/248 2676/736/248 2677/739/248
f 2680/740/248 2678/742/248 2679/741/248
f 2678/742/248 2680/740/248 2681/743/248
f 2689/744/248 2687/746/248 2688/745/248
f 2691/747/248 2686/748/248 2687/746/248
f 2685/749/248 2686/748/248 2691/747/248
f 2689/744/248 2690/750/248 2687/746/248
f 2687/746/248 2690/750/248 2691/747/248
f 2684/751/248 2691/747/248 2692/595/248
f 2691/747/248 2684/751/248 2685/749/248
f 2674/738/248 2672/586/248 2673/752/248
f 2672/586/248 2674/738/248 2692/595/248
f 2677/739/248 2692/595/248 2674/738/248
f 2678/742/248 2692/595/248 2677/739/248
f 2692/595/248 2678/742/248 2684/751/248
f 2681/743/248 2684/751/248 2678/742/248
f 2684/751/248 2681/743/248 2683/753/248
f 2682/690/248 2683/753/248 2681/743/248
f 2792/928/248 2791/930/248 2714/929/248
f 2715/931/248 2716/932/248 2714/929/248
f 2714/929/248 2716/932/248 2792/928/248
f 2717/933/248 2792/928/248 2716/932/248
f 2718/934/248 2792/928/248 2717/933/248
f 2792/928/248 2718/934/248 2793/935/248
f 2725/936/248 2723/938/248 2724/937/248
f 2786/939/248 2787/941/248 2722/940/248
f 2719/942/248 2720/944/248 2790/943/248
f 2787/941/248 2721/945/248 2722/940/248
f 2790/943/248 2793/935/248 2719/942/248
f 2718/934/248 2719/942/248 2793/935/248
f 2722/940/248 2723/938/248 2786/939/248
f 2725/936/248 2786/939/248 2723/938/248
f 2786/939/248 2725/936/248 2789/946/248
f 2789/946/248 2725/936/248 2727/947/248
f 2727/947/248 2725/936/248 2726/948/248
f 2796/595/248 2713/950/248 2795/949/248
f 2709/951/248 2710/953/248 2794/952/248
f 2713/950/248 2711/955/248 2712/954/248
f 2796/595/248 2711/955/248 2713/950/248
f 2711/955/248 2796/595/248 2710/953/248
f 2794/952/248 2710/953/248 2796/595/248
f 2701/956/248 2707/958/248 2708/957/248
f 2707/958/248 2701/956/248 2702/959/248
f 2785/960/248 2699/962/248 2700/961/248
f 2699/962/248 2785/960/248 2782/963/248
f 2783/964/248 2784/966/248 2740/965/248
f 2740/965/248 2784/966/248 2739/967/248
f 2728/968/248 2739/967/248 2784/966/248
f 2729/969/248 2739/967/248 2728/968/248
f 2739/967/248 2729/969/248 2738/970/248
f 2738/970/248 2729/969/248 2735/971/248
f 2713/950/248 2714/929/248 2795/949/248
f 2791/930/248 2795/949/248 2714/929/248
f 2790/943/248 2795/949/248 2791/930/248
f 2795/949/248 2790/943/248 2794/952/248
f 2794/952/248 2790/943/248 2709/951/248
f 2709/951/248 2790/943/248 2708/957/248
f 2720/944/248 2708/957/248 2790/943/248
f 2708/957/248 2720/944/248 2701/956/248
f 2721/945/248 2701/956/248 2720/944/248
f 2701/956/248 2721/945/248 2700/961/248
f 2700/961/248 2721/945/248 2785/960/248
f 2787/941/248 2785/960/248 2721/945/248
f 2788/972/248 2785/960/248 2787/941/248
f 2785/960/248 2788/972/248 2784/966/248
f 2784/966/248 2788/972/248 2728/968/248
f 2789/946/248 2728/968/248 2788/972/248
f 2727/947/248 2728/968/248 2789/946/248
f 2731/973/248 2732/975/248 2730/974/248
f 2729/969/248 2732/975/248 2735/971/248
f 2733/976/248 2735/971/248 2732/975/248
f 2735/971/248 2733/976/248 2734/977/248
f 2704/978/248 2705/980/248 2703/979/248
f 2694/981/248 2778/982/248 2693/586/248
f 2698/983/248 2696/985/248 2697/984/248
f 2696/985/248 2741/987/248 2743/986/248
f 2743/986/248 2741/987/248 2742/988/248
f 2747/989/248 2770/991/248 2746/990/248
f 2779/992/248 2768/994/248 2769/993/248
f 2768/994/248 2779/992/248 2780/995/248
f 2774/996/248 2695/998/248 2771/997/248
f 2771/997/248 2695/998/248 2770/991/248
f 2770/991/248 2744/999/248 2746/990/248
f 2769/993/248 2693/586/248 2779/992/248
f 2779/992/248 2693/586/248 2778/982/248
f 2743/986/248 2695/998/248 2696/985/248
f 2695/998/248 2744/999/248 2770/991/248
f 2764/1000/248 2781/1002/248 2763/1001/248
f 2776/1003/248 2763/1001/248 2781/1002/248
f 2763/1001/248 2776/1003/248 2760/1004/248
f 2777/1005/248 2760/1004/248 2776/1003/248
f 2749/1006/248 2773/1008/248 2748/1007/248
f 2756/1009/248 2758/1011/248 2759/1010/248
f 2758/1011/248 2756/1009/248 2757/1012/248
f 2752/1013/248 2754/1015/248 2755/1014/248
f 2754/1015/248 2752/1013/248 2753/1016/248
f 2764/1000/248 2766/1018/248 2767/1017/248
f 2766/1018/248 2764/1000/248 2765/1019/248
f 2760/1004/248 2762/1020/248 2763/1001/248
f 2762/1020/248 2760/1004/248 2761/1021/248
f 2777/1005/248 2759/1010/248 2760/1004/248
f 2772/1022/248 2759/1010/248 2777/1005/248
f 2759/1010/248 2772/1022/248 2756/1009/248
f 2773/1008/248 2756/1009/248 2772/1022/248
f 2756/1009/248 2773/1008/248 2755/1014/248
f 2749/1006/248 2755/1014/248 2773/1008/248
f 2755/1014/248 2749/1006/248 2752/1013/248
f 2750/1023/248 2752/1013/248 2749/1006/248
f 2752/1013/248 2750/1023/248 2751/1024/248
f 2780/995/248 2767/1017/248 2768/994/248
f 2767/1017/248 2780/995/248 2764/1000/248
f 2764/1000/248 2780/995/248 2781/1002/248
f 2775/1025/248 2781/1002/248 2778/982/248
f 2781/1002/248 2775/1025/248 2776/1003/248
f 2771/997/248 2777/1005/248 2774/996/248
f 2777/1005/248 2771/997/248 2772/1022/248
f 2747/989/248 2773/1008/248 2770/991/248
f 2773/1008/248 2747/989/248 2748/1007/248
f 2744/999/248 2745/1026/248 2746/990/248
f 2706/1027/248 2707/958/248 2705/980/248
f 2705/980/248 2707/958/248 2703/979/248
f 2702/959/248 2703/979/248 2707/958/248
f 2782/963/248 2698/983/248 2699/962/248
f 2783/964/248 2698/983/248 2782/963/248
f 2698/983/248 2783/964/248 2696/985/248
f 2740/965/248 2696/985/248 2783/964/248
f 2696/985/248 2740/965/248 2741/987/248
f 2735/971/248 2737/1028/248 2738/970/248
f 2737/1028/248 2735/971/248 2736/1029/248
f 2775/1025/248 2695/998/248 2774/996/248
f 2695/998/248 2778/982/248 2694/981/248
f 2778/982/248 2695/998/248 2775/1025/248
f 2729/969/248 2730/974/248 2732/975/248
f 2743/986/248 2744/999/248 2695/998/248
f 2809/708/248 2806/710/248 2807/709/248
f 2805/711/248 2801/713/248 2804/712/248
f 2801/713/248 2805/711/248 2810/595/248
f 2797/586/248 2799/715/248 2800/714/248
f 2801/713/248 2802/716/248 2804/712/248
f 2803/717/248 2804/712/248 2802/716/248
f 2809/708/248 2805/711/248 2806/710/248
f 2805/711/248 2809/708/248 2810/595/248
f 2807/709/248 2808/718/248 2809/708/248
f 2799/715/248 2797/586/248 2798/719/248
f 2811/586/248 2812/721/248 2813/720/248
f 2822/722/248 2814/724/248 2817/723/248
f 2815/725/248 2817/723/248 2814/724/248
f 2811/586/248 2823/727/248 2824/726/248
f 2823/727/248 2811/586/248 2822/722/248
f 2822/722/248 2811/586/248 2814/724/248
f 2813/720/248 2814/724/248 2811/586/248
f 2825/728/248 2826/729/248 2828/595/248
f 2820/730/248 2821/732/248 2819/731/248
f 2817/723/248 2821/732/248 2822/722/248
f 2821/732/248 2817/723/248 2818/733/248
f 2815/725/248 2816/734/248 2817/723/248
f 2818/733/248 2819/731/248 2821/732/248
f 2828/595/248 2826/729/248 2827/735/248
f 2829/586/248 2830/875/248 2836/595/248
f 2831/868/248 2836/595/248 2830/875/248
f 2835/885/248 2833/870/248 2834/878/248
f 2835/885/248 2836/595/248 2833/870/248
f 2831/868/248 2833/870/248 2836/595/248
f 2833/870/248 2831/868/248 2832/880/248
f 2839/1030/248 2837/586/248 2838/1031/248
f 2839/1030/248 2840/1032/248 2837/586/248
f 2843/1033/248 2844/1035/248 2841/1034/248
f 2841/1034/248 2842/1036/248 2843/1033/248
f 2847/1037/248 2845/1039/248 2846/1038/248
f 2845/1039/248 2847/1037/248 2848/595/248
f 2854/1036/248 2852/1032/248 2853/1034/248
f 2855/1033/248 2852/1032/248 2854/1036/248
f 2852/1032/248 2855/1033/248 2857/1039/248
f 2857/1039/248 2855/1033/248 2856/1035/248
f 2851/1030/248 2849/586/248 2850/1031/248
f 2860/595/248 2858/1038/248 2859/1037/248
f 2851/1030/248 2860/595/248 2849/586/248
f 2860/595/248 2851/1030/248 2858/1038/248
f 2857/1039/248 2851/1030/248 2852/1032/248
f 2851/1030/248 2857/1039/248 2858/1038/248
f 2863/868/248 2867/885/248 2862/875/248
f 2867/885/248 2863/868/248 2866/878/248
f 2865/870/248 2861/586/248 2868/595/248
f 2861/586/248 2865/870/248 2864/880/248
f 2867/885/248 2861/586/248 2862/875/248
f 2861/586/248 2867/885/248 2868/595/248
f 2863/868/248 2865/870/248 2866/878/248
f 2865/870/248 2863/868/248 2864/880/248
s 1
f 2872/1040/249 2869/586/250 2870/1041/250
f 2874/1042/251 2871/739/249 2872/1040/249
f 2876/1043/252 2873/690/251 2874/1042/251
f 2870/1044/250 2875/746/252 2876/1043/252
f 2880/1040/253 2877/586/254 2878/1041/255
f 2882/1042/256 2879/739/253 2880/1040/253
f 2884/1043/257 2881/690/258 2882/1042/256
f 2878/1044/255 2883/746/257 2884/1043/257
f 2888/1045/259 2885/586/260 2886/1041/260
f 2890/1046/259 2887/1047/259 2888/1045/259
f 2892/1040/261 2889/883/259 2890/1046/259
f 2894/1048/261 2891/739/261 2892/1040/261
f 2896/1049/262 2893/591/261 2894/1048/261
f 2898/1042/263 2895/1050/262 2896/1049/262
f 2900/1051/264 2897/690/263 2898/1042/263
f 2902/1052/264 2899/1053/264 2900/1051/264
f 2904/1043/265 2901/607/264 2902/1052/264
f 2906/1054/266 2903/746/265 2904/1043/265
f 2908/1055/260 2905/887/267 2906/1054/266
f 2886/1044/260 2907/1056/260 2908/1055/260
f 2912/1040/268 2909/586/269 2910/1041/269
f 2914/1042/270 2911/739/268 2912/1040/268
f 2916/1043/271 2913/690/272 2914/1042/270
f 2910/1044/269 2915/746/273 2916/1043/271
f 2920/1040/274 2917/586/275 2918/1041/275
f 2922/1042/276 2919/739/274 2920/1040/274
f 2924/1043/277 2921/690/276 2922/1042/276
f 2918/1044/275 2923/746/277 2924/1043/277
f 2928/1040/268 2925/586/269 2926/1041/269
f 2930/1042/270 2927/739/268 2928/1040/268
f 2932/1043/271 2929/690/272 2930/1042/270
f 2926/1044/269 2931/746/273 2932/1043/271
f 2936/1057/278 2933/586/279 2934/1041/280
f 2938/1040/281 2935/1058/278 2936/1057/278
f 2940/1059/282 2937/739/283 2938/1040/281
f 2942/1042/284 2939/1060/284 2940/1059/282
f 2944/1061/265 2941/690/282 2942/1042/284
f 2946/1043/266 2943/1062/265 2944/1061/265
f 2948/1063/279 2945/746/266 2946/1043/266
f 2934/1044/280 2947/1064/280 2948/1063/279
f 2952/1065/285 2949/586/286 2950/1041/286
f 2954/1066/287 2951/877/285 2952/1065/285
f 2956/1067/288 2953/875/287 2954/1066/287
f 2958/1068/288 2955/862/288 2956/1067/288
f 2960/1069/289 2957/868/288 2958/1068/288
f 2962/1070/289 2959/872/289 2960/1069/289
f 2964/1042/290 2961/880/289 2962/1070/289
f 2966/1071/291 2963/690/290 2964/1042/290
f 2968/1072/292 2965/870/291 2966/1071/291
f 2970/1073/292 2967/866/292 2968/1072/292
f 2972/1074/293 2969/878/292 2970/1073/292
f 2974/1075/293 2971/893/293 2972/1074/293
f 2976/1076/294 2973/885/295 2974/1075/293
f 2950/1044/286 2975/886/286 2976/1076/294
f 2980/1040/296 2977/586/297 2978/1041/298
f 2982/1042/299 2979/739/296 2980/1040/296
f 2984/1043/300 2981/690/301 2982/1042/299
f 2978/1044/298 2983/746/300 2984/1043/300
f 2988/1040/302 2985/586/303 2986/1041/303
f 2990/1042/304 2987/739/305 2988/1040/302
f 2992/1043/306 2989/690/304 2990/1042/304
f 2986/1044/303 2991/746/307 2992/1043/306
f 2996/1077/308 2993/586/309 2994/1041/309
f 2998/1078/310 2995/738/311 2996/1077/308
f 3000/1079/312 2997/736/310 2998/1078/310
f 3002/1080/313 2999/742/312 3000/1079/312
f 3004/1042/314 3001/740/313 3002/1080/313
f 3006/1081/315 3003/690/314 3004/1042/314
f 3008/1082/316 3005/751/317 3006/1081/315
f 3010/1083/318 3007/748/316 3008/1082/316
f 3012/1084/319 3009/745/318 3010/1083/318
f 2994/1044/309 3011/750/320 3012/1084/319
f 3016/1085/308 3013/586/321 3014/1041/321
f 3018/1086/308 3015/1087/308 3016/1085/308
f 3020/1088/280 3017/1089/322 3018/1086/308
f 3022/1090/280 3019/1091/280 3020/1088/280
f 3024/1092/321 3021/1093/280 3022/1090/280
f 3026/1094/321 3023/1095/321 3024/1092/321
f 3028/1096/323 3025/1097/321 3026/1094/321
f 3030/1098/324 3027/1031/323 3028/1096/323
f 3032/1099/325 3029/1100/326 3030/1098/324
f 3034/1101/325 3031/1102/325 3032/1099/325
f 3036/1066/327 3033/1103/325 3034/1101/325
f 3038/1104/328 3035/875/329 3036/1066/327
f 3040/1105/330 3037/1106/328 3038/1104/328
f 3042/1107/331 3039/1108/331 3040/1105/330
f 3044/1109/332 3041/1030/331 3042/1107/331
f 3046/1110/333 3043/1111/332 3044/1109/332
f 3048/1112/334 3045/1113/335 3046/1110/333
f 3050/1114/297 3047/1115/334 3048/1112/334
f 3052/1116/336 3049/1117/297 3050/1114/297
f 3054/1118/337 3051/1119/336 3052/1116/336
f 3056/1120/338 3053/1121/337 3054/1118/337
f 3058/1068/266 3055/1032/338 3056/1120/338
f 3060/1122/339 3057/868/266 3058/1068/266
f 3062/1123/340 3059/1124/339 3060/1122/339
f 3064/1125/325 3061/1126/283 3062/1123/340
f 3066/1127/325 3063/1128/325 3064/1125/325
f 3068/1129/341 3065/1130/325 3066/1127/325
f 3070/1131/342 3067/1132/341 3068/1129/341
f 3072/1133/321 3069/1034/342 3070/1131/342
f 3074/1134/321 3071/1135/321 3072/1133/321
f 3076/1136/311 3073/1137/321 3074/1134/321
f 3078/1138/310 3075/1139/311 3076/1136/311
f 3080/1070/343 3077/1140/310 3078/1138/310
f 3082/1141/344 3079/880/345 3080/1070/343
f 3084/1142/346 3081/1143/344 3082/1141/344
f 3086/1144/347 3083/1036/348 3084/1142/346
f 3088/1145/349 3085/1146/347 3086/1144/347
f 3090/1147/350 3087/1148/349 3088/1145/349
f 3092/1149/351 3089/1150/350 3090/1147/350
f 3094/1151/351 3091/1152/351 3092/1149/351
f 3096/1153/352 3093/1154/351 3094/1151/351
f 3098/1155/352 3095/1156/352 3096/1153/352
f 3100/1157/265 3097/1033/352 3098/1155/352
f 3102/1071/266 3099/1158/265 3100/1157/265
f 3104/1159/353 3101/870/266 3102/1071/266
f 3106/1160/354 3103/1161/353 3104/1159/353
f 3108/1162/355 3105/1163/354 3106/1160/354
f 3110/1164/356 3107/1165/355 3108/1162/355
f 3112/1166/357 3109/1167/356 3110/1164/356
f 3114/1168/358 3111/1035/357 3112/1166/357
f 3116/1169/359 3113/1170/360 3114/1168/358
f 3118/1171/361 3115/1172/359 3116/1169/359
f 3120/1173/361 3117/1174/361 3118/1171/361
f 3122/1175/325 3119/1176/361 3120/1173/361
f 3124/1073/325 3121/1177/325 3122/1175/325
f 3126/1178/362 3123/878/325 3124/1073/325
f 3128/1179/363 3125/1039/363 3126/1178/362
f 3130/1180/364 3127/1181/363 3128/1179/363
f 3132/1182/364 3129/1183/364 3130/1180/364
f 3134/1184/265 3131/1185/364 3132/1182/364
f 3136/1186/266 3133/1187/265 3134/1184/265
f 3138/1188/365 3135/1189/266 3136/1186/266
f 3140/1190/366 3137/1191/367 3138/1188/365
f 3142/1192/265 3139/1038/366 3140/1190/366
f 3144/1193/266 3141/1194/265 3142/1192/265
f 3146/1075/368 3143/1195/266 3144/1193/266
f 3148/1196/369 3145/885/368 3146/1075/368
f 3150/1197/265 3147/1198/369 3148/1196/369
f 3152/1199/266 3149/1200/265 3150/1197/265
f 3154/1201/370 3151/1202/266 3152/1199/266
f 3156/1203/371 3153/1037/370 3154/1201/370
f 3158/1204/265 3155/1205/372 3156/1203/371
f 3160/1206/266 3157/1207/265 3158/1204/265
f 3162/1208/321 3159/1209/266 3160/1206/266
f 3164/1210/321 3161/1211/321 3162/1208/321
f 3166/1212/321 3163/1213/321 3164/1210/321
f 3014/1044/321 3165/1214/321 3166/1212/321
f 3170/1040/366 3167/586/367 3168/1041/365
f 3172/1042/340 3169/739/366 3170/1040/366
f 3174/1043/373 3171/690/340 3172/1042/340
f 3168/1044/365 3173/746/373 3174/1043/373
f 3178/1040/369 3175/586/368 3176/1041/368
f 3180/1042/374 3177/739/369 3178/1040/369
f 3182/1043/375 3179/690/374 3180/1042/374
f 3176/1044/368 3181/746/375 3182/1043/375
f 3186/1040/371 3183/586/370 3184/1041/370
f 3188/1042/376 3185/739/371 3186/1040/371
f 3190/1043/377 3187/690/376 3188/1042/376
f 3184/1044/370 3189/746/378 3190/1043/377
f 3194/1040/379 3191/586/380 3192/1041/380
f 3196/1042/381 3193/739/379 3194/1040/379
f 3198/1043/382 3195/690/381 3196/1042/381
f 3192/1044/380 3197/746/383 3198/1043/382
f 3202/1040/384 3199/586/385 3200/1041/385
f 3204/1042/386 3201/739/387 3202/1040/384
f 3206/1043/388 3203/690/386 3204/1042/386
f 3200/1044/385 3205/746/388 3206/1043/388
f 3210/1040/389 3207/586/390 3208/1041/390
f 3212/1042/391 3209/739/392 3210/1040/389
f 3214/1043/393 3211/690/391 3212/1042/391
f 3208/1044/390 3213/746/393 3214/1043/393
f 3218/1048/394 3215/586/395 3216/1041/396
f 3220/1052/397 3217/591/394 3218/1048/394
f 3216/1044/396 3219/607/397 3220/1052/397
f 3224/1215/339 3221/586/370 3222/1041/398
f 3226/1216/399 3223/898/339 3224/1215/339
f 3228/1066/400 3225/876/399 3226/1216/399
f 3230/1217/401 3227/875/402 3228/1066/400
f 3232/1218/403 3229/863/401 3230/1217/401
f 3234/1068/404 3231/864/403 3232/1218/403
f 3236/1048/405 3233/868/404 3234/1068/404
f 3238/1219/406 3235/591/405 3236/1048/405
f 3240/1070/407 3237/871/406 3238/1219/406
f 3242/1220/408 3239/880/408 3240/1070/407
f 3244/1221/366 3241/881/408 3242/1220/408
f 3246/1071/409 3243/895/366 3244/1221/366
f 3248/1222/410 3245/870/409 3246/1071/409
f 3250/1052/411 3247/867/410 3248/1222/410
f 3252/1073/411 3249/607/411 3250/1052/411
f 3254/1223/412 3251/878/411 3252/1073/411
f 3256/1224/413 3253/892/412 3254/1223/412
f 3258/1075/414 3255/888/413 3256/1224/413
f 3260/1225/415 3257/885/416 3258/1075/414
f 3262/1226/417 3259/889/418 3260/1225/415
f 3222/1044/398 3261/890/417 3262/1226/417
f 3266/1227/308 3263/586/419 3264/1041/420
f 3268/1057/310 3265/1228/311 3266/1227/308
f 3270/1229/421 3267/1058/310 3268/1057/310
f 3272/1040/421 3269/1230/421 3270/1229/421
f 3274/1231/422 3271/739/421 3272/1040/421
f 3276/1059/423 3273/1232/422 3274/1231/422
f 3278/1233/424 3275/1060/423 3276/1059/423
f 3280/1042/425 3277/1234/424 3278/1233/424
f 3282/1235/290 3279/690/426 3280/1042/425
f 3284/1061/290 3281/1236/290 3282/1235/290
f 3286/1237/427 3283/1062/290 3284/1061/290
f 3288/1043/428 3285/1238/427 3286/1237/427
f 3290/1239/405 3287/746/428 3288/1043/428
f 3292/1063/406 3289/1240/405 3290/1239/405
f 3294/1241/429 3291/1064/406 3292/1063/406
f 3264/1044/420 3293/1242/429 3294/1241/429
f 3298/1040/352 3295/586/430 3296/1041/431
f 3300/1042/432 3297/739/433 3298/1040/352
f 3302/1043/434 3299/690/432 3300/1042/432
f 3296/1044/431 3301/746/434 3302/1043/434
f 3306/1243/308 3303/586/435 3304/1041/435
f 3308/1096/310 3305/1244/311 3306/1243/308
f 3310/1245/412 3307/1031/310 3308/1096/310
f 3312/1107/413 3309/1246/412 3310/1245/412
f 3314/1247/436 3311/1030/413 3312/1107/413
f 3316/1120/437 3313/1248/436 3314/1247/436
f 3318/1249/412 3315/1032/437 3316/1120/437
f 3320/1131/413 3317/1250/412 3318/1249/412
f 3322/1251/438 3319/1034/413 3320/1131/413
f 3324/1142/439 3321/1252/438 3322/1251/438
f 3326/1042/440 3323/1036/439 3324/1142/439
f 3328/1155/441 3325/690/440 3326/1042/440
f 3330/1253/398 3327/1033/441 3328/1155/441
f 3332/1166/398 3329/1254/398 3330/1253/398
f 3334/1255/442 3331/1035/370 3332/1166/398
f 3336/1178/443 3333/1256/444 3334/1255/442
f 3338/1257/445 3335/1039/443 3336/1178/443
f 3340/1190/446 3337/1258/445 3338/1257/445
f 3342/1259/308 3339/1038/446 3340/1190/446
f 3344/1201/310 3341/1260/311 3342/1259/308
f 3346/1261/447 3343/1037/310 3344/1201/310
f 3304/1044/435 3345/1262/447 3346/1261/447
f 3350/1040/448 3347/586/449 3348/1041/449
f 3352/1042/450 3349/739/448 3350/1040/448
f 3354/1043/451 3351/690/450 3352/1042/450
f 3348/1044/449 3353/746/451 3354/1043/451
f 3358/1040/452 3355/586/453 3356/1041/454
f 3360/1042/455 3357/739/452 3358/1040/452
f 3362/1043/456 3359/690/457 3360/1042/455
f 3356/1044/454 3361/746/456 3362/1043/456
f 3366/1040/436 3363/586/437 3364/1041/437
f 3368/1042/435 3365/739/436 3366/1040/436
f 3370/1043/447 3367/690/435 3368/1042/435
f 3364/1044/437 3369/746/447 3370/1043/447
f 3374/1040/458 3371/586/459 3372/1041/459
f 3376/1042/460 3373/739/458 3374/1040/458
f 3378/1043/461 3375/690/460 3376/1042/460
f 3372/1044/459 3377/746/461 3378/1043/461
f 3382/1263/322 3379/586/413 3380/1041/413
f 3384/1264/462 3381/719/322 3382/1263/322
f 3386/1265/463 3383/715/462 3384/1264/462
f 3388/1266/464 3385/714/463 3386/1265/463
f 3390/1267/465 3387/713/464 3388/1266/464
f 3392/1268/466 3389/716/467 3390/1267/465
f 3394/1269/468 3391/717/466 3392/1268/466
f 3396/1270/469 3393/712/468 3394/1269/468
f 3398/1271/470 3395/711/471 3396/1270/469
f 3400/1272/470 3397/710/472 3398/1271/470
f 3402/1273/473 3399/709/470 3400/1272/470
f 3404/1274/473 3401/718/474 3402/1273/473
f 3380/1044/413 3403/708/412 3404/1274/473
f 3408/1057/349 3405/586/266 3406/1041/266
f 3410/1040/350 3407/1058/349 3408/1057/349
f 3412/1059/312 3409/739/350 3410/1040/350
f 3414/1042/312 3411/1060/312 3412/1059/312
f 3416/1061/475 3413/690/312 3414/1042/312
f 3418/1043/475 3415/1062/475 3416/1061/475
f 3420/1063/265 3417/746/475 3418/1043/475
f 3406/1044/266 3419/1064/265 3420/1063/265
f 3424/1275/476 3421/586/477 3422/1041/477
f 3426/1077/478 3423/752/476 3424/1275/476
f 3428/1276/479 3425/738/480 3426/1077/478
f 3430/1078/481 3427/737/481 3428/1276/479
f 3432/1040/482 3429/736/481 3430/1078/481
f 3434/1079/483 3431/739/484 3432/1040/482
f 3436/1277/485 3433/742/486 3434/1079/483
f 3438/1080/487 3435/741/485 3436/1277/485
f 3440/1278/487 3437/740/487 3438/1080/487
f 3442/1042/488 3439/743/487 3440/1278/487
f 3444/1279/489 3441/690/490 3442/1042/488
f 3446/1081/491 3443/753/489 3444/1279/489
f 3448/1280/492 3445/751/491 3446/1081/491
f 3450/1082/493 3447/749/492 3448/1280/492
f 3452/1043/494 3449/748/493 3450/1082/493
f 3454/1083/495 3451/746/494 3452/1043/494
f 3456/1281/496 3453/745/495 3454/1083/495
f 3458/1084/497 3455/744/498 3456/1281/496
f 3460/1282/499 3457/750/497 3458/1084/497
f 3422/1044/477 3459/747/499 3460/1282/499
f 3464/1283/349 3461/586/500 3462/1041/500
f 3466/1284/350 3463/1285/349 3464/1283/349
f 3468/1078/501 3465/1286/350 3466/1284/350
f 3470/1287/501 3467/736/501 3468/1078/501
f 3472/1048/333 3469/1288/501 3470/1287/501
f 3474/1080/333 3471/591/333 3472/1048/333
f 3476/1289/325 3473/740/502 3474/1080/333
f 3478/1290/503 3475/1291/325 3476/1289/325
f 3480/1081/504 3477/1292/503 3478/1290/503
f 3482/1052/505 3479/751/504 3480/1081/504
f 3484/1293/505 3481/607/505 3482/1052/505
f 3486/1083/506 3483/1294/507 3484/1293/505
f 3488/1295/506 3485/745/506 3486/1083/506
f 3490/1296/500 3487/1297/506 3488/1295/506
f 3462/1044/500 3489/1298/500 3490/1296/500
f 3494/1299/444 3491/586/321 3492/1041/321
f 3496/1227/443 3493/1300/444 3494/1299/444
f 3498/1301/325 3495/1228/443 3496/1227/443
f 3500/1057/325 3497/1302/325 3498/1301/325
f 3502/1303/325 3499/1058/325 3500/1057/325
f 3504/1229/325 3501/1304/325 3502/1303/325
f 3506/1305/325 3503/1230/325 3504/1229/325
f 3508/1040/325 3505/1306/325 3506/1305/325
f 3510/1307/508 3507/739/325 3508/1040/325
f 3512/1231/509 3509/1308/508 3510/1307/508
f 3514/1309/321 3511/1232/509 3512/1231/509
f 3516/1059/321 3513/1310/321 3514/1309/321
f 3518/1311/510 3515/1060/321 3516/1059/321
f 3520/1233/511 3517/1312/510 3518/1311/510
f 3522/1313/265 3519/1234/511 3520/1233/511
f 3524/1042/266 3521/1314/265 3522/1313/265
f 3526/1315/512 3523/690/328 3524/1042/266
f 3528/1235/513 3525/1316/514 3526/1315/512
f 3530/1317/515 3527/1236/513 3528/1235/513
f 3532/1061/516 3529/1318/517 3530/1317/515
f 3534/1319/518 3531/1062/516 3532/1061/516
f 3536/1237/519 3533/1320/518 3534/1319/518
f 3538/1321/520 3535/1238/519 3536/1237/519
f 3540/1043/521 3537/1322/520 3538/1321/520
f 3542/1323/522 3539/746/523 3540/1043/521
f 3544/1239/524 3541/1324/522 3542/1323/522
f 3546/1325/349 3543/1240/525 3544/1239/524
f 3548/1063/350 3545/1326/349 3546/1325/349
f 3550/1327/526 3547/1064/350 3548/1063/350
f 3552/1241/527 3549/1328/528 3550/1327/526
f 3554/1329/321 3551/1242/529 3552/1241/527
f 3492/1044/321 3553/1330/321 3554/1329/321
f 3558/1040/530 3555/586/531 3556/1041/531
f 3560/1042/408 3557/739/530 3558/1040/530
f 3562/1043/532 3559/690/408 3560/1042/408
f 3556/1044/531 3561/746/532 3562/1043/532
f 3566/1040/440 3563/586/441 3564/1041/441
f 3568/1042/406 3565/739/440 3566/1040/440
f 3570/1043/405 3567/690/406 3568/1042/406
f 3564/1044/441 3569/746/405 3570/1043/405
f 3574/1040/405 3571/586/406 3572/1041/406
f 3576/1042/441 3573/739/405 3574/1040/405
f 3578/1043/440 3575/690/441 3576/1042/441
f 3572/1044/406 3577/746/440 3578/1043/440
f 3582/1040/532 3579/586/408 3580/1041/408
f 3584/1042/531 3581/739/532 3582/1040/532
f 3586/1043/530 3583/690/533 3584/1042/531
f 3580/1044/408 3585/746/530 3586/1043/530
f 3590/1065/311 3587/586/286 3588/1041/286
f 3592/1066/310 3589/877/311 3590/1065/311
f 3594/1067/288 3591/875/310 3592/1066/310
f 3596/1068/288 3593/862/288 3594/1067/288
f 3598/1069/289 3595/868/288 3596/1068/288
f 3600/1070/289 3597/872/289 3598/1069/289
f 3602/1042/290 3599/880/289 3600/1070/289
f 3604/1071/291 3601/690/290 3602/1042/290
f 3606/1072/292 3603/870/291 3604/1071/291
f 3608/1073/292 3605/866/292 3606/1072/292
f 3610/1074/293 3607/878/292 3608/1073/292
f 3612/1075/293 3609/893/293 3610/1074/293
f 3614/1076/294 3611/885/295 3612/1075/293
f 3588/1044/286 3613/886/286 3614/1076/294
f 3618/1045/534 3615/586/535 3616/1041/535
f 3620/1046/536 3617/1047/537 3618/1045/534
f 3622/1040/447 3619/883/538 3620/1046/536
f 3624/1048/447 3621/739/447 3622/1040/447
f 3626/1049/459 3623/591/447 3624/1048/447
f 3628/1042/459 3625/1050/459 3626/1049/459
f 3630/1051/447 3627/690/539 3628/1042/459
f 3632/1052/447 3629/1053/447 3630/1051/447
f 3634/1043/437 3631/607/447 3632/1052/447
f 3636/1054/436 3633/746/437 3634/1043/437
f 3638/1055/535 3635/887/436 3636/1054/436
f 3616/1044/535 3637/1056/535 3638/1055/535
f 3642/1331/446 3639/586/321 3640/1041/321
f 3644/1045/445 3641/1332/540 3642/1331/446
f 3646/1057/325 3643/1047/445 3644/1045/445
f 3648/1046/325 3645/1058/325 3646/1057/325
f 3650/1333/325 3647/883/325 3648/1046/325
f 3652/1040/325 3649/1334/325 3650/1333/325
f 3654/1335/439 3651/739/325 3652/1040/325
f 3656/1048/438 3653/1336/541 3654/1335/439
f 3658/1059/321 3655/591/438 3656/1048/438
f 3660/1049/321 3657/1060/321 3658/1059/321
f 3662/1337/542 3659/1050/321 3660/1049/321
f 3664/1042/282 3661/1338/542 3662/1337/542
f 3666/1339/265 3663/690/282 3664/1042/282
f 3668/1051/266 3665/1340/265 3666/1339/265
f 3670/1061/543 3667/1053/328 3668/1051/266
f 3672/1052/543 3669/1062/543 3670/1061/543
f 3674/1341/544 3671/607/543 3672/1052/543
f 3676/1043/544 3673/1342/544 3674/1341/544
f 3678/1343/349 3675/746/544 3676/1043/544
f 3680/1054/350 3677/1344/349 3678/1343/349
f 3682/1063/427 3679/887/350 3680/1054/350
f 3684/1055/428 3681/1064/427 3682/1063/427
f 3686/1345/321 3683/1056/404 3684/1055/428
f 3640/1044/321 3685/1346/321 3686/1345/321
f 3690/1040/545 3687/586/546 3688/1041/546
f 3692/1042/547 3689/739/545 3690/1040/545
f 3694/1043/548 3691/690/547 3692/1042/547
f 3688/1044/546 3693/746/548 3694/1043/548
f 3698/1040/549 3695/586/550 3696/1041/550
f 3700/1042/551 3697/739/549 3698/1040/549
f 3702/1043/552 3699/690/551 3700/1042/551
f 3696/1044/550 3701/746/552 3702/1043/552
f 3706/1046/553 3703/586/554 3704/1041/554
f 3708/1048/555 3705/883/556 3706/1046/553
f 3710/1042/557 3707/591/555 3708/1048/555
f 3712/1052/558 3709/690/557 3710/1042/557
f 3714/1054/559 3711/607/558 3712/1052/558
f 3704/1044/554 3713/887/560 3714/1054/559
f 3718/1065/349 3715/586/448 3716/1041/519
f 3720/1066/350 3717/877/349 3718/1065/349
f 3722/1067/406 3719/875/350 3720/1066/350
f 3724/1068/406 3721/862/406 3722/1067/406
f 3726/1069/440 3723/868/406 3724/1068/406
f 3728/1070/440 3725/872/440 3726/1069/440
f 3730/1042/265 3727/880/440 3728/1070/440
f 3732/1071/266 3729/690/265 3730/1042/265
f 3734/1072/432 3731/870/266 3732/1071/266
f 3736/1073/433 3733/866/432 3734/1072/432
f 3738/1074/265 3735/878/433 3736/1073/433
f 3740/1075/267 3737/893/265 3738/1074/265
f 3742/1076/448 3739/885/266 3740/1075/267
f 3716/1044/519 3741/886/519 3742/1076/448
f 3746/1263/349 3743/586/561 3744/1041/561
f 3748/1264/350 3745/719/349 3746/1263/349
f 3750/1265/325 3747/715/350 3748/1264/350
f 3752/1266/325 3749/714/325 3750/1265/325
f 3754/1267/325 3751/713/325 3752/1266/325
f 3756/1268/453 3753/716/325 3754/1267/325
f 3758/1269/562 3755/717/453 3756/1268/453
f 3760/1270/249 3757/712/562 3758/1269/562
f 3762/1271/249 3759/711/249 3760/1270/249
f 3764/1272/563 3761/710/249 3762/1271/249
f 3766/1273/563 3763/709/563 3764/1272/563
f 3768/1274/561 3765/718/563 3766/1273/563
f 3744/1044/561 3767/708/561 3768/1274/561
f 3772/1215/339 3769/586/370 3770/1041/398
f 3774/1216/399 3771/898/339 3772/1215/339
f 3776/1066/400 3773/876/399 3774/1216/399
f 3778/1217/401 3775/875/564 3776/1066/400
f 3780/1218/403 3777/863/401 3778/1217/401
f 3782/1068/404 3779/864/403 3780/1218/403
f 3784/1048/405 3781/868/404 3782/1068/404
f 3786/1219/406 3783/591/405 3784/1048/405
f 3788/1070/407 3785/871/406 3786/1219/406
f 3790/1220/408 3787/880/408 3788/1070/407
f 3792/1221/366 3789/881/408 3790/1220/408
f 3794/1071/409 3791/895/366 3792/1221/366
f 3796/1222/410 3793/870/409 3794/1071/409
f 3798/1052/411 3795/867/410 3796/1222/410
f 3800/1073/411 3797/607/411 3798/1052/411
f 3802/1223/473 3799/878/411 3800/1073/411
f 3804/1224/413 3801/892/412 3802/1223/473
f 3806/1075/414 3803/888/413 3804/1224/413
f 3808/1225/415 3805/885/416 3806/1075/414
f 3810/1226/417 3807/889/418 3808/1225/415
f 3770/1044/398 3809/890/417 3810/1226/417
f 3814/1227/308 3811/586/419 3812/1041/420
f 3816/1057/310 3813/1228/311 3814/1227/308
f 3818/1229/421 3815/1058/310 3816/1057/310
f 3820/1040/421 3817/1230/421 3818/1229/421
f 3822/1231/422 3819/739/421 3820/1040/421
f 3824/1059/423 3821/1232/422 3822/1231/422
f 3826/1233/424 3823/1060/423 3824/1059/423
f 3828/1042/425 3825/1234/424 3826/1233/424
f 3830/1235/290 3827/690/426 3828/1042/425
f 3832/1061/290 3829/1236/290 3830/1235/290
f 3834/1237/565 3831/1062/290 3832/1061/290
f 3836/1043/428 3833/1238/427 3834/1237/565
f 3838/1239/405 3835/746/428 3836/1043/428
f 3840/1063/406 3837/1240/405 3838/1239/405
f 3842/1241/429 3839/1064/406 3840/1063/406
f 3812/1044/420 3841/1242/429 3842/1241/429
f 3846/1040/352 3843/586/431 3844/1041/431
f 3848/1042/432 3845/739/433 3846/1040/352
f 3850/1043/434 3847/690/432 3848/1042/432
f 3844/1044/431 3849/746/434 3850/1043/434
f 3854/1065/285 3851/586/286 3852/1041/286
f 3856/1066/287 3853/877/285 3854/1065/285
f 3858/1067/288 3855/875/287 3856/1066/287
f 3860/1068/288 3857/862/288 3858/1067/288
f 3862/1069/289 3859/868/288 3860/1068/288
f 3864/1070/289 3861/872/289 3862/1069/289
f 3866/1042/290 3863/880/289 3864/1070/289
f 3868/1071/291 3865/690/290 3866/1042/290
f 3870/1072/292 3867/870/291 3868/1071/291
f 3872/1073/292 3869/866/292 3870/1072/292
f 3874/1074/293 3871/878/292 3872/1073/292
f 3876/1075/293 3873/893/293 3874/1074/293
f 3878/1076/294 3875/885/295 3876/1075/293
f 3852/1044/286 3877/886/286 3878/1076/294
f 3882/1040/296 3879/586/298 3880/1041/298
f 3884/1042/299 3881/739/296 3882/1040/296
f 3886/1043/300 3883/690/301 3884/1042/299
f 3880/1044/298 3885/746/300 3886/1043/300
f 3890/1040/302 3887/586/303 3888/1041/303
f 3892/1042/304 3889/739/302 3890/1040/302
f 3894/1043/306 3891/690/304 3892/1042/304
f 3888/1044/303 3893/746/306 3894/1043/306
f 3898/1077/308 3895/586/309 3896/1041/309
f 3900/1078/310 3897/738/311 3898/1077/308
f 3902/1079/312 3899/736/310 3900/1078/310
f 3904/1080/313 3901/742/312 3902/1079/312
f 3906/1042/314 3903/740/313 3904/1080/313
f 3908/1081/315 3905/690/314 3906/1042/314
f 3910/1082/316 3907/751/317 3908/1081/315
f 3912/1083/318 3909/748/316 3910/1082/316
f 3914/1084/319 3911/745/318 3912/1083/318
f 3896/1044/309 3913/750/320 3914/1084/319
f 3918/1347/349 3915/586/321 3916/1041/321
f 3920/1348/350 3917/589/349 3918/1347/349
f 3922/1349/283 3919/588/350 3920/1348/350
f 3924/1350/339 3921/590/283 3922/1349/283
f 3926/1351/349 3923/593/339 3924/1350/339
f 3928/1352/566 3925/594/349 3926/1351/349
f 3930/1353/567 3927/592/350 3928/1352/566
f 3932/1354/568 3929/611/567 3930/1353/567
f 3934/1048/349 3931/610/569 3932/1354/568
f 3936/1355/350 3933/591/349 3934/1048/349
f 3938/1356/570 3935/585/350 3936/1355/350
f 3940/1357/570 3937/587/571 3938/1356/570
f 3942/1358/572 3939/605/573 3940/1357/570
f 3944/1359/572 3941/604/572 3942/1358/572
f 3946/1360/325 3943/603/572 3944/1359/572
f 3948/1361/265 3945/606/325 3946/1360/325
f 3950/1362/266 3947/609/265 3948/1361/265
f 3952/1052/423 3949/608/328 3950/1362/266
f 3954/1363/574 3951/607/423 3952/1052/423
f 3956/1364/265 3953/612/574 3954/1363/574
f 3958/1365/267 3955/600/265 3956/1364/265
f 3960/1366/575 3957/599/266 3958/1365/267
f 3962/1367/576 3959/602/575 3960/1366/575
f 3964/1368/265 3961/601/576 3962/1367/576
f 3966/1369/266 3963/597/265 3964/1368/265
f 3968/1370/321 3965/596/328 3966/1369/266
f 3916/1044/321 3967/598/321 3968/1370/321
f 3972/1040/577 3969/586/578 3970/1041/578
f 3974/1042/579 3971/739/580 3972/1040/577
f 3976/1043/581 3973/690/579 3974/1042/579
f 3970/1044/578 3975/746/582 3976/1043/581
f 3980/1040/577 3977/586/578 3978/1041/578
f 3982/1042/579 3979/739/580 3980/1040/577
f 3984/1043/581 3981/690/579 3982/1042/579
f 3978/1044/578 3983/746/582 3984/1043/581
f 3988/1040/583 3985/586/584 3986/1041/584
f 3990/1042/585 3987/739/583 3988/1040/583
f 3992/1043/586 3989/690/585 3990/1042/585
f 3986/1044/584 3991/746/586 3992/1043/586
f 3996/1227/349 3993/586/587 3994/1041/588
f 3998/1057/566 3995/1228/349 3996/1227/349
f 4000/1229/589 3997/1058/350 3998/1057/566
f 4002/1040/590 3999/1230/590 4000/1229/589
f 4004/1231/591 4001/739/590 4002/1040/590
f 4006/1059/591 4003/1232/591 4004/1231/591
f 4008/1233/265 4005/1060/592 4006/1059/591
f 4010/1042/267 4007/1234/265 4008/1233/265
f 4012/1235/593 4009/690/267 4010/1042/267
f 4014/1061/594 4011/1236/593 4012/1235/593
f 4016/1237/265 4013/1062/595 4014/1061/594
f 4018/1043/267 4015/1238/265 4016/1237/265
f 4020/1239/349 4017/746/266 4018/1043/267
f 4022/1063/566 4019/1240/349 4020/1239/349
f 4024/1241/596 4021/1064/566 4022/1063/566
f 3994/1044/588 4023/1242/597 4024/1241/596
f 4028/1045/598 4025/586/321 4026/1041/321
f 4030/1046/351 4027/1047/292 4028/1045/598
f 4032/1040/325 4029/883/599 4030/1046/351
f 4034/1048/325 4031/739/325 4032/1040/325
f 4036/1049/325 4033/591/325 4034/1048/325
f 4038/1042/325 4035/1050/325 4036/1049/325
f 4040/1051/352 4037/690/325 4038/1042/325
f 4042/1052/432 4039/1053/290 4040/1051/352
f 4044/1043/321 4041/607/432 4042/1052/432
f 4046/1054/321 4043/746/321 4044/1043/321
f 4048/1055/321 4045/887/321 4046/1054/321
f 4026/1044/321 4047/1056/321 4048/1055/321
f 4052/1040/600 4049/586/601 4050/1041/601
f 4054/1042/602 4051/739/600 4052/1040/600
f 4056/1043/603 4053/690/602 4054/1042/602
f 4050/1044/601 4055/746/603 4056/1043/603
f 4060/1057/604 4057/586/321 4058/1041/321
f 4062/1040/605 4059/1058/606 4060/1057/604
f 4064/1059/607 4061/739/605 4062/1040/605
f 4066/1042/607 4063/1060/607 4064/1059/607
f 4068/1061/265 4065/690/607 4066/1042/607
f 4070/1043/266 4067/1062/265 4068/1061/265
f 4072/1063/321 4069/746/328 4070/1043/266
f 4058/1044/321 4071/1064/321 4072/1063/321
f 4076/1040/608 4073/586/609 4074/1041/609
f 4078/1042/610 4075/739/611 4076/1040/608
f 4080/1043/612 4077/690/610 4078/1042/610
f 4074/1044/609 4079/746/613 4080/1043/612
f 4084/1040/608 4081/586/614 4082/1041/609
f 4086/1042/610 4083/739/608 4084/1040/608
f 4088/1043/612 4085/690/615 4086/1042/610
f 4082/1044/609 4087/746/612 4088/1043/612
f 4092/1040/616 4089/586/617 4090/1041/617
f 4094/1042/618 4091/739/619 4092/1040/616
f 4096/1043/620 4093/690/621 4094/1042/618
f 4090/1044/617 4095/746/620 4096/1043/620
f 4100/1040/622 4097/586/623 4098/1041/624
f 4102/1042/625 4099/739/316 4100/1040/622
f 4104/1043/626 4101/690/625 4102/1042/625
f 4098/1044/624 4103/746/626 4104/1043/626
f 4108/1040/627 4105/586/628 4106/1041/550
f 4110/1042/551 4107/739/629 4108/1040/627
f 4112/1043/552 4109/690/551 4110/1042/551
f 4106/1044/550 4111/746/552 4112/1043/552
f 4116/1045/308 4113/586/630 4114/1041/631
f 4118/1046/310 4115/1047/311 4116/1045/308
f 4120/1040/632 4117/883/310 4118/1046/310
f 4122/1048/632 4119/739/632 4120/1040/632
f 4124/1049/633 4121/591/634 4122/1048/632
f 4126/1042/633 4123/1050/635 4124/1049/633
f 4128/1051/412 4125/690/635 4126/1042/633
f 4130/1052/413 4127/1053/412 4128/1051/412
f 4132/1043/636 4129/607/413 4130/1052/413
f 4134/1054/637 4131/746/637 4132/1043/636
f 4136/1055/630 4133/887/636 4134/1054/637
f 4114/1044/631 4135/1056/631 4136/1055/630
f 4140/1040/638 4137/586/639 4138/1041/640
f 4142/1042/641 4139/739/638 4140/1040/638
f 4144/1043/642 4141/690/641 4142/1042/641
f 4138/1044/640 4143/746/642 4144/1043/642
f 4148/1040/405 4145/586/441 4146/1041/441
f 4150/1042/406 4147/739/405 4148/1040/405
f 4152/1043/440 4149/690/406 4150/1042/406
f 4146/1044/441 4151/746/440 4152/1043/440
f 4156/1040/436 4153/586/437 4154/1041/437
f 4158/1042/435 4155/739/436 4156/1040/436
f 4160/1043/447 4157/690/435 4158/1042/435
f 4154/1044/437 4159/746/447 4160/1043/447
f 4164/1040/458 4161/586/459 4162/1041/539
f 4166/1042/460 4163/739/458 4164/1040/458
f 4168/1043/461 4165/690/460 4166/1042/460
f 4162/1044/539 4167/746/461 4168/1043/461
f 2872/1040/249 2871/739/249 2869/586/250
f 2874/1042/251 2873/690/251 2871/739/249
f 2876/1043/252 2875/746/252 2873/690/251
f 2870/1044/250 2869/595/250 2875/746/252
f 2880/1040/253 2879/739/253 2877/586/254
f 2882/1042/256 2881/690/258 2879/739/253
f 2884/1043/257 2883/746/257 2881/690/258
f 2878/1044/255 2877/595/254 2883/746/257
f 2888/1045/259 2887/1047/259 2885/586/260
f 2890/1046/259 2889/883/259 2887/1047/259
f 2892/1040/261 2891/739/261 2889/883/259
f 2894/1048/261 2893/591/261 2891/739/261
f 2896/1049/262 2895/1050/262 2893/591/261
f 2898/1042/263 2897/690/263 2895/1050/262
f 2900/1051/264 2899/1053/264 2897/690/263
f 2902/1052/264 2901/607/264 2899/1053/264
f 2904/1043/265 2903/746/265 2901/607/264
f 2906/1054/266 2905/887/267 2903/746/265
f 2908/1055/260 2907/1056/260 2905/887/267
f 2886/1044/260 2885/595/260 2907/1056/260
f 2912/1040/268 2911/739/268 2909/586/269
f 2914/1042/270 2913/690/272 2911/739/268
f 2916/1043/271 2915/746/273 2913/690/272
f 2910/1044/269 2909/595/269 2915/746/273
f 2920/1040/274 2919/739/274 2917/586/275
f 2922/1042/276 2921/690/276 2919/739/274
f 2924/1043/277 2923/746/277 2921/690/276
f 2918/1044/275 2917/595/275 2923/746/277
f 2928/1040/268 2927/739/268 2925/586/269
f 2930/1042/270 2929/690/272 2927/739/268
f 2932/1043/271 2931/746/273 2929/690/272
f 2926/1044/269 2925/595/269 2931/746/273
f 2936/1057/278 2935/1058/278 2933/586/279
f 2938/1040/281 2937/739/283 2935/1058/278
f 2940/1059/282 2939/1060/284 2937/739/283
f 2942/1042/284 2941/690/282 2939/1060/284
f 2944/1061/265 2943/1062/265 2941/690/282
f 2946/1043/266 2945/746/266 2943/1062/265
f 2948/1063/279 2947/1064/280 2945/746/266
f 2934/1044/280 2933/595/279 2947/1064/280
f 2952/1065/285 2951/877/285 2949/586/286
f 2954/1066/287 2953/875/287 2951/877/285
f 2956/1067/288 2955/862/288 2953/875/287
f 2958/1068/288 2957/868/288 2955/862/288
f 2960/1069/289 2959/872/289 2957/868/288
f 2962/1070/289 2961/880/289 2959/872/289
f 2964/1042/290 2963/690/290 2961/880/289
f 2966/1071/291 2965/870/291 2963/690/290
f 2968/1072/292 2967/866/292 2965/870/291
f 2970/1073/292 2969/878/292 2967/866/292
f 2972/1074/293 2971/893/293 2969/878/292
f 2974/1075/293 2973/885/295 2971/893/293
f 2976/1076/294 2975/886/286 2973/885/295
f 2950/1044/286 2949/595/286 2975/886/286
f 2980/1040/296 2979/739/296 2977/586/297
f 2982/1042/299 2981/690/301 2979/739/296
f 2984/1043/300 2983/746/300 2981/690/301
f 2978/1044/298 2977/595/297 2983/746/300
f 2988/1040/302 2987/739/305 2985/586/303
f 2990/1042/304 2989/690/304 2987/739/305
f 2992/1043/306 2991/746/307 2989/690/304
f 2986/1044/303 2985/595/303 2991/746/307
f 2996/1077/308 2995/738/311 2993/586/309
f 2998/1078/310 2997/736/310 2995/738/311
f 3000/1079/312 2999/742/312 2997/736/310
f 3002/1080/313 3001/740/313 2999/742/312
f 3004/1042/314 3003/690/314 3001/740/313
f 3006/1081/315 3005/751/317 3003/690/314
f 3008/1082/316 3007/748/316 3005/751/317
f 3010/1083/318 3009/745/318 3007/748/316
f 3012/1084/319 3011/750/320 3009/745/318
f 2994/1044/309 2993/595/309 3011/750/320
f 3016/1085/308 3015/1087/308 3013/586/321
f 3018/1086/308 3017/1089/322 3015/1087/308
f 3020/1088/280 3019/1091/280 3017/1089/322
f 3022/1090/280 3021/1093/280 3019/1091/280
f 3024/1092/321 3023/1095/321 3021/1093/280
f 3026/1094/321 3025/1097/321 3023/1095/321
f 3028/1096/323 3027/1031/323 3025/1097/321
f 3030/1098/324 3029/1100/326 3027/1031/323
f 3032/1099/325 3031/1102/325 3029/1100/326
f 3034/1101/325 3033/1103/325 3031/1102/325
f 3036/1066/327 3035/875/329 3033/1103/325
f 3038/1104/328 3037/1106/328 3035/875/329
f 3040/1105/330 3039/1108/331 3037/1106/328
f 3042/1107/331 3041/1030/331 3039/1108/331
f 3044/1109/332 3043/1111/332 3041/1030/331
f 3046/1110/333 3045/1113/335 3043/1111/332
f 3048/1112/334 3047/1115/334 3045/1113/335
f 3050/1114/297 3049/1117/297 3047/1115/334
f 3052/1116/336 3051/1119/336 3049/1117/297
f 3054/1118/337 3053/1121/337 3051/1119/336
f 3056/1120/338 3055/1032/338 3053/1121/337
f 3058/1068/266 3057/868/266 3055/1032/338
f 3060/1122/339 3059/1124/339 3057/868/266
f 3062/1123/340 3061/1126/283 3059/1124/339
f 3064/1125/325 3063/1128/325 3061/1126/283
f 3066/1127/325 3065/1130/325 3063/1128/325
f 3068/1129/341 3067/1132/341 3065/1130/325
f 3070/1131/342 3069/1034/342 3067/1132/341
f 3072/1133/321 3071/1135/321 3069/1034/342
f 3074/1134/321 3073/1137/321 3071/1135/321
f 3076/1136/311 3075/1139/311 3073/1137/321
f 3078/1138/310 3077/1140/310 3075/1139/311
f 3080/1070/343 3079/880/345 3077/1140/310
f 3082/1141/344 3081/1143/344 3079/880/345
f 3084/1142/346 3083/1036/348 3081/1143/344
f 3086/1144/347 3085/1146/347 3083/1036/348
f 3088/1145/349 3087/1148/349 3085/1146/347
f 3090/1147/350 3089/1150/350 3087/1148/349
f 3092/1149/351 3091/1152/351 3089/1150/350
f 3094/1151/351 3093/1154/351 3091/1152/351
f 3096/1153/352 3095/1156/352 3093/1154/351
f 3098/1155/352 3097/1033/352 3095/1156/352
f 3100/1157/265 3099/1158/265 3097/1033/352
f 3102/1071/266 3101/870/266 3099/1158/265
f 3104/1159/353 3103/1161/353 3101/870/266
f 3106/1160/354 3105/1163/354 3103/1161/353
f 3108/1162/355 3107/1165/355 3105/1163/354
f 3110/1164/356 3109/1167/356 3107/1165/355
f 3112/1166/357 3111/1035/357 3109/1167/356
f 3114/1168/358 3113/1170/360 3111/1035/357
f 3116/1169/359 3115/1172/359 3113/1170/360
f 3118/1171/361 3117/1174/361 3115/1172/359
f 3120/1173/361 3119/1176/361 3117/1174/361
f 3122/1175/325 3121/1177/325 3119/1176/361
f 3124/1073/325 3123/878/325 3121/1177/325
f 3126/1178/362 3125/1039/363 3123/878/325
f 3128/1179/363 3127/1181/363 3125/1039/363
f 3130/1180/364 3129/1183/364 3127/1181/363
f 3132/1182/364 3131/1185/364 3129/1183/364
f 3134/1184/265 3133/1187/265 3131/1185/364
f 3136/1186/266 3135/1189/266 3133/1187/265
f 3138/1188/365 3137/1191/367 3135/1189/266
f 3140/1190/366 3139/1038/366 3137/1191/367
f 3142/1192/265 3141/1194/265 3139/1038/366
f 3144/1193/266 3143/1195/266 3141/1194/265
f 3146/1075/368 3145/885/368 3143/1195/266
f 3148/1196/369 3147/1198/369 3145/885/368
f 3150/1197/265 3149/1200/265 3147/1198/369
f 3152/1199/266 3151/1202/266 3149/1200/265
f 3154/1201/370 3153/1037/370 3151/1202/266
f 3156/1203/371 3155/1205/372 3153/1037/370
f 3158/1204/265 3157/1207/265 3155/1205/372
f 3160/1206/266 3159/1209/266 3157/1207/265
f 3162/1208/321 3161/1211/321 3159/1209/266
f 3164/1210/321 3163/1213/321 3161/1211/321
f 3166/1212/321 3165/1214/321 3163/1213/321
f 3014/1044/321 3013/595/321 3165/1214/321
f 3170/1040/366 3169/739/366 3167/586/367
f 3172/1042/340 3171/690/340 3169/739/366
f 3174/1043/373 3173/746/373 3171/690/340
f 3168/1044/365 3167/595/367 3173/746/373
f 3178/1040/369 3177/739/369 3175/586/368
f 3180/1042/374 3179/690/374 3177/739/369
f 3182/1043/375 3181/746/375 3179/690/374
f 3176/1044/368 3175/595/368 3181/746/375
f 3186/1040/371 3185/739/371 3183/586/370
f 3188/1042/376 3187/690/376 3185/739/371
f 3190/1043/377 3189/746/378 3187/690/376
f 3184/1044/370 3183/595/370 3189/746/378
f 3194/1040/379 3193/739/379 3191/586/380
f 3196/1042/381 3195/690/381 3193/739/379
f 3198/1043/382 3197/746/383 3195/690/381
f 3192/1044/380 3191/595/380 3197/746/383
f 3202/1040/384 3201/739/387 3199/586/385
f 3204/1042/386 3203/690/386 3201/739/387
f 3206/1043/388 3205/746/388 3203/690/386
f 3200/1044/385 3199/595/385 3205/746/388
f 3210/1040/389 3209/739/392 3207/586/390
f 3212/1042/391 3211/690/391 3209/739/392
f 3214/1043/393 3213/746/393 3211/690/391
f 3208/1044/390 3207/595/390 3213/746/393
f 3218/1048/394 3217/591/394 3215/586/395
f 3220/1052/397 3219/607/397 3217/591/394
f 3216/1044/396 3215/595/395 3219/607/397
f 3224/1215/339 3223/898/339 3221/586/370
f 3226/1216/399 3225/876/399 3223/898/339
f 3228/1066/400 3227/875/402 3225/876/399
f 3230/1217/401 3229/863/401 3227/875/402
f 3232/1218/403 3231/864/403 3229/863/401
f 3234/1068/404 3233/868/404 3231/864/403
f 3236/1048/405 3235/591/405 3233/868/404
f 3238/1219/406 3237/871/406 3235/591/405
f 3240/1070/407 3239/880/408 3237/871/406
f 3242/1220/408 3241/881/408 3239/880/408
f 3244/1221/366 3243/895/366 3241/881/408
f 3246/1071/409 3245/870/409 3243/895/366
f 3248/1222/410 3247/867/410 3245/870/409
f 3250/1052/411 3249/607/411 3247/867/410
f 3252/1073/411 3251/878/411 3249/607/411
f 3254/1223/412 3253/892/412 3251/878/411
f 3256/1224/413 3255/888/413 3253/892/412
f 3258/1075/414 3257/885/416 3255/888/413
f 3260/1225/415 3259/889/418 3257/885/416
f 3262/1226/417 3261/890/417 3259/889/418
f 3222/1044/398 3221/595/370 3261/890/417
f 3266/1227/308 3265/1228/311 3263/586/419
f 3268/1057/310 3267/1058/310 3265/1228/311
f 3270/1229/421 3269/1230/421 3267/1058/310
f 3272/1040/421 3271/739/421 3269/1230/421
f 3274/1231/422 3273/1232/422 3271/739/421
f 3276/1059/423 3275/1060/423 3273/1232/422
f 3278/1233/424 3277/1234/424 3275/1060/423
f 3280/1042/425 3279/690/426 3277/1234/424
f 3282/1235/290 3281/1236/290 3279/690/426
f 3284/1061/290 3283/1062/290 3281/1236/290
f 3286/1237/427 3285/1238/427 3283/1062/290
f 3288/1043/428 3287/746/428 3285/1238/427
f 3290/1239/405 3289/1240/405 3287/746/428
f 3292/1063/406 3291/1064/406 3289/1240/405
f 3294/1241/429 3293/1242/429 3291/1064/406
f 3264/1044/420 3263/595/419 3293/1242/429
f 3298/1040/352 3297/739/433 3295/586/430
f 3300/1042/432 3299/690/432 3297/739/433
f 3302/1043/434 3301/746/434 3299/690/432
f 3296/1044/431 3295/595/430 3301/746/434
f 3306/1243/308 3305/1244/311 3303/586/435
f 3308/1096/310 3307/1031/310 3305/1244/311
f 3310/1245/412 3309/1246/412 3307/1031/310
f 3312/1107/413 3311/1030/413 3309/1246/412
f 3314/1247/436 3313/1248/436 3311/1030/413
f 3316/1120/437 3315/1032/437 3313/1248/436
f 3318/1249/412 3317/1250/412 3315/1032/437
f 3320/1131/413 3319/1034/413 3317/1250/412
f 3322/1251/438 3321/1252/438 3319/1034/413
f 3324/1142/439 3323/1036/439 3321/1252/438
f 3326/1042/440 3325/690/440 3323/1036/439
f 3328/1155/441 3327/1033/441 3325/690/440
f 3330/1253/398 3329/1254/398 3327/1033/441
f 3332/1166/398 3331/1035/370 3329/1254/398
f 3334/1255/442 3333/1256/444 3331/1035/370
f 3336/1178/443 3335/1039/443 3333/1256/444
f 3338/1257/445 3337/1258/445 3335/1039/443
f 3340/1190/446 3339/1038/446 3337/1258/445
f 3342/1259/308 3341/1260/311 3339/1038/446
f 3344/1201/310 3343/1037/310 3341/1260/311
f 3346/1261/447 3345/1262/447 3343/1037/310
f 3304/1044/435 3303/595/435 3345/1262/447
f 3350/1040/448 3349/739/448 3347/586/449
f 3352/1042/450 3351/690/450 3349/739/448
f 3354/1043/451 3353/746/451 3351/690/450
f 3348/1044/449 3347/595/449 3353/746/451
f 3358/1040/452 3357/739/452 3355/586/453
f 3360/1042/455 3359/690/457 3357/739/452
f 3362/1043/456 3361/746/456 3359/690/457
f 3356/1044/454 3355/595/453 3361/746/456
f 3366/1040/436 3365/739/436 3363/586/437
f 3368/1042/435 3367/690/435 3365/739/436
f 3370/1043/447 3369/746/447 3367/690/435
f 3364/1044/437 3363/595/437 3369/746/447
f 3374/1040/458 3373/739/458 3371/586/459
f 3376/1042/460 3375/690/460 3373/739/458
f 3378/1043/461 3377/746/461 3375/690/460
f 3372/1044/459 3371/595/459 3377/746/461
f 3382/1263/322 3381/719/322 3379/586/413
f 3384/1264/462 3383/715/462 3381/719/322
f 3386/1265/463 3385/714/463 3383/715/462
f 3388/1266/464 3387/713/464 3385/714/463
f 3390/1267/465 3389/716/467 3387/713/464
f 3392/1268/466 3391/717/466 3389/716/467
f 3394/1269/468 3393/712/468 3391/717/466
f 3396/1270/469 3395/711/471 3393/712/468
f 3398/1271/470 3397/710/472 3395/711/471
f 3400/1272/470 3399/709/470 3397/710/472
f 3402/1273/473 3401/718/474 3399/709/470
f 3404/1274/473 3403/708/412 3401/718/474
f 3380/1044/413 3379/595/413 3403/708/412
f 3408/1057/349 3407/1058/349 3405/586/266
f 3410/1040/350 3409/739/350 3407/1058/349
f 3412/1059/312 3411/1060/312 3409/739/350
f 3414/1042/312 3413/690/312 3411/1060/312
f 3416/1061/475 3415/1062/475 3413/690/312
f 3418/1043/475 3417/746/475 3415/1062/475
f 3420/1063/265 3419/1064/265 3417/746/475
f 3406/1044/266 3405/595/266 3419/1064/265
f 3424/1275/476 3423/752/476 3421/586/477
f 3426/1077/478 3425/738/480 3423/752/476
f 3428/1276/479 3427/737/481 3425/738/480
f 3430/1078/481 3429/736/481 3427/737/481
f 3432/1040/482 3431/739/484 3429/736/481
f 3434/1079/483 3433/742/486 3431/739/484
f 3436/1277/485 3435/741/485 3433/742/486
f 3438/1080/487 3437/740/487 3435/741/485
f 3440/1278/487 3439/743/487 3437/740/487
f 3442/1042/488 3441/690/490 3439/743/487
f 3444/1279/489 3443/753/489 3441/690/490
f 3446/1081/491 3445/751/491 3443/753/489
f 3448/1280/492 3447/749/492 3445/751/491
f 3450/1082/493 3449/748/493 3447/749/492
f 3452/1043/494 3451/746/494 3449/748/493
f 3454/1083/495 3453/745/495 3451/746/494
f 3456/1281/496 3455/744/498 3453/745/495
f 3458/1084/497 3457/750/497 3455/744/498
f 3460/1282/499 3459/747/499 3457/750/497
f 3422/1044/477 3421/595/477 3459/747/499
f 3464/1283/349 3463/1285/349 3461/586/500
f 3466/1284/350 3465/1286/350 3463/1285/349
f 3468/1078/501 3467/736/501 3465/1286/350
f 3470/1287/501 3469/1288/501 3467/736/501
f 3472/1048/333 3471/591/333 3469/1288/501
f 3474/1080/333 3473/740/502 3471/591/333
f 3476/1289/325 3475/1291/325 3473/740/502
f 3478/1290/503 3477/1292/503 3475/1291/325
f 3480/1081/504 3479/751/504 3477/1292/503
f 3482/1052/505 3481/607/505 3479/751/504
f 3484/1293/505 3483/1294/507 3481/607/505
f 3486/1083/506 3485/745/506 3483/1294/507
f 3488/1295/506 3487/1297/506 3485/745/506
f 3490/1296/500 3489/1298/500 3487/1297/506
f 3462/1044/500 3461/595/500 3489/1298/500
f 3494/1299/444 3493/1300/444 3491/586/321
f 3496/1227/443 3495/1228/443 3493/1300/444
f 3498/1301/325 3497/1302/325 3495/1228/443
f 3500/1057/325 3499/1058/325 3497/1302/325
f 3502/1303/325 3501/1304/325 3499/1058/325
f 3504/1229/325 3503/1230/325 3501/1304/325
f 3506/1305/325 3505/1306/325 3503/1230/325
f 3508/1040/325 3507/739/325 3505/1306/325
f 3510/1307/508 3509/1308/508 3507/739/325
f 3512/1231/509 3511/1232/509 3509/1308/508
f 3514/1309/321 3513/1310/321 3511/1232/509
f 3516/1059/321 3515/1060/321 3513/1310/321
f 3518/1311/510 3517/1312/510 3515/1060/321
f 3520/1233/511 3519/1234/511 3517/1312/510
f 3522/1313/265 3521/1314/265 3519/1234/511
f 3524/1042/266 3523/690/328 3521/1314/265
f 3526/1315/512 3525/1316/514 3523/690/328
f 3528/1235/513 3527/1236/513 3525/1316/514
f 3530/1317/515 3529/1318/517 3527/1236/513
f 3532/1061/516 3531/1062/516 3529/1318/517
f 3534/1319/518 3533/1320/518 3531/1062/516
f 3536/1237/519 3535/1238/519 3533/1320/518
f 3538/1321/520 3537/1322/520 3535/1238/519
f 3540/1043/521 3539/746/523 3537/1322/520
f 3542/1323/522 3541/1324/522 3539/746/523
f 3544/1239/524 3543/1240/525 3541/1324/522
f 3546/1325/349 3545/1326/349 3543/1240/525
f 3548/1063/350 3547/1064/350 3545/1326/349
f 3550/1327/526 3549/1328/528 3547/1064/350
f 3552/1241/527 3551/1242/529 3549/1328/528
f 3554/1329/321 3553/1330/321 3551/1242/529
f 3492/1044/321 3491/595/321 3553/1330/321
f 3558/1040/530 3557/739/530 3555/586/531
f 3560/1042/408 3559/690/408 3557/739/530
f 3562/1043/532 3561/746/532 3559/690/408
f 3556/1044/531 3555/595/531 3561/746/532
f 3566/1040/440 3565/739/440 3563/586/441
f 3568/1042/406 3567/690/406 3565/739/440
f 3570/1043/405 3569/746/405 3567/690/406
f 3564/1044/441 3563/595/441 3569/746/405
f 3574/1040/405 3573/739/405 3571/586/406
f 3576/1042/441 3575/690/441 3573/739/405
f 3578/1043/440 3577/746/440 3575/690/441
f 3572/1044/406 3571/595/406 3577/746/440
f 3582/1040/532 3581/739/532 3579/586/408
f 3584/1042/531 3583/690/533 3581/739/532
f 3586/1043/530 3585/746/530 3583/690/533
f 3580/1044/408 3579/595/408 3585/746/530
f 3590/1065/311 3589/877/311 3587/586/286
f 3592/1066/310 3591/875/310 3589/877/311
f 3594/1067/288 3593/862/288 3591/875/310
f 3596/1068/288 3595/868/288 3593/862/288
f 3598/1069/289 3597/872/289 3595/868/288
f 3600/1070/289 3599/880/289 3597/872/289
f 3602/1042/290 3601/690/290 3599/880/289
f 3604/1071/291 3603/870/291 3601/690/290
f 3606/1072/292 3605/866/292 3603/870/291
f 3608/1073/292 3607/878/292 3605/866/292
f 3610/1074/293 3609/893/293 3607/878/292
f 3612/1075/293 3611/885/295 3609/893/293
f 3614/1076/294 3613/886/286 3611/885/295
f 3588/1044/286 3587/595/286 3613/886/286
f 3618/1045/534 3617/1047/537 3615/586/535
f 3620/1046/536 3619/883/538 3617/1047/537
f 3622/1040/447 3621/739/447 3619/883/538
f 3624/1048/447 3623/591/447 3621/739/447
f 3626/1049/459 3625/1050/459 3623/591/447
f 3628/1042/459 3627/690/539 3625/1050/459
f 3630/1051/447 3629/1053/447 3627/690/539
f 3632/1052/447 3631/607/447 3629/1053/447
f 3634/1043/437 3633/746/437 3631/607/447
f 3636/1054/436 3635/887/436 3633/746/437
f 3638/1055/535 3637/1056/535 3635/887/436
f 3616/1044/535 3615/595/535 3637/1056/535
f 3642/1331/446 3641/1332/540 3639/586/321
f 3644/1045/445 3643/1047/445 3641/1332/540
f 3646/1057/325 3645/1058/325 3643/1047/445
f 3648/1046/325 3647/883/325 3645/1058/325
f 3650/1333/325 3649/1334/325 3647/883/325
f 3652/1040/325 3651/739/325 3649/1334/325
f 3654/1335/439 3653/1336/541 3651/739/325
f 3656/1048/438 3655/591/438 3653/1336/541
f 3658/1059/321 3657/1060/321 3655/591/438
f 3660/1049/321 3659/1050/321 3657/1060/321
f 3662/1337/542 3661/1338/542 3659/1050/321
f 3664/1042/282 3663/690/282 3661/1338/542
f 3666/1339/265 3665/1340/265 3663/690/282
f 3668/1051/266 3667/1053/328 3665/1340/265
f 3670/1061/543 3669/1062/543 3667/1053/328
f 3672/1052/543 3671/607/543 3669/1062/543
f 3674/1341/544 3673/1342/544 3671/607/543
f 3676/1043/544 3675/746/544 3673/1342/544
f 3678/1343/349 3677/1344/349 3675/746/544
f 3680/1054/350 3679/887/350 3677/1344/349
f 3682/1063/427 3681/1064/427 3679/887/350
f 3684/1055/428 3683/1056/404 3681/1064/427
f 3686/1345/321 3685/1346/321 3683/1056/404
f 3640/1044/321 3639/595/321 3685/1346/321
f 3690/1040/545 3689/739/545 3687/586/546
f 3692/1042/547 3691/690/547 3689/739/545
f 3694/1043/548 3693/746/548 3691/690/547
f 3688/1044/546 3687/595/546 3693/746/548
f 3698/1040/549 3697/739/549 3695/586/550
f 3700/1042/551 3699/690/551 3697/739/549
f 3702/1043/552 3701/746/552 3699/690/551
f 3696/1044/550 3695/595/550 3701/746/552
f 3706/1046/553 3705/883/556 3703/586/554
f 3708/1048/555 3707/591/555 3705/883/556
f 3710/1042/557 3709/690/557 3707/591/555
f 3712/1052/558 3711/607/558 3709/690/557
f 3714/1054/559 3713/887/560 3711/607/558
f 3704/1044/554 3703/595/554 3713/887/560
f 3718/1065/349 3717/877/349 3715/586/448
f 3720/1066/350 3719/875/350 3717/877/349
f 3722/1067/406 3721/862/406 3719/875/350
f 3724/1068/406 3723/868/406 3721/862/406
f 3726/1069/440 3725/872/440 3723/868/406
f 3728/1070/440 3727/880/440 3725/872/440
f 3730/1042/265 3729/690/265 3727/880/440
f 3732/1071/266 3731/870/266 3729/690/265
f 3734/1072/432 3733/866/432 3731/870/266
f 3736/1073/433 3735/878/433 3733/866/432
f 3738/1074/265 3737/893/265 3735/878/433
f 3740/1075/267 3739/885/266 3737/893/265
f 3742/1076/448 3741/886/519 3739/885/266
f 3716/1044/519 3715/595/448 3741/886/519
f 3746/1263/349 3745/719/349 3743/586/561
f 3748/1264/350 3747/715/350 3745/719/349
f 3750/1265/325 3749/714/325 3747/715/350
f 3752/1266/325 3751/713/325 3749/714/325
f 3754/1267/325 3753/716/325 3751/713/325
f 3756/1268/453 3755/717/453 3753/716/325
f 3758/1269/562 3757/712/562 3755/717/453
f 3760/1270/249 3759/711/249 3757/712/562
f 3762/1271/249 3761/710/249 3759/711/249
f 3764/1272/563 3763/709/563 3761/710/249
f 3766/1273/563 3765/718/563 3763/709/563
f 3768/1274/561 3767/708/561 3765/718/563
f 3744/1044/561 3743/595/561 3767/708/561
f 3772/1215/339 3771/898/339 3769/586/370
f 3774/1216/399 3773/876/399 3771/898/339
f 3776/1066/400 3775/875/564 3773/876/399
f 3778/1217/401 3777/863/401 3775/875/564
f 3780/1218/403 3779/864/403 3777/863/401
f 3782/1068/404 3781/868/404 3779/864/403
f 3784/1048/405 3783/591/405 3781/868/404
f 3786/1219/406 3785/871/406 3783/591/405
f 3788/1070/407 3787/880/408 3785/871/406
f 3790/1220/408 3789/881/408 3787/880/408
f 3792/1221/366 3791/895/366 3789/881/408
f 3794/1071/409 3793/870/409 3791/895/366
f 3796/1222/410 3795/867/410 3793/870/409
f 3798/1052/411 3797/607/411 3795/867/410
f 3800/1073/411 3799/878/411 3797/607/411
f 3802/1223/473 3801/892/412 3799/878/411
f 3804/1224/413 3803/888/413 3801/892/412
f 3806/1075/414 3805/885/416 3803/888/413
f 3808/1225/415 3807/889/418 3805/885/416
f 3810/1226/417 3809/890/417 3807/889/418
f 3770/1044/398 3769/595/370 3809/890/417
f 3814/1227/308 3813/1228/311 3811/586/419
f 3816/1057/310 3815/1058/310 3813/1228/311
f 3818/1229/421 3817/1230/421 3815/1058/310
f 3820/1040/421 3819/739/421 3817/1230/421
f 3822/1231/422 3821/1232/422 3819/739/421
f 3824/1059/423 3823/1060/423 3821/1232/422
f 3826/1233/424 3825/1234/424 3823/1060/423
f 3828/1042/425 3827/690/426 3825/1234/424
f 3830/1235/290 3829/1236/290 3827/690/426
f 3832/1061/290 3831/1062/290 3829/1236/290
f 3834/1237/565 3833/1238/427 3831/1062/290
f 3836/1043/428 3835/746/428 3833/1238/427
f 3838/1239/405 3837/1240/405 3835/746/428
f 3840/1063/406 3839/1064/406 3837/1240/405
f 3842/1241/429 3841/1242/429 3839/1064/406
f 3812/1044/420 3811/595/419 3841/1242/429
f 3846/1040/352 3845/739/433 3843/586/431
f 3848/1042/432 3847/690/432 3845/739/433
f 3850/1043/434 3849/746/434 3847/690/432
f 3844/1044/431 3843/595/431 3849/746/434
f 3854/1065/285 3853/877/285 3851/586/286
f 3856/1066/287 3855/875/287 3853/877/285
f 3858/1067/288 3857/862/288 3855/875/287
f 3860/1068/288 3859/868/288 3857/862/288
f 3862/1069/289 3861/872/289 3859/868/288
f 3864/1070/289 3863/880/289 3861/872/289
f 3866/1042/290 3865/690/290 3863/880/289
f 3868/1071/291 3867/870/291 3865/690/290
f 3870/1072/292 3869/866/292 3867/870/291
f 3872/1073/292 3871/878/292 3869/866/292
f 3874/1074/293 3873/893/293 3871/878/292
f 3876/1075/293 3875/885/295 3873/893/293
f 3878/1076/294 3877/886/286 3875/885/295
f 3852/1044/286 3851/595/286 3877/886/286
f 3882/1040/296 3881/739/296 3879/586/298
f 3884/1042/299 3883/690/301 3881/739/296
f 3886/1043/300 3885/746/300 3883/690/301
f 3880/1044/298 3879/595/298 3885/746/300
f 3890/1040/302 3889/739/302 3887/586/303
f 3892/1042/304 3891/690/304 3889/739/302
f 3894/1043/306 3893/746/306 3891/690/304
f 3888/1044/303 3887/595/303 3893/746/306
f 3898/1077/308 3897/738/311 3895/586/309
f 3900/1078/310 3899/736/310 3897/738/311
f 3902/1079/312 3901/742/312 3899/736/310
f 3904/1080/313 3903/740/313 3901/742/312
f 3906/1042/314 3905/690/314 3903/740/313
f 3908/1081/315 3907/751/317 3905/690/314
f 3910/1082/316 3909/748/316 3907/751/317
f 3912/1083/318 3911/745/318 3909/748/316
f 3914/1084/319 3913/750/320 3911/745/318
f 3896/1044/309 3895/595/309 3913/750/320
f 3918/1347/349 3917/589/349 3915/586/321
f 3920/1348/350 3919/588/350 3917/589/349
f 3922/1349/283 3921/590/283 3919/588/350
f 3924/1350/339 3923/593/339 3921/590/283
f 3926/1351/349 3925/594/349 3923/593/339
f 3928/1352/566 3927/592/350 3925/594/349
f 3930/1353/567 3929/611/567 3927/592/350
f 3932/1354/568 3931/610/569 3929/611/567
f 3934/1048/349 3933/591/349 3931/610/569
f 3936/1355/350 3935/585/350 3933/591/349
f 3938/1356/570 3937/587/571 3935/585/350
f 3940/1357/570 3939/605/573 3937/587/571
f 3942/1358/572 3941/604/572 3939/605/573
f 3944/1359/572 3943/603/572 3941/604/572
f 3946/1360/325 3945/606/325 3943/603/572
f 3948/1361/265 3947/609/265 3945/606/325
f 3950/1362/266 3949/608/328 3947/609/265
f 3952/1052/423 3951/607/423 3949/608/328
f 3954/1363/574 3953/612/574 3951/607/423
f 3956/1364/265 3955/600/265 3953/612/574
f 3958/1365/267 3957/599/266 3955/600/265
f 3960/1366/575 3959/602/575 3957/599/266
f 3962/1367/576 3961/601/576 3959/602/575
f 3964/1368/265 3963/597/265 3961/601/576
f 3966/1369/266 3965/596/328 3963/597/265
f 3968/1370/321 3967/598/321 3965/596/328
f 3916/1044/321 3915/595/321 3967/598/321
f 3972/1040/577 3971/739/580 3969/586/578
f 3974/1042/579 3973/690/579 3971/739/580
f 3976/1043/581 3975/746/582 3973/690/579
f 3970/1044/578 3969/595/578 3975/746/582
f 3980/1040/577 3979/739/580 3977/586/578
f 3982/1042/579 3981/690/579 3979/739/580
f 3984/1043/581 3983/746/582 3981/690/579
f 3978/1044/578 3977/595/578 3983/746/582
f 3988/1040/583 3987/739/583 3985/586/584
f 3990/1042/585 3989/690/585 3987/739/583
f 3992/1043/586 3991/746/586 3989/690/585
f 3986/1044/584 3985/595/584 3991/746/586
f 3996/1227/349 3995/1228/349 3993/586/587
f 3998/1057/566 3997/1058/350 3995/1228/349
f 4000/1229/589 3999/1230/590 3997/1058/350
f 4002/1040/590 4001/739/590 3999/1230/590
f 4004/1231/591 4003/1232/591 4001/739/590
f 4006/1059/591 4005/1060/592 4003/1232/591
f 4008/1233/265 4007/1234/265 4005/1060/592
f 4010/1042/267 4009/690/267 4007/1234/265
f 4012/1235/593 4011/1236/593 4009/690/267
f 4014/1061/594 4013/1062/595 4011/1236/593
f 4016/1237/265 4015/1238/265 4013/1062/595
f 4018/1043/267 4017/746/266 4015/1238/265
f 4020/1239/349 4019/1240/349 4017/746/266
f 4022/1063/566 4021/1064/566 4019/1240/349
f 4024/1241/596 4023/1242/597 4021/1064/566
f 3994/1044/588 3993/595/587 4023/1242/597
f 4028/1045/598 4027/1047/292 4025/586/321
f 4030/1046/351 4029/883/599 4027/1047/292
f 4032/1040/325 4031/739/325 4029/883/599
f 4034/1048/325 4033/591/325 4031/739/325
f 4036/1049/325 4035/1050/325 4033/591/325
f 4038/1042/325 4037/690/325 4035/1050/325
f 4040/1051/352 4039/1053/290 4037/690/325
f 4042/1052/432 4041/607/432 4039/1053/290
f 4044/1043/321 4043/746/321 4041/607/432
f 4046/1054/321 4045/887/321 4043/746/321
f 4048/1055/321 4047/1056/321 4045/887/321
f 4026/1044/321 4025/595/321 4047/1056/321
f 4052/1040/600 4051/739/600 4049/586/601
f 4054/1042/602 4053/690/602 4051/739/600
f 4056/1043/603 4055/746/603 4053/690/602
f 4050/1044/601 4049/595/601 4055/746/603
f 4060/1057/604 4059/1058/606 4057/586/321
f 4062/1040/605 4061/739/605 4059/1058/606
f 4064/1059/607 4063/1060/607 4061/739/605
f 4066/1042/607 4065/690/607 4063/1060/607
f 4068/1061/265 4067/1062/265 4065/690/607
f 4070/1043/266 4069/746/328 4067/1062/265
f 4072/1063/321 4071/1064/321 4069/746/328
f 4058/1044/321 4057/595/321 4071/1064/321
f 4076/1040/608 4075/739/611 4073/586/609
f 4078/1042/610 4077/690/610 4075/739/611
f 4080/1043/612 4079/746/613 4077/690/610
f 4074/1044/609 4073/595/609 4079/746/613
f 4084/1040/608 4083/739/608 4081/586/614
f 4086/1042/610 4085/690/615 4083/739/608
f 4088/1043/612 4087/746/612 4085/690/615
f 4082/1044/609 4081/595/614 4087/746/612
f 4092/1040/616 4091/739/619 4089/586/617
f 4094/1042/618 4093/690/621 4091/739/619
f 4096/1043/620 4095/746/620 4093/690/621
f 4090/1044/617 4089/595/617 4095/746/620
f 4100/1040/622 4099/739/316 4097/586/623
f 4102/1042/625 4101/690/625 4099/739/316
f 4104/1043/626 4103/746/626 4101/690/625
f 4098/1044/624 4097/595/623 4103/746/626
f 4108/1040/627 4107/739/629 4105/586/628
f 4110/1042/551 4109/690/551 4107/739/629
f 4112/1043/552 4111/746/552 4109/690/551
f 4106/1044/550 4105/595/628 4111/746/552
f 4116/1045/308 4115/1047/311 4113/586/630
f 4118/1046/310 4117/883/310 4115/1047/311
f 4120/1040/632 4119/739/632 4117/883/310
f 4122/1048/632 4121/591/634 4119/739/632
f 4124/1049/633 4123/1050/635 4121/591/634
f 4126/1042/633 4125/690/635 4123/1050/635
f 4128/1051/412 4127/1053/412 4125/690/635
f 4130/1052/413 4129/607/413 4127/1053/412
f 4132/1043/636 4131/746/637 4129/607/413
f 4134/1054/637 4133/887/636 4131/746/637
f 4136/1055/630 4135/1056/631 4133/887/636
f 4114/1044/631 4113/595/630 4135/1056/631
f 4140/1040/638 4139/739/638 4137/586/639
f 4142/1042/641 4141/690/641 4139/739/638
f 4144/1043/642 4143/746/642 4141/690/641
f 4138/1044/640 4137/595/639 4143/746/642
f 4148/1040/405 4147/739/405 4145/586/441
f 4150/1042/406 4149/690/406 4147/739/405
f 4152/1043/440 4151/746/440 4149/690/406
f 4146/1044/441 4145/595/441 4151/746/440
f 4156/1040/436 4155/739/436 4153/586/437
f 4158/1042/435 4157/690/435 4155/739/436
f 4160/1043/447 4159/746/447 4157/690/435
f 4154/1044/437 4153/595/437 4159/746/447
f 4164/1040/458 4163/739/458 4161/586/459
f 4166/1042/460 4165/690/460 4163/739/458
f 4168/1043/461 4167/746/461 4165/690/460
f 4162/1044/539 4161/595/459 4167/746/461
