# Blender 5.2.1 LTS
# www.blender.org
mtllib tutorialText3.mtl
o Text.001
v -4.826458 0.050000 0.242578
v -5.015418 0.050000 0.242578
v -4.986117 0.050000 -0.276281
v -4.859944 0.050000 -0.276281
v -4.886255 0.050000 0.188300
v -4.823468 0.050000 0.188300
v -4.522686 0.050000 0.188300
v -4.649457 0.050000 0.188300
v -4.633909 0.050000 -0.249603
v -4.507737 0.050000 -0.249603
v -5.346697 0.050000 -0.215564
v -5.599641 0.050000 -0.215564
v -5.596651 0.050000 -0.269842
v -5.353275 0.050000 -0.269842
v -5.356863 0.050000 -0.298361
v -5.225307 0.050000 -0.298361
v -5.221720 0.050000 -0.269842
v -5.097341 0.050000 -0.269842
v -5.100331 0.050000 -0.215564
v -5.215740 0.050000 -0.215564
v -5.206172 0.050000 -0.136447
v -5.103919 0.050000 -0.136447
v -5.106908 0.050000 -0.082169
v -5.199594 0.050000 -0.082169
v -5.182851 0.050000 0.058585
v -5.464498 0.050000 0.058585
v -5.471076 0.050000 0.188300
v -5.162520 0.050000 0.188300
v -5.165510 0.050000 0.242578
v -5.605022 0.050000 0.242578
v -5.593063 0.050000 0.004307
v -5.320386 0.050000 0.004307
v -5.330552 0.050000 -0.082169
v -5.606218 0.050000 -0.082169
v -5.603229 0.050000 -0.136447
v -5.337129 0.050000 -0.136447
v -6.031978 0.050000 -0.184285
v -6.225124 0.050000 -0.184285
v -6.222134 0.050000 -0.239483
v -6.028389 0.050000 -0.239483
v -6.024204 0.050000 -0.309400
v -5.899825 0.050000 -0.309400
v -5.904011 0.050000 -0.239483
v -5.709668 0.050000 -0.239483
v -5.712658 0.050000 -0.184285
v -5.907598 0.050000 -0.184285
v -5.911784 0.050000 -0.110688
v -5.724020 0.050000 0.242578
v -5.848399 0.050000 0.242578
v -5.979954 0.050000 -0.004892
v -6.137819 0.050000 0.242578
v -6.262198 0.050000 0.242578
v -6.036163 0.050000 -0.110688
v -4.826458 -0.050000 0.242578
v -5.015418 -0.050000 0.242578
v -4.986117 -0.050000 -0.276281
v -4.859944 -0.050000 -0.276281
v -4.886255 -0.050000 0.188300
v -4.823468 -0.050000 0.188300
v -4.522686 -0.050000 0.188300
v -4.649457 -0.050000 0.188300
v -4.633909 -0.050000 -0.249603
v -4.507737 -0.050000 -0.249603
v -5.346697 -0.050000 -0.215564
v -5.599641 -0.050000 -0.215564
v -5.596651 -0.050000 -0.269842
v -5.353275 -0.050000 -0.269842
v -5.356863 -0.050000 -0.298361
v -5.225307 -0.050000 -0.298361
v -5.221720 -0.050000 -0.269842
v -5.097341 -0.050000 -0.269842
v -5.100331 -0.050000 -0.215564
v -5.215740 -0.050000 -0.215564
v -5.206172 -0.050000 -0.136447
v -5.103919 -0.050000 -0.136447
v -5.106908 -0.050000 -0.082169
v -5.199594 -0.050000 -0.082169
v -5.182851 -0.050000 0.058585
v -5.464498 -0.050000 0.058585
v -5.471076 -0.050000 0.188300
v -5.162520 -0.050000 0.188300
v -5.165510 -0.050000 0.242578
v -5.605022 -0.050000 0.242578
v -5.593063 -0.050000 0.004307
v -5.320386 -0.050000 0.004307
v -5.330552 -0.050000 -0.082169
v -5.606218 -0.050000 -0.082169
v -5.603229 -0.050000 -0.136447
v -5.337129 -0.050000 -0.136447
v -6.031978 -0.050000 -0.184285
v -6.225124 -0.050000 -0.184285
v -6.222134 -0.050000 -0.239483
v -6.028389 -0.050000 -0.239483
v -6.024204 -0.050000 -0.309400
v -5.899825 -0.050000 -0.309400
v -5.904011 -0.050000 -0.239483
v -5.709668 -0.050000 -0.239483
v -5.712658 -0.050000 -0.184285
v -5.907598 -0.050000 -0.184285
v -5.911784 -0.050000 -0.110688
v -5.724020 -0.050000 0.242578
v -5.848399 -0.050000 0.242578
v -5.979954 -0.050000 -0.004892
v -6.137819 -0.050000 0.242578
v -6.262198 -0.050000 0.242578
v -6.036163 -0.050000 -0.110688
v -6.031978 -0.050000 -0.184285
v -6.031978 0.050000 -0.184285
v -6.225124 -0.050000 -0.184285
v -6.225124 0.050000 -0.184285
v -6.222134 -0.050000 -0.239483
v -6.222134 0.050000 -0.239483
v -6.028389 -0.050000 -0.239483
v -6.028389 0.050000 -0.239483
v -6.024204 -0.050000 -0.309400
v -6.024204 0.050000 -0.309400
v -5.899825 -0.050000 -0.309400
v -5.899825 0.050000 -0.309400
v -5.904011 -0.050000 -0.239483
v -5.904011 0.050000 -0.239483
v -5.709668 -0.050000 -0.239483
v -5.709668 0.050000 -0.239483
v -5.712658 -0.050000 -0.184285
v -5.712658 0.050000 -0.184285
v -5.907598 -0.050000 -0.184285
v -5.907598 0.050000 -0.184285
v -5.911784 -0.050000 -0.110688
v -5.911784 0.050000 -0.110688
v -5.724020 -0.050000 0.242578
v -5.724020 0.050000 0.242578
v -5.848399 -0.050000 0.242578
v -5.848399 0.050000 0.242578
v -5.979954 -0.050000 -0.004892
v -5.979954 0.050000 -0.004892
v -6.137819 -0.050000 0.242578
v -6.137819 0.050000 0.242578
v -6.262198 -0.050000 0.242578
v -6.262198 0.050000 0.242578
v -6.036163 -0.050000 -0.110688
v -6.036163 0.050000 -0.110688
v -5.346697 -0.050000 -0.215564
v -5.346697 0.050000 -0.215564
v -5.599641 -0.050000 -0.215564
v -5.599641 0.050000 -0.215564
v -5.596651 -0.050000 -0.269842
v -5.596651 0.050000 -0.269842
v -5.353275 -0.050000 -0.269842
v -5.353275 0.050000 -0.269842
v -5.356863 -0.050000 -0.298361
v -5.356863 0.050000 -0.298361
v -5.225307 -0.050000 -0.298361
v -5.225307 0.050000 -0.298361
v -5.221720 -0.050000 -0.269842
v -5.221720 0.050000 -0.269842
v -5.097341 -0.050000 -0.269842
v -5.097341 0.050000 -0.269842
v -5.100331 -0.050000 -0.215564
v -5.100331 0.050000 -0.215564
v -5.215740 -0.050000 -0.215564
v -5.215740 0.050000 -0.215564
v -5.206172 -0.050000 -0.136447
v -5.206172 0.050000 -0.136447
v -5.103919 -0.050000 -0.136447
v -5.103919 0.050000 -0.136447
v -5.106908 -0.050000 -0.082169
v -5.106908 0.050000 -0.082169
v -5.199594 -0.050000 -0.082169
v -5.199594 0.050000 -0.082169
v -5.182851 -0.050000 0.058585
v -5.182851 0.050000 0.058585
v -5.464498 -0.050000 0.058585
v -5.464498 0.050000 0.058585
v -5.471076 -0.050000 0.188300
v -5.471076 0.050000 0.188300
v -5.162520 -0.050000 0.188300
v -5.162520 0.050000 0.188300
v -5.165510 -0.050000 0.242578
v -5.165510 0.050000 0.242578
v -5.605022 -0.050000 0.242578
v -5.605022 0.050000 0.242578
v -5.593063 -0.050000 0.004307
v -5.593063 0.050000 0.004307
v -5.320386 -0.050000 0.004307
v -5.320386 0.050000 0.004307
v -5.330552 -0.050000 -0.082169
v -5.330552 0.050000 -0.082169
v -5.606218 -0.050000 -0.082169
v -5.606218 0.050000 -0.082169
v -5.603229 -0.050000 -0.136447
v -5.603229 0.050000 -0.136447
v -5.337129 -0.050000 -0.136447
v -5.337129 0.050000 -0.136447
v -4.826458 -0.050000 0.242578
v -4.826458 0.050000 0.242578
v -5.015418 -0.050000 0.242578
v -5.015418 0.050000 0.242578
v -4.986117 -0.050000 -0.276281
v -4.986117 0.050000 -0.276281
v -4.859944 -0.050000 -0.276281
v -4.859944 0.050000 -0.276281
v -4.886255 -0.050000 0.188300
v -4.886255 0.050000 0.188300
v -4.823468 -0.050000 0.188300
v -4.823468 0.050000 0.188300
v -4.522686 -0.050000 0.188300
v -4.522686 0.050000 0.188300
v -4.649457 -0.050000 0.188300
v -4.649457 0.050000 0.188300
v -4.633909 -0.050000 -0.249603
v -4.633909 0.050000 -0.249603
v -4.507737 -0.050000 -0.249603
v -4.507737 0.050000 -0.249603
vn -0.0000 1.0000 -0.0000
vn -0.0000 -1.0000 -0.0000
vn -0.8582 -0.0000 0.5133
vn -0.8592 -0.0000 0.5117
vn -0.8168 -0.0000 -0.5770
vn -0.8144 -0.0000 -0.5803
vn 0.8602 -0.0000 -0.5100
vn 0.8582 -0.0000 -0.5133
vn 0.8168 -0.0000 0.5770
vn 0.8156 -0.0000 0.5786
vn 0.9805 -0.0000 -0.1965
vn 0.9557 -0.0000 0.2945
vn -0.5892 -0.0000 0.8080
vn -0.0694 -0.0000 0.9976
vn 0.5424 -0.0000 0.8401
vn -0.0695 -0.0000 0.9976
vn -0.9649 -0.0000 0.2627
vn 0.5425 -0.0000 0.8401
vn -0.9578 -0.0000 -0.2873
vn -0.8585 -0.0000 0.5127
vn -0.7877 -0.0000 0.6160
vn -0.8164 -0.0000 -0.5775
vn -0.8585 -0.0000 0.5128
vn -0.8813 -0.0000 -0.4726
vn 0.7855 -0.0000 -0.6189
vn 0.8585 -0.0000 -0.5127
vn 0.8164 -0.0000 0.5775
vn 0.8585 -0.0000 -0.5128
vn 0.8798 -0.0000 0.4753
vn 0.7877 -0.0000 -0.6160
vn 0.7877 -0.0000 -0.6161
vn 0.8792 -0.0000 0.4764
vn 0.8182 -0.0000 0.5749
vn 0.8570 -0.0000 -0.5153
vn -0.8568 -0.0000 0.5156
vn -0.8184 -0.0000 -0.5746
vn -0.8788 -0.0000 -0.4772
vn -0.7892 -0.0000 0.6141
vn -0.8798 -0.0000 -0.4753
vn -0.8590 -0.0000 0.5119
vn -0.8158 -0.0000 -0.5783
vn -0.8590 -0.0000 0.5120
vn 0.8591 -0.0000 -0.5118
vn 0.8591 -0.0000 -0.5119
vn -0.8516 -0.0000 0.5241
vn 0.8250 -0.0000 0.5651
vn 0.8250 -0.0000 0.5652
vn -0.8244 -0.0000 -0.5660
vn -0.8516 -0.0000 0.5242
vn 0.8511 -0.0000 -0.5249
vn -0.8244 -0.0000 -0.5659
vn 0.8511 -0.0000 -0.5250
vt 0.000000 0.000000
vt 0.444444 0.000000
vt 0.111111 0.000000
vt 0.222222 0.000000
vt 0.333333 0.000000
vt 0.888889 0.000000
vt 0.666667 0.000000
vt 1.000000 0.000000
vt 0.777778 0.000000
vt 0.555556 0.000000
vt 0.800000 0.000000
vt 0.760000 0.000000
vt 0.640000 0.000000
vt 0.600000 0.000000
vt 0.840000 0.000000
vt 0.120000 0.000000
vt 0.040000 0.000000
vt 0.080000 0.000000
vt 0.560000 0.000000
vt 0.520000 0.000000
vt 0.480000 0.000000
vt 0.440000 0.000000
vt 0.400000 0.000000
vt 0.320000 0.000000
vt 0.280000 0.000000
vt 0.360000 0.000000
vt 0.240000 0.000000
vt 0.720000 0.000000
vt 0.880000 0.000000
vt 0.200000 0.000000
vt 0.160000 0.000000
vt 0.680000 0.000000
vt 0.920000 0.000000
vt 0.960000 0.000000
vt 0.937500 0.000000
vt 0.875000 0.000000
vt 0.125000 0.000000
vt 0.062500 0.000000
vt 0.187500 0.000000
vt 0.625000 0.000000
vt 0.812500 0.000000
vt 0.750000 0.000000
vt 0.687500 0.000000
vt 0.375000 0.000000
vt 0.562500 0.000000
vt 0.500000 0.000000
vt 0.437500 0.000000
vt 0.250000 0.000000
vt 0.312500 0.000000
vt 0.058824 1.000000
vt 0.000000 1.000000
vt 0.117647 1.000000
vt 0.058824 0.000000
vt 0.176471 1.000000
vt 0.117647 0.000000
vt 0.235294 1.000000
vt 0.176471 0.000000
vt 0.294118 1.000000
vt 0.235294 0.000000
vt 0.352941 1.000000
vt 0.294118 0.000000
vt 0.411765 1.000000
vt 0.352941 0.000000
vt 0.470588 1.000000
vt 0.411765 0.000000
vt 0.529412 1.000000
vt 0.470588 0.000000
vt 0.588235 1.000000
vt 0.529412 0.000000
vt 0.647059 1.000000
vt 0.588235 0.000000
vt 0.705882 1.000000
vt 0.647059 0.000000
vt 0.764706 1.000000
vt 0.705882 0.000000
vt 0.823529 1.000000
vt 0.764706 0.000000
vt 0.882353 1.000000
vt 0.823529 0.000000
vt 0.941176 1.000000
vt 0.882353 0.000000
vt 1.000000 1.000000
vt 0.941176 0.000000
vt 0.038462 1.000000
vt 0.076923 1.000000
vt 0.038462 0.000000
vt 0.115385 1.000000
vt 0.076923 0.000000
vt 0.153846 1.000000
vt 0.115385 0.000000
vt 0.192308 1.000000
vt 0.153846 0.000000
vt 0.230769 1.000000
vt 0.192308 0.000000
vt 0.269231 1.000000
vt 0.230769 0.000000
vt 0.307692 1.000000
vt 0.269231 0.000000
vt 0.346154 1.000000
vt 0.307692 0.000000
vt 0.384615 1.000000
vt 0.346154 0.000000
vt 0.423077 1.000000
vt 0.384615 0.000000
vt 0.461538 1.000000
vt 0.423077 0.000000
vt 0.500000 1.000000
vt 0.461538 0.000000
vt 0.538462 1.000000
vt 0.576923 1.000000
vt 0.538462 0.000000
vt 0.615385 1.000000
vt 0.576923 0.000000
vt 0.653846 1.000000
vt 0.615385 0.000000
vt 0.692308 1.000000
vt 0.653846 0.000000
vt 0.730769 1.000000
vt 0.692308 0.000000
vt 0.769231 1.000000
vt 0.730769 0.000000
vt 0.807692 1.000000
vt 0.769231 0.000000
vt 0.846154 1.000000
vt 0.807692 0.000000
vt 0.884615 1.000000
vt 0.846154 0.000000
vt 0.923077 1.000000
vt 0.884615 0.000000
vt 0.961538 1.000000
vt 0.923077 0.000000
vt 0.961538 0.000000
vt 0.166667 1.000000
vt 0.333333 1.000000
vt 0.166667 0.000000
vt 0.666667 1.000000
vt 0.833333 1.000000
vt 0.833333 0.000000
vt 0.250000 1.000000
vt 0.750000 1.000000
s 0
usemtl Material.006
f 1/1/1 5/2/1 2/3/1
f 3/4/1 2/3/1 5/2/1
f 5/2/1 4/5/1 3/4/1
f 9/6/1 7/7/1 10/8/1
f 7/7/1 9/6/1 8/9/1
f 5/2/1 1/1/1 6/10/1
f 31/11/1 30/12/1 27/13/1
f 27/13/1 26/14/1 31/11/1
f 31/11/1 26/14/1 32/15/1
f 11/1/1 14/16/1 12/17/1
f 13/18/1 12/17/1 14/16/1
f 25/19/1 32/15/1 26/14/1
f 24/20/1 32/15/1 25/19/1
f 23/21/1 22/22/1 24/20/1
f 21/23/1 24/20/1 22/22/1
f 19/24/1 18/25/1 20/26/1
f 17/27/1 20/26/1 18/25/1
f 27/13/1 30/12/1 29/28/1
f 32/15/1 24/20/1 33/29/1
f 24/20/1 21/23/1 33/29/1
f 36/8/1 33/29/1 21/23/1
f 21/23/1 20/26/1 36/8/1
f 11/1/1 36/8/1 20/26/1
f 20/26/1 17/27/1 11/1/1
f 14/16/1 11/1/1 17/27/1
f 17/27/1 16/30/1 14/16/1
f 15/31/1 14/16/1 16/30/1
f 29/28/1 28/32/1 27/13/1
f 33/29/1 36/8/1 34/33/1
f 35/34/1 34/33/1 36/8/1
f 52/35/1 51/36/1 53/8/1
f 39/37/1 38/38/1 37/1/1
f 37/1/1 40/39/1 39/37/1
f 47/40/1 50/41/1 49/42/1
f 49/42/1 48/43/1 47/40/1
f 43/44/1 46/45/1 45/46/1
f 45/46/1 44/47/1 43/44/1
f 53/8/1 51/36/1 50/41/1
f 50/41/1 47/40/1 53/8/1
f 37/1/1 53/8/1 47/40/1
f 47/40/1 46/45/1 37/1/1
f 40/39/1 37/1/1 46/45/1
f 46/45/1 43/44/1 40/39/1
f 41/48/1 40/39/1 43/44/1
f 43/44/1 42/49/1 41/48/1
f 54/1/2 55/3/2 58/2/2
f 56/4/2 58/2/2 55/3/2
f 58/2/2 56/4/2 57/5/2
f 62/6/2 63/8/2 60/7/2
f 60/7/2 61/9/2 62/6/2
f 58/2/2 59/10/2 54/1/2
f 84/11/2 80/13/2 83/12/2
f 80/13/2 84/11/2 79/14/2
f 84/11/2 85/15/2 79/14/2
f 64/1/2 65/17/2 67/16/2
f 66/18/2 67/16/2 65/17/2
f 78/19/2 79/14/2 85/15/2
f 77/20/2 78/19/2 85/15/2
f 76/21/2 77/20/2 75/22/2
f 74/23/2 75/22/2 77/20/2
f 72/24/2 73/26/2 71/25/2
f 70/27/2 71/25/2 73/26/2
f 80/13/2 82/28/2 83/12/2
f 85/15/2 86/29/2 77/20/2
f 77/20/2 86/29/2 74/23/2
f 89/8/2 74/23/2 86/29/2
f 74/23/2 89/8/2 73/26/2
f 64/1/2 73/26/2 89/8/2
f 73/26/2 64/1/2 70/27/2
f 67/16/2 70/27/2 64/1/2
f 70/27/2 67/16/2 69/30/2
f 68/31/2 69/30/2 67/16/2
f 82/28/2 80/13/2 81/32/2
f 86/29/2 87/33/2 89/8/2
f 88/34/2 89/8/2 87/33/2
f 105/35/2 106/8/2 104/36/2
f 92/37/2 90/1/2 91/38/2
f 90/1/2 92/37/2 93/39/2
f 100/40/2 102/42/2 103/41/2
f 102/42/2 100/40/2 101/43/2
f 96/44/2 98/46/2 99/45/2
f 98/46/2 96/44/2 97/47/2
f 106/8/2 103/41/2 104/36/2
f 103/41/2 106/8/2 100/40/2
f 90/1/2 100/40/2 106/8/2
f 100/40/2 90/1/2 99/45/2
f 93/39/2 99/45/2 90/1/2
f 99/45/2 93/39/2 96/44/2
f 94/48/2 96/44/2 93/39/2
f 96/44/2 94/48/2 95/49/2
s 1
f 110/50/3 107/1/4 108/51/4
f 112/52/5 109/53/3 110/50/3
f 114/54/6 111/55/5 112/52/5
f 116/56/6 113/57/6 114/54/6
f 118/58/7 115/59/6 116/56/6
f 120/60/7 117/61/7 118/58/7
f 122/62/8 119/63/7 120/60/7
f 124/64/9 121/65/8 122/62/8
f 126/66/10 123/67/9 124/64/9
f 128/68/11 125/69/10 126/66/10
f 130/70/12 127/71/11 128/68/11
f 132/72/13 129/73/12 130/70/12
f 134/74/14 131/75/13 132/72/13
f 136/76/15 133/77/16 134/74/14
f 138/78/17 135/79/18 136/76/15
f 140/80/19 137/81/17 138/78/17
f 108/82/4 139/83/19 140/80/19
f 144/84/20 141/1/21 142/51/21
f 146/85/22 143/86/23 144/84/20
f 148/87/24 145/88/22 146/85/22
f 150/89/24 147/90/24 148/87/24
f 152/91/25 149/92/24 150/89/24
f 154/93/25 151/94/25 152/91/25
f 156/95/26 153/96/25 154/93/25
f 158/97/27 155/98/28 156/95/26
f 160/99/29 157/100/27 158/97/27
f 162/101/30 159/102/29 160/99/29
f 164/103/28 161/104/31 162/101/30
f 166/105/27 163/106/28 164/103/28
f 168/107/32 165/108/27 166/105/27
f 170/109/32 167/46/32 168/107/32
f 172/110/33 169/111/32 170/109/32
f 174/112/34 171/113/33 172/110/33
f 176/114/26 173/115/34 174/112/34
f 178/116/27 175/117/28 176/114/26
f 180/118/35 177/119/27 178/116/27
f 182/120/36 179/121/35 180/118/35
f 184/122/37 181/123/36 182/120/36
f 186/124/38 183/125/37 184/122/37
f 188/126/20 185/127/38 186/124/38
f 190/128/22 187/129/23 188/126/20
f 192/130/39 189/131/22 190/128/22
f 142/82/21 191/132/39 192/130/39
f 196/133/40 193/1/27 194/51/27
f 198/134/41 195/135/42 196/133/40
f 200/107/43 197/5/41 198/134/41
f 202/136/44 199/46/44 200/107/43
f 204/137/28 201/7/44 202/136/44
f 194/82/27 203/138/28 204/137/28
f 208/139/45 205/1/46 206/51/47
f 210/107/48 207/48/49 208/139/45
f 212/140/50 209/46/51 210/107/48
f 206/82/47 211/42/52 212/140/50
f 110/50/3 109/53/3 107/1/4
f 112/52/5 111/55/5 109/53/3
f 114/54/6 113/57/6 111/55/5
f 116/56/6 115/59/6 113/57/6
f 118/58/7 117/61/7 115/59/6
f 120/60/7 119/63/7 117/61/7
f 122/62/8 121/65/8 119/63/7
f 124/64/9 123/67/9 121/65/8
f 126/66/10 125/69/10 123/67/9
f 128/68/11 127/71/11 125/69/10
f 130/70/12 129/73/12 127/71/11
f 132/72/13 131/75/13 129/73/12
f 134/74/14 133/77/16 131/75/13
f 136/76/15 135/79/18 133/77/16
f 138/78/17 137/81/17 135/79/18
f 140/80/19 139/83/19 137/81/17
f 108/82/4 107/8/4 139/83/19
f 144/84/20 143/86/23 141/1/21
f 146/85/22 145/88/22 143/86/23
f 148/87/24 147/90/24 145/88/22
f 150/89/24 149/92/24 147/90/24
f 152/91/25 151/94/25 149/92/24
f 154/93/25 153/96/25 151/94/25
f 156/95/26 155/98/28 153/96/25
f 158/97/27 157/100/27 155/98/28
f 160/99/29 159/102/29 157/100/27
f 162/101/30 161/104/31 159/102/29
f 164/103/28 163/106/28 161/104/31
f 166/105/27 165/108/27 163/106/28
f 168/107/32 167/46/32 165/108/27
f 170/109/32 169/111/32 167/46/32
f 172/110/33 171/113/33 169/111/32
f 174/112/34 173/115/34 171/113/33
f 176/114/26 175/117/28 173/115/34
f 178/116/27 177/119/27 175/117/28
f 180/118/35 179/121/35 177/119/27
f 182/120/36 181/123/36 179/121/35
f 184/122/37 183/125/37 181/123/36
f 186/124/38 185/127/38 183/125/37
f 188/126/20 187/129/23 185/127/38
f 190/128/22 189/131/22 187/129/23
f 192/130/39 191/132/39 189/131/22
f 142/82/21 141/8/21 191/132/39
f 196/133/40 195/135/42 193/1/27
f 198/134/41 197/5/41 195/135/42
f 200/107/43 199/46/44 197/5/41
f 202/136/44 201/7/44 199/46/44
f 204/137/28 203/138/28 201/7/44
f 194/82/27 193/8/27 203/138/28
f 208/139/45 207/48/49 205/1/46
f 210/107/48 209/46/51 207/48/49
f 212/140/50 211/42/52 209/46/51
f 206/82/47 205/8/46 211/42/52
o Text.004
v 5.985978 0.050000 -0.085870
v 5.739014 0.050000 -0.085870
v 5.742003 0.050000 -0.140148
v 5.896281 0.050000 -0.140148
v 6.006310 0.050000 -0.266183
v 5.816153 0.050000 -0.266183
v 5.819142 0.050000 -0.320461
v 6.182712 0.050000 -0.320461
v 6.182712 0.050000 -0.316781
v 6.179722 0.050000 -0.266183
v 6.146833 0.050000 -0.266183
v 6.037404 0.050000 -0.140148
v 6.259851 0.050000 -0.140148
v 6.256861 0.050000 -0.085870
v 6.141452 0.050000 -0.085870
v 5.952491 0.050000 0.149640
v 6.161782 0.050000 0.166200
v 6.158792 0.050000 0.220478
v 5.801801 0.050000 0.191959
v 5.804790 0.050000 0.137681
v 6.273006 0.050000 -0.320461
v 6.267624 0.050000 -0.230304
v 6.241911 0.050000 -0.230304
v 6.247293 0.050000 -0.320461
v 6.228158 0.050000 -0.320461
v 6.223374 0.050000 -0.230304
v 6.197063 0.050000 -0.230304
v 6.202445 0.050000 -0.320461
v 5.444212 0.050000 -0.251463
v 5.196052 0.050000 -0.251463
v 5.199041 0.050000 -0.305741
v 5.594303 0.050000 -0.305741
v 5.530918 0.050000 -0.118069
v 5.630182 0.050000 -0.118069
v 5.610449 0.050000 0.220478
v 5.150605 0.050000 0.220478
v 5.161966 0.050000 0.015326
v 5.416106 0.050000 0.015326
v 5.407735 0.050000 0.166200
v 5.482482 0.050000 0.166200
v 5.495638 0.050000 -0.064711
v 5.138047 0.050000 -0.064711
v 5.141037 0.050000 -0.118069
v 5.399364 0.050000 -0.118069
v 5.252261 0.050000 0.069604
v 5.319234 0.050000 0.069604
v 5.313853 0.050000 0.166200
v 5.247478 0.050000 0.166200
v 4.788232 0.050000 -0.237664
v 4.535288 0.050000 -0.237664
v 4.538278 0.050000 -0.291942
v 4.781654 0.050000 -0.291942
v 4.778066 0.050000 -0.320461
v 4.909620 0.050000 -0.320461
v 4.913209 0.050000 -0.291942
v 5.037588 0.050000 -0.291942
v 5.034597 0.050000 -0.237664
v 4.919188 0.050000 -0.237664
v 4.928756 0.050000 -0.158547
v 5.031011 0.050000 -0.158547
v 5.028020 0.050000 -0.104269
v 4.935333 0.050000 -0.104269
v 4.952077 0.050000 0.036485
v 4.670430 0.050000 0.036485
v 4.663853 0.050000 0.166200
v 4.972408 0.050000 0.166200
v 4.969419 0.050000 0.220478
v 4.529906 0.050000 0.220478
v 4.541865 0.050000 -0.017793
v 4.814543 0.050000 -0.017793
v 4.804378 0.050000 -0.104269
v 4.528709 0.050000 -0.104269
v 4.531700 0.050000 -0.158547
v 4.797799 0.050000 -0.158547
v 4.192050 0.050000 -0.230304
v 3.909207 0.050000 -0.230304
v 3.912197 0.050000 -0.284582
v 4.343935 0.050000 -0.284582
v 4.340946 0.050000 -0.230304
v 4.347523 0.050000 -0.230304
v 4.099363 0.050000 0.147801
v 4.376226 0.050000 0.166200
v 4.373236 0.050000 0.220478
v 3.946281 0.050000 0.191959
v 3.949271 0.050000 0.137681
v 4.436023 0.050000 -0.320461
v 4.430642 0.050000 -0.230304
v 4.404929 0.050000 -0.230304
v 4.410310 0.050000 -0.320461
v 4.391773 0.050000 -0.320461
v 4.386392 0.050000 -0.230304
v 4.360679 0.050000 -0.230304
v 4.365462 0.050000 -0.320461
v 3.685564 0.050000 -0.256063
v 3.551019 0.050000 -0.256063
v 3.554009 0.050000 -0.311261
v 3.702905 0.050000 -0.311261
v 3.754929 0.050000 -0.311261
v 3.822500 0.050000 -0.311261
v 3.715462 0.050000 0.029125
v 3.803963 0.050000 0.124801
v 3.798581 0.050000 0.216798
v 3.692739 0.050000 0.101802
v 3.655067 0.050000 0.220478
v 3.535471 0.050000 0.220478
v 3.603043 0.050000 0.005206
v 3.539059 0.050000 -0.064711
v 3.544441 0.050000 -0.156707
v 3.626364 0.050000 -0.067471
v 3.495408 0.050000 0.220478
v 3.394947 0.050000 0.220478
v 3.399731 0.050000 0.140441
v 3.263990 0.050000 0.152400
v 3.266980 0.050000 0.097203
v 3.274754 0.050000 0.096283
v 3.296879 0.050000 -0.291022
v 3.392555 0.050000 -0.291022
v 3.371028 0.050000 0.088003
v 3.402721 0.050000 0.085243
v 3.426042 0.050000 -0.331500
v 3.526502 0.050000 -0.331500
v 2.674984 0.050000 0.220478
v 2.662426 0.050000 0.220478
v 2.693521 0.050000 -0.324141
v 2.703089 0.050000 -0.324141
v 2.808332 0.050000 -0.324141
v 3.088185 0.050000 -0.324141
v 3.202997 0.050000 -0.324141
v 3.171902 0.050000 0.220478
v 3.165923 0.050000 0.220478
v 3.057090 0.050000 0.220478
v 2.777238 0.050000 0.220478
v 2.827468 0.050000 0.113762
v 2.814911 0.050000 0.113762
v 2.833448 0.050000 -0.224785
v 2.843015 0.050000 -0.224785
v 2.926732 0.050000 -0.224785
v 2.957827 0.050000 -0.224785
v 3.051111 0.050000 -0.224785
v 3.032574 0.050000 0.113762
v 3.026594 0.050000 0.113762
v 2.939290 0.050000 0.113762
v 2.908195 0.050000 0.113762
v 3.060081 0.050000 0.165280
v 3.085196 0.050000 -0.268943
v 2.805343 0.050000 -0.268943
v 2.780228 0.050000 0.165280
v 2.942279 0.050000 0.058564
v 2.954837 0.050000 -0.169587
v 2.923742 0.050000 -0.169587
v 2.911184 0.050000 0.058564
v 2.243844 0.050000 -0.074831
v 2.552997 0.050000 0.220478
v 2.367624 0.050000 0.220478
v 2.077008 0.050000 -0.072071
v 2.433402 0.050000 -0.320461
v 2.590072 0.050000 -0.320461
v 1.572914 0.050000 -0.118069
v 1.443751 0.050000 -0.118069
v 1.519694 0.050000 -0.327820
v 1.547800 0.050000 -0.327820
v 1.648857 0.050000 -0.327820
v 1.828250 0.050000 -0.327820
v 1.904791 0.050000 -0.327820
v 1.957413 0.050000 -0.327820
v 1.888646 0.050000 -0.088630
v 1.759482 0.050000 -0.088630
v 1.776227 0.050000 -0.147508
v 1.583678 0.050000 -0.147508
v 1.556769 0.050000 0.151480
v 1.427606 0.050000 0.151480
v 1.502951 0.050000 -0.073911
v 1.531056 0.050000 -0.073911
v 1.632114 0.050000 -0.073911
v 1.849777 0.050000 -0.073911
v 1.926318 0.050000 -0.073911
v 1.978940 0.050000 -0.073911
v 1.905389 0.050000 0.220478
v 1.776227 0.050000 0.220478
v 1.805527 0.050000 0.102722
v 1.572914 0.050000 0.102722
v 1.629124 0.050000 -0.272623
v 1.603411 0.050000 -0.202705
v 1.792371 0.050000 -0.202705
v 1.812105 0.050000 -0.272623
v 1.613577 0.050000 -0.018713
v 1.591452 0.050000 0.047525
v 1.819281 0.050000 0.047525
v 1.836024 0.050000 -0.018713
v 0.967762 0.050000 -0.227544
v 0.870890 0.050000 -0.227544
v 0.873880 0.050000 -0.281822
v 1.006033 0.050000 -0.281822
v 1.032942 0.050000 -0.320461
v 1.154331 0.050000 -0.320461
v 1.127422 0.050000 -0.281822
v 1.337910 0.050000 -0.281822
v 1.334920 0.050000 -0.227544
v 1.089750 0.050000 -0.227544
v 1.022776 0.050000 -0.131868
v 1.212933 0.050000 -0.131868
v 1.208149 0.050000 -0.054591
v 1.351065 0.050000 -0.063791
v 1.348075 0.050000 -0.009513
v 1.205159 0.050000 -0.000314
v 1.199777 0.050000 0.085243
v 1.077790 0.050000 0.085243
v 1.082574 0.050000 0.007046
v 1.010817 0.050000 0.011646
v 1.002445 0.050000 0.166200
v 1.311001 0.050000 0.166200
v 1.308011 0.050000 0.220478
v 0.877468 0.050000 0.220478
v 0.891222 0.050000 -0.034352
v 1.086162 0.050000 -0.047232
v 1.087955 0.050000 -0.077590
v 0.863117 0.050000 -0.077590
v 0.738140 0.050000 0.014406
v 0.223880 0.050000 0.014406
v 0.226870 0.050000 -0.040792
v 0.741129 0.050000 -0.040792
v 0.155113 0.050000 -0.331500
v 0.149731 0.050000 -0.239504
v 0.140163 0.050000 -0.239504
v 0.138370 0.050000 -0.206385
v -0.058365 0.050000 -0.206385
v -0.062551 0.050000 -0.026072
v 0.131792 0.050000 -0.026072
v 0.128802 0.050000 0.029125
v -0.063746 0.050000 0.029125
v -0.067932 0.050000 0.220478
v -0.201281 0.050000 0.220478
v -0.197095 0.050000 0.029125
v -0.390242 0.050000 0.029125
v -0.387251 0.050000 -0.026072
v -0.195899 0.050000 -0.026072
v -0.192311 0.050000 -0.206385
v -0.380674 0.050000 -0.206385
v -0.377684 0.050000 -0.261583
v -0.191115 0.050000 -0.261583
v -0.189322 0.050000 -0.331500
v -0.055375 0.050000 -0.331500
v -0.057169 0.050000 -0.261583
v 0.058839 0.050000 -0.261583
v 0.057643 0.050000 -0.239504
v 0.077974 0.050000 -0.239504
v 0.083356 0.050000 -0.331500
v 0.109667 0.050000 -0.331500
v 0.104285 0.050000 -0.239504
v 0.123420 0.050000 -0.239504
v 0.128802 0.050000 -0.331500
v -0.891943 0.050000 0.220478
v -1.016322 0.050000 0.220478
v -0.956525 0.050000 -0.268943
v -0.832146 0.050000 -0.268943
v -0.487113 0.050000 0.220478
v -0.774740 0.050000 0.220478
v -0.743645 0.050000 -0.331500
v -0.609699 0.050000 -0.331500
v -0.638402 0.050000 0.165280
v -0.484124 0.050000 0.165280
v -1.319496 0.050000 -0.224785
v -1.583802 0.050000 -0.224785
v -1.580812 0.050000 -0.279982
v -1.407399 0.050000 -0.279982
v -1.405007 0.050000 -0.331500
v -1.271060 0.050000 -0.331500
v -1.273452 0.050000 -0.279982
v -1.263884 0.050000 -0.279982
v -1.262688 0.050000 -0.280902
v -1.100039 0.050000 -0.280902
v -1.101235 0.050000 -0.279982
v -1.100039 0.050000 -0.279982
v -1.112597 0.050000 -0.268943
v -1.257905 0.050000 -0.124509
v -1.091667 0.050000 0.082483
v -1.225016 0.050000 0.082483
v -1.281226 0.050000 0.008886
v -1.293185 0.050000 0.220478
v -1.426534 0.050000 0.220478
v -1.415770 0.050000 0.030965
v -1.467794 0.050000 0.082483
v -1.629846 0.050000 0.082483
v -2.021520 0.050000 -0.250544
v -2.184170 0.050000 -0.250544
v -2.181180 0.050000 -0.305741
v -1.719542 0.050000 -0.305741
v -1.722532 0.050000 -0.250544
v -1.887573 0.050000 -0.250544
v -1.911492 0.050000 0.165280
v -1.721934 0.050000 0.165280
v -1.724924 0.050000 0.220478
v -2.238585 0.050000 0.220478
v -2.235595 0.050000 0.165280
v -2.044841 0.050000 0.165280
v -2.299579 0.050000 -0.320461
v -2.304961 0.050000 -0.230304
v -2.330674 0.050000 -0.230304
v -2.325292 0.050000 -0.320461
v -2.344427 0.050000 -0.320461
v -2.349211 0.050000 -0.230304
v -2.374924 0.050000 -0.230304
v -2.370140 0.050000 -0.320461
v -2.351005 0.050000 0.220478
v -2.828788 0.050000 0.220478
v -2.813240 0.050000 -0.061031
v -2.809055 0.050000 -0.061031
v -2.698429 0.050000 -0.089550
v -2.760020 0.050000 -0.320461
v -2.629064 0.050000 -0.320461
v -2.575246 0.050000 -0.120829
v -2.331870 0.050000 -0.183386
v -2.334859 0.050000 -0.129108
v -2.682882 0.050000 -0.039872
v -2.694243 0.050000 0.166200
v -2.348015 0.050000 0.166200
v -3.092495 0.050000 -0.256063
v -3.279662 0.050000 -0.256063
v -3.276672 0.050000 -0.310341
v -2.913102 0.050000 -0.310341
v -2.916092 0.050000 -0.256063
v -2.975292 0.050000 -0.256063
v -2.981272 0.050000 -0.155787
v -2.921474 0.050000 -0.155787
v -2.924464 0.050000 -0.101509
v -2.984262 0.050000 -0.101509
v -2.990839 0.050000 0.011646
v -2.931042 0.050000 0.011646
v -2.934031 0.050000 0.065004
v -2.993829 0.050000 0.065004
v -3.002799 0.050000 0.220478
v -3.291023 0.050000 0.220478
v -3.279662 0.050000 0.011646
v -3.108043 0.050000 0.011646
v -3.101465 0.050000 -0.101509
v -3.288033 0.050000 -0.101509
v -3.285043 0.050000 -0.155787
v -3.098475 0.050000 -0.155787
v -3.328696 0.050000 0.220478
v -3.460251 0.050000 0.220478
v -3.429156 0.050000 -0.320461
v -3.297601 0.050000 -0.320461
v -3.185182 0.050000 0.166200
v -3.117012 0.050000 0.166200
v -3.111032 0.050000 0.065004
v -3.179202 0.050000 0.065004
v 5.985978 -0.050000 -0.085870
v 5.739014 -0.050000 -0.085870
v 5.742003 -0.050000 -0.140148
v 5.896281 -0.050000 -0.140148
v 6.006310 -0.050000 -0.266183
v 5.816153 -0.050000 -0.266183
v 5.819142 -0.050000 -0.320461
v 6.182712 -0.050000 -0.320461
v 6.182712 -0.050000 -0.316781
v 6.179722 -0.050000 -0.266183
v 6.146833 -0.050000 -0.266183
v 6.037404 -0.050000 -0.140148
v 6.259851 -0.050000 -0.140148
v 6.256861 -0.050000 -0.085870
v 6.141452 -0.050000 -0.085870
v 5.952491 -0.050000 0.149640
v 6.161782 -0.050000 0.166200
v 6.158792 -0.050000 0.220478
v 5.801801 -0.050000 0.191959
v 5.804790 -0.050000 0.137681
v 6.273006 -0.050000 -0.320461
v 6.267624 -0.050000 -0.230304
v 6.241911 -0.050000 -0.230304
v 6.247293 -0.050000 -0.320461
v 6.228158 -0.050000 -0.320461
v 6.223374 -0.050000 -0.230304
v 6.197063 -0.050000 -0.230304
v 6.202445 -0.050000 -0.320461
v 5.444212 -0.050000 -0.251463
v 5.196052 -0.050000 -0.251463
v 5.199041 -0.050000 -0.305741
v 5.594303 -0.050000 -0.305741
v 5.530918 -0.050000 -0.118069
v 5.630182 -0.050000 -0.118069
v 5.610449 -0.050000 0.220478
v 5.150605 -0.050000 0.220478
v 5.161966 -0.050000 0.015326
v 5.416106 -0.050000 0.015326
v 5.407735 -0.050000 0.166200
v 5.482482 -0.050000 0.166200
v 5.495638 -0.050000 -0.064711
v 5.138047 -0.050000 -0.064711
v 5.141037 -0.050000 -0.118069
v 5.399364 -0.050000 -0.118069
v 5.252261 -0.050000 0.069604
v 5.319234 -0.050000 0.069604
v 5.313853 -0.050000 0.166200
v 5.247478 -0.050000 0.166200
v 4.788232 -0.050000 -0.237664
v 4.535288 -0.050000 -0.237664
v 4.538278 -0.050000 -0.291942
v 4.781654 -0.050000 -0.291942
v 4.778066 -0.050000 -0.320461
v 4.909620 -0.050000 -0.320461
v 4.913209 -0.050000 -0.291942
v 5.037588 -0.050000 -0.291942
v 5.034597 -0.050000 -0.237664
v 4.919188 -0.050000 -0.237664
v 4.928756 -0.050000 -0.158547
v 5.031011 -0.050000 -0.158547
v 5.028020 -0.050000 -0.104269
v 4.935333 -0.050000 -0.104269
v 4.952077 -0.050000 0.036485
v 4.670430 -0.050000 0.036485
v 4.663853 -0.050000 0.166200
v 4.972408 -0.050000 0.166200
v 4.969419 -0.050000 0.220478
v 4.529906 -0.050000 0.220478
v 4.541865 -0.050000 -0.017793
v 4.814543 -0.050000 -0.017793
v 4.804378 -0.050000 -0.104269
v 4.528709 -0.050000 -0.104269
v 4.531700 -0.050000 -0.158547
v 4.797799 -0.050000 -0.158547
v 4.192050 -0.050000 -0.230304
v 3.909207 -0.050000 -0.230304
v 3.912197 -0.050000 -0.284582
v 4.343935 -0.050000 -0.284582
v 4.340946 -0.050000 -0.230304
v 4.347523 -0.050000 -0.230304
v 4.099363 -0.050000 0.147801
v 4.376226 -0.050000 0.166200
v 4.373236 -0.050000 0.220478
v 3.946281 -0.050000 0.191959
v 3.949271 -0.050000 0.137681
v 4.436023 -0.050000 -0.320461
v 4.430642 -0.050000 -0.230304
v 4.404929 -0.050000 -0.230304
v 4.410310 -0.050000 -0.320461
v 4.391773 -0.050000 -0.320461
v 4.386392 -0.050000 -0.230304
v 4.360679 -0.050000 -0.230304
v 4.365462 -0.050000 -0.320461
v 3.685564 -0.050000 -0.256063
v 3.551019 -0.050000 -0.256063
v 3.554009 -0.050000 -0.311261
v 3.702905 -0.050000 -0.311261
v 3.754929 -0.050000 -0.311261
v 3.822500 -0.050000 -0.311261
v 3.715462 -0.050000 0.029125
v 3.803963 -0.050000 0.124801
v 3.798581 -0.050000 0.216798
v 3.692739 -0.050000 0.101802
v 3.655067 -0.050000 0.220478
v 3.535471 -0.050000 0.220478
v 3.603043 -0.050000 0.005206
v 3.539059 -0.050000 -0.064711
v 3.544441 -0.050000 -0.156707
v 3.626364 -0.050000 -0.067471
v 3.495408 -0.050000 0.220478
v 3.394947 -0.050000 0.220478
v 3.399731 -0.050000 0.140441
v 3.263990 -0.050000 0.152400
v 3.266980 -0.050000 0.097203
v 3.274754 -0.050000 0.096283
v 3.296879 -0.050000 -0.291022
v 3.392555 -0.050000 -0.291022
v 3.371028 -0.050000 0.088003
v 3.402721 -0.050000 0.085243
v 3.426042 -0.050000 -0.331500
v 3.526502 -0.050000 -0.331500
v 2.674984 -0.050000 0.220478
v 2.662426 -0.050000 0.220478
v 2.693521 -0.050000 -0.324141
v 2.703089 -0.050000 -0.324141
v 2.808332 -0.050000 -0.324141
v 3.088185 -0.050000 -0.324141
v 3.202997 -0.050000 -0.324141
v 3.171902 -0.050000 0.220478
v 3.165923 -0.050000 0.220478
v 3.057090 -0.050000 0.220478
v 2.777238 -0.050000 0.220478
v 2.827468 -0.050000 0.113762
v 2.814911 -0.050000 0.113762
v 2.833448 -0.050000 -0.224785
v 2.843015 -0.050000 -0.224785
v 2.926732 -0.050000 -0.224785
v 2.957827 -0.050000 -0.224785
v 3.051111 -0.050000 -0.224785
v 3.032574 -0.050000 0.113762
v 3.026594 -0.050000 0.113762
v 2.939290 -0.050000 0.113762
v 2.908195 -0.050000 0.113762
v 3.060081 -0.050000 0.165280
v 3.085196 -0.050000 -0.268943
v 2.805343 -0.050000 -0.268943
v 2.780228 -0.050000 0.165280
v 2.942279 -0.050000 0.058564
v 2.954837 -0.050000 -0.169587
v 2.923742 -0.050000 -0.169587
v 2.911184 -0.050000 0.058564
v 2.243844 -0.050000 -0.074831
v 2.552997 -0.050000 0.220478
v 2.367624 -0.050000 0.220478
v 2.077008 -0.050000 -0.072071
v 2.433402 -0.050000 -0.320461
v 2.590072 -0.050000 -0.320461
v 1.572914 -0.050000 -0.118069
v 1.443751 -0.050000 -0.118069
v 1.519694 -0.050000 -0.327820
v 1.547800 -0.050000 -0.327820
v 1.648857 -0.050000 -0.327820
v 1.828250 -0.050000 -0.327820
v 1.904791 -0.050000 -0.327820
v 1.957413 -0.050000 -0.327820
v 1.888646 -0.050000 -0.088630
v 1.759482 -0.050000 -0.088630
v 1.776227 -0.050000 -0.147508
v 1.583678 -0.050000 -0.147508
v 1.556769 -0.050000 0.151480
v 1.427606 -0.050000 0.151480
v 1.502951 -0.050000 -0.073911
v 1.531056 -0.050000 -0.073911
v 1.632114 -0.050000 -0.073911
v 1.849777 -0.050000 -0.073911
v 1.926318 -0.050000 -0.073911
v 1.978940 -0.050000 -0.073911
v 1.905389 -0.050000 0.220478
v 1.776227 -0.050000 0.220478
v 1.805527 -0.050000 0.102722
v 1.572914 -0.050000 0.102722
v 1.629124 -0.050000 -0.272623
v 1.603411 -0.050000 -0.202705
v 1.792371 -0.050000 -0.202705
v 1.812105 -0.050000 -0.272623
v 1.613577 -0.050000 -0.018713
v 1.591452 -0.050000 0.047525
v 1.819281 -0.050000 0.047525
v 1.836024 -0.050000 -0.018713
v 0.967762 -0.050000 -0.227544
v 0.870890 -0.050000 -0.227544
v 0.873880 -0.050000 -0.281822
v 1.006033 -0.050000 -0.281822
v 1.032942 -0.050000 -0.320461
v 1.154331 -0.050000 -0.320461
v 1.127422 -0.050000 -0.281822
v 1.337910 -0.050000 -0.281822
v 1.334920 -0.050000 -0.227544
v 1.089750 -0.050000 -0.227544
v 1.022776 -0.050000 -0.131868
v 1.212933 -0.050000 -0.131868
v 1.208149 -0.050000 -0.054591
v 1.351065 -0.050000 -0.063791
v 1.348075 -0.050000 -0.009513
v 1.205159 -0.050000 -0.000314
v 1.199777 -0.050000 0.085243
v 1.077790 -0.050000 0.085243
v 1.082574 -0.050000 0.007046
v 1.010817 -0.050000 0.011646
v 1.002445 -0.050000 0.166200
v 1.311001 -0.050000 0.166200
v 1.308011 -0.050000 0.220478
v 0.877468 -0.050000 0.220478
v 0.891222 -0.050000 -0.034352
v 1.086162 -0.050000 -0.047232
v 1.087955 -0.050000 -0.077590
v 0.863117 -0.050000 -0.077590
v 0.738140 -0.050000 0.014406
v 0.223880 -0.050000 0.014406
v 0.226870 -0.050000 -0.040792
v 0.741129 -0.050000 -0.040792
v 0.155113 -0.050000 -0.331500
v 0.149731 -0.050000 -0.239504
v 0.140163 -0.050000 -0.239504
v 0.138370 -0.050000 -0.206385
v -0.058365 -0.050000 -0.206385
v -0.062551 -0.050000 -0.026072
v 0.131792 -0.050000 -0.026072
v 0.128802 -0.050000 0.029125
v -0.063746 -0.050000 0.029125
v -0.067932 -0.050000 0.220478
v -0.201281 -0.050000 0.220478
v -0.197095 -0.050000 0.029125
v -0.390242 -0.050000 0.029125
v -0.387251 -0.050000 -0.026072
v -0.195899 -0.050000 -0.026072
v -0.192311 -0.050000 -0.206385
v -0.380674 -0.050000 -0.206385
v -0.377684 -0.050000 -0.261583
v -0.191115 -0.050000 -0.261583
v -0.189322 -0.050000 -0.331500
v -0.055375 -0.050000 -0.331500
v -0.057169 -0.050000 -0.261583
v 0.058839 -0.050000 -0.261583
v 0.057643 -0.050000 -0.239504
v 0.077974 -0.050000 -0.239504
v 0.083356 -0.050000 -0.331500
v 0.109667 -0.050000 -0.331500
v 0.104285 -0.050000 -0.239504
v 0.123420 -0.050000 -0.239504
v 0.128802 -0.050000 -0.331500
v -0.891943 -0.050000 0.220478
v -1.016322 -0.050000 0.220478
v -0.956525 -0.050000 -0.268943
v -0.832146 -0.050000 -0.268943
v -0.487113 -0.050000 0.220478
v -0.774740 -0.050000 0.220478
v -0.743645 -0.050000 -0.331500
v -0.609699 -0.050000 -0.331500
v -0.638402 -0.050000 0.165280
v -0.484124 -0.050000 0.165280
v -1.319496 -0.050000 -0.224785
v -1.583802 -0.050000 -0.224785
v -1.580812 -0.050000 -0.279982
v -1.407399 -0.050000 -0.279982
v -1.405007 -0.050000 -0.331500
v -1.271060 -0.050000 -0.331500
v -1.273452 -0.050000 -0.279982
v -1.263884 -0.050000 -0.279982
v -1.262688 -0.050000 -0.280902
v -1.100039 -0.050000 -0.280902
v -1.101235 -0.050000 -0.279982
v -1.100039 -0.050000 -0.279982
v -1.112597 -0.050000 -0.268943
v -1.257905 -0.050000 -0.124509
v -1.091667 -0.050000 0.082483
v -1.225016 -0.050000 0.082483
v -1.281226 -0.050000 0.008886
v -1.293185 -0.050000 0.220478
v -1.426534 -0.050000 0.220478
v -1.415770 -0.050000 0.030965
v -1.467794 -0.050000 0.082483
v -1.629846 -0.050000 0.082483
v -2.021520 -0.050000 -0.250544
v -2.184170 -0.050000 -0.250544
v -2.181180 -0.050000 -0.305741
v -1.719542 -0.050000 -0.305741
v -1.722532 -0.050000 -0.250544
v -1.887573 -0.050000 -0.250544
v -1.911492 -0.050000 0.165280
v -1.721934 -0.050000 0.165280
v -1.724924 -0.050000 0.220478
v -2.238585 -0.050000 0.220478
v -2.235595 -0.050000 0.165280
v -2.044841 -0.050000 0.165280
v -2.299579 -0.050000 -0.320461
v -2.304961 -0.050000 -0.230304
v -2.330674 -0.050000 -0.230304
v -2.325292 -0.050000 -0.320461
v -2.344427 -0.050000 -0.320461
v -2.349211 -0.050000 -0.230304
v -2.374924 -0.050000 -0.230304
v -2.370140 -0.050000 -0.320461
v -2.351005 -0.050000 0.220478
v -2.828788 -0.050000 0.220478
v -2.813240 -0.050000 -0.061031
v -2.809055 -0.050000 -0.061031
v -2.698429 -0.050000 -0.089550
v -2.760020 -0.050000 -0.320461
v -2.629064 -0.050000 -0.320461
v -2.575246 -0.050000 -0.120829
v -2.331870 -0.050000 -0.183386
v -2.334859 -0.050000 -0.129108
v -2.682882 -0.050000 -0.039872
v -2.694243 -0.050000 0.166200
v -2.348015 -0.050000 0.166200
v -3.092495 -0.050000 -0.256063
v -3.279662 -0.050000 -0.256063
v -3.276672 -0.050000 -0.310341
v -2.913102 -0.050000 -0.310341
v -2.916092 -0.050000 -0.256063
v -2.975292 -0.050000 -0.256063
v -2.981272 -0.050000 -0.155787
v -2.921474 -0.050000 -0.155787
v -2.924464 -0.050000 -0.101509
v -2.984262 -0.050000 -0.101509
v -2.990839 -0.050000 0.011646
v -2.931042 -0.050000 0.011646
v -2.934031 -0.050000 0.065004
v -2.993829 -0.050000 0.065004
v -3.002799 -0.050000 0.220478
v -3.291023 -0.050000 0.220478
v -3.279662 -0.050000 0.011646
v -3.108043 -0.050000 0.011646
v -3.101465 -0.050000 -0.101509
v -3.288033 -0.050000 -0.101509
v -3.285043 -0.050000 -0.155787
v -3.098475 -0.050000 -0.155787
v -3.328696 -0.050000 0.220478
v -3.460251 -0.050000 0.220478
v -3.429156 -0.050000 -0.320461
v -3.297601 -0.050000 -0.320461
v -3.185182 -0.050000 0.166200
v -3.117012 -0.050000 0.166200
v -3.111032 -0.050000 0.065004
v -3.179202 -0.050000 0.065004
v -3.092495 -0.050000 -0.256063
v -3.092495 0.050000 -0.256063
v -3.279662 -0.050000 -0.256063
v -3.279662 0.050000 -0.256063
v -3.276672 -0.050000 -0.310341
v -3.276672 0.050000 -0.310341
v -2.913102 -0.050000 -0.310341
v -2.913102 0.050000 -0.310341
v -2.916092 -0.050000 -0.256063
v -2.916092 0.050000 -0.256063
v -2.975292 -0.050000 -0.256063
v -2.975292 0.050000 -0.256063
v -2.981272 -0.050000 -0.155787
v -2.981272 0.050000 -0.155787
v -2.921474 -0.050000 -0.155787
v -2.921474 0.050000 -0.155787
v -2.924464 -0.050000 -0.101509
v -2.924464 0.050000 -0.101509
v -2.984262 -0.050000 -0.101509
v -2.984262 0.050000 -0.101509
v -2.990839 -0.050000 0.011646
v -2.990839 0.050000 0.011646
v -2.931042 -0.050000 0.011646
v -2.931042 0.050000 0.011646
v -2.934031 -0.050000 0.065004
v -2.934031 0.050000 0.065004
v -2.993829 -0.050000 0.065004
v -2.993829 0.050000 0.065004
v -3.002799 -0.050000 0.220478
v -3.002799 0.050000 0.220478
v -3.291023 -0.050000 0.220478
v -3.291023 0.050000 0.220478
v -3.279662 -0.050000 0.011646
v -3.279662 0.050000 0.011646
v -3.108043 -0.050000 0.011646
v -3.108043 0.050000 0.011646
v -3.101465 -0.050000 -0.101509
v -3.101465 0.050000 -0.101509
v -3.288033 -0.050000 -0.101509
v -3.288033 0.050000 -0.101509
v -3.285043 -0.050000 -0.155787
v -3.285043 0.050000 -0.155787
v -3.098475 -0.050000 -0.155787
v -3.098475 0.050000 -0.155787
v -3.328696 -0.050000 0.220478
v -3.328696 0.050000 0.220478
v -3.460251 -0.050000 0.220478
v -3.460251 0.050000 0.220478
v -3.429156 -0.050000 -0.320461
v -3.429156 0.050000 -0.320461
v -3.297601 -0.050000 -0.320461
v -3.297601 0.050000 -0.320461
v -3.185182 -0.050000 0.166200
v -3.185182 0.050000 0.166200
v -3.117012 -0.050000 0.166200
v -3.117012 0.050000 0.166200
v -3.111032 -0.050000 0.065004
v -3.111032 0.050000 0.065004
v -3.179202 -0.050000 0.065004
v -3.179202 0.050000 0.065004
v -2.299579 -0.050000 -0.320461
v -2.299579 0.050000 -0.320461
v -2.304961 -0.050000 -0.230304
v -2.304961 0.050000 -0.230304
v -2.330674 -0.050000 -0.230304
v -2.330674 0.050000 -0.230304
v -2.325292 -0.050000 -0.320461
v -2.325292 0.050000 -0.320461
v -2.344427 -0.050000 -0.320461
v -2.344427 0.050000 -0.320461
v -2.349211 -0.050000 -0.230304
v -2.349211 0.050000 -0.230304
v -2.374924 -0.050000 -0.230304
v -2.374924 0.050000 -0.230304
v -2.370140 -0.050000 -0.320461
v -2.370140 0.050000 -0.320461
v -2.351005 -0.050000 0.220478
v -2.351005 0.050000 0.220478
v -2.828788 -0.050000 0.220478
v -2.828788 0.050000 0.220478
v -2.813240 -0.050000 -0.061031
v -2.813240 0.050000 -0.061031
v -2.809055 -0.050000 -0.061031
v -2.809055 0.050000 -0.061031
v -2.698429 -0.050000 -0.089550
v -2.698429 0.050000 -0.089550
v -2.760020 -0.050000 -0.320461
v -2.760020 0.050000 -0.320461
v -2.629064 -0.050000 -0.320461
v -2.629064 0.050000 -0.320461
v -2.575246 -0.050000 -0.120829
v -2.575246 0.050000 -0.120829
v -2.331870 -0.050000 -0.183386
v -2.331870 0.050000 -0.183386
v -2.334859 -0.050000 -0.129108
v -2.334859 0.050000 -0.129108
v -2.682882 -0.050000 -0.039872
v -2.682882 0.050000 -0.039872
v -2.694243 -0.050000 0.166200
v -2.694243 0.050000 0.166200
v -2.348015 -0.050000 0.166200
v -2.348015 0.050000 0.166200
v -2.021520 -0.050000 -0.250544
v -2.021520 0.050000 -0.250544
v -2.184170 -0.050000 -0.250544
v -2.184170 0.050000 -0.250544
v -2.181180 -0.050000 -0.305741
v -2.181180 0.050000 -0.305741
v -1.719542 -0.050000 -0.305741
v -1.719542 0.050000 -0.305741
v -1.722532 -0.050000 -0.250544
v -1.722532 0.050000 -0.250544
v -1.887573 -0.050000 -0.250544
v -1.887573 0.050000 -0.250544
v -1.911492 -0.050000 0.165280
v -1.911492 0.050000 0.165280
v -1.721934 -0.050000 0.165280
v -1.721934 0.050000 0.165280
v -1.724924 -0.050000 0.220478
v -1.724924 0.050000 0.220478
v -2.238585 -0.050000 0.220478
v -2.238585 0.050000 0.220478
v -2.235595 -0.050000 0.165280
v -2.235595 0.050000 0.165280
v -2.044841 -0.050000 0.165280
v -2.044841 0.050000 0.165280
v -1.319496 -0.050000 -0.224785
v -1.319496 0.050000 -0.224785
v -1.583802 -0.050000 -0.224785
v -1.583802 0.050000 -0.224785
v -1.580812 -0.050000 -0.279982
v -1.580812 0.050000 -0.279982
v -1.407399 -0.050000 -0.279982
v -1.407399 0.050000 -0.279982
v -1.405007 -0.050000 -0.331500
v -1.405007 0.050000 -0.331500
v -1.271060 -0.050000 -0.331500
v -1.271060 0.050000 -0.331500
v -1.273452 -0.050000 -0.279982
v -1.273452 0.050000 -0.279982
v -1.263884 -0.050000 -0.279982
v -1.263884 0.050000 -0.279982
v -1.262688 -0.050000 -0.280902
v -1.262688 0.050000 -0.280902
v -1.100039 -0.050000 -0.280902
v -1.100039 0.050000 -0.280902
v -1.101235 -0.050000 -0.279982
v -1.101235 0.050000 -0.279982
v -1.100039 -0.050000 -0.279982
v -1.100039 0.050000 -0.279982
v -1.112597 -0.050000 -0.268943
v -1.112597 0.050000 -0.268943
v -1.257905 -0.050000 -0.124509
v -1.257905 0.050000 -0.124509
v -1.091667 -0.050000 0.082483
v -1.091667 0.050000 0.082483
v -1.225016 -0.050000 0.082483
v -1.225016 0.050000 0.082483
v -1.281226 -0.050000 0.008886
v -1.281226 0.050000 0.008886
v -1.293185 -0.050000 0.220478
v -1.293185 0.050000 0.220478
v -1.426534 -0.050000 0.220478
v -1.426534 0.050000 0.220478
v -1.415770 -0.050000 0.030965
v -1.415770 0.050000 0.030965
v -1.467794 -0.050000 0.082483
v -1.467794 0.050000 0.082483
v -1.629846 -0.050000 0.082483
v -1.629846 0.050000 0.082483
v -0.891943 -0.050000 0.220478
v -0.891943 0.050000 0.220478
v -1.016322 -0.050000 0.220478
v -1.016322 0.050000 0.220478
v -0.956525 -0.050000 -0.268943
v -0.956525 0.050000 -0.268943
v -0.832146 -0.050000 -0.268943
v -0.832146 0.050000 -0.268943
v -0.487113 -0.050000 0.220478
v -0.487113 0.050000 0.220478
v -0.774740 -0.050000 0.220478
v -0.774740 0.050000 0.220478
v -0.743645 -0.050000 -0.331500
v -0.743645 0.050000 -0.331500
v -0.609699 -0.050000 -0.331500
v -0.609699 0.050000 -0.331500
v -0.638402 -0.050000 0.165280
v -0.638402 0.050000 0.165280
v -0.484124 -0.050000 0.165280
v -0.484124 0.050000 0.165280
v 0.155113 -0.050000 -0.331500
v 0.155113 0.050000 -0.331500
v 0.149731 -0.050000 -0.239504
v 0.149731 0.050000 -0.239504
v 0.140163 -0.050000 -0.239504
v 0.140163 0.050000 -0.239504
v 0.138370 -0.050000 -0.206385
v 0.138370 0.050000 -0.206385
v -0.058365 -0.050000 -0.206385
v -0.058365 0.050000 -0.206385
v -0.062551 -0.050000 -0.026072
v -0.062551 0.050000 -0.026072
v 0.131792 -0.050000 -0.026072
v 0.131792 0.050000 -0.026072
v 0.128802 -0.050000 0.029125
v 0.128802 0.050000 0.029125
v -0.063746 -0.050000 0.029125
v -0.063746 0.050000 0.029125
v -0.067932 -0.050000 0.220478
v -0.067932 0.050000 0.220478
v -0.201281 -0.050000 0.220478
v -0.201281 0.050000 0.220478
v -0.197095 -0.050000 0.029125
v -0.197095 0.050000 0.029125
v -0.390242 -0.050000 0.029125
v -0.390242 0.050000 0.029125
v -0.387251 -0.050000 -0.026072
v -0.387251 0.050000 -0.026072
v -0.195899 -0.050000 -0.026072
v -0.195899 0.050000 -0.026072
v -0.192311 -0.050000 -0.206385
v -0.192311 0.050000 -0.206385
v -0.380674 -0.050000 -0.206385
v -0.380674 0.050000 -0.206385
v -0.377684 -0.050000 -0.261583
v -0.377684 0.050000 -0.261583
v -0.191115 -0.050000 -0.261583
v -0.191115 0.050000 -0.261583
v -0.189322 -0.050000 -0.331500
v -0.189322 0.050000 -0.331500
v -0.055375 -0.050000 -0.331500
v -0.055375 0.050000 -0.331500
v -0.057169 -0.050000 -0.261583
v -0.057169 0.050000 -0.261583
v 0.058839 -0.050000 -0.261583
v 0.058839 0.050000 -0.261583
v 0.057643 -0.050000 -0.239504
v 0.057643 0.050000 -0.239504
v 0.077974 -0.050000 -0.239504
v 0.077974 0.050000 -0.239504
v 0.083356 -0.050000 -0.331500
v 0.083356 0.050000 -0.331500
v 0.109667 -0.050000 -0.331500
v 0.109667 0.050000 -0.331500
v 0.104285 -0.050000 -0.239504
v 0.104285 0.050000 -0.239504
v 0.123420 -0.050000 -0.239504
v 0.123420 0.050000 -0.239504
v 0.128802 -0.050000 -0.331500
v 0.128802 0.050000 -0.331500
v 0.738140 -0.050000 0.014406
v 0.738140 0.050000 0.014406
v 0.223880 -0.050000 0.014406
v 0.223880 0.050000 0.014406
v 0.226870 -0.050000 -0.040792
v 0.226870 0.050000 -0.040792
v 0.741129 -0.050000 -0.040792
v 0.741129 0.050000 -0.040792
v 0.967762 -0.050000 -0.227544
v 0.967762 0.050000 -0.227544
v 0.870890 -0.050000 -0.227544
v 0.870890 0.050000 -0.227544
v 0.873880 -0.050000 -0.281822
v 0.873880 0.050000 -0.281822
v 1.006033 -0.050000 -0.281822
v 1.006033 0.050000 -0.281822
v 1.032942 -0.050000 -0.320461
v 1.032942 0.050000 -0.320461
v 1.154331 -0.050000 -0.320461
v 1.154331 0.050000 -0.320461
v 1.127422 -0.050000 -0.281822
v 1.127422 0.050000 -0.281822
v 1.337910 -0.050000 -0.281822
v 1.337910 0.050000 -0.281822
v 1.334920 -0.050000 -0.227544
v 1.334920 0.050000 -0.227544
v 1.089750 -0.050000 -0.227544
v 1.089750 0.050000 -0.227544
v 1.022776 -0.050000 -0.131868
v 1.022776 0.050000 -0.131868
v 1.212933 -0.050000 -0.131868
v 1.212933 0.050000 -0.131868
v 1.208149 -0.050000 -0.054591
v 1.208149 0.050000 -0.054591
v 1.351065 -0.050000 -0.063791
v 1.351065 0.050000 -0.063791
v 1.348075 -0.050000 -0.009513
v 1.348075 0.050000 -0.009513
v 1.205159 -0.050000 -0.000314
v 1.205159 0.050000 -0.000314
v 1.199777 -0.050000 0.085243
v 1.199777 0.050000 0.085243
v 1.077790 -0.050000 0.085243
v 1.077790 0.050000 0.085243
v 1.082574 -0.050000 0.007046
v 1.082574 0.050000 0.007046
v 1.010817 -0.050000 0.011646
v 1.010817 0.050000 0.011646
v 1.002445 -0.050000 0.166200
v 1.002445 0.050000 0.166200
v 1.311001 -0.050000 0.166200
v 1.311001 0.050000 0.166200
v 1.308011 -0.050000 0.220478
v 1.308011 0.050000 0.220478
v 0.877468 -0.050000 0.220478
v 0.877468 0.050000 0.220478
v 0.891222 -0.050000 -0.034352
v 0.891222 0.050000 -0.034352
v 1.086162 -0.050000 -0.047232
v 1.086162 0.050000 -0.047232
v 1.087955 -0.050000 -0.077590
v 1.087955 0.050000 -0.077590
v 0.863117 -0.050000 -0.077590
v 0.863117 0.050000 -0.077590
v 1.572914 -0.050000 -0.118069
v 1.572914 0.050000 -0.118069
v 1.443751 -0.050000 -0.118069
v 1.443751 0.050000 -0.118069
v 1.519694 -0.050000 -0.327820
v 1.519694 0.050000 -0.327820
v 1.547800 -0.050000 -0.327820
v 1.547800 0.050000 -0.327820
v 1.648857 -0.050000 -0.327820
v 1.648857 0.050000 -0.327820
v 1.828250 -0.050000 -0.327820
v 1.828250 0.050000 -0.327820
v 1.904791 -0.050000 -0.327820
v 1.904791 0.050000 -0.327820
v 1.957413 -0.050000 -0.327820
v 1.957413 0.050000 -0.327820
v 1.888646 -0.050000 -0.088630
v 1.888646 0.050000 -0.088630
v 1.759482 -0.050000 -0.088630
v 1.759482 0.050000 -0.088630
v 1.776227 -0.050000 -0.147508
v 1.776227 0.050000 -0.147508
v 1.583678 -0.050000 -0.147508
v 1.583678 0.050000 -0.147508
v 1.556769 -0.050000 0.151480
v 1.556769 0.050000 0.151480
v 1.427606 -0.050000 0.151480
v 1.427606 0.050000 0.151480
v 1.502951 -0.050000 -0.073911
v 1.502951 0.050000 -0.073911
v 1.531056 -0.050000 -0.073911
v 1.531056 0.050000 -0.073911
v 1.632114 -0.050000 -0.073911
v 1.632114 0.050000 -0.073911
v 1.849777 -0.050000 -0.073911
v 1.849777 0.050000 -0.073911
v 1.926318 -0.050000 -0.073911
v 1.926318 0.050000 -0.073911
v 1.978940 -0.050000 -0.073911
v 1.978940 0.050000 -0.073911
v 1.905389 -0.050000 0.220478
v 1.905389 0.050000 0.220478
v 1.776227 -0.050000 0.220478
v 1.776227 0.050000 0.220478
v 1.805527 -0.050000 0.102722
v 1.805527 0.050000 0.102722
v 1.572914 -0.050000 0.102722
v 1.572914 0.050000 0.102722
v 1.629124 -0.050000 -0.272623
v 1.629124 0.050000 -0.272623
v 1.603411 -0.050000 -0.202705
v 1.603411 0.050000 -0.202705
v 1.792371 -0.050000 -0.202705
v 1.792371 0.050000 -0.202705
v 1.812105 -0.050000 -0.272623
v 1.812105 0.050000 -0.272623
v 1.613577 -0.050000 -0.018713
v 1.613577 0.050000 -0.018713
v 1.591452 -0.050000 0.047525
v 1.591452 0.050000 0.047525
v 1.819281 -0.050000 0.047525
v 1.819281 0.050000 0.047525
v 1.836024 -0.050000 -0.018713
v 1.836024 0.050000 -0.018713
v 2.243844 -0.050000 -0.074831
v 2.243844 0.050000 -0.074831
v 2.552997 -0.050000 0.220478
v 2.552997 0.050000 0.220478
v 2.367624 -0.050000 0.220478
v 2.367624 0.050000 0.220478
v 2.077008 -0.050000 -0.072071
v 2.077008 0.050000 -0.072071
v 2.433402 -0.050000 -0.320461
v 2.433402 0.050000 -0.320461
v 2.590072 -0.050000 -0.320461
v 2.590072 0.050000 -0.320461
v 2.674984 -0.050000 0.220478
v 2.674984 0.050000 0.220478
v 2.662426 -0.050000 0.220478
v 2.662426 0.050000 0.220478
v 2.693521 -0.050000 -0.324141
v 2.693521 0.050000 -0.324141
v 2.703089 -0.050000 -0.324141
v 2.703089 0.050000 -0.324141
v 2.808332 -0.050000 -0.324141
v 2.808332 0.050000 -0.324141
v 3.088185 -0.050000 -0.324141
v 3.088185 0.050000 -0.324141
v 3.202997 -0.050000 -0.324141
v 3.202997 0.050000 -0.324141
v 3.171902 -0.050000 0.220478
v 3.171902 0.050000 0.220478
v 3.165923 -0.050000 0.220478
v 3.165923 0.050000 0.220478
v 3.057090 -0.050000 0.220478
v 3.057090 0.050000 0.220478
v 2.777238 -0.050000 0.220478
v 2.777238 0.050000 0.220478
v 2.827468 -0.050000 0.113762
v 2.827468 0.050000 0.113762
v 2.814911 -0.050000 0.113762
v 2.814911 0.050000 0.113762
v 2.833448 -0.050000 -0.224785
v 2.833448 0.050000 -0.224785
v 2.843015 -0.050000 -0.224785
v 2.843015 0.050000 -0.224785
v 2.926732 -0.050000 -0.224785
v 2.926732 0.050000 -0.224785
v 2.957827 -0.050000 -0.224785
v 2.957827 0.050000 -0.224785
v 3.051111 -0.050000 -0.224785
v 3.051111 0.050000 -0.224785
v 3.032574 -0.050000 0.113762
v 3.032574 0.050000 0.113762
v 3.026594 -0.050000 0.113762
v 3.026594 0.050000 0.113762
v 2.939290 -0.050000 0.113762
v 2.939290 0.050000 0.113762
v 2.908195 -0.050000 0.113762
v 2.908195 0.050000 0.113762
v 3.060081 -0.050000 0.165280
v 3.060081 0.050000 0.165280
v 3.085196 -0.050000 -0.268943
v 3.085196 0.050000 -0.268943
v 2.805343 -0.050000 -0.268943
v 2.805343 0.050000 -0.268943
v 2.780228 -0.050000 0.165280
v 2.780228 0.050000 0.165280
v 2.942279 -0.050000 0.058564
v 2.942279 0.050000 0.058564
v 2.954837 -0.050000 -0.169587
v 2.954837 0.050000 -0.169587
v 2.923742 -0.050000 -0.169587
v 2.923742 0.050000 -0.169587
v 2.911184 -0.050000 0.058564
v 2.911184 0.050000 0.058564
v 3.685564 -0.050000 -0.256063
v 3.685564 0.050000 -0.256063
v 3.551019 -0.050000 -0.256063
v 3.551019 0.050000 -0.256063
v 3.554009 -0.050000 -0.311261
v 3.554009 0.050000 -0.311261
v 3.702905 -0.050000 -0.311261
v 3.702905 0.050000 -0.311261
v 3.754929 -0.050000 -0.311261
v 3.754929 0.050000 -0.311261
v 3.822500 -0.050000 -0.311261
v 3.822500 0.050000 -0.311261
v 3.715462 -0.050000 0.029125
v 3.715462 0.050000 0.029125
v 3.803963 -0.050000 0.124801
v 3.803963 0.050000 0.124801
v 3.798581 -0.050000 0.216798
v 3.798581 0.050000 0.216798
v 3.692739 -0.050000 0.101802
v 3.692739 0.050000 0.101802
v 3.655067 -0.050000 0.220478
v 3.655067 0.050000 0.220478
v 3.535471 -0.050000 0.220478
v 3.535471 0.050000 0.220478
v 3.603043 -0.050000 0.005206
v 3.603043 0.050000 0.005206
v 3.539059 -0.050000 -0.064711
v 3.539059 0.050000 -0.064711
v 3.544441 -0.050000 -0.156707
v 3.544441 0.050000 -0.156707
v 3.626364 -0.050000 -0.067471
v 3.626364 0.050000 -0.067471
v 3.495408 -0.050000 0.220478
v 3.495408 0.050000 0.220478
v 3.394947 -0.050000 0.220478
v 3.394947 0.050000 0.220478
v 3.399731 -0.050000 0.140441
v 3.399731 0.050000 0.140441
v 3.263990 -0.050000 0.152400
v 3.263990 0.050000 0.152400
v 3.266980 -0.050000 0.097203
v 3.266980 0.050000 0.097203
v 3.274754 -0.050000 0.096283
v 3.274754 0.050000 0.096283
v 3.296879 -0.050000 -0.291022
v 3.296879 0.050000 -0.291022
v 3.392555 -0.050000 -0.291022
v 3.392555 0.050000 -0.291022
v 3.371028 -0.050000 0.088003
v 3.371028 0.050000 0.088003
v 3.402721 -0.050000 0.085243
v 3.402721 0.050000 0.085243
v 3.426042 -0.050000 -0.331500
v 3.426042 0.050000 -0.331500
v 3.526502 -0.050000 -0.331500
v 3.526502 0.050000 -0.331500
v 4.192050 -0.050000 -0.230304
v 4.192050 0.050000 -0.230304
v 3.909207 -0.050000 -0.230304
v 3.909207 0.050000 -0.230304
v 3.912197 -0.050000 -0.284582
v 3.912197 0.050000 -0.284582
v 4.343935 -0.050000 -0.284582
v 4.343935 0.050000 -0.284582
v 4.340946 -0.050000 -0.230304
v 4.340946 0.050000 -0.230304
v 4.347523 -0.050000 -0.230304
v 4.347523 0.050000 -0.230304
v 4.099363 -0.050000 0.147801
v 4.099363 0.050000 0.147801
v 4.376226 -0.050000 0.166200
v 4.376226 0.050000 0.166200
v 4.373236 -0.050000 0.220478
v 4.373236 0.050000 0.220478
v 3.946281 -0.050000 0.191959
v 3.946281 0.050000 0.191959
v 3.949271 -0.050000 0.137681
v 3.949271 0.050000 0.137681
v 4.436023 -0.050000 -0.320461
v 4.436023 0.050000 -0.320461
v 4.430642 -0.050000 -0.230304
v 4.430642 0.050000 -0.230304
v 4.404929 -0.050000 -0.230304
v 4.404929 0.050000 -0.230304
v 4.410310 -0.050000 -0.320461
v 4.410310 0.050000 -0.320461
v 4.391773 -0.050000 -0.320461
v 4.391773 0.050000 -0.320461
v 4.386392 -0.050000 -0.230304
v 4.386392 0.050000 -0.230304
v 4.360679 -0.050000 -0.230304
v 4.360679 0.050000 -0.230304
v 4.365462 -0.050000 -0.320461
v 4.365462 0.050000 -0.320461
v 4.788232 -0.050000 -0.237664
v 4.788232 0.050000 -0.237664
v 4.535288 -0.050000 -0.237664
v 4.535288 0.050000 -0.237664
v 4.538278 -0.050000 -0.291942
v 4.538278 0.050000 -0.291942
v 4.781654 -0.050000 -0.291942
v 4.781654 0.050000 -0.291942
v 4.778066 -0.050000 -0.320461
v 4.778066 0.050000 -0.320461
v 4.909620 -0.050000 -0.320461
v 4.909620 0.050000 -0.320461
v 4.913209 -0.050000 -0.291942
v 4.913209 0.050000 -0.291942
v 5.037588 -0.050000 -0.291942
v 5.037588 0.050000 -0.291942
v 5.034597 -0.050000 -0.237664
v 5.034597 0.050000 -0.237664
v 4.919188 -0.050000 -0.237664
v 4.919188 0.050000 -0.237664
v 4.928756 -0.050000 -0.158547
v 4.928756 0.050000 -0.158547
v 5.031011 -0.050000 -0.158547
v 5.031011 0.050000 -0.158547
v 5.028020 -0.050000 -0.104269
v 5.028020 0.050000 -0.104269
v 4.935333 -0.050000 -0.104269
v 4.935333 0.050000 -0.104269
v 4.952077 -0.050000 0.036485
v 4.952077 0.050000 0.036485
v 4.670430 -0.050000 0.036485
v 4.670430 0.050000 0.036485
v 4.663853 -0.050000 0.166200
v 4.663853 0.050000 0.166200
v 4.972408 -0.050000 0.166200
v 4.972408 0.050000 0.166200
v 4.969419 -0.050000 0.220478
v 4.969419 0.050000 0.220478
v 4.529906 -0.050000 0.220478
v 4.529906 0.050000 0.220478
v 4.541865 -0.050000 -0.017793
v 4.541865 0.050000 -0.017793
v 4.814543 -0.050000 -0.017793
v 4.814543 0.050000 -0.017793
v 4.804378 -0.050000 -0.104269
v 4.804378 0.050000 -0.104269
v 4.528709 -0.050000 -0.104269
v 4.528709 0.050000 -0.104269
v 4.531700 -0.050000 -0.158547
v 4.531700 0.050000 -0.158547
v 4.797799 -0.050000 -0.158547
v 4.797799 0.050000 -0.158547
v 5.444212 -0.050000 -0.251463
v 5.444212 0.050000 -0.251463
v 5.196052 -0.050000 -0.251463
v 5.196052 0.050000 -0.251463
v 5.199041 -0.050000 -0.305741
v 5.199041 0.050000 -0.305741
v 5.594303 -0.050000 -0.305741
v 5.594303 0.050000 -0.305741
v 5.530918 -0.050000 -0.118069
v 5.530918 0.050000 -0.118069
v 5.630182 -0.050000 -0.118069
v 5.630182 0.050000 -0.118069
v 5.610449 -0.050000 0.220478
v 5.610449 0.050000 0.220478
v 5.150605 -0.050000 0.220478
v 5.150605 0.050000 0.220478
v 5.161966 -0.050000 0.015326
v 5.161966 0.050000 0.015326
v 5.416106 -0.050000 0.015326
v 5.416106 0.050000 0.015326
v 5.407735 -0.050000 0.166200
v 5.407735 0.050000 0.166200
v 5.482482 -0.050000 0.166200
v 5.482482 0.050000 0.166200
v 5.495638 -0.050000 -0.064711
v 5.495638 0.050000 -0.064711
v 5.138047 -0.050000 -0.064711
v 5.138047 0.050000 -0.064711
v 5.141037 -0.050000 -0.118069
v 5.141037 0.050000 -0.118069
v 5.399364 -0.050000 -0.118069
v 5.399364 0.050000 -0.118069
v 5.252261 -0.050000 0.069604
v 5.252261 0.050000 0.069604
v 5.319234 -0.050000 0.069604
v 5.319234 0.050000 0.069604
v 5.313853 -0.050000 0.166200
v 5.313853 0.050000 0.166200
v 5.247478 -0.050000 0.166200
v 5.247478 0.050000 0.166200
v 5.985978 -0.050000 -0.085870
v 5.985978 0.050000 -0.085870
v 5.739014 -0.050000 -0.085870
v 5.739014 0.050000 -0.085870
v 5.742003 -0.050000 -0.140148
v 5.742003 0.050000 -0.140148
v 5.896281 -0.050000 -0.140148
v 5.896281 0.050000 -0.140148
v 6.006310 -0.050000 -0.266183
v 6.006310 0.050000 -0.266183
v 5.816153 -0.050000 -0.266183
v 5.816153 0.050000 -0.266183
v 5.819142 -0.050000 -0.320461
v 5.819142 0.050000 -0.320461
v 6.182712 -0.050000 -0.320461
v 6.182712 0.050000 -0.320461
v 6.182712 -0.050000 -0.316781
v 6.182712 0.050000 -0.316781
v 6.179722 -0.050000 -0.266183
v 6.179722 0.050000 -0.266183
v 6.146833 -0.050000 -0.266183
v 6.146833 0.050000 -0.266183
v 6.037404 -0.050000 -0.140148
v 6.037404 0.050000 -0.140148
v 6.259851 -0.050000 -0.140148
v 6.259851 0.050000 -0.140148
v 6.256861 -0.050000 -0.085870
v 6.256861 0.050000 -0.085870
v 6.141452 -0.050000 -0.085870
v 6.141452 0.050000 -0.085870
v 5.952491 -0.050000 0.149640
v 5.952491 0.050000 0.149640
v 6.161782 -0.050000 0.166200
v 6.161782 0.050000 0.166200
v 6.158792 -0.050000 0.220478
v 6.158792 0.050000 0.220478
v 5.801801 -0.050000 0.191959
v 5.801801 0.050000 0.191959
v 5.804790 -0.050000 0.137681
v 5.804790 0.050000 0.137681
v 6.273006 -0.050000 -0.320461
v 6.273006 0.050000 -0.320461
v 6.267624 -0.050000 -0.230304
v 6.267624 0.050000 -0.230304
v 6.241911 -0.050000 -0.230304
v 6.241911 0.050000 -0.230304
v 6.247293 -0.050000 -0.320461
v 6.247293 0.050000 -0.320461
v 6.228158 -0.050000 -0.320461
v 6.228158 0.050000 -0.320461
v 6.223374 -0.050000 -0.230304
v 6.223374 0.050000 -0.230304
v 6.197063 -0.050000 -0.230304
v 6.197063 0.050000 -0.230304
v 6.202445 -0.050000 -0.320461
v 6.202445 0.050000 -0.320461
vn -0.0000 1.0000 -0.0000
vn -0.0000 -1.0000 -0.0000
vn -0.8585 -0.0000 0.5127
vn -0.8601 -0.0000 0.5101
vn -0.8164 -0.0000 -0.5775
vn -0.8585 -0.0000 0.5128
vn 0.8585 -0.0000 -0.5127
vn 0.8164 -0.0000 0.5775
vn 0.8585 -0.0000 -0.5128
vn 0.8145 -0.0000 0.5802
vn 0.8601 -0.0000 -0.5101
vn 0.8151 -0.0000 0.5793
vn 0.8596 -0.0000 -0.5110
vn 0.8588 -0.0000 -0.5122
vn 0.8160 -0.0000 0.5781
vn 0.8589 -0.0000 -0.5122
vn 0.8153 -0.0000 0.5791
vn -0.8583 -0.0000 0.5131
vn 0.8153 -0.0000 0.5790
vn -0.8167 -0.0000 -0.5771
vn -0.8583 -0.0000 0.5132
vn -0.8151 -0.0000 -0.5793
vn -0.8596 -0.0000 0.5110
vn -0.8145 -0.0000 -0.5802
vn -0.8594 -0.0000 0.5114
vn 0.8154 -0.0000 0.5789
vn -0.8154 -0.0000 -0.5789
vn 0.8594 -0.0000 -0.5114
vn -0.8147 -0.0000 -0.5799
vn 0.8599 -0.0000 -0.5105
vn 0.8599 -0.0000 -0.5104
vn -0.8599 -0.0000 0.5104
vn 0.8147 -0.0000 0.5799
vn -0.8599 -0.0000 0.5105
vn 0.8172 -0.0000 0.5763
vn 0.8578 -0.0000 -0.5139
vn -0.8578 -0.0000 0.5139
vn -0.8172 -0.0000 -0.5763
vn -0.8586 -0.0000 0.5127
vn -0.8163 -0.0000 -0.5776
vn -0.1270 -0.0000 -0.9919
vn -0.9404 -0.0000 -0.3401
vn -0.9167 -0.0000 -0.3996
vn 0.7166 -0.0000 -0.6975
vn -0.9167 -0.0000 -0.3995
vn 0.6488 -0.0000 -0.7610
vn 0.8174 -0.0000 -0.5761
vn 0.8576 -0.0000 0.5143
vn 0.8173 -0.0000 -0.5762
vn 0.8576 -0.0000 0.5142
vn 0.8586 -0.0000 -0.5127
vn -0.8582 -0.0000 0.5133
vn -0.8589 -0.0000 0.5122
vn -0.8168 -0.0000 -0.5770
vn 0.8582 -0.0000 -0.5133
vn 0.8168 -0.0000 0.5770
vn 0.8594 -0.0000 -0.5113
vn -0.8160 -0.0000 -0.5781
vn -0.9822 -0.0000 0.1876
vn -0.9822 -0.0000 0.1877
vn -0.8200 -0.0000 -0.5724
vn 0.8555 -0.0000 -0.5178
vn -0.3413 -0.0000 -0.9400
vn -0.3415 -0.0000 -0.9399
vn 0.9884 -0.0000 -0.1516
vn 0.9884 -0.0000 -0.1517
vn 0.9854 -0.0000 -0.1701
vn 0.6832 -0.0000 0.7302
vn 0.9994 -0.0000 0.0347
vn 0.9745 -0.0000 0.2243
vn -0.4926 -0.0000 0.8703
vn 0.9745 -0.0000 0.2242
vn 0.5339 -0.0000 0.8456
vn -0.4926 -0.0000 0.8702
vn 0.8158 -0.0000 0.5784
vn -0.8591 -0.0000 0.5118
vn -0.6804 -0.0000 0.7328
vn 0.4121 -0.0000 0.9111
vn -0.6804 -0.0000 0.7329
vn -0.8802 -0.0000 0.4746
vn 0.7871 -0.0000 0.6168
vn -0.7871 -0.0000 -0.6168
vn 0.8802 -0.0000 -0.4746
vn -0.8590 -0.0000 0.5120
vn -0.8159 -0.0000 -0.5783
vn 0.8595 -0.0000 -0.5112
vn -0.8159 -0.0000 -0.5782
vn 0.8150 -0.0000 0.5795
vn 0.8597 -0.0000 -0.5108
vn 0.8167 -0.0000 0.5770
vn 0.8294 -0.0000 0.5587
vn 0.8472 -0.0000 -0.5313
vn 0.8299 -0.0000 0.5579
vn -0.8467 -0.0000 0.5321
vn -0.8307 -0.0000 -0.5567
vn -0.8459 -0.0000 0.5333
vn -0.8460 -0.0000 0.5333
vn -0.8284 -0.0000 -0.5601
vn 0.8481 -0.0000 -0.5299
vn -0.8150 -0.0000 -0.5795
vn -0.9688 -0.0000 0.2479
vn -0.5185 -0.0000 -0.8551
vn 0.9687 -0.0000 -0.2482
vn 0.9687 -0.0000 -0.2481
vn 0.5171 -0.0000 0.8559
vn 0.9689 -0.0000 -0.2473
vn 0.8609 -0.0000 -0.5088
vn 0.8513 -0.0000 -0.5247
vn 0.8488 -0.0000 -0.5286
vn 0.8275 -0.0000 0.5614
vn 0.8488 -0.0000 -0.5287
vn 0.8244 -0.0000 0.5660
vn 0.8276 -0.0000 0.5614
vn 0.8131 -0.0000 0.5821
vn -0.8606 -0.0000 0.5092
vn -0.8511 -0.0000 0.5250
vn 0.8279 -0.0000 0.5609
vn -0.8511 -0.0000 0.5251
vn -0.8581 -0.0000 0.5134
vn -0.8283 -0.0000 -0.5603
vn -0.8262 -0.0000 -0.5633
vn -0.9688 -0.0000 0.2478
vn -0.9342 -0.0000 0.3568
vn 0.6689 -0.0000 0.7434
vn 0.6688 -0.0000 0.7434
vn -0.6706 -0.0000 -0.7418
vn -0.9342 -0.0000 0.3569
vn -0.0000 -0.0000 -1.0000
vn 0.9209 -0.0000 -0.3898
vn 0.7077 -0.0000 0.7065
vn -0.9203 -0.0000 0.3912
vn -0.9296 -0.0000 0.3687
vn 0.6860 -0.0000 0.7276
vn -0.6844 -0.0000 -0.7291
vn -0.9295 -0.0000 0.3687
vn -0.6845 -0.0000 -0.7291
vn 0.9131 -0.0000 -0.4077
vn 0.7264 -0.0000 0.6873
vn -0.9129 -0.0000 0.4082
vn 0.9351 -0.0000 -0.3544
vn 0.6678 -0.0000 0.7443
vn -0.7103 -0.0000 -0.7038
vn -0.9199 -0.0000 0.3922
vn -0.7103 -0.0000 -0.7039
vn 0.9295 -0.0000 -0.3688
vn 0.6846 -0.0000 0.7289
vn -0.7249 -0.0000 -0.6888
vn -0.9137 -0.0000 0.4063
vn -0.9138 -0.0000 0.4063
vn 0.9832 -0.0000 0.1823
vn 0.9992 -0.0000 0.0402
vn -0.4169 -0.0000 0.9090
vn 0.9833 -0.0000 0.1822
vn -0.9987 -0.0000 -0.0501
vn -0.3153 -0.0000 -0.9490
vn 0.9900 -0.0000 -0.1411
vn 0.9900 -0.0000 -0.1412
vn -0.8592 -0.0000 0.5116
vn -0.0000 -0.0000 1.0000
vn -0.8155 -0.0000 -0.5787
vn 0.8592 -0.0000 -0.5116
vn 0.8155 -0.0000 0.5787
vn -0.8584 -0.0000 0.5129
vn -0.8165 -0.0000 -0.5773
vn -0.8584 -0.0000 0.5130
vn 0.8584 -0.0000 -0.5130
vn 0.8165 -0.0000 0.5773
vn -0.8595 -0.0000 0.5112
vn -0.8152 -0.0000 -0.5792
vn -0.8152 -0.0000 -0.5791
vn 0.8152 -0.0000 0.5791
vn -0.8595 -0.0000 0.5111
vn 0.8152 -0.0000 0.5792
vn 0.8595 -0.0000 -0.5111
vn -0.9259 -0.0000 0.3777
vn 0.9260 -0.0000 -0.3775
vn 0.9861 -0.0000 -0.1663
vn 0.9574 -0.0000 -0.2886
vn 0.5797 -0.0000 0.8148
vn 0.3667 -0.0000 0.9303
vn 0.5797 -0.0000 0.8149
vn 0.6928 -0.0000 0.7211
vn -0.9863 -0.0000 0.1649
vn -0.9580 -0.0000 0.2869
vn -0.5791 -0.0000 -0.8153
vn -0.3688 -0.0000 -0.9295
vn -0.5790 -0.0000 -0.8153
vn -0.8601 -0.0000 0.5100
vn 0.8159 -0.0000 0.5783
vn -0.8469 -0.0000 0.5318
vn -0.8602 -0.0000 0.5100
vn -0.8448 -0.0000 0.5351
vn -0.8369 -0.0000 -0.5474
vn -0.8357 -0.0000 -0.5492
vn -0.8368 -0.0000 -0.5474
vn 0.8591 -0.0000 -0.5118
vn 0.8459 -0.0000 -0.5333
vn -0.8310 -0.0000 -0.5562
vn -0.8160 -0.0000 -0.5780
vn -0.8310 -0.0000 -0.5563
vn 0.8590 -0.0000 -0.5120
vn -0.9663 -0.0000 0.2574
vn 0.9661 -0.0000 -0.2583
vn 0.9699 -0.0000 -0.2436
vn 0.8681 -0.0000 -0.4964
vn 0.9699 -0.0000 -0.2435
vn 0.8042 -0.0000 0.5943
vn -0.8681 -0.0000 0.4963
vn -0.9565 -0.0000 -0.2917
vn -0.8681 -0.0000 0.4964
vn -0.7877 -0.0000 0.6160
vn -0.8813 -0.0000 -0.4726
vn 0.7855 -0.0000 -0.6189
vn 0.8798 -0.0000 0.4753
vn 0.7877 -0.0000 -0.6160
vn 0.8792 -0.0000 0.4764
vn 0.8182 -0.0000 0.5749
vn 0.8570 -0.0000 -0.5153
vn -0.8568 -0.0000 0.5156
vn -0.8184 -0.0000 -0.5746
vn -0.8788 -0.0000 -0.4772
vn -0.7892 -0.0000 0.6141
vn -0.8798 -0.0000 -0.4753
vn -0.9299 -0.0000 0.3678
vn -0.9299 -0.0000 0.3679
vn 0.9301 -0.0000 -0.3672
vn 0.8596 -0.0000 -0.5109
vn 0.8150 -0.0000 0.5794
vn -0.8586 -0.0000 0.5126
vn -0.8162 -0.0000 -0.5777
vn 0.8587 -0.0000 -0.5125
vn -0.8163 -0.0000 -0.5777
vn -0.8156 -0.0000 -0.5786
vn -0.8592 -0.0000 0.5117
vn -0.6835 -0.0000 -0.7300
vn 0.8587 -0.0000 -0.5124
vn -0.8187 -0.0000 -0.5743
vn -0.8187 -0.0000 -0.5742
vn 0.8161 -0.0000 0.5779
vn 0.8588 -0.0000 -0.5124
vn -0.8566 -0.0000 0.5160
vn -0.9749 -0.0000 0.2227
vn -0.9749 -0.0000 0.2228
vn -0.4542 -0.0000 -0.8909
vn -0.9776 -0.0000 0.2106
vn -0.9776 -0.0000 0.2105
vn 0.8384 -0.0000 -0.5450
vn 0.9996 -0.0000 0.0295
vn 0.4558 -0.0000 0.8901
vn 0.9774 -0.0000 -0.2115
vn 0.9774 -0.0000 -0.2114
vn 0.4785 -0.0000 0.8781
vn 0.9783 -0.0000 -0.2071
vn 0.8698 -0.0000 -0.4933
vn 0.9783 -0.0000 -0.2070
vn 0.8018 -0.0000 0.5976
vn -0.8699 -0.0000 0.4931
vn -0.9449 -0.0000 -0.3274
vt 0.074074 0.000000
vt 0.037037 0.000000
vt 0.111111 0.000000
vt 0.407407 0.000000
vt 0.518519 0.000000
vt 0.444444 0.000000
vt 0.000000 0.000000
vt 0.148148 0.000000
vt 0.370370 0.000000
vt 0.629630 0.000000
vt 0.555556 0.000000
vt 0.666667 0.000000
vt 0.703704 0.000000
vt 0.222222 0.000000
vt 0.185185 0.000000
vt 0.925926 0.000000
vt 1.000000 0.000000
vt 0.962963 0.000000
vt 0.851852 0.000000
vt 0.814815 0.000000
vt 0.777778 0.000000
vt 0.740741 0.000000
vt 0.888889 0.000000
vt 0.592593 0.000000
vt 0.481481 0.000000
vt 0.333333 0.000000
vt 0.296296 0.000000
vt 0.259259 0.000000
vt 0.947368 0.000000
vt 0.368421 0.000000
vt 0.421053 0.000000
vt 0.842105 0.000000
vt 0.894737 0.000000
vt 0.315789 0.000000
vt 0.263158 0.000000
vt 0.631579 0.000000
vt 0.210526 0.000000
vt 0.578947 0.000000
vt 0.526316 0.000000
vt 0.789474 0.000000
vt 0.157895 0.000000
vt 0.473684 0.000000
vt 0.105263 0.000000
vt 0.052632 0.000000
vt 0.684211 0.000000
vt 0.736842 0.000000
vt 0.800000 0.000000
vt 0.760000 0.000000
vt 0.640000 0.000000
vt 0.600000 0.000000
vt 0.840000 0.000000
vt 0.120000 0.000000
vt 0.040000 0.000000
vt 0.080000 0.000000
vt 0.560000 0.000000
vt 0.520000 0.000000
vt 0.480000 0.000000
vt 0.440000 0.000000
vt 0.400000 0.000000
vt 0.320000 0.000000
vt 0.280000 0.000000
vt 0.360000 0.000000
vt 0.240000 0.000000
vt 0.720000 0.000000
vt 0.880000 0.000000
vt 0.200000 0.000000
vt 0.160000 0.000000
vt 0.680000 0.000000
vt 0.920000 0.000000
vt 0.960000 0.000000
vt 0.166667 0.000000
vt 0.500000 0.000000
vt 0.055556 0.000000
vt 0.611111 0.000000
vt 0.722222 0.000000
vt 0.833333 0.000000
vt 0.388889 0.000000
vt 0.944444 0.000000
vt 0.277778 0.000000
vt 0.034483 0.000000
vt 0.068966 0.000000
vt 0.344828 0.000000
vt 0.862069 0.000000
vt 0.379310 0.000000
vt 0.448276 0.000000
vt 0.413793 0.000000
vt 0.965517 0.000000
vt 0.482759 0.000000
vt 0.724138 0.000000
vt 0.310345 0.000000
vt 0.103448 0.000000
vt 0.827586 0.000000
vt 0.137931 0.000000
vt 0.655172 0.000000
vt 0.620690 0.000000
vt 0.931035 0.000000
vt 0.896552 0.000000
vt 0.689655 0.000000
vt 0.551724 0.000000
vt 0.517241 0.000000
vt 0.758621 0.000000
vt 0.275862 0.000000
vt 0.241379 0.000000
vt 0.206897 0.000000
vt 0.793103 0.000000
vt 0.172414 0.000000
vt 0.586207 0.000000
vt 0.387097 0.000000
vt 0.741935 0.000000
vt 0.419355 0.000000
vt 0.451613 0.000000
vt 0.483871 0.000000
vt 0.935484 0.000000
vt 0.903226 0.000000
vt 0.516129 0.000000
vt 0.064516 0.000000
vt 0.032258 0.000000
vt 0.354839 0.000000
vt 0.096774 0.000000
vt 0.806452 0.000000
vt 0.774194 0.000000
vt 0.129032 0.000000
vt 0.548387 0.000000
vt 0.580645 0.000000
vt 0.645161 0.000000
vt 0.612903 0.000000
vt 0.193548 0.000000
vt 0.258065 0.000000
vt 0.225806 0.000000
vt 0.709677 0.000000
vt 0.677419 0.000000
vt 0.967742 0.000000
vt 0.838710 0.000000
vt 0.322581 0.000000
vt 0.870968 0.000000
vt 0.161290 0.000000
vt 0.290323 0.000000
vt 0.952381 0.000000
vt 0.904762 0.000000
vt 0.809524 0.000000
vt 0.761905 0.000000
vt 0.142857 0.000000
vt 0.047619 0.000000
vt 0.190476 0.000000
vt 0.857143 0.000000
vt 0.095238 0.000000
vt 0.380952 0.000000
vt 0.619048 0.000000
vt 0.285714 0.000000
vt 0.476190 0.000000
vt 0.571429 0.000000
vt 0.523810 0.000000
vt 0.714286 0.000000
vt 0.238095 0.000000
vt 0.428571 0.000000
vt 0.909091 0.000000
vt 0.818182 0.000000
vt 0.181818 0.000000
vt 0.090909 0.000000
vt 0.545455 0.000000
vt 0.727273 0.000000
vt 0.636364 0.000000
vt 0.363636 0.000000
vt 0.272727 0.000000
vt 0.454545 0.000000
vt 0.450000 0.000000
vt 0.550000 0.000000
vt 0.950000 0.000000
vt 0.900000 0.000000
vt 0.750000 0.000000
vt 0.700000 0.000000
vt 0.650000 0.000000
vt 0.250000 0.000000
vt 0.350000 0.000000
vt 0.150000 0.000000
vt 0.050000 0.000000
vt 0.100000 0.000000
vt 0.850000 0.000000
vt 0.300000 0.000000
vt 0.045455 1.000000
vt 0.000000 1.000000
vt 0.090909 1.000000
vt 0.045455 0.000000
vt 0.136364 1.000000
vt 0.181818 1.000000
vt 0.136364 0.000000
vt 0.227273 1.000000
vt 0.272727 1.000000
vt 0.227273 0.000000
vt 0.318182 1.000000
vt 0.363636 1.000000
vt 0.318182 0.000000
vt 0.409091 1.000000
vt 0.454545 1.000000
vt 0.409091 0.000000
vt 0.500000 1.000000
vt 0.545455 1.000000
vt 0.590909 1.000000
vt 0.636364 1.000000
vt 0.590909 0.000000
vt 0.681818 1.000000
vt 0.727273 1.000000
vt 0.681818 0.000000
vt 0.772727 1.000000
vt 0.818182 1.000000
vt 0.772727 0.000000
vt 0.863636 1.000000
vt 0.909091 1.000000
vt 0.863636 0.000000
vt 0.954545 1.000000
vt 1.000000 1.000000
vt 0.954545 0.000000
vt 0.250000 1.000000
vt 0.750000 1.000000
vt 0.076923 1.000000
vt 0.153846 1.000000
vt 0.076923 0.000000
vt 0.230769 1.000000
vt 0.153846 0.000000
vt 0.307692 1.000000
vt 0.230769 0.000000
vt 0.384615 1.000000
vt 0.307692 0.000000
vt 0.461538 1.000000
vt 0.384615 0.000000
vt 0.538462 1.000000
vt 0.461538 0.000000
vt 0.615385 1.000000
vt 0.538462 0.000000
vt 0.692308 1.000000
vt 0.615385 0.000000
vt 0.769231 1.000000
vt 0.692308 0.000000
vt 0.846154 1.000000
vt 0.769231 0.000000
vt 0.923077 1.000000
vt 0.846154 0.000000
vt 0.923077 0.000000
vt 0.083333 1.000000
vt 0.166667 1.000000
vt 0.083333 0.000000
vt 0.333333 1.000000
vt 0.416667 1.000000
vt 0.416667 0.000000
vt 0.583333 1.000000
vt 0.666667 1.000000
vt 0.583333 0.000000
vt 0.833333 1.000000
vt 0.916667 1.000000
vt 0.916667 0.000000
vt 0.033333 1.000000
vt 0.066667 1.000000
vt 0.033333 0.000000
vt 0.100000 1.000000
vt 0.066667 0.000000
vt 0.133333 1.000000
vt 0.133333 0.000000
vt 0.200000 1.000000
vt 0.233333 1.000000
vt 0.266667 1.000000
vt 0.233333 0.000000
vt 0.300000 1.000000
vt 0.266667 0.000000
vt 0.366667 1.000000
vt 0.400000 1.000000
vt 0.366667 0.000000
vt 0.433333 1.000000
vt 0.466667 1.000000
vt 0.433333 0.000000
vt 0.466667 0.000000
vt 0.533333 1.000000
vt 0.566667 1.000000
vt 0.533333 0.000000
vt 0.600000 1.000000
vt 0.566667 0.000000
vt 0.633333 1.000000
vt 0.633333 0.000000
vt 0.700000 1.000000
vt 0.733333 1.000000
vt 0.766667 1.000000
vt 0.733333 0.000000
vt 0.800000 1.000000
vt 0.766667 0.000000
vt 0.866667 1.000000
vt 0.900000 1.000000
vt 0.866667 0.000000
vt 0.933333 1.000000
vt 0.966667 1.000000
vt 0.933333 0.000000
vt 0.966667 0.000000
vt 0.035714 1.000000
vt 0.071429 1.000000
vt 0.035714 0.000000
vt 0.107143 1.000000
vt 0.071429 0.000000
vt 0.142857 1.000000
vt 0.107143 0.000000
vt 0.178571 1.000000
vt 0.214286 1.000000
vt 0.178571 0.000000
vt 0.214286 0.000000
vt 0.285714 1.000000
vt 0.321429 1.000000
vt 0.357143 1.000000
vt 0.321429 0.000000
vt 0.392857 1.000000
vt 0.357143 0.000000
vt 0.428571 1.000000
vt 0.392857 0.000000
vt 0.464286 1.000000
vt 0.464286 0.000000
vt 0.535714 1.000000
vt 0.571429 1.000000
vt 0.535714 0.000000
vt 0.607143 1.000000
vt 0.642857 1.000000
vt 0.607143 0.000000
vt 0.678571 1.000000
vt 0.642857 0.000000
vt 0.714286 1.000000
vt 0.678571 0.000000
vt 0.785714 1.000000
vt 0.821429 1.000000
vt 0.785714 0.000000
vt 0.857143 1.000000
vt 0.821429 0.000000
vt 0.892857 1.000000
vt 0.928571 1.000000
vt 0.892857 0.000000
vt 0.964286 1.000000
vt 0.928571 0.000000
vt 0.964286 0.000000
vt 0.062500 1.000000
vt 0.125000 1.000000
vt 0.062500 0.000000
vt 0.187500 1.000000
vt 0.125000 0.000000
vt 0.187500 0.000000
vt 0.312500 1.000000
vt 0.375000 1.000000
vt 0.312500 0.000000
vt 0.437500 1.000000
vt 0.375000 0.000000
vt 0.437500 0.000000
vt 0.562500 1.000000
vt 0.625000 1.000000
vt 0.562500 0.000000
vt 0.687500 1.000000
vt 0.625000 0.000000
vt 0.687500 0.000000
vt 0.812500 1.000000
vt 0.875000 1.000000
vt 0.812500 0.000000
vt 0.937500 1.000000
vt 0.875000 0.000000
vt 0.937500 0.000000
vt 0.038462 1.000000
vt 0.038462 0.000000
vt 0.115385 1.000000
vt 0.115385 0.000000
vt 0.192308 1.000000
vt 0.192308 0.000000
vt 0.269231 1.000000
vt 0.269231 0.000000
vt 0.346154 1.000000
vt 0.346154 0.000000
vt 0.423077 1.000000
vt 0.423077 0.000000
vt 0.576923 1.000000
vt 0.576923 0.000000
vt 0.653846 1.000000
vt 0.653846 0.000000
vt 0.730769 1.000000
vt 0.730769 0.000000
vt 0.807692 1.000000
vt 0.807692 0.000000
vt 0.884615 1.000000
vt 0.884615 0.000000
vt 0.961538 1.000000
vt 0.961538 0.000000
vt 0.050000 1.000000
vt 0.150000 1.000000
vt 0.350000 1.000000
vt 0.450000 1.000000
vt 0.550000 1.000000
vt 0.650000 1.000000
vt 0.850000 1.000000
vt 0.950000 1.000000
s 0
usemtl Material.008
f 215/141/53 214/142/53 216/143/53
f 224/144/53 227/145/53 225/146/53
f 227/145/53 224/144/53 213/147/53
f 217/148/53 213/147/53 224/144/53
f 224/144/53 223/149/53 217/148/53
f 230/150/53 228/151/53 231/152/53
f 232/153/53 231/152/53 228/151/53
f 216/143/53 214/142/53 213/147/53
f 213/147/53 217/148/53 216/143/53
f 219/154/53 218/155/53 217/148/53
f 238/156/53 240/157/53 239/158/53
f 236/159/53 235/160/53 234/161/53
f 234/161/53 233/162/53 236/159/53
f 240/157/53 238/156/53 237/163/53
f 228/151/53 230/150/53 229/164/53
f 213/147/53 228/151/53 227/145/53
f 226/165/53 225/146/53 227/145/53
f 222/166/53 221/167/53 223/149/53
f 221/167/53 220/168/53 223/149/53
f 217/148/53 223/149/53 220/168/53
f 219/154/53 217/148/53 220/168/53
f 228/151/53 213/147/53 232/153/53
f 259/169/53 260/157/53 248/170/53
f 249/171/53 248/170/53 260/157/53
f 260/157/53 257/172/53 249/171/53
f 257/172/53 258/173/53 249/171/53
f 247/174/53 246/175/53 253/176/53
f 245/177/53 253/176/53 246/175/53
f 252/178/53 251/179/53 247/174/53
f 247/174/53 253/176/53 252/178/53
f 241/147/53 256/180/53 253/176/53
f 253/176/53 245/177/53 241/147/53
f 245/177/53 244/181/53 241/147/53
f 247/174/53 251/179/53 248/170/53
f 259/169/53 248/170/53 251/179/53
f 258/173/53 259/169/53 251/179/53
f 251/179/53 250/182/53 258/173/53
f 243/183/53 242/184/53 241/147/53
f 241/147/53 244/181/53 243/183/53
f 258/173/53 250/182/53 249/171/53
f 253/176/53 256/180/53 254/185/53
f 255/186/53 254/185/53 256/180/53
f 281/187/53 280/188/53 277/189/53
f 277/189/53 276/190/53 281/187/53
f 281/187/53 276/190/53 282/191/53
f 261/147/53 264/192/53 262/193/53
f 263/194/53 262/193/53 264/192/53
f 275/195/53 282/191/53 276/190/53
f 274/196/53 282/191/53 275/195/53
f 273/197/53 272/198/53 274/196/53
f 271/199/53 274/196/53 272/198/53
f 269/200/53 268/201/53 270/202/53
f 267/203/53 270/202/53 268/201/53
f 277/189/53 280/188/53 279/204/53
f 282/191/53 274/196/53 283/205/53
f 274/196/53 271/199/53 283/205/53
f 286/157/53 283/205/53 271/199/53
f 271/199/53 270/202/53 286/157/53
f 261/147/53 286/157/53 270/202/53
f 270/202/53 267/203/53 261/147/53
f 264/192/53 261/147/53 267/203/53
f 267/203/53 266/206/53 264/192/53
f 265/207/53 264/192/53 266/206/53
f 279/204/53 278/208/53 277/189/53
f 283/205/53 286/157/53 284/209/53
f 285/210/53 284/209/53 286/157/53
f 291/154/53 290/211/53 287/147/53
f 297/151/53 296/212/53 293/166/53
f 293/166/53 287/147/53 297/151/53
f 289/143/53 288/213/53 287/147/53
f 301/161/53 299/152/53 298/214/53
f 299/152/53 301/161/53 300/215/53
f 305/157/53 303/163/53 302/216/53
f 293/166/53 296/212/53 295/146/53
f 295/146/53 294/217/53 293/166/53
f 287/147/53 293/166/53 291/154/53
f 304/218/53 303/163/53 305/157/53
f 287/147/53 290/211/53 289/143/53
f 292/219/53 291/154/53 293/166/53
f 326/162/53 325/153/53 327/161/53
f 328/160/53 330/163/53 329/159/53
f 327/161/53 325/153/53 330/163/53
f 330/163/53 328/160/53 327/161/53
f 331/156/53 324/152/53 322/164/53
f 322/164/53 324/152/53 323/150/53
f 330/163/53 325/153/53 324/152/53
f 324/152/53 331/156/53 330/163/53
f 308/141/53 307/142/53 306/147/53
f 314/167/53 313/168/53 315/166/53
f 312/154/53 315/166/53 313/168/53
f 311/155/53 310/148/53 312/154/53
f 318/146/53 316/149/53 315/166/53
f 315/166/53 312/154/53 318/146/53
f 321/151/53 318/146/53 312/154/53
f 306/147/53 321/151/53 312/154/53
f 312/154/53 310/148/53 306/147/53
f 310/148/53 309/143/53 306/147/53
f 308/141/53 306/147/53 309/143/53
f 316/149/53 318/146/53 317/144/53
f 318/146/53 321/151/53 319/165/53
f 321/151/53 320/145/53 319/165/53
f 333/157/53 332/158/53 331/156/53
f 331/156/53 322/164/53 333/157/53
f 335/220/53 334/147/53 336/221/53
f 344/222/53 359/223/53 334/147/53
f 336/221/53 334/147/53 359/223/53
f 345/224/53 347/225/53 346/226/53
f 363/157/53 362/227/53 348/228/53
f 355/229/53 363/157/53 345/224/53
f 347/225/53 345/224/53 363/157/53
f 363/157/53 348/228/53 347/225/53
f 359/223/53 344/222/53 343/230/53
f 336/221/53 359/223/53 337/231/53
f 337/231/53 358/232/53 338/233/53
f 353/234/53 352/235/53 361/236/53
f 360/237/53 354/238/53 353/234/53
f 353/234/53 361/236/53 360/237/53
f 361/236/53 350/239/53 349/240/53
f 356/241/53 343/230/53 342/242/53
f 341/243/53 340/244/53 357/245/53
f 340/244/53 339/246/53 357/245/53
f 357/245/53 339/246/53 338/233/53
f 342/242/53 341/243/53 357/245/53
f 361/236/53 352/235/53 351/247/53
f 350/239/53 361/236/53 351/247/53
f 363/157/53 355/229/53 354/238/53
f 354/238/53 360/237/53 363/157/53
f 361/236/53 349/240/53 362/227/53
f 348/228/53 362/227/53 349/240/53
f 356/241/53 342/242/53 357/245/53
f 338/233/53 358/232/53 357/245/53
f 358/232/53 337/231/53 359/223/53
f 343/230/53 356/241/53 359/223/53
f 364/147/53 367/190/53 366/199/53
f 369/157/53 368/187/53 364/147/53
f 364/147/53 366/199/53 365/206/53
f 367/190/53 364/147/53 368/187/53
f 382/248/53 393/249/53 383/250/53
f 384/251/53 383/250/53 393/249/53
f 393/249/53 385/252/53 384/251/53
f 385/252/53 393/249/53 399/253/53
f 399/253/53 398/254/53 385/252/53
f 398/254/53 386/255/53 385/252/53
f 372/256/53 371/257/53 381/258/53
f 373/259/53 372/256/53 381/258/53
f 381/258/53 395/260/53 373/259/53
f 395/260/53 394/261/53 373/259/53
f 394/261/53 374/262/53 373/259/53
f 387/263/53 401/157/53 388/264/53
f 388/264/53 390/265/53 389/266/53
f 376/267/53 378/268/53 377/269/53
f 392/270/53 391/271/53 390/265/53
f 400/272/53 392/270/53 390/265/53
f 390/265/53 388/264/53 400/272/53
f 388/264/53 401/157/53 400/272/53
f 396/273/53 380/274/53 378/268/53
f 397/275/53 396/273/53 378/268/53
f 378/268/53 376/267/53 397/275/53
f 375/276/53 397/275/53 376/267/53
f 399/253/53 393/249/53 392/270/53
f 392/270/53 400/272/53 399/253/53
f 380/274/53 396/273/53 395/260/53
f 374/262/53 394/261/53 397/275/53
f 397/275/53 375/276/53 374/262/53
f 370/147/53 381/258/53 371/257/53
f 380/274/53 379/277/53 378/268/53
f 395/260/53 381/258/53 380/274/53
f 401/157/53 387/263/53 386/255/53
f 386/255/53 398/254/53 401/157/53
f 426/163/53 425/159/53 422/162/53
f 404/141/53 403/142/53 402/147/53
f 420/152/53 427/156/53 421/153/53
f 426/163/53 422/162/53 421/153/53
f 421/153/53 427/156/53 426/163/53
f 412/149/53 405/143/53 402/147/53
f 404/141/53 402/147/53 405/143/53
f 410/167/53 409/168/53 408/154/53
f 414/146/53 417/151/53 416/145/53
f 416/145/53 415/165/53 414/146/53
f 428/158/53 414/146/53 413/144/53
f 422/162/53 425/159/53 424/160/53
f 424/160/53 423/161/53 422/162/53
f 420/152/53 419/150/53 418/164/53
f 418/164/53 417/151/53 420/152/53
f 427/156/53 420/152/53 417/151/53
f 417/151/53 414/146/53 427/156/53
f 414/146/53 428/158/53 427/156/53
f 402/147/53 429/157/53 412/149/53
f 428/158/53 413/144/53 412/149/53
f 405/143/53 412/149/53 411/166/53
f 406/148/53 405/143/53 411/166/53
f 411/166/53 408/154/53 406/148/53
f 408/154/53 407/155/53 406/148/53
f 408/154/53 411/166/53 410/167/53
f 428/158/53 412/149/53 429/157/53
f 432/152/53 431/166/53 430/147/53
f 430/147/53 433/157/53 432/152/53
f 447/225/53 446/226/53 445/224/53
f 445/224/53 448/228/53 447/225/53
f 439/246/53 438/233/53 449/240/53
f 452/235/53 449/240/53 438/233/53
f 438/233/53 455/229/53 452/235/53
f 453/234/53 452/235/53 455/229/53
f 445/224/53 444/222/53 443/230/53
f 443/230/53 442/242/53 445/224/53
f 448/228/53 445/224/53 442/242/53
f 442/242/53 439/246/53 448/228/53
f 439/246/53 449/240/53 448/228/53
f 451/247/53 450/239/53 449/240/53
f 449/240/53 452/235/53 451/247/53
f 459/223/53 458/232/53 461/236/53
f 461/236/53 460/237/53 459/223/53
f 435/220/53 434/147/53 436/221/53
f 437/231/53 436/221/53 462/227/53
f 463/157/53 462/227/53 436/221/53
f 436/221/53 434/147/53 463/157/53
f 458/232/53 457/245/53 437/231/53
f 461/236/53 458/232/53 437/231/53
f 437/231/53 462/227/53 461/236/53
f 439/246/53 442/242/53 441/243/53
f 441/243/53 440/244/53 439/246/53
f 455/229/53 438/233/53 457/245/53
f 457/245/53 456/241/53 455/229/53
f 453/234/53 455/229/53 454/238/53
f 457/245/53 438/233/53 437/231/53
f 466/154/53 465/143/53 464/147/53
f 464/147/53 467/166/53 466/154/53
f 468/146/53 473/157/53 472/163/53
f 470/152/53 472/163/53 471/161/53
f 468/146/53 472/163/53 469/151/53
f 472/163/53 470/152/53 469/151/53
f 495/157/53 494/278/53 493/279/53
f 491/280/53 490/281/53 493/279/53
f 490/281/53 474/147/53 493/279/53
f 474/147/53 477/282/53 475/283/53
f 478/284/53 477/282/53 474/147/53
f 491/280/53 493/279/53 492/285/53
f 476/286/53 475/283/53 477/282/53
f 482/287/53 481/166/53 487/288/53
f 487/288/53 481/166/53 480/289/53
f 484/290/53 486/291/53 485/292/53
f 489/293/53 488/152/53 487/288/53
f 482/287/53 487/288/53 486/291/53
f 486/291/53 484/290/53 482/287/53
f 489/293/53 487/288/53 490/281/53
f 474/147/53 490/281/53 487/288/53
f 487/288/53 480/289/53 474/147/53
f 480/289/53 479/294/53 474/147/53
f 478/284/53 474/147/53 479/294/53
f 484/290/53 483/295/53 482/287/53
f 493/279/53 474/147/53 495/157/53
f 506/296/53 505/297/53 507/157/53
f 496/147/53 498/298/53 497/299/53
f 502/300/53 504/301/53 503/302/53
f 500/303/53 499/304/53 501/305/53
f 507/157/53 505/297/53 504/301/53
f 504/301/53 502/300/53 507/157/53
f 496/147/53 507/157/53 502/300/53
f 502/300/53 501/305/53 496/147/53
f 498/298/53 496/147/53 501/305/53
f 501/305/53 499/304/53 498/298/53
f 518/212/53 517/306/53 519/307/53
f 519/307/53 517/306/53 527/308/53
f 527/308/53 526/309/53 519/307/53
f 520/190/53 519/307/53 526/309/53
f 526/309/53 523/310/53 520/190/53
f 523/310/53 522/311/53 520/190/53
f 521/312/53 520/190/53 522/311/53
f 513/313/53 512/206/53 515/314/53
f 511/315/53 509/316/53 508/147/53
f 509/316/53 511/315/53 510/317/53
f 527/308/53 517/306/53 516/199/53
f 516/199/53 528/157/53 527/308/53
f 523/310/53 526/309/53 525/318/53
f 525/318/53 524/187/53 523/310/53
f 513/313/53 515/314/53 514/319/53
f 557/227/53 546/247/53 558/157/53
f 545/239/53 555/237/53 558/157/53
f 556/236/53 555/237/53 544/240/53
f 555/237/53 545/239/53 544/240/53
f 558/157/53 546/247/53 545/239/53
f 553/232/53 552/245/53 551/241/53
f 539/222/53 538/230/53 547/235/53
f 550/229/53 547/235/53 538/230/53
f 537/242/53 536/243/53 535/244/53
f 533/233/53 532/231/53 534/246/53
f 539/222/53 542/225/53 541/226/53
f 541/226/53 540/224/53 539/222/53
f 537/242/53 535/244/53 538/230/53
f 550/229/53 538/230/53 535/244/53
f 529/147/53 550/229/53 535/244/53
f 535/244/53 534/246/53 529/147/53
f 534/246/53 532/231/53 529/147/53
f 556/236/53 544/240/53 543/228/53
f 543/228/53 542/225/53 556/236/53
f 557/227/53 556/236/53 542/225/53
f 546/247/53 557/227/53 542/225/53
f 542/225/53 539/222/53 546/247/53
f 539/222/53 547/235/53 546/247/53
f 549/238/53 548/234/53 547/235/53
f 547/235/53 550/229/53 549/238/53
f 531/221/53 530/220/53 529/147/53
f 529/147/53 532/231/53 531/221/53
f 554/223/53 553/232/53 551/241/53
f 561/141/54 562/143/54 560/142/54
f 570/144/54 571/146/54 573/145/54
f 573/145/54 559/147/54 570/144/54
f 563/148/54 570/144/54 559/147/54
f 570/144/54 563/148/54 569/149/54
f 576/150/54 577/152/54 574/151/54
f 578/153/54 574/151/54 577/152/54
f 562/143/54 559/147/54 560/142/54
f 559/147/54 562/143/54 563/148/54
f 565/154/54 563/148/54 564/155/54
f 584/156/54 585/158/54 586/157/54
f 582/159/54 580/161/54 581/160/54
f 580/161/54 582/159/54 579/162/54
f 586/157/54 583/163/54 584/156/54
f 574/151/54 575/164/54 576/150/54
f 559/147/54 573/145/54 574/151/54
f 572/165/54 573/145/54 571/146/54
f 568/166/54 569/149/54 567/167/54
f 567/167/54 569/149/54 566/168/54
f 563/148/54 566/168/54 569/149/54
f 565/154/54 566/168/54 563/148/54
f 574/151/54 578/153/54 559/147/54
f 605/169/54 594/170/54 606/157/54
f 595/171/54 606/157/54 594/170/54
f 606/157/54 595/171/54 603/172/54
f 603/172/54 595/171/54 604/173/54
f 593/174/54 599/176/54 592/175/54
f 591/177/54 592/175/54 599/176/54
f 598/178/54 593/174/54 597/179/54
f 593/174/54 598/178/54 599/176/54
f 587/147/54 599/176/54 602/180/54
f 599/176/54 587/147/54 591/177/54
f 591/177/54 587/147/54 590/181/54
f 593/174/54 594/170/54 597/179/54
f 605/169/54 597/179/54 594/170/54
f 604/173/54 597/179/54 605/169/54
f 597/179/54 604/173/54 596/182/54
f 589/183/54 587/147/54 588/184/54
f 587/147/54 589/183/54 590/181/54
f 604/173/54 595/171/54 596/182/54
f 599/176/54 600/185/54 602/180/54
f 601/186/54 602/180/54 600/185/54
f 627/187/54 623/189/54 626/188/54
f 623/189/54 627/187/54 622/190/54
f 627/187/54 628/191/54 622/190/54
f 607/147/54 608/193/54 610/192/54
f 609/194/54 610/192/54 608/193/54
f 621/195/54 622/190/54 628/191/54
f 620/196/54 621/195/54 628/191/54
f 619/197/54 620/196/54 618/198/54
f 617/199/54 618/198/54 620/196/54
f 615/200/54 616/202/54 614/201/54
f 613/203/54 614/201/54 616/202/54
f 623/189/54 625/204/54 626/188/54
f 628/191/54 629/205/54 620/196/54
f 620/196/54 629/205/54 617/199/54
f 632/157/54 617/199/54 629/205/54
f 617/199/54 632/157/54 616/202/54
f 607/147/54 616/202/54 632/157/54
f 616/202/54 607/147/54 613/203/54
f 610/192/54 613/203/54 607/147/54
f 613/203/54 610/192/54 612/206/54
f 611/207/54 612/206/54 610/192/54
f 625/204/54 623/189/54 624/208/54
f 629/205/54 630/209/54 632/157/54
f 631/210/54 632/157/54 630/209/54
f 637/154/54 633/147/54 636/211/54
f 643/151/54 639/166/54 642/212/54
f 639/166/54 643/151/54 633/147/54
f 635/143/54 633/147/54 634/213/54
f 647/161/54 644/214/54 645/152/54
f 645/152/54 646/215/54 647/161/54
f 651/157/54 648/216/54 649/163/54
f 639/166/54 641/146/54 642/212/54
f 641/146/54 639/166/54 640/217/54
f 633/147/54 637/154/54 639/166/54
f 650/218/54 651/157/54 649/163/54
f 633/147/54 635/143/54 636/211/54
f 638/219/54 639/166/54 637/154/54
f 672/162/54 673/161/54 671/153/54
f 674/160/54 675/159/54 676/163/54
f 673/161/54 676/163/54 671/153/54
f 676/163/54 673/161/54 674/160/54
f 677/156/54 668/164/54 670/152/54
f 668/164/54 669/150/54 670/152/54
f 676/163/54 670/152/54 671/153/54
f 670/152/54 676/163/54 677/156/54
f 654/141/54 652/147/54 653/142/54
f 660/167/54 661/166/54 659/168/54
f 658/154/54 659/168/54 661/166/54
f 657/155/54 658/154/54 656/148/54
f 664/146/54 661/166/54 662/149/54
f 661/166/54 664/146/54 658/154/54
f 667/151/54 658/154/54 664/146/54
f 652/147/54 658/154/54 667/151/54
f 658/154/54 652/147/54 656/148/54
f 656/148/54 652/147/54 655/143/54
f 654/141/54 655/143/54 652/147/54
f 662/149/54 663/144/54 664/146/54
f 664/146/54 665/165/54 667/151/54
f 667/151/54 665/165/54 666/145/54
f 679/157/54 677/156/54 678/158/54
f 677/156/54 679/157/54 668/164/54
f 681/220/54 682/221/54 680/147/54
f 690/222/54 680/147/54 705/223/54
f 682/221/54 705/223/54 680/147/54
f 691/224/54 692/226/54 693/225/54
f 709/157/54 694/228/54 708/227/54
f 701/229/54 691/224/54 709/157/54
f 693/225/54 709/157/54 691/224/54
f 709/157/54 693/225/54 694/228/54
f 705/223/54 689/230/54 690/222/54
f 682/221/54 683/231/54 705/223/54
f 683/231/54 684/233/54 704/232/54
f 699/234/54 707/236/54 698/235/54
f 706/237/54 699/234/54 700/238/54
f 699/234/54 706/237/54 707/236/54
f 707/236/54 695/240/54 696/239/54
f 702/241/54 688/242/54 689/230/54
f 687/243/54 703/245/54 686/244/54
f 686/244/54 703/245/54 685/246/54
f 703/245/54 684/233/54 685/246/54
f 688/242/54 703/245/54 687/243/54
f 707/236/54 697/247/54 698/235/54
f 696/239/54 697/247/54 707/236/54
f 709/157/54 700/238/54 701/229/54
f 700/238/54 709/157/54 706/237/54
f 707/236/54 708/227/54 695/240/54
f 694/228/54 695/240/54 708/227/54
f 702/241/54 703/245/54 688/242/54
f 684/233/54 703/245/54 704/232/54
f 704/232/54 705/223/54 683/231/54
f 689/230/54 705/223/54 702/241/54
f 710/147/54 712/199/54 713/190/54
f 715/157/54 710/147/54 714/187/54
f 710/147/54 711/206/54 712/199/54
f 713/190/54 714/187/54 710/147/54
f 728/248/54 729/250/54 739/249/54
f 730/251/54 739/249/54 729/250/54
f 739/249/54 730/251/54 731/252/54
f 731/252/54 745/253/54 739/249/54
f 745/253/54 731/252/54 744/254/54
f 744/254/54 731/252/54 732/255/54
f 718/256/54 727/258/54 717/257/54
f 719/259/54 727/258/54 718/256/54
f 727/258/54 719/259/54 741/260/54
f 741/260/54 719/259/54 740/261/54
f 740/261/54 719/259/54 720/262/54
f 733/263/54 734/264/54 747/157/54
f 734/264/54 735/266/54 736/265/54
f 722/267/54 723/269/54 724/268/54
f 738/270/54 736/265/54 737/271/54
f 746/272/54 736/265/54 738/270/54
f 736/265/54 746/272/54 734/264/54
f 734/264/54 746/272/54 747/157/54
f 742/273/54 724/268/54 726/274/54
f 743/275/54 724/268/54 742/273/54
f 724/268/54 743/275/54 722/267/54
f 721/276/54 722/267/54 743/275/54
f 745/253/54 738/270/54 739/249/54
f 738/270/54 745/253/54 746/272/54
f 726/274/54 741/260/54 742/273/54
f 720/262/54 743/275/54 740/261/54
f 743/275/54 720/262/54 721/276/54
f 716/147/54 717/257/54 727/258/54
f 726/274/54 724/268/54 725/277/54
f 741/260/54 726/274/54 727/258/54
f 747/157/54 732/255/54 733/263/54
f 732/255/54 747/157/54 744/254/54
f 772/163/54 768/162/54 771/159/54
f 750/141/54 748/147/54 749/142/54
f 766/152/54 767/153/54 773/156/54
f 772/163/54 767/153/54 768/162/54
f 767/153/54 772/163/54 773/156/54
f 758/149/54 748/147/54 751/143/54
f 750/141/54 751/143/54 748/147/54
f 756/167/54 754/154/54 755/168/54
f 760/146/54 762/145/54 763/151/54
f 762/145/54 760/146/54 761/165/54
f 774/158/54 759/144/54 760/146/54
f 768/162/54 770/160/54 771/159/54
f 770/160/54 768/162/54 769/161/54
f 766/152/54 764/164/54 765/150/54
f 764/164/54 766/152/54 763/151/54
f 773/156/54 763/151/54 766/152/54
f 763/151/54 773/156/54 760/146/54
f 760/146/54 773/156/54 774/158/54
f 748/147/54 758/149/54 775/157/54
f 774/158/54 758/149/54 759/144/54
f 751/143/54 757/166/54 758/149/54
f 752/148/54 757/166/54 751/143/54
f 757/166/54 752/148/54 754/154/54
f 754/154/54 752/148/54 753/155/54
f 754/154/54 756/167/54 757/166/54
f 774/158/54 775/157/54 758/149/54
f 778/152/54 776/147/54 777/166/54
f 776/147/54 778/152/54 779/157/54
f 793/225/54 791/224/54 792/226/54
f 791/224/54 793/225/54 794/228/54
f 785/246/54 795/240/54 784/233/54
f 798/235/54 784/233/54 795/240/54
f 784/233/54 798/235/54 801/229/54
f 799/234/54 801/229/54 798/235/54
f 791/224/54 789/230/54 790/222/54
f 789/230/54 791/224/54 788/242/54
f 794/228/54 788/242/54 791/224/54
f 788/242/54 794/228/54 785/246/54
f 785/246/54 794/228/54 795/240/54
f 797/247/54 795/240/54 796/239/54
f 795/240/54 797/247/54 798/235/54
f 805/223/54 807/236/54 804/232/54
f 807/236/54 805/223/54 806/237/54
f 781/220/54 782/221/54 780/147/54
f 783/231/54 808/227/54 782/221/54
f 809/157/54 782/221/54 808/227/54
f 782/221/54 809/157/54 780/147/54
f 804/232/54 783/231/54 803/245/54
f 807/236/54 783/231/54 804/232/54
f 783/231/54 807/236/54 808/227/54
f 785/246/54 787/243/54 788/242/54
f 787/243/54 785/246/54 786/244/54
f 801/229/54 803/245/54 784/233/54
f 803/245/54 801/229/54 802/241/54
f 799/234/54 800/238/54 801/229/54
f 803/245/54 783/231/54 784/233/54
f 812/154/54 810/147/54 811/143/54
f 810/147/54 812/154/54 813/166/54
f 814/146/54 818/163/54 819/157/54
f 816/152/54 817/161/54 818/163/54
f 814/146/54 815/151/54 818/163/54
f 818/163/54 815/151/54 816/152/54
f 841/157/54 839/279/54 840/278/54
f 837/280/54 839/279/54 836/281/54
f 836/281/54 839/279/54 820/147/54
f 820/147/54 821/283/54 823/282/54
f 824/284/54 820/147/54 823/282/54
f 837/280/54 838/285/54 839/279/54
f 822/286/54 823/282/54 821/283/54
f 828/287/54 833/288/54 827/166/54
f 833/288/54 826/289/54 827/166/54
f 830/290/54 831/292/54 832/291/54
f 835/293/54 833/288/54 834/152/54
f 828/287/54 832/291/54 833/288/54
f 832/291/54 828/287/54 830/290/54
f 835/293/54 836/281/54 833/288/54
f 820/147/54 833/288/54 836/281/54
f 833/288/54 820/147/54 826/289/54
f 826/289/54 820/147/54 825/294/54
f 824/284/54 825/294/54 820/147/54
f 830/290/54 828/287/54 829/295/54
f 839/279/54 841/157/54 820/147/54
f 852/296/54 853/157/54 851/297/54
f 842/147/54 843/299/54 844/298/54
f 848/300/54 849/302/54 850/301/54
f 846/303/54 847/305/54 845/304/54
f 853/157/54 850/301/54 851/297/54
f 850/301/54 853/157/54 848/300/54
f 842/147/54 848/300/54 853/157/54
f 848/300/54 842/147/54 847/305/54
f 844/298/54 847/305/54 842/147/54
f 847/305/54 844/298/54 845/304/54
f 864/212/54 865/307/54 863/306/54
f 865/307/54 873/308/54 863/306/54
f 873/308/54 865/307/54 872/309/54
f 866/190/54 872/309/54 865/307/54
f 872/309/54 866/190/54 869/310/54
f 869/310/54 866/190/54 868/311/54
f 867/312/54 868/311/54 866/190/54
f 859/313/54 861/314/54 858/206/54
f 857/315/54 854/147/54 855/316/54
f 855/316/54 856/317/54 857/315/54
f 873/308/54 862/199/54 863/306/54
f 862/199/54 873/308/54 874/157/54
f 869/310/54 871/318/54 872/309/54
f 871/318/54 869/310/54 870/187/54
f 859/313/54 860/319/54 861/314/54
f 903/227/54 904/157/54 892/247/54
f 891/239/54 904/157/54 901/237/54
f 902/236/54 890/240/54 901/237/54
f 901/237/54 890/240/54 891/239/54
f 904/157/54 891/239/54 892/247/54
f 899/232/54 897/241/54 898/245/54
f 885/222/54 893/235/54 884/230/54
f 896/229/54 884/230/54 893/235/54
f 883/242/54 881/244/54 882/243/54
f 879/233/54 880/246/54 878/231/54
f 885/222/54 887/226/54 888/225/54
f 887/226/54 885/222/54 886/224/54
f 883/242/54 884/230/54 881/244/54
f 896/229/54 881/244/54 884/230/54
f 875/147/54 881/244/54 896/229/54
f 881/244/54 875/147/54 880/246/54
f 880/246/54 875/147/54 878/231/54
f 902/236/54 889/228/54 890/240/54
f 889/228/54 902/236/54 888/225/54
f 903/227/54 888/225/54 902/236/54
f 892/247/54 888/225/54 903/227/54
f 888/225/54 892/247/54 885/222/54
f 885/222/54 892/247/54 893/235/54
f 895/238/54 893/235/54 894/234/54
f 893/235/54 895/238/54 896/229/54
f 877/221/54 875/147/54 876/220/54
f 875/147/54 877/221/54 878/231/54
f 900/223/54 897/241/54 899/232/54
s 1
f 908/320/55 905/147/56 906/321/56
f 910/322/57 907/323/58 908/320/55
f 912/324/59 909/299/57 910/322/57
f 914/325/60 911/326/61 912/324/59
f 916/327/62 913/298/60 914/325/60
f 918/328/63 915/329/62 916/327/62
f 920/330/61 917/304/63 918/328/63
f 922/331/60 919/332/61 920/330/61
f 924/333/64 921/303/60 922/331/60
f 926/334/65 923/335/64 924/333/64
f 928/336/66 925/305/65 926/334/65
f 930/337/67 927/212/68 928/336/66
f 932/338/69 929/300/67 930/337/67
f 934/339/69 931/340/69 932/338/69
f 936/341/70 933/302/71 934/339/69
f 938/342/72 935/343/73 936/341/70
f 940/344/74 937/301/72 938/342/72
f 942/345/75 939/346/74 940/344/74
f 944/347/55 941/297/75 942/345/75
f 946/348/57 943/349/58 944/347/55
f 948/350/76 945/296/57 946/348/57
f 906/351/56 947/352/76 948/350/76
f 952/353/77 949/147/78 950/321/78
f 954/336/79 951/313/77 952/353/77
f 956/354/80 953/212/79 954/336/79
f 950/351/78 955/310/80 956/354/80
f 960/353/81 957/147/82 958/321/83
f 962/336/84 959/313/81 960/353/81
f 964/354/85 961/212/86 962/336/84
f 958/351/83 963/310/85 964/354/85
f 968/353/62 965/147/63 966/321/63
f 970/336/56 967/313/62 968/353/62
f 972/354/76 969/212/56 970/336/56
f 966/351/63 971/310/76 972/354/76
f 976/353/87 973/147/88 974/321/88
f 978/336/89 975/313/87 976/353/87
f 980/354/90 977/212/89 978/336/89
f 974/351/88 979/310/90 980/354/90
f 984/355/91 981/147/60 982/321/60
f 986/356/92 983/357/91 984/355/91
f 988/358/93 985/359/92 986/356/92
f 990/360/94 987/361/93 988/358/93
f 992/362/95 989/363/94 990/360/94
f 994/364/96 991/365/97 992/362/95
f 996/366/98 993/367/96 994/364/96
f 998/368/99 995/369/98 996/366/98
f 1000/370/100 997/371/101 998/368/99
f 1002/372/100 999/373/102 1000/370/100
f 1004/374/59 1001/375/100 1002/372/100
f 1006/376/59 1003/377/103 1004/374/59
f 982/351/60 1005/378/61 1006/376/59
f 1010/379/104 1007/147/105 1008/321/105
f 1012/380/106 1009/381/104 1010/379/104
f 1014/353/107 1011/211/106 1012/380/106
f 1016/382/108 1013/313/107 1014/353/107
f 1018/383/78 1015/166/108 1016/382/108
f 1020/336/80 1017/384/71 1018/383/78
f 1022/385/107 1019/212/109 1020/336/80
f 1024/386/108 1021/387/107 1022/385/107
f 1026/354/104 1023/152/108 1024/386/108
f 1028/388/106 1025/310/104 1026/354/104
f 1030/389/110 1027/216/106 1028/388/106
f 1008/351/105 1029/390/110 1030/389/110
f 1034/320/104 1031/147/111 1032/321/112
f 1036/322/106 1033/323/104 1034/320/104
f 1038/324/113 1035/299/106 1036/322/106
f 1040/325/113 1037/326/113 1038/324/113
f 1042/327/114 1039/298/113 1040/325/113
f 1044/328/114 1041/329/114 1042/327/114
f 1046/330/115 1043/304/114 1044/328/114
f 1048/331/115 1045/332/116 1046/330/115
f 1050/333/117 1047/303/116 1048/331/115
f 1052/334/118 1049/335/118 1050/333/117
f 1054/336/119 1051/305/118 1052/334/118
f 1056/337/120 1053/212/119 1054/336/119
f 1058/338/121 1055/300/120 1056/337/120
f 1060/339/122 1057/340/121 1058/338/121
f 1062/341/123 1059/302/124 1060/339/122
f 1064/342/125 1061/343/126 1062/341/123
f 1066/344/127 1063/301/125 1064/342/125
f 1068/345/128 1065/346/127 1066/344/127
f 1070/347/129 1067/297/128 1068/345/128
f 1072/348/130 1069/349/131 1070/347/129
f 1074/350/111 1071/296/130 1072/348/130
f 1032/351/112 1073/352/112 1074/350/111
f 1078/353/132 1075/147/133 1076/321/133
f 1080/336/134 1077/313/132 1078/353/132
f 1082/354/135 1079/212/134 1080/336/134
f 1076/351/133 1081/310/135 1082/354/135
f 1086/380/136 1083/147/108 1084/321/108
f 1088/382/137 1085/211/136 1086/380/136
f 1090/336/138 1087/166/139 1088/382/137
f 1092/386/138 1089/212/138 1090/336/138
f 1094/388/107 1091/152/138 1092/386/138
f 1084/351/108 1093/216/107 1094/388/107
f 1098/391/140 1095/147/141 1096/321/141
f 1100/392/108 1097/393/140 1098/391/140
f 1102/394/142 1099/395/142 1100/392/108
f 1104/396/143 1101/317/108 1102/394/142
f 1106/380/144 1103/397/143 1104/396/143
f 1108/398/107 1105/211/144 1106/380/144
f 1110/399/108 1107/206/107 1108/398/107
f 1112/400/145 1109/401/108 1110/399/108
f 1114/402/145 1111/403/145 1112/400/145
f 1116/382/146 1113/319/145 1114/402/145
f 1118/404/146 1115/166/146 1116/382/146
f 1120/405/104 1117/406/146 1118/404/146
f 1122/407/106 1119/199/104 1120/405/104
f 1124/408/147 1121/409/106 1122/407/106
f 1126/336/148 1123/410/147 1124/408/147
f 1128/411/104 1125/212/149 1126/336/148
f 1130/412/106 1127/413/104 1128/411/104
f 1132/414/150 1129/415/106 1130/412/106
f 1134/416/150 1131/190/150 1132/414/150
f 1136/386/151 1133/417/150 1134/416/150
f 1138/418/151 1135/152/151 1136/386/151
f 1140/419/107 1137/311/151 1138/418/151
f 1142/420/107 1139/421/107 1140/419/107
f 1144/422/152 1141/423/107 1142/420/107
f 1146/388/152 1143/187/152 1144/422/152
f 1148/424/141 1145/216/152 1146/388/152
f 1150/425/141 1147/426/141 1148/424/141
f 1152/427/152 1149/309/141 1150/425/141
f 1154/428/152 1151/429/152 1152/427/152
f 1096/351/141 1153/430/152 1154/428/152
f 1158/353/104 1155/147/108 1156/321/108
f 1160/336/106 1157/313/104 1158/353/104
f 1162/354/107 1159/212/106 1160/336/106
f 1156/351/108 1161/310/107 1162/354/107
f 1166/431/58 1163/147/153 1164/321/153
f 1168/432/57 1165/433/58 1166/431/58
f 1170/434/154 1167/435/57 1168/432/57
f 1172/436/154 1169/437/154 1170/434/154
f 1174/438/155 1171/282/154 1172/436/154
f 1176/439/155 1173/440/155 1174/438/155
f 1178/353/59 1175/441/156 1176/439/155
f 1180/442/60 1177/313/61 1178/353/59
f 1182/443/157 1179/289/60 1180/442/60
f 1184/444/158 1181/445/157 1182/443/157
f 1186/446/159 1183/447/158 1184/444/158
f 1188/448/160 1185/449/159 1186/446/159
f 1190/450/161 1187/295/160 1188/448/160
f 1192/336/162 1189/451/163 1190/450/161
f 1194/452/164 1191/212/165 1192/336/162
f 1196/453/166 1193/454/164 1194/452/164
f 1198/455/167 1195/291/166 1196/453/166
f 1200/456/168 1197/457/167 1198/455/167
f 1202/458/169 1199/459/170 1200/456/168
f 1204/460/107 1201/461/169 1202/458/169
f 1206/354/59 1203/293/107 1204/460/107
f 1208/462/60 1205/310/61 1206/354/59
f 1210/463/171 1207/464/60 1208/462/60
f 1212/465/172 1209/466/171 1210/463/171
f 1214/467/173 1211/285/172 1212/465/172
f 1216/468/84 1213/469/173 1214/467/173
f 1218/470/174 1215/471/84 1216/468/84
f 1164/351/153 1217/472/153 1218/470/174
f 1222/379/175 1219/147/176 1220/321/177
f 1224/380/178 1221/381/179 1222/379/175
f 1226/353/180 1223/211/178 1224/380/178
f 1228/382/180 1225/313/180 1226/353/180
f 1230/383/180 1227/166/180 1228/382/180
f 1232/336/180 1229/384/180 1230/383/180
f 1234/385/181 1231/212/180 1232/336/180
f 1236/386/182 1233/387/181 1234/385/181
f 1238/354/183 1235/152/182 1236/386/182
f 1240/388/183 1237/310/183 1238/354/183
f 1242/389/176 1239/216/183 1240/388/183
f 1220/351/177 1241/390/176 1242/389/176
f 1246/379/184 1243/147/185 1244/321/185
f 1248/380/186 1245/381/187 1246/379/184
f 1250/353/180 1247/211/188 1248/380/186
f 1252/382/180 1249/313/180 1250/353/180
f 1254/383/180 1251/166/180 1252/382/180
f 1256/336/180 1253/384/180 1254/383/180
f 1258/385/189 1255/212/180 1256/336/180
f 1260/386/190 1257/387/189 1258/385/189
f 1262/354/191 1259/152/190 1260/386/190
f 1264/388/191 1261/310/191 1262/354/191
f 1266/389/185 1263/216/191 1264/388/191
f 1244/351/185 1265/390/185 1266/389/185
f 1270/353/192 1267/147/193 1268/321/193
f 1272/336/194 1269/313/192 1270/353/192
f 1274/354/195 1271/212/196 1272/336/194
f 1268/351/193 1273/310/195 1274/354/195
f 1278/353/197 1275/147/198 1276/321/198
f 1280/336/199 1277/313/197 1278/353/197
f 1282/354/200 1279/212/199 1280/336/199
f 1276/351/198 1281/310/201 1282/354/200
f 1286/380/202 1283/147/203 1284/321/203
f 1288/382/204 1285/211/205 1286/380/202
f 1290/336/206 1287/166/204 1288/382/204
f 1292/386/207 1289/212/206 1290/336/206
f 1294/388/208 1291/152/207 1292/386/207
f 1284/351/203 1293/216/209 1294/388/208
f 1298/322/210 1295/147/211 1296/321/211
f 1300/325/212 1297/299/210 1298/322/210
f 1302/328/180 1299/298/212 1300/325/212
f 1304/331/180 1301/304/180 1302/328/180
f 1306/334/180 1303/303/180 1304/331/180
f 1308/337/213 1305/305/180 1306/334/180
f 1310/339/214 1307/300/213 1308/337/213
f 1312/342/211 1309/302/214 1310/339/214
f 1314/345/211 1311/301/211 1312/342/211
f 1316/348/211 1313/297/211 1314/345/211
f 1296/351/211 1315/296/211 1316/348/211
f 1320/322/215 1317/147/211 1318/321/211
f 1322/325/216 1319/299/217 1320/322/215
f 1324/328/180 1321/298/216 1322/325/216
f 1326/331/180 1323/304/180 1324/328/180
f 1328/334/180 1325/303/180 1326/331/180
f 1330/337/218 1327/305/180 1328/334/180
f 1332/339/219 1329/300/218 1330/337/218
f 1334/342/211 1331/302/219 1332/339/219
f 1336/345/211 1333/301/211 1334/342/211
f 1338/348/211 1335/297/211 1336/345/211
f 1318/351/211 1337/296/211 1338/348/211
f 1342/353/220 1339/147/221 1340/321/222
f 1344/336/223 1341/313/224 1342/353/220
f 1346/354/138 1343/212/225 1344/336/223
f 1340/351/222 1345/310/226 1346/354/138
f 1350/353/58 1347/147/57 1348/321/57
f 1352/336/60 1349/313/58 1350/353/58
f 1354/354/61 1351/212/60 1352/336/60
f 1348/351/57 1353/310/61 1354/354/61
f 1358/473/104 1355/147/227 1356/321/227
f 1360/474/106 1357/475/104 1358/473/104
f 1362/476/180 1359/477/106 1360/474/106
f 1364/353/180 1361/478/180 1362/476/180
f 1366/479/228 1363/313/180 1364/353/180
f 1368/480/229 1365/481/228 1366/479/228
f 1370/482/230 1367/483/229 1368/480/229
f 1372/336/231 1369/484/230 1370/482/230
f 1374/485/232 1371/212/233 1372/336/231
f 1376/486/234 1373/487/232 1374/485/232
f 1378/488/227 1375/489/234 1376/486/234
f 1380/354/235 1377/490/227 1378/488/227
f 1382/491/236 1379/310/235 1380/354/235
f 1384/492/237 1381/493/236 1382/491/236
f 1386/494/238 1383/495/239 1384/492/237
f 1356/351/227 1385/496/238 1386/494/238
f 1390/379/240 1387/147/241 1388/321/241
f 1392/380/242 1389/381/243 1390/379/240
f 1394/353/244 1391/211/242 1392/380/242
f 1396/382/245 1393/313/244 1394/353/244
f 1398/383/246 1395/166/247 1396/382/245
f 1400/336/212 1397/384/246 1398/383/246
f 1402/385/248 1399/212/212 1400/336/212
f 1404/386/249 1401/387/248 1402/385/248
f 1406/354/250 1403/152/249 1404/386/249
f 1408/388/251 1405/310/252 1406/354/250
f 1410/389/253 1407/216/251 1408/388/251
f 1388/351/241 1409/390/253 1410/389/253
f 1414/322/55 1411/147/254 1412/321/254
f 1416/325/57 1413/299/58 1414/322/55
f 1418/328/61 1415/298/57 1416/325/57
f 1420/331/61 1417/304/61 1418/328/61
f 1422/334/255 1419/303/59 1420/331/61
f 1424/337/256 1421/305/255 1422/334/255
f 1426/339/257 1423/300/258 1424/337/256
f 1428/342/259 1425/302/257 1426/339/257
f 1430/345/260 1427/301/259 1428/342/259
f 1432/348/261 1429/297/262 1430/345/260
f 1412/351/254 1431/296/261 1432/348/261
f 1436/353/62 1433/147/63 1434/321/63
f 1438/336/56 1435/313/62 1436/353/62
f 1440/354/76 1437/212/56 1438/336/56
f 1434/351/63 1439/310/76 1440/354/76
f 1444/353/62 1441/147/63 1442/321/63
f 1446/336/89 1443/313/62 1444/353/62
f 1448/354/90 1445/212/89 1446/336/89
f 1442/351/63 1447/310/90 1448/354/90
f 1452/497/91 1449/147/263 1450/321/263
f 1454/355/57 1451/498/58 1452/497/91
f 1456/499/264 1453/357/57 1454/355/57
f 1458/356/264 1455/500/264 1456/499/264
f 1460/501/265 1457/359/264 1458/356/264
f 1462/358/265 1459/502/265 1460/501/265
f 1464/503/59 1461/361/265 1462/358/265
f 1466/360/60 1463/504/61 1464/503/59
f 1468/505/266 1465/363/60 1466/360/60
f 1470/362/267 1467/506/266 1468/505/266
f 1472/507/59 1469/365/267 1470/362/267
f 1474/364/60 1471/508/61 1472/507/59
f 1476/336/268 1473/367/60 1474/364/60
f 1478/366/268 1475/212/268 1476/336/268
f 1480/509/269 1477/369/268 1478/366/268
f 1482/368/270 1479/510/269 1480/509/269
f 1484/511/59 1481/371/270 1482/368/270
f 1486/370/60 1483/512/61 1484/511/59
f 1488/513/271 1485/373/60 1486/370/60
f 1490/372/272 1487/514/271 1488/513/271
f 1492/515/273 1489/375/272 1490/372/272
f 1494/374/274 1491/516/273 1492/515/273
f 1496/517/91 1493/377/274 1494/374/274
f 1498/376/57 1495/518/58 1496/517/91
f 1500/519/275 1497/378/57 1498/376/57
f 1450/351/263 1499/520/275 1500/519/275
f 1504/473/91 1501/147/276 1502/321/277
f 1506/474/57 1503/475/58 1504/473/91
f 1508/476/278 1505/477/57 1506/474/57
f 1510/353/278 1507/478/278 1508/476/278
f 1512/479/279 1509/313/278 1510/353/278
f 1514/480/280 1511/481/279 1512/479/279
f 1516/482/281 1513/483/280 1514/480/280
f 1518/336/282 1515/484/281 1516/482/281
f 1520/485/283 1517/212/284 1518/336/282
f 1522/486/283 1519/487/283 1520/485/283
f 1524/488/285 1521/489/283 1522/486/283
f 1526/354/286 1523/490/285 1524/488/285
f 1528/491/105 1525/310/286 1526/354/286
f 1530/492/110 1527/493/105 1528/491/105
f 1532/494/287 1529/495/110 1530/492/110
f 1502/351/277 1531/496/287 1532/494/287
f 1536/353/288 1533/147/289 1534/321/290
f 1538/336/291 1535/313/292 1536/353/288
f 1540/354/293 1537/212/291 1538/336/291
f 1534/351/290 1539/310/293 1540/354/293
f 1544/521/55 1541/147/294 1542/321/295
f 1546/394/57 1543/316/58 1544/521/55
f 1548/522/296 1545/317/57 1546/394/57
f 1550/398/297 1547/315/296 1548/522/296
f 1552/353/55 1549/206/298 1550/398/297
f 1554/402/57 1551/313/58 1552/353/55
f 1556/523/299 1553/319/57 1554/402/57
f 1558/405/300 1555/314/299 1556/523/299
f 1560/524/85 1557/199/300 1558/405/300
f 1562/336/301 1559/306/85 1560/524/85
f 1564/525/302 1561/212/301 1562/336/301
f 1566/414/103 1563/307/303 1564/525/302
f 1568/526/60 1565/190/61 1566/414/103
f 1570/418/304 1567/312/60 1568/526/60
f 1572/354/305 1569/311/304 1570/418/304
f 1574/422/306 1571/310/307 1572/354/305
f 1576/527/308 1573/187/306 1574/422/306
f 1578/425/309 1575/318/308 1576/527/308
f 1580/528/310 1577/309/309 1578/425/309
f 1542/351/295 1579/308/310 1580/528/310
f 1584/353/62 1581/147/63 1582/321/63
f 1586/336/56 1583/313/62 1584/353/62
f 1588/354/76 1585/212/56 1586/336/56
f 1582/351/63 1587/310/76 1588/354/76
f 1592/353/87 1589/147/88 1590/321/88
f 1594/336/56 1591/313/87 1592/353/87
f 1596/354/76 1593/212/56 1594/336/56
f 1590/351/88 1595/310/76 1596/354/76
f 908/320/55 907/323/58 905/147/56
f 910/322/57 909/299/57 907/323/58
f 912/324/59 911/326/61 909/299/57
f 914/325/60 913/298/60 911/326/61
f 916/327/62 915/329/62 913/298/60
f 918/328/63 917/304/63 915/329/62
f 920/330/61 919/332/61 917/304/63
f 922/331/60 921/303/60 919/332/61
f 924/333/64 923/335/64 921/303/60
f 926/334/65 925/305/65 923/335/64
f 928/336/66 927/212/68 925/305/65
f 930/337/67 929/300/67 927/212/68
f 932/338/69 931/340/69 929/300/67
f 934/339/69 933/302/71 931/340/69
f 936/341/70 935/343/73 933/302/71
f 938/342/72 937/301/72 935/343/73
f 940/344/74 939/346/74 937/301/72
f 942/345/75 941/297/75 939/346/74
f 944/347/55 943/349/58 941/297/75
f 946/348/57 945/296/57 943/349/58
f 948/350/76 947/352/76 945/296/57
f 906/351/56 905/157/56 947/352/76
f 952/353/77 951/313/77 949/147/78
f 954/336/79 953/212/79 951/313/77
f 956/354/80 955/310/80 953/212/79
f 950/351/78 949/157/78 955/310/80
f 960/353/81 959/313/81 957/147/82
f 962/336/84 961/212/86 959/313/81
f 964/354/85 963/310/85 961/212/86
f 958/351/83 957/157/82 963/310/85
f 968/353/62 967/313/62 965/147/63
f 970/336/56 969/212/56 967/313/62
f 972/354/76 971/310/76 969/212/56
f 966/351/63 965/157/63 971/310/76
f 976/353/87 975/313/87 973/147/88
f 978/336/89 977/212/89 975/313/87
f 980/354/90 979/310/90 977/212/89
f 974/351/88 973/157/88 979/310/90
f 984/355/91 983/357/91 981/147/60
f 986/356/92 985/359/92 983/357/91
f 988/358/93 987/361/93 985/359/92
f 990/360/94 989/363/94 987/361/93
f 992/362/95 991/365/97 989/363/94
f 994/364/96 993/367/96 991/365/97
f 996/366/98 995/369/98 993/367/96
f 998/368/99 997/371/101 995/369/98
f 1000/370/100 999/373/102 997/371/101
f 1002/372/100 1001/375/100 999/373/102
f 1004/374/59 1003/377/103 1001/375/100
f 1006/376/59 1005/378/61 1003/377/103
f 982/351/60 981/157/60 1005/378/61
f 1010/379/104 1009/381/104 1007/147/105
f 1012/380/106 1011/211/106 1009/381/104
f 1014/353/107 1013/313/107 1011/211/106
f 1016/382/108 1015/166/108 1013/313/107
f 1018/383/78 1017/384/71 1015/166/108
f 1020/336/80 1019/212/109 1017/384/71
f 1022/385/107 1021/387/107 1019/212/109
f 1024/386/108 1023/152/108 1021/387/107
f 1026/354/104 1025/310/104 1023/152/108
f 1028/388/106 1027/216/106 1025/310/104
f 1030/389/110 1029/390/110 1027/216/106
f 1008/351/105 1007/157/105 1029/390/110
f 1034/320/104 1033/323/104 1031/147/111
f 1036/322/106 1035/299/106 1033/323/104
f 1038/324/113 1037/326/113 1035/299/106
f 1040/325/113 1039/298/113 1037/326/113
f 1042/327/114 1041/329/114 1039/298/113
f 1044/328/114 1043/304/114 1041/329/114
f 1046/330/115 1045/332/116 1043/304/114
f 1048/331/115 1047/303/116 1045/332/116
f 1050/333/117 1049/335/118 1047/303/116
f 1052/334/118 1051/305/118 1049/335/118
f 1054/336/119 1053/212/119 1051/305/118
f 1056/337/120 1055/300/120 1053/212/119
f 1058/338/121 1057/340/121 1055/300/120
f 1060/339/122 1059/302/124 1057/340/121
f 1062/341/123 1061/343/126 1059/302/124
f 1064/342/125 1063/301/125 1061/343/126
f 1066/344/127 1065/346/127 1063/301/125
f 1068/345/128 1067/297/128 1065/346/127
f 1070/347/129 1069/349/131 1067/297/128
f 1072/348/130 1071/296/130 1069/349/131
f 1074/350/111 1073/352/112 1071/296/130
f 1032/351/112 1031/157/111 1073/352/112
f 1078/353/132 1077/313/132 1075/147/133
f 1080/336/134 1079/212/134 1077/313/132
f 1082/354/135 1081/310/135 1079/212/134
f 1076/351/133 1075/157/133 1081/310/135
f 1086/380/136 1085/211/136 1083/147/108
f 1088/382/137 1087/166/139 1085/211/136
f 1090/336/138 1089/212/138 1087/166/139
f 1092/386/138 1091/152/138 1089/212/138
f 1094/388/107 1093/216/107 1091/152/138
f 1084/351/108 1083/157/108 1093/216/107
f 1098/391/140 1097/393/140 1095/147/141
f 1100/392/108 1099/395/142 1097/393/140
f 1102/394/142 1101/317/108 1099/395/142
f 1104/396/143 1103/397/143 1101/317/108
f 1106/380/144 1105/211/144 1103/397/143
f 1108/398/107 1107/206/107 1105/211/144
f 1110/399/108 1109/401/108 1107/206/107
f 1112/400/145 1111/403/145 1109/401/108
f 1114/402/145 1113/319/145 1111/403/145
f 1116/382/146 1115/166/146 1113/319/145
f 1118/404/146 1117/406/146 1115/166/146
f 1120/405/104 1119/199/104 1117/406/146
f 1122/407/106 1121/409/106 1119/199/104
f 1124/408/147 1123/410/147 1121/409/106
f 1126/336/148 1125/212/149 1123/410/147
f 1128/411/104 1127/413/104 1125/212/149
f 1130/412/106 1129/415/106 1127/413/104
f 1132/414/150 1131/190/150 1129/415/106
f 1134/416/150 1133/417/150 1131/190/150
f 1136/386/151 1135/152/151 1133/417/150
f 1138/418/151 1137/311/151 1135/152/151
f 1140/419/107 1139/421/107 1137/311/151
f 1142/420/107 1141/423/107 1139/421/107
f 1144/422/152 1143/187/152 1141/423/107
f 1146/388/152 1145/216/152 1143/187/152
f 1148/424/141 1147/426/141 1145/216/152
f 1150/425/141 1149/309/141 1147/426/141
f 1152/427/152 1151/429/152 1149/309/141
f 1154/428/152 1153/430/152 1151/429/152
f 1096/351/141 1095/157/141 1153/430/152
f 1158/353/104 1157/313/104 1155/147/108
f 1160/336/106 1159/212/106 1157/313/104
f 1162/354/107 1161/310/107 1159/212/106
f 1156/351/108 1155/157/108 1161/310/107
f 1166/431/58 1165/433/58 1163/147/153
f 1168/432/57 1167/435/57 1165/433/58
f 1170/434/154 1169/437/154 1167/435/57
f 1172/436/154 1171/282/154 1169/437/154
f 1174/438/155 1173/440/155 1171/282/154
f 1176/439/155 1175/441/156 1173/440/155
f 1178/353/59 1177/313/61 1175/441/156
f 1180/442/60 1179/289/60 1177/313/61
f 1182/443/157 1181/445/157 1179/289/60
f 1184/444/158 1183/447/158 1181/445/157
f 1186/446/159 1185/449/159 1183/447/158
f 1188/448/160 1187/295/160 1185/449/159
f 1190/450/161 1189/451/163 1187/295/160
f 1192/336/162 1191/212/165 1189/451/163
f 1194/452/164 1193/454/164 1191/212/165
f 1196/453/166 1195/291/166 1193/454/164
f 1198/455/167 1197/457/167 1195/291/166
f 1200/456/168 1199/459/170 1197/457/167
f 1202/458/169 1201/461/169 1199/459/170
f 1204/460/107 1203/293/107 1201/461/169
f 1206/354/59 1205/310/61 1203/293/107
f 1208/462/60 1207/464/60 1205/310/61
f 1210/463/171 1209/466/171 1207/464/60
f 1212/465/172 1211/285/172 1209/466/171
f 1214/467/173 1213/469/173 1211/285/172
f 1216/468/84 1215/471/84 1213/469/173
f 1218/470/174 1217/472/153 1215/471/84
f 1164/351/153 1163/157/153 1217/472/153
f 1222/379/175 1221/381/179 1219/147/176
f 1224/380/178 1223/211/178 1221/381/179
f 1226/353/180 1225/313/180 1223/211/178
f 1228/382/180 1227/166/180 1225/313/180
f 1230/383/180 1229/384/180 1227/166/180
f 1232/336/180 1231/212/180 1229/384/180
f 1234/385/181 1233/387/181 1231/212/180
f 1236/386/182 1235/152/182 1233/387/181
f 1238/354/183 1237/310/183 1235/152/182
f 1240/388/183 1239/216/183 1237/310/183
f 1242/389/176 1241/390/176 1239/216/183
f 1220/351/177 1219/157/176 1241/390/176
f 1246/379/184 1245/381/187 1243/147/185
f 1248/380/186 1247/211/188 1245/381/187
f 1250/353/180 1249/313/180 1247/211/188
f 1252/382/180 1251/166/180 1249/313/180
f 1254/383/180 1253/384/180 1251/166/180
f 1256/336/180 1255/212/180 1253/384/180
f 1258/385/189 1257/387/189 1255/212/180
f 1260/386/190 1259/152/190 1257/387/189
f 1262/354/191 1261/310/191 1259/152/190
f 1264/388/191 1263/216/191 1261/310/191
f 1266/389/185 1265/390/185 1263/216/191
f 1244/351/185 1243/157/185 1265/390/185
f 1270/353/192 1269/313/192 1267/147/193
f 1272/336/194 1271/212/196 1269/313/192
f 1274/354/195 1273/310/195 1271/212/196
f 1268/351/193 1267/157/193 1273/310/195
f 1278/353/197 1277/313/197 1275/147/198
f 1280/336/199 1279/212/199 1277/313/197
f 1282/354/200 1281/310/201 1279/212/199
f 1276/351/198 1275/157/198 1281/310/201
f 1286/380/202 1285/211/205 1283/147/203
f 1288/382/204 1287/166/204 1285/211/205
f 1290/336/206 1289/212/206 1287/166/204
f 1292/386/207 1291/152/207 1289/212/206
f 1294/388/208 1293/216/209 1291/152/207
f 1284/351/203 1283/157/203 1293/216/209
f 1298/322/210 1297/299/210 1295/147/211
f 1300/325/212 1299/298/212 1297/299/210
f 1302/328/180 1301/304/180 1299/298/212
f 1304/331/180 1303/303/180 1301/304/180
f 1306/334/180 1305/305/180 1303/303/180
f 1308/337/213 1307/300/213 1305/305/180
f 1310/339/214 1309/302/214 1307/300/213
f 1312/342/211 1311/301/211 1309/302/214
f 1314/345/211 1313/297/211 1311/301/211
f 1316/348/211 1315/296/211 1313/297/211
f 1296/351/211 1295/157/211 1315/296/211
f 1320/322/215 1319/299/217 1317/147/211
f 1322/325/216 1321/298/216 1319/299/217
f 1324/328/180 1323/304/180 1321/298/216
f 1326/331/180 1325/303/180 1323/304/180
f 1328/334/180 1327/305/180 1325/303/180
f 1330/337/218 1329/300/218 1327/305/180
f 1332/339/219 1331/302/219 1329/300/218
f 1334/342/211 1333/301/211 1331/302/219
f 1336/345/211 1335/297/211 1333/301/211
f 1338/348/211 1337/296/211 1335/297/211
f 1318/351/211 1317/157/211 1337/296/211
f 1342/353/220 1341/313/224 1339/147/221
f 1344/336/223 1343/212/225 1341/313/224
f 1346/354/138 1345/310/226 1343/212/225
f 1340/351/222 1339/157/221 1345/310/226
f 1350/353/58 1349/313/58 1347/147/57
f 1352/336/60 1351/212/60 1349/313/58
f 1354/354/61 1353/310/61 1351/212/60
f 1348/351/57 1347/157/57 1353/310/61
f 1358/473/104 1357/475/104 1355/147/227
f 1360/474/106 1359/477/106 1357/475/104
f 1362/476/180 1361/478/180 1359/477/106
f 1364/353/180 1363/313/180 1361/478/180
f 1366/479/228 1365/481/228 1363/313/180
f 1368/480/229 1367/483/229 1365/481/228
f 1370/482/230 1369/484/230 1367/483/229
f 1372/336/231 1371/212/233 1369/484/230
f 1374/485/232 1373/487/232 1371/212/233
f 1376/486/234 1375/489/234 1373/487/232
f 1378/488/227 1377/490/227 1375/489/234
f 1380/354/235 1379/310/235 1377/490/227
f 1382/491/236 1381/493/236 1379/310/235
f 1384/492/237 1383/495/239 1381/493/236
f 1386/494/238 1385/496/238 1383/495/239
f 1356/351/227 1355/157/227 1385/496/238
f 1390/379/240 1389/381/243 1387/147/241
f 1392/380/242 1391/211/242 1389/381/243
f 1394/353/244 1393/313/244 1391/211/242
f 1396/382/245 1395/166/247 1393/313/244
f 1398/383/246 1397/384/246 1395/166/247
f 1400/336/212 1399/212/212 1397/384/246
f 1402/385/248 1401/387/248 1399/212/212
f 1404/386/249 1403/152/249 1401/387/248
f 1406/354/250 1405/310/252 1403/152/249
f 1408/388/251 1407/216/251 1405/310/252
f 1410/389/253 1409/390/253 1407/216/251
f 1388/351/241 1387/157/241 1409/390/253
f 1414/322/55 1413/299/58 1411/147/254
f 1416/325/57 1415/298/57 1413/299/58
f 1418/328/61 1417/304/61 1415/298/57
f 1420/331/61 1419/303/59 1417/304/61
f 1422/334/255 1421/305/255 1419/303/59
f 1424/337/256 1423/300/258 1421/305/255
f 1426/339/257 1425/302/257 1423/300/258
f 1428/342/259 1427/301/259 1425/302/257
f 1430/345/260 1429/297/262 1427/301/259
f 1432/348/261 1431/296/261 1429/297/262
f 1412/351/254 1411/157/254 1431/296/261
f 1436/353/62 1435/313/62 1433/147/63
f 1438/336/56 1437/212/56 1435/313/62
f 1440/354/76 1439/310/76 1437/212/56
f 1434/351/63 1433/157/63 1439/310/76
f 1444/353/62 1443/313/62 1441/147/63
f 1446/336/89 1445/212/89 1443/313/62
f 1448/354/90 1447/310/90 1445/212/89
f 1442/351/63 1441/157/63 1447/310/90
f 1452/497/91 1451/498/58 1449/147/263
f 1454/355/57 1453/357/57 1451/498/58
f 1456/499/264 1455/500/264 1453/357/57
f 1458/356/264 1457/359/264 1455/500/264
f 1460/501/265 1459/502/265 1457/359/264
f 1462/358/265 1461/361/265 1459/502/265
f 1464/503/59 1463/504/61 1461/361/265
f 1466/360/60 1465/363/60 1463/504/61
f 1468/505/266 1467/506/266 1465/363/60
f 1470/362/267 1469/365/267 1467/506/266
f 1472/507/59 1471/508/61 1469/365/267
f 1474/364/60 1473/367/60 1471/508/61
f 1476/336/268 1475/212/268 1473/367/60
f 1478/366/268 1477/369/268 1475/212/268
f 1480/509/269 1479/510/269 1477/369/268
f 1482/368/270 1481/371/270 1479/510/269
f 1484/511/59 1483/512/61 1481/371/270
f 1486/370/60 1485/373/60 1483/512/61
f 1488/513/271 1487/514/271 1485/373/60
f 1490/372/272 1489/375/272 1487/514/271
f 1492/515/273 1491/516/273 1489/375/272
f 1494/374/274 1493/377/274 1491/516/273
f 1496/517/91 1495/518/58 1493/377/274
f 1498/376/57 1497/378/57 1495/518/58
f 1500/519/275 1499/520/275 1497/378/57
f 1450/351/263 1449/157/263 1499/520/275
f 1504/473/91 1503/475/58 1501/147/276
f 1506/474/57 1505/477/57 1503/475/58
f 1508/476/278 1507/478/278 1505/477/57
f 1510/353/278 1509/313/278 1507/478/278
f 1512/479/279 1511/481/279 1509/313/278
f 1514/480/280 1513/483/280 1511/481/279
f 1516/482/281 1515/484/281 1513/483/280
f 1518/336/282 1517/212/284 1515/484/281
f 1520/485/283 1519/487/283 1517/212/284
f 1522/486/283 1521/489/283 1519/487/283
f 1524/488/285 1523/490/285 1521/489/283
f 1526/354/286 1525/310/286 1523/490/285
f 1528/491/105 1527/493/105 1525/310/286
f 1530/492/110 1529/495/110 1527/493/105
f 1532/494/287 1531/496/287 1529/495/110
f 1502/351/277 1501/157/276 1531/496/287
f 1536/353/288 1535/313/292 1533/147/289
f 1538/336/291 1537/212/291 1535/313/292
f 1540/354/293 1539/310/293 1537/212/291
f 1534/351/290 1533/157/289 1539/310/293
f 1544/521/55 1543/316/58 1541/147/294
f 1546/394/57 1545/317/57 1543/316/58
f 1548/522/296 1547/315/296 1545/317/57
f 1550/398/297 1549/206/298 1547/315/296
f 1552/353/55 1551/313/58 1549/206/298
f 1554/402/57 1553/319/57 1551/313/58
f 1556/523/299 1555/314/299 1553/319/57
f 1558/405/300 1557/199/300 1555/314/299
f 1560/524/85 1559/306/85 1557/199/300
f 1562/336/301 1561/212/301 1559/306/85
f 1564/525/302 1563/307/303 1561/212/301
f 1566/414/103 1565/190/61 1563/307/303
f 1568/526/60 1567/312/60 1565/190/61
f 1570/418/304 1569/311/304 1567/312/60
f 1572/354/305 1571/310/307 1569/311/304
f 1574/422/306 1573/187/306 1571/310/307
f 1576/527/308 1575/318/308 1573/187/306
f 1578/425/309 1577/309/309 1575/318/308
f 1580/528/310 1579/308/310 1577/309/309
f 1542/351/295 1541/157/294 1579/308/310
f 1584/353/62 1583/313/62 1581/147/63
f 1586/336/56 1585/212/56 1583/313/62
f 1588/354/76 1587/310/76 1585/212/56
f 1582/351/63 1581/157/63 1587/310/76
f 1592/353/87 1591/313/87 1589/147/88
f 1594/336/56 1593/212/56 1591/313/87
f 1596/354/76 1595/310/76 1593/212/56
f 1590/351/88 1589/157/88 1595/310/76
o Sphere
v -3.970130 0.313279 -0.020585
v -3.970130 0.313279 -0.020585
v -3.970130 0.313279 -0.020585
v -3.970130 0.313279 -0.020585
v -3.970130 0.313279 -0.020585
v -3.970130 0.058147 -0.490962
v -3.970130 0.058147 -0.490962
v -3.970130 0.058147 -0.490962
v -3.970130 0.058147 -0.490962
v -3.652643 -0.012921 -0.100814
v -3.652643 -0.012921 -0.100814
v -3.652643 -0.012921 -0.100814
v -3.652643 -0.012921 -0.100814
v -3.652643 -0.012921 -0.100814
v -3.652643 -0.012921 -0.100814
v -3.652643 -0.012921 -0.100814
v -3.970130 -0.039473 0.531723
v -3.970130 -0.039473 0.531723
v -3.970130 -0.039473 0.531723
v -3.970130 -0.039473 0.531723
v -3.970130 -0.039473 0.531723
v -3.970130 -0.039473 0.531723
v -3.970130 -0.039473 0.531723
v -3.970130 -0.230890 -0.072528
v -3.970130 -0.230890 -0.072528
v -3.970130 -0.230890 -0.072528
v -3.970130 -0.230890 -0.072528
v -3.970130 -0.230890 -0.072528
v -3.970130 -0.230890 -0.072528
v -4.262312 0.153916 0.132026
v -4.262312 0.153916 0.132026
v -4.262312 0.153916 0.132026
v -4.262312 0.153916 0.132026
v -4.262312 0.153916 0.132026
v -3.775035 -0.199745 0.096493
v -3.775035 -0.199745 0.096493
v -3.775035 -0.199745 0.096493
v -3.708046 0.154633 0.123378
v -3.708046 0.154633 0.123378
v -3.708046 0.154633 0.123378
v -4.231818 -0.121592 -0.184984
v -4.231818 -0.121592 -0.184984
v -4.231818 -0.121592 -0.184984
v -4.231818 -0.121592 -0.184984
v -3.973168 0.058264 -0.486868
v -3.973168 0.058264 -0.486868
v -3.973168 0.058264 -0.486868
v -3.973168 0.058264 -0.486868
v -3.970130 0.059789 -0.487935
v -3.970130 0.059789 -0.487935
v -3.970130 0.059789 -0.487935
v -3.970130 0.059789 -0.487935
v -4.257463 -0.215878 0.172994
v -4.257463 -0.215878 0.172994
v -4.257463 -0.215878 0.172994
v -4.257463 -0.215878 0.172994
vn 0.6163 0.6922 -0.3755
vn 0.2097 0.8240 0.5263
vn 0.4573 -0.7317 -0.5054
vn 0.8896 -0.1164 0.4416
vn -0.1045 -0.8159 -0.5686
vn -0.1045 -0.8159 -0.5687
vn -0.2733 -0.9252 -0.2633
vn -0.5199 0.7509 -0.4073
vn -0.1757 0.8297 0.5299
vn -0.1088 -0.9477 0.3002
vn 0.8630 -0.2786 0.4215
vn 0.6206 0.6939 -0.3652
vn 0.4874 -0.7646 -0.4217
vn -0.9968 -0.0216 -0.0771
vn -0.5881 0.7112 -0.3851
vn -0.5885 0.7108 -0.3853
vn -0.5882 0.7111 -0.3851
vn -0.7983 0.4145 -0.4370
vn 0.2039 -0.9333 0.2957
vn -0.7927 0.0569 0.6070
vt 0.750000 0.500212
vt 0.500000 0.500212
vt 0.625804 0.035351
vt 0.625000 0.032340
vt 0.750000 0.517319
vt 0.625000 0.977472
vt 0.637462 0.517319
vt 0.250000 0.500212
vt 0.375000 0.032340
vt 0.500000 0.517319
vt 0.375000 0.977472
vt 0.361167 0.517319
vt 0.125000 0.032340
vt 0.140581 0.500212
vt 0.124169 0.035452
vt 0.250000 0.517319
vt 0.136348 0.642329
vt 0.140581 0.517319
vt 0.875000 0.032340
vt 0.875831 0.035452
vt 0.874196 0.035351
vt 1.000000 0.517319
vt 0.875000 0.977472
vt 0.637462 0.500212
vt 0.361167 0.500212
vt 0.000000 0.517319
vt 1.000000 0.500212
vt 0.000000 0.500212
vt 0.125000 0.977472
s 1
usemtl マテリアル.002
f 1598/529/311 1608/530/311 1645/531/311
f 1609/530/311 1603/532/311 1646/531/311
f 1597/533/312 1614/534/312 1634/535/312
f 1606/530/313 1621/536/313 1602/537/313
f 1612/538/314 1616/539/314 1632/540/314
f 1604/541/315 1623/536/316 1637/542/316
f 1604/541/315 1637/542/316 1641/543/316
f 1625/544/317 1650/545/317 1638/546/317
f 1605/547/318 1642/548/318 1647/549/318
f 1626/550/319 1618/551/319 1600/533/319
f 1633/540/320 1617/539/320 1624/544/320
f 1636/535/321 1615/534/321 1611/538/321
f 1599/529/322 1635/552/322 1610/530/322
f 1607/530/323 1631/553/323 1622/536/323
f 1640/546/324 1652/545/324 1630/554/324
f 1648/549/325 1643/548/325 1627/555/326
f 1648/549/325 1627/555/326 1601/529/327
f 1644/543/328 1639/542/328 1629/556/328
f 1649/545/329 1620/544/329 1613/557/329
f 1628/554/330 1651/545/330 1619/557/330
o Text.006
v -3.425971 0.050000 -0.749393
v -3.470130 0.050000 -0.749393
v -3.461850 0.050000 -0.885271
v -3.417692 0.050000 -0.885271
v -3.374453 0.050000 -0.749393
v -3.418612 0.050000 -0.749393
v -3.410332 0.050000 -0.885271
v -3.366174 0.050000 -0.885271
v -3.842255 0.050000 -0.498887
v -3.937931 0.050000 -0.498887
v -3.858814 0.050000 -0.885271
v -3.763138 0.050000 -0.885271
v -3.540507 0.050000 -0.498887
v -3.636183 0.050000 -0.498887
v -3.674822 0.050000 -0.885271
v -3.579145 0.050000 -0.885271
v -3.507848 0.050000 -0.885271
v -3.511988 0.050000 -0.820874
v -3.567186 0.050000 -0.820874
v -3.563046 0.050000 -0.885271
v -3.530847 0.050000 -0.840193
v -3.529467 0.050000 -0.865952
v -3.544187 0.050000 -0.865952
v -3.545567 0.050000 -0.840193
v -4.284297 0.050000 -0.498887
v -4.386873 0.050000 -0.498887
v -4.362954 0.050000 -0.885271
v -4.259918 0.050000 -0.885271
v -4.269578 0.050000 -0.730717
v -4.010148 0.050000 -0.730717
v -4.012448 0.050000 -0.692079
v -4.271878 0.050000 -0.692079
v -3.978869 0.050000 -0.885271
v -3.983009 0.050000 -0.820874
v -4.003248 0.050000 -0.820874
v -3.999109 0.050000 -0.885271
v -4.013828 0.050000 -0.885271
v -4.017968 0.050000 -0.820874
v -4.038207 0.050000 -0.820874
v -4.034067 0.050000 -0.885271
v -4.509687 0.050000 -0.749393
v -4.553845 0.050000 -0.749393
v -4.545567 0.050000 -0.885271
v -4.501408 0.050000 -0.885271
v -4.458170 0.050000 -0.749393
v -4.502328 0.050000 -0.749393
v -4.494049 0.050000 -0.885271
v -4.449890 0.050000 -0.885271
v -3.425971 -0.050000 -0.749393
v -3.470130 -0.050000 -0.749393
v -3.461850 -0.050000 -0.885271
v -3.417692 -0.050000 -0.885271
v -3.374453 -0.050000 -0.749393
v -3.418612 -0.050000 -0.749393
v -3.410332 -0.050000 -0.885271
v -3.366174 -0.050000 -0.885271
v -3.842255 -0.050000 -0.498887
v -3.937931 -0.050000 -0.498887
v -3.858814 -0.050000 -0.885271
v -3.763138 -0.050000 -0.885271
v -3.540507 -0.050000 -0.498887
v -3.636183 -0.050000 -0.498887
v -3.674822 -0.050000 -0.885271
v -3.579145 -0.050000 -0.885271
v -3.507848 -0.050000 -0.885271
v -3.511988 -0.050000 -0.820874
v -3.567186 -0.050000 -0.820874
v -3.563046 -0.050000 -0.885271
v -3.530847 -0.050000 -0.840193
v -3.529467 -0.050000 -0.865952
v -3.544187 -0.050000 -0.865952
v -3.545567 -0.050000 -0.840193
v -4.284297 -0.050000 -0.498887
v -4.386873 -0.050000 -0.498887
v -4.362954 -0.050000 -0.885271
v -4.259918 -0.050000 -0.885271
v -4.269578 -0.050000 -0.730717
v -4.010148 -0.050000 -0.730717
v -4.012448 -0.050000 -0.692079
v -4.271878 -0.050000 -0.692079
v -3.978869 -0.050000 -0.885271
v -3.983009 -0.050000 -0.820874
v -4.003248 -0.050000 -0.820874
v -3.999109 -0.050000 -0.885271
v -4.013828 -0.050000 -0.885271
v -4.017968 -0.050000 -0.820874
v -4.038207 -0.050000 -0.820874
v -4.034067 -0.050000 -0.885271
v -4.509687 -0.050000 -0.749393
v -4.553845 -0.050000 -0.749393
v -4.545567 -0.050000 -0.885271
v -4.501408 -0.050000 -0.885271
v -4.458170 -0.050000 -0.749393
v -4.502328 -0.050000 -0.749393
v -4.494049 -0.050000 -0.885271
v -4.449890 -0.050000 -0.885271
v -4.509687 -0.050000 -0.749393
v -4.509687 0.050000 -0.749393
v -4.553845 -0.050000 -0.749393
v -4.553845 0.050000 -0.749393
v -4.545567 -0.050000 -0.885271
v -4.545567 0.050000 -0.885271
v -4.501408 -0.050000 -0.885271
v -4.501408 0.050000 -0.885271
v -4.458170 -0.050000 -0.749393
v -4.458170 0.050000 -0.749393
v -4.502328 -0.050000 -0.749393
v -4.502328 0.050000 -0.749393
v -4.494049 -0.050000 -0.885271
v -4.494049 0.050000 -0.885271
v -4.449890 -0.050000 -0.885271
v -4.449890 0.050000 -0.885271
v -4.284297 -0.050000 -0.498887
v -4.284297 0.050000 -0.498887
v -4.386873 -0.050000 -0.498887
v -4.386873 0.050000 -0.498887
v -4.362954 -0.050000 -0.885271
v -4.362954 0.050000 -0.885271
v -4.259918 -0.050000 -0.885271
v -4.259918 0.050000 -0.885271
v -4.269578 -0.050000 -0.730717
v -4.269578 0.050000 -0.730717
v -4.010148 -0.050000 -0.730717
v -4.010148 0.050000 -0.730717
v -4.012448 -0.050000 -0.692079
v -4.012448 0.050000 -0.692079
v -4.271878 -0.050000 -0.692079
v -4.271878 0.050000 -0.692079
v -3.978869 -0.050000 -0.885271
v -3.978869 0.050000 -0.885271
v -3.983009 -0.050000 -0.820874
v -3.983009 0.050000 -0.820874
v -4.003248 -0.050000 -0.820874
v -4.003248 0.050000 -0.820874
v -3.999109 -0.050000 -0.885271
v -3.999109 0.050000 -0.885271
v -4.013828 -0.050000 -0.885271
v -4.013828 0.050000 -0.885271
v -4.017968 -0.050000 -0.820874
v -4.017968 0.050000 -0.820874
v -4.038207 -0.050000 -0.820874
v -4.038207 0.050000 -0.820874
v -4.034067 -0.050000 -0.885271
v -4.034067 0.050000 -0.885271
v -3.842255 -0.050000 -0.498887
v -3.842255 0.050000 -0.498887
v -3.937931 -0.050000 -0.498887
v -3.937931 0.050000 -0.498887
v -3.858814 -0.050000 -0.885271
v -3.858814 0.050000 -0.885271
v -3.763138 -0.050000 -0.885271
v -3.763138 0.050000 -0.885271
v -3.540507 -0.050000 -0.498887
v -3.540507 0.050000 -0.498887
v -3.636183 -0.050000 -0.498887
v -3.636183 0.050000 -0.498887
v -3.674822 -0.050000 -0.885271
v -3.674822 0.050000 -0.885271
v -3.579145 -0.050000 -0.885271
v -3.579145 0.050000 -0.885271
v -3.507848 -0.050000 -0.885271
v -3.507848 0.050000 -0.885271
v -3.511988 -0.050000 -0.820874
v -3.511988 0.050000 -0.820874
v -3.567186 -0.050000 -0.820874
v -3.567186 0.050000 -0.820874
v -3.563046 -0.050000 -0.885271
v -3.563046 0.050000 -0.885271
v -3.530847 -0.050000 -0.840193
v -3.530847 0.050000 -0.840193
v -3.529467 -0.050000 -0.865952
v -3.529467 0.050000 -0.865952
v -3.544187 -0.050000 -0.865952
v -3.544187 0.050000 -0.865952
v -3.545567 -0.050000 -0.840193
v -3.545567 0.050000 -0.840193
v -3.425971 -0.050000 -0.749393
v -3.425971 0.050000 -0.749393
v -3.470130 -0.050000 -0.749393
v -3.470130 0.050000 -0.749393
v -3.461850 -0.050000 -0.885271
v -3.461850 0.050000 -0.885271
v -3.417692 -0.050000 -0.885271
v -3.417692 0.050000 -0.885271
v -3.374453 -0.050000 -0.749393
v -3.374453 0.050000 -0.749393
v -3.418612 -0.050000 -0.749393
v -3.418612 0.050000 -0.749393
v -3.410332 -0.050000 -0.885271
v -3.410332 0.050000 -0.885271
v -3.366174 -0.050000 -0.885271
v -3.366174 0.050000 -0.885271
vn -0.0000 1.0000 -0.0000
vn -0.0000 -1.0000 -0.0000
vn -0.8362 -0.0000 0.5485
vn 0.7893 -0.0000 0.6140
vn 0.7893 -0.0000 0.6141
vn -0.7893 -0.0000 -0.6141
vn 0.8361 -0.0000 -0.5485
vn -0.7893 -0.0000 -0.6140
vn 0.8362 -0.0000 -0.5485
vn -0.8365 -0.0000 0.5479
vn 0.7880 -0.0000 0.6157
vn 0.7879 -0.0000 0.6158
vn -0.7889 -0.0000 -0.6145
vn -0.8364 -0.0000 0.5480
vn 0.8367 -0.0000 -0.5476
vn 0.8367 -0.0000 -0.5477
vn 0.8367 0.0001 -0.5477
vn 0.8357 -0.0000 -0.5492
vn 0.8367 0.0001 -0.5476
vn 0.7899 -0.0000 0.6133
vn 0.7880 -0.0001 0.6157
vn 0.8373 -0.0000 -0.5467
vn -0.8373 -0.0000 0.5467
vn -0.7880 -0.0000 -0.6157
vn -0.8805 -0.0000 0.4741
vn 0.7258 -0.0000 0.6879
vn -0.7258 -0.0000 -0.6879
vn -0.8805 -0.0000 0.4740
vn 0.8805 -0.0000 -0.4741
vn 0.8805 -0.0000 -0.4740
vn -0.7728 -0.0000 0.6347
vn 0.8494 -0.0000 0.5277
vn 0.8494 -0.0000 0.5278
vn -0.8494 -0.0000 -0.5278
vn -0.7728 0.0001 0.6347
vn 0.7728 -0.0000 -0.6347
vn -0.8494 -0.0000 -0.5277
vn -0.7880 -0.0001 -0.6157
vn -0.7879 -0.0000 -0.6158
vn -0.8335 -0.0000 0.5525
vn -0.7924 -0.0000 -0.6100
vn 0.7924 -0.0001 0.6100
vn -0.8336 -0.0000 0.5524
vn 0.8336 -0.0000 -0.5524
vn 0.7924 -0.0000 0.6100
vn -0.8361 -0.0000 0.5485
vt 0.285714 0.000000
vt 0.142857 0.000000
vt 0.000000 0.000000
vt 0.571429 0.000000
vt 1.000000 0.000000
vt 0.857143 0.000000
vt 0.714286 0.000000
vt 0.428571 0.000000
vt 0.133333 0.000000
vt 0.066667 0.000000
vt 0.200000 0.000000
vt 0.400000 0.000000
vt 0.333333 0.000000
vt 0.466667 0.000000
vt 0.733333 0.000000
vt 0.933333 0.000000
vt 0.866667 0.000000
vt 0.800000 0.000000
vt 0.600000 0.000000
vt 0.533333 0.000000
vt 0.666667 0.000000
vt 0.266667 0.000000
vt 0.250000 1.000000
vt 0.000000 1.000000
vt 0.500000 1.000000
vt 0.250000 0.000000
vt 0.750000 1.000000
vt 0.500000 0.000000
vt 1.000000 1.000000
vt 0.750000 0.000000
vt 0.125000 1.000000
vt 0.125000 0.000000
vt 0.375000 1.000000
vt 0.375000 0.000000
vt 0.625000 1.000000
vt 0.625000 0.000000
vt 0.875000 1.000000
vt 0.875000 0.000000
s 1
usemtl Material.010
f 1655/558/331 1654/559/331 1653/560/331
f 1657/561/331 1660/562/331 1659/563/331
f 1657/561/331 1659/563/331 1658/564/331
f 1655/558/331 1653/560/331 1656/565/331
f 1663/566/331 1662/567/331 1661/560/331
f 1661/560/331 1664/568/331 1663/566/331
f 1667/569/331 1666/570/331 1668/571/331
f 1672/572/331 1676/562/331 1675/573/331
f 1674/574/331 1673/575/331 1670/576/331
f 1670/576/331 1669/577/331 1674/574/331
f 1670/576/331 1673/575/331 1676/562/331
f 1672/572/331 1675/573/331 1674/574/331
f 1674/574/331 1669/577/331 1672/572/331
f 1670/576/331 1676/562/331 1671/578/331
f 1676/562/331 1672/572/331 1671/578/331
f 1666/570/331 1665/579/331 1668/571/331
f 1677/560/331 1684/571/331 1678/567/331
f 1679/566/331 1678/567/331 1684/571/331
f 1679/566/331 1684/571/331 1681/579/331
f 1681/579/331 1680/568/331 1679/566/331
f 1688/572/331 1687/578/331 1686/576/331
f 1686/576/331 1685/577/331 1688/572/331
f 1681/579/331 1684/571/331 1683/569/331
f 1683/569/331 1682/570/331 1681/579/331
f 1692/562/331 1691/573/331 1690/574/331
f 1690/574/331 1689/575/331 1692/562/331
f 1695/558/331 1694/559/331 1693/560/331
f 1697/561/331 1700/562/331 1699/563/331
f 1697/561/331 1699/563/331 1698/564/331
f 1695/558/331 1693/560/331 1696/565/331
f 1703/558/332 1701/560/332 1702/559/332
f 1705/561/332 1707/563/332 1708/562/332
f 1705/561/332 1706/564/332 1707/563/332
f 1703/558/332 1704/565/332 1701/560/332
f 1711/566/332 1709/560/332 1710/567/332
f 1709/560/332 1711/566/332 1712/568/332
f 1715/569/332 1716/571/332 1714/570/332
f 1720/572/332 1723/573/332 1724/562/332
f 1722/574/332 1718/576/332 1721/575/332
f 1718/576/332 1722/574/332 1717/577/332
f 1718/576/332 1724/562/332 1721/575/332
f 1720/572/332 1722/574/332 1723/573/332
f 1722/574/332 1720/572/332 1717/577/332
f 1718/576/332 1719/578/332 1724/562/332
f 1724/562/332 1719/578/332 1720/572/332
f 1714/570/332 1716/571/332 1713/579/332
f 1725/560/332 1726/567/332 1732/571/332
f 1727/566/332 1732/571/332 1726/567/332
f 1727/566/332 1729/579/332 1732/571/332
f 1729/579/332 1727/566/332 1728/568/332
f 1736/572/332 1734/576/332 1735/578/332
f 1734/576/332 1736/572/332 1733/577/332
f 1729/579/332 1731/569/332 1732/571/332
f 1731/569/332 1729/579/332 1730/570/332
f 1740/562/332 1738/574/332 1739/573/332
f 1738/574/332 1740/562/332 1737/575/332
f 1743/558/332 1741/560/332 1742/559/332
f 1745/561/332 1747/563/332 1748/562/332
f 1745/561/332 1746/564/332 1747/563/332
f 1743/558/332 1744/565/332 1741/560/332
f 1752/580/333 1749/560/334 1750/581/335
f 1754/582/336 1751/583/333 1752/580/333
f 1756/584/337 1753/585/338 1754/582/336
f 1750/586/335 1755/587/339 1756/584/337
f 1760/580/333 1757/560/334 1758/581/335
f 1762/582/336 1759/583/333 1760/580/333
f 1764/584/337 1761/585/338 1762/582/336
f 1758/586/335 1763/587/339 1764/584/337
f 1768/588/340 1765/560/341 1766/581/342
f 1770/580/343 1767/589/344 1768/588/340
f 1772/590/345 1769/583/343 1770/580/343
f 1774/582/346 1771/591/347 1772/590/345
f 1776/592/348 1773/585/349 1774/582/346
f 1778/584/350 1775/593/348 1776/592/348
f 1780/594/351 1777/587/350 1778/584/350
f 1766/586/342 1779/595/342 1780/594/351
f 1784/580/351 1781/560/352 1782/581/352
f 1786/582/353 1783/583/341 1784/580/351
f 1788/584/354 1785/585/353 1786/582/353
f 1782/586/352 1787/587/354 1788/584/354
f 1792/580/351 1789/560/352 1790/581/352
f 1794/582/353 1791/583/341 1792/580/351
f 1796/584/354 1793/585/353 1794/582/353
f 1790/586/352 1795/587/354 1796/584/354
f 1800/580/355 1797/560/356 1798/581/356
f 1802/582/357 1799/583/358 1800/580/355
f 1804/584/359 1801/585/357 1802/582/357
f 1798/586/356 1803/587/360 1804/584/359
f 1808/580/361 1805/560/362 1806/581/363
f 1810/582/364 1807/583/365 1808/580/361
f 1812/584/366 1809/585/367 1810/582/364
f 1806/586/363 1811/587/366 1812/584/366
f 1816/580/351 1813/560/352 1814/581/352
f 1818/582/353 1815/583/342 1816/580/351
f 1820/584/368 1817/585/353 1818/582/353
f 1814/586/352 1819/587/369 1820/584/368
f 1824/580/370 1821/560/371 1822/581/371
f 1826/582/372 1823/583/373 1824/580/370
f 1828/584/374 1825/585/375 1826/582/372
f 1822/586/371 1827/587/374 1828/584/374
f 1832/580/376 1829/560/334 1830/581/335
f 1834/582/336 1831/583/333 1832/580/376
f 1836/584/339 1833/585/338 1834/582/336
f 1830/586/335 1835/587/339 1836/584/339
f 1840/580/376 1837/560/334 1838/581/335
f 1842/582/336 1839/583/333 1840/580/376
f 1844/584/339 1841/585/338 1842/582/336
f 1838/586/335 1843/587/339 1844/584/339
f 1752/580/333 1751/583/333 1749/560/334
f 1754/582/336 1753/585/338 1751/583/333
f 1756/584/337 1755/587/339 1753/585/338
f 1750/586/335 1749/562/334 1755/587/339
f 1760/580/333 1759/583/333 1757/560/334
f 1762/582/336 1761/585/338 1759/583/333
f 1764/584/337 1763/587/339 1761/585/338
f 1758/586/335 1757/562/334 1763/587/339
f 1768/588/340 1767/589/344 1765/560/341
f 1770/580/343 1769/583/343 1767/589/344
f 1772/590/345 1771/591/347 1769/583/343
f 1774/582/346 1773/585/349 1771/591/347
f 1776/592/348 1775/593/348 1773/585/349
f 1778/584/350 1777/587/350 1775/593/348
f 1780/594/351 1779/595/342 1777/587/350
f 1766/586/342 1765/562/341 1779/595/342
f 1784/580/351 1783/583/341 1781/560/352
f 1786/582/353 1785/585/353 1783/583/341
f 1788/584/354 1787/587/354 1785/585/353
f 1782/586/352 1781/562/352 1787/587/354
f 1792/580/351 1791/583/341 1789/560/352
f 1794/582/353 1793/585/353 1791/583/341
f 1796/584/354 1795/587/354 1793/585/353
f 1790/586/352 1789/562/352 1795/587/354
f 1800/580/355 1799/583/358 1797/560/356
f 1802/582/357 1801/585/357 1799/583/358
f 1804/584/359 1803/587/360 1801/585/357
f 1798/586/356 1797/562/356 1803/587/360
f 1808/580/361 1807/583/365 1805/560/362
f 1810/582/364 1809/585/367 1807/583/365
f 1812/584/366 1811/587/366 1809/585/367
f 1806/586/363 1805/562/362 1811/587/366
f 1816/580/351 1815/583/342 1813/560/352
f 1818/582/353 1817/585/353 1815/583/342
f 1820/584/368 1819/587/369 1817/585/353
f 1814/586/352 1813/562/352 1819/587/369
f 1824/580/370 1823/583/373 1821/560/371
f 1826/582/372 1825/585/375 1823/583/373
f 1828/584/374 1827/587/374 1825/585/375
f 1822/586/371 1821/562/371 1827/587/374
f 1832/580/376 1831/583/333 1829/560/334
f 1834/582/336 1833/585/338 1831/583/333
f 1836/584/339 1835/587/339 1833/585/338
f 1830/586/335 1829/562/334 1835/587/339
f 1840/580/376 1839/583/333 1837/560/334
f 1842/582/336 1841/585/338 1839/583/333
f 1844/584/339 1843/587/339 1841/585/338
f 1838/586/335 1837/562/334 1843/587/339
