# Blender 5.2.1 LTS
# www.blender.org
mtllib tutorialText9.mtl
o トーラス.004
v -1.725546 -0.055010 0.112622
v -1.721645 -0.054144 0.120224
v -1.713842 -0.052411 0.120224
v -1.709941 -0.051545 0.112622
v -1.713842 -0.052411 0.105019
v -1.721645 -0.054144 0.105019
v -1.692883 -0.072542 0.112622
v -1.689496 -0.071399 0.120224
v -1.682722 -0.069114 0.120224
v -1.679336 -0.067972 0.112622
v -1.682722 -0.069114 0.105019
v -1.689496 -0.071399 0.105019
v -1.651955 -0.087285 0.112622
v -1.649213 -0.085911 0.120224
v -1.643728 -0.083162 0.120224
v -1.640986 -0.081787 0.112622
v -1.643728 -0.083162 0.105019
v -1.649213 -0.085911 0.105019
v -1.604335 -0.098675 0.112622
v -1.602343 -0.097121 0.120224
v -1.598358 -0.094013 0.120224
v -1.596365 -0.092459 0.112622
v -1.598358 -0.094013 0.105019
v -1.602343 -0.097121 0.105019
v -1.551853 -0.106272 0.112622
v -1.550687 -0.104598 0.120224
v -1.548355 -0.101251 0.120224
v -1.547189 -0.099577 0.112622
v -1.548355 -0.101251 0.105019
v -1.550687 -0.104598 0.105019
v -1.496525 -0.109785 0.112622
v -1.496231 -0.108056 0.120224
v -1.495641 -0.104598 0.120224
v -1.495347 -0.102870 0.112622
v -1.495641 -0.104598 0.105019
v -1.496231 -0.108056 0.105019
v -1.440479 -0.109080 0.112622
v -1.441067 -0.107362 0.120224
v -1.442243 -0.103926 0.120224
v -1.442831 -0.102208 0.112622
v -1.442243 -0.103926 0.105019
v -1.441067 -0.107362 0.105019
v -1.385868 -0.104182 0.112622
v -1.387315 -0.102541 0.120224
v -1.390211 -0.099260 0.120224
v -1.391659 -0.097619 0.112622
v -1.390211 -0.099260 0.105019
v -1.387315 -0.102541 0.105019
v -1.334790 -0.095281 0.112622
v -1.337042 -0.093780 0.120224
v -1.341547 -0.090779 0.120224
v -1.343799 -0.089279 0.112622
v -1.341547 -0.090779 0.105019
v -1.337042 -0.093780 0.105019
v -1.289208 -0.082718 0.112622
v -1.292178 -0.081415 0.120224
v -1.298119 -0.078810 0.120224
v -1.301089 -0.077507 0.112622
v -1.298119 -0.078810 0.105019
v -1.292178 -0.081415 0.105019
v -1.250875 -0.066976 0.112622
v -1.254449 -0.065922 0.120224
v -1.261596 -0.063812 0.120224
v -1.265170 -0.062757 0.112622
v -1.261596 -0.063812 0.105019
v -1.254449 -0.065922 0.105019
v -1.221263 -0.048661 0.112622
v -1.225303 -0.047895 0.120224
v -1.233383 -0.046362 0.120224
v -1.237423 -0.045596 0.112622
v -1.233383 -0.046362 0.105019
v -1.225303 -0.047895 0.105019
v -1.201509 -0.028475 0.112622
v -1.205861 -0.028027 0.120224
v -1.214563 -0.027130 0.120224
v -1.218915 -0.026682 0.112622
v -1.214563 -0.027130 0.105019
v -1.205861 -0.028027 0.105019
v -1.192375 -0.007196 0.112622
v -1.196870 -0.007082 0.120224
v -1.205860 -0.006856 0.120224
v -1.210356 -0.006742 0.112622
v -1.205860 -0.006856 0.105019
v -1.196870 -0.007082 0.105019
v -1.194210 0.014361 0.112622
v -1.198676 0.014134 0.120224
v -1.207608 0.013682 0.120224
v -1.212075 0.013456 0.112622
v -1.207608 0.013682 0.105019
v -1.198676 0.014134 0.105019
v -1.206943 0.035365 0.112622
v -1.211209 0.034808 0.120224
v -1.219741 0.033694 0.120224
v -1.224006 0.033137 0.112622
v -1.219741 0.033694 0.105019
v -1.211209 0.034808 0.105019
v -1.230086 0.055010 0.112622
v -1.233988 0.054144 0.120224
v -1.241790 0.052411 0.120224
v -1.245691 0.051545 0.112622
v -1.241790 0.052411 0.105019
v -1.233988 0.054144 0.105019
v -1.262750 0.072542 0.112622
v -1.266136 0.071399 0.120224
v -1.272910 0.069114 0.120224
v -1.276297 0.067972 0.112622
v -1.272910 0.069114 0.105019
v -1.266136 0.071399 0.105019
v -1.303677 0.087285 0.112622
v -1.306420 0.085911 0.120224
v -1.311904 0.083162 0.120224
v -1.314647 0.081787 0.112622
v -1.311904 0.083162 0.105019
v -1.306420 0.085911 0.105019
v -1.351298 0.098675 0.112622
v -1.353291 0.097121 0.120224
v -1.357275 0.094013 0.120224
v -1.359268 0.092459 0.112622
v -1.357275 0.094013 0.105019
v -1.353291 0.097121 0.105019
v -1.403780 0.106272 0.112622
v -1.404946 0.104598 0.120224
v -1.407278 0.101251 0.120224
v -1.408444 0.099578 0.112622
v -1.407278 0.101251 0.105019
v -1.404946 0.104598 0.105019
v -1.459107 0.109785 0.112622
v -1.459402 0.108056 0.120224
v -1.459991 0.104598 0.120224
v -1.460286 0.102870 0.112622
v -1.459991 0.104598 0.105019
v -1.459402 0.108056 0.105019
v -1.515154 0.109080 0.112622
v -1.514566 0.107362 0.120224
v -1.513390 0.103926 0.120224
v -1.512802 0.102208 0.112622
v -1.513390 0.103926 0.105019
v -1.514566 0.107362 0.105019
v -1.569765 0.104182 0.112622
v -1.568317 0.102541 0.120224
v -1.565421 0.099260 0.120224
v -1.563973 0.097619 0.112622
v -1.565421 0.099260 0.105019
v -1.568317 0.102541 0.105019
v -1.620843 0.095281 0.112622
v -1.618591 0.093780 0.120224
v -1.614086 0.090779 0.120224
v -1.611834 0.089279 0.112622
v -1.614086 0.090779 0.105019
v -1.618591 0.093780 0.105019
v -1.666425 0.082718 0.112622
v -1.663454 0.081415 0.120224
v -1.657514 0.078810 0.120224
v -1.654544 0.077507 0.112622
v -1.657514 0.078810 0.105019
v -1.663454 0.081415 0.105019
v -1.704758 0.066976 0.112622
v -1.701184 0.065922 0.120224
v -1.694037 0.063812 0.120224
v -1.690463 0.062757 0.112622
v -1.694037 0.063812 0.105019
v -1.701184 0.065922 0.105019
v -1.734370 0.048661 0.112622
v -1.730330 0.047895 0.120224
v -1.722250 0.046362 0.120224
v -1.718209 0.045596 0.112622
v -1.722250 0.046362 0.105019
v -1.730330 0.047895 0.105019
v -1.754123 0.028476 0.112622
v -1.749772 0.028027 0.120224
v -1.741069 0.027130 0.120224
v -1.736718 0.026682 0.112622
v -1.741069 0.027130 0.105019
v -1.749772 0.028027 0.105019
v -1.763258 0.007196 0.112622
v -1.758763 0.007082 0.120224
v -1.749772 0.006856 0.120224
v -1.745277 0.006743 0.112622
v -1.749772 0.006856 0.105019
v -1.758763 0.007082 0.105019
v -1.761423 -0.014361 0.112622
v -1.756957 -0.014134 0.120224
v -1.748024 -0.013682 0.120224
v -1.743558 -0.013456 0.112622
v -1.748024 -0.013682 0.105019
v -1.756957 -0.014134 0.105019
v -1.748689 -0.035365 0.112622
v -1.744424 -0.034808 0.120224
v -1.735892 -0.033694 0.120224
v -1.731626 -0.033137 0.112622
v -1.735892 -0.033694 0.105019
v -1.744424 -0.034808 0.105019
v -1.690864 -0.047309 -0.004000
v -1.687509 -0.046564 0.003603
v -1.680799 -0.045074 0.003603
v -1.677444 -0.044329 -0.004000
v -1.680799 -0.045074 -0.011602
v -1.687509 -0.046564 -0.011602
v -1.662774 -0.062386 -0.004000
v -1.659861 -0.061403 0.003603
v -1.654035 -0.059439 0.003603
v -1.651123 -0.058456 -0.004000
v -1.654035 -0.059439 -0.011602
v -1.659861 -0.061403 -0.011602
v -1.627576 -0.075065 -0.004000
v -1.625217 -0.073883 0.003603
v -1.620500 -0.071519 0.003603
v -1.618142 -0.070337 -0.004000
v -1.620500 -0.071519 -0.011602
v -1.625217 -0.073883 -0.011602
v -1.586622 -0.084860 -0.004000
v -1.584909 -0.083524 0.003603
v -1.581482 -0.080851 0.003603
v -1.579768 -0.079515 -0.004000
v -1.581482 -0.080851 -0.011602
v -1.584909 -0.083524 -0.011602
v -1.541487 -0.091394 -0.004000
v -1.540485 -0.089955 0.003603
v -1.538479 -0.087076 0.003603
v -1.537477 -0.085637 -0.004000
v -1.538479 -0.087076 -0.011602
v -1.540485 -0.089955 -0.011602
v -1.493906 -0.094415 -0.004000
v -1.493653 -0.092928 0.003603
v -1.493146 -0.089955 0.003603
v -1.492893 -0.088468 -0.004000
v -1.493146 -0.089955 -0.011602
v -1.493653 -0.092928 -0.011602
v -1.445706 -0.093808 -0.004000
v -1.446212 -0.092331 0.003603
v -1.447223 -0.089376 0.003603
v -1.447729 -0.087899 -0.004000
v -1.447223 -0.089376 -0.011602
v -1.446212 -0.092331 -0.011602
v -1.398740 -0.089596 -0.004000
v -1.399986 -0.088185 0.003603
v -1.402476 -0.085364 0.003603
v -1.403721 -0.083953 -0.004000
v -1.402476 -0.085364 -0.011602
v -1.399986 -0.088185 -0.011602
v -1.354813 -0.081941 -0.004000
v -1.356750 -0.080651 0.003603
v -1.360624 -0.078070 0.003603
v -1.362562 -0.076780 -0.004000
v -1.360624 -0.078070 -0.011602
v -1.356750 -0.080651 -0.011602
v -1.315613 -0.071137 -0.004000
v -1.318167 -0.070017 0.003603
v -1.323276 -0.067777 0.003603
v -1.325831 -0.066656 -0.004000
v -1.323276 -0.067777 -0.011602
v -1.318167 -0.070017 -0.011602
v -1.282646 -0.057600 -0.004000
v -1.285720 -0.056693 0.003603
v -1.291867 -0.054878 0.003603
v -1.294941 -0.053971 -0.004000
v -1.291867 -0.054878 -0.011602
v -1.285720 -0.056693 -0.011602
v -1.257180 -0.041848 -0.004000
v -1.260655 -0.041189 0.003603
v -1.267604 -0.039871 0.003603
v -1.271078 -0.039212 -0.004000
v -1.267604 -0.039871 -0.011602
v -1.260655 -0.041189 -0.011602
v -1.240193 -0.024489 -0.004000
v -1.243935 -0.024103 0.003603
v -1.251419 -0.023332 0.003603
v -1.255161 -0.022946 -0.004000
v -1.251419 -0.023332 -0.011602
v -1.243935 -0.024103 -0.011602
v -1.232337 -0.006188 -0.004000
v -1.236202 -0.006091 0.003603
v -1.243934 -0.005896 0.003603
v -1.247800 -0.005799 -0.004000
v -1.243934 -0.005896 -0.011602
v -1.236202 -0.006091 -0.011602
v -1.233915 0.012350 -0.004000
v -1.237755 0.012156 0.003603
v -1.245438 0.011767 0.003603
v -1.249278 0.011572 -0.004000
v -1.245438 0.011767 -0.011602
v -1.237755 0.012156 -0.011602
v -1.244865 0.030414 -0.004000
v -1.248534 0.029935 0.003603
v -1.255871 0.028977 0.003603
v -1.259540 0.028498 -0.004000
v -1.255871 0.028977 -0.011602
v -1.248534 0.029935 -0.011602
v -1.264769 0.047309 -0.004000
v -1.268124 0.046564 0.003603
v -1.274834 0.045074 0.003603
v -1.278189 0.044329 -0.004000
v -1.274834 0.045074 -0.011602
v -1.268124 0.046564 -0.011602
v -1.292859 0.062386 -0.004000
v -1.295772 0.061403 0.003603
v -1.301597 0.059439 0.003603
v -1.304510 0.058456 -0.004000
v -1.301597 0.059439 -0.011602
v -1.295772 0.061403 -0.011602
v -1.328057 0.075065 -0.004000
v -1.330415 0.073883 0.003603
v -1.335132 0.071519 0.003603
v -1.337491 0.070337 -0.004000
v -1.335132 0.071519 -0.011602
v -1.330415 0.073883 -0.011602
v -1.369011 0.084860 -0.004000
v -1.370724 0.083524 0.003603
v -1.374151 0.080851 0.003603
v -1.375865 0.079515 -0.004000
v -1.374151 0.080851 -0.011602
v -1.370724 0.083524 -0.011602
v -1.414145 0.091394 -0.004000
v -1.415148 0.089955 0.003603
v -1.417153 0.087076 0.003603
v -1.418156 0.085637 -0.004000
v -1.417153 0.087076 -0.011602
v -1.415148 0.089955 -0.011602
v -1.461727 0.094415 -0.004000
v -1.461980 0.092928 0.003603
v -1.462487 0.089955 0.003603
v -1.462740 0.088468 -0.004000
v -1.462487 0.089955 -0.011602
v -1.461980 0.092928 -0.011602
v -1.509927 0.093808 -0.004000
v -1.509421 0.092331 0.003603
v -1.508410 0.089376 0.003603
v -1.507904 0.087899 -0.004000
v -1.508410 0.089376 -0.011602
v -1.509421 0.092331 -0.011602
v -1.556892 0.089597 -0.004000
v -1.555647 0.088185 0.003603
v -1.553156 0.085364 0.003603
v -1.551911 0.083953 -0.004000
v -1.553156 0.085364 -0.011602
v -1.555647 0.088185 -0.011602
v -1.600820 0.081941 -0.004000
v -1.598882 0.080651 0.003603
v -1.595008 0.078070 0.003603
v -1.593071 0.076780 -0.004000
v -1.595008 0.078070 -0.011602
v -1.598882 0.080651 -0.011602
v -1.640019 0.071138 -0.004000
v -1.637465 0.070017 0.003603
v -1.632356 0.067777 0.003603
v -1.629802 0.066656 -0.004000
v -1.632356 0.067777 -0.011602
v -1.637465 0.070017 -0.011602
v -1.672986 0.057600 -0.004000
v -1.669913 0.056693 0.003603
v -1.663766 0.054878 0.003603
v -1.660692 0.053971 -0.004000
v -1.663766 0.054878 -0.011602
v -1.669913 0.056693 -0.011602
v -1.698453 0.041849 -0.004000
v -1.694978 0.041189 0.003603
v -1.688029 0.039871 0.003603
v -1.684554 0.039212 -0.004000
v -1.688029 0.039871 -0.011602
v -1.694978 0.041189 -0.011602
v -1.715440 0.024489 -0.004000
v -1.711698 0.024103 0.003603
v -1.704214 0.023332 0.003603
v -1.700472 0.022946 -0.004000
v -1.704214 0.023332 -0.011602
v -1.711698 0.024103 -0.011602
v -1.723296 0.006188 -0.004000
v -1.719430 0.006091 0.003603
v -1.711699 0.005896 0.003603
v -1.707832 0.005799 -0.004000
v -1.711699 0.005896 -0.011602
v -1.719430 0.006091 -0.011602
v -1.721718 -0.012350 -0.004000
v -1.717877 -0.012156 0.003603
v -1.710195 -0.011767 0.003603
v -1.706354 -0.011572 -0.004000
v -1.710195 -0.011767 -0.011602
v -1.717877 -0.012156 -0.011602
v -1.710767 -0.030414 -0.004000
v -1.707098 -0.029935 0.003603
v -1.699761 -0.028977 0.003603
v -1.696093 -0.028498 -0.004000
v -1.699761 -0.028977 -0.011602
v -1.707098 -0.029935 -0.011602
v -1.656182 -0.039608 -0.120621
v -1.653373 -0.038984 -0.113019
v -1.647755 -0.037736 -0.113019
v -1.644946 -0.037113 -0.120621
v -1.647755 -0.037736 -0.128224
v -1.653373 -0.038984 -0.128224
v -1.632664 -0.052230 -0.120621
v -1.630226 -0.051408 -0.113019
v -1.625349 -0.049763 -0.113019
v -1.622910 -0.048940 -0.120621
v -1.625349 -0.049763 -0.128224
v -1.630226 -0.051408 -0.128224
v -1.603196 -0.062845 -0.120621
v -1.601222 -0.061856 -0.113019
v -1.597273 -0.059876 -0.113019
v -1.595298 -0.058887 -0.120621
v -1.597273 -0.059876 -0.128224
v -1.601222 -0.061856 -0.128224
v -1.568909 -0.071046 -0.120621
v -1.567475 -0.069927 -0.113019
v -1.564606 -0.067689 -0.113019
v -1.563171 -0.066570 -0.120621
v -1.564606 -0.067689 -0.128224
v -1.567475 -0.069927 -0.128224
v -1.531122 -0.076516 -0.120621
v -1.530283 -0.075311 -0.113019
v -1.528604 -0.072901 -0.113019
v -1.527764 -0.071696 -0.120621
v -1.528604 -0.072901 -0.128224
v -1.530283 -0.075311 -0.128224
v -1.491287 -0.079045 -0.120621
v -1.491074 -0.077801 -0.113019
v -1.490650 -0.075311 -0.113019
v -1.490438 -0.074066 -0.120621
v -1.490650 -0.075311 -0.128224
v -1.491074 -0.077801 -0.128224
v -1.450933 -0.078537 -0.120621
v -1.451357 -0.077300 -0.113019
v -1.452204 -0.074827 -0.113019
v -1.452627 -0.073590 -0.120621
v -1.452204 -0.074827 -0.128224
v -1.451357 -0.077300 -0.128224
v -1.411613 -0.075011 -0.120621
v -1.412656 -0.073830 -0.113019
v -1.414741 -0.071467 -0.113019
v -1.415783 -0.070286 -0.120621
v -1.414741 -0.071467 -0.128224
v -1.412656 -0.073830 -0.128224
v -1.374837 -0.068602 -0.120621
v -1.376459 -0.067522 -0.113019
v -1.379702 -0.065361 -0.113019
v -1.381324 -0.064281 -0.120621
v -1.379702 -0.065361 -0.128224
v -1.376459 -0.067522 -0.128224
v -1.342018 -0.059557 -0.120621
v -1.344157 -0.058619 -0.113019
v -1.348434 -0.056743 -0.113019
v -1.350573 -0.055805 -0.120621
v -1.348434 -0.056743 -0.128224
v -1.344157 -0.058619 -0.128224
v -1.314418 -0.048223 -0.120621
v -1.316991 -0.047464 -0.113019
v -1.322138 -0.045945 -0.113019
v -1.324711 -0.045185 -0.120621
v -1.322138 -0.045945 -0.128224
v -1.316991 -0.047464 -0.128224
v -1.293097 -0.035036 -0.120621
v -1.296007 -0.034484 -0.113019
v -1.301825 -0.033381 -0.113019
v -1.304733 -0.032829 -0.120621
v -1.301825 -0.033381 -0.128224
v -1.296007 -0.034484 -0.128224
v -1.278875 -0.020502 -0.120621
v -1.282008 -0.020180 -0.113019
v -1.288274 -0.019534 -0.113019
v -1.291407 -0.019211 -0.120621
v -1.288274 -0.019534 -0.128224
v -1.282008 -0.020180 -0.128224
v -1.272298 -0.005181 -0.120621
v -1.275535 -0.005099 -0.113019
v -1.282008 -0.004936 -0.113019
v -1.285244 -0.004855 -0.120621
v -1.282008 -0.004936 -0.128224
v -1.275535 -0.005099 -0.128224
v -1.273619 0.010340 -0.120621
v -1.276835 0.010177 -0.113019
v -1.283267 0.009851 -0.113019
v -1.286482 0.009688 -0.120621
v -1.283267 0.009851 -0.128224
v -1.276835 0.010177 -0.128224
v -1.282788 0.025463 -0.120621
v -1.285859 0.025062 -0.113019
v -1.292002 0.024260 -0.113019
v -1.295073 0.023859 -0.120621
v -1.292002 0.024260 -0.128224
v -1.285859 0.025062 -0.128224
v -1.299451 0.039607 -0.120621
v -1.302260 0.038984 -0.113019
v -1.307877 0.037736 -0.113019
v -1.310687 0.037112 -0.120621
v -1.307877 0.037736 -0.128224
v -1.302260 0.038984 -0.128224
v -1.322968 0.052230 -0.120621
v -1.325407 0.051408 -0.113019
v -1.330284 0.049762 -0.113019
v -1.332722 0.048940 -0.120621
v -1.330284 0.049762 -0.128224
v -1.325407 0.051408 -0.128224
v -1.352436 0.062845 -0.120621
v -1.354411 0.061856 -0.113019
v -1.358360 0.059876 -0.113019
v -1.360334 0.058887 -0.120621
v -1.358360 0.059876 -0.128224
v -1.354411 0.061856 -0.128224
v -1.386723 0.071046 -0.120621
v -1.388158 0.069927 -0.113019
v -1.391026 0.067689 -0.113019
v -1.392461 0.066570 -0.120621
v -1.391026 0.067689 -0.128224
v -1.388158 0.069927 -0.128224
v -1.424510 0.076516 -0.120621
v -1.425350 0.075311 -0.113019
v -1.427029 0.072901 -0.113019
v -1.427868 0.071696 -0.120621
v -1.427029 0.072901 -0.128224
v -1.425350 0.075311 -0.128224
v -1.464346 0.079045 -0.120621
v -1.464558 0.077800 -0.113019
v -1.464982 0.075311 -0.113019
v -1.465194 0.074066 -0.120621
v -1.464982 0.075311 -0.128224
v -1.464558 0.077800 -0.128224
v -1.504699 0.078537 -0.120621
v -1.504276 0.077300 -0.113019
v -1.503429 0.074827 -0.113019
v -1.503006 0.073590 -0.120621
v -1.503429 0.074827 -0.128224
v -1.504276 0.077300 -0.128224
v -1.544020 0.075011 -0.120621
v -1.542977 0.073830 -0.113019
v -1.540892 0.071467 -0.113019
v -1.539849 0.070286 -0.120621
v -1.540892 0.071467 -0.128224
v -1.542977 0.073830 -0.128224
v -1.580796 0.068602 -0.120621
v -1.579174 0.067522 -0.113019
v -1.575931 0.065361 -0.113019
v -1.574309 0.064281 -0.120621
v -1.575931 0.065361 -0.128224
v -1.579174 0.067522 -0.128224
v -1.613614 0.059557 -0.120621
v -1.611476 0.058619 -0.113019
v -1.607199 0.056743 -0.113019
v -1.605060 0.055805 -0.120621
v -1.607198 0.056743 -0.128224
v -1.611476 0.058619 -0.128224
v -1.641214 0.048223 -0.120621
v -1.638641 0.047464 -0.113019
v -1.633495 0.045945 -0.113019
v -1.630922 0.045185 -0.120621
v -1.633495 0.045945 -0.128224
v -1.638641 0.047464 -0.128224
v -1.662535 0.035036 -0.120621
v -1.659626 0.034484 -0.113019
v -1.653808 0.033381 -0.113019
v -1.650899 0.032829 -0.120621
v -1.653808 0.033381 -0.128224
v -1.659626 0.034484 -0.128224
v -1.676757 0.020502 -0.120621
v -1.673624 0.020179 -0.113019
v -1.667358 0.019534 -0.113019
v -1.664225 0.019211 -0.120621
v -1.667358 0.019534 -0.128224
v -1.673624 0.020179 -0.128224
v -1.683334 0.005181 -0.120621
v -1.680098 0.005099 -0.113019
v -1.673625 0.004936 -0.113019
v -1.670388 0.004855 -0.120621
v -1.673625 0.004936 -0.128224
v -1.680098 0.005099 -0.128224
v -1.682013 -0.010340 -0.120621
v -1.678797 -0.010177 -0.113019
v -1.672366 -0.009851 -0.113019
v -1.669150 -0.009688 -0.120621
v -1.672366 -0.009851 -0.128224
v -1.678797 -0.010177 -0.128224
v -1.672845 -0.025463 -0.120621
v -1.669774 -0.025062 -0.113019
v -1.663631 -0.024260 -0.113019
v -1.660560 -0.023859 -0.120621
v -1.663631 -0.024260 -0.128224
v -1.669774 -0.025062 -0.128224
v -1.621500 -0.031906 -0.237243
v -1.619237 -0.031404 -0.229641
v -1.614711 -0.030399 -0.229641
v -1.612449 -0.029896 -0.237243
v -1.614711 -0.030399 -0.244846
v -1.619237 -0.031404 -0.244846
v -1.602555 -0.042074 -0.237243
v -1.600591 -0.041412 -0.229641
v -1.596662 -0.040086 -0.229641
v -1.594697 -0.039424 -0.237243
v -1.596662 -0.040086 -0.244846
v -1.600591 -0.041412 -0.244846
v -1.578817 -0.050625 -0.237243
v -1.577226 -0.049828 -0.229641
v -1.574045 -0.048234 -0.229641
v -1.572455 -0.047436 -0.237243
v -1.574045 -0.048234 -0.244846
v -1.577226 -0.049828 -0.244846
v -1.551197 -0.057231 -0.237243
v -1.550041 -0.056330 -0.229641
v -1.547730 -0.054527 -0.229641
v -1.546574 -0.053626 -0.237243
v -1.547730 -0.054527 -0.244846
v -1.550041 -0.056330 -0.244846
v -1.520757 -0.061638 -0.237243
v -1.520081 -0.060667 -0.229641
v -1.518728 -0.058726 -0.229641
v -1.518052 -0.057755 -0.237243
v -1.518728 -0.058726 -0.244846
v -1.520081 -0.060667 -0.244846
v -1.488667 -0.063675 -0.237243
v -1.488497 -0.062673 -0.229641
v -1.488155 -0.060667 -0.229641
v -1.487984 -0.059664 -0.237243
v -1.488155 -0.060667 -0.244846
v -1.488497 -0.062673 -0.244846
v -1.456160 -0.063266 -0.237243
v -1.456502 -0.062270 -0.229641
v -1.457184 -0.060277 -0.229641
v -1.457525 -0.059281 -0.237243
v -1.457184 -0.060277 -0.244846
v -1.456502 -0.062270 -0.244846
v -1.424486 -0.060426 -0.237243
v -1.425326 -0.059474 -0.229641
v -1.427006 -0.057571 -0.229641
v -1.427845 -0.056619 -0.237243
v -1.427006 -0.057571 -0.244846
v -1.425326 -0.059474 -0.244846
v -1.394861 -0.055263 -0.237243
v -1.396167 -0.054393 -0.229641
v -1.398780 -0.052652 -0.229641
v -1.400086 -0.051782 -0.237243
v -1.398780 -0.052652 -0.244846
v -1.396167 -0.054393 -0.244846
v -1.368423 -0.047976 -0.237243
v -1.370146 -0.047221 -0.229641
v -1.373592 -0.045710 -0.229641
v -1.375314 -0.044954 -0.237243
v -1.373592 -0.045710 -0.244846
v -1.370146 -0.047221 -0.244846
v -1.346190 -0.038846 -0.237243
v -1.348263 -0.038235 -0.229641
v -1.352409 -0.037011 -0.229641
v -1.354482 -0.036399 -0.237243
v -1.352409 -0.037011 -0.244846
v -1.348263 -0.038235 -0.244846
v -1.329015 -0.028223 -0.237243
v -1.331358 -0.027779 -0.229641
v -1.336045 -0.026890 -0.229641
v -1.338388 -0.026446 -0.237243
v -1.336045 -0.026890 -0.244846
v -1.331358 -0.027779 -0.244846
v -1.317558 -0.016516 -0.237243
v -1.320082 -0.016256 -0.229641
v -1.325130 -0.015735 -0.229641
v -1.327653 -0.015476 -0.237243
v -1.325130 -0.015735 -0.244846
v -1.320082 -0.016256 -0.244846
v -1.312260 -0.004174 -0.237243
v -1.314867 -0.004108 -0.229641
v -1.320082 -0.003976 -0.229641
v -1.322689 -0.003911 -0.237243
v -1.320082 -0.003976 -0.244846
v -1.314867 -0.004108 -0.244846
v -1.313324 0.008329 -0.237243
v -1.315915 0.008198 -0.229641
v -1.321096 0.007936 -0.229641
v -1.323686 0.007804 -0.237243
v -1.321096 0.007936 -0.244846
v -1.315915 0.008198 -0.244846
v -1.320710 0.020512 -0.237243
v -1.323184 0.020189 -0.229641
v -1.328132 0.019543 -0.229641
v -1.330607 0.019220 -0.237243
v -1.328132 0.019543 -0.244846
v -1.323184 0.020189 -0.244846
v -1.334133 0.031906 -0.237243
v -1.336396 0.031404 -0.229641
v -1.340921 0.030399 -0.229641
v -1.343184 0.029896 -0.237243
v -1.340921 0.030399 -0.244846
v -1.336396 0.031404 -0.244846
v -1.353078 0.042074 -0.237243
v -1.355042 0.041412 -0.229641
v -1.358971 0.040086 -0.229641
v -1.360935 0.039424 -0.237243
v -1.358971 0.040086 -0.244846
v -1.355042 0.041412 -0.244846
v -1.376816 0.050625 -0.237243
v -1.378407 0.049828 -0.229641
v -1.381587 0.048234 -0.229641
v -1.383178 0.047436 -0.237243
v -1.381587 0.048234 -0.244846
v -1.378407 0.049828 -0.244846
v -1.404436 0.057231 -0.237243
v -1.405591 0.056330 -0.229641
v -1.407903 0.054527 -0.229641
v -1.409058 0.053626 -0.237243
v -1.407903 0.054527 -0.244846
v -1.405591 0.056330 -0.244846
v -1.434875 0.061638 -0.237243
v -1.435552 0.060667 -0.229641
v -1.436904 0.058726 -0.229641
v -1.437580 0.057755 -0.237243
v -1.436904 0.058726 -0.244846
v -1.435552 0.060667 -0.244846
v -1.466965 0.063675 -0.237243
v -1.467136 0.062673 -0.229641
v -1.467478 0.060667 -0.229641
v -1.467649 0.059664 -0.237243
v -1.467478 0.060667 -0.244846
v -1.467136 0.062673 -0.244846
v -1.499472 0.063266 -0.237243
v -1.499131 0.062270 -0.229641
v -1.498449 0.060277 -0.229641
v -1.498108 0.059281 -0.237243
v -1.498449 0.060277 -0.244846
v -1.499131 0.062270 -0.244846
v -1.531147 0.060426 -0.237243
v -1.530307 0.059474 -0.229641
v -1.528627 0.057571 -0.229641
v -1.527787 0.056619 -0.237243
v -1.528627 0.057571 -0.244846
v -1.530307 0.059474 -0.244846
v -1.560772 0.055263 -0.237243
v -1.559466 0.054393 -0.229641
v -1.556853 0.052652 -0.229641
v -1.555546 0.051782 -0.237243
v -1.556853 0.052652 -0.244846
v -1.559466 0.054393 -0.244846
v -1.587209 0.047976 -0.237243
v -1.585486 0.047221 -0.229641
v -1.582041 0.045710 -0.229641
v -1.580318 0.044954 -0.237243
v -1.582041 0.045710 -0.244846
v -1.585486 0.047221 -0.244846
v -1.609442 0.038846 -0.237243
v -1.607370 0.038235 -0.229641
v -1.603224 0.037011 -0.229641
v -1.601151 0.036399 -0.237243
v -1.603224 0.037011 -0.244846
v -1.607370 0.038235 -0.244846
v -1.626617 0.028223 -0.237243
v -1.624274 0.027779 -0.229641
v -1.619588 0.026890 -0.229641
v -1.617244 0.026445 -0.237243
v -1.619588 0.026890 -0.244846
v -1.624274 0.027779 -0.244846
v -1.638074 0.016516 -0.237243
v -1.635550 0.016256 -0.229641
v -1.630503 0.015736 -0.229641
v -1.627979 0.015475 -0.237243
v -1.630503 0.015736 -0.244846
v -1.635550 0.016256 -0.244846
v -1.643372 0.004174 -0.237243
v -1.640765 0.004108 -0.229641
v -1.635551 0.003976 -0.229641
v -1.632944 0.003911 -0.237243
v -1.635551 0.003976 -0.244846
v -1.640765 0.004108 -0.244846
v -1.642308 -0.008329 -0.237243
v -1.639718 -0.008198 -0.229641
v -1.634537 -0.007936 -0.229641
v -1.631946 -0.007804 -0.237243
v -1.634537 -0.007936 -0.244846
v -1.639718 -0.008198 -0.244846
v -1.634923 -0.020512 -0.237243
v -1.632449 -0.020189 -0.229641
v -1.627500 -0.019543 -0.229641
v -1.625026 -0.019220 -0.237243
v -1.627500 -0.019543 -0.244846
v -1.632449 -0.020189 -0.244846
v -1.586817 -0.024205 -0.353865
v -1.585101 -0.023823 -0.346262
v -1.581668 -0.023061 -0.346262
v -1.579951 -0.022680 -0.353865
v -1.581668 -0.023061 -0.361467
v -1.585101 -0.023823 -0.361467
v -1.572446 -0.031918 -0.353865
v -1.570955 -0.031416 -0.346262
v -1.567975 -0.030410 -0.346262
v -1.566485 -0.029908 -0.353865
v -1.567975 -0.030410 -0.361467
v -1.570955 -0.031416 -0.361467
v -1.554437 -0.038406 -0.353865
v -1.553231 -0.037801 -0.346262
v -1.550817 -0.036591 -0.346262
v -1.549611 -0.035986 -0.353865
v -1.550817 -0.036591 -0.361467
v -1.553231 -0.037801 -0.361467
v -1.533484 -0.043417 -0.353865
v -1.532608 -0.042733 -0.346262
v -1.530854 -0.041366 -0.346262
v -1.529978 -0.040682 -0.353865
v -1.530854 -0.041366 -0.361467
v -1.532608 -0.042733 -0.361467
v -1.510392 -0.046760 -0.353865
v -1.509879 -0.046023 -0.346262
v -1.508853 -0.044551 -0.346262
v -1.508340 -0.043814 -0.353865
v -1.508853 -0.044551 -0.361467
v -1.509879 -0.046023 -0.361467
v -1.486048 -0.048306 -0.353865
v -1.485919 -0.047545 -0.346262
v -1.485659 -0.046023 -0.346262
v -1.485530 -0.045263 -0.353865
v -1.485659 -0.046023 -0.361467
v -1.485919 -0.047545 -0.361467
v -1.461388 -0.047995 -0.353865
v -1.461647 -0.047239 -0.346262
v -1.462164 -0.045728 -0.346262
v -1.462423 -0.044972 -0.353865
v -1.462164 -0.045728 -0.361467
v -1.461647 -0.047239 -0.361467
v -1.437359 -0.045840 -0.353865
v -1.437996 -0.045118 -0.346262
v -1.439270 -0.043674 -0.346262
v -1.439907 -0.042953 -0.353865
v -1.439270 -0.043674 -0.361467
v -1.437996 -0.045118 -0.361467
v -1.414884 -0.041924 -0.353865
v -1.415875 -0.041263 -0.346262
v -1.417858 -0.039943 -0.346262
v -1.418849 -0.039283 -0.353865
v -1.417858 -0.039943 -0.361467
v -1.415875 -0.041263 -0.361467
v -1.394829 -0.036396 -0.353865
v -1.396136 -0.035823 -0.346262
v -1.398749 -0.034676 -0.346262
v -1.400056 -0.034103 -0.353865
v -1.398749 -0.034676 -0.361467
v -1.396136 -0.035823 -0.361467
v -1.377962 -0.029470 -0.353865
v -1.379534 -0.029006 -0.346262
v -1.382679 -0.028077 -0.346262
v -1.384252 -0.027613 -0.353865
v -1.382679 -0.028077 -0.361467
v -1.379534 -0.029006 -0.361467
v -1.364932 -0.021411 -0.353865
v -1.366710 -0.021074 -0.346262
v -1.370266 -0.020399 -0.346262
v -1.372043 -0.020062 -0.353865
v -1.370266 -0.020399 -0.361467
v -1.366710 -0.021074 -0.361467
v -1.356241 -0.012529 -0.353865
v -1.358156 -0.012332 -0.346262
v -1.361985 -0.011937 -0.346262
v -1.363900 -0.011740 -0.353865
v -1.361985 -0.011937 -0.361467
v -1.358156 -0.012332 -0.361467
v -1.352222 -0.003166 -0.353865
v -1.354200 -0.003116 -0.346262
v -1.358156 -0.003017 -0.346262
v -1.360133 -0.002967 -0.353865
v -1.358156 -0.003017 -0.361467
v -1.354200 -0.003116 -0.361467
v -1.353029 0.006319 -0.353865
v -1.354994 0.006219 -0.346262
v -1.358925 0.006020 -0.346262
v -1.360890 0.005921 -0.353865
v -1.358925 0.006020 -0.361467
v -1.354994 0.006219 -0.361467
v -1.358632 0.015561 -0.353865
v -1.360509 0.015315 -0.346262
v -1.364263 0.014825 -0.346262
v -1.366140 0.014580 -0.353865
v -1.364263 0.014825 -0.361467
v -1.360509 0.015315 -0.361467
v -1.368815 0.024204 -0.353865
v -1.370532 0.023823 -0.346262
v -1.373965 0.023061 -0.346262
v -1.375681 0.022680 -0.353865
v -1.373965 0.023061 -0.361467
v -1.370532 0.023823 -0.361467
v -1.383187 0.031918 -0.353865
v -1.384677 0.031416 -0.346262
v -1.387658 0.030410 -0.346262
v -1.389148 0.029908 -0.353865
v -1.387658 0.030410 -0.361467
v -1.384677 0.031416 -0.361467
v -1.401195 0.038406 -0.353865
v -1.402402 0.037801 -0.346262
v -1.404815 0.036591 -0.346262
v -1.406022 0.035986 -0.353865
v -1.404815 0.036591 -0.361467
v -1.402402 0.037801 -0.361467
v -1.422148 0.043417 -0.353865
v -1.423025 0.042733 -0.346262
v -1.424778 0.041366 -0.346262
v -1.425655 0.040682 -0.353865
v -1.424778 0.041366 -0.361467
v -1.423025 0.042733 -0.361467
v -1.445240 0.046760 -0.353865
v -1.445753 0.046023 -0.346262
v -1.446779 0.044550 -0.346262
v -1.447292 0.043814 -0.353865
v -1.446779 0.044550 -0.361467
v -1.445753 0.046023 -0.361467
v -1.469584 0.048305 -0.353865
v -1.469714 0.047545 -0.346262
v -1.469973 0.046023 -0.346262
v -1.470103 0.045263 -0.353865
v -1.469973 0.046023 -0.361467
v -1.469714 0.047545 -0.361467
v -1.494245 0.047995 -0.353865
v -1.493986 0.047239 -0.346262
v -1.493469 0.045727 -0.346262
v -1.493210 0.044972 -0.353865
v -1.493469 0.045727 -0.361467
v -1.493986 0.047239 -0.361467
v -1.518274 0.045840 -0.353865
v -1.517637 0.045118 -0.346262
v -1.516362 0.043674 -0.346262
v -1.515725 0.042952 -0.353865
v -1.516362 0.043674 -0.361467
v -1.517637 0.045118 -0.361467
v -1.540748 0.041923 -0.353865
v -1.539757 0.041263 -0.346262
v -1.537775 0.039943 -0.346262
v -1.536784 0.039283 -0.353865
v -1.537775 0.039943 -0.361467
v -1.539757 0.041263 -0.361467
v -1.560804 0.036396 -0.353865
v -1.559497 0.035823 -0.346262
v -1.556883 0.034676 -0.346262
v -1.555576 0.034103 -0.353865
v -1.556883 0.034676 -0.361467
v -1.559497 0.035823 -0.361467
v -1.577671 0.029470 -0.353865
v -1.576098 0.029005 -0.346262
v -1.572953 0.028077 -0.346262
v -1.571380 0.027613 -0.353865
v -1.572953 0.028077 -0.361467
v -1.576098 0.029005 -0.361467
v -1.590700 0.021411 -0.353865
v -1.588922 0.021074 -0.346262
v -1.585367 0.020399 -0.346262
v -1.583589 0.020062 -0.353865
v -1.585367 0.020399 -0.361467
v -1.588922 0.021074 -0.361467
v -1.599391 0.012529 -0.353865
v -1.597476 0.012332 -0.346262
v -1.593647 0.011937 -0.346262
v -1.591733 0.011740 -0.353865
v -1.593647 0.011937 -0.361467
v -1.597476 0.012332 -0.361467
v -1.603410 0.003166 -0.353865
v -1.601433 0.003116 -0.346262
v -1.597477 0.003016 -0.346262
v -1.595499 0.002967 -0.353865
v -1.597477 0.003016 -0.361467
v -1.601433 0.003116 -0.361467
v -1.602603 -0.006319 -0.353865
v -1.600638 -0.006219 -0.346262
v -1.596708 -0.006020 -0.346262
v -1.594743 -0.005921 -0.353865
v -1.596708 -0.006020 -0.361467
v -1.600638 -0.006219 -0.361467
v -1.597000 -0.015561 -0.353865
v -1.595123 -0.015316 -0.346262
v -1.591370 -0.014825 -0.346262
v -1.589493 -0.014580 -0.353865
v -1.591370 -0.014825 -0.361467
v -1.595123 -0.015316 -0.361467
v -1.552135 -0.016503 -0.470486
v -1.550965 -0.016243 -0.462884
v -1.548624 -0.015724 -0.462884
v -1.547454 -0.015464 -0.470486
v -1.548624 -0.015724 -0.478089
v -1.550965 -0.016243 -0.478089
v -1.542336 -0.021763 -0.470486
v -1.541320 -0.021420 -0.462884
v -1.539288 -0.020734 -0.462884
v -1.538272 -0.020392 -0.470486
v -1.539288 -0.020734 -0.478089
v -1.541320 -0.021420 -0.478089
v -1.530058 -0.026186 -0.470486
v -1.529235 -0.025773 -0.462884
v -1.527590 -0.024949 -0.462884
v -1.526767 -0.024536 -0.470486
v -1.527590 -0.024949 -0.478089
v -1.529235 -0.025773 -0.478089
v -1.515772 -0.029602 -0.470486
v -1.515174 -0.029136 -0.462884
v -1.513979 -0.028204 -0.462884
v -1.513381 -0.027738 -0.470486
v -1.513979 -0.028204 -0.478089
v -1.515174 -0.029136 -0.478089
v -1.500027 -0.031882 -0.470486
v -1.499677 -0.031380 -0.462884
v -1.498978 -0.030375 -0.462884
v -1.498628 -0.029873 -0.470486
v -1.498978 -0.030375 -0.478089
v -1.499677 -0.031380 -0.478089
v -1.483429 -0.032936 -0.470486
v -1.483340 -0.032417 -0.462884
v -1.483164 -0.031380 -0.462884
v -1.483075 -0.030861 -0.470486
v -1.483164 -0.031380 -0.478089
v -1.483340 -0.032417 -0.478089
v -1.466615 -0.032724 -0.470486
v -1.466791 -0.032209 -0.462884
v -1.467144 -0.031178 -0.462884
v -1.467321 -0.030663 -0.470486
v -1.467144 -0.031178 -0.478089
v -1.466791 -0.032209 -0.478089
v -1.450232 -0.031255 -0.470486
v -1.450666 -0.030763 -0.462884
v -1.451535 -0.029778 -0.462884
v -1.451969 -0.029286 -0.470486
v -1.451535 -0.029778 -0.478089
v -1.450666 -0.030763 -0.478089
v -1.434908 -0.028584 -0.470486
v -1.435584 -0.028134 -0.462884
v -1.436935 -0.027234 -0.462884
v -1.437611 -0.026784 -0.470486
v -1.436935 -0.027234 -0.478089
v -1.435584 -0.028134 -0.478089
v -1.421234 -0.024815 -0.470486
v -1.422125 -0.024425 -0.462884
v -1.423907 -0.023643 -0.462884
v -1.424798 -0.023252 -0.470486
v -1.423907 -0.023643 -0.478089
v -1.422125 -0.024425 -0.478089
v -1.409734 -0.020093 -0.470486
v -1.410806 -0.019777 -0.462884
v -1.412950 -0.019144 -0.462884
v -1.414022 -0.018827 -0.470486
v -1.412950 -0.019144 -0.478089
v -1.410806 -0.019777 -0.478089
v -1.400850 -0.014598 -0.470486
v -1.402062 -0.014369 -0.462884
v -1.404486 -0.013909 -0.462884
v -1.405698 -0.013679 -0.470486
v -1.404486 -0.013909 -0.478089
v -1.402062 -0.014369 -0.478089
v -1.394924 -0.008543 -0.470486
v -1.396230 -0.008408 -0.462884
v -1.398841 -0.008139 -0.462884
v -1.400146 -0.008005 -0.470486
v -1.398841 -0.008139 -0.478089
v -1.396230 -0.008408 -0.478089
v -1.392184 -0.002159 -0.470486
v -1.393532 -0.002125 -0.462884
v -1.396230 -0.002057 -0.462884
v -1.397578 -0.002023 -0.470486
v -1.396230 -0.002057 -0.478089
v -1.393532 -0.002125 -0.478089
v -1.392734 0.004308 -0.470486
v -1.394074 0.004240 -0.462884
v -1.396754 0.004105 -0.462884
v -1.398094 0.004037 -0.470486
v -1.396754 0.004105 -0.478089
v -1.394074 0.004240 -0.478089
v -1.396554 0.010609 -0.470486
v -1.397834 0.010442 -0.462884
v -1.400393 0.010108 -0.462884
v -1.401673 0.009941 -0.470486
v -1.400393 0.010108 -0.478089
v -1.397834 0.010442 -0.478089
v -1.403497 0.016503 -0.470486
v -1.404668 0.016243 -0.462884
v -1.407008 0.015723 -0.462884
v -1.408179 0.015463 -0.470486
v -1.407008 0.015723 -0.478089
v -1.404668 0.016243 -0.478089
v -1.413296 0.021762 -0.470486
v -1.414312 0.021420 -0.462884
v -1.416345 0.020734 -0.462884
v -1.417361 0.020392 -0.470486
v -1.416345 0.020734 -0.478089
v -1.414312 0.021420 -0.478089
v -1.425575 0.026185 -0.470486
v -1.426398 0.025773 -0.462884
v -1.428043 0.024948 -0.462884
v -1.428866 0.024536 -0.470486
v -1.428043 0.024948 -0.478089
v -1.426398 0.025773 -0.478089
v -1.439861 0.029602 -0.470486
v -1.440459 0.029136 -0.462884
v -1.441654 0.028204 -0.462884
v -1.442252 0.027738 -0.470486
v -1.441654 0.028204 -0.478089
v -1.440459 0.029136 -0.478089
v -1.455606 0.031882 -0.470486
v -1.455955 0.031379 -0.462884
v -1.456655 0.030375 -0.462884
v -1.457004 0.029873 -0.470486
v -1.456655 0.030375 -0.478089
v -1.455955 0.031379 -0.478089
v -1.472203 0.032935 -0.470486
v -1.472292 0.032417 -0.462884
v -1.472469 0.031379 -0.462884
v -1.472557 0.030861 -0.470486
v -1.472469 0.031379 -0.478089
v -1.472292 0.032417 -0.478089
v -1.489017 0.032724 -0.470486
v -1.488841 0.032208 -0.462884
v -1.488488 0.031178 -0.462884
v -1.488312 0.030662 -0.470486
v -1.488488 0.031178 -0.478089
v -1.488841 0.032208 -0.478089
v -1.505401 0.031255 -0.470486
v -1.504967 0.030762 -0.462884
v -1.504098 0.029778 -0.462884
v -1.503663 0.029286 -0.470486
v -1.504098 0.029778 -0.478089
v -1.504967 0.030762 -0.478089
v -1.520725 0.028584 -0.470486
v -1.520049 0.028134 -0.462884
v -1.518697 0.027234 -0.462884
v -1.518021 0.026784 -0.470486
v -1.518697 0.027234 -0.478089
v -1.520049 0.028134 -0.478089
v -1.534399 0.024815 -0.470486
v -1.533508 0.024425 -0.462884
v -1.531726 0.023643 -0.462884
v -1.530835 0.023252 -0.470486
v -1.531726 0.023643 -0.478089
v -1.533508 0.024425 -0.478089
v -1.545899 0.020093 -0.470486
v -1.544827 0.019776 -0.462884
v -1.542682 0.019144 -0.462884
v -1.541610 0.018827 -0.470486
v -1.542682 0.019144 -0.478089
v -1.544827 0.019776 -0.478089
v -1.554782 0.014598 -0.470486
v -1.553570 0.014368 -0.462884
v -1.551146 0.013909 -0.462884
v -1.549934 0.013679 -0.470486
v -1.551146 0.013909 -0.478089
v -1.553570 0.014368 -0.478089
v -1.560708 0.008543 -0.470486
v -1.559403 0.008408 -0.462884
v -1.556792 0.008139 -0.462884
v -1.555487 0.008005 -0.470486
v -1.556792 0.008139 -0.478089
v -1.559403 0.008408 -0.478089
v -1.563449 0.002159 -0.470486
v -1.562100 0.002125 -0.462884
v -1.559403 0.002057 -0.462884
v -1.558055 0.002023 -0.470486
v -1.559403 0.002057 -0.478089
v -1.562100 0.002125 -0.478089
v -1.562898 -0.004308 -0.470486
v -1.561558 -0.004240 -0.462884
v -1.558879 -0.004105 -0.462884
v -1.557539 -0.004037 -0.470486
v -1.558879 -0.004105 -0.478089
v -1.561558 -0.004240 -0.478089
v -1.559078 -0.010610 -0.470486
v -1.557798 -0.010442 -0.462884
v -1.555239 -0.010108 -0.462884
v -1.553959 -0.009941 -0.470486
v -1.555239 -0.010108 -0.478089
v -1.557798 -0.010442 -0.478089
v -1.263057 -0.063381 0.176693
v -1.642606 -0.082600 0.176693
v -1.477816 -0.000000 -0.583307
v -1.313026 0.082600 0.176693
v -1.692575 0.063381 0.176693
v -1.220051 -0.076073 0.241562
v -1.675607 -0.099141 0.241562
v -1.280026 0.099141 0.241562
v -1.735582 0.076073 0.241562
v -1.374672 -0.030441 0.307371
v -1.556962 -0.039671 0.307371
v -1.398671 0.039671 0.307371
v -1.580961 0.030441 0.307371
v -1.116683 -0.032965 0.345664
v -0.979219 -0.058783 0.291130
v -1.186161 -0.054778 0.014699
v -1.188161 -0.089263 0.345664
v -1.050697 -0.115081 0.291130
v -1.161850 0.074905 0.345664
v -1.017183 0.094034 0.291130
v -1.170877 0.040586 0.014699
v -1.108890 0.015657 0.345664
v -0.964223 0.034786 0.291130
v -1.392106 0.138898 0.345664
v -1.324980 0.191768 0.291130
v -1.335394 0.112175 0.014699
v -1.245731 0.111406 0.345664
v -1.178604 0.164277 0.291130
v -1.672570 0.121526 0.345664
v -1.722306 0.177167 0.291130
v -1.583340 0.118053 0.014699
v -1.518525 0.141895 0.345664
v -1.568260 0.197536 0.291130
v -1.838950 0.032966 0.345664
v -1.976414 0.058783 0.291130
v -1.769472 0.054778 0.014699
v -1.767472 0.089264 0.345664
v -1.904935 0.115082 0.291130
v -1.793783 -0.074905 0.345664
v -1.938450 -0.094034 0.291130
v -1.784755 -0.040586 0.014699
v -1.846743 -0.015657 0.345664
v -1.991410 -0.034786 0.291130
v -1.563527 -0.138898 0.345664
v -1.630653 -0.191768 0.291130
v -1.620239 -0.112175 0.014699
v -1.709901 -0.111406 0.345664
v -1.777028 -0.164277 0.291130
v -1.283062 -0.121525 0.345664
v -1.233327 -0.177167 0.291130
v -1.372293 -0.118053 0.014699
v -1.437108 -0.141895 0.345664
v -1.387372 -0.197536 0.291130
vn -0.4473 -0.8334 0.3245
vn -0.0000 -0.0000 1.0000
vn 0.4473 0.8334 0.3245
vn 0.4473 0.8334 -0.3245
vn -0.0000 -0.0000 -1.0000
vn -0.4473 -0.8334 -0.3245
vn -0.3253 -0.9030 0.2806
vn 0.3253 0.9030 0.2806
vn 0.3253 0.9030 -0.2806
vn -0.3253 -0.9030 -0.2806
vn -0.2251 -0.9413 0.2514
vn 0.2251 0.9413 0.2514
vn 0.2251 0.9413 -0.2514
vn -0.2251 -0.9413 -0.2514
vn -0.1393 -0.9624 0.2332
vn 0.1393 0.9624 0.2332
vn 0.1393 0.9624 -0.2332
vn -0.1393 -0.9624 -0.2332
vn -0.0618 -0.9727 0.2236
vn 0.0618 0.9727 0.2236
vn 0.0618 0.9727 -0.2236
vn -0.0618 -0.9727 -0.2236
vn 0.0123 -0.9751 0.2213
vn -0.0123 0.9751 0.2213
vn -0.0123 0.9751 -0.2213
vn 0.0123 -0.9751 -0.2213
vn 0.0870 -0.9702 0.2259
vn 0.0870 -0.9702 0.2260
vn -0.0870 0.9702 0.2260
vn -0.0870 0.9702 -0.2260
vn 0.0870 -0.9702 -0.2260
vn 0.0870 -0.9702 -0.2259
vn 0.1667 -0.9568 0.2382
vn -0.1667 0.9568 0.2382
vn -0.1667 0.9568 -0.2382
vn 0.1667 -0.9568 -0.2382
vn 0.2566 -0.9310 0.2598
vn -0.2566 0.9310 0.2598
vn -0.2566 0.9310 -0.2597
vn 0.2566 -0.9310 -0.2597
vn 0.3631 -0.8843 0.2934
vn -0.3631 0.8843 0.2934
vn -0.3631 0.8843 -0.2934
vn -0.3632 0.8843 -0.2934
vn 0.3632 -0.8843 -0.2934
vn 0.3631 -0.8843 -0.2934
vn 0.4941 -0.7988 0.3431
vn -0.4941 0.7988 0.3431
vn -0.4941 0.7988 -0.3431
vn 0.4941 -0.7988 -0.3431
vn 0.6517 -0.6377 0.4106
vn -0.6517 0.6377 0.4106
vn -0.6517 0.6377 -0.4106
vn 0.6517 -0.6377 -0.4106
vn 0.8054 -0.3457 0.4814
vn -0.8054 0.3457 0.4814
vn -0.8054 0.3457 -0.4814
vn 0.8054 -0.3457 -0.4814
vn 0.8590 0.0731 0.5068
vn -0.8590 -0.0731 0.5068
vn -0.8590 -0.0731 -0.5068
vn 0.8590 0.0731 -0.5068
vn 0.7594 0.4604 0.4598
vn -0.7594 -0.4604 0.4598
vn -0.7594 -0.4604 -0.4598
vn 0.7594 0.4604 -0.4598
vn 0.5969 0.7032 0.3864
vn 0.5969 0.7031 0.3864
vn -0.5969 -0.7031 0.3864
vn -0.5969 -0.7032 -0.3864
vn 0.5969 0.7032 -0.3864
vn -0.0870 0.9702 0.2259
vn -0.0870 0.9702 -0.2259
vn 0.2566 -0.9310 -0.2598
vn -0.2566 0.9310 -0.2598
vn -0.4941 0.7989 0.3431
vn -0.5969 -0.7032 0.3864
vn -0.4536 -0.8451 0.2830
vn 0.4536 0.8451 0.2830
vn 0.4536 0.8451 -0.2830
vn -0.4536 -0.8451 -0.2830
vn -0.3287 -0.9124 0.2439
vn -0.3287 -0.9124 0.2438
vn 0.3287 0.9124 0.2438
vn 0.3287 0.9124 -0.2438
vn -0.3287 -0.9124 -0.2438
vn -0.2270 -0.9492 0.2180
vn 0.2270 0.9492 0.2180
vn 0.2270 0.9492 -0.2180
vn -0.2270 -0.9492 -0.2180
vn -0.1403 -0.9693 0.2020
vn 0.1403 0.9693 0.2020
vn 0.1403 0.9693 -0.2020
vn -0.1403 -0.9693 -0.2020
vn -0.0622 -0.9791 0.1936
vn 0.0622 0.9791 0.1936
vn 0.0622 0.9791 -0.1936
vn -0.0622 -0.9791 -0.1936
vn 0.0124 -0.9814 0.1915
vn -0.0124 0.9814 0.1915
vn -0.0124 0.9814 -0.1915
vn 0.0124 -0.9814 -0.1915
vn 0.0876 -0.9768 0.1956
vn -0.0876 0.9768 0.1956
vn -0.0876 0.9768 -0.1956
vn 0.0876 -0.9768 -0.1956
vn 0.1680 -0.9639 0.2064
vn -0.1680 0.9639 0.2064
vn -0.1680 0.9639 -0.2064
vn 0.1680 -0.9639 -0.2064
vn 0.2589 -0.9392 0.2254
vn 0.2589 -0.9393 0.2254
vn -0.2589 0.9392 0.2254
vn -0.2589 0.9393 -0.2254
vn 0.2589 -0.9392 -0.2254
vn 0.2589 -0.9393 -0.2254
vn 0.3673 -0.8944 0.2552
vn -0.3673 0.8944 0.2552
vn -0.3673 0.8944 -0.2552
vn 0.3673 -0.8944 -0.2552
vn 0.5018 -0.8114 0.2997
vn -0.5018 0.8114 0.2997
vn -0.5018 0.8114 -0.2997
vn 0.5018 -0.8114 -0.2997
vn 0.6665 -0.6522 0.3611
vn 0.6665 -0.6522 0.3612
vn -0.6665 0.6522 0.3612
vn -0.6665 0.6522 -0.3612
vn 0.6665 -0.6522 -0.3611
vn 0.8309 -0.3567 0.4271
vn -0.8309 0.3567 0.4271
vn -0.8309 0.3567 -0.4271
vn 0.8309 -0.3567 -0.4271
vn 0.8892 0.0757 0.4512
vn -0.8892 -0.0757 0.4512
vn -0.8892 -0.0757 -0.4512
vn 0.8892 0.0757 -0.4512
vn 0.7812 0.4736 0.4068
vn -0.7812 -0.4736 0.4068
vn -0.7812 -0.4736 -0.4068
vn 0.7812 0.4736 -0.4068
vn 0.6088 0.7172 0.3390
vn -0.6088 -0.7172 0.3390
vn -0.6088 -0.7172 -0.3390
vn 0.6088 0.7172 -0.3389
vn 0.6088 0.7172 -0.3390
vn 0.3287 0.9124 0.2439
vn -0.2589 0.9393 0.2254
vn -0.6665 0.6522 0.3611
vn 0.6665 -0.6522 -0.3612
vn -0.6665 0.6522 -0.3611
vn -0.4591 -0.8554 0.2398
vn 0.4591 0.8554 0.2398
vn 0.4591 0.8554 -0.2398
vn -0.4591 -0.8554 -0.2398
vn -0.3316 -0.9206 0.2060
vn 0.3316 0.9206 0.2060
vn 0.3316 0.9206 -0.2060
vn -0.3316 -0.9206 -0.2060
vn -0.2286 -0.9560 0.1838
vn 0.2286 0.9560 0.1838
vn 0.2286 0.9560 -0.1838
vn -0.2286 -0.9560 -0.1838
vn -0.1412 -0.9752 0.1702
vn -0.1412 -0.9753 0.1702
vn 0.1412 0.9752 0.1702
vn 0.1412 0.9753 0.1702
vn 0.1412 0.9753 -0.1702
vn 0.1412 0.9752 -0.1702
vn 0.1412 0.9753 -0.1701
vn -0.1412 -0.9753 -0.1702
vn -0.0625 -0.9846 0.1630
vn 0.0625 0.9846 0.1630
vn 0.0625 0.9846 -0.1630
vn -0.0625 -0.9846 -0.1630
vn 0.0124 -0.9868 0.1612
vn -0.0124 0.9868 0.1612
vn -0.0124 0.9868 -0.1612
vn 0.0124 -0.9868 -0.1612
vn 0.0881 -0.9824 0.1647
vn -0.0881 0.9824 0.1647
vn -0.0881 0.9824 -0.1647
vn 0.0881 -0.9824 -0.1647
vn 0.1691 -0.9701 0.1739
vn -0.1691 0.9701 0.1739
vn -0.1691 0.9701 -0.1739
vn 0.1691 -0.9701 -0.1739
vn 0.2609 -0.9465 0.1902
vn 0.2609 -0.9465 0.1901
vn -0.2609 0.9465 0.1902
vn -0.2609 0.9465 0.1901
vn -0.2609 0.9465 -0.1901
vn 0.2609 -0.9465 -0.1901
vn 0.2609 -0.9465 -0.1902
vn 0.3709 -0.9033 0.2158
vn -0.3709 0.9033 0.2158
vn -0.3709 0.9033 -0.2158
vn 0.3709 -0.9033 -0.2158
vn 0.3709 -0.9033 -0.2157
vn 0.5087 -0.8225 0.2544
vn -0.5087 0.8225 0.2543
vn -0.5087 0.8225 -0.2543
vn 0.5087 -0.8225 -0.2543
vn 0.5087 -0.8225 -0.2544
vn 0.6799 -0.6653 0.3084
vn -0.6799 0.6653 0.3085
vn -0.6799 0.6653 0.3084
vn -0.6799 0.6653 -0.3084
vn 0.6799 -0.6653 -0.3084
vn 0.8545 -0.3668 0.3677
vn -0.8545 0.3668 0.3677
vn -0.8545 0.3668 0.3678
vn -0.8545 0.3668 -0.3677
vn -0.8545 0.3668 -0.3678
vn 0.8545 -0.3668 -0.3677
vn 0.9176 0.0781 0.3898
vn -0.9176 -0.0781 0.3898
vn -0.9176 -0.0781 -0.3898
vn 0.9176 0.0781 -0.3898
vn 0.8013 0.4857 0.3494
vn 0.8013 0.4858 0.3493
vn -0.8013 -0.4857 0.3493
vn -0.8013 -0.4857 -0.3493
vn 0.8013 0.4858 -0.3493
vn 0.8013 0.4857 -0.3493
vn 0.6196 0.7299 0.2888
vn -0.6196 -0.7299 0.2888
vn -0.6196 -0.7299 -0.2888
vn 0.6196 0.7299 -0.2888
vn -0.1412 -0.9753 -0.1701
vn -0.2609 0.9465 -0.1902
vn -0.3709 0.9032 0.2158
vn -0.5087 0.8225 0.2544
vn 0.5087 -0.8225 0.2543
vn -0.5087 0.8225 -0.2544
vn 0.8013 0.4857 0.3493
vn -0.8013 -0.4858 -0.3493
vn -0.4638 -0.8642 0.1952
vn 0.4638 0.8642 0.1952
vn 0.4638 0.8642 -0.1952
vn -0.4638 -0.8642 -0.1952
vn -0.3341 -0.9276 0.1672
vn 0.3341 0.9276 0.1672
vn 0.3341 0.9276 -0.1672
vn -0.3341 -0.9276 -0.1672
vn -0.2300 -0.9617 0.1490
vn 0.2300 0.9617 0.1490
vn 0.2300 0.9617 -0.1490
vn -0.2300 -0.9617 -0.1490
vn -0.1419 -0.9802 0.1378
vn 0.1419 0.9802 0.1378
vn 0.1419 0.9802 -0.1378
vn -0.1419 -0.9802 -0.1378
vn -0.0628 -0.9893 0.1319
vn 0.0628 0.9893 0.1319
vn 0.0628 0.9893 -0.1319
vn -0.0628 -0.9893 -0.1319
vn 0.0125 -0.9914 0.1305
vn -0.0125 0.9914 0.1305
vn -0.0125 0.9914 -0.1305
vn 0.0125 -0.9914 -0.1305
vn 0.0885 -0.9871 0.1333
vn -0.0885 0.9871 0.1333
vn -0.0885 0.9871 -0.1333
vn 0.0885 -0.9871 -0.1333
vn 0.1700 -0.9753 0.1409
vn -0.1700 0.9753 0.1409
vn -0.1700 0.9753 0.1408
vn -0.1700 0.9753 -0.1408
vn -0.1700 0.9753 -0.1409
vn 0.1700 -0.9753 -0.1409
vn 0.2625 -0.9525 0.1542
vn -0.2625 0.9525 0.1541
vn -0.2625 0.9525 0.1542
vn -0.2625 0.9525 -0.1541
vn 0.2625 -0.9525 -0.1542
vn 0.3740 -0.9107 0.1753
vn -0.3740 0.9107 0.1753
vn -0.3740 0.9107 -0.1752
vn 0.3740 -0.9107 -0.1753
vn 0.5146 -0.8320 0.2073
vn -0.5146 0.8320 0.2073
vn -0.5146 0.8320 0.2072
vn -0.5146 0.8320 -0.2072
vn 0.5146 -0.8320 -0.2073
vn 0.6915 -0.6767 0.2527
vn -0.6915 0.6767 0.2527
vn -0.6915 0.6767 -0.2527
vn 0.6915 -0.6767 -0.2527
vn 0.8756 -0.3759 0.3035
vn -0.8756 0.3758 0.3035
vn -0.8756 0.3759 -0.3035
vn -0.8756 0.3758 -0.3035
vn 0.8756 -0.3759 -0.3035
vn 0.9431 0.0803 0.3227
vn -0.9431 -0.0802 0.3227
vn -0.9431 -0.0802 -0.3227
vn 0.9431 0.0803 -0.3227
vn 0.8190 0.4965 0.2876
vn -0.8190 -0.4965 0.2876
vn -0.8190 -0.4965 -0.2876
vn 0.8190 0.4965 -0.2876
vn 0.6288 0.7408 0.2361
vn -0.6289 -0.7408 0.2361
vn -0.6288 -0.7408 0.2361
vn -0.6288 -0.7408 -0.2361
vn -0.6289 -0.7408 -0.2361
vn 0.6288 0.7408 -0.2361
vn -0.4638 -0.8642 0.1951
vn -0.4638 -0.8642 -0.1951
vn 0.2625 -0.9525 0.1541
vn 0.2625 -0.9525 -0.1541
vn -0.2625 0.9525 -0.1542
vn 0.3740 -0.9107 -0.1752
vn 0.5146 -0.8320 -0.2072
vn -0.8756 0.3758 0.3036
vn 0.8756 -0.3758 0.3035
vn 0.8756 -0.3758 -0.3035
vn -0.9431 -0.0803 0.3227
vn -0.9431 -0.0803 -0.3227
vn -0.4676 -0.8712 0.1493
vn 0.4676 0.8712 0.1493
vn 0.4676 0.8712 -0.1493
vn -0.4676 -0.8712 -0.1493
vn -0.3361 -0.9331 0.1276
vn 0.3361 0.9331 0.1276
vn 0.3361 0.9331 -0.1276
vn -0.3361 -0.9331 -0.1276
vn -0.2311 -0.9663 0.1136
vn -0.2311 -0.9663 0.1135
vn 0.2311 0.9663 0.1136
vn 0.2311 0.9663 -0.1135
vn -0.2311 -0.9663 -0.1135
vn -0.1425 -0.9842 0.1049
vn 0.1425 0.9842 0.1049
vn 0.1425 0.9842 -0.1049
vn -0.1425 -0.9842 -0.1049
vn -0.0631 -0.9929 0.1004
vn 0.0631 0.9929 0.1004
vn 0.0631 0.9929 -0.1004
vn -0.0631 -0.9929 -0.1004
vn 0.0125 -0.9950 0.0994
vn -0.0125 0.9950 0.0993
vn -0.0125 0.9950 -0.0993
vn 0.0125 -0.9950 -0.0993
vn 0.0125 -0.9950 -0.0994
vn 0.0889 -0.9909 0.1015
vn -0.0889 0.9909 0.1015
vn -0.0889 0.9909 -0.1015
vn 0.0889 -0.9909 -0.1015
vn 0.1707 -0.9795 0.1073
vn -0.1707 0.9795 0.1073
vn -0.1707 0.9795 -0.1073
vn 0.1707 -0.9795 -0.1073
vn 0.2639 -0.9574 0.1176
vn 0.2639 -0.9574 0.1175
vn -0.2639 0.9574 0.1175
vn -0.2639 0.9574 -0.1175
vn 0.2639 -0.9574 -0.1175
vn 0.3764 -0.9167 0.1338
vn 0.3765 -0.9167 0.1338
vn -0.3764 0.9167 0.1338
vn -0.3764 0.9167 -0.1338
vn 0.3765 -0.9167 -0.1338
vn 0.5194 -0.8397 0.1587
vn -0.5194 0.8397 0.1587
vn -0.5194 0.8397 -0.1587
vn 0.5194 -0.8397 -0.1587
vn 0.7011 -0.6861 0.1944
vn -0.7011 0.6861 0.1944
vn -0.7011 0.6861 -0.1944
vn -0.7011 0.6861 -0.1943
vn 0.7011 -0.6861 -0.1944
vn 0.8932 -0.3834 0.2349
vn -0.8932 0.3834 0.2349
vn -0.8932 0.3834 -0.2349
vn 0.8932 -0.3834 -0.2349
vn 0.9646 0.0821 0.2504
vn 0.9646 0.0821 0.2505
vn -0.9646 -0.0821 0.2504
vn -0.9646 -0.0821 -0.2504
vn -0.9647 -0.0821 -0.2504
vn 0.9646 0.0821 -0.2504
vn 0.8338 0.5055 0.2221
vn -0.8338 -0.5055 0.2222
vn -0.8338 -0.5054 0.2221
vn -0.8338 -0.5054 -0.2221
vn -0.8338 -0.5055 -0.2221
vn 0.8338 0.5055 -0.2221
vn 0.6364 0.7497 0.1813
vn -0.6364 -0.7497 0.1813
vn -0.6364 -0.7497 -0.1813
vn 0.6364 0.7497 -0.1813
vn -0.4676 -0.8712 -0.1492
vn 0.4676 0.8712 -0.1492
vn 0.0630 0.9929 0.1004
vn 0.0630 0.9929 -0.1004
vn 0.0125 -0.9950 0.0993
vn -0.2639 0.9574 0.1176
vn -0.3765 0.9167 0.1338
vn -0.3765 0.9167 -0.1338
vn 0.5193 -0.8397 0.1587
vn -0.9647 -0.0821 0.2504
vn -0.8338 -0.5055 0.2221
vn -0.4704 -0.8765 0.1024
vn 0.4704 0.8765 0.1024
vn 0.4704 0.8765 -0.1024
vn -0.4704 -0.8765 -0.1024
vn -0.3376 -0.9372 0.0874
vn 0.3376 0.9372 0.0874
vn 0.3376 0.9372 -0.0874
vn -0.3376 -0.9372 -0.0874
vn -0.3376 -0.9372 -0.0873
vn -0.2319 -0.9696 0.0777
vn 0.2319 0.9696 0.0777
vn 0.2319 0.9696 -0.0777
vn -0.2319 -0.9696 -0.0777
vn -0.1429 -0.9871 0.0718
vn 0.1429 0.9871 0.0718
vn 0.1429 0.9871 -0.0718
vn -0.1429 -0.9871 -0.0718
vn -0.0632 -0.9956 0.0687
vn 0.0632 0.9956 0.0687
vn 0.0632 0.9956 -0.0687
vn -0.0632 -0.9956 -0.0687
vn -0.0632 -0.9956 -0.0686
vn 0.0126 -0.9976 0.0679
vn -0.0126 0.9976 0.0679
vn -0.0126 0.9976 -0.0679
vn 0.0126 -0.9976 -0.0679
vn 0.0891 -0.9936 0.0694
vn -0.0891 0.9936 0.0694
vn -0.0891 0.9936 -0.0694
vn 0.0891 -0.9936 -0.0694
vn 0.1712 -0.9825 0.0734
vn -0.1712 0.9825 0.0734
vn -0.1712 0.9825 -0.0734
vn 0.1712 -0.9825 -0.0734
vn 0.2648 -0.9609 0.0804
vn -0.2648 0.9609 0.0804
vn -0.2649 0.9609 0.0804
vn -0.2648 0.9609 -0.0804
vn 0.2648 -0.9609 -0.0804
vn 0.3783 -0.9211 0.0917
vn -0.3783 0.9211 0.0917
vn -0.3783 0.9211 -0.0917
vn -0.3783 0.9212 -0.0917
vn 0.3783 -0.9211 -0.0917
vn 0.5229 -0.8454 0.1089
vn -0.5229 0.8454 0.1089
vn -0.5229 0.8454 -0.1089
vn 0.5229 -0.8454 -0.1089
vn 0.7083 -0.6931 0.1339
vn -0.7083 0.6931 0.1339
vn -0.7083 0.6931 -0.1339
vn 0.7083 -0.6931 -0.1339
vn 0.9067 -0.3892 0.1626
vn -0.9067 0.3892 0.1626
vn -0.9067 0.3892 -0.1626
vn 0.9067 -0.3892 -0.1626
vn 0.9067 -0.3892 -0.1625
vn 0.9813 0.0835 0.1737
vn 0.9813 0.0835 0.1736
vn -0.9813 -0.0835 0.1737
vn -0.9812 -0.0835 0.1737
vn -0.9813 -0.0835 -0.1737
vn 0.9813 0.0835 -0.1736
vn 0.8450 0.5123 0.1535
vn -0.8450 -0.5123 0.1535
vn -0.8450 -0.5123 -0.1535
vn 0.8450 0.5123 -0.1535
vn 0.6421 0.7564 0.1247
vn -0.6421 -0.7564 0.1247
vn -0.6421 -0.7564 -0.1247
vn 0.6421 0.7564 -0.1247
vn -0.2649 0.9609 -0.0804
vn 0.9812 0.0835 0.1737
vn 0.9813 0.0835 -0.1737
vn 0.9812 0.0835 -0.1737
vn 0.0503 -0.9940 -0.0971
vn -0.0503 0.9940 -0.0971
vn 0.8241 0.2821 -0.4912
vn 0.9199 0.3149 -0.2337
vn -0.9199 -0.3149 -0.2337
vn -0.4234 -0.1449 0.8943
vn 0.0493 -0.9735 -0.2232
vn -0.8241 -0.2821 -0.4912
vn -0.0493 0.9735 -0.2232
vn -0.0393 0.7756 0.6301
vn 0.4234 0.1449 0.8943
vn 0.0393 -0.7756 0.6301
vn 0.1469 0.9845 -0.0957
vn -0.2227 -0.9695 -0.1024
vn 0.2845 -0.3612 0.8881
vn -0.6169 0.7832 0.0779
vn 0.5590 -0.7097 -0.4288
vn -0.1664 0.9813 -0.0972
vn 0.0961 -0.9910 -0.0927
vn 0.3072 0.2746 0.9112
vn -0.7426 -0.6638 0.0891
vn 0.6551 0.5856 -0.4775
vn -0.6931 0.6992 -0.1752
vn 0.5356 -0.8316 -0.1470
vn 0.1193 0.6354 0.7629
vn -0.1844 -0.9817 0.0477
vn 0.1773 0.9439 -0.2785
vn -0.6482 -0.7430 -0.1670
vn 0.8195 0.5373 -0.1992
vn -0.0868 0.6567 0.7492
vn 0.1310 -0.9903 0.0457
vn -0.1263 0.9552 -0.2678
vn -0.1469 -0.9845 -0.0957
vn 0.2227 0.9695 -0.1024
vn -0.2845 0.3612 0.8880
vn 0.6169 -0.7832 0.0779
vn -0.5590 0.7097 -0.4288
vn 0.1664 -0.9813 -0.0972
vn -0.0961 0.9910 -0.0927
vn -0.3072 -0.2746 0.9112
vn 0.7426 0.6638 0.0891
vn -0.6551 -0.5856 -0.4775
vn 0.6931 -0.6992 -0.1752
vn -0.5356 0.8316 -0.1470
vn -0.1193 -0.6354 0.7629
vn 0.1844 0.9817 0.0477
vn -0.1773 -0.9439 -0.2785
vn 0.6481 0.7430 -0.1670
vn -0.8195 -0.5373 -0.1992
vn 0.0868 -0.6567 0.7492
vn -0.1310 0.9903 0.0457
vn 0.1263 -0.9552 -0.2678
vn 0.5969 0.7031 -0.3864
vn 0.0622 0.9791 -0.1935
vn -0.2589 0.9392 -0.2254
vn 0.0124 -0.9868 0.1613
vn -0.0124 0.9868 0.1613
vn -0.6799 0.6653 -0.3085
vn 0.1700 -0.9753 -0.1408
vn -0.1425 -0.9842 0.1050
vn -0.0125 0.9950 0.0994
vn 0.2639 -0.9574 -0.1176
vn 0.3764 -0.9167 -0.1338
vn -0.2639 0.9574 -0.1176
vn 0.5193 -0.8397 -0.1587
vn -0.0632 -0.9956 0.0686
vn 0.9067 -0.3892 0.1625
vn 0.9812 0.0836 0.1737
vn 0.9812 0.0836 -0.1737
vt 0.500000 0.500000
vt 0.531250 0.666667
vt 0.500000 0.666667
vt 0.500000 0.833333
vt 0.531250 0.833333
vt 0.500000 1.000000
vt 0.500000 -0.000000
vt 0.531250 0.166667
vt 0.500000 0.166667
vt 0.531250 0.333333
vt 0.500000 0.333333
vt 0.531250 0.500000
vt 0.562500 0.666667
vt 0.562500 1.000000
vt 0.531250 1.000000
vt 0.562500 -0.000000
vt 0.531250 -0.000000
vt 0.562500 0.333333
vt 0.562500 0.500000
vt 0.593750 0.666667
vt 0.562500 0.833333
vt 0.593750 1.000000
vt 0.593750 -0.000000
vt 0.562500 0.166667
vt 0.593750 0.333333
vt 0.593750 0.500000
vt 0.625000 0.666667
vt 0.593750 0.833333
vt 0.625000 0.833333
vt 0.625000 0.166667
vt 0.593750 0.166667
vt 0.625000 0.333333
vt 0.656250 0.500000
vt 0.625000 0.500000
vt 0.656250 0.666667
vt 0.656250 1.000000
vt 0.625000 1.000000
vt 0.656250 -0.000000
vt 0.625000 -0.000000
vt 0.656250 0.333333
vt 0.687500 0.666667
vt 0.656250 0.833333
vt 0.687500 1.000000
vt 0.687500 -0.000000
vt 0.656250 0.166667
vt 0.687500 0.333333
vt 0.718750 0.500000
vt 0.687500 0.500000
vt 0.718750 0.666667
vt 0.687500 0.833333
vt 0.718750 1.000000
vt 0.718750 -0.000000
vt 0.687500 0.166667
vt 0.718750 0.333333
vt 0.750000 0.500000
vt 0.750000 0.666667
vt 0.718750 0.833333
vt 0.750000 0.833333
vt 0.750000 0.166667
vt 0.718750 0.166667
vt 0.750000 0.333333
vt 0.781250 0.666667
vt 0.781250 0.833333
vt 0.750000 1.000000
vt 0.750000 -0.000000
vt 0.781250 0.166667
vt 0.781250 0.333333
vt 0.781250 0.500000
vt 0.812500 0.666667
vt 0.812500 1.000000
vt 0.781250 1.000000
vt 0.812500 -0.000000
vt 0.781250 -0.000000
vt 0.812500 0.333333
vt 0.812500 0.500000
vt 0.843750 0.666667
vt 0.812500 0.833333
vt 0.843750 1.000000
vt 0.843750 -0.000000
vt 0.812500 0.166667
vt 0.843750 0.333333
vt 0.843750 0.500000
vt 0.875000 0.666667
vt 0.843750 0.833333
vt 0.875000 0.833333
vt 0.875000 0.166667
vt 0.843750 0.166667
vt 0.875000 0.333333
vt 0.906250 0.500000
vt 0.875000 0.500000
vt 0.906250 0.666667
vt 0.906250 1.000000
vt 0.875000 1.000000
vt 0.906250 -0.000000
vt 0.875000 -0.000000
vt 0.906250 0.333333
vt 0.937500 0.500000
vt 0.937500 0.666667
vt 0.906250 0.833333
vt 0.937500 1.000000
vt 0.937500 -0.000000
vt 0.906250 0.166667
vt 0.937500 0.333333
vt 0.968750 0.666667
vt 0.937500 0.833333
vt 0.968750 1.000000
vt 0.968750 -0.000000
vt 0.937500 0.166667
vt 0.968750 0.333333
vt 0.968750 0.500000
vt 1.000000 0.666667
vt 0.968750 0.833333
vt 1.000000 0.833333
vt 1.000000 0.166667
vt 0.968750 0.166667
vt 1.000000 0.333333
vt 0.000000 0.500000
vt 0.031250 0.666667
vt 0.000000 0.666667
vt 0.000000 0.833333
vt 0.031250 0.833333
vt 0.000000 1.000000
vt 0.000000 -0.000000
vt 0.031250 0.166667
vt 0.000000 0.166667
vt 0.031250 0.333333
vt 0.000000 0.333333
vt 0.031250 0.500000
vt 0.062500 0.666667
vt 0.062500 0.833333
vt 0.031250 1.000000
vt 0.031250 -0.000000
vt 0.062500 0.166667
vt 0.062500 0.333333
vt 0.093750 0.500000
vt 0.062500 0.500000
vt 0.093750 0.833333
vt 0.062500 1.000000
vt 0.062500 -0.000000
vt 0.093750 0.166667
vt 0.125000 0.500000
vt 0.093750 0.666667
vt 0.125000 0.833333
vt 0.125000 1.000000
vt 0.093750 1.000000
vt 0.125000 -0.000000
vt 0.093750 -0.000000
vt 0.125000 0.166667
vt 0.093750 0.333333
vt 0.156250 0.500000
vt 0.125000 0.666667
vt 0.156250 0.666667
vt 0.156250 1.000000
vt 0.156250 -0.000000
vt 0.156250 0.333333
vt 0.125000 0.333333
vt 0.187500 0.666667
vt 0.156250 0.833333
vt 0.187500 0.833333
vt 0.187500 0.166667
vt 0.156250 0.166667
vt 0.187500 0.333333
vt 0.187500 0.500000
vt 0.218750 0.666667
vt 0.218750 1.000000
vt 0.187500 1.000000
vt 0.218750 -0.000000
vt 0.187500 -0.000000
vt 0.218750 0.333333
vt 0.218750 0.500000
vt 0.250000 0.666667
vt 0.218750 0.833333
vt 0.250000 1.000000
vt 0.250000 -0.000000
vt 0.218750 0.166667
vt 0.250000 0.333333
vt 0.250000 0.500000
vt 0.281250 0.666667
vt 0.250000 0.833333
vt 0.281250 1.000000
vt 0.281250 -0.000000
vt 0.250000 0.166667
vt 0.281250 0.333333
vt 0.281250 0.500000
vt 0.312500 0.666667
vt 0.281250 0.833333
vt 0.312500 1.000000
vt 0.312500 -0.000000
vt 0.281250 0.166667
vt 0.312500 0.333333
vt 0.312500 0.500000
vt 0.343750 0.666667
vt 0.312500 0.833333
vt 0.343750 1.000000
vt 0.343750 -0.000000
vt 0.312500 0.166667
vt 0.343750 0.333333
vt 0.343750 0.500000
vt 0.375000 0.666667
vt 0.343750 0.833333
vt 0.375000 1.000000
vt 0.375000 -0.000000
vt 0.343750 0.166667
vt 0.375000 0.333333
vt 0.406250 0.500000
vt 0.375000 0.500000
vt 0.406250 0.666667
vt 0.375000 0.833333
vt 0.406250 1.000000
vt 0.406250 -0.000000
vt 0.375000 0.166667
vt 0.406250 0.333333
vt 0.437500 0.500000
vt 0.437500 0.666667
vt 0.406250 0.833333
vt 0.437500 1.000000
vt 0.437500 -0.000000
vt 0.406250 0.166667
vt 0.437500 0.333333
vt 0.468750 0.666667
vt 0.437500 0.833333
vt 0.468750 1.000000
vt 0.468750 -0.000000
vt 0.437500 0.166667
vt 0.468750 0.333333
vt 0.468750 0.500000
vt 0.468750 0.833333
vt 0.468750 0.166667
vt 1.000000 1.000000
vt 1.000000 -0.000000
vt 1.000000 0.500000
vt 0.375000 0.250000
vt 0.625000 0.750000
vt 0.375000 0.750000
vt 0.125000 0.750000
vt 0.875000 0.750000
s 1
usemtl Ring
f 1/1/1 8/2/1 2/3/1
f 8/2/2 3/4/2 2/3/2
f 9/5/3 4/6/3 3/4/3
f 4/7/4 11/8/4 5/9/4
f 5/9/5 12/10/5 6/11/5
f 12/10/6 1/1/6 6/11/6
f 7/12/7 14/13/7 8/2/7
f 14/13/2 9/5/2 8/2/2
f 9/5/8 16/14/8 10/15/8
f 16/16/9 11/8/9 10/17/9
f 11/8/5 18/18/5 12/10/5
f 18/18/10 7/12/10 12/10/10
f 13/19/11 20/20/11 14/13/11
f 20/20/2 15/21/2 14/13/2
f 15/21/12 22/22/12 16/14/12
f 22/23/13 17/24/13 16/16/13
f 17/24/5 24/25/5 18/18/5
f 24/25/14 13/19/14 18/18/14
f 19/26/15 26/27/15 20/20/15
f 26/27/2 21/28/2 20/20/2
f 27/29/16 22/22/16 21/28/16
f 22/23/17 29/30/17 23/31/17
f 23/31/5 30/32/5 24/25/5
f 30/32/18 19/26/18 24/25/18
f 31/33/19 26/27/19 25/34/19
f 32/35/2 27/29/2 26/27/2
f 27/29/20 34/36/20 28/37/20
f 34/38/21 29/30/21 28/39/21
f 29/30/5 36/40/5 30/32/5
f 30/32/22 31/33/22 25/34/22
f 31/33/23 38/41/23 32/35/23
f 38/41/2 33/42/2 32/35/2
f 33/42/24 40/43/24 34/36/24
f 40/44/25 35/45/25 34/38/25
f 35/45/5 42/46/5 36/40/5
f 42/46/26 31/33/26 36/40/26
f 43/47/27 38/41/28 37/48/28
f 44/49/2 39/50/2 38/41/2
f 39/50/29 46/51/29 40/43/29
f 46/52/30 41/53/30 40/44/30
f 41/53/5 48/54/5 42/46/5
f 42/46/31 43/47/32 37/48/31
f 49/55/33 44/49/33 43/47/33
f 50/56/2 45/57/2 44/49/2
f 51/58/34 46/51/34 45/57/34
f 46/52/35 53/59/35 47/60/35
f 47/60/5 54/61/5 48/54/5
f 48/54/36 49/55/36 43/47/36
f 49/55/37 56/62/37 50/56/37
f 56/62/2 51/58/2 50/56/2
f 57/63/38 52/64/38 51/58/38
f 52/65/39 59/66/39 53/59/39
f 53/59/5 60/67/5 54/61/5
f 60/67/40 49/55/40 54/61/40
f 55/68/41 62/69/41 56/62/41
f 62/69/2 57/63/2 56/62/2
f 57/63/42 64/70/42 58/71/42
f 64/72/43 59/66/44 58/73/44
f 59/66/5 66/74/5 60/67/5
f 66/74/45 55/68/46 60/67/46
f 61/75/47 68/76/47 62/69/47
f 68/76/2 63/77/2 62/69/2
f 63/77/48 70/78/48 64/70/48
f 70/79/49 65/80/49 64/72/49
f 65/80/5 72/81/5 66/74/5
f 72/81/50 61/75/50 66/74/50
f 67/82/51 74/83/51 68/76/51
f 74/83/2 69/84/2 68/76/2
f 75/85/52 70/78/52 69/84/52
f 70/79/53 77/86/53 71/87/53
f 71/87/5 78/88/5 72/81/5
f 78/88/54 67/82/54 72/81/54
f 79/89/55 74/83/55 73/90/55
f 80/91/2 75/85/2 74/83/2
f 75/85/56 82/92/56 76/93/56
f 82/94/57 77/86/57 76/95/57
f 77/86/5 84/96/5 78/88/5
f 84/96/58 73/90/58 78/88/58
f 85/97/59 80/91/59 79/89/59
f 86/98/2 81/99/2 80/91/2
f 81/99/60 88/100/60 82/92/60
f 88/101/61 83/102/61 82/94/61
f 83/102/5 90/103/5 84/96/5
f 84/96/62 85/97/62 79/89/62
f 85/97/63 92/104/63 86/98/63
f 92/104/2 87/105/2 86/98/2
f 87/105/64 94/106/64 88/100/64
f 94/107/65 89/108/65 88/101/65
f 89/108/5 96/109/5 90/103/5
f 96/109/66 85/97/66 90/103/66
f 91/110/67 98/111/68 92/104/67
f 98/111/2 93/112/2 92/104/2
f 99/113/69 94/106/69 93/112/69
f 94/107/70 101/114/70 95/115/70
f 95/115/5 102/116/5 96/109/5
f 102/116/71 91/110/71 96/109/71
f 97/117/3 104/118/3 98/119/3
f 104/118/2 99/120/2 98/119/2
f 105/121/1 100/122/1 99/120/1
f 100/123/6 107/124/6 101/125/6
f 101/125/5 108/126/5 102/127/5
f 108/126/4 97/117/4 102/127/4
f 103/128/8 110/129/8 104/118/8
f 104/118/2 111/130/2 105/121/2
f 111/130/7 106/131/7 105/121/7
f 106/132/10 113/133/10 107/124/10
f 113/133/5 108/126/5 107/124/5
f 114/134/9 103/128/9 108/126/9
f 115/135/12 110/129/12 109/136/12
f 110/129/2 117/137/2 111/130/2
f 117/137/11 112/138/11 111/130/11
f 112/139/14 119/140/14 113/133/14
f 119/140/5 114/134/5 113/133/5
f 114/134/13 115/135/13 109/136/13
f 121/141/16 116/142/16 115/135/16
f 116/142/2 123/143/2 117/137/2
f 117/137/15 124/144/15 118/145/15
f 124/146/18 119/140/18 118/147/18
f 125/148/5 120/149/5 119/140/5
f 120/149/17 121/141/17 115/135/17
f 127/150/20 122/151/20 121/141/20
f 128/152/2 123/143/2 122/151/2
f 123/143/19 130/153/19 124/144/19
f 130/154/22 125/148/22 124/146/22
f 125/148/5 132/155/5 126/156/5
f 132/155/21 121/141/21 126/156/21
f 127/150/24 134/157/24 128/152/24
f 134/157/2 129/158/2 128/152/2
f 135/159/23 130/153/23 129/158/23
f 130/154/26 137/160/26 131/161/26
f 131/161/5 138/162/5 132/155/5
f 138/162/25 127/150/25 132/155/25
f 133/163/29 140/164/72 134/157/29
f 140/164/2 135/159/2 134/157/2
f 135/159/28 142/165/28 136/166/28
f 142/167/32 137/160/31 136/168/31
f 137/160/5 144/169/5 138/162/5
f 144/169/73 133/163/30 138/162/30
f 139/170/34 146/171/34 140/164/34
f 146/171/2 141/172/2 140/164/2
f 141/172/33 148/173/33 142/165/33
f 148/174/36 143/175/36 142/167/36
f 143/175/5 150/176/5 144/169/5
f 150/176/35 139/170/35 144/169/35
f 145/177/38 152/178/38 146/171/38
f 152/178/2 147/179/2 146/171/2
f 147/179/37 154/180/37 148/173/37
f 154/181/74 149/182/74 148/174/74
f 149/182/5 156/183/5 150/176/5
f 156/183/75 145/177/75 150/176/75
f 151/184/42 158/185/42 152/178/42
f 158/185/2 153/186/2 152/178/2
f 153/186/41 160/187/41 154/180/41
f 160/188/46 155/189/46 154/181/46
f 155/189/5 162/190/5 156/183/5
f 162/190/43 151/184/43 156/183/43
f 157/191/48 164/192/76 158/185/48
f 164/192/2 159/193/2 158/185/2
f 159/193/47 166/194/47 160/187/47
f 166/195/50 161/196/50 160/188/50
f 161/196/5 168/197/5 162/190/5
f 168/197/49 157/191/49 162/190/49
f 163/198/52 170/199/52 164/192/52
f 170/199/2 165/200/2 164/192/2
f 165/200/51 172/201/51 166/194/51
f 172/202/54 167/203/54 166/195/54
f 167/203/5 174/204/5 168/197/5
f 174/204/53 163/198/53 168/197/53
f 175/205/56 170/199/56 169/206/56
f 176/207/2 171/208/2 170/199/2
f 171/208/55 178/209/55 172/201/55
f 178/210/58 173/211/58 172/202/58
f 173/211/5 180/212/5 174/204/5
f 174/204/57 175/205/57 169/206/57
f 181/213/60 176/207/60 175/205/60
f 182/214/2 177/215/2 176/207/2
f 177/215/59 184/216/59 178/209/59
f 184/217/62 179/218/62 178/210/62
f 179/218/5 186/219/5 180/212/5
f 180/212/61 181/213/61 175/205/61
f 181/213/64 188/220/64 182/214/64
f 188/220/2 183/221/2 182/214/2
f 183/221/63 190/222/63 184/216/63
f 190/223/66 185/224/66 184/217/66
f 185/224/5 192/225/5 186/219/5
f 192/225/65 181/213/65 186/219/65
f 187/226/77 2/3/69 188/220/77
f 2/3/2 189/227/2 188/220/2
f 3/4/68 190/222/68 189/227/68
f 190/223/71 5/9/71 191/228/71
f 191/228/5 6/11/5 192/225/5
f 6/11/70 187/226/70 192/225/70
f 193/1/78 200/2/78 194/3/78
f 194/3/2 201/5/2 195/4/2
f 195/4/79 202/15/79 196/6/79
f 202/17/80 197/9/80 196/7/80
f 203/8/5 198/11/5 197/9/5
f 204/10/81 193/1/81 198/11/81
f 199/12/82 206/13/83 200/2/82
f 206/13/2 201/5/2 200/2/2
f 201/5/84 208/14/84 202/15/84
f 208/16/85 203/8/85 202/17/85
f 203/8/5 210/18/5 204/10/5
f 210/18/86 199/12/86 204/10/86
f 205/19/87 212/20/87 206/13/87
f 212/20/2 207/21/2 206/13/2
f 207/21/88 214/22/88 208/14/88
f 214/23/89 209/24/89 208/16/89
f 209/24/5 216/25/5 210/18/5
f 216/25/90 205/19/90 210/18/90
f 211/26/91 218/27/91 212/20/91
f 218/27/2 213/28/2 212/20/2
f 213/28/92 220/37/92 214/22/92
f 220/39/93 215/31/93 214/23/93
f 215/31/5 222/32/5 216/25/5
f 222/32/94 211/26/94 216/25/94
f 217/34/95 224/35/95 218/27/95
f 224/35/2 219/29/2 218/27/2
f 219/29/96 226/36/96 220/37/96
f 226/38/97 221/30/97 220/39/97
f 221/30/5 228/40/5 222/32/5
f 228/40/98 217/34/98 222/32/98
f 223/33/99 230/41/99 224/35/99
f 230/41/2 225/42/2 224/35/2
f 225/42/100 232/43/100 226/36/100
f 232/44/101 227/45/101 226/38/101
f 227/45/5 234/46/5 228/40/5
f 234/46/102 223/33/102 228/40/102
f 229/48/103 236/49/103 230/41/103
f 236/49/2 231/50/2 230/41/2
f 231/50/104 238/51/104 232/43/104
f 238/52/105 233/53/105 232/44/105
f 233/53/5 240/54/5 234/46/5
f 240/54/106 229/48/106 234/46/106
f 235/47/107 242/56/107 236/49/107
f 236/49/2 243/58/2 237/57/2
f 243/58/108 238/51/108 237/57/108
f 238/52/109 245/59/109 239/60/109
f 245/59/5 240/54/5 239/60/5
f 246/61/110 235/47/110 240/54/110
f 241/55/111 248/62/111 242/56/112
f 248/62/2 243/58/2 242/56/2
f 243/58/113 250/71/113 244/64/113
f 250/73/114 245/59/114 244/65/114
f 245/59/5 252/67/5 246/61/5
f 252/67/115 241/55/116 246/61/116
f 247/68/117 254/69/117 248/62/117
f 254/69/2 249/63/2 248/62/2
f 249/63/118 256/70/118 250/71/118
f 256/72/119 251/66/119 250/73/119
f 251/66/5 258/74/5 252/67/5
f 258/74/120 247/68/120 252/67/120
f 259/82/121 254/69/121 253/75/121
f 260/76/2 255/77/2 254/69/2
f 255/77/122 262/78/122 256/70/122
f 262/79/123 257/80/123 256/72/123
f 257/80/5 264/81/5 258/74/5
f 258/74/124 259/82/124 253/75/124
f 265/90/125 260/76/126 259/82/126
f 266/83/2 261/84/2 260/76/2
f 261/84/127 268/93/127 262/78/127
f 268/95/128 263/87/128 262/79/128
f 263/87/5 270/88/5 264/81/5
f 264/81/129 265/90/129 259/82/129
f 271/89/130 266/83/130 265/90/130
f 266/83/2 273/99/2 267/85/2
f 273/99/131 268/93/131 267/85/131
f 268/95/132 275/102/132 269/86/132
f 275/102/5 270/88/5 269/86/5
f 270/88/133 271/89/133 265/90/133
f 271/89/134 278/98/134 272/91/134
f 272/91/2 279/105/2 273/99/2
f 273/99/135 280/100/135 274/92/135
f 280/101/136 275/102/136 274/94/136
f 281/108/5 276/96/5 275/102/5
f 282/103/137 271/89/137 276/96/137
f 277/97/138 284/104/138 278/98/138
f 284/104/2 279/105/2 278/98/2
f 279/105/139 286/106/139 280/100/139
f 286/107/140 281/108/140 280/101/140
f 281/108/5 288/109/5 282/103/5
f 288/109/141 277/97/141 282/103/141
f 283/110/142 290/111/142 284/104/142
f 284/104/2 291/113/2 285/112/2
f 291/113/143 286/106/143 285/112/143
f 286/107/144 293/114/144 287/115/144
f 293/114/5 288/109/5 287/115/5
f 294/116/145 283/110/146 288/109/146
f 289/117/79 296/118/79 290/119/79
f 296/118/2 291/120/2 290/119/2
f 291/120/78 298/131/78 292/122/78
f 298/132/81 293/125/81 292/123/81
f 293/125/5 300/126/5 294/127/5
f 300/126/80 289/117/80 294/127/80
f 295/128/147 302/129/84 296/118/147
f 296/118/2 303/130/2 297/121/2
f 297/121/83 304/138/82 298/131/83
f 304/139/86 299/124/86 298/132/86
f 305/133/5 300/126/5 299/124/5
f 306/134/85 295/128/85 300/126/85
f 301/136/88 308/142/88 302/129/88
f 302/129/2 309/137/2 303/130/2
f 309/137/87 304/138/87 303/130/87
f 304/139/90 311/140/90 305/133/90
f 311/140/5 306/134/5 305/133/5
f 312/149/89 301/136/89 306/134/89
f 307/135/92 314/151/92 308/142/92
f 314/151/2 309/137/2 308/142/2
f 315/143/91 310/145/91 309/137/91
f 310/147/94 317/148/94 311/140/94
f 311/140/5 318/156/5 312/149/5
f 318/156/93 307/135/93 312/149/93
f 319/150/96 314/151/96 313/141/96
f 314/151/2 321/158/2 315/143/2
f 321/158/95 316/144/95 315/143/95
f 316/146/98 323/161/98 317/148/98
f 323/161/5 318/156/5 317/148/5
f 318/156/97 319/150/97 313/141/97
f 319/150/100 326/157/100 320/152/100
f 320/152/2 327/159/2 321/158/2
f 321/158/99 328/166/99 322/153/99
f 328/168/102 323/161/102 322/154/102
f 329/160/5 324/155/5 323/161/5
f 330/162/101 319/150/101 324/155/101
f 325/163/104 332/164/104 326/157/104
f 332/164/2 327/159/2 326/157/2
f 327/159/103 334/165/103 328/166/103
f 334/167/106 329/160/106 328/168/106
f 329/160/5 336/169/5 330/162/5
f 336/169/105 325/163/105 330/162/105
f 331/170/108 338/171/108 332/164/108
f 332/164/2 339/179/2 333/172/2
f 339/179/107 334/165/107 333/172/107
f 334/167/110 341/182/110 335/175/110
f 341/182/5 336/169/5 335/175/5
f 342/176/109 331/170/109 336/169/109
f 343/184/113 338/171/148 337/177/148
f 338/171/2 345/186/2 339/179/2
f 345/186/112 340/173/111 339/179/111
f 340/174/116 347/189/116 341/182/115
f 347/189/5 342/176/5 341/182/5
f 342/176/114 343/184/114 337/177/114
f 349/191/118 344/178/118 343/184/118
f 344/178/2 351/193/2 345/186/2
f 345/186/117 352/187/117 346/180/117
f 352/188/120 347/189/120 346/181/120
f 353/196/5 348/183/5 347/189/5
f 348/183/119 349/191/119 343/184/119
f 355/198/122 350/185/122 349/191/122
f 356/192/2 351/193/2 350/185/2
f 351/193/121 358/194/121 352/187/121
f 358/195/124 353/196/124 352/188/124
f 353/196/5 360/197/5 354/190/5
f 354/190/123 355/198/123 349/191/123
f 361/206/149 356/192/127 355/198/127
f 362/199/2 357/200/2 356/192/2
f 363/208/126 358/194/126 357/200/126
f 358/195/150 365/211/129 359/203/150
f 365/211/5 360/197/5 359/203/5
f 360/197/151 361/206/151 355/198/151
f 367/205/131 362/199/131 361/206/131
f 368/207/2 363/208/2 362/199/2
f 363/208/130 370/209/130 364/201/130
f 370/210/133 365/211/133 364/202/133
f 365/211/5 372/212/5 366/204/5
f 366/204/132 367/205/132 361/206/132
f 367/205/135 374/214/135 368/207/135
f 374/214/2 369/215/2 368/207/2
f 369/215/134 376/216/134 370/209/134
f 376/217/137 371/218/137 370/210/137
f 371/218/5 378/219/5 372/212/5
f 378/219/136 367/205/136 372/212/136
f 373/213/139 380/220/139 374/214/139
f 380/220/2 375/221/2 374/214/2
f 375/221/138 382/222/138 376/216/138
f 382/223/141 377/224/141 376/217/141
f 377/224/5 384/225/5 378/219/5
f 384/225/140 373/213/140 378/219/140
f 193/1/143 380/220/143 379/226/143
f 380/220/2 195/4/2 381/227/2
f 381/227/142 196/6/142 382/222/142
f 196/7/146 383/228/146 382/223/146
f 197/9/5 384/225/5 383/228/5
f 384/225/144 193/1/144 379/226/144
f 385/1/152 392/2/152 386/3/152
f 392/2/2 387/4/2 386/3/2
f 393/5/153 388/6/153 387/4/153
f 388/7/154 395/8/154 389/9/154
f 395/8/5 390/11/5 389/9/5
f 396/10/155 385/1/155 390/11/155
f 397/19/156 392/2/156 391/12/156
f 398/13/2 393/5/2 392/2/2
f 393/5/157 400/14/157 394/15/157
f 400/16/158 395/8/158 394/17/158
f 395/8/5 402/18/5 396/10/5
f 396/10/159 397/19/159 391/12/159
f 397/19/160 404/20/160 398/13/160
f 404/20/2 399/21/2 398/13/2
f 405/28/161 400/14/161 399/21/161
f 400/16/162 407/31/162 401/24/162
f 401/24/5 408/25/5 402/18/5
f 408/25/163 397/19/163 402/18/163
f 403/26/164 410/27/165 404/20/164
f 404/20/2 411/29/2 405/28/2
f 411/29/166 406/22/167 405/28/167
f 406/23/168 413/30/169 407/31/170
f 413/30/5 408/25/5 407/31/5
f 414/32/171 403/26/171 408/25/171
f 409/34/172 416/35/172 410/27/172
f 410/27/2 417/42/2 411/29/2
f 417/42/173 412/37/173 411/29/173
f 412/39/174 419/45/174 413/30/174
f 419/45/5 414/32/5 413/30/5
f 420/40/175 409/34/175 414/32/175
f 415/33/176 422/41/176 416/35/176
f 416/35/2 423/50/2 417/42/2
f 423/50/177 418/36/177 417/42/177
f 418/38/178 425/53/178 419/45/178
f 425/53/5 420/40/5 419/45/5
f 426/46/179 415/33/179 420/40/179
f 421/48/180 428/49/180 422/41/180
f 422/41/2 429/57/2 423/50/2
f 429/57/181 424/43/181 423/50/181
f 424/44/182 431/60/182 425/53/182
f 431/60/5 426/46/5 425/53/5
f 432/54/183 421/48/183 426/46/183
f 427/47/184 434/56/184 428/49/184
f 428/49/2 435/58/2 429/57/2
f 435/58/185 430/51/185 429/57/185
f 430/52/186 437/59/186 431/60/186
f 437/59/5 432/54/5 431/60/5
f 438/61/187 427/47/187 432/54/187
f 433/55/188 440/62/189 434/56/188
f 440/62/2 435/58/2 434/56/2
f 435/58/190 442/71/191 436/64/190
f 442/73/192 437/59/192 436/65/192
f 437/59/5 444/67/5 438/61/5
f 444/67/193 433/55/194 438/61/194
f 439/68/195 446/69/195 440/62/195
f 446/69/2 441/63/2 440/62/2
f 441/63/196 448/70/196 442/71/196
f 448/72/197 443/66/197 442/73/197
f 443/66/5 450/74/5 444/67/5
f 450/74/198 439/68/199 444/67/199
f 451/82/200 446/69/200 445/75/200
f 446/69/2 453/84/2 447/77/2
f 447/77/201 454/78/201 448/70/201
f 454/79/202 449/80/202 448/72/202
f 455/87/5 450/74/5 449/80/5
f 450/74/203 451/82/204 445/75/203
f 457/90/205 452/76/205 451/82/205
f 452/76/2 459/85/2 453/84/2
f 459/85/206 454/78/207 453/84/207
f 454/79/208 461/86/208 455/87/208
f 461/86/5 456/81/5 455/87/5
f 456/81/209 457/90/209 451/82/209
f 457/90/210 464/91/210 458/83/210
f 464/91/2 459/85/2 458/83/2
f 465/99/211 460/93/212 459/85/212
f 460/95/213 467/102/213 461/86/214
f 461/86/5 468/96/5 462/88/5
f 468/96/215 457/90/215 462/88/215
f 463/89/216 470/98/216 464/91/216
f 470/98/2 465/99/2 464/91/2
f 465/99/217 472/100/217 466/92/217
f 472/101/218 467/102/218 466/94/218
f 467/102/5 474/103/5 468/96/5
f 474/103/219 463/89/219 468/96/219
f 469/97/220 476/104/221 470/98/220
f 470/98/2 477/112/2 471/105/2
f 471/105/222 478/106/222 472/100/222
f 478/107/223 473/108/223 472/101/223
f 479/115/5 474/103/5 473/108/5
f 480/109/224 469/97/224 474/103/225
f 475/110/226 482/111/226 476/104/226
f 476/104/2 483/113/2 477/112/2
f 477/112/227 484/229/227 478/106/227
f 484/230/228 479/115/228 478/107/228
f 485/114/5 480/109/5 479/115/5
f 486/116/229 475/110/229 480/109/229
f 481/117/153 488/118/153 482/119/153
f 488/118/2 483/120/2 482/119/2
f 483/120/152 490/131/152 484/122/152
f 490/132/155 485/125/155 484/123/155
f 485/125/5 492/126/5 486/127/5
f 492/126/154 481/117/154 486/127/154
f 493/136/157 488/118/157 487/128/157
f 494/129/2 489/121/2 488/118/2
f 489/121/156 496/138/156 490/131/156
f 496/139/159 491/124/159 490/132/159
f 497/133/5 492/126/5 491/124/5
f 498/134/158 487/128/158 492/126/158
f 493/136/161 500/142/161 494/129/161
f 494/129/2 501/137/2 495/130/2
f 501/137/160 496/138/160 495/130/160
f 496/139/163 503/140/163 497/133/163
f 503/140/5 498/134/5 497/133/5
f 504/149/162 493/136/162 498/134/162
f 499/135/166 506/151/167 500/142/166
f 500/142/2 507/143/2 501/137/2
f 507/143/165 502/145/165 501/137/165
f 502/147/230 509/148/171 503/140/230
f 509/148/5 504/149/5 503/140/5
f 510/156/168 499/135/168 504/149/168
f 505/141/173 512/152/173 506/151/173
f 506/151/2 513/158/2 507/143/2
f 507/143/172 514/153/172 508/144/172
f 514/154/175 509/148/175 508/146/175
f 515/161/5 510/156/5 509/148/5
f 516/155/174 505/141/174 510/156/174
f 511/150/177 518/157/177 512/152/177
f 518/157/2 513/158/2 512/152/2
f 513/158/176 520/166/176 514/153/176
f 520/168/179 515/161/179 514/154/179
f 515/161/5 522/162/5 516/155/5
f 522/162/178 511/150/178 516/155/178
f 517/163/181 524/164/181 518/157/181
f 524/164/2 519/159/2 518/157/2
f 519/159/180 526/165/180 520/166/180
f 526/167/183 521/160/183 520/168/183
f 521/160/5 528/169/5 522/162/5
f 528/169/182 517/163/182 522/162/182
f 523/170/185 530/171/185 524/164/185
f 530/171/2 525/172/2 524/164/2
f 531/179/184 526/165/184 525/172/184
f 526/167/187 533/182/187 527/175/187
f 527/175/5 534/176/5 528/169/5
f 534/176/186 523/170/186 528/169/186
f 529/177/190 536/178/191 530/171/190
f 536/178/2 531/179/2 530/171/2
f 531/179/188 538/180/189 532/173/188
f 532/174/193 539/189/193 533/182/193
f 533/182/5 540/183/5 534/176/5
f 540/183/192 529/177/231 534/176/231
f 535/184/196 542/185/232 536/178/196
f 542/185/2 537/186/2 536/178/2
f 537/186/195 544/187/195 538/180/195
f 544/188/198 539/189/199 538/181/199
f 539/189/5 546/190/5 540/183/5
f 546/190/197 535/184/197 540/183/197
f 547/198/233 542/185/233 541/191/233
f 548/192/2 543/193/2 542/185/2
f 543/193/234 550/194/200 544/187/234
f 550/195/204 545/196/203 544/188/203
f 545/196/5 552/197/5 546/190/5
f 546/190/202 547/198/235 541/191/202
f 553/206/207 548/192/207 547/198/207
f 548/192/2 555/208/2 549/200/2
f 555/208/205 550/194/205 549/200/205
f 550/195/209 557/211/209 551/203/209
f 557/211/5 552/197/5 551/203/5
f 552/197/208 553/206/208 547/198/208
f 559/205/211 554/199/211 553/206/211
f 554/199/2 561/215/2 555/208/2
f 555/208/210 562/209/210 556/201/210
f 562/210/215 557/211/215 556/202/215
f 563/218/5 558/204/5 557/211/5
f 558/204/213 559/205/213 553/206/213
f 565/213/217 560/207/217 559/205/217
f 566/214/2 561/215/2 560/207/2
f 561/215/216 568/216/216 562/209/216
f 568/217/219 563/218/219 562/210/219
f 563/218/5 570/219/5 564/212/5
f 564/212/218 565/213/218 559/205/218
f 571/226/222 566/214/222 565/213/222
f 566/214/2 573/227/2 567/221/2
f 567/221/236 574/222/236 568/216/236
f 574/223/225 569/224/225 568/217/225
f 575/228/5 570/219/5 569/224/5
f 570/219/237 571/226/237 565/213/237
f 571/226/227 386/3/227 572/220/227
f 572/220/2 387/4/2 573/227/2
f 387/4/226 574/222/226 573/227/226
f 574/223/229 389/9/229 575/228/229
f 389/9/5 576/225/5 575/228/5
f 390/11/228 571/226/228 576/225/228
f 583/12/238 578/3/238 577/1/238
f 584/2/2 579/4/2 578/3/2
f 585/5/239 580/6/239 579/4/239
f 580/7/240 587/8/240 581/9/240
f 581/9/5 588/10/5 582/11/5
f 582/11/241 583/12/241 577/1/241
f 589/19/242 584/2/242 583/12/242
f 590/13/2 585/5/2 584/2/2
f 591/21/243 586/15/243 585/5/243
f 586/17/244 593/24/244 587/8/244
f 587/8/5 594/18/5 588/10/5
f 594/18/245 583/12/245 588/10/245
f 589/19/246 596/20/246 590/13/246
f 596/20/2 591/21/2 590/13/2
f 591/21/247 598/22/247 592/14/247
f 598/23/248 593/24/248 592/16/248
f 593/24/5 600/25/5 594/18/5
f 600/25/249 589/19/249 594/18/249
f 595/26/250 602/27/250 596/20/250
f 596/20/2 603/29/2 597/28/2
f 603/29/251 598/22/251 597/28/251
f 598/23/252 605/30/252 599/31/252
f 605/30/5 600/25/5 599/31/5
f 606/32/253 595/26/253 600/25/253
f 601/34/254 608/35/254 602/27/254
f 602/27/2 609/42/2 603/29/2
f 603/29/255 610/36/255 604/37/255
f 610/38/256 605/30/256 604/39/256
f 611/45/5 606/32/5 605/30/5
f 612/40/257 601/34/257 606/32/257
f 607/33/258 614/41/258 608/35/258
f 608/35/2 615/50/2 609/42/2
f 615/50/259 610/36/259 609/42/259
f 610/38/260 617/53/260 611/45/260
f 617/53/5 612/40/5 611/45/5
f 618/46/261 607/33/261 612/40/261
f 613/48/262 620/49/262 614/41/262
f 614/41/2 621/57/2 615/50/2
f 621/57/263 616/43/263 615/50/263
f 616/44/264 623/60/264 617/53/264
f 623/60/5 618/46/5 617/53/5
f 624/54/265 613/48/265 618/46/265
f 619/47/266 626/56/266 620/49/266
f 626/56/2 621/57/2 620/49/2
f 621/57/267 628/64/268 622/51/267
f 628/65/269 623/60/269 622/52/270
f 623/60/5 630/61/5 624/54/5
f 630/61/271 619/47/271 624/54/271
f 625/55/272 632/62/272 626/56/272
f 632/62/2 627/58/2 626/56/2
f 627/58/273 634/71/274 628/64/273
f 634/73/275 629/59/275 628/65/275
f 629/59/5 636/67/5 630/61/5
f 636/67/276 625/55/276 630/61/276
f 637/75/277 632/62/277 631/68/277
f 638/69/2 633/63/2 632/62/2
f 639/77/278 634/71/278 633/63/278
f 634/73/279 641/80/279 635/66/279
f 635/66/5 642/74/5 636/67/5
f 636/67/280 637/75/280 631/68/280
f 643/82/281 638/69/281 637/75/281
f 638/69/2 645/84/2 639/77/2
f 639/77/282 646/78/283 640/70/282
f 646/79/284 641/80/284 640/72/284
f 647/87/5 642/74/5 641/80/5
f 642/74/285 643/82/285 637/75/285
f 643/82/286 650/83/286 644/76/286
f 644/76/2 651/85/2 645/84/2
f 645/84/287 652/93/287 646/78/287
f 652/95/288 647/87/288 646/79/288
f 653/86/5 648/81/5 647/87/5
f 654/88/289 643/82/289 648/81/289
f 649/90/290 656/91/290 650/83/290
f 656/91/2 651/85/2 650/83/2
f 651/85/291 658/92/291 652/93/291
f 658/94/292 653/86/293 652/95/293
f 653/86/5 660/96/5 654/88/5
f 660/96/294 649/90/294 654/88/294
f 661/97/295 656/91/295 655/89/295
f 662/98/2 657/99/2 656/91/2
f 663/105/296 658/92/296 657/99/296
f 658/94/297 665/108/297 659/102/297
f 659/102/5 666/103/5 660/96/5
f 660/96/298 661/97/298 655/89/298
f 667/110/299 662/98/299 661/97/299
f 662/98/2 669/112/2 663/105/2
f 669/112/300 664/100/300 663/105/300
f 664/101/301 671/115/301 665/108/301
f 671/115/5 666/103/5 665/108/5
f 666/103/302 667/110/302 661/97/302
f 673/231/303 668/104/303 667/110/303
f 668/104/2 675/113/2 669/112/2
f 675/113/304 670/106/305 669/112/305
f 670/107/306 677/114/307 671/115/306
f 677/114/5 672/109/5 671/115/5
f 672/109/308 673/231/308 667/110/308
f 679/128/239 674/119/239 673/117/239
f 680/118/2 675/120/2 674/119/2
f 675/120/309 682/131/238 676/122/309
f 682/132/241 677/125/310 676/123/310
f 677/125/5 684/126/5 678/127/5
f 678/127/240 679/128/240 673/117/240
f 685/136/243 680/118/243 679/128/243
f 680/118/2 687/130/2 681/121/2
f 681/121/242 688/138/242 682/131/242
f 688/139/245 683/124/245 682/132/245
f 689/133/5 684/126/5 683/124/5
f 684/126/244 685/136/244 679/128/244
f 691/135/247 686/129/247 685/136/247
f 692/142/2 687/130/2 686/129/2
f 693/137/246 688/138/246 687/130/246
f 688/139/249 695/140/249 689/133/249
f 689/133/5 696/149/5 690/134/5
f 690/134/248 691/135/248 685/136/248
f 691/135/251 698/151/251 692/142/251
f 692/142/2 699/143/2 693/137/2
f 699/143/250 694/145/250 693/137/250
f 694/147/253 701/148/253 695/140/253
f 701/148/5 696/149/5 695/140/5
f 702/156/252 691/135/252 696/149/252
f 697/141/255 704/152/255 698/151/255
f 698/151/2 705/158/2 699/143/2
f 699/143/254 706/153/254 700/144/254
f 706/154/257 701/148/257 700/146/257
f 707/161/5 702/156/5 701/148/5
f 708/155/256 697/141/256 702/156/256
f 709/163/259 704/152/259 703/150/259
f 710/157/2 705/158/2 704/152/2
f 711/159/258 706/153/258 705/158/258
f 706/154/261 713/160/261 707/161/261
f 707/161/5 714/162/5 708/155/5
f 708/155/260 709/163/260 703/150/260
f 715/170/263 710/157/263 709/163/263
f 710/157/2 717/172/2 711/159/2
f 717/172/262 712/166/262 711/159/262
f 712/168/265 719/175/265 713/160/265
f 719/175/5 714/162/5 713/160/5
f 714/162/264 715/170/264 709/163/264
f 721/177/267 716/164/267 715/170/267
f 716/164/2 723/179/2 717/172/2
f 723/179/266 718/165/266 717/172/266
f 718/167/271 725/182/271 719/175/271
f 725/182/5 720/169/5 719/175/5
f 720/169/270 721/177/270 715/170/270
f 727/184/274 722/171/274 721/177/274
f 728/178/2 723/179/2 722/171/2
f 729/186/272 724/173/272 723/179/311
f 724/174/312 731/189/276 725/182/312
f 725/182/5 732/183/5 726/176/5
f 726/176/313 727/184/275 721/177/313
f 733/191/278 728/178/278 727/184/278
f 734/185/2 729/186/2 728/178/2
f 729/186/277 736/187/277 730/180/277
f 736/188/314 731/189/280 730/181/280
f 731/189/5 738/190/5 732/183/5
f 738/190/279 727/184/279 732/183/279
f 733/191/282 740/192/283 734/185/282
f 734/185/2 741/200/2 735/193/2
f 741/200/281 736/187/281 735/193/281
f 736/188/285 743/203/285 737/196/315
f 743/203/5 738/190/5 737/196/5
f 744/197/284 733/191/284 738/190/284
f 739/198/287 746/199/287 740/192/287
f 746/199/2 741/200/2 740/192/2
f 747/208/286 742/194/286 741/200/286
f 742/195/289 749/211/289 743/203/289
f 743/203/5 750/204/5 744/197/5
f 750/204/288 739/198/288 744/197/288
f 751/205/291 746/199/316 745/206/316
f 746/199/2 753/215/2 747/208/2
f 747/208/317 754/209/317 748/201/317
f 754/210/318 749/211/318 748/202/318
f 755/218/5 750/204/5 749/211/5
f 750/204/293 751/205/293 745/206/293
f 757/213/319 752/207/319 751/205/319
f 752/207/2 759/221/2 753/215/2
f 753/215/295 760/216/295 754/209/295
f 760/217/298 755/218/298 754/210/298
f 761/224/5 756/212/5 755/218/5
f 756/212/320 757/213/320 751/205/320
f 757/213/300 764/220/300 758/214/300
f 758/214/2 765/227/2 759/221/2
f 759/221/299 766/222/299 760/216/299
f 766/223/302 761/224/302 760/217/302
f 767/228/5 762/219/5 761/224/5
f 768/225/301 757/213/301 762/219/301
f 763/226/305 578/3/305 764/220/305
f 764/220/2 579/4/2 765/227/2
f 579/4/303 766/222/303 765/227/303
f 766/223/308 581/9/308 767/228/308
f 581/9/5 768/225/5 767/228/5
f 582/11/306 763/226/306 768/225/306
f 769/1/321 776/2/321 770/3/321
f 770/3/2 777/5/2 771/4/2
f 777/5/322 772/6/322 771/4/322
f 772/7/323 779/8/323 773/9/323
f 779/8/5 774/11/5 773/9/5
f 780/10/324 769/1/324 774/11/324
f 781/19/325 776/2/325 775/12/325
f 782/13/2 777/5/2 776/2/2
f 783/21/326 778/15/326 777/5/326
f 778/17/327 785/24/327 779/8/327
f 779/8/5 786/18/5 780/10/5
f 786/18/328 775/12/328 780/10/328
f 781/19/329 788/20/330 782/13/329
f 788/20/2 783/21/2 782/13/2
f 789/28/331 784/14/331 783/21/331
f 784/16/332 791/31/332 785/24/332
f 785/24/5 792/25/5 786/18/5
f 792/25/333 781/19/333 786/18/333
f 787/26/334 794/27/334 788/20/334
f 788/20/2 795/29/2 789/28/2
f 795/29/335 790/22/335 789/28/335
f 790/23/336 797/30/336 791/31/336
f 797/30/5 792/25/5 791/31/5
f 798/32/337 787/26/337 792/25/337
f 799/33/338 794/27/338 793/34/338
f 794/27/2 801/42/2 795/29/2
f 801/42/339 796/37/339 795/29/339
f 796/39/340 803/45/340 797/30/340
f 803/45/5 798/32/5 797/30/5
f 798/32/341 799/33/341 793/34/341
f 799/33/342 806/41/342 800/35/342
f 800/35/2 807/50/2 801/42/2
f 801/42/343 808/43/343 802/36/343
f 808/44/344 803/45/344 802/38/344
f 809/53/5 804/40/5 803/45/5
f 810/46/345 799/33/346 804/40/346
f 811/47/347 806/41/347 805/48/347
f 806/41/2 813/57/2 807/50/2
f 813/57/348 808/43/348 807/50/348
f 808/44/349 815/60/349 809/53/349
f 815/60/5 810/46/5 809/53/5
f 810/46/350 811/47/350 805/48/350
f 817/55/351 812/49/351 811/47/351
f 812/49/2 819/58/2 813/57/2
f 813/57/352 820/64/352 814/51/352
f 820/65/353 815/60/353 814/52/353
f 821/59/5 816/54/5 815/60/5
f 816/54/354 817/55/354 811/47/354
f 823/68/355 818/56/356 817/55/356
f 818/56/2 825/63/2 819/58/2
f 819/58/357 826/71/357 820/64/357
f 826/73/358 821/59/358 820/65/358
f 827/66/5 822/61/5 821/59/5
f 822/61/359 823/68/359 817/55/359
f 829/75/360 824/62/361 823/68/361
f 824/62/2 831/77/2 825/63/2
f 825/63/362 832/70/362 826/71/362
f 832/72/363 827/66/363 826/73/363
f 833/80/5 828/67/5 827/66/5
f 828/67/364 829/75/364 823/68/364
f 829/75/365 836/76/365 830/69/365
f 836/76/2 831/77/2 830/69/2
f 831/77/366 838/78/366 832/70/366
f 838/79/367 833/80/367 832/72/367
f 839/87/5 834/74/5 833/80/5
f 840/81/368 829/75/368 834/74/368
f 835/82/369 842/83/369 836/76/369
f 842/83/2 837/84/2 836/76/2
f 837/84/370 844/93/370 838/78/370
f 844/95/371 839/87/372 838/79/372
f 839/87/5 846/88/5 840/81/5
f 846/88/373 835/82/373 840/81/373
f 847/89/374 842/83/374 841/90/374
f 848/91/2 843/85/2 842/83/2
f 843/85/375 850/92/375 844/93/375
f 850/94/376 845/86/376 844/95/376
f 845/86/5 852/96/5 846/88/5
f 846/88/377 847/89/377 841/90/377
f 853/97/378 848/91/379 847/89/379
f 848/91/2 855/105/2 849/99/2
f 849/99/380 856/100/380 850/92/380
f 856/101/381 851/102/382 850/94/382
f 857/108/5 852/96/5 851/102/5
f 852/96/383 853/97/383 847/89/383
f 859/110/384 854/98/384 853/97/384
f 860/104/2 855/105/2 854/98/2
f 861/112/385 856/100/386 855/105/386
f 856/101/387 863/115/388 857/108/387
f 863/115/5 858/103/5 857/108/5
f 864/109/389 853/97/389 858/103/389
f 859/110/390 866/111/390 860/104/390
f 866/111/2 861/112/2 860/104/2
f 861/112/391 868/229/391 862/106/391
f 868/230/392 863/115/392 862/107/392
f 863/115/5 870/116/5 864/109/5
f 870/116/393 859/110/393 864/109/393
f 865/117/322 872/118/322 866/119/322
f 872/118/2 867/120/2 866/119/2
f 867/120/321 874/131/321 868/122/321
f 874/132/324 869/125/324 868/123/394
f 869/125/5 876/126/5 870/127/5
f 876/126/323 865/117/323 870/127/395
f 877/136/326 872/118/326 871/128/326
f 872/118/2 879/130/2 873/121/2
f 873/121/325 880/138/325 874/131/325
f 880/139/328 875/124/328 874/132/328
f 881/133/5 876/126/5 875/124/5
f 882/134/327 871/128/327 876/126/327
f 883/135/331 878/129/331 877/136/331
f 878/129/2 885/137/2 879/130/2
f 879/130/330 886/145/329 880/138/330
f 886/147/333 881/133/333 880/139/333
f 887/140/5 882/134/5 881/133/5
f 882/134/332 883/135/332 877/136/332
f 883/135/335 890/151/335 884/142/335
f 890/151/2 885/137/2 884/142/2
f 885/137/334 892/144/334 886/145/334
f 892/146/337 887/140/337 886/147/337
f 887/140/5 894/156/5 888/149/5
f 894/156/336 883/135/336 888/149/336
f 895/150/396 890/151/396 889/141/396
f 890/151/2 897/158/2 891/143/2
f 897/158/338 892/144/338 891/143/338
f 892/146/341 899/161/341 893/148/341
f 899/161/5 894/156/5 893/148/5
f 894/156/397 895/150/397 889/141/397
f 901/163/343 896/152/343 895/150/343
f 896/152/2 903/159/2 897/158/2
f 903/159/398 898/153/398 897/158/398
f 898/154/345 905/160/345 899/161/345
f 905/160/5 900/155/5 899/161/5
f 900/155/344 901/163/344 895/150/344
f 901/163/348 908/164/348 902/157/348
f 908/164/2 903/159/2 902/157/2
f 909/172/347 904/166/347 903/159/347
f 904/168/350 911/175/350 905/160/350
f 911/175/5 906/162/5 905/160/5
f 912/169/349 901/163/349 906/162/349
f 907/170/352 914/171/352 908/164/352
f 914/171/2 909/172/2 908/164/2
f 909/172/351 916/173/351 910/165/351
f 916/174/354 911/175/354 910/167/354
f 911/175/5 918/176/5 912/169/5
f 918/176/353 907/170/353 912/169/353
f 913/177/357 920/178/399 914/171/357
f 920/178/2 915/179/2 914/171/2
f 915/179/356 922/180/356 916/173/356
f 922/181/359 917/182/359 916/174/359
f 917/182/5 924/183/5 918/176/5
f 924/183/358 913/177/358 918/176/358
f 925/191/362 920/178/400 919/184/400
f 920/178/2 927/193/2 921/186/2
f 927/193/361 922/180/361 921/186/361
f 922/181/364 929/196/364 923/189/364
f 929/196/5 924/183/5 923/189/5
f 924/183/401 925/191/401 919/184/401
f 931/198/366 926/185/366 925/191/366
f 926/185/2 933/200/2 927/193/2
f 927/193/402 934/194/402 928/187/365
f 934/195/368 929/196/368 928/188/368
f 935/203/5 930/190/5 929/196/5
f 930/190/367 931/198/367 925/191/367
f 931/198/370 938/199/370 932/192/370
f 938/199/2 933/200/2 932/192/2
f 933/200/369 940/201/369 934/194/369
f 940/202/373 935/203/373 934/195/373
f 935/203/5 942/204/5 936/197/5
f 942/204/371 931/198/371 936/197/371
f 943/205/375 938/199/375 937/206/375
f 944/207/2 939/208/2 938/199/2
f 939/208/374 946/209/374 940/201/374
f 946/210/377 941/211/377 940/202/377
f 941/211/5 948/212/5 942/204/5
f 942/204/376 943/205/376 937/206/376
f 949/213/380 944/207/403 943/205/403
f 944/207/2 951/221/2 945/215/2
f 945/215/379 952/216/378 946/209/379
f 952/217/383 947/218/383 946/210/383
f 953/224/5 948/212/5 947/218/5
f 948/212/382 949/213/381 943/205/382
f 955/226/404 950/214/404 949/213/404
f 950/214/2 957/227/2 951/221/2
f 957/227/384 952/216/384 951/221/384
f 952/217/389 959/228/389 953/224/389
f 959/228/5 954/219/5 953/224/5
f 954/219/388 955/226/388 949/213/388
f 769/1/391 956/220/391 955/226/391
f 956/220/2 771/4/2 957/227/2
f 771/4/390 958/222/390 957/227/390
f 958/223/393 773/9/393 959/228/393
f 773/9/5 960/225/5 959/228/5
f 960/225/392 769/1/392 955/226/392
f 967/12/405 962/3/405 961/1/405
f 962/3/2 969/5/2 963/4/2
f 963/4/406 970/15/406 964/6/406
f 970/17/407 965/9/407 964/7/407
f 971/8/5 966/11/5 965/9/5
f 966/11/408 967/12/408 961/1/408
f 967/12/409 974/13/409 968/2/409
f 968/2/2 975/21/2 969/5/2
f 975/21/410 970/15/410 969/5/410
f 970/17/411 977/24/411 971/8/411
f 977/24/5 972/10/5 971/8/5
f 978/18/412 967/12/412 972/10/413
f 973/19/414 980/20/414 974/13/414
f 980/20/2 975/21/2 974/13/2
f 981/28/415 976/14/415 975/21/415
f 976/16/416 983/31/416 977/24/416
f 977/24/5 984/25/5 978/18/5
f 984/25/417 973/19/417 978/18/417
f 979/26/418 986/27/418 980/20/418
f 986/27/2 981/28/2 980/20/2
f 987/29/419 982/22/419 981/28/419
f 982/23/420 989/30/420 983/31/420
f 983/31/5 990/32/5 984/25/5
f 990/32/421 979/26/421 984/25/421
f 991/33/422 986/27/422 985/34/422
f 986/27/2 993/42/2 987/29/2
f 993/42/423 988/37/423 987/29/423
f 988/39/424 995/45/424 989/30/424
f 995/45/5 990/32/5 989/30/5
f 990/32/425 991/33/426 985/34/425
f 997/48/427 992/35/427 991/33/427
f 998/41/2 993/42/2 992/35/2
f 993/42/428 1000/43/428 994/36/428
f 1000/44/429 995/45/429 994/38/429
f 995/45/5 1002/46/5 996/40/5
f 996/40/430 997/48/430 991/33/430
f 997/48/431 1004/49/431 998/41/431
f 1004/49/2 999/50/2 998/41/2
f 999/50/432 1006/51/432 1000/43/432
f 1006/52/433 1001/53/433 1000/44/433
f 1001/53/5 1008/54/5 1002/46/5
f 1008/54/434 997/48/434 1002/46/434
f 1003/47/435 1010/56/435 1004/49/435
f 1010/56/2 1005/57/2 1004/49/2
f 1011/58/436 1006/51/436 1005/57/436
f 1006/52/437 1013/59/437 1007/60/437
f 1007/60/5 1014/61/5 1008/54/5
f 1014/61/438 1003/47/438 1008/54/438
f 1009/55/439 1016/62/439 1010/56/439
f 1016/62/2 1011/58/2 1010/56/2
f 1017/63/440 1012/64/440 1011/58/441
f 1012/65/442 1019/66/442 1013/59/442
f 1013/59/5 1020/67/5 1014/61/5
f 1020/67/443 1009/55/443 1014/61/443
f 1015/68/444 1022/69/444 1016/62/444
f 1016/62/2 1023/77/2 1017/63/2
f 1023/77/445 1018/71/445 1017/63/445
f 1018/73/446 1025/80/446 1019/66/447
f 1025/80/5 1020/67/5 1019/66/5
f 1026/74/448 1015/68/448 1020/67/448
f 1021/75/449 1028/76/449 1022/69/449
f 1028/76/2 1023/77/2 1022/69/2
f 1023/77/450 1030/78/450 1024/70/450
f 1030/79/451 1025/80/451 1024/72/451
f 1025/80/5 1032/81/5 1026/74/5
f 1032/81/452 1021/75/452 1026/74/452
f 1027/82/453 1034/83/453 1028/76/453
f 1034/83/2 1029/84/2 1028/76/2
f 1029/84/454 1036/93/454 1030/78/454
f 1036/95/455 1031/87/455 1030/79/455
f 1031/87/5 1038/88/5 1032/81/5
f 1038/88/456 1027/82/456 1032/81/456
f 1039/89/457 1034/83/457 1033/90/457
f 1034/83/2 1041/99/2 1035/85/2
f 1041/99/458 1036/93/458 1035/85/458
f 1036/95/459 1043/102/459 1037/86/459
f 1043/102/5 1038/88/5 1037/86/5
f 1038/88/460 1039/89/461 1033/90/460
f 1045/97/462 1040/91/462 1039/89/463
f 1040/91/2 1047/105/2 1041/99/2
f 1047/105/464 1042/92/464 1041/99/465
f 1042/94/466 1049/108/466 1043/102/466
f 1049/108/5 1044/96/5 1043/102/5
f 1044/96/467 1045/97/467 1039/89/467
f 1045/97/468 1052/104/468 1046/98/468
f 1046/98/2 1053/112/2 1047/105/2
f 1047/105/469 1054/106/469 1048/100/469
f 1054/107/470 1049/108/470 1048/101/470
f 1055/115/5 1050/103/5 1049/108/5
f 1056/109/471 1045/97/471 1050/103/471
f 1057/231/472 1052/104/472 1051/110/472
f 1052/104/2 1059/113/2 1053/112/2
f 1053/112/473 1060/229/473 1054/106/473
f 1060/230/474 1055/115/474 1054/107/474
f 1061/114/5 1056/109/5 1055/115/5
f 1056/109/475 1057/231/475 1051/110/475
f 1063/128/406 1058/119/406 1057/117/406
f 1064/118/2 1059/120/2 1058/119/2
f 1059/120/405 1066/131/405 1060/122/405
f 1066/132/408 1061/125/408 1060/123/408
f 1061/125/5 1068/126/5 1062/127/5
f 1062/127/407 1063/128/407 1057/117/407
f 1069/136/410 1064/118/410 1063/128/410
f 1070/129/2 1065/121/2 1064/118/2
f 1065/121/409 1072/138/409 1066/131/409
f 1072/139/412 1067/124/412 1066/132/412
f 1067/124/5 1074/134/5 1068/126/5
f 1068/126/411 1069/136/411 1063/128/411
f 1075/135/415 1070/129/415 1069/136/415
f 1076/142/2 1071/130/2 1070/129/2
f 1071/130/414 1078/145/414 1072/138/414
f 1078/147/417 1073/133/417 1072/139/417
f 1073/133/5 1080/149/5 1074/134/5
f 1074/134/416 1075/135/416 1069/136/416
f 1081/141/419 1076/142/419 1075/135/419
f 1082/151/2 1077/137/2 1076/142/2
f 1077/137/418 1084/144/418 1078/145/418
f 1078/147/421 1085/148/421 1079/140/421
f 1085/148/5 1080/149/5 1079/140/5
f 1080/149/420 1081/141/420 1075/135/420
f 1087/150/423 1082/151/423 1081/141/423
f 1088/152/2 1083/143/2 1082/151/2
f 1083/143/422 1090/153/422 1084/144/422
f 1084/146/425 1091/161/425 1085/148/425
f 1091/161/5 1086/156/5 1085/148/5
f 1086/156/424 1087/150/424 1081/141/424
f 1093/163/428 1088/152/428 1087/150/428
f 1088/152/2 1095/159/2 1089/158/2
f 1095/159/427 1090/153/427 1089/158/427
f 1090/154/430 1097/160/430 1091/161/430
f 1097/160/5 1092/155/5 1091/161/5
f 1092/155/429 1093/163/429 1087/150/429
f 1099/170/432 1094/157/432 1093/163/432
f 1094/157/2 1101/172/2 1095/159/2
f 1095/159/431 1102/165/431 1096/166/431
f 1102/167/434 1097/160/434 1096/168/434
f 1103/175/5 1098/162/5 1097/160/5
f 1098/162/433 1099/170/433 1093/163/433
f 1099/170/436 1106/171/436 1100/164/436
f 1100/164/2 1107/179/2 1101/172/2
f 1101/172/435 1108/173/435 1102/165/435
f 1108/174/438 1103/175/438 1102/167/438
f 1109/182/5 1104/169/5 1103/175/5
f 1110/176/437 1099/170/437 1104/169/437
f 1105/177/440 1112/178/441 1106/171/440
f 1112/178/2 1107/179/2 1106/171/2
f 1107/179/439 1114/180/439 1108/173/439
f 1114/181/443 1109/182/443 1108/174/443
f 1109/182/5 1116/183/5 1110/176/5
f 1116/183/476 1105/177/442 1110/176/442
f 1117/191/445 1112/178/445 1111/184/445
f 1118/185/2 1113/186/2 1112/178/2
f 1113/186/444 1120/187/444 1114/180/444
f 1120/188/448 1115/189/448 1114/181/448
f 1115/189/5 1122/190/5 1116/183/5
f 1116/183/446 1117/191/446 1111/184/446
f 1123/198/450 1118/185/450 1117/191/450
f 1118/185/2 1125/200/2 1119/193/2
f 1119/193/449 1126/194/449 1120/187/449
f 1126/195/452 1121/196/452 1120/188/452
f 1127/203/5 1122/190/5 1121/196/5
f 1122/190/451 1123/198/451 1117/191/451
f 1129/206/454 1124/192/454 1123/198/454
f 1124/192/2 1131/208/2 1125/200/2
f 1125/200/453 1132/201/453 1126/194/453
f 1132/202/456 1127/203/456 1126/195/456
f 1133/211/5 1128/197/5 1127/203/5
f 1128/197/455 1129/206/455 1123/198/455
f 1135/205/458 1130/199/458 1129/206/458
f 1130/199/2 1137/215/2 1131/208/2
f 1137/215/457 1132/201/457 1131/208/457
f 1132/202/460 1139/218/460 1133/211/460
f 1139/218/5 1134/204/5 1133/211/5
f 1134/204/459 1135/205/459 1129/206/459
f 1141/213/464 1136/207/464 1135/205/464
f 1136/207/2 1143/221/2 1137/215/2
f 1143/221/477 1138/209/477 1137/215/477
f 1138/210/478 1145/224/479 1139/218/478
f 1145/224/5 1140/212/5 1139/218/5
f 1140/212/466 1141/213/466 1135/205/466
f 1147/226/469 1142/214/469 1141/213/469
f 1142/214/2 1149/227/2 1143/221/2
f 1149/227/468 1144/216/468 1143/221/468
f 1144/217/471 1151/228/471 1145/224/471
f 1151/228/5 1146/219/5 1145/224/5
f 1146/219/470 1147/226/470 1141/213/470
f 1147/226/473 962/3/473 1148/220/473
f 1148/220/2 963/4/2 1149/227/2
f 1149/227/472 964/6/472 1150/222/472
f 964/7/475 1151/228/475 1150/223/475
f 965/9/5 1152/225/5 1151/228/5
f 966/11/474 1147/226/474 1152/225/474
f 1/1/1 7/12/1 8/2/1
f 8/2/2 9/5/2 3/4/2
f 9/5/3 10/15/3 4/6/3
f 4/7/4 10/17/4 11/8/4
f 5/9/5 11/8/5 12/10/5
f 12/10/6 7/12/6 1/1/6
f 7/12/7 13/19/7 14/13/7
f 14/13/2 15/21/2 9/5/2
f 9/5/8 15/21/8 16/14/8
f 16/16/9 17/24/9 11/8/9
f 11/8/5 17/24/5 18/18/5
f 18/18/10 13/19/10 7/12/10
f 13/19/11 19/26/11 20/20/11
f 20/20/2 21/28/2 15/21/2
f 15/21/12 21/28/12 22/22/12
f 22/23/13 23/31/13 17/24/13
f 17/24/5 23/31/5 24/25/5
f 24/25/14 19/26/14 13/19/14
f 19/26/15 25/34/15 26/27/15
f 26/27/2 27/29/2 21/28/2
f 27/29/16 28/37/16 22/22/16
f 22/23/17 28/39/17 29/30/17
f 23/31/5 29/30/5 30/32/5
f 30/32/18 25/34/18 19/26/18
f 31/33/19 32/35/19 26/27/19
f 32/35/2 33/42/2 27/29/2
f 27/29/20 33/42/20 34/36/20
f 34/38/21 35/45/21 29/30/21
f 29/30/5 35/45/5 36/40/5
f 30/32/22 36/40/22 31/33/22
f 31/33/23 37/48/23 38/41/23
f 38/41/2 39/50/2 33/42/2
f 33/42/24 39/50/24 40/43/24
f 40/44/25 41/53/25 35/45/25
f 35/45/5 41/53/5 42/46/5
f 42/46/26 37/48/26 31/33/26
f 43/47/27 44/49/27 38/41/28
f 44/49/2 45/57/2 39/50/2
f 39/50/29 45/57/29 46/51/29
f 46/52/30 47/60/30 41/53/30
f 41/53/5 47/60/5 48/54/5
f 42/46/31 48/54/32 43/47/32
f 49/55/33 50/56/33 44/49/33
f 50/56/2 51/58/2 45/57/2
f 51/58/34 52/64/34 46/51/34
f 46/52/35 52/65/35 53/59/35
f 47/60/5 53/59/5 54/61/5
f 48/54/36 54/61/36 49/55/36
f 49/55/37 55/68/37 56/62/37
f 56/62/2 57/63/2 51/58/2
f 57/63/38 58/71/38 52/64/38
f 52/65/39 58/73/39 59/66/39
f 53/59/5 59/66/5 60/67/5
f 60/67/40 55/68/40 49/55/40
f 55/68/41 61/75/41 62/69/41
f 62/69/2 63/77/2 57/63/2
f 57/63/42 63/77/42 64/70/42
f 64/72/43 65/80/43 59/66/44
f 59/66/5 65/80/5 66/74/5
f 66/74/45 61/75/45 55/68/46
f 61/75/47 67/82/47 68/76/47
f 68/76/2 69/84/2 63/77/2
f 63/77/48 69/84/48 70/78/48
f 70/79/49 71/87/49 65/80/49
f 65/80/5 71/87/5 72/81/5
f 72/81/50 67/82/50 61/75/50
f 67/82/51 73/90/51 74/83/51
f 74/83/2 75/85/2 69/84/2
f 75/85/52 76/93/52 70/78/52
f 70/79/53 76/95/53 77/86/53
f 71/87/5 77/86/5 78/88/5
f 78/88/54 73/90/54 67/82/54
f 79/89/55 80/91/55 74/83/55
f 80/91/2 81/99/2 75/85/2
f 75/85/56 81/99/56 82/92/56
f 82/94/57 83/102/57 77/86/57
f 77/86/5 83/102/5 84/96/5
f 84/96/58 79/89/58 73/90/58
f 85/97/59 86/98/59 80/91/59
f 86/98/2 87/105/2 81/99/2
f 81/99/60 87/105/60 88/100/60
f 88/101/61 89/108/61 83/102/61
f 83/102/5 89/108/5 90/103/5
f 84/96/62 90/103/62 85/97/62
f 85/97/63 91/110/63 92/104/63
f 92/104/2 93/112/2 87/105/2
f 87/105/64 93/112/64 94/106/64
f 94/107/65 95/115/65 89/108/65
f 89/108/5 95/115/5 96/109/5
f 96/109/66 91/110/66 85/97/66
f 91/110/67 97/231/68 98/111/68
f 98/111/2 99/113/2 93/112/2
f 99/113/69 100/229/69 94/106/69
f 94/107/70 100/230/70 101/114/70
f 95/115/5 101/114/5 102/116/5
f 102/116/71 97/231/532 91/110/71
f 97/117/3 103/128/3 104/118/3
f 104/118/2 105/121/2 99/120/2
f 105/121/1 106/131/1 100/122/1
f 100/123/6 106/132/6 107/124/6
f 101/125/5 107/124/5 108/126/5
f 108/126/4 103/128/4 97/117/4
f 103/128/8 109/136/8 110/129/8
f 104/118/2 110/129/2 111/130/2
f 111/130/7 112/138/7 106/131/7
f 106/132/10 112/139/10 113/133/10
f 113/133/5 114/134/5 108/126/5
f 114/134/9 109/136/9 103/128/9
f 115/135/12 116/142/12 110/129/12
f 110/129/2 116/142/2 117/137/2
f 117/137/11 118/145/11 112/138/11
f 112/139/14 118/147/14 119/140/14
f 119/140/5 120/149/5 114/134/5
f 114/134/13 120/149/13 115/135/13
f 121/141/16 122/151/16 116/142/16
f 116/142/2 122/151/2 123/143/2
f 117/137/15 123/143/15 124/144/15
f 124/146/18 125/148/18 119/140/18
f 125/148/5 126/156/5 120/149/5
f 120/149/17 126/156/17 121/141/17
f 127/150/20 128/152/20 122/151/20
f 128/152/2 129/158/2 123/143/2
f 123/143/19 129/158/19 130/153/19
f 130/154/22 131/161/22 125/148/22
f 125/148/5 131/161/5 132/155/5
f 132/155/21 127/150/21 121/141/21
f 127/150/24 133/163/24 134/157/24
f 134/157/2 135/159/2 129/158/2
f 135/159/23 136/166/23 130/153/23
f 130/154/26 136/168/26 137/160/26
f 131/161/5 137/160/5 138/162/5
f 138/162/25 133/163/25 127/150/25
f 133/163/29 139/170/72 140/164/72
f 140/164/2 141/172/2 135/159/2
f 135/159/28 141/172/28 142/165/28
f 142/167/32 143/175/32 137/160/31
f 137/160/5 143/175/5 144/169/5
f 144/169/73 139/170/73 133/163/30
f 139/170/34 145/177/34 146/171/34
f 146/171/2 147/179/2 141/172/2
f 141/172/33 147/179/33 148/173/33
f 148/174/36 149/182/36 143/175/36
f 143/175/5 149/182/5 150/176/5
f 150/176/35 145/177/35 139/170/35
f 145/177/38 151/184/38 152/178/38
f 152/178/2 153/186/2 147/179/2
f 147/179/37 153/186/37 154/180/37
f 154/181/74 155/189/74 149/182/74
f 149/182/5 155/189/5 156/183/5
f 156/183/75 151/184/75 145/177/75
f 151/184/42 157/191/42 158/185/42
f 158/185/2 159/193/2 153/186/2
f 153/186/41 159/193/41 160/187/41
f 160/188/46 161/196/46 155/189/46
f 155/189/5 161/196/5 162/190/5
f 162/190/43 157/191/43 151/184/43
f 157/191/48 163/198/76 164/192/76
f 164/192/2 165/200/2 159/193/2
f 159/193/47 165/200/47 166/194/47
f 166/195/50 167/203/50 161/196/50
f 161/196/5 167/203/5 168/197/5
f 168/197/49 163/198/49 157/191/49
f 163/198/52 169/206/52 170/199/52
f 170/199/2 171/208/2 165/200/2
f 165/200/51 171/208/51 172/201/51
f 172/202/54 173/211/54 167/203/54
f 167/203/5 173/211/5 174/204/5
f 174/204/53 169/206/53 163/198/53
f 175/205/56 176/207/56 170/199/56
f 176/207/2 177/215/2 171/208/2
f 171/208/55 177/215/55 178/209/55
f 178/210/58 179/218/58 173/211/58
f 173/211/5 179/218/5 180/212/5
f 174/204/57 180/212/57 175/205/57
f 181/213/60 182/214/60 176/207/60
f 182/214/2 183/221/2 177/215/2
f 177/215/59 183/221/59 184/216/59
f 184/217/62 185/224/62 179/218/62
f 179/218/5 185/224/5 186/219/5
f 180/212/61 186/219/61 181/213/61
f 181/213/64 187/226/64 188/220/64
f 188/220/2 189/227/2 183/221/2
f 183/221/63 189/227/63 190/222/63
f 190/223/66 191/228/66 185/224/66
f 185/224/5 191/228/5 192/225/5
f 192/225/65 187/226/65 181/213/65
f 187/226/77 1/1/69 2/3/69
f 2/3/2 3/4/2 189/227/2
f 3/4/68 4/6/68 190/222/68
f 190/223/71 4/7/71 5/9/71
f 191/228/5 5/9/5 6/11/5
f 6/11/70 1/1/70 187/226/70
f 193/1/78 199/12/78 200/2/78
f 194/3/2 200/2/2 201/5/2
f 195/4/79 201/5/79 202/15/79
f 202/17/80 203/8/80 197/9/80
f 203/8/5 204/10/5 198/11/5
f 204/10/81 199/12/81 193/1/81
f 199/12/82 205/19/83 206/13/83
f 206/13/2 207/21/2 201/5/2
f 201/5/84 207/21/84 208/14/84
f 208/16/85 209/24/85 203/8/85
f 203/8/5 209/24/5 210/18/5
f 210/18/86 205/19/86 199/12/86
f 205/19/87 211/26/87 212/20/87
f 212/20/2 213/28/2 207/21/2
f 207/21/88 213/28/88 214/22/88
f 214/23/89 215/31/89 209/24/89
f 209/24/5 215/31/5 216/25/5
f 216/25/90 211/26/90 205/19/90
f 211/26/91 217/34/91 218/27/91
f 218/27/2 219/29/2 213/28/2
f 213/28/92 219/29/92 220/37/92
f 220/39/93 221/30/93 215/31/93
f 215/31/5 221/30/5 222/32/5
f 222/32/94 217/34/94 211/26/94
f 217/34/95 223/33/95 224/35/95
f 224/35/2 225/42/2 219/29/2
f 219/29/96 225/42/96 226/36/96
f 226/38/97 227/45/533 221/30/97
f 221/30/5 227/45/5 228/40/5
f 228/40/98 223/33/98 217/34/98
f 223/33/99 229/48/99 230/41/99
f 230/41/2 231/50/2 225/42/2
f 225/42/100 231/50/100 232/43/100
f 232/44/101 233/53/101 227/45/101
f 227/45/5 233/53/5 234/46/5
f 234/46/102 229/48/102 223/33/102
f 229/48/103 235/47/103 236/49/103
f 236/49/2 237/57/2 231/50/2
f 231/50/104 237/57/104 238/51/104
f 238/52/105 239/60/105 233/53/105
f 233/53/5 239/60/5 240/54/5
f 240/54/106 235/47/106 229/48/106
f 235/47/107 241/55/107 242/56/107
f 236/49/2 242/56/2 243/58/2
f 243/58/108 244/64/108 238/51/108
f 238/52/109 244/65/109 245/59/109
f 245/59/5 246/61/5 240/54/5
f 246/61/110 241/55/110 235/47/110
f 241/55/111 247/68/111 248/62/111
f 248/62/2 249/63/2 243/58/2
f 243/58/113 249/63/148 250/71/113
f 250/73/114 251/66/114 245/59/114
f 245/59/5 251/66/5 252/67/5
f 252/67/115 247/68/115 241/55/116
f 247/68/117 253/75/117 254/69/117
f 254/69/2 255/77/2 249/63/2
f 249/63/118 255/77/118 256/70/118
f 256/72/119 257/80/119 251/66/119
f 251/66/5 257/80/5 258/74/5
f 258/74/120 253/75/120 247/68/120
f 259/82/121 260/76/121 254/69/121
f 260/76/2 261/84/2 255/77/2
f 255/77/122 261/84/122 262/78/122
f 262/79/123 263/87/123 257/80/123
f 257/80/5 263/87/5 264/81/5
f 258/74/124 264/81/124 259/82/124
f 265/90/125 266/83/125 260/76/126
f 266/83/2 267/85/2 261/84/2
f 261/84/127 267/85/127 268/93/127
f 268/95/128 269/86/128 263/87/128
f 263/87/5 269/86/5 270/88/5
f 264/81/129 270/88/129 265/90/129
f 271/89/130 272/91/130 266/83/130
f 266/83/2 272/91/2 273/99/2
f 273/99/131 274/92/131 268/93/131
f 268/95/132 274/94/132 275/102/132
f 275/102/5 276/96/5 270/88/5
f 270/88/133 276/96/133 271/89/133
f 271/89/134 277/97/134 278/98/134
f 272/91/2 278/98/2 279/105/2
f 273/99/135 279/105/135 280/100/135
f 280/101/136 281/108/136 275/102/136
f 281/108/5 282/103/5 276/96/5
f 282/103/137 277/97/137 271/89/137
f 277/97/138 283/110/138 284/104/138
f 284/104/2 285/112/2 279/105/2
f 279/105/139 285/112/139 286/106/139
f 286/107/140 287/115/140 281/108/140
f 281/108/5 287/115/5 288/109/5
f 288/109/141 283/110/141 277/97/141
f 283/110/142 289/231/142 290/111/142
f 284/104/2 290/111/2 291/113/2
f 291/113/143 292/229/143 286/106/143
f 286/107/144 292/230/144 293/114/144
f 293/114/5 294/116/5 288/109/5
f 294/116/145 289/231/145 283/110/146
f 289/117/79 295/128/79 296/118/79
f 296/118/2 297/121/2 291/120/2
f 291/120/78 297/121/78 298/131/78
f 298/132/81 299/124/81 293/125/81
f 293/125/5 299/124/5 300/126/5
f 300/126/80 295/128/80 289/117/80
f 295/128/147 301/136/84 302/129/84
f 296/118/2 302/129/2 303/130/2
f 297/121/83 303/130/82 304/138/82
f 304/139/86 305/133/86 299/124/86
f 305/133/5 306/134/5 300/126/5
f 306/134/85 301/136/85 295/128/85
f 301/136/88 307/135/88 308/142/88
f 302/129/2 308/142/2 309/137/2
f 309/137/87 310/145/87 304/138/87
f 304/139/90 310/147/90 311/140/90
f 311/140/5 312/149/5 306/134/5
f 312/149/89 307/135/89 301/136/89
f 307/135/92 313/141/92 314/151/92
f 314/151/2 315/143/2 309/137/2
f 315/143/91 316/144/91 310/145/91
f 310/147/94 316/146/94 317/148/94
f 311/140/5 317/148/5 318/156/5
f 318/156/93 313/141/93 307/135/93
f 319/150/96 320/152/96 314/151/96
f 314/151/2 320/152/2 321/158/2
f 321/158/95 322/153/95 316/144/95
f 316/146/98 322/154/98 323/161/98
f 323/161/5 324/155/5 318/156/5
f 318/156/97 324/155/97 319/150/97
f 319/150/100 325/163/100 326/157/100
f 320/152/2 326/157/2 327/159/2
f 321/158/99 327/159/99 328/166/99
f 328/168/102 329/160/102 323/161/102
f 329/160/5 330/162/5 324/155/5
f 330/162/101 325/163/101 319/150/101
f 325/163/104 331/170/104 332/164/104
f 332/164/2 333/172/2 327/159/2
f 327/159/103 333/172/103 334/165/103
f 334/167/106 335/175/106 329/160/106
f 329/160/5 335/175/5 336/169/5
f 336/169/105 331/170/105 325/163/105
f 331/170/108 337/177/108 338/171/108
f 332/164/2 338/171/2 339/179/2
f 339/179/107 340/173/107 334/165/107
f 334/167/110 340/174/110 341/182/110
f 341/182/5 342/176/5 336/169/5
f 342/176/109 337/177/109 331/170/109
f 343/184/113 344/178/113 338/171/148
f 338/171/2 344/178/2 345/186/2
f 345/186/112 346/180/112 340/173/111
f 340/174/116 346/181/116 347/189/116
f 347/189/5 348/183/5 342/176/5
f 342/176/114 348/183/534 343/184/114
f 349/191/118 350/185/118 344/178/118
f 344/178/2 350/185/2 351/193/2
f 345/186/117 351/193/117 352/187/117
f 352/188/120 353/196/120 347/189/120
f 353/196/5 354/190/5 348/183/5
f 348/183/119 354/190/119 349/191/119
f 355/198/122 356/192/122 350/185/122
f 356/192/2 357/200/2 351/193/2
f 351/193/121 357/200/121 358/194/121
f 358/195/124 359/203/124 353/196/124
f 353/196/5 359/203/5 360/197/5
f 354/190/123 360/197/123 355/198/123
f 361/206/149 362/199/149 356/192/127
f 362/199/2 363/208/2 357/200/2
f 363/208/126 364/201/125 358/194/126
f 358/195/150 364/202/129 365/211/129
f 365/211/5 366/204/5 360/197/5
f 360/197/151 366/204/151 361/206/151
f 367/205/131 368/207/131 362/199/131
f 368/207/2 369/215/2 363/208/2
f 363/208/130 369/215/130 370/209/130
f 370/210/133 371/218/133 365/211/133
f 365/211/5 371/218/5 372/212/5
f 366/204/132 372/212/132 367/205/132
f 367/205/135 373/213/135 374/214/135
f 374/214/2 375/221/2 369/215/2
f 369/215/134 375/221/134 376/216/134
f 376/217/137 377/224/137 371/218/137
f 371/218/5 377/224/5 378/219/5
f 378/219/136 373/213/136 367/205/136
f 373/213/139 379/226/139 380/220/139
f 380/220/2 381/227/2 375/221/2
f 375/221/138 381/227/138 382/222/138
f 382/223/141 383/228/141 377/224/141
f 377/224/5 383/228/5 384/225/5
f 384/225/140 379/226/140 373/213/140
f 193/1/143 194/3/143 380/220/143
f 380/220/2 194/3/2 195/4/2
f 381/227/142 195/4/142 196/6/142
f 196/7/146 197/9/146 383/228/146
f 197/9/5 198/11/5 384/225/5
f 384/225/144 198/11/144 193/1/144
f 385/1/152 391/12/152 392/2/152
f 392/2/2 393/5/2 387/4/2
f 393/5/153 394/15/153 388/6/153
f 388/7/154 394/17/154 395/8/154
f 395/8/5 396/10/5 390/11/5
f 396/10/155 391/12/155 385/1/155
f 397/19/156 398/13/156 392/2/156
f 398/13/2 399/21/2 393/5/2
f 393/5/157 399/21/157 400/14/157
f 400/16/158 401/24/158 395/8/158
f 395/8/5 401/24/5 402/18/5
f 396/10/159 402/18/159 397/19/159
f 397/19/160 403/26/160 404/20/160
f 404/20/2 405/28/2 399/21/2
f 405/28/161 406/22/161 400/14/161
f 400/16/162 406/23/162 407/31/162
f 401/24/5 407/31/5 408/25/5
f 408/25/163 403/26/163 397/19/163
f 403/26/164 409/34/165 410/27/165
f 404/20/2 410/27/2 411/29/2
f 411/29/166 412/37/166 406/22/167
f 406/23/168 412/39/169 413/30/169
f 413/30/5 414/32/5 408/25/5
f 414/32/171 409/34/171 403/26/171
f 409/34/172 415/33/172 416/35/172
f 410/27/2 416/35/2 417/42/2
f 417/42/173 418/36/173 412/37/173
f 412/39/174 418/38/174 419/45/174
f 419/45/5 420/40/5 414/32/5
f 420/40/175 415/33/175 409/34/175
f 415/33/176 421/48/535 422/41/176
f 416/35/2 422/41/2 423/50/2
f 423/50/177 424/43/536 418/36/177
f 418/38/178 424/44/178 425/53/178
f 425/53/5 426/46/5 420/40/5
f 426/46/179 421/48/179 415/33/179
f 421/48/180 427/47/180 428/49/180
f 422/41/2 428/49/2 429/57/2
f 429/57/181 430/51/181 424/43/181
f 424/44/182 430/52/182 431/60/182
f 431/60/5 432/54/5 426/46/5
f 432/54/183 427/47/183 421/48/183
f 427/47/184 433/55/184 434/56/184
f 428/49/2 434/56/2 435/58/2
f 435/58/185 436/64/185 430/51/185
f 430/52/186 436/65/186 437/59/186
f 437/59/5 438/61/5 432/54/5
f 438/61/187 433/55/187 427/47/187
f 433/55/188 439/68/189 440/62/189
f 440/62/2 441/63/2 435/58/2
f 435/58/190 441/63/191 442/71/191
f 442/73/192 443/66/192 437/59/192
f 437/59/5 443/66/5 444/67/5
f 444/67/193 439/68/193 433/55/194
f 439/68/195 445/75/195 446/69/195
f 446/69/2 447/77/2 441/63/2
f 441/63/196 447/77/196 448/70/196
f 448/72/197 449/80/197 443/66/197
f 443/66/5 449/80/5 450/74/5
f 450/74/198 445/75/198 439/68/199
f 451/82/200 452/76/200 446/69/200
f 446/69/2 452/76/2 453/84/2
f 447/77/201 453/84/201 454/78/201
f 454/79/202 455/87/202 449/80/202
f 455/87/5 456/81/5 450/74/5
f 450/74/203 456/81/204 451/82/204
f 457/90/205 458/83/205 452/76/205
f 452/76/2 458/83/2 459/85/2
f 459/85/206 460/93/206 454/78/207
f 454/79/208 460/95/537 461/86/208
f 461/86/5 462/88/5 456/81/5
f 456/81/209 462/88/209 457/90/209
f 457/90/210 463/89/210 464/91/210
f 464/91/2 465/99/2 459/85/2
f 465/99/211 466/92/211 460/93/212
f 460/95/213 466/94/213 467/102/213
f 461/86/5 467/102/5 468/96/5
f 468/96/215 463/89/215 457/90/215
f 463/89/216 469/97/216 470/98/216
f 470/98/2 471/105/2 465/99/2
f 465/99/217 471/105/217 472/100/217
f 472/101/218 473/108/218 467/102/218
f 467/102/5 473/108/5 474/103/5
f 474/103/219 469/97/219 463/89/219
f 469/97/220 475/110/221 476/104/221
f 470/98/2 476/104/2 477/112/2
f 471/105/222 477/112/222 478/106/222
f 478/107/223 479/115/223 473/108/223
f 479/115/5 480/109/5 474/103/5
f 480/109/224 475/110/224 469/97/224
f 475/110/226 481/231/226 482/111/226
f 476/104/2 482/111/2 483/113/2
f 477/112/227 483/113/227 484/229/227
f 484/230/228 485/114/228 479/115/228
f 485/114/5 486/116/5 480/109/5
f 486/116/229 481/231/229 475/110/229
f 481/117/153 487/128/153 488/118/153
f 488/118/2 489/121/2 483/120/2
f 483/120/152 489/121/152 490/131/152
f 490/132/155 491/124/155 485/125/155
f 485/125/5 491/124/5 492/126/5
f 492/126/154 487/128/154 481/117/154
f 493/136/157 494/129/157 488/118/157
f 494/129/2 495/130/2 489/121/2
f 489/121/156 495/130/156 496/138/156
f 496/139/159 497/133/159 491/124/159
f 497/133/5 498/134/5 492/126/5
f 498/134/158 493/136/158 487/128/158
f 493/136/161 499/135/161 500/142/161
f 494/129/2 500/142/2 501/137/2
f 501/137/160 502/145/160 496/138/160
f 496/139/163 502/147/163 503/140/163
f 503/140/5 504/149/5 498/134/5
f 504/149/162 499/135/162 493/136/162
f 499/135/166 505/141/167 506/151/167
f 500/142/2 506/151/2 507/143/2
f 507/143/165 508/144/165 502/145/165
f 502/147/230 508/146/171 509/148/171
f 509/148/5 510/156/5 504/149/5
f 510/156/168 505/141/168 499/135/168
f 505/141/173 511/150/173 512/152/173
f 506/151/2 512/152/2 513/158/2
f 507/143/172 513/158/172 514/153/172
f 514/154/175 515/161/175 509/148/175
f 515/161/5 516/155/5 510/156/5
f 516/155/174 511/150/174 505/141/174
f 511/150/177 517/163/536 518/157/177
f 518/157/2 519/159/2 513/158/2
f 513/158/176 519/159/176 520/166/176
f 520/168/179 521/160/179 515/161/179
f 515/161/5 521/160/5 522/162/5
f 522/162/178 517/163/178 511/150/178
f 517/163/181 523/170/181 524/164/181
f 524/164/2 525/172/2 519/159/2
f 519/159/180 525/172/180 526/165/180
f 526/167/183 527/175/183 521/160/183
f 521/160/5 527/175/5 528/169/5
f 528/169/182 523/170/182 517/163/182
f 523/170/185 529/177/185 530/171/185
f 530/171/2 531/179/2 525/172/2
f 531/179/184 532/173/184 526/165/184
f 526/167/187 532/174/187 533/182/187
f 527/175/5 533/182/5 534/176/5
f 534/176/186 529/177/186 523/170/186
f 529/177/190 535/184/191 536/178/191
f 536/178/2 537/186/2 531/179/2
f 531/179/188 537/186/189 538/180/189
f 532/174/193 538/181/193 539/189/193
f 533/182/5 539/189/5 540/183/5
f 540/183/192 535/184/192 529/177/231
f 535/184/196 541/191/232 542/185/232
f 542/185/2 543/193/2 537/186/2
f 537/186/195 543/193/195 544/187/195
f 544/188/198 545/196/198 539/189/199
f 539/189/5 545/196/5 546/190/5
f 546/190/197 541/191/197 535/184/197
f 547/198/233 548/192/233 542/185/233
f 548/192/2 549/200/2 543/193/2
f 543/193/234 549/200/200 550/194/200
f 550/195/204 551/203/204 545/196/203
f 545/196/5 551/203/5 552/197/5
f 546/190/202 552/197/235 547/198/235
f 553/206/207 554/199/207 548/192/207
f 548/192/2 554/199/2 555/208/2
f 555/208/205 556/201/205 550/194/205
f 550/195/209 556/202/209 557/211/209
f 557/211/5 558/204/5 552/197/5
f 552/197/208 558/204/208 553/206/208
f 559/205/211 560/207/211 554/199/211
f 554/199/2 560/207/2 561/215/2
f 555/208/210 561/215/210 562/209/210
f 562/210/215 563/218/215 557/211/215
f 563/218/5 564/212/5 558/204/5
f 558/204/213 564/212/213 559/205/213
f 565/213/217 566/214/217 560/207/217
f 566/214/2 567/221/2 561/215/2
f 561/215/216 567/221/216 568/216/216
f 568/217/219 569/224/219 563/218/219
f 563/218/5 569/224/5 570/219/5
f 564/212/218 570/219/218 565/213/218
f 571/226/222 572/220/222 566/214/222
f 566/214/2 572/220/2 573/227/2
f 567/221/236 573/227/236 574/222/236
f 574/223/225 575/228/225 569/224/225
f 575/228/5 576/225/5 570/219/5
f 570/219/237 576/225/237 571/226/237
f 571/226/227 385/1/227 386/3/227
f 572/220/2 386/3/2 387/4/2
f 387/4/226 388/6/226 574/222/226
f 574/223/229 388/7/229 389/9/229
f 389/9/5 390/11/5 576/225/5
f 390/11/228 385/1/228 571/226/228
f 583/12/238 584/2/238 578/3/238
f 584/2/2 585/5/2 579/4/2
f 585/5/239 586/15/239 580/6/239
f 580/7/240 586/17/240 587/8/240
f 581/9/5 587/8/5 588/10/5
f 582/11/241 588/10/241 583/12/241
f 589/19/242 590/13/242 584/2/242
f 590/13/2 591/21/2 585/5/2
f 591/21/243 592/14/243 586/15/243
f 586/17/244 592/16/244 593/24/244
f 587/8/5 593/24/5 594/18/5
f 594/18/245 589/19/245 583/12/245
f 589/19/246 595/26/246 596/20/246
f 596/20/2 597/28/2 591/21/2
f 591/21/247 597/28/247 598/22/247
f 598/23/248 599/31/248 593/24/248
f 593/24/5 599/31/5 600/25/5
f 600/25/249 595/26/249 589/19/249
f 595/26/250 601/34/250 602/27/250
f 596/20/2 602/27/2 603/29/2
f 603/29/251 604/37/251 598/22/251
f 598/23/252 604/39/252 605/30/252
f 605/30/5 606/32/5 600/25/5
f 606/32/253 601/34/253 595/26/253
f 601/34/254 607/33/254 608/35/254
f 602/27/2 608/35/2 609/42/2
f 603/29/255 609/42/255 610/36/255
f 610/38/256 611/45/256 605/30/256
f 611/45/5 612/40/5 606/32/5
f 612/40/257 607/33/257 601/34/257
f 607/33/258 613/48/258 614/41/258
f 608/35/2 614/41/2 615/50/2
f 615/50/259 616/43/259 610/36/259
f 610/38/260 616/44/260 617/53/260
f 617/53/5 618/46/5 612/40/5
f 618/46/261 613/48/261 607/33/261
f 613/48/262 619/47/262 620/49/262
f 614/41/2 620/49/2 621/57/2
f 621/57/263 622/51/263 616/43/263
f 616/44/264 622/52/264 623/60/264
f 623/60/5 624/54/5 618/46/5
f 624/54/265 619/47/265 613/48/265
f 619/47/266 625/55/266 626/56/266
f 626/56/2 627/58/2 621/57/2
f 621/57/267 627/58/268 628/64/268
f 628/65/269 629/59/269 623/60/269
f 623/60/5 629/59/5 630/61/5
f 630/61/271 625/55/271 619/47/271
f 625/55/272 631/68/272 632/62/272
f 632/62/2 633/63/2 627/58/2
f 627/58/273 633/63/274 634/71/274
f 634/73/275 635/66/275 629/59/275
f 629/59/5 635/66/5 636/67/5
f 636/67/276 631/68/276 625/55/276
f 637/75/277 638/69/277 632/62/277
f 638/69/2 639/77/2 633/63/2
f 639/77/278 640/70/278 634/71/278
f 634/73/279 640/72/279 641/80/279
f 635/66/5 641/80/5 642/74/5
f 636/67/280 642/74/280 637/75/280
f 643/82/281 644/76/281 638/69/281
f 638/69/2 644/76/2 645/84/2
f 639/77/282 645/84/283 646/78/283
f 646/79/284 647/87/284 641/80/284
f 647/87/5 648/81/5 642/74/5
f 642/74/285 648/81/285 643/82/285
f 643/82/286 649/90/286 650/83/286
f 644/76/2 650/83/2 651/85/2
f 645/84/287 651/85/287 652/93/287
f 652/95/288 653/86/288 647/87/288
f 653/86/5 654/88/5 648/81/5
f 654/88/289 649/90/289 643/82/289
f 649/90/290 655/89/290 656/91/290
f 656/91/2 657/99/2 651/85/2
f 651/85/291 657/99/291 658/92/291
f 658/94/292 659/102/292 653/86/293
f 653/86/5 659/102/5 660/96/5
f 660/96/294 655/89/294 649/90/294
f 661/97/295 662/98/295 656/91/295
f 662/98/2 663/105/2 657/99/2
f 663/105/296 664/100/296 658/92/296
f 658/94/297 664/101/297 665/108/297
f 659/102/5 665/108/5 666/103/5
f 660/96/298 666/103/298 661/97/298
f 667/110/299 668/104/299 662/98/299
f 662/98/2 668/104/2 669/112/2
f 669/112/300 670/106/300 664/100/300
f 664/101/301 670/107/301 671/115/301
f 671/115/5 672/109/5 666/103/5
f 666/103/302 672/109/302 667/110/302
f 673/231/303 674/111/303 668/104/303
f 668/104/2 674/111/2 675/113/2
f 675/113/304 676/229/304 670/106/305
f 670/107/306 676/230/307 677/114/307
f 677/114/5 678/116/5 672/109/5
f 672/109/308 678/116/308 673/231/308
f 679/128/239 680/118/239 674/119/239
f 680/118/2 681/121/2 675/120/2
f 675/120/309 681/121/238 682/131/238
f 682/132/241 683/124/241 677/125/310
f 677/125/5 683/124/5 684/126/5
f 678/127/240 684/126/240 679/128/240
f 685/136/243 686/129/243 680/118/243
f 680/118/2 686/129/2 687/130/2
f 681/121/242 687/130/242 688/138/242
f 688/139/245 689/133/245 683/124/245
f 689/133/5 690/134/5 684/126/5
f 684/126/244 690/134/244 685/136/244
f 691/135/247 692/142/247 686/129/247
f 692/142/2 693/137/2 687/130/2
f 693/137/246 694/145/246 688/138/246
f 688/139/249 694/147/249 695/140/249
f 689/133/5 695/140/5 696/149/5
f 690/134/248 696/149/248 691/135/248
f 691/135/251 697/141/251 698/151/251
f 692/142/2 698/151/2 699/143/2
f 699/143/250 700/144/250 694/145/250
f 694/147/253 700/146/253 701/148/253
f 701/148/5 702/156/5 696/149/5
f 702/156/252 697/141/252 691/135/252
f 697/141/255 703/150/255 704/152/255
f 698/151/2 704/152/2 705/158/2
f 699/143/254 705/158/254 706/153/254
f 706/154/257 707/161/257 701/148/257
f 707/161/5 708/155/5 702/156/5
f 708/155/256 703/150/256 697/141/256
f 709/163/259 710/157/259 704/152/259
f 710/157/2 711/159/2 705/158/2
f 711/159/258 712/166/258 706/153/258
f 706/154/261 712/168/261 713/160/261
f 707/161/5 713/160/5 714/162/5
f 708/155/260 714/162/260 709/163/260
f 715/170/263 716/164/263 710/157/263
f 710/157/2 716/164/2 717/172/2
f 717/172/262 718/165/262 712/166/262
f 712/168/265 718/167/265 719/175/265
f 719/175/5 720/169/5 714/162/5
f 714/162/264 720/169/264 715/170/264
f 721/177/267 722/171/267 716/164/267
f 716/164/2 722/171/2 723/179/2
f 723/179/266 724/173/266 718/165/266
f 718/167/271 724/174/538 725/182/271
f 725/182/5 726/176/5 720/169/5
f 720/169/270 726/176/270 721/177/270
f 727/184/274 728/178/274 722/171/274
f 728/178/2 729/186/2 723/179/2
f 729/186/272 730/180/272 724/173/272
f 724/174/312 730/181/276 731/189/276
f 725/182/5 731/189/5 732/183/5
f 726/176/313 732/183/275 727/184/275
f 733/191/278 734/185/278 728/178/278
f 734/185/2 735/193/2 729/186/2
f 729/186/277 735/193/277 736/187/277
f 736/188/314 737/196/314 731/189/280
f 731/189/5 737/196/5 738/190/5
f 738/190/279 733/191/279 727/184/279
f 733/191/282 739/198/283 740/192/283
f 734/185/2 740/192/2 741/200/2
f 741/200/281 742/194/281 736/187/281
f 736/188/285 742/195/285 743/203/285
f 743/203/5 744/197/5 738/190/5
f 744/197/284 739/198/284 733/191/284
f 739/198/287 745/206/287 746/199/287
f 746/199/2 747/208/2 741/200/2
f 747/208/286 748/201/286 742/194/286
f 742/195/289 748/202/289 749/211/289
f 743/203/5 749/211/5 750/204/5
f 750/204/288 745/206/288 739/198/288
f 751/205/291 752/207/291 746/199/316
f 746/199/2 752/207/2 753/215/2
f 747/208/317 753/215/317 754/209/317
f 754/210/318 755/218/318 749/211/318
f 755/218/5 756/212/5 750/204/5
f 750/204/293 756/212/293 751/205/293
f 757/213/319 758/214/319 752/207/319
f 752/207/2 758/214/2 759/221/2
f 753/215/295 759/221/295 760/216/295
f 760/217/298 761/224/298 755/218/298
f 761/224/5 762/219/5 756/212/5
f 756/212/320 762/219/320 757/213/320
f 757/213/300 763/226/300 764/220/300
f 758/214/2 764/220/2 765/227/2
f 759/221/299 765/227/299 766/222/299
f 766/223/302 767/228/302 761/224/302
f 767/228/5 768/225/5 762/219/5
f 768/225/301 763/226/301 757/213/301
f 763/226/305 577/1/305 578/3/305
f 764/220/2 578/3/2 579/4/2
f 579/4/303 580/6/303 766/222/303
f 766/223/308 580/7/308 581/9/308
f 581/9/5 582/11/5 768/225/5
f 582/11/306 577/1/306 763/226/306
f 769/1/321 775/12/321 776/2/321
f 770/3/2 776/2/2 777/5/2
f 777/5/322 778/15/322 772/6/322
f 772/7/323 778/17/323 779/8/323
f 779/8/5 780/10/5 774/11/5
f 780/10/324 775/12/324 769/1/324
f 781/19/325 782/13/325 776/2/325
f 782/13/2 783/21/2 777/5/2
f 783/21/326 784/14/326 778/15/326
f 778/17/327 784/16/327 785/24/327
f 779/8/5 785/24/5 786/18/5
f 786/18/328 781/19/328 775/12/328
f 781/19/329 787/26/330 788/20/330
f 788/20/2 789/28/2 783/21/2
f 789/28/331 790/22/331 784/14/331
f 784/16/332 790/23/332 791/31/332
f 785/24/5 791/31/5 792/25/5
f 792/25/333 787/26/333 781/19/333
f 787/26/334 793/34/539 794/27/334
f 788/20/2 794/27/2 795/29/2
f 795/29/335 796/37/335 790/22/335
f 790/23/336 796/39/336 797/30/336
f 797/30/5 798/32/5 792/25/5
f 798/32/337 793/34/337 787/26/337
f 799/33/338 800/35/338 794/27/338
f 794/27/2 800/35/2 801/42/2
f 801/42/339 802/36/339 796/37/339
f 796/39/340 802/38/340 803/45/340
f 803/45/5 804/40/5 798/32/5
f 798/32/341 804/40/341 799/33/341
f 799/33/342 805/48/342 806/41/342
f 800/35/2 806/41/2 807/50/2
f 801/42/343 807/50/540 808/43/343
f 808/44/344 809/53/344 803/45/344
f 809/53/5 810/46/5 804/40/5
f 810/46/345 805/48/345 799/33/346
f 811/47/347 812/49/347 806/41/347
f 806/41/2 812/49/2 813/57/2
f 813/57/348 814/51/348 808/43/348
f 808/44/349 814/52/349 815/60/349
f 815/60/5 816/54/5 810/46/5
f 810/46/350 816/54/350 811/47/350
f 817/55/351 818/56/351 812/49/351
f 812/49/2 818/56/2 819/58/2
f 813/57/352 819/58/352 820/64/352
f 820/65/353 821/59/353 815/60/353
f 821/59/5 822/61/5 816/54/5
f 816/54/354 822/61/354 817/55/354
f 823/68/355 824/62/355 818/56/356
f 818/56/2 824/62/2 825/63/2
f 819/58/357 825/63/357 826/71/357
f 826/73/358 827/66/358 821/59/358
f 827/66/5 828/67/5 822/61/5
f 822/61/359 828/67/541 823/68/359
f 829/75/360 830/69/360 824/62/361
f 824/62/2 830/69/2 831/77/2
f 825/63/362 831/77/362 832/70/362
f 832/72/363 833/80/363 827/66/363
f 833/80/5 834/74/5 828/67/5
f 828/67/364 834/74/542 829/75/364
f 829/75/365 835/82/402 836/76/365
f 836/76/2 837/84/2 831/77/2
f 831/77/366 837/84/366 838/78/366
f 838/79/367 839/87/367 833/80/367
f 839/87/5 840/81/5 834/74/5
f 840/81/368 835/82/368 829/75/368
f 835/82/369 841/90/369 842/83/369
f 842/83/2 843/85/2 837/84/2
f 837/84/370 843/85/370 844/93/370
f 844/95/371 845/86/371 839/87/372
f 839/87/5 845/86/5 846/88/5
f 846/88/373 841/90/373 835/82/373
f 847/89/374 848/91/374 842/83/374
f 848/91/2 849/99/2 843/85/2
f 843/85/375 849/99/375 850/92/375
f 850/94/376 851/102/376 845/86/376
f 845/86/5 851/102/5 852/96/5
f 846/88/377 852/96/377 847/89/377
f 853/97/378 854/98/378 848/91/379
f 848/91/2 854/98/2 855/105/2
f 849/99/380 855/105/380 856/100/380
f 856/101/381 857/108/381 851/102/382
f 857/108/5 858/103/5 852/96/5
f 852/96/383 858/103/383 853/97/383
f 859/110/384 860/104/384 854/98/384
f 860/104/2 861/112/2 855/105/2
f 861/112/385 862/106/385 856/100/386
f 856/101/387 862/107/388 863/115/388
f 863/115/5 864/109/5 858/103/5
f 864/109/389 859/110/389 853/97/389
f 859/110/390 865/231/390 866/111/390
f 866/111/2 867/113/2 861/112/2
f 861/112/391 867/113/391 868/229/391
f 868/230/392 869/114/392 863/115/392
f 863/115/5 869/114/5 870/116/5
f 870/116/393 865/231/393 859/110/393
f 865/117/322 871/128/322 872/118/322
f 872/118/2 873/121/2 867/120/2
f 867/120/321 873/121/321 874/131/321
f 874/132/324 875/124/324 869/125/324
f 869/125/5 875/124/5 876/126/5
f 876/126/323 871/128/323 865/117/323
f 877/136/326 878/129/326 872/118/326
f 872/118/2 878/129/2 879/130/2
f 873/121/325 879/130/325 880/138/325
f 880/139/328 881/133/328 875/124/328
f 881/133/5 882/134/5 876/126/5
f 882/134/327 877/136/327 871/128/327
f 883/135/331 884/142/331 878/129/331
f 878/129/2 884/142/2 885/137/2
f 879/130/330 885/137/329 886/145/329
f 886/147/333 887/140/333 881/133/333
f 887/140/5 888/149/5 882/134/5
f 882/134/332 888/149/332 883/135/332
f 883/135/335 889/141/335 890/151/335
f 890/151/2 891/143/2 885/137/2
f 885/137/334 891/143/334 892/144/334
f 892/146/337 893/148/337 887/140/337
f 887/140/5 893/148/5 894/156/5
f 894/156/336 889/141/336 883/135/336
f 895/150/396 896/152/396 890/151/396
f 890/151/2 896/152/2 897/158/2
f 897/158/338 898/153/338 892/144/338
f 892/146/341 898/154/341 899/161/341
f 899/161/5 900/155/5 894/156/5
f 894/156/397 900/155/397 895/150/397
f 901/163/343 902/157/343 896/152/343
f 896/152/2 902/157/2 903/159/2
f 903/159/398 904/166/342 898/153/398
f 898/154/345 904/168/345 905/160/345
f 905/160/5 906/162/5 900/155/5
f 900/155/344 906/162/344 901/163/344
f 901/163/348 907/170/348 908/164/348
f 908/164/2 909/172/2 903/159/2
f 909/172/347 910/165/347 904/166/347
f 904/168/350 910/167/350 911/175/350
f 911/175/5 912/169/5 906/162/5
f 912/169/349 907/170/349 901/163/349
f 907/170/352 913/177/352 914/171/352
f 914/171/2 915/179/2 909/172/2
f 909/172/351 915/179/351 916/173/351
f 916/174/354 917/182/354 911/175/354
f 911/175/5 917/182/5 918/176/5
f 918/176/353 913/177/353 907/170/353
f 913/177/357 919/184/399 920/178/399
f 920/178/2 921/186/2 915/179/2
f 915/179/356 921/186/356 922/180/356
f 922/181/359 923/189/359 917/182/359
f 917/182/5 923/189/5 924/183/5
f 924/183/358 919/184/543 913/177/358
f 925/191/362 926/185/362 920/178/400
f 920/178/2 926/185/2 927/193/2
f 927/193/361 928/187/361 922/180/361
f 922/181/364 928/188/364 929/196/364
f 929/196/5 930/190/5 924/183/5
f 924/183/401 930/190/363 925/191/401
f 931/198/366 932/192/366 926/185/366
f 926/185/2 932/192/2 933/200/2
f 927/193/402 933/200/402 934/194/402
f 934/195/368 935/203/544 929/196/368
f 935/203/5 936/197/5 930/190/5
f 930/190/367 936/197/367 931/198/367
f 931/198/370 937/206/370 938/199/370
f 938/199/2 939/208/2 933/200/2
f 933/200/369 939/208/369 940/201/369
f 940/202/373 941/211/373 935/203/373
f 935/203/5 941/211/5 942/204/5
f 942/204/371 937/206/371 931/198/371
f 943/205/375 944/207/375 938/199/375
f 944/207/2 945/215/2 939/208/2
f 939/208/374 945/215/374 946/209/374
f 946/210/377 947/218/377 941/211/377
f 941/211/5 947/218/5 948/212/5
f 942/204/376 948/212/376 943/205/376
f 949/213/380 950/214/380 944/207/403
f 944/207/2 950/214/2 951/221/2
f 945/215/379 951/221/378 952/216/378
f 952/217/383 953/224/383 947/218/383
f 953/224/5 954/219/5 948/212/5
f 948/212/382 954/219/381 949/213/381
f 955/226/404 956/220/404 950/214/404
f 950/214/2 956/220/2 957/227/2
f 957/227/384 958/222/384 952/216/384
f 952/217/389 958/223/389 959/228/389
f 959/228/5 960/225/5 954/219/5
f 954/219/388 960/225/388 955/226/388
f 769/1/391 770/3/391 956/220/391
f 956/220/2 770/3/2 771/4/2
f 771/4/390 772/6/390 958/222/390
f 958/223/393 772/7/393 773/9/393
f 773/9/5 774/11/5 960/225/5
f 960/225/392 774/11/392 769/1/392
f 967/12/405 968/2/405 962/3/405
f 962/3/2 968/2/2 969/5/2
f 963/4/406 969/5/406 970/15/406
f 970/17/407 971/8/407 965/9/407
f 971/8/5 972/10/5 966/11/5
f 966/11/408 972/10/408 967/12/408
f 967/12/409 973/19/409 974/13/409
f 968/2/2 974/13/2 975/21/2
f 975/21/410 976/14/410 970/15/410
f 970/17/411 976/16/411 977/24/411
f 977/24/5 978/18/5 972/10/5
f 978/18/412 973/19/412 967/12/412
f 973/19/414 979/26/414 980/20/414
f 980/20/2 981/28/2 975/21/2
f 981/28/415 982/22/415 976/14/415
f 976/16/416 982/23/416 983/31/416
f 977/24/5 983/31/5 984/25/5
f 984/25/417 979/26/417 973/19/417
f 979/26/418 985/34/418 986/27/418
f 986/27/2 987/29/2 981/28/2
f 987/29/419 988/37/419 982/22/419
f 982/23/420 988/39/420 989/30/420
f 983/31/5 989/30/5 990/32/5
f 990/32/421 985/34/421 979/26/421
f 991/33/422 992/35/545 986/27/422
f 986/27/2 992/35/2 993/42/2
f 993/42/423 994/36/423 988/37/423
f 988/39/424 994/38/424 995/45/424
f 995/45/5 996/40/5 990/32/5
f 990/32/425 996/40/426 991/33/426
f 997/48/427 998/41/427 992/35/427
f 998/41/2 999/50/2 993/42/2
f 993/42/428 999/50/428 1000/43/428
f 1000/44/429 1001/53/429 995/45/429
f 995/45/5 1001/53/5 1002/46/5
f 996/40/430 1002/46/430 997/48/430
f 997/48/431 1003/47/431 1004/49/431
f 1004/49/2 1005/57/2 999/50/2
f 999/50/432 1005/57/432 1006/51/432
f 1006/52/433 1007/60/433 1001/53/433
f 1001/53/5 1007/60/5 1008/54/5
f 1008/54/434 1003/47/434 997/48/434
f 1003/47/435 1009/55/435 1010/56/435
f 1010/56/2 1011/58/2 1005/57/2
f 1011/58/436 1012/64/436 1006/51/436
f 1006/52/437 1012/65/437 1013/59/437
f 1007/60/5 1013/59/5 1014/61/5
f 1014/61/438 1009/55/438 1003/47/438
f 1009/55/439 1015/68/439 1016/62/439
f 1016/62/2 1017/63/2 1011/58/2
f 1017/63/440 1018/71/440 1012/64/440
f 1012/65/442 1018/73/442 1019/66/442
f 1013/59/5 1019/66/5 1020/67/5
f 1020/67/443 1015/68/443 1009/55/443
f 1015/68/444 1021/75/444 1022/69/444
f 1016/62/2 1022/69/2 1023/77/2
f 1023/77/445 1024/70/445 1018/71/445
f 1018/73/446 1024/72/446 1025/80/446
f 1025/80/5 1026/74/5 1020/67/5
f 1026/74/448 1021/75/448 1015/68/448
f 1021/75/449 1027/82/449 1028/76/449
f 1028/76/2 1029/84/2 1023/77/2
f 1023/77/450 1029/84/450 1030/78/450
f 1030/79/451 1031/87/451 1025/80/451
f 1025/80/5 1031/87/5 1032/81/5
f 1032/81/452 1027/82/452 1021/75/452
f 1027/82/453 1033/90/453 1034/83/453
f 1034/83/2 1035/85/2 1029/84/2
f 1029/84/454 1035/85/454 1036/93/454
f 1036/95/455 1037/86/455 1031/87/455
f 1031/87/5 1037/86/5 1038/88/5
f 1038/88/456 1033/90/456 1027/82/456
f 1039/89/457 1040/91/546 1034/83/457
f 1034/83/2 1040/91/2 1041/99/2
f 1041/99/458 1042/92/458 1036/93/458
f 1036/95/459 1042/94/459 1043/102/459
f 1043/102/5 1044/96/5 1038/88/5
f 1038/88/460 1044/96/461 1039/89/461
f 1045/97/462 1046/98/462 1040/91/462
f 1040/91/2 1046/98/2 1047/105/2
f 1047/105/464 1048/100/464 1042/92/464
f 1042/94/466 1048/101/466 1049/108/466
f 1049/108/5 1050/103/5 1044/96/5
f 1044/96/467 1050/103/478 1045/97/467
f 1045/97/468 1051/110/468 1052/104/468
f 1046/98/2 1052/104/2 1053/112/2
f 1047/105/469 1053/112/469 1054/106/469
f 1054/107/470 1055/115/470 1049/108/470
f 1055/115/5 1056/109/5 1050/103/5
f 1056/109/471 1051/110/471 1045/97/471
f 1057/231/472 1058/111/472 1052/104/472
f 1052/104/2 1058/111/2 1059/113/2
f 1053/112/473 1059/113/473 1060/229/473
f 1060/230/474 1061/114/474 1055/115/474
f 1061/114/5 1062/116/5 1056/109/5
f 1056/109/475 1062/116/475 1057/231/475
f 1063/128/406 1064/118/406 1058/119/406
f 1064/118/2 1065/121/2 1059/120/2
f 1059/120/405 1065/121/405 1066/131/405
f 1066/132/408 1067/124/408 1061/125/408
f 1061/125/5 1067/124/5 1068/126/5
f 1062/127/407 1068/126/407 1063/128/407
f 1069/136/410 1070/129/410 1064/118/410
f 1070/129/2 1071/130/2 1065/121/2
f 1065/121/409 1071/130/409 1072/138/409
f 1072/139/412 1073/133/412 1067/124/412
f 1067/124/5 1073/133/5 1074/134/5
f 1068/126/411 1074/134/411 1069/136/411
f 1075/135/415 1076/142/415 1070/129/415
f 1076/142/2 1077/137/2 1071/130/2
f 1071/130/414 1077/137/414 1078/145/414
f 1078/147/417 1079/140/417 1073/133/417
f 1073/133/5 1079/140/5 1080/149/5
f 1074/134/416 1080/149/416 1075/135/416
f 1081/141/419 1082/151/419 1076/142/419
f 1082/151/2 1083/143/2 1077/137/2
f 1077/137/418 1083/143/418 1084/144/418
f 1078/147/421 1084/146/421 1085/148/421
f 1085/148/5 1086/156/5 1080/149/5
f 1080/149/420 1086/156/420 1081/141/420
f 1087/150/423 1088/152/423 1082/151/423
f 1088/152/2 1089/158/2 1083/143/2
f 1083/143/422 1089/158/422 1090/153/422
f 1084/146/425 1090/154/425 1091/161/425
f 1091/161/5 1092/155/5 1086/156/5
f 1086/156/424 1092/155/424 1087/150/424
f 1093/163/428 1094/157/428 1088/152/428
f 1088/152/2 1094/157/2 1095/159/2
f 1095/159/427 1096/166/427 1090/153/427
f 1090/154/430 1096/168/430 1097/160/430
f 1097/160/5 1098/162/5 1092/155/5
f 1092/155/429 1098/162/429 1093/163/429
f 1099/170/432 1100/164/432 1094/157/432
f 1094/157/2 1100/164/2 1101/172/2
f 1095/159/431 1101/172/431 1102/165/431
f 1102/167/434 1103/175/434 1097/160/434
f 1103/175/5 1104/169/5 1098/162/5
f 1098/162/433 1104/169/433 1099/170/433
f 1099/170/436 1105/177/436 1106/171/436
f 1100/164/2 1106/171/2 1107/179/2
f 1101/172/435 1107/179/435 1108/173/435
f 1108/174/438 1109/182/438 1103/175/438
f 1109/182/5 1110/176/5 1104/169/5
f 1110/176/437 1105/177/437 1099/170/437
f 1105/177/440 1111/184/441 1112/178/441
f 1112/178/2 1113/186/2 1107/179/2
f 1107/179/439 1113/186/439 1114/180/439
f 1114/181/443 1115/189/443 1109/182/443
f 1109/182/5 1115/189/5 1116/183/5
f 1116/183/476 1111/184/476 1105/177/442
f 1117/191/445 1118/185/445 1112/178/445
f 1118/185/2 1119/193/2 1113/186/2
f 1113/186/444 1119/193/444 1120/187/444
f 1120/188/448 1121/196/448 1115/189/448
f 1115/189/5 1121/196/5 1122/190/5
f 1116/183/446 1122/190/446 1117/191/446
f 1123/198/450 1124/192/450 1118/185/450
f 1118/185/2 1124/192/2 1125/200/2
f 1119/193/449 1125/200/449 1126/194/449
f 1126/195/452 1127/203/452 1121/196/452
f 1127/203/5 1128/197/5 1122/190/5
f 1122/190/451 1128/197/451 1123/198/451
f 1129/206/454 1130/199/454 1124/192/454
f 1124/192/2 1130/199/2 1131/208/2
f 1125/200/453 1131/208/453 1132/201/453
f 1132/202/456 1133/211/456 1127/203/456
f 1133/211/5 1134/204/5 1128/197/5
f 1128/197/455 1134/204/455 1129/206/455
f 1135/205/458 1136/207/458 1130/199/458
f 1130/199/2 1136/207/2 1137/215/2
f 1137/215/457 1138/209/457 1132/201/457
f 1132/202/460 1138/210/460 1139/218/460
f 1139/218/5 1140/212/5 1134/204/5
f 1134/204/459 1140/212/459 1135/205/459
f 1141/213/464 1142/214/464 1136/207/464
f 1136/207/2 1142/214/2 1143/221/2
f 1143/221/477 1144/216/547 1138/209/477
f 1138/210/478 1144/217/548 1145/224/479
f 1145/224/5 1146/219/5 1140/212/5
f 1140/212/466 1146/219/466 1141/213/466
f 1147/226/469 1148/220/469 1142/214/469
f 1142/214/2 1148/220/2 1149/227/2
f 1149/227/468 1150/222/468 1144/216/468
f 1144/217/471 1150/223/471 1151/228/471
f 1151/228/5 1152/225/5 1146/219/5
f 1146/219/470 1152/225/470 1147/226/470
f 1147/226/473 961/1/473 962/3/473
f 1148/220/2 962/3/2 963/4/2
f 1149/227/472 963/4/472 964/6/472
f 964/7/475 965/9/475 1151/228/475
f 965/9/5 966/11/5 1152/225/5
f 966/11/474 961/1/474 1147/226/474
usemtl Material.024
f 1153/202/480 1154/39/480 1155/232/480
f 1155/34/481 1157/233/481 1156/234/481
f 1153/235/482 1160/234/482 1158/235/482
f 1155/206/483 1156/234/483 1153/235/483
f 1155/90/484 1154/236/484 1157/233/484
f 1159/236/485 1165/233/485 1161/233/485
f 1154/39/486 1158/202/486 1159/39/486
f 1157/233/487 1159/236/487 1161/233/487
f 1156/234/488 1161/233/488 1160/234/488
f 1165/233/2 1162/201/2 1164/234/2
f 1161/233/489 1164/234/489 1160/234/489
f 1158/235/490 1164/234/490 1162/235/490
f 1159/39/491 1162/202/491 1163/39/491
f 1153/235/482 1156/234/482 1160/234/482
f 1159/236/485 1163/236/485 1165/233/485
f 1154/39/486 1153/202/486 1158/202/486
f 1157/233/487 1154/236/487 1159/236/487
f 1156/234/488 1157/233/488 1161/233/488
f 1165/233/2 1163/37/2 1162/201/2
f 1161/233/489 1165/233/489 1164/234/489
f 1158/235/490 1160/234/490 1164/234/490
f 1159/39/491 1158/202/491 1162/202/491
usemtl マテリアル.001
f 1166/202/492 1167/39/492 1168/232/492
f 1168/34/493 1170/233/493 1169/234/493
f 1170/233/494 1166/201/494 1169/234/494
f 1168/206/495 1169/234/495 1166/235/495
f 1168/90/496 1167/236/496 1170/233/496
f 1171/202/497 1172/39/497 1173/232/497
f 1173/34/498 1175/233/498 1174/234/498
f 1175/233/499 1171/201/499 1174/234/499
f 1173/206/500 1174/234/500 1171/235/500
f 1173/90/501 1172/236/501 1175/233/501
f 1176/202/502 1177/39/502 1178/232/502
f 1178/34/503 1180/233/503 1179/234/503
f 1180/233/504 1176/201/504 1179/234/504
f 1178/206/505 1179/234/505 1176/235/505
f 1178/90/506 1177/236/506 1180/233/506
f 1181/202/507 1182/39/507 1183/232/507
f 1183/34/508 1185/233/508 1184/234/508
f 1185/233/509 1181/201/509 1184/234/509
f 1183/206/510 1184/234/510 1181/235/510
f 1183/90/511 1182/236/511 1185/233/511
f 1186/202/512 1187/39/512 1188/232/512
f 1188/34/513 1190/233/513 1189/234/513
f 1190/233/514 1186/201/514 1189/234/514
f 1188/206/515 1189/234/515 1186/235/515
f 1188/90/516 1187/236/516 1190/233/516
f 1191/202/517 1192/39/517 1193/232/517
f 1193/34/518 1195/233/518 1194/234/518
f 1195/233/519 1191/201/519 1194/234/519
f 1193/206/520 1194/234/520 1191/235/520
f 1193/90/521 1192/236/521 1195/233/521
f 1196/202/522 1197/39/522 1198/232/522
f 1198/34/523 1200/233/523 1199/234/523
f 1200/233/524 1196/201/524 1199/234/524
f 1198/206/525 1199/234/525 1196/235/525
f 1198/90/526 1197/236/526 1200/233/526
f 1201/202/527 1202/39/527 1203/232/527
f 1203/34/528 1205/233/528 1204/234/528
f 1205/233/529 1201/201/529 1204/234/529
f 1203/206/530 1204/234/530 1201/235/530
f 1203/90/531 1202/236/531 1205/233/531
f 1170/233/494 1167/37/494 1166/201/494
f 1175/233/499 1172/37/499 1171/201/499
f 1180/233/504 1177/37/504 1176/201/504
f 1185/233/509 1182/37/509 1181/201/509
f 1190/233/514 1187/37/514 1186/201/514
f 1195/233/519 1192/37/519 1191/201/519
f 1200/233/524 1197/37/524 1196/201/524
f 1205/233/529 1202/37/529 1201/201/529
o Text.002
v 5.044337 0.050000 -0.258009
v 4.649074 0.050000 -0.271808
v 4.652064 0.050000 -0.326086
v 5.047327 0.050000 -0.311367
v 4.952248 0.050000 -0.098855
v 4.588679 0.050000 -0.098855
v 4.591071 0.050000 -0.153133
v 5.086793 0.050000 -0.153133
v 5.064668 0.050000 0.214852
v 4.625753 0.050000 0.214852
v 4.628743 0.050000 0.160575
v 4.936701 0.050000 0.160575
v 4.292681 0.050000 0.214852
v 3.962598 0.050000 0.214852
v 3.973960 0.050000 0.009701
v 4.177869 0.050000 0.009701
v 4.197005 0.050000 -0.326086
v 4.323178 0.050000 -0.326086
v 4.318394 0.050000 -0.244209
v 4.469084 0.050000 -0.244209
v 4.466094 0.050000 -0.189931
v 4.315404 0.050000 -0.189931
v 4.304042 0.050000 0.009701
v 4.468486 0.050000 0.009701
v 4.465496 0.050000 0.063058
v 4.301053 0.050000 0.063058
v 4.082791 0.050000 0.160575
v 4.169498 0.050000 0.160575
v 4.174880 0.050000 0.063058
v 4.088173 0.050000 0.063058
v 3.612782 0.050000 0.214852
v 3.345487 0.050000 0.214852
v 3.362828 0.050000 -0.092415
v 3.509332 0.050000 -0.092415
v 3.518899 0.050000 -0.254329
v 3.372994 0.050000 -0.254329
v 3.375984 0.050000 -0.308607
v 3.643877 0.050000 -0.308607
v 3.631319 0.050000 -0.092415
v 3.708458 0.050000 -0.092415
v 3.718624 0.050000 -0.236850
v 3.840611 0.050000 -0.236850
v 3.830445 0.050000 -0.092415
v 3.866922 0.050000 -0.092415
v 3.863932 0.050000 -0.038137
v 3.826858 0.050000 -0.038137
v 3.809516 0.050000 0.214852
v 3.687529 0.050000 0.214852
v 3.704870 0.050000 -0.038137
v 3.627731 0.050000 -0.038137
v 3.448936 0.050000 0.160575
v 3.493785 0.050000 0.160575
v 3.505744 0.050000 -0.038137
v 3.460896 0.050000 -0.038137
v 3.033343 0.050000 -0.235930
v 2.749902 0.050000 -0.235930
v 2.752892 0.050000 -0.289287
v 3.270740 0.050000 -0.289287
v 3.267750 0.050000 -0.235930
v 3.188219 0.050000 -0.235930
v 2.940059 0.050000 0.142175
v 3.216922 0.050000 0.161494
v 3.213932 0.050000 0.214852
v 2.786977 0.050000 0.186334
v 2.789967 0.050000 0.132056
v 2.591439 0.050000 0.214852
v 2.157906 0.050000 0.214852
v 2.188403 0.050000 -0.326086
v 2.319957 0.050000 -0.326086
v 2.292451 0.050000 0.160575
v 2.594429 0.050000 0.160575
v 1.986287 0.050000 0.214852
v 1.852340 0.050000 0.214852
v 1.903168 0.050000 -0.263528
v 1.672947 0.050000 -0.263528
v 1.649028 0.050000 -0.061137
v 1.515082 0.050000 -0.061137
v 1.545579 0.050000 -0.318726
v 2.043095 0.050000 -0.318726
v 1.038495 0.050000 0.008781
v 0.929065 0.050000 0.008781
v 0.930261 0.050000 -0.200971
v 1.040289 0.050000 -0.200971
v 1.333297 0.050000 0.214852
v 1.204134 0.050000 0.214852
v 1.294429 0.050000 -0.200971
v 1.423591 0.050000 -0.200971
v 1.201144 0.050000 0.008781
v 1.091715 0.050000 0.008781
v 1.092911 0.050000 -0.200971
v 1.202938 0.050000 -0.200971
v 0.754456 0.050000 0.214852
v 0.620510 0.050000 0.214852
v 0.674327 0.050000 -0.281928
v 0.610942 0.050000 -0.281928
v 0.613932 0.050000 -0.337126
v 0.814254 0.050000 -0.337126
v 0.438127 0.050000 0.008781
v 0.304180 0.050000 0.008781
v 0.323913 0.050000 -0.337126
v 0.457860 0.050000 -0.337126
v 0.149305 0.050000 0.214852
v 0.015358 0.050000 0.214852
v 0.066186 0.050000 -0.263528
v -0.164035 0.050000 -0.263528
v -0.187954 0.050000 -0.061137
v -0.321901 0.050000 -0.061137
v -0.291404 0.050000 -0.318726
v 0.206112 0.050000 -0.318726
v -0.803869 0.050000 -0.233170
v -0.900742 0.050000 -0.233170
v -0.897752 0.050000 -0.287448
v -0.765599 0.050000 -0.287448
v -0.738690 0.050000 -0.326086
v -0.617301 0.050000 -0.326086
v -0.644210 0.050000 -0.287448
v -0.433722 0.050000 -0.287448
v -0.436712 0.050000 -0.233170
v -0.681882 0.050000 -0.233170
v -0.748856 0.050000 -0.137494
v -0.558699 0.050000 -0.137494
v -0.563483 0.050000 -0.060217
v -0.420567 0.050000 -0.069416
v -0.423557 0.050000 -0.015138
v -0.566473 0.050000 -0.005939
v -0.571855 0.050000 0.079618
v -0.693842 0.050000 0.079618
v -0.689058 0.050000 0.001421
v -0.760815 0.050000 0.006021
v -0.769187 0.050000 0.160575
v -0.460631 0.050000 0.160575
v -0.463621 0.050000 0.214852
v -0.894164 0.050000 0.214852
v -0.880410 0.050000 -0.039977
v -0.685470 0.050000 -0.052857
v -0.683676 0.050000 -0.083216
v -0.908515 0.050000 -0.083216
v 5.044337 -0.050000 -0.258009
v 4.649074 -0.050000 -0.271808
v 4.652064 -0.050000 -0.326086
v 5.047327 -0.050000 -0.311367
v 4.952248 -0.050000 -0.098855
v 4.588679 -0.050000 -0.098855
v 4.591071 -0.050000 -0.153133
v 5.086793 -0.050000 -0.153133
v 5.064668 -0.050000 0.214852
v 4.625753 -0.050000 0.214852
v 4.628743 -0.050000 0.160575
v 4.936701 -0.050000 0.160575
v 4.292681 -0.050000 0.214852
v 3.962598 -0.050000 0.214852
v 3.973960 -0.050000 0.009701
v 4.177869 -0.050000 0.009701
v 4.197005 -0.050000 -0.326086
v 4.323178 -0.050000 -0.326086
v 4.318394 -0.050000 -0.244209
v 4.469084 -0.050000 -0.244209
v 4.466094 -0.050000 -0.189931
v 4.315404 -0.050000 -0.189931
v 4.304042 -0.050000 0.009701
v 4.468486 -0.050000 0.009701
v 4.465496 -0.050000 0.063058
v 4.301053 -0.050000 0.063058
v 4.082791 -0.050000 0.160575
v 4.169498 -0.050000 0.160575
v 4.174880 -0.050000 0.063058
v 4.088173 -0.050000 0.063058
v 3.612782 -0.050000 0.214852
v 3.345487 -0.050000 0.214852
v 3.362828 -0.050000 -0.092415
v 3.509332 -0.050000 -0.092415
v 3.518899 -0.050000 -0.254329
v 3.372994 -0.050000 -0.254329
v 3.375984 -0.050000 -0.308607
v 3.643877 -0.050000 -0.308607
v 3.631319 -0.050000 -0.092415
v 3.708458 -0.050000 -0.092415
v 3.718624 -0.050000 -0.236850
v 3.840611 -0.050000 -0.236850
v 3.830445 -0.050000 -0.092415
v 3.866922 -0.050000 -0.092415
v 3.863932 -0.050000 -0.038137
v 3.826858 -0.050000 -0.038137
v 3.809516 -0.050000 0.214852
v 3.687529 -0.050000 0.214852
v 3.704870 -0.050000 -0.038137
v 3.627731 -0.050000 -0.038137
v 3.448936 -0.050000 0.160575
v 3.493785 -0.050000 0.160575
v 3.505744 -0.050000 -0.038137
v 3.460896 -0.050000 -0.038137
v 3.033343 -0.050000 -0.235930
v 2.749902 -0.050000 -0.235930
v 2.752892 -0.050000 -0.289287
v 3.270740 -0.050000 -0.289287
v 3.267750 -0.050000 -0.235930
v 3.188219 -0.050000 -0.235930
v 2.940059 -0.050000 0.142175
v 3.216922 -0.050000 0.161494
v 3.213932 -0.050000 0.214852
v 2.786977 -0.050000 0.186334
v 2.789967 -0.050000 0.132056
v 2.591439 -0.050000 0.214852
v 2.157906 -0.050000 0.214852
v 2.188403 -0.050000 -0.326086
v 2.319957 -0.050000 -0.326086
v 2.292451 -0.050000 0.160575
v 2.594429 -0.050000 0.160575
v 1.986287 -0.050000 0.214852
v 1.852340 -0.050000 0.214852
v 1.903168 -0.050000 -0.263528
v 1.672947 -0.050000 -0.263528
v 1.649028 -0.050000 -0.061137
v 1.515082 -0.050000 -0.061137
v 1.545579 -0.050000 -0.318726
v 2.043095 -0.050000 -0.318726
v 1.038495 -0.050000 0.008781
v 0.929065 -0.050000 0.008781
v 0.930261 -0.050000 -0.200971
v 1.040289 -0.050000 -0.200971
v 1.333297 -0.050000 0.214852
v 1.204134 -0.050000 0.214852
v 1.294429 -0.050000 -0.200971
v 1.423591 -0.050000 -0.200971
v 1.201144 -0.050000 0.008781
v 1.091715 -0.050000 0.008781
v 1.092911 -0.050000 -0.200971
v 1.202938 -0.050000 -0.200971
v 0.754456 -0.050000 0.214852
v 0.620510 -0.050000 0.214852
v 0.674327 -0.050000 -0.281928
v 0.610942 -0.050000 -0.281928
v 0.613932 -0.050000 -0.337126
v 0.814254 -0.050000 -0.337126
v 0.438127 -0.050000 0.008781
v 0.304180 -0.050000 0.008781
v 0.323913 -0.050000 -0.337126
v 0.457860 -0.050000 -0.337126
v 0.149305 -0.050000 0.214852
v 0.015358 -0.050000 0.214852
v 0.066186 -0.050000 -0.263528
v -0.164035 -0.050000 -0.263528
v -0.187954 -0.050000 -0.061137
v -0.321901 -0.050000 -0.061137
v -0.291404 -0.050000 -0.318726
v 0.206112 -0.050000 -0.318726
v -0.803869 -0.050000 -0.233170
v -0.900742 -0.050000 -0.233170
v -0.897752 -0.050000 -0.287448
v -0.765599 -0.050000 -0.287448
v -0.738690 -0.050000 -0.326086
v -0.617301 -0.050000 -0.326086
v -0.644210 -0.050000 -0.287448
v -0.433722 -0.050000 -0.287448
v -0.436712 -0.050000 -0.233170
v -0.681882 -0.050000 -0.233170
v -0.748856 -0.050000 -0.137494
v -0.558699 -0.050000 -0.137494
v -0.563483 -0.050000 -0.060217
v -0.420567 -0.050000 -0.069416
v -0.423557 -0.050000 -0.015138
v -0.566473 -0.050000 -0.005939
v -0.571855 -0.050000 0.079618
v -0.693842 -0.050000 0.079618
v -0.689058 -0.050000 0.001421
v -0.760815 -0.050000 0.006021
v -0.769187 -0.050000 0.160575
v -0.460631 -0.050000 0.160575
v -0.463621 -0.050000 0.214852
v -0.894164 -0.050000 0.214852
v -0.880410 -0.050000 -0.039977
v -0.685470 -0.050000 -0.052857
v -0.683676 -0.050000 -0.083216
v -0.908515 -0.050000 -0.083216
v -0.803869 -0.050000 -0.233170
v -0.803869 0.050000 -0.233170
v -0.900742 -0.050000 -0.233170
v -0.900742 0.050000 -0.233170
v -0.897752 -0.050000 -0.287448
v -0.897752 0.050000 -0.287448
v -0.765599 -0.050000 -0.287448
v -0.765599 0.050000 -0.287448
v -0.738690 -0.050000 -0.326086
v -0.738690 0.050000 -0.326086
v -0.617301 -0.050000 -0.326086
v -0.617301 0.050000 -0.326086
v -0.644210 -0.050000 -0.287448
v -0.644210 0.050000 -0.287448
v -0.433722 -0.050000 -0.287448
v -0.433722 0.050000 -0.287448
v -0.436712 -0.050000 -0.233170
v -0.436712 0.050000 -0.233170
v -0.681882 -0.050000 -0.233170
v -0.681882 0.050000 -0.233170
v -0.748856 -0.050000 -0.137494
v -0.748856 0.050000 -0.137494
v -0.558699 -0.050000 -0.137494
v -0.558699 0.050000 -0.137494
v -0.563483 -0.050000 -0.060217
v -0.563483 0.050000 -0.060217
v -0.420567 -0.050000 -0.069416
v -0.420567 0.050000 -0.069416
v -0.423557 -0.050000 -0.015138
v -0.423557 0.050000 -0.015138
v -0.566473 -0.050000 -0.005939
v -0.566473 0.050000 -0.005939
v -0.571855 -0.050000 0.079618
v -0.571855 0.050000 0.079618
v -0.693842 -0.050000 0.079618
v -0.693842 0.050000 0.079618
v -0.689058 -0.050000 0.001421
v -0.689058 0.050000 0.001421
v -0.760815 -0.050000 0.006021
v -0.760815 0.050000 0.006021
v -0.769187 -0.050000 0.160575
v -0.769187 0.050000 0.160575
v -0.460631 -0.050000 0.160575
v -0.460631 0.050000 0.160575
v -0.463621 -0.050000 0.214852
v -0.463621 0.050000 0.214852
v -0.894164 -0.050000 0.214852
v -0.894164 0.050000 0.214852
v -0.880410 -0.050000 -0.039977
v -0.880410 0.050000 -0.039977
v -0.685470 -0.050000 -0.052857
v -0.685470 0.050000 -0.052857
v -0.683676 -0.050000 -0.083216
v -0.683676 0.050000 -0.083216
v -0.908515 -0.050000 -0.083216
v -0.908515 0.050000 -0.083216
v 0.149305 -0.050000 0.214852
v 0.149305 0.050000 0.214852
v 0.015358 -0.050000 0.214852
v 0.015358 0.050000 0.214852
v 0.066186 -0.050000 -0.263528
v 0.066186 0.050000 -0.263528
v -0.164035 -0.050000 -0.263528
v -0.164035 0.050000 -0.263528
v -0.187954 -0.050000 -0.061137
v -0.187954 0.050000 -0.061137
v -0.321901 -0.050000 -0.061137
v -0.321901 0.050000 -0.061137
v -0.291404 -0.050000 -0.318726
v -0.291404 0.050000 -0.318726
v 0.206112 -0.050000 -0.318726
v 0.206112 0.050000 -0.318726
v 0.754456 -0.050000 0.214852
v 0.754456 0.050000 0.214852
v 0.620510 -0.050000 0.214852
v 0.620510 0.050000 0.214852
v 0.674327 -0.050000 -0.281928
v 0.674327 0.050000 -0.281928
v 0.610942 -0.050000 -0.281928
v 0.610942 0.050000 -0.281928
v 0.613932 -0.050000 -0.337126
v 0.613932 0.050000 -0.337126
v 0.814254 -0.050000 -0.337126
v 0.814254 0.050000 -0.337126
v 0.438127 -0.050000 0.008781
v 0.438127 0.050000 0.008781
v 0.304180 -0.050000 0.008781
v 0.304180 0.050000 0.008781
v 0.323913 -0.050000 -0.337126
v 0.323913 0.050000 -0.337126
v 0.457860 -0.050000 -0.337126
v 0.457860 0.050000 -0.337126
v 1.038495 -0.050000 0.008781
v 1.038495 0.050000 0.008781
v 0.929065 -0.050000 0.008781
v 0.929065 0.050000 0.008781
v 0.930261 -0.050000 -0.200971
v 0.930261 0.050000 -0.200971
v 1.040289 -0.050000 -0.200971
v 1.040289 0.050000 -0.200971
v 1.333297 -0.050000 0.214852
v 1.333297 0.050000 0.214852
v 1.204134 -0.050000 0.214852
v 1.204134 0.050000 0.214852
v 1.294429 -0.050000 -0.200971
v 1.294429 0.050000 -0.200971
v 1.423591 -0.050000 -0.200971
v 1.423591 0.050000 -0.200971
v 1.201144 -0.050000 0.008781
v 1.201144 0.050000 0.008781
v 1.091715 -0.050000 0.008781
v 1.091715 0.050000 0.008781
v 1.092911 -0.050000 -0.200971
v 1.092911 0.050000 -0.200971
v 1.202938 -0.050000 -0.200971
v 1.202938 0.050000 -0.200971
v 1.986287 -0.050000 0.214852
v 1.986287 0.050000 0.214852
v 1.852340 -0.050000 0.214852
v 1.852340 0.050000 0.214852
v 1.903168 -0.050000 -0.263528
v 1.903168 0.050000 -0.263528
v 1.672947 -0.050000 -0.263528
v 1.672947 0.050000 -0.263528
v 1.649028 -0.050000 -0.061137
v 1.649028 0.050000 -0.061137
v 1.515082 -0.050000 -0.061137
v 1.515082 0.050000 -0.061137
v 1.545579 -0.050000 -0.318726
v 1.545579 0.050000 -0.318726
v 2.043095 -0.050000 -0.318726
v 2.043095 0.050000 -0.318726
v 2.591439 -0.050000 0.214852
v 2.591439 0.050000 0.214852
v 2.157906 -0.050000 0.214852
v 2.157906 0.050000 0.214852
v 2.188403 -0.050000 -0.326086
v 2.188403 0.050000 -0.326086
v 2.319957 -0.050000 -0.326086
v 2.319957 0.050000 -0.326086
v 2.292451 -0.050000 0.160575
v 2.292451 0.050000 0.160575
v 2.594429 -0.050000 0.160575
v 2.594429 0.050000 0.160575
v 3.033343 -0.050000 -0.235930
v 3.033343 0.050000 -0.235930
v 2.749902 -0.050000 -0.235930
v 2.749902 0.050000 -0.235930
v 2.752892 -0.050000 -0.289287
v 2.752892 0.050000 -0.289287
v 3.270740 -0.050000 -0.289287
v 3.270740 0.050000 -0.289287
v 3.267750 -0.050000 -0.235930
v 3.267750 0.050000 -0.235930
v 3.188219 -0.050000 -0.235930
v 3.188219 0.050000 -0.235930
v 2.940059 -0.050000 0.142175
v 2.940059 0.050000 0.142175
v 3.216922 -0.050000 0.161494
v 3.216922 0.050000 0.161494
v 3.213932 -0.050000 0.214852
v 3.213932 0.050000 0.214852
v 2.786977 -0.050000 0.186334
v 2.786977 0.050000 0.186334
v 2.789967 -0.050000 0.132056
v 2.789967 0.050000 0.132056
v 3.612782 -0.050000 0.214852
v 3.612782 0.050000 0.214852
v 3.345487 -0.050000 0.214852
v 3.345487 0.050000 0.214852
v 3.362828 -0.050000 -0.092415
v 3.362828 0.050000 -0.092415
v 3.509332 -0.050000 -0.092415
v 3.509332 0.050000 -0.092415
v 3.518899 -0.050000 -0.254329
v 3.518899 0.050000 -0.254329
v 3.372994 -0.050000 -0.254329
v 3.372994 0.050000 -0.254329
v 3.375984 -0.050000 -0.308607
v 3.375984 0.050000 -0.308607
v 3.643877 -0.050000 -0.308607
v 3.643877 0.050000 -0.308607
v 3.631319 -0.050000 -0.092415
v 3.631319 0.050000 -0.092415
v 3.708458 -0.050000 -0.092415
v 3.708458 0.050000 -0.092415
v 3.718624 -0.050000 -0.236850
v 3.718624 0.050000 -0.236850
v 3.840611 -0.050000 -0.236850
v 3.840611 0.050000 -0.236850
v 3.830445 -0.050000 -0.092415
v 3.830445 0.050000 -0.092415
v 3.866922 -0.050000 -0.092415
v 3.866922 0.050000 -0.092415
v 3.863932 -0.050000 -0.038137
v 3.863932 0.050000 -0.038137
v 3.826858 -0.050000 -0.038137
v 3.826858 0.050000 -0.038137
v 3.809516 -0.050000 0.214852
v 3.809516 0.050000 0.214852
v 3.687529 -0.050000 0.214852
v 3.687529 0.050000 0.214852
v 3.704870 -0.050000 -0.038137
v 3.704870 0.050000 -0.038137
v 3.627731 -0.050000 -0.038137
v 3.627731 0.050000 -0.038137
v 3.448936 -0.050000 0.160575
v 3.448936 0.050000 0.160575
v 3.493785 -0.050000 0.160575
v 3.493785 0.050000 0.160575
v 3.505744 -0.050000 -0.038137
v 3.505744 0.050000 -0.038137
v 3.460896 -0.050000 -0.038137
v 3.460896 0.050000 -0.038137
v 4.292681 -0.050000 0.214852
v 4.292681 0.050000 0.214852
v 3.962598 -0.050000 0.214852
v 3.962598 0.050000 0.214852
v 3.973960 -0.050000 0.009701
v 3.973960 0.050000 0.009701
v 4.177869 -0.050000 0.009701
v 4.177869 0.050000 0.009701
v 4.197005 -0.050000 -0.326086
v 4.197005 0.050000 -0.326086
v 4.323178 -0.050000 -0.326086
v 4.323178 0.050000 -0.326086
v 4.318394 -0.050000 -0.244209
v 4.318394 0.050000 -0.244209
v 4.469084 -0.050000 -0.244209
v 4.469084 0.050000 -0.244209
v 4.466094 -0.050000 -0.189931
v 4.466094 0.050000 -0.189931
v 4.315404 -0.050000 -0.189931
v 4.315404 0.050000 -0.189931
v 4.304042 -0.050000 0.009701
v 4.304042 0.050000 0.009701
v 4.468486 -0.050000 0.009701
v 4.468486 0.050000 0.009701
v 4.465496 -0.050000 0.063058
v 4.465496 0.050000 0.063058
v 4.301053 -0.050000 0.063058
v 4.301053 0.050000 0.063058
v 4.082791 -0.050000 0.160575
v 4.082791 0.050000 0.160575
v 4.169498 -0.050000 0.160575
v 4.169498 0.050000 0.160575
v 4.174880 -0.050000 0.063058
v 4.174880 0.050000 0.063058
v 4.088173 -0.050000 0.063058
v 4.088173 0.050000 0.063058
v 5.044337 -0.050000 -0.258009
v 5.044337 0.050000 -0.258009
v 4.649074 -0.050000 -0.271808
v 4.649074 0.050000 -0.271808
v 4.652064 -0.050000 -0.326086
v 4.652064 0.050000 -0.326086
v 5.047327 -0.050000 -0.311367
v 5.047327 0.050000 -0.311367
v 4.952248 -0.050000 -0.098855
v 4.952248 0.050000 -0.098855
v 4.588679 -0.050000 -0.098855
v 4.588679 0.050000 -0.098855
v 4.591071 -0.050000 -0.153133
v 4.591071 0.050000 -0.153133
v 5.086793 -0.050000 -0.153133
v 5.086793 0.050000 -0.153133
v 5.064668 -0.050000 0.214852
v 5.064668 0.050000 0.214852
v 4.625753 -0.050000 0.214852
v 4.625753 0.050000 0.214852
v 4.628743 -0.050000 0.160575
v 4.628743 0.050000 0.160575
v 4.936701 -0.050000 0.160575
v 4.936701 0.050000 0.160575
vn -0.0000 1.0000 -0.0000
vn -0.0000 -1.0000 -0.0000
vn -0.8585 -0.0000 0.5128
vn -0.9688 -0.0000 0.2479
vn -0.8164 -0.0000 -0.5775
vn -0.5185 -0.0000 -0.8551
vn 0.9687 -0.0000 -0.2482
vn 0.9687 -0.0000 -0.2483
vn 0.8585 -0.0000 -0.5128
vn 0.8164 -0.0000 0.5775
vn 0.5171 -0.0000 0.8559
vn 0.9689 -0.0000 -0.2474
vn 0.8609 -0.0000 -0.5088
vn 0.8513 -0.0000 -0.5247
vn 0.8488 -0.0000 -0.5287
vn 0.8275 -0.0000 0.5614
vn 0.8244 -0.0000 0.5660
vn 0.8131 -0.0001 0.5821
vn -0.8606 -0.0000 0.5093
vn 0.8131 -0.0000 0.5821
vn -0.8511 -0.0000 0.5250
vn -0.8606 0.0001 0.5093
vn 0.8279 -0.0000 0.5609
vn -0.8510 -0.0000 0.5251
vn 0.8582 -0.0000 -0.5133
vn 0.8582 -0.0000 -0.5134
vn -0.8581 -0.0000 0.5134
vn -0.8283 -0.0000 -0.5603
vn -0.8581 -0.0000 0.5135
vn -0.8262 -0.0000 -0.5634
vn -0.8599 -0.0000 0.5105
vn -0.9688 -0.0000 0.2478
vn -0.8753 -0.0000 0.4836
vn 0.7942 -0.0000 0.6077
vn 0.7941 -0.0000 0.6077
vn 0.7890 -0.0000 0.6144
vn 0.7889 -0.0000 0.6145
vn -0.8791 -0.0000 0.4767
vn -0.7888 -0.0000 -0.6146
vn -0.8790 -0.0000 0.4768
vn 0.8754 -0.0000 -0.4835
vn 0.8754 -0.0000 -0.4834
vn -0.8760 -0.0000 0.4823
vn 0.7934 -0.0000 0.6087
vn 0.7933 -0.0000 0.6088
vn -0.8759 -0.0000 0.4824
vn -0.8582 -0.0000 0.5133
vn -0.8167 -0.0000 -0.5770
vn -0.8582 -0.0000 0.5134
vn 0.8760 -0.0000 -0.4824
vn 0.8759 0.0001 -0.4824
vn -0.8592 -0.0000 0.5116
vn 0.8155 -0.0000 0.5787
vn 0.8155 -0.0000 0.5788
vn -0.8155 -0.0000 -0.5788
vn 0.8592 -0.0000 -0.5116
vn -0.8155 -0.0000 -0.5787
vn -0.8406 -0.0000 0.5417
vn 0.8351 -0.0000 0.5501
vn -0.8362 -0.0000 -0.5485
vn 0.8417 -0.0000 -0.5399
vn -0.8362 -0.0000 -0.5484
vn 0.8417 -0.0000 -0.5400
vn -0.9056 -0.0000 0.4240
vn 0.7424 -0.0000 0.6700
vn 0.7423 -0.0001 0.6700
vn -0.7424 -0.0000 -0.6700
vn -0.9057 -0.0000 0.4240
vn 0.9056 -0.0000 -0.4240
vn 0.9057 -0.0000 -0.4240
vn -0.8753 0.0001 0.4836
vn -0.7888 -0.0001 -0.6146
vn -0.8790 0.0001 0.4768
vn -0.8590 -0.0000 0.5120
vn -0.8158 -0.0000 -0.5783
vn -0.8590 0.0001 0.5121
vn 0.8590 -0.0000 -0.5120
vn 0.8585 -0.0000 -0.5127
vn 0.8585 0.0001 -0.5128
vn -0.8589 -0.0000 0.5122
vn -0.9664 -0.0000 0.2570
vn -0.8159 -0.0000 -0.5781
vn 0.8588 -0.0000 -0.5122
vn 0.8159 -0.0000 0.5781
vn 0.8589 -0.0000 -0.5122
vn 0.5348 -0.0000 0.8450
vn 0.9700 -0.0000 -0.2429
vn 0.8689 -0.0000 -0.4950
vn 0.9701 -0.0000 -0.2428
vn 0.8038 -0.0000 0.5949
vn 0.8688 -0.0000 -0.4951
vn -0.8681 -0.0000 0.4963
vn -0.9564 -0.0000 -0.2921
vn -0.8681 -0.0000 0.4964
vn 0.8147 -0.0000 0.5799
vn 0.8146 -0.0000 0.5800
vn -0.8590 0.0001 0.5120
vn -0.8147 -0.0000 -0.5799
vn -0.8599 -0.0000 0.5104
vn 0.8596 -0.0000 -0.5110
vn 0.8595 -0.0000 -0.5111
vn -0.8099 -0.0000 -0.5865
vn 0.8596 0.0001 -0.5110
vn -0.8099 -0.0001 -0.5866
vn -0.8099 -0.0000 -0.5866
vn 0.8637 -0.0000 -0.5039
vn 0.8638 -0.0000 -0.5039
vn 0.8638 0.0001 -0.5039
vn 0.8107 -0.0001 0.5855
vn 0.8107 -0.0000 0.5855
vn -0.8631 -0.0000 0.5051
vn -0.8631 -0.0000 0.5050
vn -0.8631 0.0001 0.5050
vn -0.8142 -0.0000 -0.5806
vn 0.8603 -0.0000 -0.5098
vn -0.8603 -0.0000 0.5098
vn 0.8142 -0.0000 0.5806
vn -0.8586 -0.0000 0.5127
vn 0.8163 -0.0000 0.5776
vn -0.8162 -0.0000 -0.5778
vn -0.8586 -0.0000 0.5126
vn -0.8156 -0.0000 -0.5786
vn -0.8163 -0.0000 -0.5777
vn 0.8597 -0.0000 -0.5108
vn 0.8164 -0.0001 0.5775
vn 0.8156 -0.0000 0.5786
vn 0.8591 -0.0000 -0.5117
vn 0.8156 -0.0000 0.5787
vn 0.8592 0.0001 -0.5117
vn 0.8159 -0.0001 0.5781
vn 0.8160 -0.0000 0.5781
vn -0.8163 -0.0000 -0.5776
vn 0.8586 -0.0000 -0.5127
vn -0.8585 -0.0000 0.5127
vn -0.8636 -0.0000 0.5042
vn 0.8097 -0.0000 0.5868
vn 0.8097 -0.0000 0.5869
vn -0.8096 -0.0000 -0.5869
vn 0.8643 -0.0000 -0.5030
vn 0.8642 0.0001 -0.5031
vn -0.8547 -0.0000 0.5191
vn -0.8602 -0.0000 0.5099
vn -0.8602 -0.0000 0.5100
vn -0.8209 -0.0000 -0.5711
vn -0.8547 -0.0000 0.5192
vn 0.8143 -0.0000 0.5805
vn 0.8602 -0.0000 -0.5099
vn -0.8585 -0.0000 0.5129
vn -0.8143 -0.0001 -0.5804
vn -0.8143 -0.0000 -0.5804
vt 0.545455 0.000000
vt 0.454545 0.000000
vt 0.363636 0.000000
vt 1.000000 0.000000
vt 0.727273 0.000000
vt 0.636364 0.000000
vt 0.000000 0.000000
vt 0.272727 0.000000
vt 0.181818 0.000000
vt 0.818182 0.000000
vt 0.909091 0.000000
vt 0.090909 0.000000
vt 0.117647 0.000000
vt 0.058824 0.000000
vt 0.823529 0.000000
vt 0.882353 0.000000
vt 0.941176 0.000000
vt 0.176471 0.000000
vt 0.588235 0.000000
vt 0.764706 0.000000
vt 0.705882 0.000000
vt 0.647059 0.000000
vt 0.352941 0.000000
vt 0.529412 0.000000
vt 0.470588 0.000000
vt 0.411765 0.000000
vt 0.235294 0.000000
vt 0.294118 0.000000
vt 0.086957 0.000000
vt 0.043478 0.000000
vt 0.869565 0.000000
vt 0.130435 0.000000
vt 0.826087 0.000000
vt 0.913043 0.000000
vt 0.956522 0.000000
vt 0.260870 0.000000
vt 0.217391 0.000000
vt 0.173913 0.000000
vt 0.782609 0.000000
vt 0.391304 0.000000
vt 0.347826 0.000000
vt 0.521739 0.000000
vt 0.652174 0.000000
vt 0.608696 0.000000
vt 0.565217 0.000000
vt 0.739130 0.000000
vt 0.695652 0.000000
vt 0.434783 0.000000
vt 0.478261 0.000000
vt 0.304348 0.000000
vt 0.900000 0.000000
vt 0.600000 0.000000
vt 0.500000 0.000000
vt 0.400000 0.000000
vt 0.300000 0.000000
vt 0.800000 0.000000
vt 0.700000 0.000000
vt 0.200000 0.000000
vt 0.100000 0.000000
vt 0.857143 0.000000
vt 0.714286 0.000000
vt 0.571429 0.000000
vt 0.428571 0.000000
vt 0.285714 0.000000
vt 0.142857 0.000000
vt 0.888889 0.000000
vt 0.777778 0.000000
vt 0.666667 0.000000
vt 0.222222 0.000000
vt 0.555556 0.000000
vt 0.111111 0.000000
vt 0.444444 0.000000
vt 0.333333 0.000000
vt 0.851852 0.000000
vt 0.740741 0.000000
vt 0.074074 0.000000
vt 0.037037 0.000000
vt 0.925926 0.000000
vt 0.703704 0.000000
vt 0.370370 0.000000
vt 0.296296 0.000000
vt 0.259259 0.000000
vt 0.518519 0.000000
vt 0.481481 0.000000
vt 0.962963 0.000000
vt 0.407407 0.000000
vt 0.814815 0.000000
vt 0.629630 0.000000
vt 0.592593 0.000000
vt 0.148148 0.000000
vt 0.185185 0.000000
vt 0.035714 1.000000
vt 0.000000 1.000000
vt 0.071429 1.000000
vt 0.035714 0.000000
vt 0.107143 1.000000
vt 0.071429 0.000000
vt 0.142857 1.000000
vt 0.107143 0.000000
vt 0.178571 1.000000
vt 0.214286 1.000000
vt 0.178571 0.000000
vt 0.250000 1.000000
vt 0.214286 0.000000
vt 0.285714 1.000000
vt 0.250000 0.000000
vt 0.321429 1.000000
vt 0.357143 1.000000
vt 0.321429 0.000000
vt 0.392857 1.000000
vt 0.357143 0.000000
vt 0.428571 1.000000
vt 0.392857 0.000000
vt 0.464286 1.000000
vt 0.500000 1.000000
vt 0.464286 0.000000
vt 0.535714 1.000000
vt 0.571429 1.000000
vt 0.535714 0.000000
vt 0.607143 1.000000
vt 0.642857 1.000000
vt 0.607143 0.000000
vt 0.678571 1.000000
vt 0.642857 0.000000
vt 0.714286 1.000000
vt 0.678571 0.000000
vt 0.750000 1.000000
vt 0.785714 1.000000
vt 0.750000 0.000000
vt 0.821429 1.000000
vt 0.785714 0.000000
vt 0.857143 1.000000
vt 0.821429 0.000000
vt 0.892857 1.000000
vt 0.928571 1.000000
vt 0.892857 0.000000
vt 0.964286 1.000000
vt 0.928571 0.000000
vt 1.000000 1.000000
vt 0.964286 0.000000
vt 0.125000 1.000000
vt 0.125000 0.000000
vt 0.375000 1.000000
vt 0.375000 0.000000
vt 0.625000 1.000000
vt 0.625000 0.000000
vt 0.875000 1.000000
vt 0.875000 0.000000
vt 0.166667 1.000000
vt 0.333333 1.000000
vt 0.166667 0.000000
vt 0.666667 1.000000
vt 0.833333 1.000000
vt 0.833333 0.000000
vt 0.090909 1.000000
vt 0.181818 1.000000
vt 0.272727 1.000000
vt 0.363636 1.000000
vt 0.454545 1.000000
vt 0.545455 1.000000
vt 0.636364 1.000000
vt 0.727273 1.000000
vt 0.818182 1.000000
vt 0.909091 1.000000
vt 0.050000 1.000000
vt 0.100000 1.000000
vt 0.050000 0.000000
vt 0.150000 1.000000
vt 0.200000 1.000000
vt 0.150000 0.000000
vt 0.300000 1.000000
vt 0.350000 1.000000
vt 0.400000 1.000000
vt 0.350000 0.000000
vt 0.450000 1.000000
vt 0.450000 0.000000
vt 0.550000 1.000000
vt 0.600000 1.000000
vt 0.550000 0.000000
vt 0.650000 1.000000
vt 0.700000 1.000000
vt 0.650000 0.000000
vt 0.800000 1.000000
vt 0.850000 1.000000
vt 0.900000 1.000000
vt 0.850000 0.000000
vt 0.950000 1.000000
vt 0.950000 0.000000
s 1
usemtl Material.031
f 1212/237/549 1211/238/549 1210/239/549
f 1210/239/549 1217/240/549 1214/241/549
f 1214/241/549 1213/242/549 1210/239/549
f 1206/243/549 1209/244/549 1208/245/549
f 1214/241/549 1217/240/549 1215/246/549
f 1216/247/549 1215/246/549 1217/240/549
f 1208/245/549 1207/248/549 1206/243/549
f 1210/239/549 1213/242/549 1212/237/549
f 1220/249/549 1219/250/549 1232/251/549
f 1232/251/549 1235/240/549 1220/249/549
f 1218/243/549 1233/252/549 1219/250/549
f 1232/251/549 1219/250/549 1233/252/549
f 1234/253/549 1221/254/549 1235/240/549
f 1220/249/549 1235/240/549 1221/254/549
f 1228/255/549 1231/256/549 1230/257/549
f 1230/257/549 1229/258/549 1228/255/549
f 1224/259/549 1227/260/549 1226/261/549
f 1226/261/549 1225/262/549 1224/259/549
f 1233/252/549 1218/243/549 1231/256/549
f 1234/253/549 1233/252/549 1231/256/549
f 1221/254/549 1234/253/549 1231/256/549
f 1231/256/549 1228/255/549 1221/254/549
f 1228/255/549 1227/260/549 1221/254/549
f 1222/263/549 1221/254/549 1227/260/549
f 1227/260/549 1224/259/549 1222/263/549
f 1224/259/549 1223/264/549 1222/263/549
f 1238/265/549 1237/266/549 1256/267/549
f 1256/267/549 1259/240/549 1238/265/549
f 1238/265/549 1259/240/549 1239/268/549
f 1236/243/549 1255/269/549 1257/270/549
f 1258/271/549 1257/270/549 1255/269/549
f 1239/268/549 1258/271/549 1255/269/549
f 1236/243/549 1257/270/549 1237/266/549
f 1256/267/549 1237/266/549 1257/270/549
f 1258/271/549 1239/268/549 1259/240/549
f 1242/272/549 1241/273/549 1240/274/549
f 1254/275/549 1245/276/549 1244/277/549
f 1248/278/549 1251/279/549 1250/280/549
f 1250/280/549 1249/281/549 1248/278/549
f 1254/275/549 1253/282/549 1252/283/549
f 1252/283/549 1251/279/549 1254/275/549
f 1245/276/549 1254/275/549 1251/279/549
f 1251/279/549 1248/278/549 1245/276/549
f 1246/284/549 1245/276/549 1248/278/549
f 1248/278/549 1247/285/549 1246/284/549
f 1254/275/549 1244/277/549 1255/269/549
f 1239/268/549 1255/269/549 1244/277/549
f 1240/274/549 1239/268/549 1244/277/549
f 1244/277/549 1243/286/549 1240/274/549
f 1242/272/549 1240/274/549 1243/286/549
f 1270/240/549 1269/287/549 1266/288/549
f 1270/240/549 1266/288/549 1260/243/549
f 1265/289/549 1260/243/549 1266/288/549
f 1264/290/549 1263/291/549 1265/289/549
f 1260/243/549 1265/289/549 1263/291/549
f 1266/288/549 1269/287/549 1268/292/549
f 1268/292/549 1267/293/549 1266/288/549
f 1262/294/549 1261/295/549 1260/243/549
f 1260/243/549 1263/291/549 1262/294/549
f 1273/290/549 1272/294/549 1275/292/549
f 1275/292/549 1272/294/549 1271/243/549
f 1271/243/549 1276/240/549 1275/292/549
f 1273/290/549 1275/292/549 1274/288/549
f 1283/296/549 1282/297/549 1281/298/549
f 1281/298/549 1280/299/549 1283/296/549
f 1279/300/549 1278/301/549 1277/243/549
f 1277/243/549 1284/240/549 1279/300/549
f 1283/296/549 1280/299/549 1279/300/549
f 1279/300/549 1284/240/549 1283/296/549
f 1287/245/549 1286/248/549 1285/243/549
f 1287/245/549 1285/243/549 1288/244/549
f 1291/237/549 1289/239/549 1292/242/549
f 1289/239/549 1291/237/549 1290/238/549
f 1295/247/549 1294/246/549 1293/241/549
f 1293/241/549 1296/240/549 1295/247/549
f 1305/302/549 1304/303/549 1303/304/549
f 1303/304/549 1306/240/549 1305/302/549
f 1299/305/549 1297/243/549 1302/306/549
f 1297/243/549 1299/305/549 1298/307/549
f 1299/305/549 1302/306/549 1301/308/549
f 1299/305/549 1301/308/549 1300/309/549
f 1313/296/549 1312/297/549 1311/298/549
f 1311/298/549 1310/299/549 1313/296/549
f 1309/300/549 1308/301/549 1307/243/549
f 1307/243/549 1314/240/549 1309/300/549
f 1313/296/549 1310/299/549 1309/300/549
f 1309/300/549 1314/240/549 1313/296/549
f 1339/302/549 1338/310/549 1335/311/549
f 1317/312/549 1316/313/549 1315/243/549
f 1333/304/549 1340/314/549 1334/315/549
f 1339/302/549 1335/311/549 1334/315/549
f 1334/315/549 1340/314/549 1339/302/549
f 1325/316/549 1318/307/549 1315/243/549
f 1317/312/549 1315/243/549 1318/307/549
f 1323/317/549 1322/318/549 1321/305/549
f 1327/308/549 1330/306/549 1329/319/549
f 1329/319/549 1328/320/549 1327/308/549
f 1341/321/549 1327/308/549 1326/322/549
f 1335/311/549 1338/310/549 1337/323/549
f 1337/323/549 1336/303/549 1335/311/549
f 1333/304/549 1332/324/549 1331/325/549
f 1331/325/549 1330/306/549 1333/304/549
f 1340/314/549 1333/304/549 1330/306/549
f 1330/306/549 1327/308/549 1340/314/549
f 1327/308/549 1341/321/549 1340/314/549
f 1315/243/549 1342/240/549 1325/316/549
f 1341/321/549 1326/322/549 1325/316/549
f 1318/307/549 1325/316/549 1324/309/549
f 1319/326/549 1318/307/549 1324/309/549
f 1324/309/549 1321/305/549 1319/326/549
f 1321/305/549 1320/327/549 1319/326/549
f 1321/305/549 1324/309/549 1323/317/549
f 1341/321/549 1325/316/549 1342/240/549
f 1349/237/550 1347/239/550 1348/238/550
f 1347/239/550 1351/241/550 1354/240/550
f 1351/241/550 1347/239/550 1350/242/550
f 1343/243/550 1345/245/550 1346/244/550
f 1351/241/550 1352/246/550 1354/240/550
f 1353/247/550 1354/240/550 1352/246/550
f 1345/245/550 1343/243/550 1344/248/550
f 1347/239/550 1349/237/550 1350/242/550
f 1357/249/550 1369/251/550 1356/250/550
f 1369/251/550 1357/249/550 1372/240/550
f 1355/243/550 1356/250/550 1370/252/550
f 1369/251/550 1370/252/550 1356/250/550
f 1371/253/550 1372/240/550 1358/254/550
f 1357/249/550 1358/254/550 1372/240/550
f 1365/255/550 1367/257/550 1368/256/550
f 1367/257/550 1365/255/550 1366/258/550
f 1361/259/550 1363/261/550 1364/260/550
f 1363/261/550 1361/259/550 1362/262/550
f 1370/252/550 1368/256/550 1355/243/550
f 1371/253/550 1368/256/550 1370/252/550
f 1358/254/550 1368/256/550 1371/253/550
f 1368/256/550 1358/254/550 1365/255/550
f 1365/255/550 1358/254/550 1364/260/550
f 1359/263/550 1364/260/550 1358/254/550
f 1364/260/550 1359/263/550 1361/259/550
f 1361/259/550 1359/263/550 1360/264/550
f 1375/265/550 1393/267/550 1374/266/550
f 1393/267/550 1375/265/550 1396/240/550
f 1375/265/550 1376/268/550 1396/240/550
f 1373/243/550 1394/270/550 1392/269/550
f 1395/271/550 1392/269/550 1394/270/550
f 1376/268/550 1392/269/550 1395/271/550
f 1373/243/550 1374/266/550 1394/270/550
f 1393/267/550 1394/270/550 1374/266/550
f 1395/271/550 1396/240/550 1376/268/550
f 1379/272/550 1377/274/550 1378/273/550
f 1391/275/550 1381/277/550 1382/276/550
f 1385/278/550 1387/280/550 1388/279/550
f 1387/280/550 1385/278/550 1386/281/550
f 1391/275/550 1389/283/550 1390/282/550
f 1389/283/550 1391/275/550 1388/279/550
f 1382/276/550 1388/279/550 1391/275/550
f 1388/279/550 1382/276/550 1385/278/550
f 1383/284/550 1385/278/550 1382/276/550
f 1385/278/550 1383/284/550 1384/285/550
f 1391/275/550 1392/269/550 1381/277/550
f 1376/268/550 1381/277/550 1392/269/550
f 1377/274/550 1381/277/550 1376/268/550
f 1381/277/550 1377/274/550 1380/286/550
f 1379/272/550 1380/286/550 1377/274/550
f 1407/240/550 1403/288/550 1406/287/550
f 1407/240/550 1397/243/550 1403/288/550
f 1402/289/550 1403/288/550 1397/243/550
f 1401/290/550 1402/289/550 1400/291/550
f 1397/243/550 1400/291/550 1402/289/550
f 1403/288/550 1405/292/550 1406/287/550
f 1405/292/550 1403/288/550 1404/293/550
f 1399/294/550 1397/243/550 1398/295/550
f 1397/243/550 1399/294/550 1400/291/550
f 1410/290/550 1412/292/550 1409/294/550
f 1412/292/550 1408/243/550 1409/294/550
f 1408/243/550 1412/292/550 1413/240/550
f 1410/290/550 1411/288/550 1412/292/550
f 1420/296/550 1418/298/550 1419/297/550
f 1418/298/550 1420/296/550 1417/299/550
f 1416/300/550 1414/243/550 1415/301/550
f 1414/243/550 1416/300/550 1421/240/550
f 1420/296/550 1416/300/550 1417/299/550
f 1416/300/550 1420/296/550 1421/240/550
f 1424/245/550 1422/243/550 1423/248/550
f 1424/245/550 1425/244/550 1422/243/550
f 1428/237/550 1429/242/550 1426/239/550
f 1426/239/550 1427/238/550 1428/237/550
f 1432/247/550 1430/241/550 1431/246/550
f 1430/241/550 1432/247/550 1433/240/550
f 1442/302/550 1440/304/550 1441/303/550
f 1440/304/550 1442/302/550 1443/240/550
f 1436/305/550 1439/306/550 1434/243/550
f 1434/243/550 1435/307/550 1436/305/550
f 1436/305/550 1438/308/550 1439/306/550
f 1436/305/550 1437/309/550 1438/308/550
f 1450/296/550 1448/298/550 1449/297/550
f 1448/298/550 1450/296/550 1447/299/550
f 1446/300/550 1444/243/550 1445/301/550
f 1444/243/550 1446/300/550 1451/240/550
f 1450/296/550 1446/300/550 1447/299/550
f 1446/300/550 1450/296/550 1451/240/550
f 1476/302/550 1472/311/550 1475/310/550
f 1454/312/550 1452/243/550 1453/313/550
f 1470/304/550 1471/315/550 1477/314/550
f 1476/302/550 1471/315/550 1472/311/550
f 1471/315/550 1476/302/550 1477/314/550
f 1462/316/550 1452/243/550 1455/307/550
f 1454/312/550 1455/307/550 1452/243/550
f 1460/317/550 1458/305/550 1459/318/550
f 1464/308/550 1466/319/550 1467/306/550
f 1466/319/550 1464/308/550 1465/320/550
f 1478/321/550 1463/322/550 1464/308/550
f 1472/311/550 1474/323/550 1475/310/550
f 1474/323/550 1472/311/550 1473/303/550
f 1470/304/550 1468/325/550 1469/324/550
f 1468/325/550 1470/304/550 1467/306/550
f 1477/314/550 1467/306/550 1470/304/550
f 1467/306/550 1477/314/550 1464/308/550
f 1464/308/550 1477/314/550 1478/321/550
f 1452/243/550 1462/316/550 1479/240/550
f 1478/321/550 1462/316/550 1463/322/550
f 1455/307/550 1461/309/550 1462/316/550
f 1456/326/550 1461/309/550 1455/307/550
f 1461/309/550 1456/326/550 1458/305/550
f 1458/305/550 1456/326/550 1457/327/550
f 1458/305/550 1460/317/550 1461/309/550
f 1478/321/550 1479/240/550 1462/316/550
f 1483/328/551 1480/243/552 1481/329/552
f 1485/330/553 1482/331/551 1483/328/551
f 1487/332/554 1484/333/553 1485/330/553
f 1489/334/554 1486/335/554 1487/332/554
f 1491/336/555 1488/301/554 1489/334/554
f 1493/337/555 1490/338/556 1491/336/555
f 1495/339/557 1492/340/555 1493/337/555
f 1497/341/558 1494/342/557 1495/339/557
f 1499/343/559 1496/300/558 1497/341/558
f 1501/344/560 1498/345/559 1499/343/559
f 1503/346/561 1500/347/560 1501/344/560
f 1505/348/562 1502/349/561 1503/346/561
f 1507/350/563 1504/299/562 1505/348/562
f 1509/351/564 1506/352/563 1507/350/563
f 1511/353/565 1508/289/564 1509/351/564
f 1513/354/566 1510/355/565 1511/353/565
f 1515/356/567 1512/298/568 1513/354/566
f 1517/357/569 1514/358/570 1515/356/567
f 1519/359/571 1516/360/572 1517/357/569
f 1521/361/573 1518/362/571 1519/359/571
f 1523/363/557 1520/297/574 1521/361/573
f 1525/364/558 1522/365/557 1523/363/557
f 1527/366/575 1524/367/558 1525/364/558
f 1529/368/576 1526/369/577 1527/366/575
f 1531/370/578 1528/296/576 1529/368/576
f 1533/371/579 1530/372/578 1531/370/578
f 1535/373/580 1532/374/579 1533/371/579
f 1481/375/552 1534/376/552 1535/373/580
f 1539/377/581 1536/243/582 1537/329/583
f 1541/339/581 1538/378/581 1539/377/581
f 1543/379/584 1540/342/581 1541/339/581
f 1545/351/585 1542/380/585 1543/379/584
f 1547/381/586 1544/289/585 1545/351/585
f 1549/363/587 1546/382/588 1547/381/586
f 1551/383/589 1548/365/587 1549/363/587
f 1537/375/583 1550/384/590 1551/383/589
f 1555/385/591 1552/243/592 1553/329/593
f 1557/386/594 1554/387/594 1555/385/591
f 1559/351/595 1556/309/594 1557/386/594
f 1561/388/596 1558/289/597 1559/351/595
f 1563/389/598 1560/304/596 1561/388/596
f 1553/375/593 1562/390/599 1563/389/598
f 1567/339/600 1564/243/601 1565/329/602
f 1569/351/603 1566/342/600 1567/339/600
f 1571/363/604 1568/289/605 1569/351/603
f 1565/375/602 1570/365/604 1571/363/604
f 1575/339/606 1572/243/607 1573/329/607
f 1577/351/608 1574/342/606 1575/339/606
f 1579/363/609 1576/289/610 1577/351/608
f 1573/375/607 1578/365/611 1579/363/609
f 1583/339/612 1580/243/613 1581/329/614
f 1585/351/615 1582/342/616 1583/339/612
f 1587/363/617 1584/289/615 1585/351/615
f 1581/375/614 1586/365/618 1587/363/617
f 1591/339/606 1588/243/607 1589/329/607
f 1593/351/608 1590/342/606 1591/339/606
f 1595/363/609 1592/289/610 1593/351/608
f 1589/375/607 1594/365/611 1595/363/609
f 1599/377/581 1596/243/582 1597/329/583
f 1601/339/581 1598/378/581 1599/377/581
f 1603/379/584 1600/342/619 1601/339/581
f 1605/351/585 1602/380/585 1603/379/584
f 1607/381/586 1604/289/584 1605/351/585
f 1609/363/620 1606/382/621 1607/381/586
f 1611/383/589 1608/365/587 1609/363/620
f 1597/375/583 1610/384/590 1611/383/589
f 1615/385/622 1612/243/558 1613/329/558
f 1617/386/623 1614/387/624 1615/385/622
f 1619/351/625 1616/309/623 1617/386/623
f 1621/388/625 1618/289/625 1619/351/625
f 1623/389/626 1620/304/625 1621/388/625
f 1613/375/558 1622/390/627 1623/389/626
f 1627/391/628 1624/243/629 1625/329/629
f 1629/392/630 1626/248/628 1627/391/628
f 1631/393/631 1628/245/630 1629/392/630
f 1633/394/632 1630/244/633 1631/393/631
f 1635/395/634 1632/239/632 1633/394/632
f 1637/396/635 1634/238/634 1635/395/634
f 1639/397/636 1636/237/637 1637/396/635
f 1641/398/638 1638/242/639 1639/397/636
f 1643/399/640 1640/241/638 1641/398/638
f 1645/400/641 1642/246/642 1643/399/640
f 1625/375/629 1644/247/641 1645/400/641
f 1649/401/622 1646/243/643 1647/329/644
f 1651/402/623 1648/403/645 1649/401/622
f 1653/404/646 1650/295/623 1651/402/623
f 1655/405/647 1652/406/646 1653/404/646
f 1657/339/551 1654/294/579 1655/405/647
f 1659/407/553 1656/342/551 1657/339/551
f 1661/408/648 1658/291/553 1659/407/553
f 1663/409/648 1660/410/649 1661/408/648
f 1665/411/650 1662/290/651 1663/409/648
f 1667/351/652 1664/412/653 1665/411/650
f 1669/413/654 1666/289/653 1667/351/652
f 1671/414/655 1668/415/654 1669/413/654
f 1673/416/626 1670/288/656 1671/414/655
f 1675/417/558 1672/418/557 1673/416/626
f 1677/363/657 1674/293/558 1675/417/558
f 1679/419/658 1676/365/658 1677/363/657
f 1681/420/659 1678/292/658 1679/419/658
f 1683/421/660 1680/422/661 1681/420/659
f 1685/423/643 1682/287/660 1683/421/660
f 1647/375/644 1684/424/643 1685/423/643
f 1689/339/662 1686/243/663 1687/329/663
f 1691/351/664 1688/342/662 1689/339/662
f 1693/363/665 1690/289/664 1691/351/664
f 1687/375/663 1692/365/665 1693/363/665
f 1697/330/666 1694/243/667 1695/329/667
f 1699/334/668 1696/333/669 1697/330/666
f 1701/337/670 1698/301/671 1699/334/668
f 1703/341/605 1700/340/605 1701/337/670
f 1705/344/672 1702/300/670 1703/341/605
f 1707/348/672 1704/347/672 1705/344/672
f 1709/351/557 1706/299/672 1707/348/672
f 1711/354/673 1708/289/557 1709/351/557
f 1713/357/674 1710/298/558 1711/354/673
f 1715/361/675 1712/360/676 1713/357/674
f 1717/364/631 1714/297/677 1715/361/675
f 1719/368/678 1716/367/633 1717/364/631
f 1721/371/558 1718/296/679 1719/368/678
f 1695/375/667 1720/374/667 1721/371/558
f 1725/339/680 1722/243/626 1723/329/681
f 1727/351/666 1724/342/680 1725/339/680
f 1729/363/667 1726/289/682 1727/351/666
f 1723/375/681 1728/365/667 1729/363/667
f 1733/339/683 1730/243/684 1731/329/685
f 1735/351/686 1732/342/683 1733/339/683
f 1737/363/687 1734/289/686 1735/351/686
f 1731/375/685 1736/365/688 1737/363/687
f 1741/377/689 1738/243/690 1739/329/691
f 1743/339/692 1740/378/693 1741/377/689
f 1745/379/663 1742/342/692 1743/339/692
f 1747/351/694 1744/380/695 1745/379/663
f 1749/381/696 1746/289/694 1747/351/694
f 1751/363/553 1748/382/551 1749/381/696
f 1753/383/697 1750/365/553 1751/363/553
f 1739/375/691 1752/384/698 1753/383/697
f 1483/328/551 1482/331/551 1480/243/552
f 1485/330/553 1484/333/553 1482/331/551
f 1487/332/554 1486/335/554 1484/333/553
f 1489/334/554 1488/301/554 1486/335/554
f 1491/336/555 1490/338/556 1488/301/554
f 1493/337/555 1492/340/555 1490/338/556
f 1495/339/557 1494/342/557 1492/340/555
f 1497/341/558 1496/300/558 1494/342/557
f 1499/343/559 1498/345/559 1496/300/558
f 1501/344/560 1500/347/560 1498/345/559
f 1503/346/561 1502/349/561 1500/347/560
f 1505/348/562 1504/299/562 1502/349/561
f 1507/350/563 1506/352/563 1504/299/562
f 1509/351/564 1508/289/564 1506/352/563
f 1511/353/565 1510/355/565 1508/289/564
f 1513/354/566 1512/298/568 1510/355/565
f 1515/356/567 1514/358/570 1512/298/568
f 1517/357/569 1516/360/572 1514/358/570
f 1519/359/571 1518/362/571 1516/360/572
f 1521/361/573 1520/297/574 1518/362/571
f 1523/363/557 1522/365/557 1520/297/574
f 1525/364/558 1524/367/558 1522/365/557
f 1527/366/575 1526/369/577 1524/367/558
f 1529/368/576 1528/296/576 1526/369/577
f 1531/370/578 1530/372/578 1528/296/576
f 1533/371/579 1532/374/579 1530/372/578
f 1535/373/580 1534/376/552 1532/374/579
f 1481/375/552 1480/240/552 1534/376/552
f 1539/377/581 1538/378/581 1536/243/582
f 1541/339/581 1540/342/581 1538/378/581
f 1543/379/584 1542/380/585 1540/342/581
f 1545/351/585 1544/289/585 1542/380/585
f 1547/381/586 1546/382/588 1544/289/585
f 1549/363/587 1548/365/587 1546/382/588
f 1551/383/589 1550/384/590 1548/365/587
f 1537/375/583 1536/240/582 1550/384/590
f 1555/385/591 1554/387/594 1552/243/592
f 1557/386/594 1556/309/594 1554/387/594
f 1559/351/595 1558/289/597 1556/309/594
f 1561/388/596 1560/304/596 1558/289/597
f 1563/389/598 1562/390/599 1560/304/596
f 1553/375/593 1552/240/592 1562/390/599
f 1567/339/600 1566/342/600 1564/243/601
f 1569/351/603 1568/289/605 1566/342/600
f 1571/363/604 1570/365/604 1568/289/605
f 1565/375/602 1564/240/601 1570/365/604
f 1575/339/606 1574/342/606 1572/243/607
f 1577/351/608 1576/289/610 1574/342/606
f 1579/363/609 1578/365/611 1576/289/610
f 1573/375/607 1572/240/607 1578/365/611
f 1583/339/612 1582/342/616 1580/243/613
f 1585/351/615 1584/289/615 1582/342/616
f 1587/363/617 1586/365/618 1584/289/615
f 1581/375/614 1580/240/613 1586/365/618
f 1591/339/606 1590/342/606 1588/243/607
f 1593/351/608 1592/289/610 1590/342/606
f 1595/363/609 1594/365/611 1592/289/610
f 1589/375/607 1588/240/607 1594/365/611
f 1599/377/581 1598/378/581 1596/243/582
f 1601/339/581 1600/342/619 1598/378/581
f 1603/379/584 1602/380/585 1600/342/619
f 1605/351/585 1604/289/584 1602/380/585
f 1607/381/586 1606/382/621 1604/289/584
f 1609/363/620 1608/365/587 1606/382/621
f 1611/383/589 1610/384/590 1608/365/587
f 1597/375/583 1596/240/582 1610/384/590
f 1615/385/622 1614/387/624 1612/243/558
f 1617/386/623 1616/309/623 1614/387/624
f 1619/351/625 1618/289/625 1616/309/623
f 1621/388/625 1620/304/625 1618/289/625
f 1623/389/626 1622/390/627 1620/304/625
f 1613/375/558 1612/240/558 1622/390/627
f 1627/391/628 1626/248/628 1624/243/629
f 1629/392/630 1628/245/630 1626/248/628
f 1631/393/631 1630/244/633 1628/245/630
f 1633/394/632 1632/239/632 1630/244/633
f 1635/395/634 1634/238/634 1632/239/632
f 1637/396/635 1636/237/637 1634/238/634
f 1639/397/636 1638/242/639 1636/237/637
f 1641/398/638 1640/241/638 1638/242/639
f 1643/399/640 1642/246/642 1640/241/638
f 1645/400/641 1644/247/641 1642/246/642
f 1625/375/629 1624/240/629 1644/247/641
f 1649/401/622 1648/403/645 1646/243/643
f 1651/402/623 1650/295/623 1648/403/645
f 1653/404/646 1652/406/646 1650/295/623
f 1655/405/647 1654/294/579 1652/406/646
f 1657/339/551 1656/342/551 1654/294/579
f 1659/407/553 1658/291/553 1656/342/551
f 1661/408/648 1660/410/649 1658/291/553
f 1663/409/648 1662/290/651 1660/410/649
f 1665/411/650 1664/412/653 1662/290/651
f 1667/351/652 1666/289/653 1664/412/653
f 1669/413/654 1668/415/654 1666/289/653
f 1671/414/655 1670/288/656 1668/415/654
f 1673/416/626 1672/418/557 1670/288/656
f 1675/417/558 1674/293/558 1672/418/557
f 1677/363/657 1676/365/658 1674/293/558
f 1679/419/658 1678/292/658 1676/365/658
f 1681/420/659 1680/422/661 1678/292/658
f 1683/421/660 1682/287/660 1680/422/661
f 1685/423/643 1684/424/643 1682/287/660
f 1647/375/644 1646/240/643 1684/424/643
f 1689/339/662 1688/342/662 1686/243/663
f 1691/351/664 1690/289/664 1688/342/662
f 1693/363/665 1692/365/665 1690/289/664
f 1687/375/663 1686/240/663 1692/365/665
f 1697/330/666 1696/333/669 1694/243/667
f 1699/334/668 1698/301/671 1696/333/669
f 1701/337/670 1700/340/605 1698/301/671
f 1703/341/605 1702/300/670 1700/340/605
f 1705/344/672 1704/347/672 1702/300/670
f 1707/348/672 1706/299/672 1704/347/672
f 1709/351/557 1708/289/557 1706/299/672
f 1711/354/673 1710/298/558 1708/289/557
f 1713/357/674 1712/360/676 1710/298/558
f 1715/361/675 1714/297/677 1712/360/676
f 1717/364/631 1716/367/633 1714/297/677
f 1719/368/678 1718/296/679 1716/367/633
f 1721/371/558 1720/374/667 1718/296/679
f 1695/375/667 1694/240/667 1720/374/667
f 1725/339/680 1724/342/680 1722/243/626
f 1727/351/666 1726/289/682 1724/342/680
f 1729/363/667 1728/365/667 1726/289/682
f 1723/375/681 1722/240/626 1728/365/667
f 1733/339/683 1732/342/683 1730/243/684
f 1735/351/686 1734/289/686 1732/342/683
f 1737/363/687 1736/365/688 1734/289/686
f 1731/375/685 1730/240/684 1736/365/688
f 1741/377/689 1740/378/693 1738/243/690
f 1743/339/692 1742/342/692 1740/378/693
f 1745/379/663 1744/380/695 1742/342/692
f 1747/351/694 1746/289/694 1744/380/695
f 1749/381/696 1748/382/551 1746/289/694
f 1751/363/553 1750/365/553 1748/382/551
f 1753/383/697 1752/384/698 1750/365/553
f 1739/375/691 1738/240/690 1752/384/698
o Text.003
v -0.935974 0.050000 -0.819922
v -0.980132 0.050000 -0.819922
v -0.971853 0.050000 -0.965506
v -0.927694 0.050000 -0.965506
v -0.884456 0.050000 -0.819922
v -0.928614 0.050000 -0.819922
v -0.920335 0.050000 -0.965506
v -0.876176 0.050000 -0.965506
v -1.285100 0.050000 -0.871670
v -1.429994 0.050000 -0.871670
v -1.427694 0.050000 -0.913068
v -1.284180 0.050000 -0.913068
v -1.282800 0.050000 -0.965506
v -1.179764 0.050000 -0.965506
v -1.181144 0.050000 -0.913068
v -1.028430 0.050000 -0.913068
v -1.030730 0.050000 -0.871670
v -1.182064 0.050000 -0.871670
v -1.185284 0.050000 -0.736436
v -1.035790 0.050000 -0.736436
v -1.038090 0.050000 -0.695037
v -1.186204 0.050000 -0.695037
v -1.189424 0.050000 -0.551523
v -1.292000 0.050000 -0.551523
v -1.288780 0.050000 -0.695037
v -1.437354 0.050000 -0.695037
v -1.435054 0.050000 -0.736436
v -1.287860 0.050000 -0.736436
v -1.498532 0.050000 -0.921348
v -1.894116 0.050000 -0.921348
v -1.891816 0.050000 -0.962746
v -1.496232 0.050000 -0.962746
v -1.740482 0.050000 -0.783354
v -1.910215 0.050000 -0.783354
v -1.907915 0.050000 -0.824752
v -1.497612 0.050000 -0.824752
v -1.499911 0.050000 -0.783354
v -1.637446 0.050000 -0.783354
v -1.690804 0.050000 -0.551523
v -1.793840 0.050000 -0.551523
v -2.019691 0.050000 -0.819922
v -2.063849 0.050000 -0.819922
v -2.055569 0.050000 -0.965506
v -2.011411 0.050000 -0.965506
v -1.968173 0.050000 -0.819922
v -2.012331 0.050000 -0.819922
v -2.004051 0.050000 -0.965506
v -1.959893 0.050000 -0.965506
v -0.935974 -0.050000 -0.819922
v -0.980132 -0.050000 -0.819922
v -0.971853 -0.050000 -0.965506
v -0.927694 -0.050000 -0.965506
v -0.884456 -0.050000 -0.819922
v -0.928614 -0.050000 -0.819922
v -0.920335 -0.050000 -0.965506
v -0.876176 -0.050000 -0.965506
v -1.285100 -0.050000 -0.871670
v -1.429994 -0.050000 -0.871670
v -1.427694 -0.050000 -0.913068
v -1.284180 -0.050000 -0.913068
v -1.282800 -0.050000 -0.965506
v -1.179764 -0.050000 -0.965506
v -1.181144 -0.050000 -0.913068
v -1.028430 -0.050000 -0.913068
v -1.030730 -0.050000 -0.871670
v -1.182064 -0.050000 -0.871670
v -1.185284 -0.050000 -0.736436
v -1.035790 -0.050000 -0.736436
v -1.038090 -0.050000 -0.695037
v -1.186204 -0.050000 -0.695037
v -1.189424 -0.050000 -0.551523
v -1.292000 -0.050000 -0.551523
v -1.288780 -0.050000 -0.695037
v -1.437354 -0.050000 -0.695037
v -1.435054 -0.050000 -0.736436
v -1.287860 -0.050000 -0.736436
v -1.498532 -0.050000 -0.921348
v -1.894116 -0.050000 -0.921348
v -1.891816 -0.050000 -0.962746
v -1.496232 -0.050000 -0.962746
v -1.740482 -0.050000 -0.783354
v -1.910215 -0.050000 -0.783354
v -1.907915 -0.050000 -0.824752
v -1.497612 -0.050000 -0.824752
v -1.499911 -0.050000 -0.783354
v -1.637446 -0.050000 -0.783354
v -1.690804 -0.050000 -0.551523
v -1.793840 -0.050000 -0.551523
v -2.019691 -0.050000 -0.819922
v -2.063849 -0.050000 -0.819922
v -2.055569 -0.050000 -0.965506
v -2.011411 -0.050000 -0.965506
v -1.968173 -0.050000 -0.819922
v -2.012331 -0.050000 -0.819922
v -2.004051 -0.050000 -0.965506
v -1.959893 -0.050000 -0.965506
v -2.019691 -0.050000 -0.819922
v -2.019691 0.050000 -0.819922
v -2.063849 -0.050000 -0.819922
v -2.063849 0.050000 -0.819922
v -2.055569 -0.050000 -0.965506
v -2.055569 0.050000 -0.965506
v -2.011411 -0.050000 -0.965506
v -2.011411 0.050000 -0.965506
v -1.968173 -0.050000 -0.819922
v -1.968173 0.050000 -0.819922
v -2.012331 -0.050000 -0.819922
v -2.012331 0.050000 -0.819922
v -2.004051 -0.050000 -0.965506
v -2.004051 0.050000 -0.965506
v -1.959893 -0.050000 -0.965506
v -1.959893 0.050000 -0.965506
v -1.498532 -0.050000 -0.921348
v -1.498532 0.050000 -0.921348
v -1.894116 -0.050000 -0.921348
v -1.894116 0.050000 -0.921348
v -1.891816 -0.050000 -0.962746
v -1.891816 0.050000 -0.962746
v -1.496232 -0.050000 -0.962746
v -1.496232 0.050000 -0.962746
v -1.740482 -0.050000 -0.783354
v -1.740482 0.050000 -0.783354
v -1.910215 -0.050000 -0.783354
v -1.910215 0.050000 -0.783354
v -1.907915 -0.050000 -0.824752
v -1.907915 0.050000 -0.824752
v -1.497612 -0.050000 -0.824752
v -1.497612 0.050000 -0.824752
v -1.499911 -0.050000 -0.783354
v -1.499911 0.050000 -0.783354
v -1.637446 -0.050000 -0.783354
v -1.637446 0.050000 -0.783354
v -1.690804 -0.050000 -0.551523
v -1.690804 0.050000 -0.551523
v -1.793840 -0.050000 -0.551523
v -1.793840 0.050000 -0.551523
v -1.285100 -0.050000 -0.871670
v -1.285100 0.050000 -0.871670
v -1.429994 -0.050000 -0.871670
v -1.429994 0.050000 -0.871670
v -1.427694 -0.050000 -0.913068
v -1.427694 0.050000 -0.913068
v -1.284180 -0.050000 -0.913068
v -1.284180 0.050000 -0.913068
v -1.282800 -0.050000 -0.965506
v -1.282800 0.050000 -0.965506
v -1.179764 -0.050000 -0.965506
v -1.179764 0.050000 -0.965506
v -1.181144 -0.050000 -0.913068
v -1.181144 0.050000 -0.913068
v -1.028430 -0.050000 -0.913068
v -1.028430 0.050000 -0.913068
v -1.030730 -0.050000 -0.871670
v -1.030730 0.050000 -0.871670
v -1.182064 -0.050000 -0.871670
v -1.182064 0.050000 -0.871670
v -1.185284 -0.050000 -0.736436
v -1.185284 0.050000 -0.736436
v -1.035790 -0.050000 -0.736436
v -1.035790 0.050000 -0.736436
v -1.038090 -0.050000 -0.695037
v -1.038090 0.050000 -0.695037
v -1.186204 -0.050000 -0.695037
v -1.186204 0.050000 -0.695037
v -1.189424 -0.050000 -0.551523
v -1.189424 0.050000 -0.551523
v -1.292000 -0.050000 -0.551523
v -1.292000 0.050000 -0.551523
v -1.288780 -0.050000 -0.695037
v -1.288780 0.050000 -0.695037
v -1.437354 -0.050000 -0.695037
v -1.437354 0.050000 -0.695037
v -1.435054 -0.050000 -0.736436
v -1.435054 0.050000 -0.736436
v -1.287860 -0.050000 -0.736436
v -1.287860 0.050000 -0.736436
v -0.935974 -0.050000 -0.819922
v -0.935974 0.050000 -0.819922
v -0.980132 -0.050000 -0.819922
v -0.980132 0.050000 -0.819922
v -0.971853 -0.050000 -0.965506
v -0.971853 0.050000 -0.965506
v -0.927694 -0.050000 -0.965506
v -0.927694 0.050000 -0.965506
v -0.884456 -0.050000 -0.819922
v -0.884456 0.050000 -0.819922
v -0.928614 -0.050000 -0.819922
v -0.928614 0.050000 -0.819922
v -0.920335 -0.050000 -0.965506
v -0.920335 0.050000 -0.965506
v -0.876176 -0.050000 -0.965506
v -0.876176 0.050000 -0.965506
vn -0.0000 1.0000 -0.0000
vn -0.0000 -1.0000 -0.0000
vn -0.8528 -0.0000 0.5222
vn 0.8092 -0.0000 0.5875
vn -0.8092 -0.0000 -0.5875
vn -0.8529 -0.0000 0.5221
vn 0.8528 -0.0000 -0.5222
vn 0.8529 -0.0000 -0.5221
vn -0.8524 -0.0000 0.5229
vn 0.8098 -0.0000 0.5868
vn -0.8098 -0.0000 -0.5868
vn 0.8524 -0.0000 -0.5229
vn -0.8524 -0.0000 0.5230
vn -0.9032 -0.0000 0.4292
vn 0.8524 -0.0000 -0.5230
vn -0.8098 -0.0000 -0.5867
vn 0.8098 -0.0000 0.5867
vn 0.7303 -0.0000 0.6831
vn 0.7302 -0.0001 0.6832
vn 0.7303 -0.0000 0.6832
vn -0.9032 -0.0000 0.4291
vn -0.8398 -0.0000 0.5429
vn -0.8397 -0.0000 0.5430
vn -0.8098 -0.0001 -0.5868
vn -0.8217 -0.0000 -0.5700
vn -0.8217 -0.0000 -0.5699
vn 0.8419 -0.0000 -0.5397
vn 0.8419 -0.0000 -0.5396
vn 0.8419 0.0001 -0.5396
vn 0.8227 -0.0000 0.5685
vn 0.8410 -0.0000 -0.5410
vn 0.8227 -0.0000 0.5684
vn 0.8233 -0.0000 0.5676
vn -0.8405 -0.0000 0.5419
vn -0.8405 -0.0000 0.5418
vn -0.8241 -0.0001 -0.5664
vn -0.8240 -0.0000 -0.5665
vn 0.8529 0.0001 -0.5221
vn -0.8529 0.0001 0.5221
vt 0.285714 0.000000
vt 0.142857 0.000000
vt 0.000000 0.000000
vt 0.571429 0.000000
vt 1.000000 0.000000
vt 0.857143 0.000000
vt 0.714286 0.000000
vt 0.428571 0.000000
vt 0.947368 0.000000
vt 0.894737 0.000000
vt 0.842105 0.000000
vt 0.105263 0.000000
vt 0.052632 0.000000
vt 0.157895 0.000000
vt 0.526316 0.000000
vt 0.684211 0.000000
vt 0.631579 0.000000
vt 0.578947 0.000000
vt 0.315789 0.000000
vt 0.473684 0.000000
vt 0.421053 0.000000
vt 0.368421 0.000000
vt 0.789474 0.000000
vt 0.736842 0.000000
vt 0.210526 0.000000
vt 0.263158 0.000000
vt 0.545455 0.000000
vt 0.454545 0.000000
vt 0.363636 0.000000
vt 0.818182 0.000000
vt 0.636364 0.000000
vt 0.727273 0.000000
vt 0.272727 0.000000
vt 0.181818 0.000000
vt 0.909091 0.000000
vt 0.090909 0.000000
vt 0.250000 1.000000
vt 0.000000 1.000000
vt 0.500000 1.000000
vt 0.250000 0.000000
vt 0.750000 1.000000
vt 0.500000 0.000000
vt 1.000000 1.000000
vt 0.750000 0.000000
vt 0.125000 1.000000
vt 0.125000 0.000000
vt 0.375000 1.000000
vt 0.375000 0.000000
vt 0.625000 1.000000
vt 0.625000 0.000000
vt 0.875000 1.000000
vt 0.875000 0.000000
vt 0.050000 1.000000
vt 0.100000 1.000000
vt 0.050000 0.000000
vt 0.150000 1.000000
vt 0.100000 0.000000
vt 0.200000 1.000000
vt 0.150000 0.000000
vt 0.200000 0.000000
vt 0.300000 1.000000
vt 0.350000 1.000000
vt 0.300000 0.000000
vt 0.400000 1.000000
vt 0.350000 0.000000
vt 0.450000 1.000000
vt 0.400000 0.000000
vt 0.450000 0.000000
vt 0.550000 1.000000
vt 0.600000 1.000000
vt 0.550000 0.000000
vt 0.650000 1.000000
vt 0.600000 0.000000
vt 0.700000 1.000000
vt 0.650000 0.000000
vt 0.700000 0.000000
vt 0.800000 1.000000
vt 0.850000 1.000000
vt 0.800000 0.000000
vt 0.900000 1.000000
vt 0.850000 0.000000
vt 0.950000 1.000000
vt 0.900000 0.000000
vt 0.950000 0.000000
s 1
usemtl Material.031
f 1756/425/699 1755/426/699 1754/427/699
f 1758/428/699 1761/429/699 1760/430/699
f 1758/428/699 1760/430/699 1759/431/699
f 1756/425/699 1754/427/699 1757/432/699
f 1780/433/699 1779/434/699 1778/435/699
f 1778/435/699 1781/429/699 1780/433/699
f 1764/436/699 1763/437/699 1762/427/699
f 1762/427/699 1765/438/699 1764/436/699
f 1772/439/699 1775/440/699 1774/441/699
f 1774/441/699 1773/442/699 1772/439/699
f 1768/443/699 1771/444/699 1770/445/699
f 1770/445/699 1769/446/699 1768/443/699
f 1778/435/699 1777/447/699 1776/448/699
f 1776/448/699 1775/440/699 1778/435/699
f 1781/429/699 1778/435/699 1775/440/699
f 1775/440/699 1772/439/699 1781/429/699
f 1762/427/699 1781/429/699 1772/439/699
f 1772/439/699 1771/444/699 1762/427/699
f 1765/438/699 1762/427/699 1771/444/699
f 1771/444/699 1768/443/699 1765/438/699
f 1766/449/699 1765/438/699 1768/443/699
f 1768/443/699 1767/450/699 1766/449/699
f 1788/451/699 1787/452/699 1786/453/699
f 1791/454/699 1789/455/699 1786/453/699
f 1791/454/699 1790/456/699 1789/455/699
f 1782/427/699 1785/457/699 1784/458/699
f 1786/453/699 1793/429/699 1792/459/699
f 1792/459/699 1791/454/699 1786/453/699
f 1784/458/699 1783/460/699 1782/427/699
f 1788/451/699 1786/453/699 1789/455/699
f 1796/425/699 1795/426/699 1794/427/699
f 1798/428/699 1801/429/699 1800/430/699
f 1798/428/699 1800/430/699 1799/431/699
f 1796/425/699 1794/427/699 1797/432/699
f 1804/425/700 1802/427/700 1803/426/700
f 1806/428/700 1808/430/700 1809/429/700
f 1806/428/700 1807/431/700 1808/430/700
f 1804/425/700 1805/432/700 1802/427/700
f 1828/433/700 1826/435/700 1827/434/700
f 1826/435/700 1828/433/700 1829/429/700
f 1812/436/700 1810/427/700 1811/437/700
f 1810/427/700 1812/436/700 1813/438/700
f 1820/439/700 1822/441/700 1823/440/700
f 1822/441/700 1820/439/700 1821/442/700
f 1816/443/700 1818/445/700 1819/444/700
f 1818/445/700 1816/443/700 1817/446/700
f 1826/435/700 1824/448/700 1825/447/700
f 1824/448/700 1826/435/700 1823/440/700
f 1829/429/700 1823/440/700 1826/435/700
f 1823/440/700 1829/429/700 1820/439/700
f 1810/427/700 1820/439/700 1829/429/700
f 1820/439/700 1810/427/700 1819/444/700
f 1813/438/700 1819/444/700 1810/427/700
f 1819/444/700 1813/438/700 1816/443/700
f 1814/449/700 1816/443/700 1813/438/700
f 1816/443/700 1814/449/700 1815/450/700
f 1836/451/700 1834/453/700 1835/452/700
f 1839/454/700 1834/453/700 1837/455/700
f 1839/454/700 1837/455/700 1838/456/700
f 1830/427/700 1832/458/700 1833/457/700
f 1834/453/700 1840/459/700 1841/429/700
f 1840/459/700 1834/453/700 1839/454/700
f 1832/458/700 1830/427/700 1831/460/700
f 1836/451/700 1837/455/700 1834/453/700
f 1844/425/700 1842/427/700 1843/426/700
f 1846/428/700 1848/430/700 1849/429/700
f 1846/428/700 1847/431/700 1848/430/700
f 1844/425/700 1845/432/700 1842/427/700
f 1853/461/701 1850/427/702 1851/462/702
f 1855/463/703 1852/464/704 1853/461/701
f 1857/465/705 1854/466/703 1855/463/703
f 1851/467/702 1856/468/706 1857/465/705
f 1861/461/701 1858/427/702 1859/462/702
f 1863/463/703 1860/464/704 1861/461/701
f 1865/465/705 1862/466/703 1863/463/703
f 1859/467/702 1864/468/706 1865/465/705
f 1869/461/707 1866/427/708 1867/462/708
f 1871/463/709 1868/464/707 1869/461/707
f 1873/465/710 1870/466/709 1871/463/709
f 1867/467/708 1872/468/710 1873/465/710
f 1877/469/711 1874/427/712 1875/462/712
f 1879/461/709 1876/470/707 1877/469/711
f 1881/471/713 1878/464/714 1879/461/709
f 1883/463/715 1880/472/710 1881/471/713
f 1885/473/716 1882/466/708 1883/463/715
f 1887/465/717 1884/474/718 1885/473/716
f 1889/475/719 1886/468/716 1887/465/717
f 1875/467/712 1888/476/712 1889/475/719
f 1893/477/707 1890/427/720 1891/462/721
f 1895/478/722 1892/479/707 1893/477/707
f 1897/480/723 1894/481/714 1895/478/722
f 1899/482/724 1896/483/724 1897/480/723
f 1901/461/725 1898/484/723 1899/482/724
f 1903/485/726 1900/464/726 1901/461/725
f 1905/486/710 1902/487/727 1903/485/726
f 1907/488/708 1904/489/710 1905/486/710
f 1909/490/728 1906/491/715 1907/488/708
f 1911/463/729 1908/492/730 1909/490/728
f 1913/493/710 1910/466/729 1911/463/729
f 1915/494/715 1912/495/710 1913/493/710
f 1917/496/731 1914/497/715 1915/494/715
f 1919/498/731 1916/499/731 1917/496/731
f 1921/465/732 1918/500/731 1919/498/731
f 1923/501/732 1920/468/733 1921/465/732
f 1925/502/707 1922/503/733 1923/501/732
f 1927/504/714 1924/505/707 1925/502/707
f 1929/506/734 1926/507/709 1927/504/714
f 1891/467/721 1928/508/735 1929/506/734
f 1933/461/701 1930/427/702 1931/462/702
f 1935/463/703 1932/464/704 1933/461/701
f 1937/465/705 1934/466/703 1935/463/703
f 1931/467/702 1936/468/736 1937/465/705
f 1941/461/701 1938/427/702 1939/462/702
f 1943/463/703 1940/464/737 1941/461/701
f 1945/465/705 1942/466/703 1943/463/703
f 1939/467/702 1944/468/736 1945/465/705
f 1853/461/701 1852/464/704 1850/427/702
f 1855/463/703 1854/466/703 1852/464/704
f 1857/465/705 1856/468/706 1854/466/703
f 1851/467/702 1850/429/702 1856/468/706
f 1861/461/701 1860/464/704 1858/427/702
f 1863/463/703 1862/466/703 1860/464/704
f 1865/465/705 1864/468/706 1862/466/703
f 1859/467/702 1858/429/702 1864/468/706
f 1869/461/707 1868/464/707 1866/427/708
f 1871/463/709 1870/466/709 1868/464/707
f 1873/465/710 1872/468/710 1870/466/709
f 1867/467/708 1866/429/708 1872/468/710
f 1877/469/711 1876/470/707 1874/427/712
f 1879/461/709 1878/464/714 1876/470/707
f 1881/471/713 1880/472/710 1878/464/714
f 1883/463/715 1882/466/708 1880/472/710
f 1885/473/716 1884/474/718 1882/466/708
f 1887/465/717 1886/468/716 1884/474/718
f 1889/475/719 1888/476/712 1886/468/716
f 1875/467/712 1874/429/712 1888/476/712
f 1893/477/707 1892/479/707 1890/427/720
f 1895/478/722 1894/481/714 1892/479/707
f 1897/480/723 1896/483/724 1894/481/714
f 1899/482/724 1898/484/723 1896/483/724
f 1901/461/725 1900/464/726 1898/484/723
f 1903/485/726 1902/487/727 1900/464/726
f 1905/486/710 1904/489/710 1902/487/727
f 1907/488/708 1906/491/715 1904/489/710
f 1909/490/728 1908/492/730 1906/491/715
f 1911/463/729 1910/466/729 1908/492/730
f 1913/493/710 1912/495/710 1910/466/729
f 1915/494/715 1914/497/715 1912/495/710
f 1917/496/731 1916/499/731 1914/497/715
f 1919/498/731 1918/500/731 1916/499/731
f 1921/465/732 1920/468/733 1918/500/731
f 1923/501/732 1922/503/733 1920/468/733
f 1925/502/707 1924/505/707 1922/503/733
f 1927/504/714 1926/507/709 1924/505/707
f 1929/506/734 1928/508/735 1926/507/709
f 1891/467/721 1890/429/720 1928/508/735
f 1933/461/701 1932/464/704 1930/427/702
f 1935/463/703 1934/466/703 1932/464/704
f 1937/465/705 1936/468/736 1934/466/703
f 1931/467/702 1930/429/702 1936/468/736
f 1941/461/701 1940/464/737 1938/427/702
f 1943/463/703 1942/466/703 1940/464/737
f 1945/465/705 1944/468/736 1942/466/703
f 1939/467/702 1938/429/702 1944/468/736
o Text.004
v -2.346117 0.050000 0.237354
v -2.621784 0.050000 0.237354
v -2.590689 0.050000 -0.277826
v -2.102741 0.050000 -0.277826
v -2.133237 0.050000 0.237354
v -2.250441 0.050000 0.237354
v -2.224130 0.050000 -0.223548
v -2.292299 0.050000 -0.223548
v -2.456144 0.050000 0.183076
v -2.408904 0.050000 -0.223548
v -2.477074 0.050000 -0.223548
v -2.501590 0.050000 0.183076
v -3.061894 0.050000 -0.001837
v -3.245473 0.050000 -0.001837
v -3.242483 0.050000 -0.057034
v -3.223348 0.050000 -0.057034
v -3.210790 0.050000 -0.270466
v -3.191655 0.050000 -0.270466
v -3.105546 0.050000 -0.270466
v -3.023624 0.050000 -0.270466
v -3.021232 0.050000 -0.314624
v -2.896853 0.050000 -0.314624
v -2.899245 0.050000 -0.270466
v -2.817920 0.050000 -0.270466
v -2.731811 0.050000 -0.270466
v -2.712676 0.050000 -0.270466
v -2.725234 0.050000 -0.057034
v -2.706098 0.050000 -0.057034
v -2.709088 0.050000 -0.001837
v -2.892069 0.050000 -0.001837
v -2.721646 0.050000 0.237354
v -2.855592 0.050000 0.237354
v -2.980569 0.050000 0.061641
v -3.125878 0.050000 0.237354
v -3.259824 0.050000 0.237354
v -3.118104 0.050000 -0.057034
v -3.036181 0.050000 -0.057034
v -3.026614 0.050000 -0.215268
v -3.108536 0.050000 -0.215268
v -2.911802 0.050000 -0.057034
v -2.830477 0.050000 -0.057034
v -2.820910 0.050000 -0.215268
v -2.902235 0.050000 -0.215268
v -3.793219 0.050000 0.071760
v -3.857202 0.050000 0.071760
v -3.839263 0.050000 -0.249307
v -3.775877 0.050000 -0.249307
v -3.724452 0.050000 -0.249307
v -3.637147 0.050000 -0.249307
v -3.633559 0.050000 -0.314624
v -3.509180 0.050000 -0.314624
v -3.512768 0.050000 -0.249307
v -3.426660 0.050000 -0.249307
v -3.321416 0.050000 -0.249307
v -3.311848 0.050000 -0.249307
v -3.329787 0.050000 0.071760
v -3.338757 0.050000 0.071760
v -3.444599 0.050000 0.071760
v -3.531305 0.050000 0.071760
v -3.540873 0.050000 0.237354
v -3.665252 0.050000 0.237354
v -3.655684 0.050000 0.071760
v -3.742391 0.050000 0.071760
v -3.441609 0.050000 0.016563
v -3.429649 0.050000 -0.194109
v -3.516356 0.050000 -0.194109
v -3.528316 0.050000 0.016563
v -3.640735 0.050000 -0.194109
v -3.727442 0.050000 -0.194109
v -3.739401 0.050000 0.016563
v -3.652694 0.050000 0.016563
v -4.452786 0.050000 0.237354
v -4.464746 0.050000 0.237354
v -4.439631 0.050000 -0.198709
v -4.423486 0.050000 -0.198709
v -4.337377 0.050000 -0.198709
v -4.321830 0.050000 -0.248387
v -4.456374 0.050000 -0.248387
v -4.453384 0.050000 -0.303585
v -3.915804 0.050000 -0.303585
v -3.919392 0.050000 -0.248387
v -4.211802 0.050000 -0.248387
v -4.227349 0.050000 -0.198709
v -4.046163 0.050000 -0.198709
v -3.953476 0.050000 -0.198709
v -3.940919 0.050000 -0.198709
v -3.966034 0.050000 0.237354
v -3.982777 0.050000 0.237354
v -4.071278 0.050000 0.237354
v -4.359502 0.050000 0.237354
v -4.337377 0.050000 -0.143511
v -4.356513 0.050000 0.182156
v -4.324222 0.050000 0.182156
v -4.306283 0.050000 -0.143511
v -4.228546 0.050000 0.182156
v -4.195059 0.050000 0.182156
v -4.190275 0.050000 0.092000
v -4.223762 0.050000 0.092000
v -4.099382 0.050000 0.182156
v -4.068288 0.050000 0.182156
v -4.049152 0.050000 -0.143511
v -4.081443 0.050000 -0.143511
v -4.177120 0.050000 -0.143511
v -4.210606 0.050000 -0.143511
v -4.213596 0.050000 -0.084633
v -4.180110 0.050000 -0.084633
v -4.216586 0.050000 -0.029435
v -4.220772 0.050000 0.036802
v -4.187285 0.050000 0.036802
v -4.183099 0.050000 -0.029435
v -4.958674 0.050000 0.152717
v -4.967046 0.050000 0.152717
v -4.947911 0.050000 -0.195949
v -4.938941 0.050000 -0.195949
v -4.876153 0.050000 -0.195949
v -4.855225 0.050000 -0.195949
v -4.852234 0.050000 -0.248387
v -5.068702 0.050000 -0.248387
v -5.065712 0.050000 -0.303585
v -4.528729 0.050000 -0.303585
v -4.531719 0.050000 -0.248387
v -4.756558 0.050000 -0.248387
v -4.759548 0.050000 -0.195949
v -4.735031 0.050000 -0.195949
v -4.671048 0.050000 -0.195949
v -4.663274 0.050000 -0.195949
v -4.682409 0.050000 0.152717
v -4.690781 0.050000 0.152717
v -4.754167 0.050000 0.152717
v -4.779880 0.050000 0.152717
v -4.875556 0.050000 0.152717
v -4.895289 0.050000 0.152717
v -5.080661 0.050000 0.237354
v -5.092621 0.050000 0.237354
v -5.067506 0.050000 -0.198709
v -4.967046 0.050000 -0.198709
v -4.989171 0.050000 0.182156
v -4.661480 0.050000 0.182156
v -4.639355 0.050000 -0.198709
v -4.538895 0.050000 -0.198709
v -4.564010 0.050000 0.237354
v -4.574774 0.050000 0.237354
v -4.664470 0.050000 0.237354
v -4.992161 0.050000 0.237354
v -4.879144 0.050000 -0.140751
v -4.883927 0.050000 -0.058874
v -4.862998 0.050000 -0.058874
v -4.858214 0.050000 -0.140751
v -4.886917 0.050000 -0.003677
v -4.892299 0.050000 0.097519
v -4.872566 0.050000 0.097519
v -4.866586 0.050000 -0.003677
v -4.751176 0.050000 0.097519
v -4.745795 0.050000 -0.003677
v -4.770910 0.050000 -0.003677
v -4.776889 0.050000 0.097519
v -4.742805 0.050000 -0.058874
v -4.738021 0.050000 -0.140751
v -4.762538 0.050000 -0.140751
v -4.767322 0.050000 -0.058874
v -2.346117 -0.050000 0.237354
v -2.621784 -0.050000 0.237354
v -2.590689 -0.050000 -0.277826
v -2.102741 -0.050000 -0.277826
v -2.133237 -0.050000 0.237354
v -2.250441 -0.050000 0.237354
v -2.224130 -0.050000 -0.223548
v -2.292299 -0.050000 -0.223548
v -2.456144 -0.050000 0.183076
v -2.408904 -0.050000 -0.223548
v -2.477074 -0.050000 -0.223548
v -2.501590 -0.050000 0.183076
v -3.061894 -0.050000 -0.001837
v -3.245473 -0.050000 -0.001837
v -3.242483 -0.050000 -0.057034
v -3.223348 -0.050000 -0.057034
v -3.210790 -0.050000 -0.270466
v -3.191655 -0.050000 -0.270466
v -3.105546 -0.050000 -0.270466
v -3.023624 -0.050000 -0.270466
v -3.021232 -0.050000 -0.314624
v -2.896853 -0.050000 -0.314624
v -2.899245 -0.050000 -0.270466
v -2.817920 -0.050000 -0.270466
v -2.731811 -0.050000 -0.270466
v -2.712676 -0.050000 -0.270466
v -2.725234 -0.050000 -0.057034
v -2.706098 -0.050000 -0.057034
v -2.709088 -0.050000 -0.001837
v -2.892069 -0.050000 -0.001837
v -2.721646 -0.050000 0.237354
v -2.855592 -0.050000 0.237354
v -2.980569 -0.050000 0.061641
v -3.125878 -0.050000 0.237354
v -3.259824 -0.050000 0.237354
v -3.118104 -0.050000 -0.057034
v -3.036181 -0.050000 -0.057034
v -3.026614 -0.050000 -0.215268
v -3.108536 -0.050000 -0.215268
v -2.911802 -0.050000 -0.057034
v -2.830477 -0.050000 -0.057034
v -2.820910 -0.050000 -0.215268
v -2.902235 -0.050000 -0.215268
v -3.793219 -0.050000 0.071760
v -3.857202 -0.050000 0.071760
v -3.839263 -0.050000 -0.249307
v -3.775877 -0.050000 -0.249307
v -3.724452 -0.050000 -0.249307
v -3.637147 -0.050000 -0.249307
v -3.633559 -0.050000 -0.314624
v -3.509180 -0.050000 -0.314624
v -3.512768 -0.050000 -0.249307
v -3.426660 -0.050000 -0.249307
v -3.321416 -0.050000 -0.249307
v -3.311848 -0.050000 -0.249307
v -3.329787 -0.050000 0.071760
v -3.338757 -0.050000 0.071760
v -3.444599 -0.050000 0.071760
v -3.531305 -0.050000 0.071760
v -3.540873 -0.050000 0.237354
v -3.665252 -0.050000 0.237354
v -3.655684 -0.050000 0.071760
v -3.742391 -0.050000 0.071760
v -3.441609 -0.050000 0.016563
v -3.429649 -0.050000 -0.194109
v -3.516356 -0.050000 -0.194109
v -3.528316 -0.050000 0.016563
v -3.640735 -0.050000 -0.194109
v -3.727442 -0.050000 -0.194109
v -3.739401 -0.050000 0.016563
v -3.652694 -0.050000 0.016563
v -4.452786 -0.050000 0.237354
v -4.464746 -0.050000 0.237354
v -4.439631 -0.050000 -0.198709
v -4.423486 -0.050000 -0.198709
v -4.337377 -0.050000 -0.198709
v -4.321830 -0.050000 -0.248387
v -4.456374 -0.050000 -0.248387
v -4.453384 -0.050000 -0.303585
v -3.915804 -0.050000 -0.303585
v -3.919392 -0.050000 -0.248387
v -4.211802 -0.050000 -0.248387
v -4.227349 -0.050000 -0.198709
v -4.046163 -0.050000 -0.198709
v -3.953476 -0.050000 -0.198709
v -3.940919 -0.050000 -0.198709
v -3.966034 -0.050000 0.237354
v -3.982777 -0.050000 0.237354
v -4.071278 -0.050000 0.237354
v -4.359502 -0.050000 0.237354
v -4.337377 -0.050000 -0.143511
v -4.356513 -0.050000 0.182156
v -4.324222 -0.050000 0.182156
v -4.306283 -0.050000 -0.143511
v -4.228546 -0.050000 0.182156
v -4.195059 -0.050000 0.182156
v -4.190275 -0.050000 0.092000
v -4.223762 -0.050000 0.092000
v -4.099382 -0.050000 0.182156
v -4.068288 -0.050000 0.182156
v -4.049152 -0.050000 -0.143511
v -4.081443 -0.050000 -0.143511
v -4.177120 -0.050000 -0.143511
v -4.210606 -0.050000 -0.143511
v -4.213596 -0.050000 -0.084633
v -4.180110 -0.050000 -0.084633
v -4.216586 -0.050000 -0.029435
v -4.220772 -0.050000 0.036802
v -4.187285 -0.050000 0.036802
v -4.183099 -0.050000 -0.029435
v -4.958674 -0.050000 0.152717
v -4.967046 -0.050000 0.152717
v -4.947911 -0.050000 -0.195949
v -4.938941 -0.050000 -0.195949
v -4.876153 -0.050000 -0.195949
v -4.855225 -0.050000 -0.195949
v -4.852234 -0.050000 -0.248387
v -5.068702 -0.050000 -0.248387
v -5.065712 -0.050000 -0.303585
v -4.528729 -0.050000 -0.303585
v -4.531719 -0.050000 -0.248387
v -4.756558 -0.050000 -0.248387
v -4.759548 -0.050000 -0.195949
v -4.735031 -0.050000 -0.195949
v -4.671048 -0.050000 -0.195949
v -4.663274 -0.050000 -0.195949
v -4.682409 -0.050000 0.152717
v -4.690781 -0.050000 0.152717
v -4.754167 -0.050000 0.152717
v -4.779880 -0.050000 0.152717
v -4.875556 -0.050000 0.152717
v -4.895289 -0.050000 0.152717
v -5.080661 -0.050000 0.237354
v -5.092621 -0.050000 0.237354
v -5.067506 -0.050000 -0.198709
v -4.967046 -0.050000 -0.198709
v -4.989171 -0.050000 0.182156
v -4.661480 -0.050000 0.182156
v -4.639355 -0.050000 -0.198709
v -4.538895 -0.050000 -0.198709
v -4.564010 -0.050000 0.237354
v -4.574774 -0.050000 0.237354
v -4.664470 -0.050000 0.237354
v -4.992161 -0.050000 0.237354
v -4.879144 -0.050000 -0.140751
v -4.883927 -0.050000 -0.058874
v -4.862998 -0.050000 -0.058874
v -4.858214 -0.050000 -0.140751
v -4.886917 -0.050000 -0.003677
v -4.892299 -0.050000 0.097519
v -4.872566 -0.050000 0.097519
v -4.866586 -0.050000 -0.003677
v -4.751176 -0.050000 0.097519
v -4.745795 -0.050000 -0.003677
v -4.770910 -0.050000 -0.003677
v -4.776889 -0.050000 0.097519
v -4.742805 -0.050000 -0.058874
v -4.738021 -0.050000 -0.140751
v -4.762538 -0.050000 -0.140751
v -4.767322 -0.050000 -0.058874
v -4.958674 -0.050000 0.152717
v -4.958674 0.050000 0.152717
v -4.967046 -0.050000 0.152717
v -4.967046 0.050000 0.152717
v -4.947911 -0.050000 -0.195949
v -4.947911 0.050000 -0.195949
v -4.938941 -0.050000 -0.195949
v -4.938941 0.050000 -0.195949
v -4.876153 -0.050000 -0.195949
v -4.876153 0.050000 -0.195949
v -4.855225 -0.050000 -0.195949
v -4.855225 0.050000 -0.195949
v -4.852234 -0.050000 -0.248387
v -4.852234 0.050000 -0.248387
v -5.068702 -0.050000 -0.248387
v -5.068702 0.050000 -0.248387
v -5.065712 -0.050000 -0.303585
v -5.065712 0.050000 -0.303585
v -4.528729 -0.050000 -0.303585
v -4.528729 0.050000 -0.303585
v -4.531719 -0.050000 -0.248387
v -4.531719 0.050000 -0.248387
v -4.756558 -0.050000 -0.248387
v -4.756558 0.050000 -0.248387
v -4.759548 -0.050000 -0.195949
v -4.759548 0.050000 -0.195949
v -4.735031 -0.050000 -0.195949
v -4.735031 0.050000 -0.195949
v -4.671048 -0.050000 -0.195949
v -4.671048 0.050000 -0.195949
v -4.663274 -0.050000 -0.195949
v -4.663274 0.050000 -0.195949
v -4.682409 -0.050000 0.152717
v -4.682409 0.050000 0.152717
v -4.690781 -0.050000 0.152717
v -4.690781 0.050000 0.152717
v -4.754167 -0.050000 0.152717
v -4.754167 0.050000 0.152717
v -4.779880 -0.050000 0.152717
v -4.779880 0.050000 0.152717
v -4.875556 -0.050000 0.152717
v -4.875556 0.050000 0.152717
v -4.895289 -0.050000 0.152717
v -4.895289 0.050000 0.152717
v -5.080661 -0.050000 0.237354
v -5.080661 0.050000 0.237354
v -5.092621 -0.050000 0.237354
v -5.092621 0.050000 0.237354
v -5.067506 -0.050000 -0.198709
v -5.067506 0.050000 -0.198709
v -4.967046 -0.050000 -0.198709
v -4.967046 0.050000 -0.198709
v -4.989171 -0.050000 0.182156
v -4.989171 0.050000 0.182156
v -4.661480 -0.050000 0.182156
v -4.661480 0.050000 0.182156
v -4.639355 -0.050000 -0.198709
v -4.639355 0.050000 -0.198709
v -4.538895 -0.050000 -0.198709
v -4.538895 0.050000 -0.198709
v -4.564010 -0.050000 0.237354
v -4.564010 0.050000 0.237354
v -4.574774 -0.050000 0.237354
v -4.574774 0.050000 0.237354
v -4.664470 -0.050000 0.237354
v -4.664470 0.050000 0.237354
v -4.992161 -0.050000 0.237354
v -4.992161 0.050000 0.237354
v -4.879144 -0.050000 -0.140751
v -4.879144 0.050000 -0.140751
v -4.883927 -0.050000 -0.058874
v -4.883927 0.050000 -0.058874
v -4.862998 -0.050000 -0.058874
v -4.862998 0.050000 -0.058874
v -4.858214 -0.050000 -0.140751
v -4.858214 0.050000 -0.140751
v -4.886917 -0.050000 -0.003677
v -4.886917 0.050000 -0.003677
v -4.892299 -0.050000 0.097519
v -4.892299 0.050000 0.097519
v -4.872566 -0.050000 0.097519
v -4.872566 0.050000 0.097519
v -4.866586 -0.050000 -0.003677
v -4.866586 0.050000 -0.003677
v -4.751176 -0.050000 0.097519
v -4.751176 0.050000 0.097519
v -4.745795 -0.050000 -0.003677
v -4.745795 0.050000 -0.003677
v -4.770910 -0.050000 -0.003677
v -4.770910 0.050000 -0.003677
v -4.776889 -0.050000 0.097519
v -4.776889 0.050000 0.097519
v -4.742805 -0.050000 -0.058874
v -4.742805 0.050000 -0.058874
v -4.738021 -0.050000 -0.140751
v -4.738021 0.050000 -0.140751
v -4.762538 -0.050000 -0.140751
v -4.762538 0.050000 -0.140751
v -4.767322 -0.050000 -0.058874
v -4.767322 0.050000 -0.058874
v -4.452786 -0.050000 0.237354
v -4.452786 0.050000 0.237354
v -4.464746 -0.050000 0.237354
v -4.464746 0.050000 0.237354
v -4.439631 -0.050000 -0.198709
v -4.439631 0.050000 -0.198709
v -4.423486 -0.050000 -0.198709
v -4.423486 0.050000 -0.198709
v -4.337377 -0.050000 -0.198709
v -4.337377 0.050000 -0.198709
v -4.321830 -0.050000 -0.248387
v -4.321830 0.050000 -0.248387
v -4.456374 -0.050000 -0.248387
v -4.456374 0.050000 -0.248387
v -4.453384 -0.050000 -0.303585
v -4.453384 0.050000 -0.303585
v -3.915804 -0.050000 -0.303585
v -3.915804 0.050000 -0.303585
v -3.919392 -0.050000 -0.248387
v -3.919392 0.050000 -0.248387
v -4.211802 -0.050000 -0.248387
v -4.211802 0.050000 -0.248387
v -4.227349 -0.050000 -0.198709
v -4.227349 0.050000 -0.198709
v -4.046163 -0.050000 -0.198709
v -4.046163 0.050000 -0.198709
v -3.953476 -0.050000 -0.198709
v -3.953476 0.050000 -0.198709
v -3.940919 -0.050000 -0.198709
v -3.940919 0.050000 -0.198709
v -3.966034 -0.050000 0.237354
v -3.966034 0.050000 0.237354
v -3.982777 -0.050000 0.237354
v -3.982777 0.050000 0.237354
v -4.071278 -0.050000 0.237354
v -4.071278 0.050000 0.237354
v -4.359502 -0.050000 0.237354
v -4.359502 0.050000 0.237354
v -4.337377 -0.050000 -0.143511
v -4.337377 0.050000 -0.143511
v -4.356513 -0.050000 0.182156
v -4.356513 0.050000 0.182156
v -4.324222 -0.050000 0.182156
v -4.324222 0.050000 0.182156
v -4.306283 -0.050000 -0.143511
v -4.306283 0.050000 -0.143511
v -4.228546 -0.050000 0.182156
v -4.228546 0.050000 0.182156
v -4.195059 -0.050000 0.182156
v -4.195059 0.050000 0.182156
v -4.190275 -0.050000 0.092000
v -4.190275 0.050000 0.092000
v -4.223762 -0.050000 0.092000
v -4.223762 0.050000 0.092000
v -4.099382 -0.050000 0.182156
v -4.099382 0.050000 0.182156
v -4.068288 -0.050000 0.182156
v -4.068288 0.050000 0.182156
v -4.049152 -0.050000 -0.143511
v -4.049152 0.050000 -0.143511
v -4.081443 -0.050000 -0.143511
v -4.081443 0.050000 -0.143511
v -4.177120 -0.050000 -0.143511
v -4.177120 0.050000 -0.143511
v -4.210606 -0.050000 -0.143511
v -4.210606 0.050000 -0.143511
v -4.213596 -0.050000 -0.084633
v -4.213596 0.050000 -0.084633
v -4.180110 -0.050000 -0.084633
v -4.180110 0.050000 -0.084633
v -4.216586 -0.050000 -0.029435
v -4.216586 0.050000 -0.029435
v -4.220772 -0.050000 0.036802
v -4.220772 0.050000 0.036802
v -4.187285 -0.050000 0.036802
v -4.187285 0.050000 0.036802
v -4.183099 -0.050000 -0.029435
v -4.183099 0.050000 -0.029435
v -3.793219 -0.050000 0.071760
v -3.793219 0.050000 0.071760
v -3.857202 -0.050000 0.071760
v -3.857202 0.050000 0.071760
v -3.839263 -0.050000 -0.249307
v -3.839263 0.050000 -0.249307
v -3.775877 -0.050000 -0.249307
v -3.775877 0.050000 -0.249307
v -3.724452 -0.050000 -0.249307
v -3.724452 0.050000 -0.249307
v -3.637147 -0.050000 -0.249307
v -3.637147 0.050000 -0.249307
v -3.633559 -0.050000 -0.314624
v -3.633559 0.050000 -0.314624
v -3.509180 -0.050000 -0.314624
v -3.509180 0.050000 -0.314624
v -3.512768 -0.050000 -0.249307
v -3.512768 0.050000 -0.249307
v -3.426660 -0.050000 -0.249307
v -3.426660 0.050000 -0.249307
v -3.321416 -0.050000 -0.249307
v -3.321416 0.050000 -0.249307
v -3.311848 -0.050000 -0.249307
v -3.311848 0.050000 -0.249307
v -3.329787 -0.050000 0.071760
v -3.329787 0.050000 0.071760
v -3.338757 -0.050000 0.071760
v -3.338757 0.050000 0.071760
v -3.444599 -0.050000 0.071760
v -3.444599 0.050000 0.071760
v -3.531305 -0.050000 0.071760
v -3.531305 0.050000 0.071760
v -3.540873 -0.050000 0.237354
v -3.540873 0.050000 0.237354
v -3.665252 -0.050000 0.237354
v -3.665252 0.050000 0.237354
v -3.655684 -0.050000 0.071760
v -3.655684 0.050000 0.071760
v -3.742391 -0.050000 0.071760
v -3.742391 0.050000 0.071760
v -3.441609 -0.050000 0.016563
v -3.441609 0.050000 0.016563
v -3.429649 -0.050000 -0.194109
v -3.429649 0.050000 -0.194109
v -3.516356 -0.050000 -0.194109
v -3.516356 0.050000 -0.194109
v -3.528316 -0.050000 0.016563
v -3.528316 0.050000 0.016563
v -3.640735 -0.050000 -0.194109
v -3.640735 0.050000 -0.194109
v -3.727442 -0.050000 -0.194109
v -3.727442 0.050000 -0.194109
v -3.739401 -0.050000 0.016563
v -3.739401 0.050000 0.016563
v -3.652694 -0.050000 0.016563
v -3.652694 0.050000 0.016563
v -3.061894 -0.050000 -0.001837
v -3.061894 0.050000 -0.001837
v -3.245473 -0.050000 -0.001837
v -3.245473 0.050000 -0.001837
v -3.242483 -0.050000 -0.057034
v -3.242483 0.050000 -0.057034
v -3.223348 -0.050000 -0.057034
v -3.223348 0.050000 -0.057034
v -3.210790 -0.050000 -0.270466
v -3.210790 0.050000 -0.270466
v -3.191655 -0.050000 -0.270466
v -3.191655 0.050000 -0.270466
v -3.105546 -0.050000 -0.270466
v -3.105546 0.050000 -0.270466
v -3.023624 -0.050000 -0.270466
v -3.023624 0.050000 -0.270466
v -3.021232 -0.050000 -0.314624
v -3.021232 0.050000 -0.314624
v -2.896853 -0.050000 -0.314624
v -2.896853 0.050000 -0.314624
v -2.899245 -0.050000 -0.270466
v -2.899245 0.050000 -0.270466
v -2.817920 -0.050000 -0.270466
v -2.817920 0.050000 -0.270466
v -2.731811 -0.050000 -0.270466
v -2.731811 0.050000 -0.270466
v -2.712676 -0.050000 -0.270466
v -2.712676 0.050000 -0.270466
v -2.725234 -0.050000 -0.057034
v -2.725234 0.050000 -0.057034
v -2.706098 -0.050000 -0.057034
v -2.706098 0.050000 -0.057034
v -2.709088 -0.050000 -0.001837
v -2.709088 0.050000 -0.001837
v -2.892069 -0.050000 -0.001837
v -2.892069 0.050000 -0.001837
v -2.721646 -0.050000 0.237354
v -2.721646 0.050000 0.237354
v -2.855592 -0.050000 0.237354
v -2.855592 0.050000 0.237354
v -2.980569 -0.050000 0.061641
v -2.980569 0.050000 0.061641
v -3.125878 -0.050000 0.237354
v -3.125878 0.050000 0.237354
v -3.259824 -0.050000 0.237354
v -3.259824 0.050000 0.237354
v -3.118104 -0.050000 -0.057034
v -3.118104 0.050000 -0.057034
v -3.036181 -0.050000 -0.057034
v -3.036181 0.050000 -0.057034
v -3.026614 -0.050000 -0.215268
v -3.026614 0.050000 -0.215268
v -3.108536 -0.050000 -0.215268
v -3.108536 0.050000 -0.215268
v -2.911802 -0.050000 -0.057034
v -2.911802 0.050000 -0.057034
v -2.830477 -0.050000 -0.057034
v -2.830477 0.050000 -0.057034
v -2.820910 -0.050000 -0.215268
v -2.820910 0.050000 -0.215268
v -2.902235 -0.050000 -0.215268
v -2.902235 0.050000 -0.215268
v -2.346117 -0.050000 0.237354
v -2.346117 0.050000 0.237354
v -2.621784 -0.050000 0.237354
v -2.621784 0.050000 0.237354
v -2.590689 -0.050000 -0.277826
v -2.590689 0.050000 -0.277826
v -2.102741 -0.050000 -0.277826
v -2.102741 0.050000 -0.277826
v -2.133237 -0.050000 0.237354
v -2.133237 0.050000 0.237354
v -2.250441 -0.050000 0.237354
v -2.250441 0.050000 0.237354
v -2.224130 -0.050000 -0.223548
v -2.224130 0.050000 -0.223548
v -2.292299 -0.050000 -0.223548
v -2.292299 0.050000 -0.223548
v -2.456144 -0.050000 0.183076
v -2.456144 0.050000 0.183076
v -2.408904 -0.050000 -0.223548
v -2.408904 0.050000 -0.223548
v -2.477074 -0.050000 -0.223548
v -2.477074 0.050000 -0.223548
v -2.501590 -0.050000 0.183076
v -2.501590 0.050000 0.183076
vn -0.0000 1.0000 -0.0000
vn -0.0000 -1.0000 -0.0000
vn -0.8585 -0.0000 0.5129
vn -0.0000 -0.0000 1.0000
vn -0.8164 -0.0001 -0.5774
vn -0.8584 -0.0000 0.5129
vn -0.0000 -0.0000 -1.0000
vn -0.8164 -0.0000 -0.5774
vn -0.8156 -0.0001 -0.5786
vn -0.8592 -0.0000 0.5116
vn -0.8155 -0.0000 -0.5787
vn -0.8582 -0.0000 0.5133
vn -0.8167 -0.0000 -0.5770
vn -0.8582 -0.0000 0.5134
vn 0.8582 -0.0000 -0.5133
vn -0.8168 -0.0000 -0.5770
vn 0.8167 -0.0001 0.5770
vn 0.8582 -0.0000 -0.5134
vn 0.8156 -0.0001 0.5786
vn 0.8167 -0.0000 0.5770
vn 0.8592 -0.0000 -0.5116
vn 0.8155 -0.0000 0.5787
vn 0.8592 -0.0000 -0.5117
vn 0.8585 -0.0000 -0.5129
vn 0.8164 -0.0001 0.5774
vn 0.8584 -0.0000 -0.5129
vn 0.8165 -0.0000 0.5774
vn -0.8594 -0.0000 0.5113
vn -0.8153 -0.0000 -0.5791
vn -0.8594 -0.0000 0.5114
vn 0.8596 -0.0000 -0.5110
vn -0.8151 -0.0000 -0.5793
vn -0.8151 -0.0001 -0.5794
vn 0.8594 -0.0000 -0.5113
vn 0.8153 -0.0000 0.5791
vn 0.8594 -0.0000 -0.5114
vn 0.8597 -0.0000 -0.5108
vn 0.8150 -0.0000 0.5795
vn -0.8150 -0.0000 -0.5795
vn 0.8597 0.0001 -0.5108
vn -0.8597 -0.0000 0.5108
vn -0.8149 -0.0000 -0.5795
vn 0.8579 -0.0000 -0.5139
vn 0.8171 -0.0000 0.5764
vn -0.8147 -0.0000 -0.5799
vn -0.8599 -0.0000 0.5105
vn -0.8579 -0.0000 0.5139
vn -0.8171 -0.0000 -0.5764
vn 0.8147 -0.0000 0.5799
vn 0.8599 -0.0000 -0.5105
vn 0.8599 0.0001 -0.5104
vn 0.8149 -0.0000 0.5795
vn -0.6950 -0.0000 -0.7190
vn -0.9257 -0.0000 0.3782
vn -0.9258 -0.0000 0.3781
vn -0.8167 -0.0001 -0.5770
vn 0.8619 -0.0000 -0.5070
vn 0.8122 -0.0000 0.5834
vn 0.8619 -0.0000 -0.5071
vn 0.6951 -0.0000 0.7189
vn 0.9257 -0.0000 -0.3782
vn 0.6950 -0.0000 0.7190
vn 0.9258 0.0001 -0.3781
vn 0.8153 -0.0000 0.5790
vn 0.8597 -0.0000 -0.5107
vn 0.8148 -0.0000 0.5798
vn 0.8148 -0.0001 0.5797
vn -0.8164 -0.0000 -0.5775
vn 0.8598 0.0001 -0.5107
vn -0.8585 -0.0000 0.5128
vn -0.8172 -0.0000 -0.5763
vn 0.8578 -0.0000 -0.5140
vn -0.8578 -0.0000 0.5140
vn -0.8172 -0.0000 -0.5764
vn 0.8172 -0.0000 0.5763
vn 0.8172 -0.0000 0.5764
vn -0.8148 -0.0001 -0.5797
vn 0.8585 -0.0000 -0.5128
vn -0.8597 -0.0000 0.5107
vn -0.8148 -0.0000 -0.5798
vn 0.8164 -0.0000 0.5775
vn -0.8598 0.0001 0.5107
vn 0.8181 -0.0000 0.5750
vn -0.8570 -0.0000 0.5153
vn 0.8570 -0.0000 -0.5153
vn -0.8181 -0.0000 -0.5750
vn 0.8613 -0.0000 -0.5081
vn 0.8130 -0.0000 0.5823
vn -0.8130 -0.0001 -0.5823
vn -0.8613 -0.0000 0.5081
vn -0.8130 -0.0000 -0.5823
vn -0.8588 -0.0000 0.5123
vn -0.8160 -0.0001 -0.5780
vn -0.8588 -0.0000 0.5124
vn -0.8160 -0.0000 -0.5781
vn -0.8164 -0.0001 -0.5775
vn 0.8588 -0.0000 -0.5123
vn 0.8160 -0.0001 0.5780
vn 0.8588 -0.0000 -0.5124
vn 0.8160 -0.0000 0.5780
vn 0.8152 -0.0000 0.5792
vn 0.8152 -0.0000 0.5791
vn -0.8594 -0.0000 0.5112
vn -0.8591 -0.0000 0.5118
vn -0.8157 -0.0000 -0.5785
vn 0.8157 -0.0000 0.5785
vn 0.8591 -0.0000 -0.5118
vn -0.8591 -0.0000 0.5119
vn 0.8591 -0.0000 -0.5119
vn -0.9757 -0.0000 0.2192
vn -0.9757 -0.0000 0.2193
vn -0.8148 -0.0000 -0.5797
vn -0.8167 -0.0000 -0.5771
vn 0.8582 0.0001 -0.5133
vn 0.8598 -0.0000 -0.5107
vn 0.8598 -0.0000 -0.5106
vn 0.9697 -0.0001 0.2443
vn 0.8168 -0.0000 0.5770
vn 0.9697 -0.0000 0.2444
vn -0.5127 -0.0000 0.8586
vn 0.9697 -0.0000 0.2443
vn -0.0570 -0.0000 0.9984
vn -0.5126 -0.0000 0.8586
vn 0.4698 -0.0000 0.8828
vn -0.0571 -0.0000 0.9984
vn -0.9756 -0.0000 0.2193
vn 0.4699 -0.0000 0.8827
vn -0.8141 -0.0000 -0.5807
vn 0.8603 0.0001 -0.5097
vn 0.8604 -0.0000 -0.5097
vn -0.8604 -0.0000 0.5097
vn 0.8141 -0.0000 0.5807
vn -0.8603 -0.0000 0.5097
vn 0.7896 -0.0000 0.6137
vn 0.7895 -0.0001 0.6137
vn -0.8142 -0.0000 -0.5806
vn 0.8599 -0.0000 -0.5104
vn 0.8146 -0.0000 0.5800
vn -0.8592 -0.0000 0.5117
vn 0.7895 -0.0000 0.6137
vn -0.8783 -0.0000 0.4780
vn -0.7898 -0.0000 -0.6133
vn 0.8142 -0.0000 0.5806
vn 0.8603 -0.0000 -0.5098
vt 0.181818 0.000000
vt 0.090909 0.000000
vt 1.000000 0.000000
vt 0.909091 0.000000
vt 0.818182 0.000000
vt 0.545455 0.000000
vt 0.363636 0.000000
vt 0.272727 0.000000
vt 0.454545 0.000000
vt 0.636364 0.000000
vt 0.000000 0.000000
vt 0.727273 0.000000
vt 0.133333 0.000000
vt 0.100000 0.000000
vt 0.166667 0.000000
vt 0.733333 0.000000
vt 0.700000 0.000000
vt 0.066667 0.000000
vt 0.033333 0.000000
vt 0.766667 0.000000
vt 0.800000 0.000000
vt 0.200000 0.000000
vt 0.866667 0.000000
vt 0.833333 0.000000
vt 0.233333 0.000000
vt 0.633333 0.000000
vt 0.566667 0.000000
vt 0.666667 0.000000
vt 0.900000 0.000000
vt 0.933333 0.000000
vt 0.466667 0.000000
vt 0.400000 0.000000
vt 0.966667 0.000000
vt 0.366667 0.000000
vt 0.533333 0.000000
vt 0.500000 0.000000
vt 0.433333 0.000000
vt 0.333333 0.000000
vt 0.266667 0.000000
vt 0.300000 0.000000
vt 0.600000 0.000000
vt 0.074074 0.000000
vt 0.037037 0.000000
vt 0.703704 0.000000
vt 0.962963 0.000000
vt 0.925926 0.000000
vt 0.111111 0.000000
vt 0.888889 0.000000
vt 0.185185 0.000000
vt 0.148148 0.000000
vt 0.851852 0.000000
vt 0.555556 0.000000
vt 0.518519 0.000000
vt 0.407407 0.000000
vt 0.370370 0.000000
vt 0.444444 0.000000
vt 0.481481 0.000000
vt 0.777778 0.000000
vt 0.740741 0.000000
vt 0.296296 0.000000
vt 0.814815 0.000000
vt 0.629630 0.000000
vt 0.592593 0.000000
vt 0.222222 0.000000
vt 0.259259 0.000000
vt 0.078947 0.000000
vt 0.052632 0.000000
vt 0.526316 0.000000
vt 0.473684 0.000000
vt 0.026316 0.000000
vt 0.578947 0.000000
vt 0.131579 0.000000
vt 0.105263 0.000000
vt 0.552632 0.000000
vt 0.605263 0.000000
vt 0.684211 0.000000
vt 0.947368 0.000000
vt 0.921053 0.000000
vt 0.868421 0.000000
vt 0.289474 0.000000
vt 0.184211 0.000000
vt 0.157895 0.000000
vt 0.894737 0.000000
vt 0.789474 0.000000
vt 0.815789 0.000000
vt 0.657895 0.000000
vt 0.631579 0.000000
vt 0.710526 0.000000
vt 0.973684 0.000000
vt 0.736842 0.000000
vt 0.447368 0.000000
vt 0.421053 0.000000
vt 0.763158 0.000000
vt 0.342105 0.000000
vt 0.394737 0.000000
vt 0.368421 0.000000
vt 0.236842 0.000000
vt 0.210526 0.000000
vt 0.263158 0.000000
vt 0.315789 0.000000
vt 0.842105 0.000000
vt 0.469388 0.000000
vt 0.448980 0.000000
vt 0.489796 0.000000
vt 0.530612 0.000000
vt 0.673469 0.000000
vt 0.653061 0.000000
vt 0.510204 0.000000
vt 0.795918 0.000000
vt 0.428571 0.000000
vt 0.408163 0.000000
vt 0.816327 0.000000
vt 0.714286 0.000000
vt 0.775510 0.000000
vt 0.836735 0.000000
vt 0.734694 0.000000
vt 0.081633 0.000000
vt 0.693878 0.000000
vt 0.755102 0.000000
vt 0.102041 0.000000
vt 0.020408 0.000000
vt 0.040816 0.000000
vt 0.061224 0.000000
vt 0.163265 0.000000
vt 0.142857 0.000000
vt 0.122449 0.000000
vt 0.918367 0.000000
vt 0.387755 0.000000
vt 0.367347 0.000000
vt 0.857143 0.000000
vt 0.897959 0.000000
vt 0.877551 0.000000
vt 0.938776 0.000000
vt 0.244898 0.000000
vt 0.979592 0.000000
vt 0.959184 0.000000
vt 0.551020 0.000000
vt 0.632653 0.000000
vt 0.612245 0.000000
vt 0.591837 0.000000
vt 0.204082 0.000000
vt 0.183673 0.000000
vt 0.224490 0.000000
vt 0.571429 0.000000
vt 0.346939 0.000000
vt 0.326531 0.000000
vt 0.306122 0.000000
vt 0.285714 0.000000
vt 0.265306 0.000000
vt 0.045455 1.000000
vt 0.000000 1.000000
vt 0.090909 1.000000
vt 0.045455 0.000000
vt 0.136364 1.000000
vt 0.181818 1.000000
vt 0.136364 0.000000
vt 0.227273 1.000000
vt 0.272727 1.000000
vt 0.227273 0.000000
vt 0.318182 1.000000
vt 0.363636 1.000000
vt 0.318182 0.000000
vt 0.409091 1.000000
vt 0.454545 1.000000
vt 0.409091 0.000000
vt 0.500000 1.000000
vt 0.545455 1.000000
vt 0.590909 1.000000
vt 0.636364 1.000000
vt 0.590909 0.000000
vt 0.681818 1.000000
vt 0.727273 1.000000
vt 0.681818 0.000000
vt 0.772727 1.000000
vt 0.818182 1.000000
vt 0.772727 0.000000
vt 0.863636 1.000000
vt 0.909091 1.000000
vt 0.863636 0.000000
vt 0.954545 1.000000
vt 1.000000 1.000000
vt 0.954545 0.000000
vt 0.083333 1.000000
vt 0.166667 1.000000
vt 0.083333 0.000000
vt 0.250000 1.000000
vt 0.333333 1.000000
vt 0.250000 0.000000
vt 0.416667 1.000000
vt 0.416667 0.000000
vt 0.583333 1.000000
vt 0.666667 1.000000
vt 0.583333 0.000000
vt 0.750000 1.000000
vt 0.833333 1.000000
vt 0.750000 0.000000
vt 0.916667 1.000000
vt 0.916667 0.000000
vt 0.052632 1.000000
vt 0.105263 1.000000
vt 0.157895 1.000000
vt 0.210526 1.000000
vt 0.263158 1.000000
vt 0.315789 1.000000
vt 0.368421 1.000000
vt 0.421053 1.000000
vt 0.473684 1.000000
vt 0.526316 1.000000
vt 0.578947 1.000000
vt 0.631579 1.000000
vt 0.684211 1.000000
vt 0.736842 1.000000
vt 0.789474 1.000000
vt 0.842105 1.000000
vt 0.894737 1.000000
vt 0.947368 1.000000
vt 0.050000 1.000000
vt 0.100000 1.000000
vt 0.050000 0.000000
vt 0.150000 1.000000
vt 0.200000 1.000000
vt 0.150000 0.000000
vt 0.300000 1.000000
vt 0.350000 1.000000
vt 0.400000 1.000000
vt 0.350000 0.000000
vt 0.450000 1.000000
vt 0.450000 0.000000
vt 0.550000 1.000000
vt 0.600000 1.000000
vt 0.550000 0.000000
vt 0.650000 1.000000
vt 0.700000 1.000000
vt 0.650000 0.000000
vt 0.800000 1.000000
vt 0.850000 1.000000
vt 0.900000 1.000000
vt 0.850000 0.000000
vt 0.950000 1.000000
vt 0.950000 0.000000
vt 0.043478 1.000000
vt 0.086957 1.000000
vt 0.043478 0.000000
vt 0.130435 1.000000
vt 0.086957 0.000000
vt 0.173913 1.000000
vt 0.130435 0.000000
vt 0.217391 1.000000
vt 0.173913 0.000000
vt 0.260870 1.000000
vt 0.217391 0.000000
vt 0.304348 1.000000
vt 0.260870 0.000000
vt 0.347826 1.000000
vt 0.304348 0.000000
vt 0.391304 1.000000
vt 0.347826 0.000000
vt 0.434783 1.000000
vt 0.391304 0.000000
vt 0.478261 1.000000
vt 0.434783 0.000000
vt 0.521739 1.000000
vt 0.478261 0.000000
vt 0.565217 1.000000
vt 0.521739 0.000000
vt 0.608696 1.000000
vt 0.565217 0.000000
vt 0.652174 1.000000
vt 0.608696 0.000000
vt 0.695652 1.000000
vt 0.652174 0.000000
vt 0.739130 1.000000
vt 0.695652 0.000000
vt 0.782609 1.000000
vt 0.739130 0.000000
vt 0.826087 1.000000
vt 0.782609 0.000000
vt 0.869565 1.000000
vt 0.826087 0.000000
vt 0.913043 1.000000
vt 0.869565 0.000000
vt 0.956522 1.000000
vt 0.913043 0.000000
vt 0.956522 0.000000
vt 0.125000 1.000000
vt 0.125000 0.000000
vt 0.375000 1.000000
vt 0.375000 0.000000
vt 0.625000 1.000000
vt 0.625000 0.000000
vt 0.875000 1.000000
vt 0.875000 0.000000
s 1
usemtl Material.032
f 1948/509/738 1947/510/738 1957/511/738
f 1948/509/738 1957/511/738 1956/512/738
f 1956/512/738 1955/513/738 1948/509/738
f 1952/514/738 1950/515/738 1949/516/738
f 1950/515/738 1952/514/738 1951/517/738
f 1952/514/738 1949/516/738 1953/518/738
f 1957/511/738 1947/510/738 1946/519/738
f 1954/520/738 1957/511/738 1946/519/738
f 1955/513/738 1954/520/738 1946/519/738
f 1946/519/738 1953/518/738 1955/513/738
f 1948/509/738 1955/513/738 1953/518/738
f 1953/518/738 1949/516/738 1948/509/738
f 1962/521/738 1961/522/738 1963/523/738
f 1980/524/738 1979/525/738 1958/519/738
f 1960/526/738 1959/527/738 1961/522/738
f 1981/528/738 1958/519/738 1982/529/738
f 1964/530/738 1984/531/738 1983/532/738
f 1983/532/738 1965/533/738 1964/530/738
f 1958/519/738 1981/528/738 1959/527/738
f 1961/522/738 1959/527/738 1981/528/738
f 1981/528/738 1984/531/738 1961/522/738
f 1963/523/738 1961/522/738 1984/531/738
f 1984/531/738 1964/530/738 1963/523/738
f 1977/534/738 1975/535/738 1978/536/738
f 1985/537/738 1978/536/738 1975/535/738
f 1975/535/738 1986/538/738 1985/537/738
f 1972/539/738 1970/540/738 1987/541/738
f 1969/542/738 1987/541/738 1970/540/738
f 1974/543/738 1973/544/738 1972/539/738
f 1970/540/738 1972/539/738 1971/545/738
f 1986/538/738 1975/535/738 1974/543/738
f 1974/543/738 1972/539/738 1986/538/738
f 1972/539/738 1987/541/738 1986/538/738
f 1968/546/738 1988/511/738 1987/541/738
f 1987/541/738 1969/542/738 1968/546/738
f 1958/519/738 1979/525/738 1978/536/738
f 1982/529/738 1958/519/738 1978/536/738
f 1978/536/738 1985/537/738 1982/529/738
f 1983/532/738 1982/529/738 1985/537/738
f 1985/537/738 1988/511/738 1983/532/738
f 1965/533/738 1983/532/738 1988/511/738
f 1988/511/738 1968/546/738 1965/533/738
f 1966/547/738 1965/533/738 1968/546/738
f 1968/546/738 1967/548/738 1966/547/738
f 1975/535/738 1977/534/738 1976/549/738
f 1991/550/738 1990/551/738 1989/519/738
f 2008/552/738 2015/553/738 1989/519/738
f 1991/550/738 1989/519/738 2015/553/738
f 2015/553/738 2014/554/738 1991/550/738
f 2014/554/738 1992/555/738 1991/550/738
f 2013/556/738 1994/557/738 1993/558/738
f 2015/553/738 2008/552/738 2007/536/738
f 2007/536/738 2016/511/738 2015/553/738
f 2013/556/738 1993/558/738 2014/554/738
f 1992/555/738 2014/554/738 1993/558/738
f 2012/559/738 2004/560/738 2003/561/738
f 2000/562/738 1999/563/738 2001/564/738
f 2002/565/738 2001/564/738 1999/563/738
f 2010/566/738 2009/567/738 2002/565/738
f 2002/565/738 1999/563/738 2010/566/738
f 1998/546/738 2010/566/738 1999/563/738
f 2002/565/738 2009/567/738 2003/561/738
f 2012/559/738 2003/561/738 2009/567/738
f 1997/568/738 2011/569/738 2010/566/738
f 2010/566/738 1998/546/738 1997/568/738
f 2007/536/738 2006/570/738 2005/571/738
f 2005/571/738 2004/560/738 2007/536/738
f 2016/511/738 2007/536/738 2004/560/738
f 2004/560/738 2012/559/738 2016/511/738
f 2013/556/738 2016/511/738 2012/559/738
f 2012/559/738 2011/569/738 2013/556/738
f 1994/557/738 2013/556/738 2011/569/738
f 2011/569/738 1997/568/738 1994/557/738
f 1995/572/738 1994/557/738 1997/568/738
f 1997/568/738 1996/573/738 1995/572/738
f 2020/574/738 2019/575/738 2037/576/738
f 2037/576/738 2036/544/738 2020/574/738
f 2035/577/738 2037/576/738 2017/519/738
f 2037/576/738 2019/575/738 2017/519/738
f 2018/578/738 2017/519/738 2019/575/738
f 2039/579/738 2022/580/738 2021/581/738
f 2038/582/738 2040/583/738 2043/584/738
f 2043/584/738 2053/585/738 2038/582/738
f 2053/585/738 2052/586/738 2039/579/738
f 2052/586/738 2050/587/738 2039/579/738
f 2022/580/738 2039/579/738 2028/588/738
f 2040/583/738 2038/582/738 2035/577/738
f 2037/576/738 2035/577/738 2038/582/738
f 2038/582/738 2053/585/738 2039/579/738
f 2039/579/738 2021/581/738 2036/544/738
f 2020/574/738 2036/544/738 2021/581/738
f 2024/589/738 2023/590/738 2022/580/738
f 2051/591/738 2055/511/738 2047/592/738
f 2047/592/738 2048/593/738 2051/591/738
f 2042/594/738 2041/595/738 2044/596/738
f 2054/597/738 2042/594/738 2044/596/738
f 2047/592/738 2055/511/738 2054/597/738
f 2045/598/738 2034/599/738 2033/600/738
f 2033/600/738 2046/601/738 2045/598/738
f 2030/602/738 2032/603/738 2031/604/738
f 2026/605/738 2025/606/738 2027/607/738
f 2046/601/738 2033/600/738 2032/603/738
f 2032/603/738 2030/602/738 2046/601/738
f 2029/608/738 2046/601/738 2030/602/738
f 2044/596/738 2041/595/738 2034/599/738
f 2034/599/738 2045/598/738 2044/596/738
f 2054/597/738 2044/596/738 2047/592/738
f 2046/601/738 2029/608/738 2047/592/738
f 2040/583/738 2035/577/738 2034/599/738
f 2034/599/738 2041/595/738 2040/583/738
f 2053/585/738 2043/584/738 2042/594/738
f 2042/594/738 2054/597/738 2053/585/738
f 2050/587/738 2052/586/738 2055/511/738
f 2055/511/738 2051/591/738 2050/587/738
f 2039/579/738 2050/587/738 2049/609/738
f 2028/588/738 2039/579/738 2049/609/738
f 2049/609/738 2048/593/738 2028/588/738
f 2048/593/738 2047/592/738 2029/608/738
f 2022/580/738 2028/588/738 2027/607/738
f 2024/589/738 2022/580/738 2027/607/738
f 2027/607/738 2025/606/738 2024/589/738
f 2028/588/738 2048/593/738 2029/608/738
f 2079/610/738 2078/611/738 2080/612/738
f 2082/613/738 2089/614/738 2088/615/738
f 2078/611/738 2089/614/738 2082/613/738
f 2080/612/738 2078/611/738 2082/613/738
f 2080/612/738 2082/613/738 2081/616/738
f 2095/617/738 2077/618/738 2076/619/738
f 2076/619/738 2096/620/738 2095/617/738
f 2091/621/738 2094/622/738 2097/623/738
f 2097/623/738 2092/624/738 2091/621/738
f 2060/625/738 2090/626/738 2093/627/738
f 2093/627/738 2061/628/738 2060/625/738
f 2077/618/738 2095/617/738 2056/519/738
f 2095/617/738 2094/622/738 2056/519/738
f 2057/629/738 2056/519/738 2094/622/738
f 2094/622/738 2091/621/738 2058/630/738
f 2059/631/738 2058/630/738 2091/621/738
f 2091/621/738 2090/626/738 2059/631/738
f 2090/626/738 2060/625/738 2059/631/738
f 2064/632/738 2063/633/738 2062/634/738
f 2101/635/738 2075/636/738 2074/637/738
f 2074/637/738 2098/638/738 2101/635/738
f 2105/511/738 2100/639/738 2099/640/738
f 2099/640/738 2102/641/738 2105/511/738
f 2068/642/738 2104/643/738 2103/644/738
f 2083/645/738 2087/646/738 2086/647/738
f 2086/647/738 2085/648/738 2083/645/738
f 2066/649/738 2065/650/738 2067/651/738
f 2087/646/738 2083/645/738 2088/615/738
f 2083/645/738 2085/648/738 2084/652/738
f 2098/638/738 2074/637/738 2073/653/738
f 2099/640/738 2098/638/738 2073/653/738
f 2073/653/738 2072/654/738 2099/640/738
f 2102/641/738 2099/640/738 2071/655/738
f 2071/655/738 2070/656/738 2102/641/738
f 2103/644/738 2102/641/738 2070/656/738
f 2070/656/738 2069/657/738 2103/644/738
f 2068/642/738 2103/644/738 2069/657/738
f 2096/620/738 2076/619/738 2075/636/738
f 2075/636/738 2101/635/738 2096/620/738
f 2097/623/738 2096/620/738 2101/635/738
f 2101/635/738 2100/639/738 2097/623/738
f 2092/624/738 2097/623/738 2100/639/738
f 2100/639/738 2105/511/738 2092/624/738
f 2093/627/738 2092/624/738 2105/511/738
f 2105/511/738 2104/643/738 2093/627/738
f 2061/628/738 2093/627/738 2104/643/738
f 2104/643/738 2068/642/738 2061/628/738
f 2062/634/738 2061/628/738 2068/642/738
f 2068/642/738 2067/651/738 2062/634/738
f 2064/632/738 2062/634/738 2067/651/738
f 2067/651/738 2065/650/738 2064/632/738
f 2057/629/738 2094/622/738 2058/630/738
f 2099/640/738 2072/654/738 2071/655/738
f 2088/615/738 2083/645/738 2082/613/738
f 2108/509/739 2117/511/739 2107/510/739
f 2108/509/739 2116/512/739 2117/511/739
f 2116/512/739 2108/509/739 2115/513/739
f 2112/514/739 2109/516/739 2110/515/739
f 2110/515/739 2111/517/739 2112/514/739
f 2112/514/739 2113/518/739 2109/516/739
f 2117/511/739 2106/519/739 2107/510/739
f 2114/520/739 2106/519/739 2117/511/739
f 2115/513/739 2106/519/739 2114/520/739
f 2106/519/739 2115/513/739 2113/518/739
f 2108/509/739 2113/518/739 2115/513/739
f 2113/518/739 2108/509/739 2109/516/739
f 2122/521/739 2123/523/739 2121/522/739
f 2140/524/739 2118/519/739 2139/525/739
f 2120/526/739 2121/522/739 2119/527/739
f 2141/528/739 2142/529/739 2118/519/739
f 2124/530/739 2143/532/739 2144/531/739
f 2143/532/739 2124/530/739 2125/533/739
f 2118/519/739 2119/527/739 2141/528/739
f 2121/522/739 2141/528/739 2119/527/739
f 2141/528/739 2121/522/739 2144/531/739
f 2123/523/739 2144/531/739 2121/522/739
f 2144/531/739 2123/523/739 2124/530/739
f 2137/534/739 2138/536/739 2135/535/739
f 2145/537/739 2135/535/739 2138/536/739
f 2135/535/739 2145/537/739 2146/538/739
f 2132/539/739 2147/541/739 2130/540/739
f 2129/542/739 2130/540/739 2147/541/739
f 2134/543/739 2132/539/739 2133/544/739
f 2130/540/739 2131/545/739 2132/539/739
f 2146/538/739 2134/543/739 2135/535/739
f 2134/543/739 2146/538/739 2132/539/739
f 2132/539/739 2146/538/739 2147/541/739
f 2128/546/739 2147/541/739 2148/511/739
f 2147/541/739 2128/546/739 2129/542/739
f 2118/519/739 2138/536/739 2139/525/739
f 2142/529/739 2138/536/739 2118/519/739
f 2138/536/739 2142/529/739 2145/537/739
f 2143/532/739 2145/537/739 2142/529/739
f 2145/537/739 2143/532/739 2148/511/739
f 2125/533/739 2148/511/739 2143/532/739
f 2148/511/739 2125/533/739 2128/546/739
f 2126/547/739 2128/546/739 2125/533/739
f 2128/546/739 2126/547/739 2127/548/739
f 2135/535/739 2136/549/739 2137/534/739
f 2151/550/739 2149/519/739 2150/551/739
f 2168/552/739 2149/519/739 2175/553/739
f 2151/550/739 2175/553/739 2149/519/739
f 2175/553/739 2151/550/739 2174/554/739
f 2174/554/739 2151/550/739 2152/555/739
f 2173/556/739 2153/558/739 2154/557/739
f 2175/553/739 2167/536/739 2168/552/739
f 2167/536/739 2175/553/739 2176/511/739
f 2173/556/739 2174/554/739 2153/558/739
f 2152/555/739 2153/558/739 2174/554/739
f 2172/559/739 2163/561/739 2164/560/739
f 2160/562/739 2161/564/739 2159/563/739
f 2162/565/739 2159/563/739 2161/564/739
f 2170/566/739 2162/565/739 2169/567/739
f 2162/565/739 2170/566/739 2159/563/739
f 2158/546/739 2159/563/739 2170/566/739
f 2162/565/739 2163/561/739 2169/567/739
f 2172/559/739 2169/567/739 2163/561/739
f 2157/568/739 2170/566/739 2171/569/739
f 2170/566/739 2157/568/739 2158/546/739
f 2167/536/739 2165/571/739 2166/570/739
f 2165/571/739 2167/536/739 2164/560/739
f 2176/511/739 2164/560/739 2167/536/739
f 2164/560/739 2176/511/739 2172/559/739
f 2173/556/739 2172/559/739 2176/511/739
f 2172/559/739 2173/556/739 2171/569/739
f 2154/557/739 2171/569/739 2173/556/739
f 2171/569/739 2154/557/739 2157/568/739
f 2155/572/739 2157/568/739 2154/557/739
f 2157/568/739 2155/572/739 2156/573/739
f 2180/574/739 2197/576/739 2179/575/739
f 2197/576/739 2180/574/739 2196/544/739
f 2195/577/739 2177/519/739 2197/576/739
f 2197/576/739 2177/519/739 2179/575/739
f 2178/578/739 2179/575/739 2177/519/739
f 2199/579/739 2181/581/739 2182/580/739
f 2198/582/739 2203/584/739 2200/583/739
f 2203/584/739 2198/582/739 2213/585/739
f 2213/585/739 2199/579/739 2212/586/739
f 2212/586/739 2199/579/739 2210/587/739
f 2182/580/739 2188/588/739 2199/579/739
f 2200/583/739 2195/577/739 2198/582/739
f 2197/576/739 2198/582/739 2195/577/739
f 2198/582/739 2199/579/739 2213/585/739
f 2199/579/739 2196/544/739 2181/581/739
f 2180/574/739 2181/581/739 2196/544/739
f 2184/589/739 2182/580/739 2183/590/739
f 2211/591/739 2207/592/739 2215/511/739
f 2207/592/739 2211/591/739 2208/593/739
f 2202/594/739 2204/596/739 2201/595/739
f 2214/597/739 2204/596/739 2202/594/739
f 2207/592/739 2214/597/739 2215/511/739
f 2205/598/739 2193/600/739 2194/599/739
f 2193/600/739 2205/598/739 2206/601/739
f 2190/602/739 2191/604/739 2192/603/739
f 2186/605/739 2187/607/739 2185/606/739
f 2206/601/739 2192/603/739 2193/600/739
f 2192/603/739 2206/601/739 2190/602/739
f 2189/608/739 2190/602/739 2206/601/739
f 2204/596/739 2194/599/739 2201/595/739
f 2194/599/739 2204/596/739 2205/598/739
f 2214/597/739 2207/592/739 2204/596/739
f 2206/601/739 2207/592/739 2189/608/739
f 2200/583/739 2194/599/739 2195/577/739
f 2194/599/739 2200/583/739 2201/595/739
f 2213/585/739 2202/594/739 2203/584/739
f 2202/594/739 2213/585/739 2214/597/739
f 2210/587/739 2215/511/739 2212/586/739
f 2215/511/739 2210/587/739 2211/591/739
f 2199/579/739 2209/609/739 2210/587/739
f 2188/588/739 2209/609/739 2199/579/739
f 2209/609/739 2188/588/739 2208/593/739
f 2208/593/739 2189/608/739 2207/592/739
f 2182/580/739 2187/607/739 2188/588/739
f 2184/589/739 2187/607/739 2182/580/739
f 2187/607/739 2184/589/739 2185/606/739
f 2188/588/739 2189/608/739 2208/593/739
f 2239/610/739 2240/612/739 2238/611/739
f 2242/613/739 2248/615/739 2249/614/739
f 2238/611/739 2242/613/739 2249/614/739
f 2240/612/739 2242/613/739 2238/611/739
f 2240/612/739 2241/616/739 2242/613/739
f 2255/617/739 2236/619/739 2237/618/739
f 2236/619/739 2255/617/739 2256/620/739
f 2251/621/739 2257/623/739 2254/622/739
f 2257/623/739 2251/621/739 2252/624/739
f 2220/625/739 2253/627/739 2250/626/739
f 2253/627/739 2220/625/739 2221/628/739
f 2237/618/739 2216/519/739 2255/617/739
f 2255/617/739 2216/519/739 2254/622/739
f 2217/629/739 2254/622/739 2216/519/739
f 2254/622/739 2218/630/739 2251/621/739
f 2219/631/739 2251/621/739 2218/630/739
f 2251/621/739 2219/631/739 2250/626/739
f 2250/626/739 2219/631/739 2220/625/739
f 2224/632/739 2222/634/739 2223/633/739
f 2261/635/739 2234/637/739 2235/636/739
f 2234/637/739 2261/635/739 2258/638/739
f 2265/511/739 2259/640/739 2260/639/739
f 2259/640/739 2265/511/739 2262/641/739
f 2228/642/739 2263/644/739 2264/643/739
f 2243/645/739 2246/647/739 2247/646/739
f 2246/647/739 2243/645/739 2245/648/739
f 2226/649/739 2227/651/739 2225/650/739
f 2247/646/739 2248/615/739 2243/645/739
f 2243/645/739 2244/652/739 2245/648/739
f 2258/638/739 2233/653/739 2234/637/739
f 2259/640/739 2233/653/739 2258/638/739
f 2233/653/739 2259/640/739 2232/654/739
f 2262/641/739 2231/655/739 2259/640/739
f 2231/655/739 2262/641/739 2230/656/739
f 2263/644/739 2230/656/739 2262/641/739
f 2230/656/739 2263/644/739 2229/657/739
f 2228/642/739 2229/657/739 2263/644/739
f 2256/620/739 2235/636/739 2236/619/739
f 2235/636/739 2256/620/739 2261/635/739
f 2257/623/739 2261/635/739 2256/620/739
f 2261/635/739 2257/623/739 2260/639/739
f 2252/624/739 2260/639/739 2257/623/739
f 2260/639/739 2252/624/739 2265/511/739
f 2253/627/739 2265/511/739 2252/624/739
f 2265/511/739 2253/627/739 2264/643/739
f 2221/628/739 2264/643/739 2253/627/739
f 2264/643/739 2221/628/739 2228/642/739
f 2222/634/739 2228/642/739 2221/628/739
f 2228/642/739 2222/634/739 2227/651/739
f 2224/632/739 2227/651/739 2222/634/739
f 2227/651/739 2224/632/739 2225/650/739
f 2217/629/739 2218/630/739 2254/622/739
f 2259/640/739 2231/655/739 2232/654/739
f 2248/615/739 2242/613/739 2243/645/739
f 2269/658/740 2266/519/741 2267/659/741
f 2271/660/742 2268/661/743 2269/658/740
f 2273/662/744 2270/510/745 2271/660/742
f 2275/663/744 2272/664/744 2273/662/744
f 2277/665/746 2274/509/744 2275/663/744
f 2279/666/747 2276/667/748 2277/665/746
f 2281/668/749 2278/516/747 2279/666/747
f 2283/669/750 2280/670/751 2281/668/749
f 2285/671/752 2282/515/753 2283/669/750
f 2287/672/754 2284/673/755 2285/671/752
f 2289/674/756 2286/517/757 2287/672/754
f 2291/675/758 2288/544/759 2289/674/756
f 2293/676/744 2290/514/760 2291/675/758
f 2295/677/744 2292/678/744 2293/676/744
f 2297/679/761 2294/518/744 2295/677/744
f 2299/680/762 2296/681/763 2297/679/761
f 2301/682/741 2298/520/764 2299/680/762
f 2303/683/741 2300/684/741 2301/682/741
f 2305/685/741 2302/513/741 2303/683/741
f 2307/686/741 2304/687/741 2305/685/741
f 2309/688/741 2306/512/741 2307/686/741
f 2267/689/741 2308/690/741 2309/688/741
f 2313/691/765 2310/519/741 2311/659/741
f 2315/692/766 2312/693/767 2313/691/765
f 2317/694/768 2314/523/766 2315/692/766
f 2319/695/768 2316/696/768 2317/694/768
f 2321/697/769 2318/546/768 2319/695/768
f 2323/674/770 2320/698/769 2321/697/769
f 2325/699/771 2322/544/769 2323/674/770
f 2327/700/772 2324/701/773 2325/699/771
f 2329/702/741 2326/536/772 2327/700/772
f 2331/703/741 2328/704/741 2329/702/741
f 2333/705/741 2330/532/741 2331/703/741
f 2311/689/741 2332/706/741 2333/705/741
f 2337/694/774 2334/519/775 2335/659/775
f 2339/674/776 2336/696/777 2337/694/774
f 2341/702/778 2338/544/779 2339/674/776
f 2335/689/775 2340/704/778 2341/702/778
f 2345/694/780 2342/519/781 2343/659/781
f 2347/674/782 2344/696/780 2345/694/780
f 2349/702/783 2346/544/782 2347/674/782
f 2343/689/781 2348/704/783 2349/702/783
f 2353/694/784 2350/519/785 2351/659/785
f 2355/674/786 2352/696/784 2353/694/784
f 2357/702/787 2354/544/786 2355/674/786
f 2351/689/785 2356/704/788 2357/702/787
f 2361/694/778 2358/519/779 2359/659/779
f 2363/674/789 2360/696/778 2361/694/778
f 2365/702/774 2362/544/789 2363/674/789
f 2359/689/779 2364/704/774 2365/702/774
f 2369/707/765 2366/519/741 2367/659/741
f 2371/708/766 2368/575/767 2369/707/765
f 2373/709/744 2370/581/766 2371/708/766
f 2375/710/790 2372/590/744 2373/709/744
f 2377/711/791 2374/606/790 2375/710/790
f 2379/712/751 2376/607/792 2377/711/791
f 2381/713/793 2378/608/751 2379/712/751
f 2383/714/794 2380/604/753 2381/713/793
f 2385/715/795 2382/600/796 2383/714/794
f 2387/716/797 2384/577/795 2385/715/795
f 2389/717/798 2386/576/799 2387/716/797
f 2391/718/744 2388/579/800 2389/717/798
f 2393/719/744 2390/595/744 2391/718/744
f 2395/720/771 2392/584/744 2393/719/744
f 2397/721/772 2394/598/773 2395/720/771
f 2399/722/741 2396/592/801 2397/721/772
f 2401/723/741 2398/609/741 2399/722/741
f 2403/724/741 2400/591/741 2401/723/741
f 2367/689/741 2402/585/741 2403/724/741
f 2407/694/802 2404/519/803 2405/659/804
f 2409/674/805 2406/696/806 2407/694/802
f 2411/702/807 2408/544/805 2409/674/805
f 2405/689/804 2410/704/807 2411/702/807
f 2415/694/808 2412/519/809 2413/659/809
f 2417/674/810 2414/696/811 2415/694/808
f 2419/702/812 2416/544/810 2417/674/810
f 2413/689/809 2418/704/813 2419/702/812
f 2423/694/814 2420/519/815 2421/659/815
f 2425/674/816 2422/696/817 2423/694/814
f 2427/702/818 2424/544/819 2425/674/816
f 2421/689/815 2426/704/818 2427/702/818
f 2431/694/820 2428/519/821 2429/659/821
f 2433/674/822 2430/696/820 2431/694/820
f 2435/702/823 2432/544/822 2433/674/822
f 2429/689/821 2434/704/823 2435/702/823
f 2439/694/824 2436/519/825 2437/659/825
f 2441/674/826 2438/696/824 2439/694/824
f 2443/702/827 2440/544/828 2441/674/826
f 2437/689/825 2442/704/827 2443/702/827
f 2447/725/829 2444/519/741 2445/659/741
f 2449/726/830 2446/727/831 2447/725/829
f 2451/728/744 2448/522/832 2449/726/830
f 2453/729/744 2450/730/744 2451/728/744
f 2455/694/805 2452/530/744 2453/729/744
f 2457/731/833 2454/696/805 2455/694/805
f 2459/732/761 2456/548/745 2457/731/833
f 2461/733/815 2458/734/761 2459/732/761
f 2463/735/744 2460/540/763 2461/733/815
f 2465/674/744 2462/736/744 2463/735/744
f 2467/737/834 2464/544/744 2465/674/744
f 2469/738/835 2466/739/836 2467/737/834
f 2471/740/741 2468/549/837 2469/738/835
f 2473/741/741 2470/742/741 2471/740/741
f 2475/702/838 2472/525/741 2473/741/741
f 2477/743/839 2474/704/839 2475/702/838
f 2479/744/840 2476/529/772 2477/743/839
f 2481/745/840 2478/746/840 2479/744/840
f 2483/747/741 2480/537/840 2481/745/840
f 2445/689/741 2482/748/741 2483/747/741
f 2487/694/841 2484/519/842 2485/659/842
f 2489/674/843 2486/696/841 2487/694/841
f 2491/702/844 2488/544/843 2489/674/843
f 2485/689/842 2490/704/844 2491/702/844
f 2495/694/843 2492/519/845 2493/659/845
f 2497/674/846 2494/696/843 2495/694/843
f 2499/702/842 2496/544/846 2497/674/846
f 2493/689/845 2498/704/842 2499/702/842
f 2503/749/749 2500/519/847 2501/659/848
f 2505/750/750 2502/751/751 2503/749/749
f 2507/752/817 2504/753/750 2505/750/750
f 2509/754/817 2506/755/849 2507/752/817
f 2511/756/744 2508/757/849 2509/754/817
f 2513/758/744 2510/759/744 2511/756/744
f 2515/760/850 2512/761/744 2513/758/744
f 2517/762/793 2514/763/850 2515/760/850
f 2519/764/752 2516/765/750 2517/762/793
f 2521/766/752 2518/767/851 2519/764/752
f 2523/768/744 2520/769/851 2521/766/752
f 2525/770/744 2522/771/744 2523/768/744
f 2527/772/852 2524/773/744 2525/770/744
f 2529/774/853 2526/775/853 2527/772/852
f 2531/776/752 2528/777/852 2529/774/853
f 2533/778/757 2530/779/755 2531/776/752
f 2535/780/854 2532/781/855 2533/778/757
f 2537/782/856 2534/783/856 2535/780/854
f 2539/784/857 2536/785/858 2537/782/856
f 2541/786/859 2538/787/860 2539/784/857
f 2543/788/861 2540/789/862 2541/786/859
f 2545/790/863 2542/791/864 2543/788/861
f 2501/689/848 2544/792/848 2545/790/863
f 2549/694/865 2546/519/866 2547/659/867
f 2551/674/868 2548/696/865 2549/694/865
f 2553/702/869 2550/544/870 2551/674/868
f 2547/689/867 2552/704/869 2553/702/869
f 2557/694/865 2554/519/866 2555/659/867
f 2559/674/868 2556/696/865 2557/694/865
f 2561/702/869 2558/544/870 2559/674/868
f 2555/689/867 2560/704/869 2561/702/869
f 2565/793/870 2562/519/871 2563/659/872
f 2567/694/873 2564/794/870 2565/793/870
f 2569/795/874 2566/696/873 2567/694/873
f 2571/674/875 2568/796/787 2569/795/874
f 2573/797/747 2570/544/786 2571/674/875
f 2575/702/876 2572/798/747 2573/797/747
f 2577/799/877 2574/704/747 2575/702/876
f 2563/689/872 2576/800/877 2577/799/877
f 2581/694/878 2578/519/879 2579/659/879
f 2583/674/880 2580/696/878 2581/694/878
f 2585/702/881 2582/544/880 2583/674/880
f 2579/689/879 2584/704/881 2585/702/881
f 2269/658/740 2268/661/743 2266/519/741
f 2271/660/742 2270/510/745 2268/661/743
f 2273/662/744 2272/664/744 2270/510/745
f 2275/663/744 2274/509/744 2272/664/744
f 2277/665/746 2276/667/748 2274/509/744
f 2279/666/747 2278/516/747 2276/667/748
f 2281/668/749 2280/670/751 2278/516/747
f 2283/669/750 2282/515/753 2280/670/751
f 2285/671/752 2284/673/755 2282/515/753
f 2287/672/754 2286/517/757 2284/673/755
f 2289/674/756 2288/544/759 2286/517/757
f 2291/675/758 2290/514/760 2288/544/759
f 2293/676/744 2292/678/744 2290/514/760
f 2295/677/744 2294/518/744 2292/678/744
f 2297/679/761 2296/681/763 2294/518/744
f 2299/680/762 2298/520/764 2296/681/763
f 2301/682/741 2300/684/741 2298/520/764
f 2303/683/741 2302/513/741 2300/684/741
f 2305/685/741 2304/687/741 2302/513/741
f 2307/686/741 2306/512/741 2304/687/741
f 2309/688/741 2308/690/741 2306/512/741
f 2267/689/741 2266/511/741 2308/690/741
f 2313/691/765 2312/693/767 2310/519/741
f 2315/692/766 2314/523/766 2312/693/767
f 2317/694/768 2316/696/768 2314/523/766
f 2319/695/768 2318/546/768 2316/696/768
f 2321/697/769 2320/698/769 2318/546/768
f 2323/674/770 2322/544/769 2320/698/769
f 2325/699/771 2324/701/773 2322/544/769
f 2327/700/772 2326/536/772 2324/701/773
f 2329/702/741 2328/704/741 2326/536/772
f 2331/703/741 2330/532/741 2328/704/741
f 2333/705/741 2332/706/741 2330/532/741
f 2311/689/741 2310/511/741 2332/706/741
f 2337/694/774 2336/696/777 2334/519/775
f 2339/674/776 2338/544/779 2336/696/777
f 2341/702/778 2340/704/778 2338/544/779
f 2335/689/775 2334/511/775 2340/704/778
f 2345/694/780 2344/696/780 2342/519/781
f 2347/674/782 2346/544/782 2344/696/780
f 2349/702/783 2348/704/783 2346/544/782
f 2343/689/781 2342/511/781 2348/704/783
f 2353/694/784 2352/696/784 2350/519/785
f 2355/674/786 2354/544/786 2352/696/784
f 2357/702/787 2356/704/788 2354/544/786
f 2351/689/785 2350/511/785 2356/704/788
f 2361/694/778 2360/696/778 2358/519/779
f 2363/674/789 2362/544/789 2360/696/778
f 2365/702/774 2364/704/774 2362/544/789
f 2359/689/779 2358/511/779 2364/704/774
f 2369/707/765 2368/575/767 2366/519/741
f 2371/708/766 2370/581/766 2368/575/767
f 2373/709/744 2372/590/744 2370/581/766
f 2375/710/790 2374/606/790 2372/590/744
f 2377/711/791 2376/607/792 2374/606/790
f 2379/712/751 2378/608/751 2376/607/792
f 2381/713/793 2380/604/753 2378/608/751
f 2383/714/794 2382/600/796 2380/604/753
f 2385/715/795 2384/577/795 2382/600/796
f 2387/716/797 2386/576/799 2384/577/795
f 2389/717/798 2388/579/800 2386/576/799
f 2391/718/744 2390/595/744 2388/579/800
f 2393/719/744 2392/584/744 2390/595/744
f 2395/720/771 2394/598/773 2392/584/744
f 2397/721/772 2396/592/801 2394/598/773
f 2399/722/741 2398/609/741 2396/592/801
f 2401/723/741 2400/591/741 2398/609/741
f 2403/724/741 2402/585/741 2400/591/741
f 2367/689/741 2366/511/741 2402/585/741
f 2407/694/802 2406/696/806 2404/519/803
f 2409/674/805 2408/544/805 2406/696/806
f 2411/702/807 2410/704/807 2408/544/805
f 2405/689/804 2404/511/803 2410/704/807
f 2415/694/808 2414/696/811 2412/519/809
f 2417/674/810 2416/544/810 2414/696/811
f 2419/702/812 2418/704/813 2416/544/810
f 2413/689/809 2412/511/809 2418/704/813
f 2423/694/814 2422/696/817 2420/519/815
f 2425/674/816 2424/544/819 2422/696/817
f 2427/702/818 2426/704/818 2424/544/819
f 2421/689/815 2420/511/815 2426/704/818
f 2431/694/820 2430/696/820 2428/519/821
f 2433/674/822 2432/544/822 2430/696/820
f 2435/702/823 2434/704/823 2432/544/822
f 2429/689/821 2428/511/821 2434/704/823
f 2439/694/824 2438/696/824 2436/519/825
f 2441/674/826 2440/544/828 2438/696/824
f 2443/702/827 2442/704/827 2440/544/828
f 2437/689/825 2436/511/825 2442/704/827
f 2447/725/829 2446/727/831 2444/519/741
f 2449/726/830 2448/522/832 2446/727/831
f 2451/728/744 2450/730/744 2448/522/832
f 2453/729/744 2452/530/744 2450/730/744
f 2455/694/805 2454/696/805 2452/530/744
f 2457/731/833 2456/548/745 2454/696/805
f 2459/732/761 2458/734/761 2456/548/745
f 2461/733/815 2460/540/763 2458/734/761
f 2463/735/744 2462/736/744 2460/540/763
f 2465/674/744 2464/544/744 2462/736/744
f 2467/737/834 2466/739/836 2464/544/744
f 2469/738/835 2468/549/837 2466/739/836
f 2471/740/741 2470/742/741 2468/549/837
f 2473/741/741 2472/525/741 2470/742/741
f 2475/702/838 2474/704/839 2472/525/741
f 2477/743/839 2476/529/772 2474/704/839
f 2479/744/840 2478/746/840 2476/529/772
f 2481/745/840 2480/537/840 2478/746/840
f 2483/747/741 2482/748/741 2480/537/840
f 2445/689/741 2444/511/741 2482/748/741
f 2487/694/841 2486/696/841 2484/519/842
f 2489/674/843 2488/544/843 2486/696/841
f 2491/702/844 2490/704/844 2488/544/843
f 2485/689/842 2484/511/842 2490/704/844
f 2495/694/843 2494/696/843 2492/519/845
f 2497/674/846 2496/544/846 2494/696/843
f 2499/702/842 2498/704/842 2496/544/846
f 2493/689/845 2492/511/845 2498/704/842
f 2503/749/749 2502/751/751 2500/519/847
f 2505/750/750 2504/753/750 2502/751/751
f 2507/752/817 2506/755/849 2504/753/750
f 2509/754/817 2508/757/849 2506/755/849
f 2511/756/744 2510/759/744 2508/757/849
f 2513/758/744 2512/761/744 2510/759/744
f 2515/760/850 2514/763/850 2512/761/744
f 2517/762/793 2516/765/750 2514/763/850
f 2519/764/752 2518/767/851 2516/765/750
f 2521/766/752 2520/769/851 2518/767/851
f 2523/768/744 2522/771/744 2520/769/851
f 2525/770/744 2524/773/744 2522/771/744
f 2527/772/852 2526/775/853 2524/773/744
f 2529/774/853 2528/777/852 2526/775/853
f 2531/776/752 2530/779/755 2528/777/852
f 2533/778/757 2532/781/855 2530/779/755
f 2535/780/854 2534/783/856 2532/781/855
f 2537/782/856 2536/785/858 2534/783/856
f 2539/784/857 2538/787/860 2536/785/858
f 2541/786/859 2540/789/862 2538/787/860
f 2543/788/861 2542/791/864 2540/789/862
f 2545/790/863 2544/792/848 2542/791/864
f 2501/689/848 2500/511/847 2544/792/848
f 2549/694/865 2548/696/865 2546/519/866
f 2551/674/868 2550/544/870 2548/696/865
f 2553/702/869 2552/704/869 2550/544/870
f 2547/689/867 2546/511/866 2552/704/869
f 2557/694/865 2556/696/865 2554/519/866
f 2559/674/868 2558/544/870 2556/696/865
f 2561/702/869 2560/704/869 2558/544/870
f 2555/689/867 2554/511/866 2560/704/869
f 2565/793/870 2564/794/870 2562/519/871
f 2567/694/873 2566/696/873 2564/794/870
f 2569/795/874 2568/796/787 2566/696/873
f 2571/674/875 2570/544/786 2568/796/787
f 2573/797/747 2572/798/747 2570/544/786
f 2575/702/876 2574/704/747 2572/798/747
f 2577/799/877 2576/800/877 2574/704/747
f 2563/689/872 2562/511/871 2576/800/877
f 2581/694/878 2580/696/878 2578/519/879
f 2583/674/880 2582/544/880 2580/696/878
f 2585/702/881 2584/704/881 2582/544/880
f 2579/689/879 2578/511/879 2584/704/881
