# Blender 5.2.1 LTS
# www.blender.org
mtllib tutorialText4.mtl
o Text.001
v -2.013921 0.050000 0.242578
v -2.289589 0.050000 0.242578
v -2.258494 0.050000 -0.272602
v -1.770545 0.050000 -0.272602
v -1.801042 0.050000 0.242578
v -1.918246 0.050000 0.242578
v -1.891935 0.050000 -0.218324
v -1.960104 0.050000 -0.218324
v -2.123949 0.050000 0.188300
v -2.076709 0.050000 -0.218324
v -2.144879 0.050000 -0.218324
v -2.169395 0.050000 0.188300
v -2.729699 0.050000 0.003387
v -2.913278 0.050000 0.003387
v -2.910288 0.050000 -0.051810
v -2.891153 0.050000 -0.051810
v -2.878595 0.050000 -0.265242
v -2.859460 0.050000 -0.265242
v -2.773351 0.050000 -0.265242
v -2.691429 0.050000 -0.265242
v -2.689037 0.050000 -0.309400
v -2.564658 0.050000 -0.309400
v -2.567050 0.050000 -0.265242
v -2.485725 0.050000 -0.265242
v -2.399616 0.050000 -0.265242
v -2.380481 0.050000 -0.265242
v -2.393039 0.050000 -0.051810
v -2.373903 0.050000 -0.051810
v -2.376893 0.050000 0.003387
v -2.559874 0.050000 0.003387
v -2.389451 0.050000 0.242578
v -2.523397 0.050000 0.242578
v -2.648374 0.050000 0.066865
v -2.793683 0.050000 0.242578
v -2.927629 0.050000 0.242578
v -2.785909 0.050000 -0.051810
v -2.703986 0.050000 -0.051810
v -2.694418 0.050000 -0.210044
v -2.776341 0.050000 -0.210044
v -2.579607 0.050000 -0.051810
v -2.498282 0.050000 -0.051810
v -2.488715 0.050000 -0.210044
v -2.570040 0.050000 -0.210044
v -3.461024 0.050000 0.076984
v -3.525007 0.050000 0.076984
v -3.507068 0.050000 -0.244083
v -3.443682 0.050000 -0.244083
v -3.392256 0.050000 -0.244083
v -3.304952 0.050000 -0.244083
v -3.301364 0.050000 -0.309400
v -3.176985 0.050000 -0.309400
v -3.180573 0.050000 -0.244083
v -3.094464 0.050000 -0.244083
v -2.989221 0.050000 -0.244083
v -2.979653 0.050000 -0.244083
v -2.997592 0.050000 0.076984
v -3.006562 0.050000 0.076984
v -3.112404 0.050000 0.076984
v -3.199110 0.050000 0.076984
v -3.208678 0.050000 0.242578
v -3.333057 0.050000 0.242578
v -3.323489 0.050000 0.076984
v -3.410196 0.050000 0.076984
v -3.109414 0.050000 0.021787
v -3.097454 0.050000 -0.188885
v -3.184161 0.050000 -0.188885
v -3.196120 0.050000 0.021787
v -3.308540 0.050000 -0.188885
v -3.395247 0.050000 -0.188885
v -3.407206 0.050000 0.021787
v -3.320499 0.050000 0.021787
v -4.120591 0.050000 0.242578
v -4.132551 0.050000 0.242578
v -4.107436 0.050000 -0.193485
v -4.091290 0.050000 -0.193485
v -4.005182 0.050000 -0.193485
v -3.989635 0.050000 -0.243163
v -4.124179 0.050000 -0.243163
v -4.121189 0.050000 -0.298361
v -3.583609 0.050000 -0.298361
v -3.587197 0.050000 -0.243163
v -3.879607 0.050000 -0.243163
v -3.895154 0.050000 -0.193485
v -3.713968 0.050000 -0.193485
v -3.621281 0.050000 -0.193485
v -3.608724 0.050000 -0.193485
v -3.633839 0.050000 0.242578
v -3.650582 0.050000 0.242578
v -3.739083 0.050000 0.242578
v -4.027307 0.050000 0.242578
v -4.005182 0.050000 -0.138287
v -4.024317 0.050000 0.187380
v -3.992026 0.050000 0.187380
v -3.974087 0.050000 -0.138287
v -3.896350 0.050000 0.187380
v -3.862864 0.050000 0.187380
v -3.858080 0.050000 0.097224
v -3.891567 0.050000 0.097224
v -3.767188 0.050000 0.187380
v -3.736093 0.050000 0.187380
v -3.716958 0.050000 -0.138287
v -3.749248 0.050000 -0.138287
v -3.844924 0.050000 -0.138287
v -3.878411 0.050000 -0.138287
v -3.881401 0.050000 -0.079409
v -3.847914 0.050000 -0.079409
v -3.884391 0.050000 -0.024212
v -3.888577 0.050000 0.042026
v -3.855090 0.050000 0.042026
v -3.850904 0.050000 -0.024212
v -4.626479 0.050000 0.157941
v -4.634851 0.050000 0.157941
v -4.615716 0.050000 -0.190725
v -4.606746 0.050000 -0.190725
v -4.543958 0.050000 -0.190725
v -4.523029 0.050000 -0.190725
v -4.520039 0.050000 -0.243163
v -4.736506 0.050000 -0.243163
v -4.733517 0.050000 -0.298361
v -4.196534 0.050000 -0.298361
v -4.199524 0.050000 -0.243163
v -4.424363 0.050000 -0.243163
v -4.427353 0.050000 -0.190725
v -4.402836 0.050000 -0.190725
v -4.338852 0.050000 -0.190725
v -4.331079 0.050000 -0.190725
v -4.350214 0.050000 0.157941
v -4.358586 0.050000 0.157941
v -4.421971 0.050000 0.157941
v -4.447684 0.050000 0.157941
v -4.543360 0.050000 0.157941
v -4.563094 0.050000 0.157941
v -4.748466 0.050000 0.242578
v -4.760426 0.050000 0.242578
v -4.735311 0.050000 -0.193485
v -4.634851 0.050000 -0.193485
v -4.656976 0.050000 0.187380
v -4.329285 0.050000 0.187380
v -4.307160 0.050000 -0.193485
v -4.206700 0.050000 -0.193485
v -4.231815 0.050000 0.242578
v -4.242579 0.050000 0.242578
v -4.332275 0.050000 0.242578
v -4.659966 0.050000 0.242578
v -4.546948 0.050000 -0.135527
v -4.551732 0.050000 -0.053650
v -4.530803 0.050000 -0.053650
v -4.526019 0.050000 -0.135527
v -4.554722 0.050000 0.001547
v -4.560104 0.050000 0.102743
v -4.540370 0.050000 0.102743
v -4.534391 0.050000 0.001547
v -4.418982 0.050000 0.102743
v -4.413599 0.050000 0.001547
v -4.438715 0.050000 0.001547
v -4.444695 0.050000 0.102743
v -4.410610 0.050000 -0.053650
v -4.405826 0.050000 -0.135527
v -4.430343 0.050000 -0.135527
v -4.435127 0.050000 -0.053650
v -2.013921 -0.050000 0.242578
v -2.289589 -0.050000 0.242578
v -2.258494 -0.050000 -0.272602
v -1.770545 -0.050000 -0.272602
v -1.801042 -0.050000 0.242578
v -1.918246 -0.050000 0.242578
v -1.891935 -0.050000 -0.218324
v -1.960104 -0.050000 -0.218324
v -2.123949 -0.050000 0.188300
v -2.076709 -0.050000 -0.218324
v -2.144879 -0.050000 -0.218324
v -2.169395 -0.050000 0.188300
v -2.729699 -0.050000 0.003387
v -2.913278 -0.050000 0.003387
v -2.910288 -0.050000 -0.051810
v -2.891153 -0.050000 -0.051810
v -2.878595 -0.050000 -0.265242
v -2.859460 -0.050000 -0.265242
v -2.773351 -0.050000 -0.265242
v -2.691429 -0.050000 -0.265242
v -2.689037 -0.050000 -0.309400
v -2.564658 -0.050000 -0.309400
v -2.567050 -0.050000 -0.265242
v -2.485725 -0.050000 -0.265242
v -2.399616 -0.050000 -0.265242
v -2.380481 -0.050000 -0.265242
v -2.393039 -0.050000 -0.051810
v -2.373903 -0.050000 -0.051810
v -2.376893 -0.050000 0.003387
v -2.559874 -0.050000 0.003387
v -2.389451 -0.050000 0.242578
v -2.523397 -0.050000 0.242578
v -2.648374 -0.050000 0.066865
v -2.793683 -0.050000 0.242578
v -2.927629 -0.050000 0.242578
v -2.785909 -0.050000 -0.051810
v -2.703986 -0.050000 -0.051810
v -2.694418 -0.050000 -0.210044
v -2.776341 -0.050000 -0.210044
v -2.579607 -0.050000 -0.051810
v -2.498282 -0.050000 -0.051810
v -2.488715 -0.050000 -0.210044
v -2.570040 -0.050000 -0.210044
v -3.461024 -0.050000 0.076984
v -3.525007 -0.050000 0.076984
v -3.507068 -0.050000 -0.244083
v -3.443682 -0.050000 -0.244083
v -3.392256 -0.050000 -0.244083
v -3.304952 -0.050000 -0.244083
v -3.301364 -0.050000 -0.309400
v -3.176985 -0.050000 -0.309400
v -3.180573 -0.050000 -0.244083
v -3.094464 -0.050000 -0.244083
v -2.989221 -0.050000 -0.244083
v -2.979653 -0.050000 -0.244083
v -2.997592 -0.050000 0.076984
v -3.006562 -0.050000 0.076984
v -3.112404 -0.050000 0.076984
v -3.199110 -0.050000 0.076984
v -3.208678 -0.050000 0.242578
v -3.333057 -0.050000 0.242578
v -3.323489 -0.050000 0.076984
v -3.410196 -0.050000 0.076984
v -3.109414 -0.050000 0.021787
v -3.097454 -0.050000 -0.188885
v -3.184161 -0.050000 -0.188885
v -3.196120 -0.050000 0.021787
v -3.308540 -0.050000 -0.188885
v -3.395247 -0.050000 -0.188885
v -3.407206 -0.050000 0.021787
v -3.320499 -0.050000 0.021787
v -4.120591 -0.050000 0.242578
v -4.132551 -0.050000 0.242578
v -4.107436 -0.050000 -0.193485
v -4.091290 -0.050000 -0.193485
v -4.005182 -0.050000 -0.193485
v -3.989635 -0.050000 -0.243163
v -4.124179 -0.050000 -0.243163
v -4.121189 -0.050000 -0.298361
v -3.583609 -0.050000 -0.298361
v -3.587197 -0.050000 -0.243163
v -3.879607 -0.050000 -0.243163
v -3.895154 -0.050000 -0.193485
v -3.713968 -0.050000 -0.193485
v -3.621281 -0.050000 -0.193485
v -3.608724 -0.050000 -0.193485
v -3.633839 -0.050000 0.242578
v -3.650582 -0.050000 0.242578
v -3.739083 -0.050000 0.242578
v -4.027307 -0.050000 0.242578
v -4.005182 -0.050000 -0.138287
v -4.024317 -0.050000 0.187380
v -3.992026 -0.050000 0.187380
v -3.974087 -0.050000 -0.138287
v -3.896350 -0.050000 0.187380
v -3.862864 -0.050000 0.187380
v -3.858080 -0.050000 0.097224
v -3.891567 -0.050000 0.097224
v -3.767188 -0.050000 0.187380
v -3.736093 -0.050000 0.187380
v -3.716958 -0.050000 -0.138287
v -3.749248 -0.050000 -0.138287
v -3.844924 -0.050000 -0.138287
v -3.878411 -0.050000 -0.138287
v -3.881401 -0.050000 -0.079409
v -3.847914 -0.050000 -0.079409
v -3.884391 -0.050000 -0.024212
v -3.888577 -0.050000 0.042026
v -3.855090 -0.050000 0.042026
v -3.850904 -0.050000 -0.024212
v -4.626479 -0.050000 0.157941
v -4.634851 -0.050000 0.157941
v -4.615716 -0.050000 -0.190725
v -4.606746 -0.050000 -0.190725
v -4.543958 -0.050000 -0.190725
v -4.523029 -0.050000 -0.190725
v -4.520039 -0.050000 -0.243163
v -4.736506 -0.050000 -0.243163
v -4.733517 -0.050000 -0.298361
v -4.196534 -0.050000 -0.298361
v -4.199524 -0.050000 -0.243163
v -4.424363 -0.050000 -0.243163
v -4.427353 -0.050000 -0.190725
v -4.402836 -0.050000 -0.190725
v -4.338852 -0.050000 -0.190725
v -4.331079 -0.050000 -0.190725
v -4.350214 -0.050000 0.157941
v -4.358586 -0.050000 0.157941
v -4.421971 -0.050000 0.157941
v -4.447684 -0.050000 0.157941
v -4.543360 -0.050000 0.157941
v -4.563094 -0.050000 0.157941
v -4.748466 -0.050000 0.242578
v -4.760426 -0.050000 0.242578
v -4.735311 -0.050000 -0.193485
v -4.634851 -0.050000 -0.193485
v -4.656976 -0.050000 0.187380
v -4.329285 -0.050000 0.187380
v -4.307160 -0.050000 -0.193485
v -4.206700 -0.050000 -0.193485
v -4.231815 -0.050000 0.242578
v -4.242579 -0.050000 0.242578
v -4.332275 -0.050000 0.242578
v -4.659966 -0.050000 0.242578
v -4.546948 -0.050000 -0.135527
v -4.551732 -0.050000 -0.053650
v -4.530803 -0.050000 -0.053650
v -4.526019 -0.050000 -0.135527
v -4.554722 -0.050000 0.001547
v -4.560104 -0.050000 0.102743
v -4.540370 -0.050000 0.102743
v -4.534391 -0.050000 0.001547
v -4.418982 -0.050000 0.102743
v -4.413599 -0.050000 0.001547
v -4.438715 -0.050000 0.001547
v -4.444695 -0.050000 0.102743
v -4.410610 -0.050000 -0.053650
v -4.405826 -0.050000 -0.135527
v -4.430343 -0.050000 -0.135527
v -4.435127 -0.050000 -0.053650
v -4.626479 -0.050000 0.157941
v -4.626479 0.050000 0.157941
v -4.634851 -0.050000 0.157941
v -4.634851 0.050000 0.157941
v -4.615716 -0.050000 -0.190725
v -4.615716 0.050000 -0.190725
v -4.606746 -0.050000 -0.190725
v -4.606746 0.050000 -0.190725
v -4.543958 -0.050000 -0.190725
v -4.543958 0.050000 -0.190725
v -4.523029 -0.050000 -0.190725
v -4.523029 0.050000 -0.190725
v -4.520039 -0.050000 -0.243163
v -4.520039 0.050000 -0.243163
v -4.736506 -0.050000 -0.243163
v -4.736506 0.050000 -0.243163
v -4.733517 -0.050000 -0.298361
v -4.733517 0.050000 -0.298361
v -4.196534 -0.050000 -0.298361
v -4.196534 0.050000 -0.298361
v -4.199524 -0.050000 -0.243163
v -4.199524 0.050000 -0.243163
v -4.424363 -0.050000 -0.243163
v -4.424363 0.050000 -0.243163
v -4.427353 -0.050000 -0.190725
v -4.427353 0.050000 -0.190725
v -4.402836 -0.050000 -0.190725
v -4.402836 0.050000 -0.190725
v -4.338852 -0.050000 -0.190725
v -4.338852 0.050000 -0.190725
v -4.331079 -0.050000 -0.190725
v -4.331079 0.050000 -0.190725
v -4.350214 -0.050000 0.157941
v -4.350214 0.050000 0.157941
v -4.358586 -0.050000 0.157941
v -4.358586 0.050000 0.157941
v -4.421971 -0.050000 0.157941
v -4.421971 0.050000 0.157941
v -4.447684 -0.050000 0.157941
v -4.447684 0.050000 0.157941
v -4.543360 -0.050000 0.157941
v -4.543360 0.050000 0.157941
v -4.563094 -0.050000 0.157941
v -4.563094 0.050000 0.157941
v -4.748466 -0.050000 0.242578
v -4.748466 0.050000 0.242578
v -4.760426 -0.050000 0.242578
v -4.760426 0.050000 0.242578
v -4.735311 -0.050000 -0.193485
v -4.735311 0.050000 -0.193485
v -4.634851 -0.050000 -0.193485
v -4.634851 0.050000 -0.193485
v -4.656976 -0.050000 0.187380
v -4.656976 0.050000 0.187380
v -4.329285 -0.050000 0.187380
v -4.329285 0.050000 0.187380
v -4.307160 -0.050000 -0.193485
v -4.307160 0.050000 -0.193485
v -4.206700 -0.050000 -0.193485
v -4.206700 0.050000 -0.193485
v -4.231815 -0.050000 0.242578
v -4.231815 0.050000 0.242578
v -4.242579 -0.050000 0.242578
v -4.242579 0.050000 0.242578
v -4.332275 -0.050000 0.242578
v -4.332275 0.050000 0.242578
v -4.659966 -0.050000 0.242578
v -4.659966 0.050000 0.242578
v -4.546948 -0.050000 -0.135527
v -4.546948 0.050000 -0.135527
v -4.551732 -0.050000 -0.053650
v -4.551732 0.050000 -0.053650
v -4.530803 -0.050000 -0.053650
v -4.530803 0.050000 -0.053650
v -4.526019 -0.050000 -0.135527
v -4.526019 0.050000 -0.135527
v -4.554722 -0.050000 0.001547
v -4.554722 0.050000 0.001547
v -4.560104 -0.050000 0.102743
v -4.560104 0.050000 0.102743
v -4.540370 -0.050000 0.102743
v -4.540370 0.050000 0.102743
v -4.534391 -0.050000 0.001547
v -4.534391 0.050000 0.001547
v -4.418982 -0.050000 0.102743
v -4.418982 0.050000 0.102743
v -4.413599 -0.050000 0.001547
v -4.413599 0.050000 0.001547
v -4.438715 -0.050000 0.001547
v -4.438715 0.050000 0.001547
v -4.444695 -0.050000 0.102743
v -4.444695 0.050000 0.102743
v -4.410610 -0.050000 -0.053650
v -4.410610 0.050000 -0.053650
v -4.405826 -0.050000 -0.135527
v -4.405826 0.050000 -0.135527
v -4.430343 -0.050000 -0.135527
v -4.430343 0.050000 -0.135527
v -4.435127 -0.050000 -0.053650
v -4.435127 0.050000 -0.053650
v -4.120591 -0.050000 0.242578
v -4.120591 0.050000 0.242578
v -4.132551 -0.050000 0.242578
v -4.132551 0.050000 0.242578
v -4.107436 -0.050000 -0.193485
v -4.107436 0.050000 -0.193485
v -4.091290 -0.050000 -0.193485
v -4.091290 0.050000 -0.193485
v -4.005182 -0.050000 -0.193485
v -4.005182 0.050000 -0.193485
v -3.989635 -0.050000 -0.243163
v -3.989635 0.050000 -0.243163
v -4.124179 -0.050000 -0.243163
v -4.124179 0.050000 -0.243163
v -4.121189 -0.050000 -0.298361
v -4.121189 0.050000 -0.298361
v -3.583609 -0.050000 -0.298361
v -3.583609 0.050000 -0.298361
v -3.587197 -0.050000 -0.243163
v -3.587197 0.050000 -0.243163
v -3.879607 -0.050000 -0.243163
v -3.879607 0.050000 -0.243163
v -3.895154 -0.050000 -0.193485
v -3.895154 0.050000 -0.193485
v -3.713968 -0.050000 -0.193485
v -3.713968 0.050000 -0.193485
v -3.621281 -0.050000 -0.193485
v -3.621281 0.050000 -0.193485
v -3.608724 -0.050000 -0.193485
v -3.608724 0.050000 -0.193485
v -3.633839 -0.050000 0.242578
v -3.633839 0.050000 0.242578
v -3.650582 -0.050000 0.242578
v -3.650582 0.050000 0.242578
v -3.739083 -0.050000 0.242578
v -3.739083 0.050000 0.242578
v -4.027307 -0.050000 0.242578
v -4.027307 0.050000 0.242578
v -4.005182 -0.050000 -0.138287
v -4.005182 0.050000 -0.138287
v -4.024317 -0.050000 0.187380
v -4.024317 0.050000 0.187380
v -3.992026 -0.050000 0.187380
v -3.992026 0.050000 0.187380
v -3.974087 -0.050000 -0.138287
v -3.974087 0.050000 -0.138287
v -3.896350 -0.050000 0.187380
v -3.896350 0.050000 0.187380
v -3.862864 -0.050000 0.187380
v -3.862864 0.050000 0.187380
v -3.858080 -0.050000 0.097224
v -3.858080 0.050000 0.097224
v -3.891567 -0.050000 0.097224
v -3.891567 0.050000 0.097224
v -3.767188 -0.050000 0.187380
v -3.767188 0.050000 0.187380
v -3.736093 -0.050000 0.187380
v -3.736093 0.050000 0.187380
v -3.716958 -0.050000 -0.138287
v -3.716958 0.050000 -0.138287
v -3.749248 -0.050000 -0.138287
v -3.749248 0.050000 -0.138287
v -3.844924 -0.050000 -0.138287
v -3.844924 0.050000 -0.138287
v -3.878411 -0.050000 -0.138287
v -3.878411 0.050000 -0.138287
v -3.881401 -0.050000 -0.079409
v -3.881401 0.050000 -0.079409
v -3.847914 -0.050000 -0.079409
v -3.847914 0.050000 -0.079409
v -3.884391 -0.050000 -0.024212
v -3.884391 0.050000 -0.024212
v -3.888577 -0.050000 0.042026
v -3.888577 0.050000 0.042026
v -3.855090 -0.050000 0.042026
v -3.855090 0.050000 0.042026
v -3.850904 -0.050000 -0.024212
v -3.850904 0.050000 -0.024212
v -3.461024 -0.050000 0.076984
v -3.461024 0.050000 0.076984
v -3.525007 -0.050000 0.076984
v -3.525007 0.050000 0.076984
v -3.507068 -0.050000 -0.244083
v -3.507068 0.050000 -0.244083
v -3.443682 -0.050000 -0.244083
v -3.443682 0.050000 -0.244083
v -3.392256 -0.050000 -0.244083
v -3.392256 0.050000 -0.244083
v -3.304952 -0.050000 -0.244083
v -3.304952 0.050000 -0.244083
v -3.301364 -0.050000 -0.309400
v -3.301364 0.050000 -0.309400
v -3.176985 -0.050000 -0.309400
v -3.176985 0.050000 -0.309400
v -3.180573 -0.050000 -0.244083
v -3.180573 0.050000 -0.244083
v -3.094464 -0.050000 -0.244083
v -3.094464 0.050000 -0.244083
v -2.989221 -0.050000 -0.244083
v -2.989221 0.050000 -0.244083
v -2.979653 -0.050000 -0.244083
v -2.979653 0.050000 -0.244083
v -2.997592 -0.050000 0.076984
v -2.997592 0.050000 0.076984
v -3.006562 -0.050000 0.076984
v -3.006562 0.050000 0.076984
v -3.112404 -0.050000 0.076984
v -3.112404 0.050000 0.076984
v -3.199110 -0.050000 0.076984
v -3.199110 0.050000 0.076984
v -3.208678 -0.050000 0.242578
v -3.208678 0.050000 0.242578
v -3.333057 -0.050000 0.242578
v -3.333057 0.050000 0.242578
v -3.323489 -0.050000 0.076984
v -3.323489 0.050000 0.076984
v -3.410196 -0.050000 0.076984
v -3.410196 0.050000 0.076984
v -3.109414 -0.050000 0.021787
v -3.109414 0.050000 0.021787
v -3.097454 -0.050000 -0.188885
v -3.097454 0.050000 -0.188885
v -3.184161 -0.050000 -0.188885
v -3.184161 0.050000 -0.188885
v -3.196120 -0.050000 0.021787
v -3.196120 0.050000 0.021787
v -3.308540 -0.050000 -0.188885
v -3.308540 0.050000 -0.188885
v -3.395247 -0.050000 -0.188885
v -3.395247 0.050000 -0.188885
v -3.407206 -0.050000 0.021787
v -3.407206 0.050000 0.021787
v -3.320499 -0.050000 0.021787
v -3.320499 0.050000 0.021787
v -2.729699 -0.050000 0.003387
v -2.729699 0.050000 0.003387
v -2.913278 -0.050000 0.003387
v -2.913278 0.050000 0.003387
v -2.910288 -0.050000 -0.051810
v -2.910288 0.050000 -0.051810
v -2.891153 -0.050000 -0.051810
v -2.891153 0.050000 -0.051810
v -2.878595 -0.050000 -0.265242
v -2.878595 0.050000 -0.265242
v -2.859460 -0.050000 -0.265242
v -2.859460 0.050000 -0.265242
v -2.773351 -0.050000 -0.265242
v -2.773351 0.050000 -0.265242
v -2.691429 -0.050000 -0.265242
v -2.691429 0.050000 -0.265242
v -2.689037 -0.050000 -0.309400
v -2.689037 0.050000 -0.309400
v -2.564658 -0.050000 -0.309400
v -2.564658 0.050000 -0.309400
v -2.567050 -0.050000 -0.265242
v -2.567050 0.050000 -0.265242
v -2.485725 -0.050000 -0.265242
v -2.485725 0.050000 -0.265242
v -2.399616 -0.050000 -0.265242
v -2.399616 0.050000 -0.265242
v -2.380481 -0.050000 -0.265242
v -2.380481 0.050000 -0.265242
v -2.393039 -0.050000 -0.051810
v -2.393039 0.050000 -0.051810
v -2.373903 -0.050000 -0.051810
v -2.373903 0.050000 -0.051810
v -2.376893 -0.050000 0.003387
v -2.376893 0.050000 0.003387
v -2.559874 -0.050000 0.003387
v -2.559874 0.050000 0.003387
v -2.389451 -0.050000 0.242578
v -2.389451 0.050000 0.242578
v -2.523397 -0.050000 0.242578
v -2.523397 0.050000 0.242578
v -2.648374 -0.050000 0.066865
v -2.648374 0.050000 0.066865
v -2.793683 -0.050000 0.242578
v -2.793683 0.050000 0.242578
v -2.927629 -0.050000 0.242578
v -2.927629 0.050000 0.242578
v -2.785909 -0.050000 -0.051810
v -2.785909 0.050000 -0.051810
v -2.703986 -0.050000 -0.051810
v -2.703986 0.050000 -0.051810
v -2.694418 -0.050000 -0.210044
v -2.694418 0.050000 -0.210044
v -2.776341 -0.050000 -0.210044
v -2.776341 0.050000 -0.210044
v -2.579607 -0.050000 -0.051810
v -2.579607 0.050000 -0.051810
v -2.498282 -0.050000 -0.051810
v -2.498282 0.050000 -0.051810
v -2.488715 -0.050000 -0.210044
v -2.488715 0.050000 -0.210044
v -2.570040 -0.050000 -0.210044
v -2.570040 0.050000 -0.210044
v -2.013921 -0.050000 0.242578
v -2.013921 0.050000 0.242578
v -2.289589 -0.050000 0.242578
v -2.289589 0.050000 0.242578
v -2.258494 -0.050000 -0.272602
v -2.258494 0.050000 -0.272602
v -1.770545 -0.050000 -0.272602
v -1.770545 0.050000 -0.272602
v -1.801042 -0.050000 0.242578
v -1.801042 0.050000 0.242578
v -1.918246 -0.050000 0.242578
v -1.918246 0.050000 0.242578
v -1.891935 -0.050000 -0.218324
v -1.891935 0.050000 -0.218324
v -1.960104 -0.050000 -0.218324
v -1.960104 0.050000 -0.218324
v -2.123949 -0.050000 0.188300
v -2.123949 0.050000 0.188300
v -2.076709 -0.050000 -0.218324
v -2.076709 0.050000 -0.218324
v -2.144879 -0.050000 -0.218324
v -2.144879 0.050000 -0.218324
v -2.169395 -0.050000 0.188300
v -2.169395 0.050000 0.188300
vn -0.0000 1.0000 -0.0000
vn -0.0000 -1.0000 -0.0000
vn -0.8585 -0.0000 0.5129
vn -0.0000 -0.0000 1.0000
vn -0.8165 -0.0000 -0.5774
vn -0.0000 -0.0000 -1.0000
vn -0.8156 -0.0000 -0.5786
vn -0.8592 -0.0000 0.5116
vn -0.8156 -0.0000 -0.5787
vn -0.8582 -0.0000 0.5133
vn -0.8168 -0.0000 -0.5770
vn 0.8582 -0.0000 -0.5133
vn 0.8168 -0.0000 0.5770
vn 0.8156 -0.0000 0.5786
vn 0.8592 -0.0000 -0.5116
vn 0.8156 -0.0000 0.5787
vn 0.8585 -0.0000 -0.5129
vn 0.8165 -0.0000 0.5774
vn -0.8594 -0.0000 0.5113
vn -0.8153 -0.0000 -0.5790
vn 0.8596 -0.0000 -0.5110
vn -0.8151 -0.0000 -0.5793
vn 0.8594 -0.0000 -0.5113
vn 0.8153 -0.0000 0.5790
vn 0.8597 -0.0000 -0.5108
vn 0.8150 -0.0000 0.5795
vn -0.8150 -0.0000 -0.5795
vn -0.8597 -0.0000 0.5108
vn 0.8579 -0.0000 -0.5138
vn 0.8172 -0.0000 0.5764
vn -0.8147 -0.0000 -0.5799
vn -0.8599 -0.0000 0.5104
vn -0.8579 -0.0000 0.5138
vn -0.8172 -0.0000 -0.5764
vn 0.8147 -0.0000 0.5799
vn 0.8599 -0.0000 -0.5104
vn -0.6950 -0.0000 -0.7190
vn -0.9257 -0.0000 0.3781
vn -0.6951 -0.0000 -0.7190
vn -0.9258 -0.0000 0.3781
vn 0.8619 -0.0000 -0.5070
vn 0.8122 -0.0000 0.5834
vn 0.6951 -0.0000 0.7189
vn 0.9257 -0.0000 -0.3781
vn 0.6951 -0.0000 0.7190
vn 0.9258 -0.0000 -0.3781
vn 0.8598 -0.0000 -0.5107
vn 0.8148 -0.0000 0.5797
vn 0.8149 -0.0000 0.5797
vn -0.8164 -0.0000 -0.5775
vn 0.8598 -0.0000 -0.5106
vn -0.8585 -0.0000 0.5128
vn -0.8585 -0.0000 0.5127
vn -0.8172 -0.0000 -0.5763
vn 0.8578 -0.0000 -0.5139
vn -0.8578 -0.0000 0.5139
vn 0.8172 -0.0000 0.5763
vn -0.8149 -0.0000 -0.5797
vn 0.8585 -0.0000 -0.5127
vn 0.8585 -0.0000 -0.5128
vn -0.8598 -0.0000 0.5107
vn -0.8148 -0.0000 -0.5797
vn 0.8164 -0.0000 0.5775
vn -0.8598 -0.0000 0.5106
vn 0.8182 -0.0000 0.5750
vn -0.8570 -0.0000 0.5152
vn -0.8570 -0.0000 0.5153
vn 0.8570 -0.0000 -0.5153
vn -0.8182 -0.0000 -0.5750
vn 0.8570 -0.0000 -0.5152
vn 0.8613 -0.0000 -0.5081
vn 0.8130 -0.0000 0.5823
vn -0.8130 -0.0000 -0.5823
vn -0.8613 -0.0000 0.5081
vn -0.8588 -0.0000 0.5123
vn -0.8160 -0.0000 -0.5780
vn -0.8164 -0.0000 -0.5774
vn 0.8588 -0.0000 -0.5123
vn 0.8160 -0.0000 0.5780
vn 0.8152 -0.0000 0.5791
vn 0.8153 -0.0000 0.5791
vn -0.8595 -0.0000 0.5112
vn -0.8591 -0.0000 0.5118
vn -0.8157 -0.0000 -0.5785
vn 0.8157 -0.0000 0.5785
vn 0.8591 -0.0000 -0.5118
vn -0.9757 -0.0000 0.2192
vn -0.9757 -0.0000 0.2193
vn -0.8167 -0.0000 -0.5770
vn 0.9697 -0.0000 0.2443
vn 0.9697 -0.0000 0.2444
vn -0.5127 -0.0000 0.8586
vn -0.0570 -0.0000 0.9984
vn -0.5126 -0.0000 0.8586
vn 0.4698 -0.0000 0.8828
vn -0.0571 -0.0000 0.9984
vn 0.4699 -0.0000 0.8827
vn -0.8141 -0.0000 -0.5807
vn 0.8604 -0.0000 -0.5097
vn 0.8604 -0.0000 -0.5096
vn -0.8604 -0.0000 0.5096
vn 0.8141 -0.0000 0.5807
vn -0.8604 -0.0000 0.5097
vn 0.7896 -0.0000 0.6136
vn 0.7896 -0.0000 0.6137
vn -0.8142 -0.0000 -0.5806
vn -0.8603 -0.0000 0.5097
vn 0.8600 -0.0000 -0.5104
vn 0.8147 -0.0000 0.5800
vn -0.8784 -0.0000 0.4780
vn -0.7898 -0.0000 -0.6133
vn 0.8142 -0.0000 0.5806
vn 0.8603 -0.0000 -0.5098
vt 0.181818 0.000000
vt 0.090909 0.000000
vt 1.000000 0.000000
vt 0.909091 0.000000
vt 0.818182 0.000000
vt 0.545455 0.000000
vt 0.363636 0.000000
vt 0.272727 0.000000
vt 0.454545 0.000000
vt 0.636364 0.000000
vt 0.000000 0.000000
vt 0.727273 0.000000
vt 0.133333 0.000000
vt 0.100000 0.000000
vt 0.166667 0.000000
vt 0.733333 0.000000
vt 0.700000 0.000000
vt 0.066667 0.000000
vt 0.033333 0.000000
vt 0.766667 0.000000
vt 0.800000 0.000000
vt 0.200000 0.000000
vt 0.866667 0.000000
vt 0.833333 0.000000
vt 0.233333 0.000000
vt 0.633333 0.000000
vt 0.566667 0.000000
vt 0.666667 0.000000
vt 0.900000 0.000000
vt 0.933333 0.000000
vt 0.466667 0.000000
vt 0.400000 0.000000
vt 0.966667 0.000000
vt 0.366667 0.000000
vt 0.533333 0.000000
vt 0.500000 0.000000
vt 0.433333 0.000000
vt 0.333333 0.000000
vt 0.266667 0.000000
vt 0.300000 0.000000
vt 0.600000 0.000000
vt 0.074074 0.000000
vt 0.037037 0.000000
vt 0.703704 0.000000
vt 0.962963 0.000000
vt 0.925926 0.000000
vt 0.111111 0.000000
vt 0.888889 0.000000
vt 0.185185 0.000000
vt 0.148148 0.000000
vt 0.851852 0.000000
vt 0.555556 0.000000
vt 0.518519 0.000000
vt 0.407407 0.000000
vt 0.370370 0.000000
vt 0.444444 0.000000
vt 0.481481 0.000000
vt 0.777778 0.000000
vt 0.740741 0.000000
vt 0.296296 0.000000
vt 0.814815 0.000000
vt 0.629630 0.000000
vt 0.592593 0.000000
vt 0.222222 0.000000
vt 0.259259 0.000000
vt 0.078947 0.000000
vt 0.052632 0.000000
vt 0.526316 0.000000
vt 0.473684 0.000000
vt 0.026316 0.000000
vt 0.578947 0.000000
vt 0.131579 0.000000
vt 0.105263 0.000000
vt 0.552632 0.000000
vt 0.605263 0.000000
vt 0.684211 0.000000
vt 0.947368 0.000000
vt 0.921053 0.000000
vt 0.868421 0.000000
vt 0.289474 0.000000
vt 0.184211 0.000000
vt 0.157895 0.000000
vt 0.894737 0.000000
vt 0.789474 0.000000
vt 0.815789 0.000000
vt 0.657895 0.000000
vt 0.631579 0.000000
vt 0.710526 0.000000
vt 0.973684 0.000000
vt 0.736842 0.000000
vt 0.447368 0.000000
vt 0.421053 0.000000
vt 0.763158 0.000000
vt 0.342105 0.000000
vt 0.394737 0.000000
vt 0.368421 0.000000
vt 0.236842 0.000000
vt 0.210526 0.000000
vt 0.263158 0.000000
vt 0.315789 0.000000
vt 0.842105 0.000000
vt 0.469388 0.000000
vt 0.448980 0.000000
vt 0.489796 0.000000
vt 0.530612 0.000000
vt 0.673469 0.000000
vt 0.653061 0.000000
vt 0.510204 0.000000
vt 0.795918 0.000000
vt 0.428571 0.000000
vt 0.408163 0.000000
vt 0.816327 0.000000
vt 0.714286 0.000000
vt 0.775510 0.000000
vt 0.836735 0.000000
vt 0.734694 0.000000
vt 0.081633 0.000000
vt 0.693878 0.000000
vt 0.755102 0.000000
vt 0.102041 0.000000
vt 0.020408 0.000000
vt 0.040816 0.000000
vt 0.061224 0.000000
vt 0.163265 0.000000
vt 0.142857 0.000000
vt 0.122449 0.000000
vt 0.918367 0.000000
vt 0.387755 0.000000
vt 0.367347 0.000000
vt 0.857143 0.000000
vt 0.897959 0.000000
vt 0.877551 0.000000
vt 0.938776 0.000000
vt 0.244898 0.000000
vt 0.979592 0.000000
vt 0.959184 0.000000
vt 0.551020 0.000000
vt 0.632653 0.000000
vt 0.612245 0.000000
vt 0.591837 0.000000
vt 0.204082 0.000000
vt 0.183673 0.000000
vt 0.224490 0.000000
vt 0.571429 0.000000
vt 0.346939 0.000000
vt 0.326531 0.000000
vt 0.306122 0.000000
vt 0.285714 0.000000
vt 0.265306 0.000000
vt 0.045455 1.000000
vt 0.000000 1.000000
vt 0.090909 1.000000
vt 0.045455 0.000000
vt 0.136364 1.000000
vt 0.181818 1.000000
vt 0.136364 0.000000
vt 0.227273 1.000000
vt 0.272727 1.000000
vt 0.227273 0.000000
vt 0.318182 1.000000
vt 0.363636 1.000000
vt 0.318182 0.000000
vt 0.409091 1.000000
vt 0.454545 1.000000
vt 0.409091 0.000000
vt 0.500000 1.000000
vt 0.545455 1.000000
vt 0.590909 1.000000
vt 0.636364 1.000000
vt 0.590909 0.000000
vt 0.681818 1.000000
vt 0.727273 1.000000
vt 0.681818 0.000000
vt 0.772727 1.000000
vt 0.818182 1.000000
vt 0.772727 0.000000
vt 0.863636 1.000000
vt 0.909091 1.000000
vt 0.863636 0.000000
vt 0.954545 1.000000
vt 1.000000 1.000000
vt 0.954545 0.000000
vt 0.083333 1.000000
vt 0.166667 1.000000
vt 0.083333 0.000000
vt 0.250000 1.000000
vt 0.333333 1.000000
vt 0.250000 0.000000
vt 0.416667 1.000000
vt 0.416667 0.000000
vt 0.583333 1.000000
vt 0.666667 1.000000
vt 0.583333 0.000000
vt 0.750000 1.000000
vt 0.833333 1.000000
vt 0.750000 0.000000
vt 0.916667 1.000000
vt 0.916667 0.000000
vt 0.052632 1.000000
vt 0.105263 1.000000
vt 0.157895 1.000000
vt 0.210526 1.000000
vt 0.263158 1.000000
vt 0.315789 1.000000
vt 0.368421 1.000000
vt 0.421053 1.000000
vt 0.473684 1.000000
vt 0.526316 1.000000
vt 0.578947 1.000000
vt 0.631579 1.000000
vt 0.684211 1.000000
vt 0.736842 1.000000
vt 0.789474 1.000000
vt 0.842105 1.000000
vt 0.894737 1.000000
vt 0.947368 1.000000
vt 0.050000 1.000000
vt 0.100000 1.000000
vt 0.050000 0.000000
vt 0.150000 1.000000
vt 0.200000 1.000000
vt 0.150000 0.000000
vt 0.300000 1.000000
vt 0.350000 1.000000
vt 0.400000 1.000000
vt 0.350000 0.000000
vt 0.450000 1.000000
vt 0.450000 0.000000
vt 0.550000 1.000000
vt 0.600000 1.000000
vt 0.550000 0.000000
vt 0.650000 1.000000
vt 0.700000 1.000000
vt 0.650000 0.000000
vt 0.800000 1.000000
vt 0.850000 1.000000
vt 0.900000 1.000000
vt 0.850000 0.000000
vt 0.950000 1.000000
vt 0.950000 0.000000
vt 0.043478 1.000000
vt 0.086957 1.000000
vt 0.043478 0.000000
vt 0.130435 1.000000
vt 0.086957 0.000000
vt 0.173913 1.000000
vt 0.130435 0.000000
vt 0.217391 1.000000
vt 0.173913 0.000000
vt 0.260870 1.000000
vt 0.217391 0.000000
vt 0.304348 1.000000
vt 0.260870 0.000000
vt 0.347826 1.000000
vt 0.304348 0.000000
vt 0.391304 1.000000
vt 0.347826 0.000000
vt 0.434783 1.000000
vt 0.391304 0.000000
vt 0.478261 1.000000
vt 0.434783 0.000000
vt 0.521739 1.000000
vt 0.478261 0.000000
vt 0.565217 1.000000
vt 0.521739 0.000000
vt 0.608696 1.000000
vt 0.565217 0.000000
vt 0.652174 1.000000
vt 0.608696 0.000000
vt 0.695652 1.000000
vt 0.652174 0.000000
vt 0.739130 1.000000
vt 0.695652 0.000000
vt 0.782609 1.000000
vt 0.739130 0.000000
vt 0.826087 1.000000
vt 0.782609 0.000000
vt 0.869565 1.000000
vt 0.826087 0.000000
vt 0.913043 1.000000
vt 0.869565 0.000000
vt 0.956522 1.000000
vt 0.913043 0.000000
vt 0.956522 0.000000
vt 0.125000 1.000000
vt 0.125000 0.000000
vt 0.375000 1.000000
vt 0.375000 0.000000
vt 0.625000 1.000000
vt 0.625000 0.000000
vt 0.875000 1.000000
vt 0.875000 0.000000
s 0
usemtl Material.006
f 3/1/1 2/2/1 12/3/1
f 3/1/1 12/3/1 11/4/1
f 11/4/1 10/5/1 3/1/1
f 7/6/1 5/7/1 4/8/1
f 5/7/1 7/6/1 6/9/1
f 7/6/1 4/8/1 8/10/1
f 12/3/1 2/2/1 1/11/1
f 9/12/1 12/3/1 1/11/1
f 10/5/1 9/12/1 1/11/1
f 1/11/1 8/10/1 10/5/1
f 3/1/1 10/5/1 8/10/1
f 8/10/1 4/8/1 3/1/1
f 17/13/1 16/14/1 18/15/1
f 35/16/1 34/17/1 13/11/1
f 15/18/1 14/19/1 16/14/1
f 36/20/1 13/11/1 37/21/1
f 19/22/1 39/23/1 38/24/1
f 38/24/1 20/25/1 19/22/1
f 13/11/1 36/20/1 14/19/1
f 16/14/1 14/19/1 36/20/1
f 36/20/1 39/23/1 16/14/1
f 18/15/1 16/14/1 39/23/1
f 39/23/1 19/22/1 18/15/1
f 32/26/1 30/27/1 33/28/1
f 40/29/1 33/28/1 30/27/1
f 30/27/1 41/30/1 40/29/1
f 27/31/1 25/32/1 42/33/1
f 24/34/1 42/33/1 25/32/1
f 29/35/1 28/36/1 27/31/1
f 25/32/1 27/31/1 26/37/1
f 41/30/1 30/27/1 29/35/1
f 29/35/1 27/31/1 41/30/1
f 27/31/1 42/33/1 41/30/1
f 23/38/1 43/3/1 42/33/1
f 42/33/1 24/34/1 23/38/1
f 13/11/1 34/17/1 33/28/1
f 37/21/1 13/11/1 33/28/1
f 33/28/1 40/29/1 37/21/1
f 38/24/1 37/21/1 40/29/1
f 40/29/1 43/3/1 38/24/1
f 20/25/1 38/24/1 43/3/1
f 43/3/1 23/38/1 20/25/1
f 21/39/1 20/25/1 23/38/1
f 23/38/1 22/40/1 21/39/1
f 30/27/1 32/26/1 31/41/1
f 46/42/1 45/43/1 44/11/1
f 63/44/1 70/45/1 44/11/1
f 46/42/1 44/11/1 70/45/1
f 70/45/1 69/46/1 46/42/1
f 69/46/1 47/47/1 46/42/1
f 68/48/1 49/49/1 48/50/1
f 70/45/1 63/44/1 62/28/1
f 62/28/1 71/3/1 70/45/1
f 68/48/1 48/50/1 69/46/1
f 47/47/1 69/46/1 48/50/1
f 67/51/1 59/52/1 58/53/1
f 55/54/1 54/55/1 56/56/1
f 57/57/1 56/56/1 54/55/1
f 65/58/1 64/59/1 57/57/1
f 57/57/1 54/55/1 65/58/1
f 53/38/1 65/58/1 54/55/1
f 57/57/1 64/59/1 58/53/1
f 67/51/1 58/53/1 64/59/1
f 52/60/1 66/61/1 65/58/1
f 65/58/1 53/38/1 52/60/1
f 62/28/1 61/62/1 60/63/1
f 60/63/1 59/52/1 62/28/1
f 71/3/1 62/28/1 59/52/1
f 59/52/1 67/51/1 71/3/1
f 68/48/1 71/3/1 67/51/1
f 67/51/1 66/61/1 68/48/1
f 49/49/1 68/48/1 66/61/1
f 66/61/1 52/60/1 49/49/1
f 50/64/1 49/49/1 52/60/1
f 52/60/1 51/65/1 50/64/1
f 75/66/1 74/67/1 92/68/1
f 92/68/1 91/36/1 75/66/1
f 90/69/1 92/68/1 72/11/1
f 92/68/1 74/67/1 72/11/1
f 73/70/1 72/11/1 74/67/1
f 94/71/1 77/72/1 76/73/1
f 93/74/1 95/75/1 98/76/1
f 98/76/1 108/77/1 93/74/1
f 108/77/1 107/78/1 94/71/1
f 107/78/1 105/79/1 94/71/1
f 77/72/1 94/71/1 83/80/1
f 95/75/1 93/74/1 90/69/1
f 92/68/1 90/69/1 93/74/1
f 93/74/1 108/77/1 94/71/1
f 94/71/1 76/73/1 91/36/1
f 75/66/1 91/36/1 76/73/1
f 79/81/1 78/82/1 77/72/1
f 106/83/1 110/3/1 102/84/1
f 102/84/1 103/85/1 106/83/1
f 97/86/1 96/87/1 99/88/1
f 109/89/1 97/86/1 99/88/1
f 102/84/1 110/3/1 109/89/1
f 100/90/1 89/91/1 88/92/1
f 88/92/1 101/93/1 100/90/1
f 85/94/1 87/95/1 86/96/1
f 81/97/1 80/98/1 82/99/1
f 101/93/1 88/92/1 87/95/1
f 87/95/1 85/94/1 101/93/1
f 84/100/1 101/93/1 85/94/1
f 99/88/1 96/87/1 89/91/1
f 89/91/1 100/90/1 99/88/1
f 109/89/1 99/88/1 102/84/1
f 101/93/1 84/100/1 102/84/1
f 95/75/1 90/69/1 89/91/1
f 89/91/1 96/87/1 95/75/1
f 108/77/1 98/76/1 97/86/1
f 97/86/1 109/89/1 108/77/1
f 105/79/1 107/78/1 110/3/1
f 110/3/1 106/83/1 105/79/1
f 94/71/1 105/79/1 104/101/1
f 83/80/1 94/71/1 104/101/1
f 104/101/1 103/85/1 83/80/1
f 103/85/1 102/84/1 84/100/1
f 77/72/1 83/80/1 82/99/1
f 79/81/1 77/72/1 82/99/1
f 82/99/1 80/98/1 79/81/1
f 83/80/1 103/85/1 84/100/1
f 134/102/1 133/103/1 135/104/1
f 137/105/1 144/106/1 143/107/1
f 133/103/1 144/106/1 137/105/1
f 135/104/1 133/103/1 137/105/1
f 135/104/1 137/105/1 136/108/1
f 150/109/1 132/110/1 131/111/1
f 131/111/1 151/112/1 150/109/1
f 146/113/1 149/114/1 152/115/1
f 152/115/1 147/116/1 146/113/1
f 115/117/1 145/118/1 148/119/1
f 148/119/1 116/120/1 115/117/1
f 132/110/1 150/109/1 111/11/1
f 150/109/1 149/114/1 111/11/1
f 112/121/1 111/11/1 149/114/1
f 149/114/1 146/113/1 113/122/1
f 114/123/1 113/122/1 146/113/1
f 146/113/1 145/118/1 114/123/1
f 145/118/1 115/117/1 114/123/1
f 119/124/1 118/125/1 117/126/1
f 156/127/1 130/128/1 129/129/1
f 129/129/1 153/130/1 156/127/1
f 160/3/1 155/131/1 154/132/1
f 154/132/1 157/133/1 160/3/1
f 123/134/1 159/135/1 158/136/1
f 138/137/1 142/138/1 141/139/1
f 141/139/1 140/140/1 138/137/1
f 121/141/1 120/142/1 122/143/1
f 142/138/1 138/137/1 143/107/1
f 138/137/1 140/140/1 139/144/1
f 153/130/1 129/129/1 128/145/1
f 154/132/1 153/130/1 128/145/1
f 128/145/1 127/146/1 154/132/1
f 157/133/1 154/132/1 126/147/1
f 126/147/1 125/148/1 157/133/1
f 158/136/1 157/133/1 125/148/1
f 125/148/1 124/149/1 158/136/1
f 123/134/1 158/136/1 124/149/1
f 151/112/1 131/111/1 130/128/1
f 130/128/1 156/127/1 151/112/1
f 152/115/1 151/112/1 156/127/1
f 156/127/1 155/131/1 152/115/1
f 147/116/1 152/115/1 155/131/1
f 155/131/1 160/3/1 147/116/1
f 148/119/1 147/116/1 160/3/1
f 160/3/1 159/135/1 148/119/1
f 116/120/1 148/119/1 159/135/1
f 159/135/1 123/134/1 116/120/1
f 117/126/1 116/120/1 123/134/1
f 123/134/1 122/143/1 117/126/1
f 119/124/1 117/126/1 122/143/1
f 122/143/1 120/142/1 119/124/1
f 112/121/1 149/114/1 113/122/1
f 154/132/1 127/146/1 126/147/1
f 143/107/1 138/137/1 137/105/1
f 163/1/2 172/3/2 162/2/2
f 163/1/2 171/4/2 172/3/2
f 171/4/2 163/1/2 170/5/2
f 167/6/2 164/8/2 165/7/2
f 165/7/2 166/9/2 167/6/2
f 167/6/2 168/10/2 164/8/2
f 172/3/2 161/11/2 162/2/2
f 169/12/2 161/11/2 172/3/2
f 170/5/2 161/11/2 169/12/2
f 161/11/2 170/5/2 168/10/2
f 163/1/2 168/10/2 170/5/2
f 168/10/2 163/1/2 164/8/2
f 177/13/2 178/15/2 176/14/2
f 195/16/2 173/11/2 194/17/2
f 175/18/2 176/14/2 174/19/2
f 196/20/2 197/21/2 173/11/2
f 179/22/2 198/24/2 199/23/2
f 198/24/2 179/22/2 180/25/2
f 173/11/2 174/19/2 196/20/2
f 176/14/2 196/20/2 174/19/2
f 196/20/2 176/14/2 199/23/2
f 178/15/2 199/23/2 176/14/2
f 199/23/2 178/15/2 179/22/2
f 192/26/2 193/28/2 190/27/2
f 200/29/2 190/27/2 193/28/2
f 190/27/2 200/29/2 201/30/2
f 187/31/2 202/33/2 185/32/2
f 184/34/2 185/32/2 202/33/2
f 189/35/2 187/31/2 188/36/2
f 185/32/2 186/37/2 187/31/2
f 201/30/2 189/35/2 190/27/2
f 189/35/2 201/30/2 187/31/2
f 187/31/2 201/30/2 202/33/2
f 183/38/2 202/33/2 203/3/2
f 202/33/2 183/38/2 184/34/2
f 173/11/2 193/28/2 194/17/2
f 197/21/2 193/28/2 173/11/2
f 193/28/2 197/21/2 200/29/2
f 198/24/2 200/29/2 197/21/2
f 200/29/2 198/24/2 203/3/2
f 180/25/2 203/3/2 198/24/2
f 203/3/2 180/25/2 183/38/2
f 181/39/2 183/38/2 180/25/2
f 183/38/2 181/39/2 182/40/2
f 190/27/2 191/41/2 192/26/2
f 206/42/2 204/11/2 205/43/2
f 223/44/2 204/11/2 230/45/2
f 206/42/2 230/45/2 204/11/2
f 230/45/2 206/42/2 229/46/2
f 229/46/2 206/42/2 207/47/2
f 228/48/2 208/50/2 209/49/2
f 230/45/2 222/28/2 223/44/2
f 222/28/2 230/45/2 231/3/2
f 228/48/2 229/46/2 208/50/2
f 207/47/2 208/50/2 229/46/2
f 227/51/2 218/53/2 219/52/2
f 215/54/2 216/56/2 214/55/2
f 217/57/2 214/55/2 216/56/2
f 225/58/2 217/57/2 224/59/2
f 217/57/2 225/58/2 214/55/2
f 213/38/2 214/55/2 225/58/2
f 217/57/2 218/53/2 224/59/2
f 227/51/2 224/59/2 218/53/2
f 212/60/2 225/58/2 226/61/2
f 225/58/2 212/60/2 213/38/2
f 222/28/2 220/63/2 221/62/2
f 220/63/2 222/28/2 219/52/2
f 231/3/2 219/52/2 222/28/2
f 219/52/2 231/3/2 227/51/2
f 228/48/2 227/51/2 231/3/2
f 227/51/2 228/48/2 226/61/2
f 209/49/2 226/61/2 228/48/2
f 226/61/2 209/49/2 212/60/2
f 210/64/2 212/60/2 209/49/2
f 212/60/2 210/64/2 211/65/2
f 235/66/2 252/68/2 234/67/2
f 252/68/2 235/66/2 251/36/2
f 250/69/2 232/11/2 252/68/2
f 252/68/2 232/11/2 234/67/2
f 233/70/2 234/67/2 232/11/2
f 254/71/2 236/73/2 237/72/2
f 253/74/2 258/76/2 255/75/2
f 258/76/2 253/74/2 268/77/2
f 268/77/2 254/71/2 267/78/2
f 267/78/2 254/71/2 265/79/2
f 237/72/2 243/80/2 254/71/2
f 255/75/2 250/69/2 253/74/2
f 252/68/2 253/74/2 250/69/2
f 253/74/2 254/71/2 268/77/2
f 254/71/2 251/36/2 236/73/2
f 235/66/2 236/73/2 251/36/2
f 239/81/2 237/72/2 238/82/2
f 266/83/2 262/84/2 270/3/2
f 262/84/2 266/83/2 263/85/2
f 257/86/2 259/88/2 256/87/2
f 269/89/2 259/88/2 257/86/2
f 262/84/2 269/89/2 270/3/2
f 260/90/2 248/92/2 249/91/2
f 248/92/2 260/90/2 261/93/2
f 245/94/2 246/96/2 247/95/2
f 241/97/2 242/99/2 240/98/2
f 261/93/2 247/95/2 248/92/2
f 247/95/2 261/93/2 245/94/2
f 244/100/2 245/94/2 261/93/2
f 259/88/2 249/91/2 256/87/2
f 249/91/2 259/88/2 260/90/2
f 269/89/2 262/84/2 259/88/2
f 261/93/2 262/84/2 244/100/2
f 255/75/2 249/91/2 250/69/2
f 249/91/2 255/75/2 256/87/2
f 268/77/2 257/86/2 258/76/2
f 257/86/2 268/77/2 269/89/2
f 265/79/2 270/3/2 267/78/2
f 270/3/2 265/79/2 266/83/2
f 254/71/2 264/101/2 265/79/2
f 243/80/2 264/101/2 254/71/2
f 264/101/2 243/80/2 263/85/2
f 263/85/2 244/100/2 262/84/2
f 237/72/2 242/99/2 243/80/2
f 239/81/2 242/99/2 237/72/2
f 242/99/2 239/81/2 240/98/2
f 243/80/2 244/100/2 263/85/2
f 294/102/2 295/104/2 293/103/2
f 297/105/2 303/107/2 304/106/2
f 293/103/2 297/105/2 304/106/2
f 295/104/2 297/105/2 293/103/2
f 295/104/2 296/108/2 297/105/2
f 310/109/2 291/111/2 292/110/2
f 291/111/2 310/109/2 311/112/2
f 306/113/2 312/115/2 309/114/2
f 312/115/2 306/113/2 307/116/2
f 275/117/2 308/119/2 305/118/2
f 308/119/2 275/117/2 276/120/2
f 292/110/2 271/11/2 310/109/2
f 310/109/2 271/11/2 309/114/2
f 272/121/2 309/114/2 271/11/2
f 309/114/2 273/122/2 306/113/2
f 274/123/2 306/113/2 273/122/2
f 306/113/2 274/123/2 305/118/2
f 305/118/2 274/123/2 275/117/2
f 279/124/2 277/126/2 278/125/2
f 316/127/2 289/129/2 290/128/2
f 289/129/2 316/127/2 313/130/2
f 320/3/2 314/132/2 315/131/2
f 314/132/2 320/3/2 317/133/2
f 283/134/2 318/136/2 319/135/2
f 298/137/2 301/139/2 302/138/2
f 301/139/2 298/137/2 300/140/2
f 281/141/2 282/143/2 280/142/2
f 302/138/2 303/107/2 298/137/2
f 298/137/2 299/144/2 300/140/2
f 313/130/2 288/145/2 289/129/2
f 314/132/2 288/145/2 313/130/2
f 288/145/2 314/132/2 287/146/2
f 317/133/2 286/147/2 314/132/2
f 286/147/2 317/133/2 285/148/2
f 318/136/2 285/148/2 317/133/2
f 285/148/2 318/136/2 284/149/2
f 283/134/2 284/149/2 318/136/2
f 311/112/2 290/128/2 291/111/2
f 290/128/2 311/112/2 316/127/2
f 312/115/2 316/127/2 311/112/2
f 316/127/2 312/115/2 315/131/2
f 307/116/2 315/131/2 312/115/2
f 315/131/2 307/116/2 320/3/2
f 308/119/2 320/3/2 307/116/2
f 320/3/2 308/119/2 319/135/2
f 276/120/2 319/135/2 308/119/2
f 319/135/2 276/120/2 283/134/2
f 277/126/2 283/134/2 276/120/2
f 283/134/2 277/126/2 282/143/2
f 279/124/2 282/143/2 277/126/2
f 282/143/2 279/124/2 280/142/2
f 272/121/2 273/122/2 309/114/2
f 314/132/2 286/147/2 287/146/2
f 303/107/2 297/105/2 298/137/2
s 1
f 324/150/3 321/11/4 322/151/4
f 326/152/5 323/153/3 324/150/3
f 328/154/6 325/2/5 326/152/5
f 330/155/6 327/156/6 328/154/6
f 332/157/7 329/1/6 330/155/6
f 334/158/8 331/159/9 332/157/7
f 336/160/10 333/8/8 334/158/8
f 338/161/11 335/162/10 336/160/10
f 340/163/12 337/7/11 338/161/11
f 342/164/13 339/165/12 340/163/12
f 344/166/14 341/9/13 342/164/13
f 346/167/15 343/36/16 344/166/14
f 348/168/6 345/6/15 346/167/15
f 350/169/6 347/170/6 348/168/6
f 352/171/17 349/10/6 350/169/6
f 354/172/18 351/173/17 352/171/17
f 356/174/4 353/12/18 354/172/18
f 358/175/4 355/176/4 356/174/4
f 360/177/4 357/5/4 358/175/4
f 362/178/4 359/179/4 360/177/4
f 364/180/4 361/4/4 362/178/4
f 322/181/4 363/182/4 364/180/4
f 368/183/19 365/11/4 366/151/4
f 370/184/20 367/185/19 368/183/19
f 372/186/21 369/15/20 370/184/20
f 374/187/21 371/188/21 372/186/21
f 376/189/22 373/38/21 374/187/21
f 378/166/22 375/190/22 376/189/22
f 380/191/23 377/36/22 378/166/22
f 382/192/24 379/193/23 380/191/23
f 384/194/4 381/28/24 382/192/24
f 386/195/4 383/196/4 384/194/4
f 388/197/4 385/24/4 386/195/4
f 366/181/4 387/198/4 388/197/4
f 392/186/25 389/11/26 390/151/26
f 394/166/27 391/188/25 392/186/25
f 396/194/28 393/36/27 394/166/27
f 390/181/26 395/196/28 396/194/28
f 400/186/29 397/11/30 398/151/30
f 402/166/31 399/188/29 400/186/29
f 404/194/32 401/36/31 402/166/31
f 398/181/30 403/196/32 404/194/32
f 408/186/33 405/11/34 406/151/34
f 410/166/35 407/188/33 408/186/33
f 412/194/36 409/36/35 410/166/35
f 406/181/34 411/196/36 412/194/36
f 416/186/28 413/11/27 414/151/27
f 418/166/26 415/188/28 416/186/28
f 420/194/25 417/36/26 418/166/26
f 414/181/27 419/196/25 420/194/25
f 424/199/19 421/11/4 422/151/4
f 426/200/20 423/67/19 424/199/19
f 428/201/6 425/73/20 426/200/20
f 430/202/37 427/82/6 428/201/6
f 432/203/38 429/98/39 430/202/37
f 434/204/10 431/99/40 432/203/38
f 436/205/11 433/100/10 434/204/10
f 438/206/41 435/96/11 436/205/11
f 440/207/42 437/92/41 438/206/41
f 442/208/43 439/69/42 440/207/42
f 444/209/44 441/68/45 442/208/43
f 446/210/6 443/71/46 444/209/44
f 448/211/6 445/87/6 446/210/6
f 450/212/23 447/76/6 448/211/6
f 452/213/24 449/90/23 450/212/23
f 454/214/4 451/84/24 452/213/24
f 456/215/4 453/101/4 454/214/4
f 458/216/4 455/83/4 456/215/4
f 422/181/4 457/77/4 458/216/4
f 462/186/47 459/11/48 460/151/49
f 464/166/50 461/188/51 462/186/47
f 466/194/52 463/36/50 464/166/50
f 460/181/49 465/196/53 466/194/52
f 470/186/54 467/11/55 468/151/55
f 472/166/56 469/188/54 470/186/54
f 474/194/57 471/36/56 472/166/56
f 468/181/55 473/196/57 474/194/57
f 478/186/58 475/11/59 476/151/60
f 480/166/61 477/188/62 478/186/58
f 482/194/63 479/36/64 480/166/61
f 476/181/60 481/196/63 482/194/63
f 486/186/65 483/11/66 484/151/67
f 488/166/68 485/188/65 486/186/65
f 490/194/69 487/36/70 488/166/68
f 484/181/67 489/196/69 490/194/69
f 494/186/71 491/11/72 492/151/72
f 496/166/73 493/188/71 494/186/71
f 498/194/74 495/36/73 496/166/73
f 492/181/72 497/196/74 498/194/74
f 502/217/75 499/11/4 500/151/4
f 504/218/76 501/219/75 502/217/75
f 506/220/6 503/14/76 504/218/76
f 508/221/6 505/222/6 506/220/6
f 510/186/77 507/22/6 508/221/6
f 512/223/77 509/188/77 510/186/77
f 514/224/60 511/40/77 512/223/77
f 516/225/60 513/226/60 514/224/60
f 518/227/6 515/32/17 516/225/60
f 520/166/6 517/228/6 518/227/6
f 522/229/78 519/36/6 520/166/6
f 524/230/79 521/231/78 522/229/78
f 526/232/4 523/41/79 524/230/79
f 528/233/4 525/234/4 526/232/4
f 530/194/80 527/17/4 528/233/4
f 532/235/81 529/196/81 530/194/80
f 534/236/82 531/21/81 532/235/81
f 536/237/82 533/238/82 534/236/82
f 538/239/4 535/29/82 536/237/82
f 500/181/4 537/240/4 538/239/4
f 542/186/83 539/11/84 540/151/84
f 544/166/85 541/188/83 542/186/83
f 546/194/86 543/36/85 544/166/85
f 540/181/84 545/196/86 546/194/86
f 550/186/85 547/11/83 548/151/83
f 552/166/86 549/188/85 550/186/85
f 554/194/84 551/36/86 552/166/86
f 548/181/83 553/196/84 554/194/84
f 558/241/10 555/11/87 556/151/88
f 560/242/11 557/243/10 558/241/10
f 562/244/62 559/245/11 560/242/11
f 564/246/62 561/247/62 562/244/62
f 566/248/6 563/249/62 564/246/62
f 568/250/6 565/251/6 566/248/6
f 570/252/11 567/253/6 568/250/6
f 572/254/89 569/255/89 570/252/11
f 574/256/12 571/257/11 572/254/89
f 576/258/12 573/259/12 574/256/12
f 578/260/6 575/261/12 576/258/12
f 580/262/6 577/263/6 578/260/6
f 582/264/51 579/265/6 580/262/6
f 584/266/51 581/267/51 582/264/51
f 586/268/12 583/269/51 584/266/51
f 588/270/13 585/271/12 586/268/12
f 590/272/90 587/273/13 588/270/13
f 592/274/91 589/275/91 590/272/90
f 594/276/92 591/277/90 592/274/91
f 596/278/93 593/279/94 594/276/92
f 598/280/95 595/281/96 596/278/93
f 600/282/88 597/283/97 598/280/95
f 556/181/88 599/284/88 600/282/88
f 604/186/98 601/11/99 602/151/100
f 606/166/101 603/188/98 604/186/98
f 608/194/102 605/36/103 606/166/101
f 602/181/100 607/196/102 608/194/102
f 612/186/98 609/11/99 610/151/100
f 614/166/101 611/188/98 612/186/98
f 616/194/102 613/36/103 614/166/101
f 610/181/100 615/196/102 616/194/102
f 620/285/103 617/11/104 618/151/105
f 622/186/106 619/286/107 620/285/103
f 624/287/108 621/188/106 622/186/106
f 626/166/109 623/288/36 624/287/108
f 628/289/8 625/36/35 626/166/109
f 630/194/8 627/290/8 628/289/8
f 632/291/105 629/196/8 630/194/8
f 618/181/105 631/292/105 632/291/105
f 636/186/110 633/11/111 634/151/111
f 638/166/112 635/188/110 636/186/110
f 640/194/113 637/36/112 638/166/112
f 634/181/111 639/196/113 640/194/113
f 324/150/3 323/153/3 321/11/4
f 326/152/5 325/2/5 323/153/3
f 328/154/6 327/156/6 325/2/5
f 330/155/6 329/1/6 327/156/6
f 332/157/7 331/159/9 329/1/6
f 334/158/8 333/8/8 331/159/9
f 336/160/10 335/162/10 333/8/8
f 338/161/11 337/7/11 335/162/10
f 340/163/12 339/165/12 337/7/11
f 342/164/13 341/9/13 339/165/12
f 344/166/14 343/36/16 341/9/13
f 346/167/15 345/6/15 343/36/16
f 348/168/6 347/170/6 345/6/15
f 350/169/6 349/10/6 347/170/6
f 352/171/17 351/173/17 349/10/6
f 354/172/18 353/12/18 351/173/17
f 356/174/4 355/176/4 353/12/18
f 358/175/4 357/5/4 355/176/4
f 360/177/4 359/179/4 357/5/4
f 362/178/4 361/4/4 359/179/4
f 364/180/4 363/182/4 361/4/4
f 322/181/4 321/3/4 363/182/4
f 368/183/19 367/185/19 365/11/4
f 370/184/20 369/15/20 367/185/19
f 372/186/21 371/188/21 369/15/20
f 374/187/21 373/38/21 371/188/21
f 376/189/22 375/190/22 373/38/21
f 378/166/22 377/36/22 375/190/22
f 380/191/23 379/193/23 377/36/22
f 382/192/24 381/28/24 379/193/23
f 384/194/4 383/196/4 381/28/24
f 386/195/4 385/24/4 383/196/4
f 388/197/4 387/198/4 385/24/4
f 366/181/4 365/3/4 387/198/4
f 392/186/25 391/188/25 389/11/26
f 394/166/27 393/36/27 391/188/25
f 396/194/28 395/196/28 393/36/27
f 390/181/26 389/3/26 395/196/28
f 400/186/29 399/188/29 397/11/30
f 402/166/31 401/36/31 399/188/29
f 404/194/32 403/196/32 401/36/31
f 398/181/30 397/3/30 403/196/32
f 408/186/33 407/188/33 405/11/34
f 410/166/35 409/36/35 407/188/33
f 412/194/36 411/196/36 409/36/35
f 406/181/34 405/3/34 411/196/36
f 416/186/28 415/188/28 413/11/27
f 418/166/26 417/36/26 415/188/28
f 420/194/25 419/196/25 417/36/26
f 414/181/27 413/3/27 419/196/25
f 424/199/19 423/67/19 421/11/4
f 426/200/20 425/73/20 423/67/19
f 428/201/6 427/82/6 425/73/20
f 430/202/37 429/98/39 427/82/6
f 432/203/38 431/99/40 429/98/39
f 434/204/10 433/100/10 431/99/40
f 436/205/11 435/96/11 433/100/10
f 438/206/41 437/92/41 435/96/11
f 440/207/42 439/69/42 437/92/41
f 442/208/43 441/68/45 439/69/42
f 444/209/44 443/71/46 441/68/45
f 446/210/6 445/87/6 443/71/46
f 448/211/6 447/76/6 445/87/6
f 450/212/23 449/90/23 447/76/6
f 452/213/24 451/84/24 449/90/23
f 454/214/4 453/101/4 451/84/24
f 456/215/4 455/83/4 453/101/4
f 458/216/4 457/77/4 455/83/4
f 422/181/4 421/3/4 457/77/4
f 462/186/47 461/188/51 459/11/48
f 464/166/50 463/36/50 461/188/51
f 466/194/52 465/196/53 463/36/50
f 460/181/49 459/3/48 465/196/53
f 470/186/54 469/188/54 467/11/55
f 472/166/56 471/36/56 469/188/54
f 474/194/57 473/196/57 471/36/56
f 468/181/55 467/3/55 473/196/57
f 478/186/58 477/188/62 475/11/59
f 480/166/61 479/36/64 477/188/62
f 482/194/63 481/196/63 479/36/64
f 476/181/60 475/3/59 481/196/63
f 486/186/65 485/188/65 483/11/66
f 488/166/68 487/36/70 485/188/65
f 490/194/69 489/196/69 487/36/70
f 484/181/67 483/3/66 489/196/69
f 494/186/71 493/188/71 491/11/72
f 496/166/73 495/36/73 493/188/71
f 498/194/74 497/196/74 495/36/73
f 492/181/72 491/3/72 497/196/74
f 502/217/75 501/219/75 499/11/4
f 504/218/76 503/14/76 501/219/75
f 506/220/6 505/222/6 503/14/76
f 508/221/6 507/22/6 505/222/6
f 510/186/77 509/188/77 507/22/6
f 512/223/77 511/40/77 509/188/77
f 514/224/60 513/226/60 511/40/77
f 516/225/60 515/32/17 513/226/60
f 518/227/6 517/228/6 515/32/17
f 520/166/6 519/36/6 517/228/6
f 522/229/78 521/231/78 519/36/6
f 524/230/79 523/41/79 521/231/78
f 526/232/4 525/234/4 523/41/79
f 528/233/4 527/17/4 525/234/4
f 530/194/80 529/196/81 527/17/4
f 532/235/81 531/21/81 529/196/81
f 534/236/82 533/238/82 531/21/81
f 536/237/82 535/29/82 533/238/82
f 538/239/4 537/240/4 535/29/82
f 500/181/4 499/3/4 537/240/4
f 542/186/83 541/188/83 539/11/84
f 544/166/85 543/36/85 541/188/83
f 546/194/86 545/196/86 543/36/85
f 540/181/84 539/3/84 545/196/86
f 550/186/85 549/188/85 547/11/83
f 552/166/86 551/36/86 549/188/85
f 554/194/84 553/196/84 551/36/86
f 548/181/83 547/3/83 553/196/84
f 558/241/10 557/243/10 555/11/87
f 560/242/11 559/245/11 557/243/10
f 562/244/62 561/247/62 559/245/11
f 564/246/62 563/249/62 561/247/62
f 566/248/6 565/251/6 563/249/62
f 568/250/6 567/253/6 565/251/6
f 570/252/11 569/255/89 567/253/6
f 572/254/89 571/257/11 569/255/89
f 574/256/12 573/259/12 571/257/11
f 576/258/12 575/261/12 573/259/12
f 578/260/6 577/263/6 575/261/12
f 580/262/6 579/265/6 577/263/6
f 582/264/51 581/267/51 579/265/6
f 584/266/51 583/269/51 581/267/51
f 586/268/12 585/271/12 583/269/51
f 588/270/13 587/273/13 585/271/12
f 590/272/90 589/275/91 587/273/13
f 592/274/91 591/277/90 589/275/91
f 594/276/92 593/279/94 591/277/90
f 596/278/93 595/281/96 593/279/94
f 598/280/95 597/283/97 595/281/96
f 600/282/88 599/284/88 597/283/97
f 556/181/88 555/3/87 599/284/88
f 604/186/98 603/188/98 601/11/99
f 606/166/101 605/36/103 603/188/98
f 608/194/102 607/196/102 605/36/103
f 602/181/100 601/3/99 607/196/102
f 612/186/98 611/188/98 609/11/99
f 614/166/101 613/36/103 611/188/98
f 616/194/102 615/196/102 613/36/103
f 610/181/100 609/3/99 615/196/102
f 620/285/103 619/286/107 617/11/104
f 622/186/106 621/188/106 619/286/107
f 624/287/108 623/288/36 621/188/106
f 626/166/109 625/36/35 623/288/36
f 628/289/8 627/290/8 625/36/35
f 630/194/8 629/196/8 627/290/8
f 632/291/105 631/292/105 629/196/8
f 618/181/105 617/3/104 631/292/105
f 636/186/110 635/188/110 633/11/111
f 638/166/112 637/36/112 635/188/110
f 640/194/113 639/196/113 637/36/112
f 634/181/111 633/3/111 639/196/113
o Text.004
v 4.624584 0.050000 -0.252383
v 4.229322 0.050000 -0.266183
v 4.232311 0.050000 -0.320461
v 4.627574 0.050000 -0.305741
v 4.532495 0.050000 -0.093230
v 4.168926 0.050000 -0.093230
v 4.171318 0.050000 -0.147508
v 4.667040 0.050000 -0.147508
v 4.644915 0.050000 0.220478
v 4.206001 0.050000 0.220478
v 4.208991 0.050000 0.166200
v 4.516948 0.050000 0.166200
v 3.872928 0.050000 0.220478
v 3.542845 0.050000 0.220478
v 3.554207 0.050000 0.015326
v 3.758116 0.050000 0.015326
v 3.777252 0.050000 -0.320461
v 3.903425 0.050000 -0.320461
v 3.898641 0.050000 -0.238584
v 4.049331 0.050000 -0.238584
v 4.046341 0.050000 -0.184306
v 3.895651 0.050000 -0.184306
v 3.884289 0.050000 0.015326
v 4.048733 0.050000 0.015326
v 4.045743 0.050000 0.068684
v 3.881299 0.050000 0.068684
v 3.663038 0.050000 0.166200
v 3.749745 0.050000 0.166200
v 3.755126 0.050000 0.068684
v 3.668420 0.050000 0.068684
v 3.193029 0.050000 0.220478
v 2.925734 0.050000 0.220478
v 2.943075 0.050000 -0.086790
v 3.089579 0.050000 -0.086790
v 3.099147 0.050000 -0.248704
v 2.953241 0.050000 -0.248704
v 2.956230 0.050000 -0.302981
v 3.224124 0.050000 -0.302981
v 3.211566 0.050000 -0.086790
v 3.288705 0.050000 -0.086790
v 3.298871 0.050000 -0.231224
v 3.420858 0.050000 -0.231224
v 3.410692 0.050000 -0.086790
v 3.447169 0.050000 -0.086790
v 3.444179 0.050000 -0.032512
v 3.407104 0.050000 -0.032512
v 3.389763 0.050000 0.220478
v 3.267776 0.050000 0.220478
v 3.285117 0.050000 -0.032512
v 3.207978 0.050000 -0.032512
v 3.029184 0.050000 0.166200
v 3.074032 0.050000 0.166200
v 3.085991 0.050000 -0.032512
v 3.041143 0.050000 -0.032512
v 2.613590 0.050000 -0.230304
v 2.330149 0.050000 -0.230304
v 2.333139 0.050000 -0.283662
v 2.850987 0.050000 -0.283662
v 2.847997 0.050000 -0.230304
v 2.768466 0.050000 -0.230304
v 2.520306 0.050000 0.147801
v 2.797169 0.050000 0.167120
v 2.794179 0.050000 0.220478
v 2.367224 0.050000 0.191959
v 2.370214 0.050000 0.137681
v 2.171686 0.050000 0.220478
v 1.738153 0.050000 0.220478
v 1.768650 0.050000 -0.320461
v 1.900205 0.050000 -0.320461
v 1.872698 0.050000 0.166200
v 2.174676 0.050000 0.166200
v 1.559358 0.050000 0.220478
v 1.125826 0.050000 0.220478
v 1.156322 0.050000 -0.320461
v 1.287877 0.050000 -0.320461
v 1.260370 0.050000 0.166200
v 1.562348 0.050000 0.166200
v 0.695881 0.050000 0.091683
v 0.665982 0.050000 0.091683
v 0.689901 0.050000 -0.325061
v 0.715614 0.050000 -0.325061
v 0.776010 0.050000 -0.325061
v 0.937463 0.050000 -0.325061
v 1.002643 0.050000 -0.325061
v 1.023572 0.050000 -0.325061
v 0.999653 0.050000 0.091683
v 0.982311 0.050000 0.091683
v 0.913544 0.050000 0.091683
v 0.885439 0.050000 0.091683
v 0.878264 0.050000 0.220478
v 0.773020 0.050000 0.220478
v 0.780195 0.050000 0.091683
v 0.752091 0.050000 0.091683
v 0.524262 0.050000 -0.207305
v 0.481207 0.050000 -0.207305
v 0.484197 0.050000 -0.262503
v 0.527252 0.050000 -0.262503
v 0.531437 0.050000 -0.331500
v 0.636681 0.050000 -0.331500
v 0.632495 0.050000 -0.262503
v 0.665982 0.050000 -0.262503
v 0.662992 0.050000 -0.207305
v 0.629505 0.050000 -0.207305
v 0.619938 0.050000 -0.037112
v 0.654620 0.050000 -0.041712
v 0.651631 0.050000 0.013486
v 0.616350 0.050000 0.018086
v 0.604989 0.050000 0.220478
v 0.588843 0.050000 0.220478
v 0.499745 0.050000 0.220478
v 0.471042 0.050000 0.220478
v 0.474032 0.050000 0.165280
v 0.502735 0.050000 0.165280
v 0.510508 0.050000 0.032805
v 0.467454 0.050000 0.039245
v 0.470444 0.050000 -0.015953
v 0.513498 0.050000 -0.022393
v 0.773020 0.050000 -0.269863
v 0.766442 0.050000 -0.154867
v 0.794547 0.050000 -0.154867
v 0.800527 0.050000 -0.269863
v 0.762854 0.050000 -0.099670
v 0.755081 0.050000 0.036485
v 0.783185 0.050000 0.036485
v 0.790959 0.050000 -0.099670
v 0.916534 0.050000 0.036485
v 0.924308 0.050000 -0.099670
v 0.896203 0.050000 -0.099670
v 0.888429 0.050000 0.036485
v 0.927896 0.050000 -0.154867
v 0.934473 0.050000 -0.269863
v 0.905770 0.050000 -0.269863
v 0.899791 0.050000 -0.154867
v -0.092850 0.050000 -0.011353
v -0.141884 0.050000 -0.011353
v -0.138894 0.050000 -0.066551
v -0.089860 0.050000 -0.066551
v -0.075508 0.050000 -0.324141
v 0.039303 0.050000 -0.324141
v 0.393305 0.050000 -0.324141
v 0.390315 0.050000 -0.268943
v 0.036313 0.050000 -0.268943
v 0.034519 0.050000 -0.239504
v 0.369386 0.050000 -0.239504
v 0.366396 0.050000 -0.184306
v 0.031529 0.050000 -0.184306
v 0.029736 0.050000 -0.154867
v 0.365798 0.050000 -0.154867
v 0.362808 0.050000 -0.099670
v 0.026746 0.050000 -0.099670
v 0.024952 0.050000 -0.066551
v 0.398089 0.050000 -0.066551
v 0.395099 0.050000 -0.011353
v 0.349055 0.050000 -0.011353
v 0.281483 0.050000 0.084323
v 0.382541 0.050000 0.220478
v 0.258162 0.050000 0.220478
v 0.085945 0.050000 -0.011353
v 0.021962 0.050000 -0.011353
v 0.012394 0.050000 0.165280
v 0.097307 0.050000 0.165280
v 0.094317 0.050000 0.220478
v 0.009404 0.050000 0.220478
v -0.105407 0.050000 0.220478
v 0.242017 0.050000 0.031885
v 0.210324 0.050000 -0.011353
v 0.272514 0.050000 -0.011353
v -0.611295 0.050000 -0.227544
v -0.708167 0.050000 -0.227544
v -0.705177 0.050000 -0.281822
v -0.573024 0.050000 -0.281822
v -0.546116 0.050000 -0.320461
v -0.424726 0.050000 -0.320461
v -0.451635 0.050000 -0.281822
v -0.241148 0.050000 -0.281822
v -0.244138 0.050000 -0.227544
v -0.489308 0.050000 -0.227544
v -0.556281 0.050000 -0.131868
v -0.366125 0.050000 -0.131868
v -0.370909 0.050000 -0.054591
v -0.227992 0.050000 -0.063791
v -0.230982 0.050000 -0.009513
v -0.373898 0.050000 -0.000314
v -0.379280 0.050000 0.085243
v -0.501267 0.050000 0.085243
v -0.496484 0.050000 0.007046
v -0.568241 0.050000 0.011646
v -0.576612 0.050000 0.166200
v -0.268057 0.050000 0.166200
v -0.271047 0.050000 0.220478
v -0.701589 0.050000 0.220478
v -0.687836 0.050000 -0.034352
v -0.492896 0.050000 -0.047232
v -0.491102 0.050000 -0.077590
v -0.715941 0.050000 -0.077590
v 4.624584 -0.050000 -0.252383
v 4.229322 -0.050000 -0.266183
v 4.232311 -0.050000 -0.320461
v 4.627574 -0.050000 -0.305741
v 4.532495 -0.050000 -0.093230
v 4.168926 -0.050000 -0.093230
v 4.171318 -0.050000 -0.147508
v 4.667040 -0.050000 -0.147508
v 4.644915 -0.050000 0.220478
v 4.206001 -0.050000 0.220478
v 4.208991 -0.050000 0.166200
v 4.516948 -0.050000 0.166200
v 3.872928 -0.050000 0.220478
v 3.542845 -0.050000 0.220478
v 3.554207 -0.050000 0.015326
v 3.758116 -0.050000 0.015326
v 3.777252 -0.050000 -0.320461
v 3.903425 -0.050000 -0.320461
v 3.898641 -0.050000 -0.238584
v 4.049331 -0.050000 -0.238584
v 4.046341 -0.050000 -0.184306
v 3.895651 -0.050000 -0.184306
v 3.884289 -0.050000 0.015326
v 4.048733 -0.050000 0.015326
v 4.045743 -0.050000 0.068684
v 3.881299 -0.050000 0.068684
v 3.663038 -0.050000 0.166200
v 3.749745 -0.050000 0.166200
v 3.755126 -0.050000 0.068684
v 3.668420 -0.050000 0.068684
v 3.193029 -0.050000 0.220478
v 2.925734 -0.050000 0.220478
v 2.943075 -0.050000 -0.086790
v 3.089579 -0.050000 -0.086790
v 3.099147 -0.050000 -0.248704
v 2.953241 -0.050000 -0.248704
v 2.956230 -0.050000 -0.302981
v 3.224124 -0.050000 -0.302981
v 3.211566 -0.050000 -0.086790
v 3.288705 -0.050000 -0.086790
v 3.298871 -0.050000 -0.231224
v 3.420858 -0.050000 -0.231224
v 3.410692 -0.050000 -0.086790
v 3.447169 -0.050000 -0.086790
v 3.444179 -0.050000 -0.032512
v 3.407104 -0.050000 -0.032512
v 3.389763 -0.050000 0.220478
v 3.267776 -0.050000 0.220478
v 3.285117 -0.050000 -0.032512
v 3.207978 -0.050000 -0.032512
v 3.029184 -0.050000 0.166200
v 3.074032 -0.050000 0.166200
v 3.085991 -0.050000 -0.032512
v 3.041143 -0.050000 -0.032512
v 2.613590 -0.050000 -0.230304
v 2.330149 -0.050000 -0.230304
v 2.333139 -0.050000 -0.283662
v 2.850987 -0.050000 -0.283662
v 2.847997 -0.050000 -0.230304
v 2.768466 -0.050000 -0.230304
v 2.520306 -0.050000 0.147801
v 2.797169 -0.050000 0.167120
v 2.794179 -0.050000 0.220478
v 2.367224 -0.050000 0.191959
v 2.370214 -0.050000 0.137681
v 2.171686 -0.050000 0.220478
v 1.738153 -0.050000 0.220478
v 1.768650 -0.050000 -0.320461
v 1.900205 -0.050000 -0.320461
v 1.872698 -0.050000 0.166200
v 2.174676 -0.050000 0.166200
v 1.559358 -0.050000 0.220478
v 1.125826 -0.050000 0.220478
v 1.156322 -0.050000 -0.320461
v 1.287877 -0.050000 -0.320461
v 1.260370 -0.050000 0.166200
v 1.562348 -0.050000 0.166200
v 0.695881 -0.050000 0.091683
v 0.665982 -0.050000 0.091683
v 0.689901 -0.050000 -0.325061
v 0.715614 -0.050000 -0.325061
v 0.776010 -0.050000 -0.325061
v 0.937463 -0.050000 -0.325061
v 1.002643 -0.050000 -0.325061
v 1.023572 -0.050000 -0.325061
v 0.999653 -0.050000 0.091683
v 0.982311 -0.050000 0.091683
v 0.913544 -0.050000 0.091683
v 0.885439 -0.050000 0.091683
v 0.878264 -0.050000 0.220478
v 0.773020 -0.050000 0.220478
v 0.780195 -0.050000 0.091683
v 0.752091 -0.050000 0.091683
v 0.524262 -0.050000 -0.207305
v 0.481207 -0.050000 -0.207305
v 0.484197 -0.050000 -0.262503
v 0.527252 -0.050000 -0.262503
v 0.531437 -0.050000 -0.331500
v 0.636681 -0.050000 -0.331500
v 0.632495 -0.050000 -0.262503
v 0.665982 -0.050000 -0.262503
v 0.662992 -0.050000 -0.207305
v 0.629505 -0.050000 -0.207305
v 0.619938 -0.050000 -0.037112
v 0.654620 -0.050000 -0.041712
v 0.651631 -0.050000 0.013486
v 0.616350 -0.050000 0.018086
v 0.604989 -0.050000 0.220478
v 0.588843 -0.050000 0.220478
v 0.499745 -0.050000 0.220478
v 0.471042 -0.050000 0.220478
v 0.474032 -0.050000 0.165280
v 0.502735 -0.050000 0.165280
v 0.510508 -0.050000 0.032805
v 0.467454 -0.050000 0.039245
v 0.470444 -0.050000 -0.015953
v 0.513498 -0.050000 -0.022393
v 0.773020 -0.050000 -0.269863
v 0.766442 -0.050000 -0.154867
v 0.794547 -0.050000 -0.154867
v 0.800527 -0.050000 -0.269863
v 0.762854 -0.050000 -0.099670
v 0.755081 -0.050000 0.036485
v 0.783185 -0.050000 0.036485
v 0.790959 -0.050000 -0.099670
v 0.916534 -0.050000 0.036485
v 0.924308 -0.050000 -0.099670
v 0.896203 -0.050000 -0.099670
v 0.888429 -0.050000 0.036485
v 0.927896 -0.050000 -0.154867
v 0.934473 -0.050000 -0.269863
v 0.905770 -0.050000 -0.269863
v 0.899791 -0.050000 -0.154867
v -0.092850 -0.050000 -0.011353
v -0.141884 -0.050000 -0.011353
v -0.138894 -0.050000 -0.066551
v -0.089860 -0.050000 -0.066551
v -0.075508 -0.050000 -0.324141
v 0.039303 -0.050000 -0.324141
v 0.393305 -0.050000 -0.324141
v 0.390315 -0.050000 -0.268943
v 0.036313 -0.050000 -0.268943
v 0.034519 -0.050000 -0.239504
v 0.369386 -0.050000 -0.239504
v 0.366396 -0.050000 -0.184306
v 0.031529 -0.050000 -0.184306
v 0.029736 -0.050000 -0.154867
v 0.365798 -0.050000 -0.154867
v 0.362808 -0.050000 -0.099670
v 0.026746 -0.050000 -0.099670
v 0.024952 -0.050000 -0.066551
v 0.398089 -0.050000 -0.066551
v 0.395099 -0.050000 -0.011353
v 0.349055 -0.050000 -0.011353
v 0.281483 -0.050000 0.084323
v 0.382541 -0.050000 0.220478
v 0.258162 -0.050000 0.220478
v 0.085945 -0.050000 -0.011353
v 0.021962 -0.050000 -0.011353
v 0.012394 -0.050000 0.165280
v 0.097307 -0.050000 0.165280
v 0.094317 -0.050000 0.220478
v 0.009404 -0.050000 0.220478
v -0.105407 -0.050000 0.220478
v 0.242017 -0.050000 0.031885
v 0.210324 -0.050000 -0.011353
v 0.272514 -0.050000 -0.011353
v -0.611295 -0.050000 -0.227544
v -0.708167 -0.050000 -0.227544
v -0.705177 -0.050000 -0.281822
v -0.573024 -0.050000 -0.281822
v -0.546116 -0.050000 -0.320461
v -0.424726 -0.050000 -0.320461
v -0.451635 -0.050000 -0.281822
v -0.241148 -0.050000 -0.281822
v -0.244138 -0.050000 -0.227544
v -0.489308 -0.050000 -0.227544
v -0.556281 -0.050000 -0.131868
v -0.366125 -0.050000 -0.131868
v -0.370909 -0.050000 -0.054591
v -0.227992 -0.050000 -0.063791
v -0.230982 -0.050000 -0.009513
v -0.373898 -0.050000 -0.000314
v -0.379280 -0.050000 0.085243
v -0.501267 -0.050000 0.085243
v -0.496484 -0.050000 0.007046
v -0.568241 -0.050000 0.011646
v -0.576612 -0.050000 0.166200
v -0.268057 -0.050000 0.166200
v -0.271047 -0.050000 0.220478
v -0.701589 -0.050000 0.220478
v -0.687836 -0.050000 -0.034352
v -0.492896 -0.050000 -0.047232
v -0.491102 -0.050000 -0.077590
v -0.715941 -0.050000 -0.077590
v -0.611295 -0.050000 -0.227544
v -0.611295 0.050000 -0.227544
v -0.708167 -0.050000 -0.227544
v -0.708167 0.050000 -0.227544
v -0.705177 -0.050000 -0.281822
v -0.705177 0.050000 -0.281822
v -0.573024 -0.050000 -0.281822
v -0.573024 0.050000 -0.281822
v -0.546116 -0.050000 -0.320461
v -0.546116 0.050000 -0.320461
v -0.424726 -0.050000 -0.320461
v -0.424726 0.050000 -0.320461
v -0.451635 -0.050000 -0.281822
v -0.451635 0.050000 -0.281822
v -0.241148 -0.050000 -0.281822
v -0.241148 0.050000 -0.281822
v -0.244138 -0.050000 -0.227544
v -0.244138 0.050000 -0.227544
v -0.489308 -0.050000 -0.227544
v -0.489308 0.050000 -0.227544
v -0.556281 -0.050000 -0.131868
v -0.556281 0.050000 -0.131868
v -0.366125 -0.050000 -0.131868
v -0.366125 0.050000 -0.131868
v -0.370909 -0.050000 -0.054591
v -0.370909 0.050000 -0.054591
v -0.227992 -0.050000 -0.063791
v -0.227992 0.050000 -0.063791
v -0.230982 -0.050000 -0.009513
v -0.230982 0.050000 -0.009513
v -0.373898 -0.050000 -0.000314
v -0.373898 0.050000 -0.000314
v -0.379280 -0.050000 0.085243
v -0.379280 0.050000 0.085243
v -0.501267 -0.050000 0.085243
v -0.501267 0.050000 0.085243
v -0.496484 -0.050000 0.007046
v -0.496484 0.050000 0.007046
v -0.568241 -0.050000 0.011646
v -0.568241 0.050000 0.011646
v -0.576612 -0.050000 0.166200
v -0.576612 0.050000 0.166200
v -0.268057 -0.050000 0.166200
v -0.268057 0.050000 0.166200
v -0.271047 -0.050000 0.220478
v -0.271047 0.050000 0.220478
v -0.701589 -0.050000 0.220478
v -0.701589 0.050000 0.220478
v -0.687836 -0.050000 -0.034352
v -0.687836 0.050000 -0.034352
v -0.492896 -0.050000 -0.047232
v -0.492896 0.050000 -0.047232
v -0.491102 -0.050000 -0.077590
v -0.491102 0.050000 -0.077590
v -0.715941 -0.050000 -0.077590
v -0.715941 0.050000 -0.077590
v -0.092850 -0.050000 -0.011353
v -0.092850 0.050000 -0.011353
v -0.141884 -0.050000 -0.011353
v -0.141884 0.050000 -0.011353
v -0.138894 -0.050000 -0.066551
v -0.138894 0.050000 -0.066551
v -0.089860 -0.050000 -0.066551
v -0.089860 0.050000 -0.066551
v -0.075508 -0.050000 -0.324141
v -0.075508 0.050000 -0.324141
v 0.039303 -0.050000 -0.324141
v 0.039303 0.050000 -0.324141
v 0.393305 -0.050000 -0.324141
v 0.393305 0.050000 -0.324141
v 0.390315 -0.050000 -0.268943
v 0.390315 0.050000 -0.268943
v 0.036313 -0.050000 -0.268943
v 0.036313 0.050000 -0.268943
v 0.034519 -0.050000 -0.239504
v 0.034519 0.050000 -0.239504
v 0.369386 -0.050000 -0.239504
v 0.369386 0.050000 -0.239504
v 0.366396 -0.050000 -0.184306
v 0.366396 0.050000 -0.184306
v 0.031529 -0.050000 -0.184306
v 0.031529 0.050000 -0.184306
v 0.029736 -0.050000 -0.154867
v 0.029736 0.050000 -0.154867
v 0.365798 -0.050000 -0.154867
v 0.365798 0.050000 -0.154867
v 0.362808 -0.050000 -0.099670
v 0.362808 0.050000 -0.099670
v 0.026746 -0.050000 -0.099670
v 0.026746 0.050000 -0.099670
v 0.024952 -0.050000 -0.066551
v 0.024952 0.050000 -0.066551
v 0.398089 -0.050000 -0.066551
v 0.398089 0.050000 -0.066551
v 0.395099 -0.050000 -0.011353
v 0.395099 0.050000 -0.011353
v 0.349055 -0.050000 -0.011353
v 0.349055 0.050000 -0.011353
v 0.281483 -0.050000 0.084323
v 0.281483 0.050000 0.084323
v 0.382541 -0.050000 0.220478
v 0.382541 0.050000 0.220478
v 0.258162 -0.050000 0.220478
v 0.258162 0.050000 0.220478
v 0.085945 -0.050000 -0.011353
v 0.085945 0.050000 -0.011353
v 0.021962 -0.050000 -0.011353
v 0.021962 0.050000 -0.011353
v 0.012394 -0.050000 0.165280
v 0.012394 0.050000 0.165280
v 0.097307 -0.050000 0.165280
v 0.097307 0.050000 0.165280
v 0.094317 -0.050000 0.220478
v 0.094317 0.050000 0.220478
v 0.009404 -0.050000 0.220478
v 0.009404 0.050000 0.220478
v -0.105407 -0.050000 0.220478
v -0.105407 0.050000 0.220478
v 0.242017 -0.050000 0.031885
v 0.242017 0.050000 0.031885
v 0.210324 -0.050000 -0.011353
v 0.210324 0.050000 -0.011353
v 0.272514 -0.050000 -0.011353
v 0.272514 0.050000 -0.011353
v 0.695881 -0.050000 0.091683
v 0.695881 0.050000 0.091683
v 0.665982 -0.050000 0.091683
v 0.665982 0.050000 0.091683
v 0.689901 -0.050000 -0.325061
v 0.689901 0.050000 -0.325061
v 0.715614 -0.050000 -0.325061
v 0.715614 0.050000 -0.325061
v 0.776010 -0.050000 -0.325061
v 0.776010 0.050000 -0.325061
v 0.937463 -0.050000 -0.325061
v 0.937463 0.050000 -0.325061
v 1.002643 -0.050000 -0.325061
v 1.002643 0.050000 -0.325061
v 1.023572 -0.050000 -0.325061
v 1.023572 0.050000 -0.325061
v 0.999653 -0.050000 0.091683
v 0.999653 0.050000 0.091683
v 0.982311 -0.050000 0.091683
v 0.982311 0.050000 0.091683
v 0.913544 -0.050000 0.091683
v 0.913544 0.050000 0.091683
v 0.885439 -0.050000 0.091683
v 0.885439 0.050000 0.091683
v 0.878264 -0.050000 0.220478
v 0.878264 0.050000 0.220478
v 0.773020 -0.050000 0.220478
v 0.773020 0.050000 0.220478
v 0.780195 -0.050000 0.091683
v 0.780195 0.050000 0.091683
v 0.752091 -0.050000 0.091683
v 0.752091 0.050000 0.091683
v 0.524262 -0.050000 -0.207305
v 0.524262 0.050000 -0.207305
v 0.481207 -0.050000 -0.207305
v 0.481207 0.050000 -0.207305
v 0.484197 -0.050000 -0.262503
v 0.484197 0.050000 -0.262503
v 0.527252 -0.050000 -0.262503
v 0.527252 0.050000 -0.262503
v 0.531437 -0.050000 -0.331500
v 0.531437 0.050000 -0.331500
v 0.636681 -0.050000 -0.331500
v 0.636681 0.050000 -0.331500
v 0.632495 -0.050000 -0.262503
v 0.632495 0.050000 -0.262503
v 0.665982 -0.050000 -0.262503
v 0.665982 0.050000 -0.262503
v 0.662992 -0.050000 -0.207305
v 0.662992 0.050000 -0.207305
v 0.629505 -0.050000 -0.207305
v 0.629505 0.050000 -0.207305
v 0.619938 -0.050000 -0.037112
v 0.619938 0.050000 -0.037112
v 0.654620 -0.050000 -0.041712
v 0.654620 0.050000 -0.041712
v 0.651631 -0.050000 0.013486
v 0.651631 0.050000 0.013486
v 0.616350 -0.050000 0.018086
v 0.616350 0.050000 0.018086
v 0.604989 -0.050000 0.220478
v 0.604989 0.050000 0.220478
v 0.588843 -0.050000 0.220478
v 0.588843 0.050000 0.220478
v 0.499745 -0.050000 0.220478
v 0.499745 0.050000 0.220478
v 0.471042 -0.050000 0.220478
v 0.471042 0.050000 0.220478
v 0.474032 -0.050000 0.165280
v 0.474032 0.050000 0.165280
v 0.502735 -0.050000 0.165280
v 0.502735 0.050000 0.165280
v 0.510508 -0.050000 0.032805
v 0.510508 0.050000 0.032805
v 0.467454 -0.050000 0.039245
v 0.467454 0.050000 0.039245
v 0.470444 -0.050000 -0.015953
v 0.470444 0.050000 -0.015953
v 0.513498 -0.050000 -0.022393
v 0.513498 0.050000 -0.022393
v 0.773020 -0.050000 -0.269863
v 0.773020 0.050000 -0.269863
v 0.766442 -0.050000 -0.154867
v 0.766442 0.050000 -0.154867
v 0.794547 -0.050000 -0.154867
v 0.794547 0.050000 -0.154867
v 0.800527 -0.050000 -0.269863
v 0.800527 0.050000 -0.269863
v 0.762854 -0.050000 -0.099670
v 0.762854 0.050000 -0.099670
v 0.755081 -0.050000 0.036485
v 0.755081 0.050000 0.036485
v 0.783185 -0.050000 0.036485
v 0.783185 0.050000 0.036485
v 0.790959 -0.050000 -0.099670
v 0.790959 0.050000 -0.099670
v 0.916534 -0.050000 0.036485
v 0.916534 0.050000 0.036485
v 0.924308 -0.050000 -0.099670
v 0.924308 0.050000 -0.099670
v 0.896203 -0.050000 -0.099670
v 0.896203 0.050000 -0.099670
v 0.888429 -0.050000 0.036485
v 0.888429 0.050000 0.036485
v 0.927896 -0.050000 -0.154867
v 0.927896 0.050000 -0.154867
v 0.934473 -0.050000 -0.269863
v 0.934473 0.050000 -0.269863
v 0.905770 -0.050000 -0.269863
v 0.905770 0.050000 -0.269863
v 0.899791 -0.050000 -0.154867
v 0.899791 0.050000 -0.154867
v 1.559358 -0.050000 0.220478
v 1.559358 0.050000 0.220478
v 1.125826 -0.050000 0.220478
v 1.125826 0.050000 0.220478
v 1.156322 -0.050000 -0.320461
v 1.156322 0.050000 -0.320461
v 1.287877 -0.050000 -0.320461
v 1.287877 0.050000 -0.320461
v 1.260370 -0.050000 0.166200
v 1.260370 0.050000 0.166200
v 1.562348 -0.050000 0.166200
v 1.562348 0.050000 0.166200
v 2.171686 -0.050000 0.220478
v 2.171686 0.050000 0.220478
v 1.738153 -0.050000 0.220478
v 1.738153 0.050000 0.220478
v 1.768650 -0.050000 -0.320461
v 1.768650 0.050000 -0.320461
v 1.900205 -0.050000 -0.320461
v 1.900205 0.050000 -0.320461
v 1.872698 -0.050000 0.166200
v 1.872698 0.050000 0.166200
v 2.174676 -0.050000 0.166200
v 2.174676 0.050000 0.166200
v 2.613590 -0.050000 -0.230304
v 2.613590 0.050000 -0.230304
v 2.330149 -0.050000 -0.230304
v 2.330149 0.050000 -0.230304
v 2.333139 -0.050000 -0.283662
v 2.333139 0.050000 -0.283662
v 2.850987 -0.050000 -0.283662
v 2.850987 0.050000 -0.283662
v 2.847997 -0.050000 -0.230304
v 2.847997 0.050000 -0.230304
v 2.768466 -0.050000 -0.230304
v 2.768466 0.050000 -0.230304
v 2.520306 -0.050000 0.147801
v 2.520306 0.050000 0.147801
v 2.797169 -0.050000 0.167120
v 2.797169 0.050000 0.167120
v 2.794179 -0.050000 0.220478
v 2.794179 0.050000 0.220478
v 2.367224 -0.050000 0.191959
v 2.367224 0.050000 0.191959
v 2.370214 -0.050000 0.137681
v 2.370214 0.050000 0.137681
v 3.193029 -0.050000 0.220478
v 3.193029 0.050000 0.220478
v 2.925734 -0.050000 0.220478
v 2.925734 0.050000 0.220478
v 2.943075 -0.050000 -0.086790
v 2.943075 0.050000 -0.086790
v 3.089579 -0.050000 -0.086790
v 3.089579 0.050000 -0.086790
v 3.099147 -0.050000 -0.248704
v 3.099147 0.050000 -0.248704
v 2.953241 -0.050000 -0.248704
v 2.953241 0.050000 -0.248704
v 2.956230 -0.050000 -0.302981
v 2.956230 0.050000 -0.302981
v 3.224124 -0.050000 -0.302981
v 3.224124 0.050000 -0.302981
v 3.211566 -0.050000 -0.086790
v 3.211566 0.050000 -0.086790
v 3.288705 -0.050000 -0.086790
v 3.288705 0.050000 -0.086790
v 3.298871 -0.050000 -0.231224
v 3.298871 0.050000 -0.231224
v 3.420858 -0.050000 -0.231224
v 3.420858 0.050000 -0.231224
v 3.410692 -0.050000 -0.086790
v 3.410692 0.050000 -0.086790
v 3.447169 -0.050000 -0.086790
v 3.447169 0.050000 -0.086790
v 3.444179 -0.050000 -0.032512
v 3.444179 0.050000 -0.032512
v 3.407104 -0.050000 -0.032512
v 3.407104 0.050000 -0.032512
v 3.389763 -0.050000 0.220478
v 3.389763 0.050000 0.220478
v 3.267776 -0.050000 0.220478
v 3.267776 0.050000 0.220478
v 3.285117 -0.050000 -0.032512
v 3.285117 0.050000 -0.032512
v 3.207978 -0.050000 -0.032512
v 3.207978 0.050000 -0.032512
v 3.029184 -0.050000 0.166200
v 3.029184 0.050000 0.166200
v 3.074032 -0.050000 0.166200
v 3.074032 0.050000 0.166200
v 3.085991 -0.050000 -0.032512
v 3.085991 0.050000 -0.032512
v 3.041143 -0.050000 -0.032512
v 3.041143 0.050000 -0.032512
v 3.872928 -0.050000 0.220478
v 3.872928 0.050000 0.220478
v 3.542845 -0.050000 0.220478
v 3.542845 0.050000 0.220478
v 3.554207 -0.050000 0.015326
v 3.554207 0.050000 0.015326
v 3.758116 -0.050000 0.015326
v 3.758116 0.050000 0.015326
v 3.777252 -0.050000 -0.320461
v 3.777252 0.050000 -0.320461
v 3.903425 -0.050000 -0.320461
v 3.903425 0.050000 -0.320461
v 3.898641 -0.050000 -0.238584
v 3.898641 0.050000 -0.238584
v 4.049331 -0.050000 -0.238584
v 4.049331 0.050000 -0.238584
v 4.046341 -0.050000 -0.184306
v 4.046341 0.050000 -0.184306
v 3.895651 -0.050000 -0.184306
v 3.895651 0.050000 -0.184306
v 3.884289 -0.050000 0.015326
v 3.884289 0.050000 0.015326
v 4.048733 -0.050000 0.015326
v 4.048733 0.050000 0.015326
v 4.045743 -0.050000 0.068684
v 4.045743 0.050000 0.068684
v 3.881299 -0.050000 0.068684
v 3.881299 0.050000 0.068684
v 3.663038 -0.050000 0.166200
v 3.663038 0.050000 0.166200
v 3.749745 -0.050000 0.166200
v 3.749745 0.050000 0.166200
v 3.755126 -0.050000 0.068684
v 3.755126 0.050000 0.068684
v 3.668420 -0.050000 0.068684
v 3.668420 0.050000 0.068684
v 4.624584 -0.050000 -0.252383
v 4.624584 0.050000 -0.252383
v 4.229322 -0.050000 -0.266183
v 4.229322 0.050000 -0.266183
v 4.232311 -0.050000 -0.320461
v 4.232311 0.050000 -0.320461
v 4.627574 -0.050000 -0.305741
v 4.627574 0.050000 -0.305741
v 4.532495 -0.050000 -0.093230
v 4.532495 0.050000 -0.093230
v 4.168926 -0.050000 -0.093230
v 4.168926 0.050000 -0.093230
v 4.171318 -0.050000 -0.147508
v 4.171318 0.050000 -0.147508
v 4.667040 -0.050000 -0.147508
v 4.667040 0.050000 -0.147508
v 4.644915 -0.050000 0.220478
v 4.644915 0.050000 0.220478
v 4.206001 -0.050000 0.220478
v 4.206001 0.050000 0.220478
v 4.208991 -0.050000 0.166200
v 4.208991 0.050000 0.166200
v 4.516948 -0.050000 0.166200
v 4.516948 0.050000 0.166200
vn -0.0000 1.0000 -0.0000
vn -0.0000 -1.0000 -0.0000
vn -0.8585 -0.0000 0.5128
vn -0.9688 -0.0000 0.2479
vn -0.8164 -0.0000 -0.5775
vn -0.5185 -0.0000 -0.8551
vn 0.9687 -0.0000 -0.2482
vn 0.8585 -0.0000 -0.5127
vn 0.9687 -0.0000 -0.2481
vn 0.8164 -0.0000 0.5775
vn 0.8585 -0.0000 -0.5128
vn 0.5171 -0.0000 0.8559
vn 0.9689 -0.0000 -0.2473
vn 0.8609 -0.0000 -0.5088
vn 0.8513 -0.0000 -0.5247
vn 0.8488 -0.0000 -0.5286
vn 0.8275 -0.0000 0.5614
vn 0.8488 -0.0000 -0.5287
vn 0.8244 -0.0000 0.5660
vn 0.8276 -0.0000 0.5614
vn 0.8131 -0.0000 0.5821
vn -0.8606 -0.0000 0.5092
vn -0.8511 -0.0000 0.5250
vn 0.8279 -0.0000 0.5609
vn -0.8511 -0.0000 0.5251
vn 0.8582 -0.0000 -0.5133
vn -0.8582 -0.0000 0.5134
vn -0.8283 -0.0000 -0.5603
vn -0.8581 -0.0000 0.5134
vn -0.8262 -0.0000 -0.5633
vn -0.8599 -0.0000 0.5105
vn -0.9688 -0.0000 0.2478
vn -0.8599 -0.0000 0.5104
vn -0.8582 -0.0000 0.5133
vn -0.8168 -0.0000 -0.5770
vn -0.8161 -0.0000 -0.5779
vn -0.0000 -0.0000 -1.0000
vn 0.8168 -0.0000 0.5770
vn 0.8139 -0.0000 0.5810
vn 0.8605 -0.0000 -0.5094
vn 0.8606 -0.0000 -0.5094
vn 0.8167 -0.0000 0.5770
vn 0.5146 -0.0000 0.8574
vn 1.0000 -0.0000 -0.0080
vn 0.9714 -0.0000 0.2374
vn -0.5005 -0.0000 0.8658
vn -0.5004 -0.0000 0.8658
vn -0.0000 -0.0000 1.0000
vn -0.9709 -0.0000 -0.2395
vn 0.0147 -0.0000 0.9999
vn 0.9692 -0.0000 -0.2461
vn -0.9709 -0.0000 -0.2396
vn 0.9693 -0.0000 -0.2460
vn -0.8593 -0.0000 0.5114
vn -0.8154 -0.0000 -0.5789
vn 0.8593 -0.0000 -0.5114
vn 0.8154 -0.0000 0.5789
vn 0.8161 -0.0000 0.5779
vn -0.8588 -0.0000 0.5124
vn -0.8596 -0.0000 0.5110
vn -0.8140 -0.0000 -0.5808
vn 0.8605 -0.0000 -0.5095
vn 0.8159 -0.0000 0.5782
vn 0.8385 -0.0000 -0.5449
vn 0.8377 -0.0000 -0.5461
vn 0.8388 -0.0000 0.5445
vn 0.8380 -0.0000 0.5456
vn 0.8388 -0.0000 0.5444
vn 0.8159 -0.0000 0.5781
vn -0.8149 -0.0000 -0.5796
vn -0.8367 -0.0000 0.5476
vn -0.8350 -0.0000 0.5503
vn -0.8418 -0.0000 -0.5397
vn -0.8403 -0.0000 -0.5421
vn 0.8593 -0.0000 -0.5115
vn 0.8155 -0.0000 0.5787
vn 0.8155 -0.0000 0.5788
vn -0.8177 -0.0000 -0.5757
vn -0.8575 -0.0000 0.5145
vn 0.8592 -0.0000 -0.5116
vn -0.8155 -0.0000 -0.5787
vn -0.8592 -0.0000 0.5116
vn -0.8593 -0.0000 0.5115
vn 0.8177 -0.0000 0.5757
vn 0.8575 -0.0000 -0.5145
vn -0.8590 -0.0000 0.5120
vn -0.8158 -0.0000 -0.5783
vn 0.8590 -0.0000 -0.5119
vn -0.8589 -0.0000 0.5122
vn -0.9664 -0.0000 0.2570
vn -0.8160 -0.0000 -0.5781
vn 0.8589 -0.0000 -0.5122
vn 0.8160 -0.0000 0.5781
vn 0.5348 -0.0000 0.8450
vn 0.9701 -0.0000 -0.2429
vn 0.8689 -0.0000 -0.4950
vn 0.9701 -0.0000 -0.2428
vn 0.8038 -0.0000 0.5949
vn 0.8688 -0.0000 -0.4951
vn -0.8681 -0.0000 0.4963
vn -0.9564 -0.0000 -0.2921
vn -0.8681 -0.0000 0.4964
vn 0.8147 -0.0000 0.5799
vn -0.8147 -0.0000 -0.5799
vn -0.8585 -0.0000 0.5127
vn 0.8596 -0.0000 -0.5110
vn -0.8099 -0.0000 -0.5865
vn 0.8638 -0.0000 -0.5039
vn 0.8107 -0.0000 0.5854
vn 0.8107 -0.0000 0.5855
vn -0.8631 -0.0000 0.5050
vn -0.8142 -0.0000 -0.5805
vn 0.8603 -0.0000 -0.5098
vn -0.8603 -0.0000 0.5098
vn 0.8142 -0.0000 0.5805
vn -0.8586 -0.0000 0.5126
vn 0.8164 -0.0000 0.5776
vn -0.8162 -0.0000 -0.5777
vn -0.8156 -0.0000 -0.5786
vn -0.8163 -0.0000 -0.5777
vn -0.8156 -0.0000 -0.5787
vn 0.8597 -0.0000 -0.5108
vn 0.8156 -0.0000 0.5786
vn 0.8592 -0.0000 -0.5117
vn -0.8163 -0.0000 -0.5776
vn 0.8586 -0.0000 -0.5127
vn -0.8586 -0.0000 0.5127
vn 0.8163 -0.0000 0.5776
vn -0.8636 -0.0000 0.5042
vn 0.8097 -0.0000 0.5869
vn -0.8097 -0.0000 -0.5869
vn 0.8643 -0.0000 -0.5030
vn -0.8547 -0.0000 0.5192
vn -0.8602 -0.0000 0.5099
vn -0.8602 -0.0000 0.5100
vn -0.8209 -0.0000 -0.5710
vn 0.8143 -0.0000 0.5805
vn 0.8603 -0.0000 -0.5099
vn -0.8144 -0.0000 -0.5804
vn -0.8143 -0.0000 -0.5804
vt 0.545455 0.000000
vt 0.454545 0.000000
vt 0.363636 0.000000
vt 1.000000 0.000000
vt 0.727273 0.000000
vt 0.636364 0.000000
vt 0.000000 0.000000
vt 0.272727 0.000000
vt 0.181818 0.000000
vt 0.818182 0.000000
vt 0.909091 0.000000
vt 0.090909 0.000000
vt 0.117647 0.000000
vt 0.058824 0.000000
vt 0.823529 0.000000
vt 0.882353 0.000000
vt 0.941176 0.000000
vt 0.176471 0.000000
vt 0.588235 0.000000
vt 0.764706 0.000000
vt 0.705882 0.000000
vt 0.647059 0.000000
vt 0.352941 0.000000
vt 0.529412 0.000000
vt 0.470588 0.000000
vt 0.411765 0.000000
vt 0.235294 0.000000
vt 0.294118 0.000000
vt 0.086957 0.000000
vt 0.043478 0.000000
vt 0.869565 0.000000
vt 0.130435 0.000000
vt 0.826087 0.000000
vt 0.913043 0.000000
vt 0.956522 0.000000
vt 0.260870 0.000000
vt 0.217391 0.000000
vt 0.173913 0.000000
vt 0.782609 0.000000
vt 0.391304 0.000000
vt 0.347826 0.000000
vt 0.521739 0.000000
vt 0.652174 0.000000
vt 0.608696 0.000000
vt 0.565217 0.000000
vt 0.739130 0.000000
vt 0.695652 0.000000
vt 0.434783 0.000000
vt 0.478261 0.000000
vt 0.304348 0.000000
vt 0.900000 0.000000
vt 0.600000 0.000000
vt 0.500000 0.000000
vt 0.400000 0.000000
vt 0.300000 0.000000
vt 0.800000 0.000000
vt 0.700000 0.000000
vt 0.200000 0.000000
vt 0.100000 0.000000
vt 0.581818 0.000000
vt 0.618182 0.000000
vt 0.563636 0.000000
vt 0.690909 0.000000
vt 0.672727 0.000000
vt 0.654545 0.000000
vt 0.709091 0.000000
vt 0.327273 0.000000
vt 0.309091 0.000000
vt 0.290909 0.000000
vt 0.345455 0.000000
vt 0.472727 0.000000
vt 0.527273 0.000000
vt 0.509091 0.000000
vt 0.490909 0.000000
vt 0.436364 0.000000
vt 0.418182 0.000000
vt 0.381818 0.000000
vt 0.218182 0.000000
vt 0.254545 0.000000
vt 0.836364 0.000000
vt 0.236364 0.000000
vt 0.745455 0.000000
vt 0.854545 0.000000
vt 0.763636 0.000000
vt 0.072727 0.000000
vt 0.781818 0.000000
vt 0.872727 0.000000
vt 0.927273 0.000000
vt 0.890909 0.000000
vt 0.145455 0.000000
vt 0.127273 0.000000
vt 0.945455 0.000000
vt 0.109091 0.000000
vt 0.963636 0.000000
vt 0.163636 0.000000
vt 0.981818 0.000000
vt 0.054545 0.000000
vt 0.036364 0.000000
vt 0.018182 0.000000
vt 0.060606 0.000000
vt 0.030303 0.000000
vt 0.878788 0.000000
vt 0.787879 0.000000
vt 0.515152 0.000000
vt 0.757576 0.000000
vt 0.969697 0.000000
vt 0.484848 0.000000
vt 0.393939 0.000000
vt 0.121212 0.000000
vt 0.242424 0.000000
vt 0.151515 0.000000
vt 0.606061 0.000000
vt 0.939394 0.000000
vt 0.696970 0.000000
vt 0.212121 0.000000
vt 0.666667 0.000000
vt 0.575758 0.000000
vt 0.424242 0.000000
vt 0.333333 0.000000
vt 0.303030 0.000000
vt 0.848485 0.000000
vt 0.888889 0.000000
vt 0.851852 0.000000
vt 0.740741 0.000000
vt 0.074074 0.000000
vt 0.037037 0.000000
vt 0.925926 0.000000
vt 0.703704 0.000000
vt 0.370370 0.000000
vt 0.111111 0.000000
vt 0.296296 0.000000
vt 0.259259 0.000000
vt 0.222222 0.000000
vt 0.444444 0.000000
vt 0.555556 0.000000
vt 0.518519 0.000000
vt 0.481481 0.000000
vt 0.962963 0.000000
vt 0.407407 0.000000
vt 0.814815 0.000000
vt 0.777778 0.000000
vt 0.629630 0.000000
vt 0.592593 0.000000
vt 0.148148 0.000000
vt 0.185185 0.000000
vt 0.035714 1.000000
vt 0.000000 1.000000
vt 0.071429 1.000000
vt 0.035714 0.000000
vt 0.107143 1.000000
vt 0.071429 0.000000
vt 0.142857 1.000000
vt 0.107143 0.000000
vt 0.178571 1.000000
vt 0.142857 0.000000
vt 0.214286 1.000000
vt 0.178571 0.000000
vt 0.250000 1.000000
vt 0.214286 0.000000
vt 0.285714 1.000000
vt 0.250000 0.000000
vt 0.321429 1.000000
vt 0.285714 0.000000
vt 0.357143 1.000000
vt 0.321429 0.000000
vt 0.392857 1.000000
vt 0.357143 0.000000
vt 0.428571 1.000000
vt 0.392857 0.000000
vt 0.464286 1.000000
vt 0.428571 0.000000
vt 0.500000 1.000000
vt 0.464286 0.000000
vt 0.535714 1.000000
vt 0.571429 1.000000
vt 0.535714 0.000000
vt 0.607143 1.000000
vt 0.571429 0.000000
vt 0.642857 1.000000
vt 0.607143 0.000000
vt 0.678571 1.000000
vt 0.642857 0.000000
vt 0.714286 1.000000
vt 0.678571 0.000000
vt 0.750000 1.000000
vt 0.714286 0.000000
vt 0.785714 1.000000
vt 0.750000 0.000000
vt 0.821429 1.000000
vt 0.785714 0.000000
vt 0.857143 1.000000
vt 0.821429 0.000000
vt 0.892857 1.000000
vt 0.857143 0.000000
vt 0.928571 1.000000
vt 0.892857 0.000000
vt 0.964286 1.000000
vt 0.928571 0.000000
vt 1.000000 1.000000
vt 0.964286 0.000000
vt 0.032258 1.000000
vt 0.064516 1.000000
vt 0.032258 0.000000
vt 0.096774 1.000000
vt 0.064516 0.000000
vt 0.129032 1.000000
vt 0.096774 0.000000
vt 0.161290 1.000000
vt 0.129032 0.000000
vt 0.193548 1.000000
vt 0.161290 0.000000
vt 0.225806 1.000000
vt 0.193548 0.000000
vt 0.258065 1.000000
vt 0.225806 0.000000
vt 0.290323 1.000000
vt 0.258065 0.000000
vt 0.322581 1.000000
vt 0.290323 0.000000
vt 0.354839 1.000000
vt 0.322581 0.000000
vt 0.387097 1.000000
vt 0.354839 0.000000
vt 0.419355 1.000000
vt 0.387097 0.000000
vt 0.451613 1.000000
vt 0.419355 0.000000
vt 0.483871 1.000000
vt 0.451613 0.000000
vt 0.516129 1.000000
vt 0.483871 0.000000
vt 0.548387 1.000000
vt 0.516129 0.000000
vt 0.580645 1.000000
vt 0.548387 0.000000
vt 0.612903 1.000000
vt 0.580645 0.000000
vt 0.645161 1.000000
vt 0.612903 0.000000
vt 0.677419 1.000000
vt 0.645161 0.000000
vt 0.709677 1.000000
vt 0.677419 0.000000
vt 0.741935 1.000000
vt 0.709677 0.000000
vt 0.774194 1.000000
vt 0.741935 0.000000
vt 0.806452 1.000000
vt 0.774194 0.000000
vt 0.838710 1.000000
vt 0.806452 0.000000
vt 0.870968 1.000000
vt 0.838710 0.000000
vt 0.903226 1.000000
vt 0.870968 0.000000
vt 0.935484 1.000000
vt 0.903226 0.000000
vt 0.967742 1.000000
vt 0.935484 0.000000
vt 0.967742 0.000000
vt 0.333333 1.000000
vt 0.666667 1.000000
vt 0.062500 1.000000
vt 0.125000 1.000000
vt 0.062500 0.000000
vt 0.187500 1.000000
vt 0.125000 0.000000
vt 0.187500 0.000000
vt 0.312500 1.000000
vt 0.375000 1.000000
vt 0.312500 0.000000
vt 0.437500 1.000000
vt 0.375000 0.000000
vt 0.437500 0.000000
vt 0.562500 1.000000
vt 0.625000 1.000000
vt 0.562500 0.000000
vt 0.687500 1.000000
vt 0.625000 0.000000
vt 0.687500 0.000000
vt 0.812500 1.000000
vt 0.875000 1.000000
vt 0.812500 0.000000
vt 0.937500 1.000000
vt 0.875000 0.000000
vt 0.937500 0.000000
vt 0.041667 1.000000
vt 0.083333 1.000000
vt 0.041667 0.000000
vt 0.083333 0.000000
vt 0.166667 1.000000
vt 0.208333 1.000000
vt 0.166667 0.000000
vt 0.208333 0.000000
vt 0.291667 1.000000
vt 0.291667 0.000000
vt 0.416667 1.000000
vt 0.458333 1.000000
vt 0.416667 0.000000
vt 0.458333 0.000000
vt 0.541667 1.000000
vt 0.583333 1.000000
vt 0.541667 0.000000
vt 0.583333 0.000000
vt 0.708333 1.000000
vt 0.708333 0.000000
vt 0.791667 1.000000
vt 0.833333 1.000000
vt 0.791667 0.000000
vt 0.833333 0.000000
vt 0.916667 1.000000
vt 0.958333 1.000000
vt 0.916667 0.000000
vt 0.958333 0.000000
vt 0.090909 1.000000
vt 0.181818 1.000000
vt 0.272727 1.000000
vt 0.363636 1.000000
vt 0.454545 1.000000
vt 0.545455 1.000000
vt 0.636364 1.000000
vt 0.727273 1.000000
vt 0.818182 1.000000
vt 0.909091 1.000000
vt 0.050000 1.000000
vt 0.100000 1.000000
vt 0.050000 0.000000
vt 0.150000 1.000000
vt 0.200000 1.000000
vt 0.150000 0.000000
vt 0.300000 1.000000
vt 0.350000 1.000000
vt 0.400000 1.000000
vt 0.350000 0.000000
vt 0.450000 1.000000
vt 0.450000 0.000000
vt 0.550000 1.000000
vt 0.600000 1.000000
vt 0.550000 0.000000
vt 0.650000 1.000000
vt 0.700000 1.000000
vt 0.650000 0.000000
vt 0.800000 1.000000
vt 0.850000 1.000000
vt 0.900000 1.000000
vt 0.850000 0.000000
vt 0.950000 1.000000
vt 0.950000 0.000000
s 0
usemtl Material.008
f 647/293/114 646/294/114 645/295/114
f 645/295/114 652/296/114 649/297/114
f 649/297/114 648/298/114 645/295/114
f 641/299/114 644/300/114 643/301/114
f 649/297/114 652/296/114 650/302/114
f 651/303/114 650/302/114 652/296/114
f 643/301/114 642/304/114 641/299/114
f 645/295/114 648/298/114 647/293/114
f 655/305/114 654/306/114 667/307/114
f 667/307/114 670/296/114 655/305/114
f 653/299/114 668/308/114 654/306/114
f 667/307/114 654/306/114 668/308/114
f 669/309/114 656/310/114 670/296/114
f 655/305/114 670/296/114 656/310/114
f 663/311/114 666/312/114 665/313/114
f 665/313/114 664/314/114 663/311/114
f 659/315/114 662/316/114 661/317/114
f 661/317/114 660/318/114 659/315/114
f 668/308/114 653/299/114 666/312/114
f 669/309/114 668/308/114 666/312/114
f 656/310/114 669/309/114 666/312/114
f 666/312/114 663/311/114 656/310/114
f 663/311/114 662/316/114 656/310/114
f 657/319/114 656/310/114 662/316/114
f 662/316/114 659/315/114 657/319/114
f 659/315/114 658/320/114 657/319/114
f 673/321/114 672/322/114 691/323/114
f 691/323/114 694/296/114 673/321/114
f 673/321/114 694/296/114 674/324/114
f 671/299/114 690/325/114 692/326/114
f 693/327/114 692/326/114 690/325/114
f 674/324/114 693/327/114 690/325/114
f 671/299/114 692/326/114 672/322/114
f 691/323/114 672/322/114 692/326/114
f 693/327/114 674/324/114 694/296/114
f 677/328/114 676/329/114 675/330/114
f 689/331/114 680/332/114 679/333/114
f 683/334/114 686/335/114 685/336/114
f 685/336/114 684/337/114 683/334/114
f 689/331/114 688/338/114 687/339/114
f 687/339/114 686/335/114 689/331/114
f 680/332/114 689/331/114 686/335/114
f 686/335/114 683/334/114 680/332/114
f 681/340/114 680/332/114 683/334/114
f 683/334/114 682/341/114 681/340/114
f 689/331/114 679/333/114 690/325/114
f 674/324/114 690/325/114 679/333/114
f 675/330/114 674/324/114 679/333/114
f 679/333/114 678/342/114 675/330/114
f 677/328/114 675/330/114 678/342/114
f 705/296/114 704/343/114 701/344/114
f 705/296/114 701/344/114 695/299/114
f 700/345/114 695/299/114 701/344/114
f 699/346/114 698/347/114 700/345/114
f 695/299/114 700/345/114 698/347/114
f 701/344/114 704/343/114 703/348/114
f 703/348/114 702/349/114 701/344/114
f 697/350/114 696/351/114 695/299/114
f 695/299/114 698/347/114 697/350/114
f 708/346/114 707/350/114 710/348/114
f 710/348/114 707/350/114 706/299/114
f 706/299/114 711/296/114 710/348/114
f 708/346/114 710/348/114 709/344/114
f 714/346/114 713/350/114 716/348/114
f 716/348/114 713/350/114 712/299/114
f 712/299/114 717/296/114 716/348/114
f 714/346/114 716/348/114 715/344/114
f 750/352/114 752/353/114 751/344/114
f 749/354/114 753/298/114 750/352/114
f 752/353/114 750/352/114 753/298/114
f 756/355/114 755/356/114 754/357/114
f 754/357/114 757/358/114 756/355/114
f 736/359/114 735/360/114 734/361/114
f 734/361/114 737/362/114 736/359/114
f 744/363/114 747/364/114 746/365/114
f 763/302/114 762/348/114 718/299/114
f 744/363/114 746/365/114 745/366/114
f 740/346/114 743/294/114 742/367/114
f 742/367/114 741/368/114 740/346/114
f 748/293/114 747/364/114 749/354/114
f 753/298/114 749/354/114 747/364/114
f 754/357/114 753/298/114 747/364/114
f 757/358/114 754/357/114 747/364/114
f 747/364/114 744/363/114 757/358/114
f 734/361/114 757/358/114 744/363/114
f 744/363/114 743/294/114 734/361/114
f 737/362/114 734/361/114 743/294/114
f 743/294/114 740/346/114 737/362/114
f 738/295/114 737/362/114 740/346/114
f 740/346/114 739/369/114 738/295/114
f 730/370/114 729/350/114 732/371/114
f 764/372/114 732/371/114 729/350/114
f 730/370/114 732/371/114 731/373/114
f 763/302/114 733/300/114 732/371/114
f 732/371/114 764/372/114 763/302/114
f 759/374/114 762/348/114 765/375/114
f 765/375/114 760/376/114 759/374/114
f 722/377/114 758/297/114 761/378/114
f 728/301/114 766/379/114 769/380/114
f 773/296/114 768/303/114 767/381/114
f 726/382/114 725/383/114 770/384/114
f 725/383/114 724/385/114 770/384/114
f 771/386/114 770/384/114 724/385/114
f 723/304/114 771/386/114 724/385/114
f 766/379/114 728/301/114 727/387/114
f 767/381/114 766/379/114 727/387/114
f 727/387/114 726/382/114 767/381/114
f 726/382/114 770/384/114 767/381/114
f 773/296/114 767/381/114 770/384/114
f 771/386/114 723/304/114 772/388/114
f 728/301/114 769/380/114 729/350/114
f 764/372/114 729/350/114 769/380/114
f 765/375/114 764/372/114 769/380/114
f 769/380/114 768/303/114 765/375/114
f 760/376/114 765/375/114 768/303/114
f 768/303/114 773/296/114 760/376/114
f 761/378/114 760/376/114 773/296/114
f 773/296/114 772/388/114 761/378/114
f 722/377/114 761/378/114 772/388/114
f 772/388/114 723/304/114 722/377/114
f 733/300/114 763/302/114 718/299/114
f 758/297/114 722/377/114 721/389/114
f 759/374/114 758/297/114 721/389/114
f 720/390/114 719/391/114 762/348/114
f 719/391/114 718/299/114 762/348/114
f 762/348/114 759/374/114 720/390/114
f 721/389/114 720/390/114 759/374/114
f 776/392/114 775/393/114 774/299/114
f 803/394/114 800/395/114 804/303/114
f 774/299/114 804/303/114 800/395/114
f 776/392/114 774/299/114 777/304/114
f 791/396/114 799/397/114 798/297/114
f 791/396/114 798/297/114 806/398/114
f 774/299/114 800/395/114 799/397/114
f 777/304/114 774/299/114 799/397/114
f 799/397/114 791/396/114 777/304/114
f 791/396/114 790/399/114 777/304/114
f 790/399/114 787/400/114 777/304/114
f 787/400/114 786/295/114 777/304/114
f 778/401/114 777/304/114 786/295/114
f 786/295/114 783/300/114 778/401/114
f 783/300/114 782/402/114 778/401/114
f 782/402/114 779/403/114 778/401/114
f 795/298/114 794/404/114 807/296/114
f 805/405/114 806/398/114 798/297/114
f 797/406/114 795/298/114 805/405/114
f 795/298/114 807/296/114 805/405/114
f 781/407/114 780/301/114 779/403/114
f 795/298/114 797/406/114 796/408/114
f 793/409/114 792/293/114 794/404/114
f 789/294/114 788/410/114 787/400/114
f 785/411/114 784/412/114 783/300/114
f 800/395/114 803/394/114 802/413/114
f 802/413/114 801/302/114 800/395/114
f 779/403/114 782/402/114 781/407/114
f 783/300/114 786/295/114 785/411/114
f 787/400/114 790/399/114 789/294/114
f 807/296/114 794/404/114 792/293/114
f 792/293/114 791/396/114 806/398/114
f 806/398/114 807/296/114 792/293/114
f 797/406/114 805/405/114 798/297/114
f 832/414/114 831/415/114 828/416/114
f 810/417/114 809/418/114 808/299/114
f 826/408/114 833/419/114 827/420/114
f 832/414/114 828/416/114 827/420/114
f 827/420/114 833/419/114 832/414/114
f 818/421/114 811/422/114 808/299/114
f 810/417/114 808/299/114 811/422/114
f 816/423/114 815/424/114 814/425/114
f 820/426/114 823/427/114 822/428/114
f 822/428/114 821/429/114 820/426/114
f 834/430/114 820/426/114 819/431/114
f 828/416/114 831/415/114 830/432/114
f 830/432/114 829/433/114 828/416/114
f 826/408/114 825/434/114 824/435/114
f 824/435/114 823/427/114 826/408/114
f 833/419/114 826/408/114 823/427/114
f 823/427/114 820/426/114 833/419/114
f 820/426/114 834/430/114 833/419/114
f 808/299/114 835/296/114 818/421/114
f 834/430/114 819/431/114 818/421/114
f 811/422/114 818/421/114 817/411/114
f 812/436/114 811/422/114 817/411/114
f 817/411/114 814/425/114 812/436/114
f 814/425/114 813/437/114 812/436/114
f 814/425/114 817/411/114 816/423/114
f 834/430/114 818/421/114 835/296/114
f 842/293/115 840/295/115 841/294/115
f 840/295/115 844/297/115 847/296/115
f 844/297/115 840/295/115 843/298/115
f 836/299/115 838/301/115 839/300/115
f 844/297/115 845/302/115 847/296/115
f 846/303/115 847/296/115 845/302/115
f 838/301/115 836/299/115 837/304/115
f 840/295/115 842/293/115 843/298/115
f 850/305/115 862/307/115 849/306/115
f 862/307/115 850/305/115 865/296/115
f 848/299/115 849/306/115 863/308/115
f 862/307/115 863/308/115 849/306/115
f 864/309/115 865/296/115 851/310/115
f 850/305/115 851/310/115 865/296/115
f 858/311/115 860/313/115 861/312/115
f 860/313/115 858/311/115 859/314/115
f 854/315/115 856/317/115 857/316/115
f 856/317/115 854/315/115 855/318/115
f 863/308/115 861/312/115 848/299/115
f 864/309/115 861/312/115 863/308/115
f 851/310/115 861/312/115 864/309/115
f 861/312/115 851/310/115 858/311/115
f 858/311/115 851/310/115 857/316/115
f 852/319/115 857/316/115 851/310/115
f 857/316/115 852/319/115 854/315/115
f 854/315/115 852/319/115 853/320/115
f 868/321/115 886/323/115 867/322/115
f 886/323/115 868/321/115 889/296/115
f 868/321/115 869/324/115 889/296/115
f 866/299/115 887/326/115 885/325/115
f 888/327/115 885/325/115 887/326/115
f 869/324/115 885/325/115 888/327/115
f 866/299/115 867/322/115 887/326/115
f 886/323/115 887/326/115 867/322/115
f 888/327/115 889/296/115 869/324/115
f 872/328/115 870/330/115 871/329/115
f 884/331/115 874/333/115 875/332/115
f 878/334/115 880/336/115 881/335/115
f 880/336/115 878/334/115 879/337/115
f 884/331/115 882/339/115 883/338/115
f 882/339/115 884/331/115 881/335/115
f 875/332/115 881/335/115 884/331/115
f 881/335/115 875/332/115 878/334/115
f 876/340/115 878/334/115 875/332/115
f 878/334/115 876/340/115 877/341/115
f 884/331/115 885/325/115 874/333/115
f 869/324/115 874/333/115 885/325/115
f 870/330/115 874/333/115 869/324/115
f 874/333/115 870/330/115 873/342/115
f 872/328/115 873/342/115 870/330/115
f 900/296/115 896/344/115 899/343/115
f 900/296/115 890/299/115 896/344/115
f 895/345/115 896/344/115 890/299/115
f 894/346/115 895/345/115 893/347/115
f 890/299/115 893/347/115 895/345/115
f 896/344/115 898/348/115 899/343/115
f 898/348/115 896/344/115 897/349/115
f 892/350/115 890/299/115 891/351/115
f 890/299/115 892/350/115 893/347/115
f 903/346/115 905/348/115 902/350/115
f 905/348/115 901/299/115 902/350/115
f 901/299/115 905/348/115 906/296/115
f 903/346/115 904/344/115 905/348/115
f 909/346/115 911/348/115 908/350/115
f 911/348/115 907/299/115 908/350/115
f 907/299/115 911/348/115 912/296/115
f 909/346/115 910/344/115 911/348/115
f 945/352/115 946/344/115 947/353/115
f 944/354/115 945/352/115 948/298/115
f 947/353/115 948/298/115 945/352/115
f 951/355/115 949/357/115 950/356/115
f 949/357/115 951/355/115 952/358/115
f 931/359/115 929/361/115 930/360/115
f 929/361/115 931/359/115 932/362/115
f 939/363/115 941/365/115 942/364/115
f 958/302/115 913/299/115 957/348/115
f 939/363/115 940/366/115 941/365/115
f 935/346/115 937/367/115 938/294/115
f 937/367/115 935/346/115 936/368/115
f 943/293/115 944/354/115 942/364/115
f 948/298/115 942/364/115 944/354/115
f 949/357/115 942/364/115 948/298/115
f 952/358/115 942/364/115 949/357/115
f 942/364/115 952/358/115 939/363/115
f 929/361/115 939/363/115 952/358/115
f 939/363/115 929/361/115 938/294/115
f 932/362/115 938/294/115 929/361/115
f 938/294/115 932/362/115 935/346/115
f 933/295/115 935/346/115 932/362/115
f 935/346/115 933/295/115 934/369/115
f 925/370/115 927/371/115 924/350/115
f 959/372/115 924/350/115 927/371/115
f 925/370/115 926/373/115 927/371/115
f 958/302/115 927/371/115 928/300/115
f 927/371/115 958/302/115 959/372/115
f 954/374/115 960/375/115 957/348/115
f 960/375/115 954/374/115 955/376/115
f 917/377/115 956/378/115 953/297/115
f 923/301/115 964/380/115 961/379/115
f 968/296/115 962/381/115 963/303/115
f 921/382/115 965/384/115 920/383/115
f 920/383/115 965/384/115 919/385/115
f 966/386/115 919/385/115 965/384/115
f 918/304/115 919/385/115 966/386/115
f 961/379/115 922/387/115 923/301/115
f 962/381/115 922/387/115 961/379/115
f 922/387/115 962/381/115 921/382/115
f 921/382/115 962/381/115 965/384/115
f 968/296/115 965/384/115 962/381/115
f 966/386/115 967/388/115 918/304/115
f 923/301/115 924/350/115 964/380/115
f 959/372/115 964/380/115 924/350/115
f 960/375/115 964/380/115 959/372/115
f 964/380/115 960/375/115 963/303/115
f 955/376/115 963/303/115 960/375/115
f 963/303/115 955/376/115 968/296/115
f 956/378/115 968/296/115 955/376/115
f 968/296/115 956/378/115 967/388/115
f 917/377/115 967/388/115 956/378/115
f 967/388/115 917/377/115 918/304/115
f 928/300/115 913/299/115 958/302/115
f 953/297/115 916/389/115 917/377/115
f 954/374/115 916/389/115 953/297/115
f 915/390/115 957/348/115 914/391/115
f 914/391/115 957/348/115 913/299/115
f 957/348/115 915/390/115 954/374/115
f 916/389/115 954/374/115 915/390/115
f 971/392/115 969/299/115 970/393/115
f 998/394/115 999/303/115 995/395/115
f 969/299/115 995/395/115 999/303/115
f 971/392/115 972/304/115 969/299/115
f 986/396/115 993/297/115 994/397/115
f 986/396/115 1001/398/115 993/297/115
f 969/299/115 994/397/115 995/395/115
f 972/304/115 994/397/115 969/299/115
f 994/397/115 972/304/115 986/396/115
f 986/396/115 972/304/115 985/399/115
f 985/399/115 972/304/115 982/400/115
f 982/400/115 972/304/115 981/295/115
f 973/401/115 981/295/115 972/304/115
f 981/295/115 973/401/115 978/300/115
f 978/300/115 973/401/115 977/402/115
f 977/402/115 973/401/115 974/403/115
f 990/298/115 1002/296/115 989/404/115
f 1000/405/115 993/297/115 1001/398/115
f 992/406/115 1000/405/115 990/298/115
f 990/298/115 1000/405/115 1002/296/115
f 976/407/115 974/403/115 975/301/115
f 990/298/115 991/408/115 992/406/115
f 988/409/115 989/404/115 987/293/115
f 984/294/115 982/400/115 983/410/115
f 980/411/115 978/300/115 979/412/115
f 995/395/115 997/413/115 998/394/115
f 997/413/115 995/395/115 996/302/115
f 974/403/115 976/407/115 977/402/115
f 978/300/115 980/411/115 981/295/115
f 982/400/115 984/294/115 985/399/115
f 1002/296/115 987/293/115 989/404/115
f 987/293/115 1001/398/115 986/396/115
f 1001/398/115 987/293/115 1002/296/115
f 992/406/115 993/297/115 1000/405/115
f 1027/414/115 1023/416/115 1026/415/115
f 1005/417/115 1003/299/115 1004/418/115
f 1021/408/115 1022/420/115 1028/419/115
f 1027/414/115 1022/420/115 1023/416/115
f 1022/420/115 1027/414/115 1028/419/115
f 1013/421/115 1003/299/115 1006/422/115
f 1005/417/115 1006/422/115 1003/299/115
f 1011/423/115 1009/425/115 1010/424/115
f 1015/426/115 1017/428/115 1018/427/115
f 1017/428/115 1015/426/115 1016/429/115
f 1029/430/115 1014/431/115 1015/426/115
f 1023/416/115 1025/432/115 1026/415/115
f 1025/432/115 1023/416/115 1024/433/115
f 1021/408/115 1019/435/115 1020/434/115
f 1019/435/115 1021/408/115 1018/427/115
f 1028/419/115 1018/427/115 1021/408/115
f 1018/427/115 1028/419/115 1015/426/115
f 1015/426/115 1028/419/115 1029/430/115
f 1003/299/115 1013/421/115 1030/296/115
f 1029/430/115 1013/421/115 1014/431/115
f 1006/422/115 1012/411/115 1013/421/115
f 1007/436/115 1012/411/115 1006/422/115
f 1012/411/115 1007/436/115 1009/425/115
f 1009/425/115 1007/436/115 1008/437/115
f 1009/425/115 1011/423/115 1012/411/115
f 1029/430/115 1030/296/115 1013/421/115
s 1
f 1034/438/116 1031/299/117 1032/439/117
f 1036/440/118 1033/441/116 1034/438/116
f 1038/442/119 1035/443/118 1036/440/118
f 1040/444/119 1037/445/119 1038/442/119
f 1042/446/120 1039/447/119 1040/444/119
f 1044/448/120 1041/449/120 1042/446/120
f 1046/450/121 1043/451/122 1044/448/120
f 1048/452/123 1045/453/124 1046/450/121
f 1050/454/125 1047/455/123 1048/452/123
f 1052/456/126 1049/457/125 1050/454/125
f 1054/458/127 1051/459/126 1052/456/126
f 1056/460/128 1053/461/127 1054/458/127
f 1058/462/129 1055/463/128 1056/460/128
f 1060/464/130 1057/465/131 1058/462/129
f 1062/466/132 1059/345/133 1060/464/130
f 1064/467/134 1061/468/132 1062/466/132
f 1066/469/135 1063/470/134 1064/467/134
f 1068/471/136 1065/472/135 1066/469/135
f 1070/473/137 1067/474/138 1068/471/136
f 1072/475/139 1069/476/137 1070/473/137
f 1074/477/121 1071/478/139 1072/475/139
f 1076/479/123 1073/480/124 1074/477/121
f 1078/481/140 1075/482/123 1076/479/123
f 1080/483/141 1077/484/142 1078/481/140
f 1082/485/143 1079/486/141 1080/483/141
f 1084/487/144 1081/488/143 1082/485/143
f 1086/489/145 1083/490/146 1084/487/144
f 1032/491/117 1085/492/117 1086/489/145
f 1090/493/147 1087/299/147 1088/439/147
f 1092/494/148 1089/495/147 1090/493/147
f 1094/496/149 1091/497/148 1092/494/148
f 1096/498/149 1093/499/149 1094/496/149
f 1098/500/150 1095/501/149 1096/498/149
f 1100/502/139 1097/503/150 1098/500/150
f 1102/504/151 1099/505/139 1100/502/139
f 1104/506/152 1101/507/151 1102/504/151
f 1106/508/153 1103/509/152 1104/506/152
f 1108/510/139 1105/511/154 1106/508/153
f 1110/512/151 1107/513/139 1108/510/139
f 1112/514/152 1109/515/151 1110/512/151
f 1114/516/153 1111/517/152 1112/514/152
f 1116/518/139 1113/519/154 1114/516/153
f 1118/520/151 1115/521/139 1116/518/139
f 1120/522/151 1117/523/151 1118/520/151
f 1122/524/139 1119/525/155 1120/522/151
f 1124/526/139 1121/527/139 1122/524/139
f 1126/528/151 1123/529/139 1124/526/139
f 1128/530/156 1125/531/151 1126/528/151
f 1130/532/157 1127/533/156 1128/530/156
f 1132/534/158 1129/535/157 1130/532/157
f 1134/536/159 1131/537/158 1132/534/158
f 1136/538/160 1133/539/160 1134/536/159
f 1138/540/155 1135/541/160 1136/538/160
f 1140/542/139 1137/543/151 1138/540/155
f 1142/544/139 1139/545/139 1140/542/139
f 1144/546/151 1141/547/139 1142/544/139
f 1146/548/161 1143/549/151 1144/546/151
f 1148/550/147 1145/551/161 1146/548/161
f 1088/491/147 1147/552/147 1148/550/147
f 1152/553/162 1149/299/163 1150/439/163
f 1154/554/164 1151/411/165 1152/553/162
f 1150/491/163 1153/408/166 1154/554/164
f 1158/555/167 1155/299/161 1156/439/161
f 1160/556/168 1157/557/167 1158/555/167
f 1162/558/150 1159/559/168 1160/556/168
f 1164/450/150 1161/560/150 1162/558/150
f 1166/561/150 1163/453/150 1164/450/150
f 1168/562/150 1165/563/150 1166/561/150
f 1170/564/169 1167/565/150 1168/562/150
f 1172/464/170 1169/566/169 1170/564/169
f 1174/567/161 1171/345/170 1172/464/170
f 1176/568/161 1173/569/161 1174/567/161
f 1178/570/171 1175/571/161 1176/568/161
f 1180/477/171 1177/572/171 1178/570/171
f 1182/573/172 1179/480/171 1180/477/171
f 1184/574/172 1181/575/172 1182/573/172
f 1186/576/161 1183/577/172 1184/574/172
f 1156/491/161 1185/578/161 1186/576/161
f 1190/579/147 1187/299/173 1188/439/173
f 1192/580/148 1189/581/147 1190/579/147
f 1194/556/174 1191/582/148 1192/580/148
f 1196/583/174 1193/559/174 1194/556/174
f 1198/584/175 1195/585/174 1196/583/174
f 1200/450/175 1197/586/175 1198/584/175
f 1202/587/139 1199/453/175 1200/450/175
f 1204/553/151 1201/588/139 1202/587/139
f 1206/562/176 1203/411/151 1204/553/151
f 1208/589/177 1205/565/176 1206/562/176
f 1210/590/178 1207/591/177 1208/589/177
f 1212/464/179 1209/592/178 1210/590/178
f 1214/593/180 1211/345/181 1212/464/179
f 1216/594/176 1213/595/180 1214/593/180
f 1218/568/161 1215/596/182 1216/594/176
f 1220/554/161 1217/571/161 1218/568/161
f 1222/597/147 1219/408/161 1220/554/161
f 1224/477/148 1221/598/147 1222/597/147
f 1226/599/183 1223/480/148 1224/477/148
f 1228/600/184 1225/601/183 1226/599/183
f 1230/574/185 1227/602/184 1228/600/184
f 1232/603/186 1229/577/185 1230/574/185
f 1234/604/187 1231/605/186 1232/603/186
f 1188/491/173 1233/606/187 1234/604/187
f 1238/450/188 1235/299/189 1236/439/190
f 1240/464/191 1237/453/188 1238/450/188
f 1242/477/192 1239/345/191 1240/464/191
f 1236/491/190 1241/480/192 1242/477/192
f 1246/450/193 1243/299/189 1244/439/189
f 1248/464/194 1245/453/193 1246/450/193
f 1250/477/195 1247/345/194 1248/464/194
f 1244/491/189 1249/480/195 1250/477/195
f 1254/450/195 1251/299/194 1252/439/194
f 1256/464/189 1253/453/195 1254/450/195
f 1258/477/193 1255/345/189 1256/464/189
f 1252/491/194 1257/480/193 1258/477/193
f 1262/450/196 1259/299/194 1260/439/194
f 1264/464/197 1261/453/196 1262/450/196
f 1266/477/198 1263/345/197 1264/464/197
f 1260/491/194 1265/480/198 1266/477/198
f 1270/583/199 1267/299/123 1268/439/123
f 1272/553/200 1269/585/199 1270/583/199
f 1274/464/201 1271/411/200 1272/553/200
f 1276/554/201 1273/345/201 1274/464/201
f 1278/600/121 1275/408/201 1276/554/201
f 1268/491/123 1277/602/124 1278/600/121
f 1282/583/199 1279/299/123 1280/439/123
f 1284/553/200 1281/585/199 1282/583/199
f 1286/464/201 1283/411/200 1284/553/200
f 1288/554/201 1285/345/201 1286/464/201
f 1290/600/121 1287/408/201 1288/554/201
f 1280/491/123 1289/602/124 1290/600/121
f 1294/607/202 1291/299/203 1292/439/203
f 1296/608/204 1293/304/202 1294/607/202
f 1298/609/205 1295/301/204 1296/608/204
f 1300/610/206 1297/300/205 1298/609/205
f 1302/611/207 1299/295/206 1300/610/206
f 1304/612/208 1301/294/207 1302/611/207
f 1306/613/209 1303/293/210 1304/612/208
f 1308/614/211 1305/298/212 1306/613/209
f 1310/615/213 1307/297/211 1308/614/211
f 1312/616/214 1309/302/215 1310/615/213
f 1292/491/203 1311/303/214 1312/616/214
f 1316/617/199 1313/299/216 1314/439/216
f 1318/618/200 1315/619/199 1316/617/199
f 1320/620/217 1317/351/200 1318/618/200
f 1322/621/146 1319/622/217 1320/620/217
f 1324/450/218 1321/350/146 1322/621/146
f 1326/623/118 1323/453/116 1324/450/218
f 1328/624/219 1325/347/118 1326/623/118
f 1330/625/219 1327/626/219 1328/624/219
f 1332/627/220 1329/346/219 1330/625/219
f 1334/464/220 1331/628/220 1332/627/220
f 1336/629/221 1333/345/220 1334/464/220
f 1338/630/221 1335/631/221 1336/629/221
f 1340/632/121 1337/344/221 1338/630/221
f 1342/633/123 1339/634/124 1340/632/121
f 1344/477/222 1341/349/123 1342/633/123
f 1346/635/223 1343/480/223 1344/477/222
f 1348/636/224 1345/348/222 1346/635/223
f 1350/637/224 1347/638/224 1348/636/224
f 1352/639/216 1349/343/224 1350/637/224
f 1314/491/216 1351/640/216 1352/639/216
f 1356/450/225 1353/299/226 1354/439/226
f 1358/464/227 1355/453/225 1356/450/225
f 1360/477/228 1357/345/227 1358/464/227
f 1354/491/226 1359/480/228 1360/477/228
f 1364/440/229 1361/299/123 1362/439/230
f 1366/444/231 1363/443/229 1364/440/229
f 1368/448/232 1365/447/233 1366/444/231
f 1370/452/234 1367/451/234 1368/448/232
f 1372/456/235 1369/455/232 1370/452/234
f 1374/460/235 1371/459/235 1372/456/235
f 1376/464/121 1373/463/235 1374/460/235
f 1378/467/123 1375/345/124 1376/464/121
f 1380/471/236 1377/470/123 1378/467/123
f 1382/475/237 1379/474/236 1380/471/236
f 1384/479/205 1381/478/237 1382/475/237
f 1386/483/206 1383/482/205 1384/479/205
f 1388/487/123 1385/486/206 1386/483/206
f 1362/491/230 1387/490/230 1388/487/123
f 1392/450/238 1389/299/239 1390/439/239
f 1394/464/240 1391/453/238 1392/450/238
f 1396/477/241 1393/345/240 1394/464/240
f 1390/491/239 1395/480/241 1396/477/241
f 1400/450/242 1397/299/243 1398/439/243
f 1402/464/244 1399/453/242 1400/450/242
f 1404/477/245 1401/345/244 1402/464/244
f 1398/491/243 1403/480/245 1404/477/245
f 1408/556/246 1405/299/247 1406/439/248
f 1410/450/249 1407/559/246 1408/556/246
f 1412/562/226 1409/453/249 1410/450/249
f 1414/464/250 1411/565/251 1412/562/226
f 1416/568/116 1413/345/250 1414/464/250
f 1418/477/118 1415/571/116 1416/568/116
f 1420/574/252 1417/480/118 1418/477/118
f 1406/491/248 1419/577/253 1420/574/252
f 1034/438/116 1033/441/116 1031/299/117
f 1036/440/118 1035/443/118 1033/441/116
f 1038/442/119 1037/445/119 1035/443/118
f 1040/444/119 1039/447/119 1037/445/119
f 1042/446/120 1041/449/120 1039/447/119
f 1044/448/120 1043/451/122 1041/449/120
f 1046/450/121 1045/453/124 1043/451/122
f 1048/452/123 1047/455/123 1045/453/124
f 1050/454/125 1049/457/125 1047/455/123
f 1052/456/126 1051/459/126 1049/457/125
f 1054/458/127 1053/461/127 1051/459/126
f 1056/460/128 1055/463/128 1053/461/127
f 1058/462/129 1057/465/131 1055/463/128
f 1060/464/130 1059/345/133 1057/465/131
f 1062/466/132 1061/468/132 1059/345/133
f 1064/467/134 1063/470/134 1061/468/132
f 1066/469/135 1065/472/135 1063/470/134
f 1068/471/136 1067/474/138 1065/472/135
f 1070/473/137 1069/476/137 1067/474/138
f 1072/475/139 1071/478/139 1069/476/137
f 1074/477/121 1073/480/124 1071/478/139
f 1076/479/123 1075/482/123 1073/480/124
f 1078/481/140 1077/484/142 1075/482/123
f 1080/483/141 1079/486/141 1077/484/142
f 1082/485/143 1081/488/143 1079/486/141
f 1084/487/144 1083/490/146 1081/488/143
f 1086/489/145 1085/492/117 1083/490/146
f 1032/491/117 1031/296/117 1085/492/117
f 1090/493/147 1089/495/147 1087/299/147
f 1092/494/148 1091/497/148 1089/495/147
f 1094/496/149 1093/499/149 1091/497/148
f 1096/498/149 1095/501/149 1093/499/149
f 1098/500/150 1097/503/150 1095/501/149
f 1100/502/139 1099/505/139 1097/503/150
f 1102/504/151 1101/507/151 1099/505/139
f 1104/506/152 1103/509/152 1101/507/151
f 1106/508/153 1105/511/154 1103/509/152
f 1108/510/139 1107/513/139 1105/511/154
f 1110/512/151 1109/515/151 1107/513/139
f 1112/514/152 1111/517/152 1109/515/151
f 1114/516/153 1113/519/154 1111/517/152
f 1116/518/139 1115/521/139 1113/519/154
f 1118/520/151 1117/523/151 1115/521/139
f 1120/522/151 1119/525/155 1117/523/151
f 1122/524/139 1121/527/139 1119/525/155
f 1124/526/139 1123/529/139 1121/527/139
f 1126/528/151 1125/531/151 1123/529/139
f 1128/530/156 1127/533/156 1125/531/151
f 1130/532/157 1129/535/157 1127/533/156
f 1132/534/158 1131/537/158 1129/535/157
f 1134/536/159 1133/539/160 1131/537/158
f 1136/538/160 1135/541/160 1133/539/160
f 1138/540/155 1137/543/151 1135/541/160
f 1140/542/139 1139/545/139 1137/543/151
f 1142/544/139 1141/547/139 1139/545/139
f 1144/546/151 1143/549/151 1141/547/139
f 1146/548/161 1145/551/161 1143/549/151
f 1148/550/147 1147/552/147 1145/551/161
f 1088/491/147 1087/296/147 1147/552/147
f 1152/553/162 1151/411/165 1149/299/163
f 1154/554/164 1153/408/166 1151/411/165
f 1150/491/163 1149/296/163 1153/408/166
f 1158/555/167 1157/557/167 1155/299/161
f 1160/556/168 1159/559/168 1157/557/167
f 1162/558/150 1161/560/150 1159/559/168
f 1164/450/150 1163/453/150 1161/560/150
f 1166/561/150 1165/563/150 1163/453/150
f 1168/562/150 1167/565/150 1165/563/150
f 1170/564/169 1169/566/169 1167/565/150
f 1172/464/170 1171/345/170 1169/566/169
f 1174/567/161 1173/569/161 1171/345/170
f 1176/568/161 1175/571/161 1173/569/161
f 1178/570/171 1177/572/171 1175/571/161
f 1180/477/171 1179/480/171 1177/572/171
f 1182/573/172 1181/575/172 1179/480/171
f 1184/574/172 1183/577/172 1181/575/172
f 1186/576/161 1185/578/161 1183/577/172
f 1156/491/161 1155/296/161 1185/578/161
f 1190/579/147 1189/581/147 1187/299/173
f 1192/580/148 1191/582/148 1189/581/147
f 1194/556/174 1193/559/174 1191/582/148
f 1196/583/174 1195/585/174 1193/559/174
f 1198/584/175 1197/586/175 1195/585/174
f 1200/450/175 1199/453/175 1197/586/175
f 1202/587/139 1201/588/139 1199/453/175
f 1204/553/151 1203/411/151 1201/588/139
f 1206/562/176 1205/565/176 1203/411/151
f 1208/589/177 1207/591/177 1205/565/176
f 1210/590/178 1209/592/178 1207/591/177
f 1212/464/179 1211/345/181 1209/592/178
f 1214/593/180 1213/595/180 1211/345/181
f 1216/594/176 1215/596/182 1213/595/180
f 1218/568/161 1217/571/161 1215/596/182
f 1220/554/161 1219/408/161 1217/571/161
f 1222/597/147 1221/598/147 1219/408/161
f 1224/477/148 1223/480/148 1221/598/147
f 1226/599/183 1225/601/183 1223/480/148
f 1228/600/184 1227/602/184 1225/601/183
f 1230/574/185 1229/577/185 1227/602/184
f 1232/603/186 1231/605/186 1229/577/185
f 1234/604/187 1233/606/187 1231/605/186
f 1188/491/173 1187/296/173 1233/606/187
f 1238/450/188 1237/453/188 1235/299/189
f 1240/464/191 1239/345/191 1237/453/188
f 1242/477/192 1241/480/192 1239/345/191
f 1236/491/190 1235/296/189 1241/480/192
f 1246/450/193 1245/453/193 1243/299/189
f 1248/464/194 1247/345/194 1245/453/193
f 1250/477/195 1249/480/195 1247/345/194
f 1244/491/189 1243/296/189 1249/480/195
f 1254/450/195 1253/453/195 1251/299/194
f 1256/464/189 1255/345/189 1253/453/195
f 1258/477/193 1257/480/193 1255/345/189
f 1252/491/194 1251/296/194 1257/480/193
f 1262/450/196 1261/453/196 1259/299/194
f 1264/464/197 1263/345/197 1261/453/196
f 1266/477/198 1265/480/198 1263/345/197
f 1260/491/194 1259/296/194 1265/480/198
f 1270/583/199 1269/585/199 1267/299/123
f 1272/553/200 1271/411/200 1269/585/199
f 1274/464/201 1273/345/201 1271/411/200
f 1276/554/201 1275/408/201 1273/345/201
f 1278/600/121 1277/602/124 1275/408/201
f 1268/491/123 1267/296/123 1277/602/124
f 1282/583/199 1281/585/199 1279/299/123
f 1284/553/200 1283/411/200 1281/585/199
f 1286/464/201 1285/345/201 1283/411/200
f 1288/554/201 1287/408/201 1285/345/201
f 1290/600/121 1289/602/124 1287/408/201
f 1280/491/123 1279/296/123 1289/602/124
f 1294/607/202 1293/304/202 1291/299/203
f 1296/608/204 1295/301/204 1293/304/202
f 1298/609/205 1297/300/205 1295/301/204
f 1300/610/206 1299/295/206 1297/300/205
f 1302/611/207 1301/294/207 1299/295/206
f 1304/612/208 1303/293/210 1301/294/207
f 1306/613/209 1305/298/212 1303/293/210
f 1308/614/211 1307/297/211 1305/298/212
f 1310/615/213 1309/302/215 1307/297/211
f 1312/616/214 1311/303/214 1309/302/215
f 1292/491/203 1291/296/203 1311/303/214
f 1316/617/199 1315/619/199 1313/299/216
f 1318/618/200 1317/351/200 1315/619/199
f 1320/620/217 1319/622/217 1317/351/200
f 1322/621/146 1321/350/146 1319/622/217
f 1324/450/218 1323/453/116 1321/350/146
f 1326/623/118 1325/347/118 1323/453/116
f 1328/624/219 1327/626/219 1325/347/118
f 1330/625/219 1329/346/219 1327/626/219
f 1332/627/220 1331/628/220 1329/346/219
f 1334/464/220 1333/345/220 1331/628/220
f 1336/629/221 1335/631/221 1333/345/220
f 1338/630/221 1337/344/221 1335/631/221
f 1340/632/121 1339/634/124 1337/344/221
f 1342/633/123 1341/349/123 1339/634/124
f 1344/477/222 1343/480/223 1341/349/123
f 1346/635/223 1345/348/222 1343/480/223
f 1348/636/224 1347/638/224 1345/348/222
f 1350/637/224 1349/343/224 1347/638/224
f 1352/639/216 1351/640/216 1349/343/224
f 1314/491/216 1313/296/216 1351/640/216
f 1356/450/225 1355/453/225 1353/299/226
f 1358/464/227 1357/345/227 1355/453/225
f 1360/477/228 1359/480/228 1357/345/227
f 1354/491/226 1353/296/226 1359/480/228
f 1364/440/229 1363/443/229 1361/299/123
f 1366/444/231 1365/447/233 1363/443/229
f 1368/448/232 1367/451/234 1365/447/233
f 1370/452/234 1369/455/232 1367/451/234
f 1372/456/235 1371/459/235 1369/455/232
f 1374/460/235 1373/463/235 1371/459/235
f 1376/464/121 1375/345/124 1373/463/235
f 1378/467/123 1377/470/123 1375/345/124
f 1380/471/236 1379/474/236 1377/470/123
f 1382/475/237 1381/478/237 1379/474/236
f 1384/479/205 1383/482/205 1381/478/237
f 1386/483/206 1385/486/206 1383/482/205
f 1388/487/123 1387/490/230 1385/486/206
f 1362/491/230 1361/296/123 1387/490/230
f 1392/450/238 1391/453/238 1389/299/239
f 1394/464/240 1393/345/240 1391/453/238
f 1396/477/241 1395/480/241 1393/345/240
f 1390/491/239 1389/296/239 1395/480/241
f 1400/450/242 1399/453/242 1397/299/243
f 1402/464/244 1401/345/244 1399/453/242
f 1404/477/245 1403/480/245 1401/345/244
f 1398/491/243 1397/296/243 1403/480/245
f 1408/556/246 1407/559/246 1405/299/247
f 1410/450/249 1409/453/249 1407/559/246
f 1412/562/226 1411/565/251 1409/453/249
f 1414/464/250 1413/345/250 1411/565/251
f 1416/568/116 1415/571/116 1413/345/250
f 1418/477/118 1417/480/118 1415/571/116
f 1420/574/252 1419/577/253 1417/480/118
f 1406/491/248 1405/296/247 1419/577/253
o Sphere
v -1.262894 0.313279 -0.020585
v -1.262894 0.313279 -0.020585
v -1.262894 0.313279 -0.020585
v -1.262894 0.313279 -0.020585
v -1.262894 0.313279 -0.020585
v -1.262894 0.058147 -0.490962
v -1.262894 0.058147 -0.490962
v -1.262894 0.058147 -0.490962
v -1.262894 0.058147 -0.490962
v -0.945407 -0.012921 -0.100814
v -0.945407 -0.012921 -0.100814
v -0.945407 -0.012921 -0.100814
v -0.945407 -0.012921 -0.100814
v -0.945407 -0.012921 -0.100814
v -0.945407 -0.012921 -0.100814
v -0.945407 -0.012921 -0.100814
v -1.262894 -0.039473 0.531723
v -1.262894 -0.039473 0.531723
v -1.262894 -0.039473 0.531723
v -1.262894 -0.039473 0.531723
v -1.262894 -0.039473 0.531723
v -1.262894 -0.039473 0.531723
v -1.262894 -0.039473 0.531723
v -1.262894 -0.230890 -0.072528
v -1.262894 -0.230890 -0.072528
v -1.262894 -0.230890 -0.072528
v -1.262894 -0.230890 -0.072528
v -1.262894 -0.230890 -0.072528
v -1.262894 -0.230890 -0.072528
v -1.555076 0.153916 0.132026
v -1.555076 0.153916 0.132026
v -1.555076 0.153916 0.132026
v -1.555076 0.153916 0.132026
v -1.555076 0.153916 0.132026
v -1.067799 -0.199745 0.096493
v -1.067799 -0.199745 0.096493
v -1.067799 -0.199745 0.096493
v -1.000810 0.154633 0.123378
v -1.000810 0.154633 0.123378
v -1.000810 0.154633 0.123378
v -1.524582 -0.121592 -0.184984
v -1.524582 -0.121592 -0.184984
v -1.524582 -0.121592 -0.184984
v -1.524582 -0.121592 -0.184984
v -1.265932 0.058264 -0.486868
v -1.265932 0.058264 -0.486868
v -1.265932 0.058264 -0.486868
v -1.265932 0.058264 -0.486868
v -1.262894 0.059789 -0.487935
v -1.262894 0.059789 -0.487935
v -1.262894 0.059789 -0.487935
v -1.262894 0.059789 -0.487935
v -1.550227 -0.215878 0.172994
v -1.550227 -0.215878 0.172994
v -1.550227 -0.215878 0.172994
v -1.550227 -0.215878 0.172994
vn 0.6163 0.6922 -0.3755
vn 0.2097 0.8240 0.5263
vn 0.4573 -0.7317 -0.5054
vn 0.8896 -0.1164 0.4416
vn -0.1045 -0.8159 -0.5686
vn -0.1045 -0.8159 -0.5687
vn -0.2733 -0.9252 -0.2633
vn -0.5199 0.7509 -0.4073
vn -0.1757 0.8297 0.5299
vn -0.1088 -0.9477 0.3002
vn 0.8630 -0.2786 0.4215
vn 0.6206 0.6939 -0.3652
vn 0.4874 -0.7646 -0.4217
vn -0.9968 -0.0216 -0.0771
vn -0.5881 0.7112 -0.3851
vn -0.5885 0.7108 -0.3853
vn -0.5882 0.7111 -0.3851
vn -0.7983 0.4145 -0.4370
vn 0.2039 -0.9333 0.2957
vn -0.7927 0.0569 0.6070
vt 0.750000 0.500212
vt 0.500000 0.500212
vt 0.625804 0.035351
vt 0.625000 0.032340
vt 0.750000 0.517319
vt 0.625000 0.977472
vt 0.637462 0.517319
vt 0.250000 0.500212
vt 0.375000 0.032340
vt 0.500000 0.517319
vt 0.375000 0.977472
vt 0.361167 0.517319
vt 0.125000 0.032340
vt 0.140581 0.500212
vt 0.124169 0.035452
vt 0.250000 0.517319
vt 0.136348 0.642329
vt 0.140581 0.517319
vt 0.875000 0.032340
vt 0.875831 0.035452
vt 0.874196 0.035351
vt 1.000000 0.517319
vt 0.875000 0.977472
vt 0.637462 0.500212
vt 0.361167 0.500212
vt 0.000000 0.517319
vt 1.000000 0.500212
vt 0.000000 0.500212
vt 0.125000 0.977472
s 1
usemtl マテリアル.002
f 1422/641/254 1432/642/254 1469/643/254
f 1433/642/254 1427/644/254 1470/643/254
f 1421/645/255 1438/646/255 1458/647/255
f 1430/642/256 1445/648/256 1426/649/256
f 1436/650/257 1440/651/257 1456/652/257
f 1428/653/258 1447/648/259 1461/654/259
f 1428/653/258 1461/654/259 1465/655/259
f 1449/656/260 1474/657/260 1462/658/260
f 1429/659/261 1466/660/261 1471/661/261
f 1450/662/262 1442/663/262 1424/645/262
f 1457/652/263 1441/651/263 1448/656/263
f 1460/647/264 1439/646/264 1435/650/264
f 1423/641/265 1459/664/265 1434/642/265
f 1431/642/266 1455/665/266 1446/648/266
f 1464/658/267 1476/657/267 1454/666/267
f 1472/661/268 1467/660/268 1451/667/269
f 1472/661/268 1451/667/269 1425/641/270
f 1468/655/271 1463/654/271 1453/668/271
f 1473/657/272 1444/656/272 1437/669/272
f 1452/666/273 1475/657/273 1443/669/273
o Text.006
v -0.718735 0.050000 -0.749393
v -0.762894 0.050000 -0.749393
v -0.754614 0.050000 -0.885271
v -0.710456 0.050000 -0.885271
v -0.667217 0.050000 -0.749393
v -0.711376 0.050000 -0.749393
v -0.703096 0.050000 -0.885271
v -0.658938 0.050000 -0.885271
v -1.135019 0.050000 -0.498887
v -1.230695 0.050000 -0.498887
v -1.151578 0.050000 -0.885271
v -1.055902 0.050000 -0.885271
v -0.833272 0.050000 -0.498887
v -0.928947 0.050000 -0.498887
v -0.967587 0.050000 -0.885271
v -0.871909 0.050000 -0.885271
v -0.800612 0.050000 -0.885271
v -0.804752 0.050000 -0.820874
v -0.859950 0.050000 -0.820874
v -0.855810 0.050000 -0.885271
v -0.823611 0.050000 -0.840193
v -0.822231 0.050000 -0.865952
v -0.836951 0.050000 -0.865952
v -0.838331 0.050000 -0.840193
v -1.577061 0.050000 -0.498887
v -1.679637 0.050000 -0.498887
v -1.655718 0.050000 -0.885271
v -1.552682 0.050000 -0.885271
v -1.562342 0.050000 -0.730717
v -1.302912 0.050000 -0.730717
v -1.305212 0.050000 -0.692079
v -1.564642 0.050000 -0.692079
v -1.271633 0.050000 -0.885271
v -1.275773 0.050000 -0.820874
v -1.296012 0.050000 -0.820874
v -1.291873 0.050000 -0.885271
v -1.306592 0.050000 -0.885271
v -1.310732 0.050000 -0.820874
v -1.330971 0.050000 -0.820874
v -1.326831 0.050000 -0.885271
v -1.802452 0.050000 -0.749393
v -1.846610 0.050000 -0.749393
v -1.838331 0.050000 -0.885271
v -1.794172 0.050000 -0.885271
v -1.750934 0.050000 -0.749393
v -1.795092 0.050000 -0.749393
v -1.786813 0.050000 -0.885271
v -1.742654 0.050000 -0.885271
v -0.718735 -0.050000 -0.749393
v -0.762894 -0.050000 -0.749393
v -0.754614 -0.050000 -0.885271
v -0.710456 -0.050000 -0.885271
v -0.667217 -0.050000 -0.749393
v -0.711376 -0.050000 -0.749393
v -0.703096 -0.050000 -0.885271
v -0.658938 -0.050000 -0.885271
v -1.135019 -0.050000 -0.498887
v -1.230695 -0.050000 -0.498887
v -1.151578 -0.050000 -0.885271
v -1.055902 -0.050000 -0.885271
v -0.833272 -0.050000 -0.498887
v -0.928947 -0.050000 -0.498887
v -0.967587 -0.050000 -0.885271
v -0.871909 -0.050000 -0.885271
v -0.800612 -0.050000 -0.885271
v -0.804752 -0.050000 -0.820874
v -0.859950 -0.050000 -0.820874
v -0.855810 -0.050000 -0.885271
v -0.823611 -0.050000 -0.840193
v -0.822231 -0.050000 -0.865952
v -0.836951 -0.050000 -0.865952
v -0.838331 -0.050000 -0.840193
v -1.577061 -0.050000 -0.498887
v -1.679637 -0.050000 -0.498887
v -1.655718 -0.050000 -0.885271
v -1.552682 -0.050000 -0.885271
v -1.562342 -0.050000 -0.730717
v -1.302912 -0.050000 -0.730717
v -1.305212 -0.050000 -0.692079
v -1.564642 -0.050000 -0.692079
v -1.271633 -0.050000 -0.885271
v -1.275773 -0.050000 -0.820874
v -1.296012 -0.050000 -0.820874
v -1.291873 -0.050000 -0.885271
v -1.306592 -0.050000 -0.885271
v -1.310732 -0.050000 -0.820874
v -1.330971 -0.050000 -0.820874
v -1.326831 -0.050000 -0.885271
v -1.802452 -0.050000 -0.749393
v -1.846610 -0.050000 -0.749393
v -1.838331 -0.050000 -0.885271
v -1.794172 -0.050000 -0.885271
v -1.750934 -0.050000 -0.749393
v -1.795092 -0.050000 -0.749393
v -1.786813 -0.050000 -0.885271
v -1.742654 -0.050000 -0.885271
v -1.802452 -0.050000 -0.749393
v -1.802452 0.050000 -0.749393
v -1.846610 -0.050000 -0.749393
v -1.846610 0.050000 -0.749393
v -1.838331 -0.050000 -0.885271
v -1.838331 0.050000 -0.885271
v -1.794172 -0.050000 -0.885271
v -1.794172 0.050000 -0.885271
v -1.750934 -0.050000 -0.749393
v -1.750934 0.050000 -0.749393
v -1.795092 -0.050000 -0.749393
v -1.795092 0.050000 -0.749393
v -1.786813 -0.050000 -0.885271
v -1.786813 0.050000 -0.885271
v -1.742654 -0.050000 -0.885271
v -1.742654 0.050000 -0.885271
v -1.577061 -0.050000 -0.498887
v -1.577061 0.050000 -0.498887
v -1.679637 -0.050000 -0.498887
v -1.679637 0.050000 -0.498887
v -1.655718 -0.050000 -0.885271
v -1.655718 0.050000 -0.885271
v -1.552682 -0.050000 -0.885271
v -1.552682 0.050000 -0.885271
v -1.562342 -0.050000 -0.730717
v -1.562342 0.050000 -0.730717
v -1.302912 -0.050000 -0.730717
v -1.302912 0.050000 -0.730717
v -1.305212 -0.050000 -0.692079
v -1.305212 0.050000 -0.692079
v -1.564642 -0.050000 -0.692079
v -1.564642 0.050000 -0.692079
v -1.271633 -0.050000 -0.885271
v -1.271633 0.050000 -0.885271
v -1.275773 -0.050000 -0.820874
v -1.275773 0.050000 -0.820874
v -1.296012 -0.050000 -0.820874
v -1.296012 0.050000 -0.820874
v -1.291873 -0.050000 -0.885271
v -1.291873 0.050000 -0.885271
v -1.306592 -0.050000 -0.885271
v -1.306592 0.050000 -0.885271
v -1.310732 -0.050000 -0.820874
v -1.310732 0.050000 -0.820874
v -1.330971 -0.050000 -0.820874
v -1.330971 0.050000 -0.820874
v -1.326831 -0.050000 -0.885271
v -1.326831 0.050000 -0.885271
v -1.135019 -0.050000 -0.498887
v -1.135019 0.050000 -0.498887
v -1.230695 -0.050000 -0.498887
v -1.230695 0.050000 -0.498887
v -1.151578 -0.050000 -0.885271
v -1.151578 0.050000 -0.885271
v -1.055902 -0.050000 -0.885271
v -1.055902 0.050000 -0.885271
v -0.833272 -0.050000 -0.498887
v -0.833272 0.050000 -0.498887
v -0.928947 -0.050000 -0.498887
v -0.928947 0.050000 -0.498887
v -0.967587 -0.050000 -0.885271
v -0.967587 0.050000 -0.885271
v -0.871909 -0.050000 -0.885271
v -0.871909 0.050000 -0.885271
v -0.800612 -0.050000 -0.885271
v -0.800612 0.050000 -0.885271
v -0.804752 -0.050000 -0.820874
v -0.804752 0.050000 -0.820874
v -0.859950 -0.050000 -0.820874
v -0.859950 0.050000 -0.820874
v -0.855810 -0.050000 -0.885271
v -0.855810 0.050000 -0.885271
v -0.823611 -0.050000 -0.840193
v -0.823611 0.050000 -0.840193
v -0.822231 -0.050000 -0.865952
v -0.822231 0.050000 -0.865952
v -0.836951 -0.050000 -0.865952
v -0.836951 0.050000 -0.865952
v -0.838331 -0.050000 -0.840193
v -0.838331 0.050000 -0.840193
v -0.718735 -0.050000 -0.749393
v -0.718735 0.050000 -0.749393
v -0.762894 -0.050000 -0.749393
v -0.762894 0.050000 -0.749393
v -0.754614 -0.050000 -0.885271
v -0.754614 0.050000 -0.885271
v -0.710456 -0.050000 -0.885271
v -0.710456 0.050000 -0.885271
v -0.667217 -0.050000 -0.749393
v -0.667217 0.050000 -0.749393
v -0.711376 -0.050000 -0.749393
v -0.711376 0.050000 -0.749393
v -0.703096 -0.050000 -0.885271
v -0.703096 0.050000 -0.885271
v -0.658938 -0.050000 -0.885271
v -0.658938 0.050000 -0.885271
vn -0.0000 1.0000 -0.0000
vn -0.0000 -1.0000 -0.0000
vn -0.8362 -0.0000 0.5485
vn 0.7893 -0.0000 0.6140
vn 0.7893 -0.0000 0.6141
vn -0.7893 -0.0000 -0.6141
vn 0.8361 -0.0000 -0.5485
vn -0.7893 -0.0000 -0.6140
vn 0.8362 -0.0000 -0.5485
vn -0.8365 -0.0000 0.5479
vn 0.7880 -0.0000 0.6157
vn 0.7879 -0.0000 0.6158
vn -0.7889 -0.0000 -0.6145
vn -0.8364 -0.0000 0.5480
vn 0.8367 -0.0000 -0.5476
vn 0.8367 -0.0000 -0.5477
vn 0.8367 0.0001 -0.5477
vn 0.8357 -0.0000 -0.5492
vn 0.8367 0.0001 -0.5476
vn 0.7899 -0.0000 0.6133
vn 0.7880 -0.0001 0.6157
vn 0.8373 -0.0000 -0.5467
vn -0.8373 -0.0000 0.5467
vn -0.7880 -0.0000 -0.6157
vn -0.8805 -0.0000 0.4741
vn 0.7258 -0.0000 0.6879
vn -0.7258 -0.0000 -0.6879
vn -0.8805 -0.0000 0.4740
vn 0.8805 -0.0000 -0.4741
vn 0.8805 -0.0000 -0.4740
vn -0.7728 -0.0000 0.6347
vn 0.8494 -0.0000 0.5277
vn 0.8494 -0.0000 0.5278
vn -0.8494 -0.0000 -0.5278
vn -0.7728 0.0001 0.6347
vn 0.7728 -0.0000 -0.6347
vn -0.8494 -0.0000 -0.5277
vn -0.7880 -0.0001 -0.6157
vn -0.7879 -0.0000 -0.6158
vn -0.8335 -0.0000 0.5525
vn -0.7924 -0.0000 -0.6100
vn 0.7924 -0.0001 0.6100
vn -0.8336 -0.0000 0.5524
vn 0.8336 -0.0000 -0.5524
vn 0.7924 -0.0000 0.6100
vn -0.8361 -0.0000 0.5485
vt 0.285714 0.000000
vt 0.142857 0.000000
vt 0.000000 0.000000
vt 0.571429 0.000000
vt 1.000000 0.000000
vt 0.857143 0.000000
vt 0.714286 0.000000
vt 0.428571 0.000000
vt 0.133333 0.000000
vt 0.066667 0.000000
vt 0.200000 0.000000
vt 0.400000 0.000000
vt 0.333333 0.000000
vt 0.466667 0.000000
vt 0.733333 0.000000
vt 0.933333 0.000000
vt 0.866667 0.000000
vt 0.800000 0.000000
vt 0.600000 0.000000
vt 0.533333 0.000000
vt 0.666667 0.000000
vt 0.266667 0.000000
vt 0.250000 1.000000
vt 0.000000 1.000000
vt 0.500000 1.000000
vt 0.250000 0.000000
vt 0.750000 1.000000
vt 0.500000 0.000000
vt 1.000000 1.000000
vt 0.750000 0.000000
vt 0.125000 1.000000
vt 0.125000 0.000000
vt 0.375000 1.000000
vt 0.375000 0.000000
vt 0.625000 1.000000
vt 0.625000 0.000000
vt 0.875000 1.000000
vt 0.875000 0.000000
s 1
usemtl Material.010
f 1479/670/274 1478/671/274 1477/672/274
f 1481/673/274 1484/674/274 1483/675/274
f 1481/673/274 1483/675/274 1482/676/274
f 1479/670/274 1477/672/274 1480/677/274
f 1487/678/274 1486/679/274 1485/672/274
f 1485/672/274 1488/680/274 1487/678/274
f 1491/681/274 1490/682/274 1492/683/274
f 1496/684/274 1500/674/274 1499/685/274
f 1498/686/274 1497/687/274 1494/688/274
f 1494/688/274 1493/689/274 1498/686/274
f 1494/688/274 1497/687/274 1500/674/274
f 1496/684/274 1499/685/274 1498/686/274
f 1498/686/274 1493/689/274 1496/684/274
f 1494/688/274 1500/674/274 1495/690/274
f 1500/674/274 1496/684/274 1495/690/274
f 1490/682/274 1489/691/274 1492/683/274
f 1501/672/274 1508/683/274 1502/679/274
f 1503/678/274 1502/679/274 1508/683/274
f 1503/678/274 1508/683/274 1505/691/274
f 1505/691/274 1504/680/274 1503/678/274
f 1512/684/274 1511/690/274 1510/688/274
f 1510/688/274 1509/689/274 1512/684/274
f 1505/691/274 1508/683/274 1507/681/274
f 1507/681/274 1506/682/274 1505/691/274
f 1516/674/274 1515/685/274 1514/686/274
f 1514/686/274 1513/687/274 1516/674/274
f 1519/670/274 1518/671/274 1517/672/274
f 1521/673/274 1524/674/274 1523/675/274
f 1521/673/274 1523/675/274 1522/676/274
f 1519/670/274 1517/672/274 1520/677/274
f 1527/670/275 1525/672/275 1526/671/275
f 1529/673/275 1531/675/275 1532/674/275
f 1529/673/275 1530/676/275 1531/675/275
f 1527/670/275 1528/677/275 1525/672/275
f 1535/678/275 1533/672/275 1534/679/275
f 1533/672/275 1535/678/275 1536/680/275
f 1539/681/275 1540/683/275 1538/682/275
f 1544/684/275 1547/685/275 1548/674/275
f 1546/686/275 1542/688/275 1545/687/275
f 1542/688/275 1546/686/275 1541/689/275
f 1542/688/275 1548/674/275 1545/687/275
f 1544/684/275 1546/686/275 1547/685/275
f 1546/686/275 1544/684/275 1541/689/275
f 1542/688/275 1543/690/275 1548/674/275
f 1548/674/275 1543/690/275 1544/684/275
f 1538/682/275 1540/683/275 1537/691/275
f 1549/672/275 1550/679/275 1556/683/275
f 1551/678/275 1556/683/275 1550/679/275
f 1551/678/275 1553/691/275 1556/683/275
f 1553/691/275 1551/678/275 1552/680/275
f 1560/684/275 1558/688/275 1559/690/275
f 1558/688/275 1560/684/275 1557/689/275
f 1553/691/275 1555/681/275 1556/683/275
f 1555/681/275 1553/691/275 1554/682/275
f 1564/674/275 1562/686/275 1563/685/275
f 1562/686/275 1564/674/275 1561/687/275
f 1567/670/275 1565/672/275 1566/671/275
f 1569/673/275 1571/675/275 1572/674/275
f 1569/673/275 1570/676/275 1571/675/275
f 1567/670/275 1568/677/275 1565/672/275
f 1576/692/276 1573/672/277 1574/693/278
f 1578/694/279 1575/695/276 1576/692/276
f 1580/696/280 1577/697/281 1578/694/279
f 1574/698/278 1579/699/282 1580/696/280
f 1584/692/276 1581/672/277 1582/693/278
f 1586/694/279 1583/695/276 1584/692/276
f 1588/696/280 1585/697/281 1586/694/279
f 1582/698/278 1587/699/282 1588/696/280
f 1592/700/283 1589/672/284 1590/693/285
f 1594/692/286 1591/701/287 1592/700/283
f 1596/702/288 1593/695/286 1594/692/286
f 1598/694/289 1595/703/290 1596/702/288
f 1600/704/291 1597/697/292 1598/694/289
f 1602/696/293 1599/705/291 1600/704/291
f 1604/706/294 1601/699/293 1602/696/293
f 1590/698/285 1603/707/285 1604/706/294
f 1608/692/294 1605/672/295 1606/693/295
f 1610/694/296 1607/695/284 1608/692/294
f 1612/696/297 1609/697/296 1610/694/296
f 1606/698/295 1611/699/297 1612/696/297
f 1616/692/294 1613/672/295 1614/693/295
f 1618/694/296 1615/695/284 1616/692/294
f 1620/696/297 1617/697/296 1618/694/296
f 1614/698/295 1619/699/297 1620/696/297
f 1624/692/298 1621/672/299 1622/693/299
f 1626/694/300 1623/695/301 1624/692/298
f 1628/696/302 1625/697/300 1626/694/300
f 1622/698/299 1627/699/303 1628/696/302
f 1632/692/304 1629/672/305 1630/693/306
f 1634/694/307 1631/695/308 1632/692/304
f 1636/696/309 1633/697/310 1634/694/307
f 1630/698/306 1635/699/309 1636/696/309
f 1640/692/294 1637/672/295 1638/693/295
f 1642/694/296 1639/695/285 1640/692/294
f 1644/696/311 1641/697/296 1642/694/296
f 1638/698/295 1643/699/312 1644/696/311
f 1648/692/313 1645/672/314 1646/693/314
f 1650/694/315 1647/695/316 1648/692/313
f 1652/696/317 1649/697/318 1650/694/315
f 1646/698/314 1651/699/317 1652/696/317
f 1656/692/319 1653/672/277 1654/693/278
f 1658/694/279 1655/695/276 1656/692/319
f 1660/696/282 1657/697/281 1658/694/279
f 1654/698/278 1659/699/282 1660/696/282
f 1664/692/319 1661/672/277 1662/693/278
f 1666/694/279 1663/695/276 1664/692/319
f 1668/696/282 1665/697/281 1666/694/279
f 1662/698/278 1667/699/282 1668/696/282
f 1576/692/276 1575/695/276 1573/672/277
f 1578/694/279 1577/697/281 1575/695/276
f 1580/696/280 1579/699/282 1577/697/281
f 1574/698/278 1573/674/277 1579/699/282
f 1584/692/276 1583/695/276 1581/672/277
f 1586/694/279 1585/697/281 1583/695/276
f 1588/696/280 1587/699/282 1585/697/281
f 1582/698/278 1581/674/277 1587/699/282
f 1592/700/283 1591/701/287 1589/672/284
f 1594/692/286 1593/695/286 1591/701/287
f 1596/702/288 1595/703/290 1593/695/286
f 1598/694/289 1597/697/292 1595/703/290
f 1600/704/291 1599/705/291 1597/697/292
f 1602/696/293 1601/699/293 1599/705/291
f 1604/706/294 1603/707/285 1601/699/293
f 1590/698/285 1589/674/284 1603/707/285
f 1608/692/294 1607/695/284 1605/672/295
f 1610/694/296 1609/697/296 1607/695/284
f 1612/696/297 1611/699/297 1609/697/296
f 1606/698/295 1605/674/295 1611/699/297
f 1616/692/294 1615/695/284 1613/672/295
f 1618/694/296 1617/697/296 1615/695/284
f 1620/696/297 1619/699/297 1617/697/296
f 1614/698/295 1613/674/295 1619/699/297
f 1624/692/298 1623/695/301 1621/672/299
f 1626/694/300 1625/697/300 1623/695/301
f 1628/696/302 1627/699/303 1625/697/300
f 1622/698/299 1621/674/299 1627/699/303
f 1632/692/304 1631/695/308 1629/672/305
f 1634/694/307 1633/697/310 1631/695/308
f 1636/696/309 1635/699/309 1633/697/310
f 1630/698/306 1629/674/305 1635/699/309
f 1640/692/294 1639/695/285 1637/672/295
f 1642/694/296 1641/697/296 1639/695/285
f 1644/696/311 1643/699/312 1641/697/296
f 1638/698/295 1637/674/295 1643/699/312
f 1648/692/313 1647/695/316 1645/672/314
f 1650/694/315 1649/697/318 1647/695/316
f 1652/696/317 1651/699/317 1649/697/318
f 1646/698/314 1645/674/314 1651/699/317
f 1656/692/319 1655/695/276 1653/672/277
f 1658/694/279 1657/697/281 1655/695/276
f 1660/696/282 1659/699/282 1657/697/281
f 1654/698/278 1653/674/277 1659/699/282
f 1664/692/319 1663/695/276 1661/672/277
f 1666/694/279 1665/697/281 1663/695/276
f 1668/696/282 1667/699/282 1665/697/281
f 1662/698/278 1661/674/277 1667/699/282
