# Blender 5.2.1 LTS
# www.blender.org
mtllib tutorialText10.mtl
o 球
v -1.550341 0.010971 0.042007
v -1.550341 0.010971 0.042007
v -1.550341 0.010971 0.042007
v -1.550341 0.010971 0.042007
v -1.550341 0.010971 0.042007
v -1.550341 0.010971 0.042007
v -1.495097 0.007172 0.237423
v -1.495097 0.007172 0.237423
v -1.495097 0.007172 0.237423
v -1.495097 0.007172 0.237423
v -1.495097 0.007172 0.237423
v -1.495097 0.007172 0.237423
v -1.429812 0.130610 0.196767
v -1.429812 0.130610 0.196767
v -1.429812 0.130610 0.196767
v -1.429812 0.130610 0.196767
v -1.429812 0.130610 0.196767
v -1.334592 0.084344 0.358709
v -1.334592 0.084344 0.358709
v -1.334592 0.084344 0.358709
v -1.334592 0.084344 0.358709
v -1.334592 0.084344 0.358709
v -1.334592 0.084344 0.358709
v -1.302370 0.213440 0.081146
v -1.302370 0.213440 0.081146
v -1.302370 0.213440 0.081146
v -1.302370 0.213440 0.081146
v -1.205443 0.196793 0.248664
v -1.205443 0.196793 0.248664
v -1.205443 0.196793 0.248664
v -1.205443 0.196793 0.248664
v -1.205443 0.196793 0.248664
v -1.205443 0.196793 0.248664
v -1.183767 0.036926 0.432514
v -1.183767 0.036926 0.432514
v -1.183767 0.036926 0.432514
v -1.183767 0.036926 0.432514
v -1.183767 0.036926 0.432514
v -1.534565 0.005731 -0.119462
v -1.534565 0.005731 -0.119462
v -1.534565 0.005731 -0.119462
v -1.534565 0.005731 -0.119462
v -1.534565 0.005731 -0.119462
v -1.471557 0.132879 -0.021942
v -1.471557 0.132879 -0.021942
v -1.471557 0.132879 -0.021942
v -1.471557 0.132879 -0.021942
v -1.471557 0.132879 -0.021942
v -1.471557 0.132879 -0.021942
v -1.438224 0.119974 -0.188436
v -1.438224 0.119974 -0.188436
v -1.438224 0.119974 -0.188436
v -1.438224 0.119974 -0.188436
v -1.438224 0.119974 -0.188436
v -1.438224 0.119974 -0.188436
v -1.400284 0.076441 -0.319990
v -1.400284 0.076441 -0.319990
v -1.400284 0.076441 -0.319990
v -1.400284 0.076441 -0.319990
v -1.400284 0.076441 -0.319990
v -1.400284 0.076441 -0.319990
v -1.400284 0.076441 -0.319990
v -1.268438 0.177183 -0.262468
v -1.268438 0.177183 -0.262468
v -1.268438 0.177183 -0.262468
v -1.268438 0.177183 -0.262468
v -1.268438 0.177183 -0.262468
v -1.233829 0.222392 -0.066505
v -1.233829 0.222392 -0.066505
v -1.233829 0.222392 -0.066505
v -1.233829 0.222392 -0.066505
v -1.233829 0.222392 -0.066505
v -1.233829 0.222392 -0.066505
v -1.233829 0.222392 -0.066505
v -1.204011 0.132601 -0.397121
v -1.204011 0.132601 -0.397121
v -1.204011 0.132601 -0.397121
v -1.204011 0.132601 -0.397121
v -1.204011 0.132601 -0.397121
v -1.204011 0.132601 -0.397121
v -1.204011 0.132601 -0.397121
v -1.277518 0.052364 -0.491584
v -1.277518 0.052364 -0.491584
v -1.277518 0.052364 -0.491584
v -1.277518 0.052364 -0.491584
v -1.191343 0.020801 -0.538224
v -1.191343 0.020801 -0.538224
v -1.191343 0.020801 -0.538224
v -1.191343 0.020801 -0.538224
v -1.191343 0.020801 -0.538224
v -1.191343 0.020801 -0.538224
v -1.191343 0.020801 -0.538224
v -1.191343 0.020801 -0.538224
v -1.487193 -0.082964 0.198808
v -1.487193 -0.082964 0.198808
v -1.487193 -0.082964 0.198808
v -1.487193 -0.082964 0.198808
v -1.487193 -0.082964 0.198808
v -1.487193 -0.082964 0.198808
v -1.445403 -0.152097 0.104527
v -1.445403 -0.152097 0.104527
v -1.445403 -0.152097 0.104527
v -1.445403 -0.152097 0.104527
v -1.445403 -0.152097 0.104527
v -1.355938 -0.035879 0.375167
v -1.355938 -0.035879 0.375167
v -1.355938 -0.035879 0.375167
v -1.355938 -0.035879 0.375167
v -1.355938 -0.035879 0.375167
v -1.355938 -0.035879 0.375167
v -1.340241 -0.124237 0.319616
v -1.340241 -0.124237 0.319616
v -1.340241 -0.124237 0.319616
v -1.340241 -0.124237 0.319616
v -1.340241 -0.124237 0.319616
v -1.340241 -0.124237 0.319616
v -1.306867 -0.190863 0.207427
v -1.306867 -0.190863 0.207427
v -1.306867 -0.190863 0.207427
v -1.306867 -0.190863 0.207427
v -1.306867 -0.190863 0.207427
v -1.306867 -0.190863 0.207427
v -1.310989 -0.215670 0.024585
v -1.310989 -0.215670 0.024585
v -1.310989 -0.215670 0.024585
v -1.310989 -0.215670 0.024585
v -1.179337 -0.070953 0.420808
v -1.179337 -0.070953 0.420808
v -1.179337 -0.070953 0.420808
v -1.179337 -0.070953 0.420808
v -1.179337 -0.070953 0.420808
v -1.179337 -0.070953 0.420808
v -1.175961 -0.217959 0.177357
v -1.175961 -0.217959 0.177357
v -1.175961 -0.217959 0.177357
v -1.175961 -0.217959 0.177357
v -1.175961 -0.217959 0.177357
v -1.175961 -0.217959 0.177357
v -1.529155 -0.077793 -0.010955
v -1.529155 -0.077793 -0.010955
v -1.529155 -0.077793 -0.010955
v -1.529155 -0.077793 -0.010955
v -1.529155 -0.077793 -0.010955
v -1.529155 -0.077793 -0.010955
v -1.529155 -0.077793 -0.010955
v -1.482771 -0.037711 -0.233827
v -1.482771 -0.037711 -0.233827
v -1.482771 -0.037711 -0.233827
v -1.482771 -0.037711 -0.233827
v -1.482771 -0.037711 -0.233827
v -1.482771 -0.037711 -0.233827
v -1.452748 -0.102779 -0.217037
v -1.452748 -0.102779 -0.217037
v -1.452748 -0.102779 -0.217037
v -1.452748 -0.102779 -0.217037
v -1.452748 -0.102779 -0.217037
v -1.452748 -0.102779 -0.217037
v -1.440799 -0.151021 -0.082051
v -1.440799 -0.151021 -0.082051
v -1.440799 -0.151021 -0.082051
v -1.440799 -0.151021 -0.082051
v -1.440799 -0.151021 -0.082051
v -1.440799 -0.151021 -0.082051
v -1.440799 -0.151021 -0.082051
v -1.440799 -0.151021 -0.082051
v -1.440799 -0.151021 -0.082051
v -1.375958 -0.021897 -0.402044
v -1.375958 -0.021897 -0.402044
v -1.375958 -0.021897 -0.402044
v -1.375958 -0.021897 -0.402044
v -1.375958 -0.021897 -0.402044
v -1.375958 -0.021897 -0.402044
v -1.375958 -0.021897 -0.402044
v -1.372919 -0.123245 -0.295007
v -1.372919 -0.123245 -0.295007
v -1.372919 -0.123245 -0.295007
v -1.372919 -0.123245 -0.295007
v -1.372919 -0.123245 -0.295007
v -1.372919 -0.123245 -0.295007
v -1.329581 -0.178552 -0.206473
v -1.329581 -0.178552 -0.206473
v -1.329581 -0.178552 -0.206473
v -1.329581 -0.178552 -0.206473
v -1.329581 -0.178552 -0.206473
v -1.274243 -0.094653 -0.439512
v -1.274243 -0.094653 -0.439512
v -1.274243 -0.094653 -0.439512
v -1.274243 -0.094653 -0.439512
v -1.274243 -0.094653 -0.439512
v -1.230712 -0.165556 -0.317504
v -1.230712 -0.165556 -0.317504
v -1.230712 -0.165556 -0.317504
v -1.230712 -0.165556 -0.317504
v -1.230712 -0.165556 -0.317504
v -1.230712 -0.165556 -0.317504
v -1.226246 -0.223030 -0.080972
v -1.226246 -0.223030 -0.080972
v -1.226246 -0.223030 -0.080972
v -1.226246 -0.223030 -0.080972
v -1.226246 -0.223030 -0.080972
v -1.226246 -0.223030 -0.080972
v -1.226246 -0.223030 -0.080972
v -1.162852 -0.205492 -0.213263
v -1.162852 -0.205492 -0.213263
v -1.162852 -0.205492 -0.213263
v -1.162852 -0.205492 -0.213263
v -1.162852 -0.205492 -0.213263
v -1.098587 0.155338 0.331852
v -1.098587 0.155338 0.331852
v -1.098587 0.155338 0.331852
v -1.098587 0.155338 0.331852
v -1.098587 0.155338 0.331852
v -1.098587 0.155338 0.331852
v -1.098587 0.155338 0.331852
v -1.071258 0.227898 0.090525
v -1.071258 0.227898 0.090525
v -1.071258 0.227898 0.090525
v -1.071258 0.227898 0.090525
v -1.071258 0.227898 0.090525
v -1.071258 0.227898 0.090525
v -1.030733 0.070315 0.404942
v -1.030733 0.070315 0.404942
v -1.030733 0.070315 0.404942
v -1.030733 0.070315 0.404942
v -1.030733 0.070315 0.404942
v -0.967275 0.188098 0.199302
v -0.967275 0.188098 0.199302
v -0.967275 0.188098 0.199302
v -0.967275 0.188098 0.199302
v -0.967275 0.188098 0.199302
v -0.967275 0.188098 0.199302
v -0.887249 0.131832 0.257327
v -0.887249 0.131832 0.257327
v -0.887249 0.131832 0.257327
v -0.887249 0.131832 0.257327
v -0.904644 0.070540 0.335446
v -0.904644 0.070540 0.335446
v -0.904644 0.070540 0.335446
v -0.904644 0.070540 0.335446
v -0.904644 0.070540 0.335446
v -0.904644 0.070540 0.335446
v -0.904644 0.070540 0.335446
v -0.868368 0.163869 0.106137
v -0.868368 0.163869 0.106137
v -0.868368 0.163869 0.106137
v -0.868368 0.163869 0.106137
v -0.868368 0.163869 0.106137
v -0.806141 0.097448 0.172053
v -0.806141 0.097448 0.172053
v -0.806141 0.097448 0.172053
v -0.806141 0.097448 0.172053
v -0.806141 0.097448 0.172053
v -0.806141 0.097448 0.172053
v -0.754487 0.050482 0.055431
v -0.754487 0.050482 0.055431
v -0.754487 0.050482 0.055431
v -0.754487 0.050482 0.055431
v -0.754487 0.050482 0.055431
v -1.090745 0.211533 -0.169208
v -1.090745 0.211533 -0.169208
v -1.090745 0.211533 -0.169208
v -1.090745 0.211533 -0.169208
v -1.090745 0.211533 -0.169208
v -1.090745 0.211533 -0.169208
v -1.090745 0.211533 -0.169208
v -1.043621 0.159120 -0.325392
v -1.043621 0.159120 -0.325392
v -1.043621 0.159120 -0.325392
v -1.043621 0.159120 -0.325392
v -1.043621 0.159120 -0.325392
v -1.058197 0.101714 -0.451620
v -1.058197 0.101714 -0.451620
v -1.058197 0.101714 -0.451620
v -1.058197 0.101714 -0.451620
v -1.058197 0.101714 -0.451620
v -1.058197 0.101714 -0.451620
v -0.951385 0.204709 -0.030350
v -0.951385 0.204709 -0.030350
v -0.951385 0.204709 -0.030350
v -0.951385 0.204709 -0.030350
v -0.951385 0.204709 -0.030350
v -0.951385 0.204709 -0.030350
v -0.962993 0.167220 -0.233816
v -0.962993 0.167220 -0.233816
v -0.962993 0.167220 -0.233816
v -0.962993 0.167220 -0.233816
v -0.962993 0.167220 -0.233816
v -0.962993 0.167220 -0.233816
v -0.961134 0.042394 -0.448057
v -0.961134 0.042394 -0.448057
v -0.961134 0.042394 -0.448057
v -0.961134 0.042394 -0.448057
v -0.961134 0.042394 -0.448057
v -0.923421 0.107134 -0.326324
v -0.923421 0.107134 -0.326324
v -0.923421 0.107134 -0.326324
v -0.923421 0.107134 -0.326324
v -0.923421 0.107134 -0.326324
v -0.923421 0.107134 -0.326324
v -0.923421 0.107134 -0.326324
v -0.877711 0.030674 -0.351179
v -0.877711 0.030674 -0.351179
v -0.877711 0.030674 -0.351179
v -0.877711 0.030674 -0.351179
v -0.832616 0.137376 -0.075626
v -0.832616 0.137376 -0.075626
v -0.832616 0.137376 -0.075626
v -0.832616 0.137376 -0.075626
v -0.832616 0.137376 -0.075626
v -0.832616 0.137376 -0.075626
v -0.832616 0.137376 -0.075626
v -0.814409 0.074297 -0.205228
v -0.814409 0.074297 -0.205228
v -0.814409 0.074297 -0.205228
v -0.814409 0.074297 -0.205228
v -0.814409 0.074297 -0.205228
v -1.078336 0.030398 -0.552959
v -1.078336 0.030398 -0.552959
v -1.078336 0.030398 -0.552959
v -1.078336 0.030398 -0.552959
v -1.078336 0.030398 -0.552959
v -1.107233 -0.129068 0.367965
v -1.107233 -0.129068 0.367965
v -1.107233 -0.129068 0.367965
v -1.107233 -0.129068 0.367965
v -1.107233 -0.129068 0.367965
v -1.107233 -0.129068 0.367965
v -1.107233 -0.129068 0.367965
v -1.024072 -0.218279 0.120778
v -1.024072 -0.218279 0.120778
v -1.024072 -0.218279 0.120778
v -1.024072 -0.218279 0.120778
v -1.024072 -0.218279 0.120778
v -0.995806 -0.013127 0.412354
v -0.995806 -0.013127 0.412354
v -0.995806 -0.013127 0.412354
v -0.995806 -0.013127 0.412354
v -0.995806 -0.013127 0.412354
v -0.995806 -0.013127 0.412354
v -0.999595 -0.178789 0.254046
v -0.999595 -0.178789 0.254046
v -0.999595 -0.178789 0.254046
v -0.999595 -0.178789 0.254046
v -0.999595 -0.178789 0.254046
v -0.950786 -0.112209 0.338832
v -0.950786 -0.112209 0.338832
v -0.950786 -0.112209 0.338832
v -0.950786 -0.112209 0.338832
v -0.950786 -0.112209 0.338832
v -0.950786 -0.112209 0.338832
v -0.878707 -0.159194 0.153280
v -0.878707 -0.159194 0.153280
v -0.878707 -0.159194 0.153280
v -0.878707 -0.159194 0.153280
v -0.878707 -0.159194 0.153280
v -0.878707 -0.159194 0.153280
v -0.878707 -0.159194 0.153280
v -0.878707 -0.159194 0.153280
v -0.840955 -0.026577 0.292298
v -0.840955 -0.026577 0.292298
v -0.840955 -0.026577 0.292298
v -0.840955 -0.026577 0.292298
v -0.840955 -0.026577 0.292298
v -0.840955 -0.026577 0.292298
v -0.840955 -0.026577 0.292298
v -0.815673 -0.089098 0.217254
v -0.815673 -0.089098 0.217254
v -0.815673 -0.089098 0.217254
v -0.815673 -0.089098 0.217254
v -0.815673 -0.089098 0.217254
v -0.776430 -0.086709 0.106510
v -0.776430 -0.086709 0.106510
v -0.776430 -0.086709 0.106510
v -0.776430 -0.086709 0.106510
v -0.776430 -0.086709 0.106510
v -0.758006 -0.014220 0.151855
v -0.758006 -0.014220 0.151855
v -0.758006 -0.014220 0.151855
v -0.758006 -0.014220 0.151855
v -0.758006 -0.014220 0.151855
v -1.131362 -0.110569 -0.454059
v -1.131362 -0.110569 -0.454059
v -1.131362 -0.110569 -0.454059
v -1.131362 -0.110569 -0.454059
v -1.131362 -0.110569 -0.454059
v -1.131362 -0.110569 -0.454059
v -1.062768 -0.174560 -0.292001
v -1.062768 -0.174560 -0.292001
v -1.062768 -0.174560 -0.292001
v -1.062768 -0.174560 -0.292001
v -1.062768 -0.174560 -0.292001
v -1.062768 -0.174560 -0.292001
v -1.062768 -0.174560 -0.292001
v -1.013027 -0.216930 -0.061854
v -1.013027 -0.216930 -0.061854
v -1.013027 -0.216930 -0.061854
v -1.013027 -0.216930 -0.061854
v -1.013027 -0.216930 -0.061854
v -1.013027 -0.216930 -0.061854
v -1.013027 -0.216930 -0.061854
v -1.013027 -0.216930 -0.061854
v -0.983559 -0.112566 -0.382136
v -0.983559 -0.112566 -0.382136
v -0.983559 -0.112566 -0.382136
v -0.983559 -0.112566 -0.382136
v -0.983559 -0.112566 -0.382136
v -0.972459 -0.194235 -0.155917
v -0.972459 -0.194235 -0.155917
v -0.972459 -0.194235 -0.155917
v -0.972459 -0.194235 -0.155917
v -0.948242 -0.029687 -0.433988
v -0.948242 -0.029687 -0.433988
v -0.948242 -0.029687 -0.433988
v -0.948242 -0.029687 -0.433988
v -0.948242 -0.029687 -0.433988
v -0.948242 -0.029687 -0.433988
v -0.948242 -0.029687 -0.433988
v -0.948242 -0.029687 -0.433988
v -0.917123 -0.138191 -0.247398
v -0.917123 -0.138191 -0.247398
v -0.917123 -0.138191 -0.247398
v -0.917123 -0.138191 -0.247398
v -0.917123 -0.138191 -0.247398
v -0.917123 -0.138191 -0.247398
v -0.917123 -0.138191 -0.247398
v -0.890727 -0.171732 -0.116499
v -0.890727 -0.171732 -0.116499
v -0.890727 -0.171732 -0.116499
v -0.890727 -0.171732 -0.116499
v -0.890727 -0.171732 -0.116499
v -0.890727 -0.171732 -0.116499
v -0.871344 -0.077659 -0.336628
v -0.871344 -0.077659 -0.336628
v -0.871344 -0.077659 -0.336628
v -0.871344 -0.077659 -0.336628
v -0.878293 -0.177647 -0.020112
v -0.878293 -0.177647 -0.020112
v -0.878293 -0.177647 -0.020112
v -0.878293 -0.177647 -0.020112
v -0.839765 -0.096298 -0.217180
v -0.839765 -0.096298 -0.217180
v -0.839765 -0.096298 -0.217180
v -0.839765 -0.096298 -0.217180
v -0.839765 -0.096298 -0.217180
v -0.815913 -0.012464 -0.247389
v -0.815913 -0.012464 -0.247389
v -0.815913 -0.012464 -0.247389
v -0.815913 -0.012464 -0.247389
v -0.815913 -0.012464 -0.247389
v -0.815913 -0.012464 -0.247389
v -0.815913 -0.012464 -0.247389
v -0.815913 -0.012464 -0.247389
v -0.804101 -0.117328 -0.049993
v -0.804101 -0.117328 -0.049993
v -0.804101 -0.117328 -0.049993
v -0.804101 -0.117328 -0.049993
v -0.804101 -0.117328 -0.049993
v -0.804101 -0.117328 -0.049993
v -0.804101 -0.117328 -0.049993
v -0.753510 -0.005404 -0.059987
v -0.753510 -0.005404 -0.059987
v -0.753510 -0.005404 -0.059987
v -0.753510 -0.005404 -0.059987
v -0.753510 -0.005404 -0.059987
v -0.753510 -0.005404 -0.059987
v -0.753510 -0.005404 -0.059987
v -1.082778 -0.037877 -0.541265
v -1.082778 -0.037877 -0.541265
v -1.082778 -0.037877 -0.541265
v -1.082778 -0.037877 -0.541265
v -1.082778 -0.037877 -0.541265
v -1.238261 0.232177 -0.208287
v -1.238261 0.232177 -0.208287
v -1.238261 0.232177 -0.208287
v -1.238261 0.270651 -0.208287
v -1.238261 0.270651 -0.208287
v -1.238261 0.270651 -0.208287
v -1.227426 0.232177 -0.206295
v -1.227426 0.232177 -0.206295
v -1.227426 0.232177 -0.206295
v -1.227426 0.270651 -0.206295
v -1.227426 0.270651 -0.206295
v -1.227426 0.270651 -0.206295
v -1.217007 0.232177 -0.200399
v -1.217007 0.232177 -0.200399
v -1.217007 0.232177 -0.200399
v -1.217007 0.270651 -0.200399
v -1.217007 0.270651 -0.200399
v -1.217007 0.270651 -0.200399
v -1.207405 0.232177 -0.190824
v -1.207405 0.232177 -0.190824
v -1.207405 0.232177 -0.190824
v -1.207405 0.270651 -0.190824
v -1.207405 0.270651 -0.190824
v -1.207405 0.270651 -0.190824
v -1.198989 0.232177 -0.177939
v -1.198989 0.232177 -0.177939
v -1.198989 0.232177 -0.177939
v -1.198989 0.270651 -0.177939
v -1.198989 0.270651 -0.177939
v -1.198989 0.270651 -0.177939
v -1.192082 0.232177 -0.162237
v -1.192082 0.232177 -0.162237
v -1.192082 0.232177 -0.162237
v -1.192082 0.270651 -0.162237
v -1.192082 0.270651 -0.162237
v -1.192082 0.270651 -0.162237
v -1.186950 0.232177 -0.144323
v -1.186950 0.232177 -0.144323
v -1.186950 0.232177 -0.144323
v -1.186950 0.270651 -0.144323
v -1.186950 0.270651 -0.144323
v -1.186950 0.270651 -0.144323
v -1.183790 0.232177 -0.124886
v -1.183790 0.232177 -0.124886
v -1.183790 0.232177 -0.124886
v -1.183790 0.270651 -0.124886
v -1.183790 0.270651 -0.124886
v -1.183790 0.270651 -0.124886
v -1.182723 0.232177 -0.104672
v -1.182723 0.232177 -0.104672
v -1.182723 0.232177 -0.104672
v -1.182723 0.270651 -0.104672
v -1.182723 0.270651 -0.104672
v -1.182723 0.270651 -0.104672
v -1.183790 0.232177 -0.084457
v -1.183790 0.232177 -0.084457
v -1.183790 0.232177 -0.084457
v -1.183790 0.270651 -0.084457
v -1.183790 0.270651 -0.084457
v -1.183790 0.270651 -0.084457
v -1.186950 0.232177 -0.065020
v -1.186950 0.232177 -0.065020
v -1.186950 0.232177 -0.065020
v -1.186950 0.270651 -0.065020
v -1.186950 0.270651 -0.065020
v -1.186950 0.270651 -0.065020
v -1.192082 0.232177 -0.047107
v -1.192082 0.232177 -0.047107
v -1.192082 0.232177 -0.047107
v -1.192082 0.270651 -0.047107
v -1.192082 0.270651 -0.047107
v -1.192082 0.270651 -0.047107
v -1.198989 0.232177 -0.031405
v -1.198989 0.232177 -0.031405
v -1.198989 0.232177 -0.031405
v -1.198989 0.270651 -0.031405
v -1.198989 0.270651 -0.031405
v -1.198989 0.270651 -0.031405
v -1.207405 0.232177 -0.018519
v -1.207405 0.232177 -0.018519
v -1.207405 0.232177 -0.018519
v -1.207405 0.270651 -0.018519
v -1.207405 0.270651 -0.018519
v -1.207405 0.270651 -0.018519
v -1.217007 0.232177 -0.008944
v -1.217007 0.232177 -0.008944
v -1.217007 0.232177 -0.008944
v -1.217007 0.270651 -0.008944
v -1.217007 0.270651 -0.008944
v -1.217007 0.270651 -0.008944
v -1.227426 0.232177 -0.003048
v -1.227426 0.232177 -0.003048
v -1.227426 0.232177 -0.003048
v -1.227426 0.270651 -0.003048
v -1.227426 0.270651 -0.003048
v -1.227426 0.270651 -0.003048
v -1.238261 0.232177 -0.001057
v -1.238261 0.232177 -0.001057
v -1.238261 0.232177 -0.001057
v -1.238261 0.270651 -0.001057
v -1.238261 0.270651 -0.001057
v -1.238261 0.270651 -0.001057
v -1.249096 0.232177 -0.003048
v -1.249096 0.232177 -0.003048
v -1.249096 0.232177 -0.003048
v -1.249096 0.270651 -0.003048
v -1.249096 0.270651 -0.003048
v -1.249096 0.270651 -0.003048
v -1.259515 0.232177 -0.008944
v -1.259515 0.232177 -0.008944
v -1.259515 0.232177 -0.008944
v -1.259515 0.270651 -0.008944
v -1.259515 0.270651 -0.008944
v -1.259515 0.270651 -0.008944
v -1.269117 0.232177 -0.018519
v -1.269117 0.232177 -0.018519
v -1.269117 0.232177 -0.018519
v -1.269117 0.270651 -0.018519
v -1.269117 0.270651 -0.018519
v -1.269117 0.270651 -0.018519
v -1.277533 0.232177 -0.031405
v -1.277533 0.232177 -0.031405
v -1.277533 0.232177 -0.031405
v -1.277533 0.270651 -0.031405
v -1.277533 0.270651 -0.031405
v -1.277533 0.270651 -0.031405
v -1.284440 0.232177 -0.047107
v -1.284440 0.232177 -0.047107
v -1.284440 0.232177 -0.047107
v -1.284440 0.270651 -0.047107
v -1.284440 0.270651 -0.047107
v -1.284440 0.270651 -0.047107
v -1.289572 0.232177 -0.065020
v -1.289572 0.232177 -0.065020
v -1.289572 0.232177 -0.065020
v -1.289572 0.270651 -0.065020
v -1.289572 0.270651 -0.065020
v -1.289572 0.270651 -0.065020
v -1.292732 0.232177 -0.084457
v -1.292732 0.232177 -0.084457
v -1.292732 0.232177 -0.084457
v -1.292732 0.270651 -0.084457
v -1.292732 0.270651 -0.084457
v -1.292732 0.270651 -0.084457
v -1.293799 0.232177 -0.104672
v -1.293799 0.232177 -0.104672
v -1.293799 0.232177 -0.104672
v -1.293799 0.270651 -0.104672
v -1.293799 0.270651 -0.104672
v -1.293799 0.270651 -0.104672
v -1.292732 0.232177 -0.124886
v -1.292732 0.232177 -0.124886
v -1.292732 0.232177 -0.124886
v -1.292732 0.270651 -0.124886
v -1.292732 0.270651 -0.124886
v -1.292732 0.270651 -0.124886
v -1.289572 0.232177 -0.144323
v -1.289572 0.232177 -0.144323
v -1.289572 0.232177 -0.144323
v -1.289572 0.270651 -0.144323
v -1.289572 0.270651 -0.144323
v -1.289572 0.270651 -0.144323
v -1.284440 0.232177 -0.162237
v -1.284440 0.232177 -0.162237
v -1.284440 0.232177 -0.162237
v -1.284440 0.270651 -0.162237
v -1.284440 0.270651 -0.162237
v -1.284440 0.270651 -0.162237
v -1.277533 0.232177 -0.177939
v -1.277533 0.232177 -0.177939
v -1.277533 0.232177 -0.177939
v -1.277533 0.270651 -0.177939
v -1.277533 0.270651 -0.177939
v -1.277533 0.270651 -0.177939
v -1.269117 0.232177 -0.190824
v -1.269117 0.232177 -0.190824
v -1.269117 0.232177 -0.190824
v -1.269117 0.270651 -0.190824
v -1.269117 0.270651 -0.190824
v -1.269117 0.270651 -0.190824
v -1.259515 0.232177 -0.200399
v -1.259515 0.232177 -0.200399
v -1.259515 0.232177 -0.200399
v -1.259515 0.270651 -0.200399
v -1.259515 0.270651 -0.200399
v -1.259515 0.270651 -0.200399
v -1.249096 0.232177 -0.206295
v -1.249096 0.232177 -0.206295
v -1.249096 0.232177 -0.206295
v -1.249096 0.270651 -0.206295
v -1.249096 0.270651 -0.206295
v -1.249096 0.270651 -0.206295
v -1.027829 0.232177 -0.208287
v -1.027829 0.232177 -0.208287
v -1.027829 0.232177 -0.208287
v -1.027829 0.270651 -0.208287
v -1.027829 0.270651 -0.208287
v -1.027829 0.270651 -0.208287
v -1.016994 0.232177 -0.206295
v -1.016994 0.232177 -0.206295
v -1.016994 0.232177 -0.206295
v -1.016994 0.270651 -0.206295
v -1.016994 0.270651 -0.206295
v -1.016994 0.270651 -0.206295
v -1.006575 0.232177 -0.200399
v -1.006575 0.232177 -0.200399
v -1.006575 0.232177 -0.200399
v -1.006575 0.270651 -0.200399
v -1.006575 0.270651 -0.200399
v -1.006575 0.270651 -0.200399
v -0.996973 0.232177 -0.190824
v -0.996973 0.232177 -0.190824
v -0.996973 0.232177 -0.190824
v -0.996973 0.270651 -0.190824
v -0.996973 0.270651 -0.190824
v -0.996973 0.270651 -0.190824
v -0.988557 0.232177 -0.177939
v -0.988557 0.232177 -0.177939
v -0.988557 0.232177 -0.177939
v -0.988557 0.270651 -0.177939
v -0.988557 0.270651 -0.177939
v -0.988557 0.270651 -0.177939
v -0.981650 0.232177 -0.162237
v -0.981650 0.232177 -0.162237
v -0.981650 0.232177 -0.162237
v -0.981650 0.270651 -0.162237
v -0.981650 0.270651 -0.162237
v -0.981650 0.270651 -0.162237
v -0.976518 0.232177 -0.144323
v -0.976518 0.232177 -0.144323
v -0.976518 0.232177 -0.144323
v -0.976518 0.270651 -0.144323
v -0.976518 0.270651 -0.144323
v -0.976518 0.270651 -0.144323
v -0.973357 0.232177 -0.124886
v -0.973357 0.232177 -0.124886
v -0.973357 0.232177 -0.124886
v -0.973357 0.270651 -0.124886
v -0.973357 0.270651 -0.124886
v -0.973357 0.270651 -0.124886
v -0.972290 0.232177 -0.104672
v -0.972290 0.232177 -0.104672
v -0.972290 0.232177 -0.104672
v -0.972290 0.270651 -0.104672
v -0.972290 0.270651 -0.104672
v -0.972290 0.270651 -0.104672
v -0.973357 0.232177 -0.084457
v -0.973357 0.232177 -0.084457
v -0.973357 0.232177 -0.084457
v -0.973357 0.270651 -0.084457
v -0.973357 0.270651 -0.084457
v -0.973357 0.270651 -0.084457
v -0.976518 0.232177 -0.065020
v -0.976518 0.232177 -0.065020
v -0.976518 0.232177 -0.065020
v -0.976518 0.270651 -0.065020
v -0.976518 0.270651 -0.065020
v -0.976518 0.270651 -0.065020
v -0.981650 0.232177 -0.047107
v -0.981650 0.232177 -0.047107
v -0.981650 0.232177 -0.047107
v -0.981650 0.270651 -0.047107
v -0.981650 0.270651 -0.047107
v -0.981650 0.270651 -0.047107
v -0.988557 0.232177 -0.031405
v -0.988557 0.232177 -0.031405
v -0.988557 0.232177 -0.031405
v -0.988557 0.270651 -0.031405
v -0.988557 0.270651 -0.031405
v -0.988557 0.270651 -0.031405
v -0.996973 0.232177 -0.018519
v -0.996973 0.232177 -0.018519
v -0.996973 0.232177 -0.018519
v -0.996973 0.270651 -0.018519
v -0.996973 0.270651 -0.018519
v -0.996973 0.270651 -0.018519
v -1.006575 0.232177 -0.008944
v -1.006575 0.232177 -0.008944
v -1.006575 0.232177 -0.008944
v -1.006575 0.270651 -0.008944
v -1.006575 0.270651 -0.008944
v -1.006575 0.270651 -0.008944
v -1.016994 0.232177 -0.003048
v -1.016994 0.232177 -0.003048
v -1.016994 0.232177 -0.003048
v -1.016994 0.270651 -0.003048
v -1.016994 0.270651 -0.003048
v -1.016994 0.270651 -0.003048
v -1.027829 0.232177 -0.001057
v -1.027829 0.232177 -0.001057
v -1.027829 0.232177 -0.001057
v -1.027829 0.270651 -0.001057
v -1.027829 0.270651 -0.001057
v -1.027829 0.270651 -0.001057
v -1.038664 0.232177 -0.003048
v -1.038664 0.232177 -0.003048
v -1.038664 0.232177 -0.003048
v -1.038664 0.270651 -0.003048
v -1.038664 0.270651 -0.003048
v -1.038664 0.270651 -0.003048
v -1.049082 0.232177 -0.008944
v -1.049082 0.232177 -0.008944
v -1.049082 0.232177 -0.008944
v -1.049082 0.270651 -0.008944
v -1.049082 0.270651 -0.008944
v -1.049082 0.270651 -0.008944
v -1.058684 0.232177 -0.018519
v -1.058684 0.232177 -0.018519
v -1.058684 0.232177 -0.018519
v -1.058684 0.270651 -0.018519
v -1.058684 0.270651 -0.018519
v -1.058684 0.270651 -0.018519
v -1.067100 0.232177 -0.031405
v -1.067100 0.232177 -0.031405
v -1.067100 0.232177 -0.031405
v -1.067100 0.270651 -0.031405
v -1.067100 0.270651 -0.031405
v -1.067100 0.270651 -0.031405
v -1.074007 0.232177 -0.047107
v -1.074007 0.232177 -0.047107
v -1.074007 0.232177 -0.047107
v -1.074007 0.270651 -0.047107
v -1.074007 0.270651 -0.047107
v -1.074007 0.270651 -0.047107
v -1.079139 0.232177 -0.065020
v -1.079139 0.232177 -0.065020
v -1.079139 0.232177 -0.065020
v -1.079139 0.270651 -0.065020
v -1.079139 0.270651 -0.065020
v -1.079139 0.270651 -0.065020
v -1.082300 0.232177 -0.084457
v -1.082300 0.232177 -0.084457
v -1.082300 0.232177 -0.084457
v -1.082300 0.270651 -0.084457
v -1.082300 0.270651 -0.084457
v -1.082300 0.270651 -0.084457
v -1.083367 0.232177 -0.104672
v -1.083367 0.232177 -0.104672
v -1.083367 0.232177 -0.104672
v -1.083367 0.270651 -0.104672
v -1.083367 0.270651 -0.104672
v -1.083367 0.270651 -0.104672
v -1.082300 0.232177 -0.124886
v -1.082300 0.232177 -0.124886
v -1.082300 0.232177 -0.124886
v -1.082300 0.270651 -0.124886
v -1.082300 0.270651 -0.124886
v -1.082300 0.270651 -0.124886
v -1.079139 0.232177 -0.144323
v -1.079139 0.232177 -0.144323
v -1.079139 0.232177 -0.144323
v -1.079139 0.270651 -0.144323
v -1.079139 0.270651 -0.144323
v -1.079139 0.270651 -0.144323
v -1.074007 0.232177 -0.162237
v -1.074007 0.232177 -0.162237
v -1.074007 0.232177 -0.162237
v -1.074007 0.270651 -0.162237
v -1.074007 0.270651 -0.162237
v -1.074007 0.270651 -0.162237
v -1.067100 0.232177 -0.177939
v -1.067100 0.232177 -0.177939
v -1.067100 0.232177 -0.177939
v -1.067100 0.270651 -0.177939
v -1.067100 0.270651 -0.177939
v -1.067100 0.270651 -0.177939
v -1.058684 0.232177 -0.190824
v -1.058684 0.232177 -0.190824
v -1.058684 0.232177 -0.190824
v -1.058684 0.270651 -0.190824
v -1.058684 0.270651 -0.190824
v -1.058684 0.270651 -0.190824
v -1.049082 0.232177 -0.200399
v -1.049082 0.232177 -0.200399
v -1.049082 0.232177 -0.200399
v -1.049082 0.270651 -0.200399
v -1.049082 0.270651 -0.200399
v -1.049082 0.270651 -0.200399
v -1.038664 0.232177 -0.206295
v -1.038664 0.232177 -0.206295
v -1.038664 0.232177 -0.206295
v -1.038664 0.270651 -0.206295
v -1.038664 0.270651 -0.206295
v -1.038664 0.270651 -0.206295
vn -0.7595 0.6097 0.2266
vn -0.8478 0.5034 0.1670
vn -0.6591 0.5257 0.5378
vn -0.6525 0.2153 0.7265
vn -0.4768 0.8733 0.1001
vn -0.3307 0.9010 0.2809
vn -0.3462 0.8285 0.4402
vn -0.3821 0.1916 0.9040
vn 0.0370 0.9963 0.0776
vn -0.1662 0.7806 0.6025
vn -0.1283 0.6943 0.7082
vn -0.1216 0.9884 0.0912
vn -0.7889 0.6069 -0.0968
vn -0.8677 0.4513 -0.2087
vn -0.8072 0.4502 -0.3818
vn -0.8430 0.2495 -0.4766
vn -0.8330 0.2182 -0.5084
vn -0.3724 0.9166 -0.1456
vn -0.3689 0.9223 -0.1153
vn -0.3724 0.9166 -0.1457
vn -0.4432 0.8051 -0.3942
vn -0.7557 0.2992 -0.5826
vn -0.3935 0.8288 -0.3978
vn -0.4059 0.7918 -0.4564
vn -0.0776 0.9744 -0.2111
vn -0.0148 0.9471 -0.3206
vn -0.0513 0.7805 -0.6230
vn -0.0680 0.7790 -0.6233
vn -0.9280 -0.3275 0.1776
vn -0.9447 -0.1956 0.2633
vn -0.7554 -0.6412 0.1353
vn -0.7139 -0.3277 0.6188
vn -0.5091 -0.7860 0.3507
vn -0.6316 -0.4900 0.6009
vn -0.2612 -0.9652 -0.0120
vn -0.5233 -0.8427 0.1261
vn -0.4784 -0.8102 0.3388
vn -0.3096 -0.5449 0.7792
vn -0.2699 -0.1148 0.9560
vn -0.1473 -0.7592 0.6340
vn -0.1178 -0.8688 0.4809
vn -0.1707 -0.9759 0.1362
vn -0.0822 -0.8915 0.4454
vn -0.9795 -0.1802 -0.0899
vn -0.8861 -0.3875 -0.2541
vn -0.8497 -0.4590 -0.2594
vn -0.7097 -0.6810 -0.1806
vn 0.8979 0.4338 0.0755
vn -0.6477 -0.7617 -0.0204
vn -0.7266 -0.4656 -0.5052
vn -0.6469 -0.5628 -0.5146
vn -0.4701 -0.8435 -0.2599
vn -0.5027 -0.8221 -0.2675
vn -0.3170 -0.9455 -0.0741
vn -0.3118 -0.9319 -0.1854
vn -0.6131 -0.5822 -0.5339
vn -0.3186 -0.8661 -0.3851
vn -0.3187 -0.8645 -0.3887
vn -0.1643 -0.9645 -0.2066
vn -0.1643 -0.9521 -0.2578
vn -0.0501 -0.9983 0.0294
vn -0.1443 -0.8771 -0.4582
vn 0.0047 -0.9328 -0.3604
vn 0.0063 -0.9292 -0.3696
vn -0.5321 -0.2644 -0.8043
vn -0.5165 -0.3112 -0.7977
vn -0.1462 -0.5801 -0.8013
vn -0.3514 -0.6135 -0.7072
vn 0.1336 0.9448 0.2992
vn -0.0048 0.6497 0.7602
vn 0.1971 -0.0978 0.9755
vn 0.0582 0.9542 0.2935
vn 0.3177 0.7511 0.5788
vn 0.2742 0.9576 0.0882
vn 0.3331 0.7840 0.5238
vn 0.0894 0.7738 0.6271
vn 0.4645 0.2694 0.8436
vn 0.3163 0.9444 0.0902
vn 0.4370 0.8673 0.2384
vn 0.5801 0.7792 0.2375
vn 0.7310 0.4483 0.5145
vn 0.7982 0.2886 0.5287
vn 0.7105 0.7027 0.0373
vn 0.7155 0.6976 0.0360
vn 0.9240 0.0988 0.3694
vn 0.6512 0.6189 0.4391
vn 0.9995 -0.0242 0.0202
vn -0.0127 0.9468 -0.3216
vn 0.0290 0.9975 -0.0650
vn 0.1977 0.9458 -0.2577
vn 0.0364 0.9081 -0.4172
vn 0.1196 0.9903 -0.0714
vn 0.3574 0.8339 -0.4205
vn 0.2351 0.9534 -0.1891
vn 0.4581 0.7181 -0.5238
vn 0.4295 0.8835 -0.1873
vn 0.3623 0.8448 -0.3937
vn 0.4836 0.8747 -0.0324
vn 0.5465 0.7806 -0.3032
vn 0.5472 0.7893 -0.2786
vn 0.7501 0.2785 -0.5998
vn 0.7957 0.5547 -0.2432
vn 0.6609 0.5582 -0.5016
vn 0.8100 -0.1814 -0.5577
vn 0.7582 0.0084 -0.6519
vn 0.8643 0.4555 -0.2132
vn 0.8746 0.4728 -0.1073
vn 0.9381 0.1381 -0.3176
vn -0.1417 0.8226 -0.5507
vn 0.4425 0.6896 -0.5733
vn 0.6682 -0.0256 -0.7436
vn 0.6206 -0.1714 -0.7652
vn -0.1142 -0.1605 -0.9804
vn 0.0208 -0.9090 0.4164
vn 0.0049 -0.9998 0.0187
vn 0.0159 0.0951 0.9953
vn 0.1998 -0.5119 0.8355
vn 0.0291 -0.9996 -0.0056
vn 0.0972 -0.9590 0.2663
vn 0.1886 -0.8222 0.5371
vn 0.2102 -0.5192 0.8284
vn 0.3735 -0.9275 0.0157
vn 0.5655 -0.3101 0.7642
vn 0.6147 0.0535 0.7869
vn 0.3267 -0.9208 0.2129
vn 0.2488 -0.9630 0.1031
vn 0.4471 -0.8103 0.3789
vn 0.4822 -0.7863 0.3864
vn 0.6313 -0.4778 0.6108
vn 0.6484 -0.7569 0.0821
vn 0.6268 -0.7515 0.2059
vn 0.5932 -0.8033 0.0523
vn 0.8462 -0.2331 0.4793
vn 0.8642 -0.4057 0.2975
vn 0.9676 -0.2522 0.0100
vn 0.0385 -0.9928 -0.1131
vn 0.1360 -0.9687 -0.2077
vn 0.0862 -0.9763 -0.1984
vn 0.1980 -0.8802 -0.4314
vn 0.3251 -0.8812 -0.3432
vn 0.3222 -0.8881 -0.3278
vn 0.6868 -0.5727 -0.4476
vn 0.3063 -0.9469 -0.0976
vn 0.3070 -0.9468 -0.0960
vn 0.1210 -0.8492 -0.5140
vn 0.3854 -0.8722 -0.3012
vn 0.8058 0.1111 -0.5817
vn 0.8877 -0.3572 -0.2904
vn 0.5375 -0.7999 -0.2669
vn 0.5949 -0.7939 -0.1255
vn 0.5435 -0.7803 -0.3095
vn 0.6375 -0.7357 -0.2285
vn 0.9086 -0.3439 -0.2371
vn 0.8672 -0.4164 -0.2731
vn 0.9058 -0.4164 -0.0787
vn 0.5203 -0.6012 -0.6066
vn 0.2491 -0.8077 -0.5344
vn 0.1807 -0.0000 -0.9835
vn 0.4925 -0.0000 -0.8703
vn 0.7061 -0.0000 -0.7081
vn 0.8372 -0.0000 -0.5468
vn 0.9154 -0.0000 -0.4026
vn 0.9613 -0.0000 -0.2754
vn 0.9870 -0.0000 -0.1605
vn 0.9986 -0.0000 -0.0527
vn 0.9986 -0.0000 0.0527
vn 0.9870 -0.0000 0.1605
vn 0.9613 -0.0000 0.2754
vn 0.9154 -0.0000 0.4026
vn 0.8372 -0.0000 0.5468
vn 0.7061 -0.0000 0.7081
vn 0.4925 -0.0000 0.8703
vn 0.1807 -0.0000 0.9835
vn -0.1807 -0.0000 0.9835
vn -0.4925 -0.0000 0.8703
vn -0.7061 -0.0000 0.7081
vn -0.8372 -0.0000 0.5468
vn -0.9154 -0.0000 0.4026
vn -0.9613 -0.0000 0.2754
vn -0.9870 -0.0000 0.1605
vn -0.9986 -0.0000 0.0527
vn -0.9986 -0.0000 -0.0527
vn -0.9870 -0.0000 -0.1605
vn -0.9613 -0.0000 -0.2754
vn -0.9154 -0.0000 -0.4026
vn -0.8372 -0.0000 -0.5468
vn -0.7061 -0.0000 -0.7081
vn -0.0000 1.0000 -0.0000
vn -0.4925 -0.0000 -0.8703
vn -0.1807 -0.0000 -0.9835
vn -0.0000 -1.0000 -0.0000
vt 0.000000 0.000000
vt 1.000000 0.500000
vt 1.000000 1.000000
vt 0.968750 1.000000
vt 0.968750 0.500000
vt 0.937500 1.000000
vt 0.937500 0.500000
vt 0.906250 1.000000
vt 0.906250 0.500000
vt 0.875000 1.000000
vt 0.875000 0.500000
vt 0.843750 1.000000
vt 0.843750 0.500000
vt 0.812500 1.000000
vt 0.812500 0.500000
vt 0.781250 1.000000
vt 0.781250 0.500000
vt 0.750000 1.000000
vt 0.750000 0.500000
vt 0.718750 1.000000
vt 0.718750 0.500000
vt 0.687500 1.000000
vt 0.687500 0.500000
vt 0.656250 1.000000
vt 0.656250 0.500000
vt 0.625000 1.000000
vt 0.625000 0.500000
vt 0.593750 1.000000
vt 0.593750 0.500000
vt 0.562500 1.000000
vt 0.562500 0.500000
vt 0.531250 1.000000
vt 0.531250 0.500000
vt 0.500000 1.000000
vt 0.500000 0.500000
vt 0.468750 1.000000
vt 0.468750 0.500000
vt 0.437500 1.000000
vt 0.437500 0.500000
vt 0.406250 1.000000
vt 0.406250 0.500000
vt 0.375000 1.000000
vt 0.375000 0.500000
vt 0.343750 1.000000
vt 0.343750 0.500000
vt 0.312500 1.000000
vt 0.312500 0.500000
vt 0.281250 1.000000
vt 0.281250 0.500000
vt 0.250000 1.000000
vt 0.250000 0.500000
vt 0.218750 1.000000
vt 0.218750 0.500000
vt 0.187500 1.000000
vt 0.187500 0.500000
vt 0.156250 1.000000
vt 0.156250 0.500000
vt 0.125000 1.000000
vt 0.125000 0.500000
vt 0.093750 1.000000
vt 0.093750 0.500000
vt 0.062500 1.000000
vt 0.062500 0.500000
vt 0.341844 0.471731
vt 0.296822 0.485388
vt 0.250000 0.490000
vt 0.203178 0.485388
vt 0.158156 0.471731
vt 0.116663 0.449553
vt 0.080294 0.419706
vt 0.050447 0.383337
vt 0.028269 0.341844
vt 0.014612 0.296822
vt 0.010000 0.250000
vt 0.014612 0.203178
vt 0.028269 0.158156
vt 0.050447 0.116663
vt 0.080294 0.080294
vt 0.116663 0.050447
vt 0.158156 0.028269
vt 0.203178 0.014612
vt 0.250000 0.010000
vt 0.296822 0.014612
vt 0.341844 0.028269
vt 0.383337 0.050447
vt 0.419706 0.080294
vt 0.449553 0.116663
vt 0.471731 0.158156
vt 0.485388 0.203178
vt 0.490000 0.250000
vt 0.485388 0.296822
vt 0.471731 0.341844
vt 0.449553 0.383337
vt 0.419706 0.419706
vt 0.383337 0.449553
vt 0.031250 1.000000
vt 0.031250 0.500000
vt 0.000000 1.000000
vt 0.000000 0.500000
vt 0.703178 0.485388
vt 0.750000 0.490000
vt 0.796822 0.485388
vt 0.841844 0.471731
vt 0.883337 0.449553
vt 0.919706 0.419706
vt 0.949553 0.383337
vt 0.971731 0.341844
vt 0.985388 0.296822
vt 0.990000 0.250000
vt 0.985388 0.203178
vt 0.971731 0.158156
vt 0.949553 0.116663
vt 0.919706 0.080294
vt 0.883337 0.050447
vt 0.841844 0.028269
vt 0.796822 0.014612
vt 0.750000 0.010000
vt 0.703178 0.014612
vt 0.658156 0.028269
vt 0.616663 0.050447
vt 0.580294 0.080294
vt 0.550447 0.116663
vt 0.528269 0.158156
vt 0.514612 0.203178
vt 0.510000 0.250000
vt 0.514612 0.296822
vt 0.528269 0.341844
vt 0.550447 0.383337
vt 0.580294 0.419706
vt 0.616663 0.449553
vt 0.658156 0.471731
s 1
usemtl Material.008
f 1/1/1 10/1/1 47/1/1
f 11/1/2 17/1/2 48/1/2
f 8/1/3 23/1/3 16/1/3
f 7/1/4 108/1/4 22/1/4
f 27/1/5 46/1/5 15/1/5
f 25/1/6 14/1/6 33/1/6
f 32/1/7 13/1/7 21/1/7
f 107/1/8 38/1/8 20/1/8
f 69/1/9 24/1/9 28/1/9
f 31/1/10 19/1/10 214/1/10
f 18/1/11 36/1/11 213/1/11
f 71/1/12 30/1/12 220/1/12
f 41/1/13 2/1/13 54/1/13
f 55/1/14 3/1/14 49/1/14
f 62/1/15 40/1/15 53/1/15
f 149/1/16 39/1/16 61/1/16
f 173/1/17 148/1/17 60/1/17
f 51/1/18 45/1/18 74/1/18
f 72/1/19 44/1/19 26/1/19
f 66/1/20 50/1/20 73/1/20
f 67/1/21 58/1/21 52/1/21
f 171/1/22 59/1/22 85/1/22
f 83/1/23 57/1/23 81/1/23
f 80/1/24 56/1/24 65/1/24
f 265/1/25 64/1/25 70/1/25
f 77/1/26 63/1/26 264/1/26
f 86/1/27 82/1/27 78/1/27
f 87/1/28 79/1/28 275/1/28
f 144/1/29 99/1/29 5/1/29
f 98/1/30 12/1/30 4/1/30
f 141/1/31 104/1/31 97/1/31
f 96/1/32 110/1/32 9/1/32
f 102/1/33 115/1/33 94/1/33
f 95/1/34 116/1/34 109/1/34
f 100/1/35 159/1/35 120/1/35
f 164/1/36 126/1/36 122/1/36
f 121/1/37 114/1/37 101/1/37
f 113/1/38 132/1/38 106/1/38
f 131/1/39 37/1/39 105/1/39
f 112/1/40 328/1/40 130/1/40
f 118/1/41 327/1/41 111/1/41
f 124/1/42 138/1/42 119/1/42
f 117/1/43 137/1/43 326/1/43
f 145/1/44 6/1/44 43/1/44
f 151/1/45 143/1/45 42/1/45
f 157/1/46 142/1/46 150/1/46
f 166/1/47 140/1/47 156/1/47
f 158/1/48 152/1/48 146/1/48
f 139/1/49 165/1/49 103/1/49
f 155/1/50 147/1/50 172/1/50
f 179/1/51 154/1/51 170/1/51
f 176/1/52 162/1/52 153/1/52
f 184/1/53 163/1/53 177/1/53
f 202/1/54 161/1/54 183/1/54
f 201/1/55 125/1/55 160/1/55
f 169/1/56 189/1/56 178/1/56
f 175/1/57 195/1/57 182/1/57
f 187/1/58 194/1/58 174/1/58
f 207/1/59 200/1/59 181/1/59
f 206/1/60 180/1/60 193/1/60
f 136/1/61 123/1/61 199/1/61
f 186/1/62 385/1/62 192/1/62
f 190/1/63 387/1/63 203/1/63
f 388/1/64 191/1/64 381/1/64
f 93/1/65 168/1/65 84/1/65
f 92/1/66 188/1/66 167/1/66
f 89/1/67 384/1/67 185/1/67
f 386/1/68 91/1/68 471/1/68
f 218/1/69 29/1/69 209/1/69
f 35/1/70 225/1/70 212/1/70
f 128/1/71 222/1/71 34/1/71
f 208/1/72 226/1/72 216/1/72
f 223/1/73 237/1/73 210/1/73
f 279/1/74 219/1/74 229/1/74
f 238/1/75 228/1/75 211/1/75
f 236/1/76 232/1/76 227/1/76
f 337/1/77 239/1/77 224/1/77
f 280/1/78 230/1/78 243/1/78
f 233/1/79 244/1/79 231/1/79
f 234/1/80 248/1/80 246/1/80
f 241/1/81 249/1/81 235/1/81
f 242/1/82 363/1/82 250/1/82
f 251/1/83 308/1/83 247/1/83
f 255/1/84 309/1/84 252/1/84
f 365/1/85 256/1/85 253/1/85
f 362/1/86 376/1/86 254/1/86
f 380/1/87 466/1/87 258/1/87
f 270/1/88 76/1/88 263/1/88
f 259/1/89 68/1/89 215/1/89
f 283/1/90 267/1/90 261/1/90
f 271/1/91 75/1/91 266/1/91
f 277/1/92 260/1/92 217/1/92
f 294/1/93 272/1/93 268/1/93
f 284/1/94 262/1/94 278/1/94
f 290/1/95 274/1/95 296/1/95
f 305/1/96 286/1/96 281/1/96
f 295/1/97 269/1/97 285/1/97
f 306/1/98 282/1/98 245/1/98
f 312/1/99 287/1/99 307/1/99
f 297/1/100 288/1/100 313/1/100
f 314/1/101 445/1/101 299/1/101
f 304/1/102 300/1/102 448/1/102
f 301/1/103 292/1/103 298/1/103
f 447/1/104 418/1/104 303/1/104
f 415/1/105 293/1/105 302/1/105
f 257/1/106 461/1/106 310/1/106
f 463/1/107 316/1/107 311/1/107
f 462/1/108 451/1/108 315/1/108
f 321/1/109 90/1/109 276/1/109
f 289/1/110 317/1/110 273/1/110
f 414/1/111 319/1/111 291/1/111
f 413/1/112 469/1/112 318/1/112
f 470/1/113 88/1/113 320/1/113
f 134/1/114 340/1/114 322/1/114
f 196/1/115 329/1/115 133/1/115
f 127/1/116 334/1/116 221/1/116
f 129/1/117 323/1/117 335/1/117
f 197/1/118 394/1/118 330/1/118
f 135/1/119 331/1/119 341/1/119
f 325/1/120 342/1/120 346/1/120
f 324/1/121 345/1/121 336/1/121
f 401/1/122 353/1/122 333/1/122
f 347/1/123 359/1/123 338/1/123
f 339/1/124 360/1/124 240/1/124
f 332/1/125 352/1/125 343/1/125
f 398/1/126 436/1/126 351/1/126
f 344/1/127 354/1/127 348/1/127
f 355/1/128 366/1/128 349/1/128
f 350/1/129 367/1/129 361/1/129
f 439/1/130 456/1/130 358/1/130
f 357/1/131 372/1/131 368/1/131
f 356/1/132 454/1/132 371/1/132
f 369/1/133 377/1/133 364/1/133
f 370/1/134 373/1/134 378/1/134
f 375/1/135 465/1/135 379/1/135
f 204/1/136 395/1/136 198/1/136
f 205/1/137 390/1/137 397/1/137
f 389/1/138 407/1/138 396/1/138
f 391/1/139 382/1/139 402/1/139
f 393/1/140 421/1/140 408/1/140
f 392/1/141 404/1/141 420/1/141
f 425/1/142 406/1/142 416/1/142
f 399/1/143 426/1/143 437/1/143
f 400/1/144 409/1/144 427/1/144
f 419/1/145 411/1/145 432/1/145
f 428/1/146 410/1/146 422/1/146
f 417/1/147 446/1/147 434/1/147
f 443/1/148 435/1/148 450/1/148
f 424/1/149 433/1/149 441/1/149
f 438/1/150 430/1/150 453/1/150
f 429/1/151 423/1/151 440/1/151
f 455/1/152 431/1/152 442/1/152
f 458/1/153 444/1/153 452/1/153
f 457/1/154 449/1/154 460/1/154
f 374/1/155 459/1/155 464/1/155
f 405/1/156 468/1/156 412/1/156
f 403/1/157 383/1/157 467/1/157
usemtl Material.007
f 473/2/158 476/3/158 482/4/158
f 473/2/158 482/4/158 479/5/158
f 480/5/159 483/4/159 488/6/159
f 480/5/159 488/6/159 485/7/159
f 486/7/160 489/6/160 494/8/160
f 486/7/160 494/8/160 491/9/160
f 492/9/161 495/8/161 500/10/161
f 492/9/161 500/10/161 497/11/161
f 498/11/162 501/10/162 506/12/162
f 498/11/162 506/12/162 503/13/162
f 504/13/163 507/12/163 512/14/163
f 504/13/163 512/14/163 509/15/163
f 510/15/164 513/14/164 518/16/164
f 510/15/164 518/16/164 515/17/164
f 516/17/165 519/16/165 525/18/165
f 516/17/165 525/18/165 522/19/165
f 521/19/166 524/18/166 531/20/166
f 521/19/166 531/20/166 528/21/166
f 527/21/167 530/20/167 537/22/167
f 527/21/167 537/22/167 534/23/167
f 533/23/168 536/22/168 543/24/168
f 533/23/168 543/24/168 540/25/168
f 539/25/169 542/24/169 549/26/169
f 539/25/169 549/26/169 546/27/169
f 545/27/170 548/26/170 555/28/170
f 545/27/170 555/28/170 552/29/170
f 551/29/171 554/28/171 561/30/171
f 551/29/171 561/30/171 558/31/171
f 557/31/172 560/30/172 567/32/172
f 557/31/172 567/32/172 564/33/172
f 563/33/173 566/32/173 572/34/173
f 563/33/173 572/34/173 569/35/173
f 570/35/174 573/34/174 578/36/174
f 570/35/174 578/36/174 575/37/174
f 576/37/175 579/36/175 584/38/175
f 576/37/175 584/38/175 581/39/175
f 582/39/176 585/38/176 590/40/176
f 582/39/176 590/40/176 587/41/176
f 588/41/177 591/40/177 596/42/177
f 588/41/177 596/42/177 593/43/177
f 594/43/178 597/42/178 602/44/178
f 594/43/178 602/44/178 599/45/178
f 600/45/179 603/44/179 608/46/179
f 600/45/179 608/46/179 605/47/179
f 606/47/180 609/46/180 614/48/180
f 606/47/180 614/48/180 611/49/180
f 612/49/181 615/48/181 620/50/181
f 612/49/181 620/50/181 617/51/181
f 618/51/182 621/50/182 627/52/182
f 618/51/182 627/52/182 624/53/182
f 623/53/183 626/52/183 633/54/183
f 623/53/183 633/54/183 630/55/183
f 629/55/184 632/54/184 639/56/184
f 629/55/184 639/56/184 636/57/184
f 635/57/185 638/56/185 645/58/185
f 635/57/185 645/58/185 642/59/185
f 641/59/186 644/58/186 651/60/186
f 641/59/186 651/60/186 648/61/186
f 647/61/187 650/60/187 657/62/187
f 647/61/187 657/62/187 654/63/187
f 487/64/188 481/65/188 475/66/188
f 475/66/188 661/67/188 655/68/188
f 655/68/188 649/69/188 643/70/188
f 643/70/188 637/71/188 631/72/188
f 631/72/188 625/73/188 619/74/188
f 619/74/188 613/75/188 607/76/188
f 607/76/188 601/77/188 595/78/188
f 595/78/188 589/79/188 583/80/188
f 583/80/188 577/81/188 571/82/188
f 571/82/188 565/83/188 559/84/188
f 559/84/188 553/85/188 547/86/188
f 547/86/188 541/87/188 535/88/188
f 535/88/188 529/89/188 523/90/188
f 523/90/188 517/91/188 511/92/188
f 511/92/188 505/93/188 499/94/188
f 499/94/188 493/95/188 487/64/188
f 487/64/188 475/66/188 655/68/188
f 655/68/188 643/70/188 631/72/188
f 631/72/188 619/74/188 607/76/188
f 607/76/188 595/78/188 583/80/188
f 583/80/188 571/82/188 559/84/188
f 559/84/188 547/86/188 535/88/188
f 535/88/188 523/90/188 511/92/188
f 511/92/188 499/94/188 487/64/188
f 487/64/188 655/68/188 631/72/188
f 631/72/188 607/76/188 583/80/188
f 583/80/188 559/84/188 535/88/188
f 535/88/188 511/92/188 487/64/188
f 487/64/188 631/72/188 583/80/188
f 583/80/188 535/88/188 487/64/188
f 653/63/189 656/62/189 663/96/189
f 653/63/189 663/96/189 660/97/189
f 659/97/190 662/96/190 477/98/190
f 659/97/190 477/98/190 474/99/190
f 658/100/191 472/101/191 478/102/191
f 478/102/191 484/103/191 490/104/191
f 490/104/191 496/105/191 502/106/191
f 502/106/191 508/107/191 514/108/191
f 514/108/191 520/109/191 526/110/191
f 526/110/191 532/111/191 538/112/191
f 538/112/191 544/113/191 550/114/191
f 550/114/191 556/115/191 562/116/191
f 562/116/191 568/117/191 574/118/191
f 574/118/191 580/119/191 586/120/191
f 586/120/191 592/121/191 598/122/191
f 598/122/191 604/123/191 610/124/191
f 610/124/191 616/125/191 622/126/191
f 622/126/191 628/127/191 634/128/191
f 634/128/191 640/129/191 646/130/191
f 646/130/191 652/131/191 658/100/191
f 658/100/191 478/102/191 490/104/191
f 490/104/191 502/106/191 514/108/191
f 514/108/191 526/110/191 538/112/191
f 538/112/191 550/114/191 562/116/191
f 562/116/191 574/118/191 586/120/191
f 586/120/191 598/122/191 610/124/191
f 610/124/191 622/126/191 634/128/191
f 634/128/191 646/130/191 658/100/191
f 658/100/191 490/104/191 514/108/191
f 514/108/191 538/112/191 562/116/191
f 562/116/191 586/120/191 610/124/191
f 610/124/191 634/128/191 658/100/191
f 658/100/191 514/108/191 562/116/191
f 562/116/191 610/124/191 658/100/191
f 665/2/158 668/3/158 674/4/158
f 665/2/158 674/4/158 671/5/158
f 672/5/159 675/4/159 680/6/159
f 672/5/159 680/6/159 677/7/159
f 678/7/160 681/6/160 686/8/160
f 678/7/160 686/8/160 683/9/160
f 684/9/161 687/8/161 692/10/161
f 684/9/161 692/10/161 689/11/161
f 690/11/162 693/10/162 698/12/162
f 690/11/162 698/12/162 695/13/162
f 696/13/163 699/12/163 704/14/163
f 696/13/163 704/14/163 701/15/163
f 702/15/164 705/14/164 710/16/164
f 702/15/164 710/16/164 707/17/164
f 708/17/165 711/16/165 717/18/165
f 708/17/165 717/18/165 714/19/165
f 713/19/166 716/18/166 723/20/166
f 713/19/166 723/20/166 720/21/166
f 719/21/167 722/20/167 729/22/167
f 719/21/167 729/22/167 726/23/167
f 725/23/168 728/22/168 735/24/168
f 725/23/168 735/24/168 732/25/168
f 731/25/169 734/24/169 741/26/169
f 731/25/169 741/26/169 738/27/169
f 737/27/170 740/26/170 747/28/170
f 737/27/170 747/28/170 744/29/170
f 743/29/171 746/28/171 753/30/171
f 743/29/171 753/30/171 750/31/171
f 749/31/172 752/30/172 759/32/172
f 749/31/172 759/32/172 756/33/172
f 755/33/173 758/32/173 764/34/173
f 755/33/173 764/34/173 761/35/173
f 762/35/174 765/34/174 770/36/174
f 762/35/174 770/36/174 767/37/174
f 768/37/175 771/36/175 776/38/175
f 768/37/175 776/38/175 773/39/175
f 774/39/176 777/38/176 782/40/176
f 774/39/176 782/40/176 779/41/176
f 780/41/177 783/40/177 788/42/177
f 780/41/177 788/42/177 785/43/177
f 786/43/178 789/42/178 794/44/178
f 786/43/178 794/44/178 791/45/178
f 792/45/179 795/44/179 800/46/179
f 792/45/179 800/46/179 797/47/179
f 798/47/180 801/46/180 806/48/180
f 798/47/180 806/48/180 803/49/180
f 804/49/181 807/48/181 812/50/181
f 804/49/181 812/50/181 809/51/181
f 810/51/182 813/50/182 819/52/182
f 810/51/182 819/52/182 816/53/182
f 815/53/183 818/52/183 825/54/183
f 815/53/183 825/54/183 822/55/183
f 821/55/184 824/54/184 831/56/184
f 821/55/184 831/56/184 828/57/184
f 827/57/185 830/56/185 837/58/185
f 827/57/185 837/58/185 834/59/185
f 833/59/186 836/58/186 843/60/186
f 833/59/186 843/60/186 840/61/186
f 839/61/187 842/60/187 849/62/187
f 839/61/187 849/62/187 846/63/187
f 679/64/188 673/65/188 667/66/188
f 667/66/188 853/67/188 847/68/188
f 847/68/188 841/69/188 835/70/188
f 835/70/188 829/71/188 823/72/188
f 823/72/188 817/73/188 811/74/188
f 811/74/188 805/75/188 799/76/188
f 799/76/188 793/77/188 787/78/188
f 787/78/188 781/79/188 775/80/188
f 775/80/188 769/81/188 763/82/188
f 763/82/188 757/83/188 751/84/188
f 751/84/188 745/85/188 739/86/188
f 739/86/188 733/87/188 727/88/188
f 727/88/188 721/89/188 715/90/188
f 715/90/188 709/91/188 703/92/188
f 703/92/188 697/93/188 691/94/188
f 691/94/188 685/95/188 679/64/188
f 679/64/188 667/66/188 847/68/188
f 847/68/188 835/70/188 823/72/188
f 823/72/188 811/74/188 799/76/188
f 799/76/188 787/78/188 775/80/188
f 775/80/188 763/82/188 751/84/188
f 751/84/188 739/86/188 727/88/188
f 727/88/188 715/90/188 703/92/188
f 703/92/188 691/94/188 679/64/188
f 679/64/188 847/68/188 823/72/188
f 823/72/188 799/76/188 775/80/188
f 775/80/188 751/84/188 727/88/188
f 727/88/188 703/92/188 679/64/188
f 679/64/188 823/72/188 775/80/188
f 775/80/188 727/88/188 679/64/188
f 845/63/189 848/62/189 855/96/189
f 845/63/189 855/96/189 852/97/189
f 851/97/190 854/96/190 669/98/190
f 851/97/190 669/98/190 666/99/190
f 850/100/191 664/101/191 670/102/191
f 670/102/191 676/103/191 682/104/191
f 682/104/191 688/105/191 694/106/191
f 694/106/191 700/107/191 706/108/191
f 706/108/191 712/109/191 718/110/191
f 718/110/191 724/111/191 730/112/191
f 730/112/191 736/113/191 742/114/191
f 742/114/191 748/115/191 754/116/191
f 754/116/191 760/117/191 766/118/191
f 766/118/191 772/119/191 778/120/191
f 778/120/191 784/121/191 790/122/191
f 790/122/191 796/123/191 802/124/191
f 802/124/191 808/125/191 814/126/191
f 814/126/191 820/127/191 826/128/191
f 826/128/191 832/129/191 838/130/191
f 838/130/191 844/131/191 850/100/191
f 850/100/191 670/102/191 682/104/191
f 682/104/191 694/106/191 706/108/191
f 706/108/191 718/110/191 730/112/191
f 730/112/191 742/114/191 754/116/191
f 754/116/191 766/118/191 778/120/191
f 778/120/191 790/122/191 802/124/191
f 802/124/191 814/126/191 826/128/191
f 826/128/191 838/130/191 850/100/191
f 850/100/191 682/104/191 706/108/191
f 706/108/191 730/112/191 754/116/191
f 754/116/191 778/120/191 802/124/191
f 802/124/191 826/128/191 850/100/191
f 850/100/191 706/108/191 754/116/191
f 754/116/191 802/124/191 850/100/191
o トーラス.004
v -3.149480 -0.055010 0.147781
v -3.145578 -0.054144 0.155383
v -3.137776 -0.052411 0.155383
v -3.133874 -0.051545 0.147781
v -3.137776 -0.052411 0.140178
v -3.145578 -0.054144 0.140178
v -3.116816 -0.072542 0.147781
v -3.113430 -0.071399 0.155383
v -3.106656 -0.069114 0.155383
v -3.103269 -0.067972 0.147781
v -3.106656 -0.069114 0.140178
v -3.113430 -0.071399 0.140178
v -3.075888 -0.087285 0.147781
v -3.073146 -0.085911 0.155383
v -3.067661 -0.083162 0.155383
v -3.064919 -0.081787 0.147781
v -3.067661 -0.083162 0.140178
v -3.073146 -0.085911 0.140178
v -3.028268 -0.098675 0.147781
v -3.026276 -0.097121 0.155383
v -3.022291 -0.094013 0.155383
v -3.020298 -0.092459 0.147781
v -3.022291 -0.094013 0.140178
v -3.026276 -0.097121 0.140178
v -2.975786 -0.106272 0.147781
v -2.974620 -0.104598 0.155383
v -2.972288 -0.101251 0.155383
v -2.971122 -0.099577 0.147781
v -2.972288 -0.101251 0.140178
v -2.974620 -0.104598 0.140178
v -2.920458 -0.109785 0.147781
v -2.920164 -0.108056 0.155383
v -2.919574 -0.104598 0.155383
v -2.919280 -0.102870 0.147781
v -2.919574 -0.104598 0.140178
v -2.920164 -0.108056 0.140178
v -2.864412 -0.109080 0.147781
v -2.865000 -0.107362 0.155383
v -2.866176 -0.103926 0.155383
v -2.866764 -0.102208 0.147781
v -2.866176 -0.103926 0.140178
v -2.865000 -0.107362 0.140178
v -2.809801 -0.104182 0.147781
v -2.811249 -0.102541 0.155383
v -2.814145 -0.099260 0.155383
v -2.815593 -0.097619 0.147781
v -2.814145 -0.099260 0.140178
v -2.811249 -0.102541 0.140178
v -2.758723 -0.095281 0.147781
v -2.760975 -0.093780 0.155383
v -2.765480 -0.090779 0.155383
v -2.767732 -0.089279 0.147781
v -2.765480 -0.090779 0.140178
v -2.760975 -0.093780 0.140178
v -2.713141 -0.082718 0.147781
v -2.716112 -0.081415 0.155383
v -2.722052 -0.078810 0.155383
v -2.725022 -0.077507 0.147781
v -2.722052 -0.078810 0.140178
v -2.716112 -0.081415 0.140178
v -2.674808 -0.066976 0.147781
v -2.678382 -0.065922 0.155383
v -2.685529 -0.063812 0.155383
v -2.689103 -0.062757 0.147781
v -2.685529 -0.063812 0.140178
v -2.678382 -0.065922 0.140178
v -2.645196 -0.048661 0.147781
v -2.649236 -0.047895 0.155383
v -2.657316 -0.046362 0.155383
v -2.661357 -0.045596 0.147781
v -2.657316 -0.046362 0.140178
v -2.649236 -0.047895 0.140178
v -2.625443 -0.028475 0.147781
v -2.629794 -0.028027 0.155383
v -2.638496 -0.027130 0.155383
v -2.642848 -0.026682 0.147781
v -2.638496 -0.027130 0.140178
v -2.629794 -0.028027 0.140178
v -2.616308 -0.007196 0.147781
v -2.620803 -0.007082 0.155383
v -2.629794 -0.006856 0.155383
v -2.634289 -0.006742 0.147781
v -2.629794 -0.006856 0.140178
v -2.620803 -0.007082 0.140178
v -2.618143 0.014361 0.147781
v -2.622609 0.014134 0.155383
v -2.631542 0.013682 0.155383
v -2.636008 0.013456 0.147781
v -2.631542 0.013682 0.140178
v -2.622609 0.014134 0.140178
v -2.630877 0.035365 0.147781
v -2.635142 0.034808 0.155383
v -2.643674 0.033694 0.155383
v -2.647940 0.033137 0.147781
v -2.643674 0.033694 0.140178
v -2.635142 0.034808 0.140178
v -2.654020 0.055010 0.147781
v -2.657921 0.054144 0.155383
v -2.665724 0.052411 0.155383
v -2.669625 0.051545 0.147781
v -2.665724 0.052411 0.140178
v -2.657921 0.054144 0.140178
v -2.686683 0.072542 0.147781
v -2.690070 0.071399 0.155383
v -2.696844 0.069114 0.155383
v -2.700230 0.067972 0.147781
v -2.696844 0.069114 0.140178
v -2.690070 0.071399 0.140178
v -2.727611 0.087285 0.147781
v -2.730353 0.085911 0.155383
v -2.735838 0.083162 0.155383
v -2.738580 0.081787 0.147781
v -2.735838 0.083162 0.140178
v -2.730353 0.085911 0.140178
v -2.775231 0.098675 0.147781
v -2.777224 0.097121 0.155383
v -2.781209 0.094013 0.155383
v -2.783201 0.092459 0.147781
v -2.781209 0.094013 0.140178
v -2.777224 0.097121 0.140178
v -2.827713 0.106272 0.147781
v -2.828879 0.104598 0.155383
v -2.831211 0.101251 0.155383
v -2.832377 0.099578 0.147781
v -2.831211 0.101251 0.140178
v -2.828879 0.104598 0.140178
v -2.883040 0.109785 0.147781
v -2.883335 0.108056 0.155383
v -2.883924 0.104598 0.155383
v -2.884219 0.102870 0.147781
v -2.883924 0.104598 0.140178
v -2.883335 0.108056 0.140178
v -2.939087 0.109080 0.147781
v -2.938499 0.107362 0.155383
v -2.937323 0.103926 0.155383
v -2.936735 0.102208 0.147781
v -2.937323 0.103926 0.140178
v -2.938499 0.107362 0.140178
v -2.993698 0.104182 0.147781
v -2.992250 0.102541 0.155383
v -2.989355 0.099260 0.155383
v -2.987906 0.097619 0.147781
v -2.989355 0.099260 0.140178
v -2.992250 0.102541 0.140178
v -3.044777 0.095281 0.147781
v -3.042524 0.093780 0.155383
v -3.038019 0.090779 0.155383
v -3.035767 0.089279 0.147781
v -3.038019 0.090779 0.140178
v -3.042524 0.093780 0.140178
v -3.090358 0.082718 0.147780
v -3.087388 0.081415 0.155383
v -3.081447 0.078810 0.155383
v -3.078477 0.077507 0.147781
v -3.081447 0.078810 0.140178
v -3.087388 0.081415 0.140178
v -3.128691 0.066976 0.147780
v -3.125117 0.065922 0.155383
v -3.117970 0.063812 0.155383
v -3.114396 0.062757 0.147780
v -3.117970 0.063812 0.140178
v -3.125117 0.065922 0.140178
v -3.158303 0.048661 0.147780
v -3.154263 0.047895 0.155383
v -3.146183 0.046362 0.155383
v -3.142143 0.045596 0.147780
v -3.146183 0.046362 0.140178
v -3.154263 0.047895 0.140178
v -3.178056 0.028476 0.147780
v -3.173705 0.028027 0.155383
v -3.165003 0.027130 0.155383
v -3.160651 0.026682 0.147780
v -3.165003 0.027130 0.140178
v -3.173705 0.028027 0.140178
v -3.187191 0.007196 0.147780
v -3.182696 0.007082 0.155383
v -3.173706 0.006856 0.155383
v -3.169210 0.006743 0.147780
v -3.173706 0.006856 0.140178
v -3.182696 0.007082 0.140178
v -3.185356 -0.014361 0.147780
v -3.180890 -0.014134 0.155383
v -3.171957 -0.013682 0.155383
v -3.167491 -0.013456 0.147780
v -3.171957 -0.013682 0.140178
v -3.180890 -0.014134 0.140178
v -3.172622 -0.035365 0.147780
v -3.168357 -0.034808 0.155383
v -3.159826 -0.033694 0.155383
v -3.155560 -0.033137 0.147781
v -3.159826 -0.033694 0.140178
v -3.168357 -0.034808 0.140178
v -3.114797 -0.047309 0.031159
v -3.111442 -0.046564 0.038761
v -3.104732 -0.045074 0.038761
v -3.101377 -0.044329 0.031159
v -3.104732 -0.045074 0.023557
v -3.111442 -0.046564 0.023557
v -3.086707 -0.062386 0.031159
v -3.083794 -0.061403 0.038761
v -3.077969 -0.059439 0.038761
v -3.075056 -0.058456 0.031159
v -3.077969 -0.059439 0.023557
v -3.083794 -0.061403 0.023557
v -3.051509 -0.075065 0.031159
v -3.049150 -0.073883 0.038761
v -3.044433 -0.071519 0.038761
v -3.042075 -0.070337 0.031159
v -3.044433 -0.071519 0.023557
v -3.049150 -0.073883 0.023557
v -3.010555 -0.084860 0.031159
v -3.008842 -0.083524 0.038761
v -3.005415 -0.080851 0.038761
v -3.003701 -0.079515 0.031159
v -3.005415 -0.080851 0.023557
v -3.008842 -0.083524 0.023557
v -2.965421 -0.091394 0.031159
v -2.964418 -0.089955 0.038761
v -2.962413 -0.087076 0.038761
v -2.961410 -0.085637 0.031159
v -2.962413 -0.087076 0.023557
v -2.964418 -0.089955 0.023557
v -2.917839 -0.094415 0.031159
v -2.917586 -0.092928 0.038761
v -2.917079 -0.089955 0.038761
v -2.916826 -0.088468 0.031159
v -2.917079 -0.089955 0.023557
v -2.917586 -0.092928 0.023557
v -2.869639 -0.093808 0.031159
v -2.870145 -0.092331 0.038761
v -2.871156 -0.089376 0.038761
v -2.871662 -0.087899 0.031159
v -2.871156 -0.089376 0.023557
v -2.870145 -0.092331 0.023557
v -2.822674 -0.089596 0.031159
v -2.823919 -0.088185 0.038761
v -2.826409 -0.085364 0.038761
v -2.827655 -0.083953 0.031159
v -2.826409 -0.085364 0.023557
v -2.823919 -0.088185 0.023557
v -2.778746 -0.081941 0.031159
v -2.780684 -0.080651 0.038761
v -2.784558 -0.078070 0.038761
v -2.786495 -0.076780 0.031159
v -2.784558 -0.078070 0.023557
v -2.780684 -0.080651 0.023557
v -2.739546 -0.071137 0.031159
v -2.742101 -0.070017 0.038761
v -2.747209 -0.067777 0.038761
v -2.749764 -0.066656 0.031159
v -2.747209 -0.067777 0.023557
v -2.742101 -0.070017 0.023557
v -2.706580 -0.057600 0.031159
v -2.709653 -0.056693 0.038761
v -2.715800 -0.054878 0.038761
v -2.718874 -0.053971 0.031159
v -2.715800 -0.054878 0.023557
v -2.709653 -0.056693 0.023557
v -2.681113 -0.041848 0.031159
v -2.684588 -0.041189 0.038761
v -2.691537 -0.039871 0.038761
v -2.695012 -0.039212 0.031159
v -2.691537 -0.039871 0.023557
v -2.684588 -0.041189 0.023557
v -2.664126 -0.024489 0.031159
v -2.667868 -0.024103 0.038761
v -2.675352 -0.023332 0.038761
v -2.679094 -0.022946 0.031159
v -2.675352 -0.023332 0.023557
v -2.667868 -0.024103 0.023557
v -2.656270 -0.006188 0.031159
v -2.660136 -0.006091 0.038761
v -2.667867 -0.005896 0.038761
v -2.671733 -0.005799 0.031159
v -2.667867 -0.005896 0.023557
v -2.660136 -0.006091 0.023557
v -2.657848 0.012350 0.031159
v -2.661689 0.012156 0.038761
v -2.669371 0.011767 0.038761
v -2.673212 0.011572 0.031159
v -2.669371 0.011767 0.023557
v -2.661689 0.012156 0.023557
v -2.668799 0.030414 0.031159
v -2.672467 0.029935 0.038761
v -2.679804 0.028977 0.038761
v -2.683473 0.028498 0.031159
v -2.679804 0.028977 0.023557
v -2.672467 0.029935 0.023557
v -2.688702 0.047309 0.031159
v -2.692057 0.046564 0.038761
v -2.698767 0.045074 0.038761
v -2.702122 0.044329 0.031159
v -2.698767 0.045074 0.023557
v -2.692057 0.046564 0.023557
v -2.716792 0.062386 0.031159
v -2.719705 0.061403 0.038761
v -2.725530 0.059439 0.038761
v -2.728443 0.058456 0.031159
v -2.725530 0.059439 0.023557
v -2.719705 0.061403 0.023557
v -2.751990 0.075065 0.031159
v -2.754349 0.073883 0.038761
v -2.759065 0.071519 0.038761
v -2.761424 0.070337 0.031159
v -2.759065 0.071519 0.023557
v -2.754349 0.073883 0.023557
v -2.792944 0.084860 0.031159
v -2.794657 0.083524 0.038761
v -2.798084 0.080851 0.038761
v -2.799798 0.079515 0.031159
v -2.798084 0.080851 0.023557
v -2.794657 0.083524 0.023557
v -2.838078 0.091394 0.031159
v -2.839081 0.089955 0.038761
v -2.841086 0.087076 0.038761
v -2.842089 0.085637 0.031159
v -2.841086 0.087076 0.023557
v -2.839081 0.089955 0.023557
v -2.885660 0.094415 0.031159
v -2.885913 0.092928 0.038761
v -2.886420 0.089955 0.038761
v -2.886673 0.088468 0.031159
v -2.886420 0.089955 0.023557
v -2.885913 0.092928 0.023557
v -2.933860 0.093808 0.031159
v -2.933354 0.092331 0.038761
v -2.932343 0.089376 0.038761
v -2.931837 0.087899 0.031159
v -2.932343 0.089376 0.023557
v -2.933354 0.092331 0.023557
v -2.980826 0.089597 0.031159
v -2.979580 0.088185 0.038761
v -2.977090 0.085364 0.038761
v -2.975845 0.083953 0.031159
v -2.977090 0.085364 0.023557
v -2.979580 0.088185 0.023557
v -3.024753 0.081941 0.031159
v -3.022816 0.080651 0.038761
v -3.018941 0.078070 0.038761
v -3.017004 0.076780 0.031159
v -3.018941 0.078070 0.023557
v -3.022816 0.080651 0.023557
v -3.063952 0.071138 0.031159
v -3.061399 0.070017 0.038761
v -3.056289 0.067777 0.038761
v -3.053735 0.066656 0.031159
v -3.056289 0.067777 0.023557
v -3.061399 0.070017 0.023557
v -3.096920 0.057600 0.031159
v -3.093846 0.056693 0.038761
v -3.087699 0.054878 0.038761
v -3.084625 0.053971 0.031159
v -3.087699 0.054878 0.023557
v -3.093846 0.056693 0.023557
v -3.122386 0.041849 0.031159
v -3.118911 0.041189 0.038761
v -3.111962 0.039871 0.038761
v -3.108487 0.039212 0.031159
v -3.111962 0.039871 0.023557
v -3.118911 0.041189 0.023557
v -3.139374 0.024489 0.031159
v -3.135631 0.024103 0.038761
v -3.128147 0.023332 0.038761
v -3.124405 0.022946 0.031159
v -3.128147 0.023332 0.023557
v -3.135631 0.024103 0.023557
v -3.147229 0.006188 0.031159
v -3.143363 0.006091 0.038761
v -3.135632 0.005896 0.038761
v -3.131766 0.005799 0.031159
v -3.135632 0.005896 0.023557
v -3.143363 0.006091 0.023557
v -3.145651 -0.012350 0.031159
v -3.141810 -0.012156 0.038761
v -3.134128 -0.011767 0.038761
v -3.130287 -0.011572 0.031159
v -3.134128 -0.011767 0.023557
v -3.141810 -0.012156 0.023557
v -3.134701 -0.030414 0.031159
v -3.131032 -0.029935 0.038761
v -3.123695 -0.028977 0.038761
v -3.120026 -0.028498 0.031159
v -3.123695 -0.028977 0.023557
v -3.131032 -0.029935 0.023557
v -3.080115 -0.039608 -0.085462
v -3.077306 -0.038984 -0.077860
v -3.071689 -0.037736 -0.077860
v -3.068879 -0.037113 -0.085462
v -3.071689 -0.037736 -0.093065
v -3.077306 -0.038984 -0.093065
v -3.056597 -0.052230 -0.085462
v -3.054159 -0.051408 -0.077860
v -3.049282 -0.049763 -0.077860
v -3.046843 -0.048940 -0.085462
v -3.049282 -0.049763 -0.093065
v -3.054159 -0.051408 -0.093065
v -3.027130 -0.062845 -0.085462
v -3.025155 -0.061856 -0.077860
v -3.021206 -0.059876 -0.077860
v -3.019231 -0.058887 -0.085462
v -3.021206 -0.059876 -0.093065
v -3.025155 -0.061856 -0.093065
v -2.992843 -0.071046 -0.085462
v -2.991408 -0.069927 -0.077860
v -2.988539 -0.067689 -0.077860
v -2.987105 -0.066570 -0.085462
v -2.988539 -0.067689 -0.093065
v -2.991408 -0.069927 -0.093065
v -2.955055 -0.076516 -0.085462
v -2.954216 -0.075311 -0.077860
v -2.952537 -0.072901 -0.077860
v -2.951698 -0.071696 -0.085462
v -2.952537 -0.072901 -0.093065
v -2.954216 -0.075311 -0.093065
v -2.915220 -0.079045 -0.085462
v -2.915008 -0.077801 -0.077860
v -2.914584 -0.075311 -0.077860
v -2.914371 -0.074066 -0.085462
v -2.914584 -0.075311 -0.093065
v -2.915008 -0.077801 -0.093065
v -2.874866 -0.078537 -0.085462
v -2.875290 -0.077300 -0.077860
v -2.876137 -0.074827 -0.077860
v -2.876560 -0.073590 -0.085462
v -2.876137 -0.074827 -0.093065
v -2.875290 -0.077300 -0.093065
v -2.835546 -0.075011 -0.085462
v -2.836589 -0.073830 -0.077860
v -2.838674 -0.071467 -0.077860
v -2.839717 -0.070286 -0.085462
v -2.838674 -0.071467 -0.093065
v -2.836589 -0.073830 -0.093065
v -2.798770 -0.068602 -0.085462
v -2.800392 -0.067522 -0.077860
v -2.803635 -0.065361 -0.077860
v -2.805257 -0.064281 -0.085462
v -2.803635 -0.065361 -0.093065
v -2.800392 -0.067522 -0.093065
v -2.765952 -0.059557 -0.085462
v -2.768090 -0.058619 -0.077860
v -2.772367 -0.056743 -0.077860
v -2.774506 -0.055805 -0.085462
v -2.772367 -0.056743 -0.093065
v -2.768090 -0.058619 -0.093065
v -2.738351 -0.048223 -0.085462
v -2.740925 -0.047464 -0.077860
v -2.746071 -0.045945 -0.077860
v -2.748644 -0.045185 -0.085462
v -2.746071 -0.045945 -0.093065
v -2.740925 -0.047464 -0.093065
v -2.717031 -0.035036 -0.085462
v -2.719940 -0.034484 -0.077860
v -2.725758 -0.033381 -0.077860
v -2.728667 -0.032829 -0.085462
v -2.725758 -0.033381 -0.093065
v -2.719940 -0.034484 -0.093065
v -2.702809 -0.020502 -0.085462
v -2.705941 -0.020180 -0.077860
v -2.712207 -0.019534 -0.077860
v -2.715341 -0.019211 -0.085462
v -2.712207 -0.019534 -0.093065
v -2.705941 -0.020180 -0.093065
v -2.696232 -0.005181 -0.085462
v -2.699468 -0.005099 -0.077860
v -2.705941 -0.004936 -0.077860
v -2.709178 -0.004855 -0.085462
v -2.705941 -0.004936 -0.093065
v -2.699468 -0.005099 -0.093065
v -2.697553 0.010340 -0.085462
v -2.700768 0.010177 -0.077860
v -2.707200 0.009851 -0.077860
v -2.710416 0.009688 -0.085462
v -2.707200 0.009851 -0.093065
v -2.700768 0.010177 -0.093065
v -2.706721 0.025463 -0.085462
v -2.709792 0.025062 -0.077860
v -2.715935 0.024260 -0.077860
v -2.719006 0.023859 -0.085462
v -2.715935 0.024260 -0.093065
v -2.709792 0.025062 -0.093065
v -2.723384 0.039607 -0.085462
v -2.726193 0.038984 -0.077860
v -2.731811 0.037736 -0.077860
v -2.734620 0.037112 -0.085462
v -2.731811 0.037736 -0.093065
v -2.726193 0.038984 -0.093065
v -2.746902 0.052230 -0.085462
v -2.749340 0.051408 -0.077860
v -2.754217 0.049762 -0.077860
v -2.756656 0.048940 -0.085462
v -2.754217 0.049762 -0.093065
v -2.749340 0.051408 -0.093065
v -2.776370 0.062845 -0.085462
v -2.778344 0.061856 -0.077860
v -2.782293 0.059876 -0.077860
v -2.784268 0.058887 -0.085462
v -2.782293 0.059876 -0.093065
v -2.778344 0.061856 -0.093065
v -2.810657 0.071046 -0.085462
v -2.812091 0.069927 -0.077860
v -2.814960 0.067689 -0.077860
v -2.816395 0.066570 -0.085462
v -2.814960 0.067689 -0.093065
v -2.812091 0.069927 -0.093065
v -2.848444 0.076516 -0.085462
v -2.849283 0.075311 -0.077860
v -2.850962 0.072901 -0.077860
v -2.851801 0.071696 -0.085462
v -2.850962 0.072901 -0.093065
v -2.849283 0.075311 -0.093065
v -2.888279 0.079045 -0.085462
v -2.888491 0.077800 -0.077860
v -2.888916 0.075311 -0.077860
v -2.889128 0.074066 -0.085462
v -2.888916 0.075311 -0.093065
v -2.888491 0.077800 -0.093065
v -2.928633 0.078537 -0.085462
v -2.928209 0.077300 -0.077860
v -2.927362 0.074827 -0.077860
v -2.926939 0.073590 -0.085462
v -2.927362 0.074827 -0.093065
v -2.928209 0.077300 -0.093065
v -2.967953 0.075011 -0.085462
v -2.966910 0.073830 -0.077860
v -2.964825 0.071467 -0.077860
v -2.963783 0.070286 -0.085462
v -2.964825 0.071467 -0.093065
v -2.966910 0.073830 -0.093065
v -3.004729 0.068602 -0.085462
v -3.003107 0.067522 -0.077860
v -2.999864 0.065361 -0.077860
v -2.998242 0.064281 -0.085462
v -2.999864 0.065361 -0.093065
v -3.003107 0.067522 -0.093065
v -3.037548 0.059557 -0.085462
v -3.035409 0.058619 -0.077860
v -3.031132 0.056743 -0.077860
v -3.028993 0.055805 -0.085462
v -3.031132 0.056743 -0.093065
v -3.035409 0.058619 -0.093065
v -3.065147 0.048223 -0.085462
v -3.062574 0.047464 -0.077860
v -3.057428 0.045945 -0.077860
v -3.054855 0.045185 -0.085462
v -3.057428 0.045945 -0.093065
v -3.062574 0.047464 -0.093065
v -3.086468 0.035036 -0.085462
v -3.083560 0.034484 -0.077860
v -3.077741 0.033381 -0.077860
v -3.074832 0.032829 -0.085462
v -3.077741 0.033381 -0.093065
v -3.083560 0.034484 -0.093065
v -3.100691 0.020502 -0.085462
v -3.097558 0.020179 -0.077860
v -3.091292 0.019534 -0.077860
v -3.088159 0.019211 -0.085462
v -3.091292 0.019534 -0.093065
v -3.097558 0.020179 -0.093065
v -3.107268 0.005181 -0.085462
v -3.104031 0.005099 -0.077860
v -3.097558 0.004936 -0.077860
v -3.094321 0.004855 -0.085462
v -3.097558 0.004936 -0.093065
v -3.104031 0.005099 -0.093065
v -3.105946 -0.010340 -0.085462
v -3.102731 -0.010177 -0.077860
v -3.096299 -0.009851 -0.077860
v -3.093084 -0.009688 -0.085462
v -3.096299 -0.009851 -0.093065
v -3.102731 -0.010177 -0.093065
v -3.096778 -0.025463 -0.085462
v -3.093707 -0.025062 -0.077860
v -3.087564 -0.024260 -0.077860
v -3.084493 -0.023859 -0.085462
v -3.087564 -0.024260 -0.093065
v -3.093707 -0.025062 -0.093065
v -3.045433 -0.031906 -0.202084
v -3.043170 -0.031404 -0.194482
v -3.038645 -0.030399 -0.194482
v -3.036382 -0.029896 -0.202084
v -3.038645 -0.030399 -0.209687
v -3.043170 -0.031404 -0.209687
v -3.026488 -0.042074 -0.202084
v -3.024524 -0.041412 -0.194482
v -3.020595 -0.040086 -0.194482
v -3.018631 -0.039424 -0.202084
v -3.020595 -0.040086 -0.209687
v -3.024524 -0.041412 -0.209687
v -3.002750 -0.050625 -0.202084
v -3.001159 -0.049828 -0.194482
v -2.997978 -0.048234 -0.194482
v -2.996388 -0.047436 -0.202084
v -2.997978 -0.048234 -0.209687
v -3.001159 -0.049828 -0.209687
v -2.975130 -0.057231 -0.202084
v -2.973974 -0.056330 -0.194482
v -2.971663 -0.054527 -0.194482
v -2.970508 -0.053626 -0.202084
v -2.971663 -0.054527 -0.209687
v -2.973974 -0.056330 -0.209687
v -2.944690 -0.061638 -0.202084
v -2.944014 -0.060667 -0.194482
v -2.942662 -0.058726 -0.194482
v -2.941986 -0.057755 -0.202084
v -2.942662 -0.058726 -0.209687
v -2.944014 -0.060667 -0.209687
v -2.912601 -0.063675 -0.202084
v -2.912430 -0.062673 -0.194482
v -2.912088 -0.060667 -0.194482
v -2.911917 -0.059664 -0.202084
v -2.912088 -0.060667 -0.209687
v -2.912430 -0.062673 -0.209687
v -2.880094 -0.063266 -0.202084
v -2.880435 -0.062270 -0.194482
v -2.881117 -0.060277 -0.194482
v -2.881458 -0.059281 -0.202084
v -2.881117 -0.060277 -0.209687
v -2.880435 -0.062270 -0.209687
v -2.848419 -0.060426 -0.202084
v -2.849259 -0.059474 -0.194482
v -2.850939 -0.057571 -0.194482
v -2.851779 -0.056619 -0.202084
v -2.850939 -0.057571 -0.209687
v -2.849259 -0.059474 -0.209687
v -2.818794 -0.055263 -0.202084
v -2.820100 -0.054393 -0.194482
v -2.822713 -0.052652 -0.194482
v -2.824019 -0.051782 -0.202084
v -2.822713 -0.052652 -0.209687
v -2.820100 -0.054393 -0.209687
v -2.792356 -0.047976 -0.202084
v -2.794080 -0.047221 -0.194482
v -2.797525 -0.045710 -0.194482
v -2.799248 -0.044954 -0.202084
v -2.797525 -0.045710 -0.209687
v -2.794080 -0.047221 -0.209687
v -2.770123 -0.038846 -0.202084
v -2.772196 -0.038235 -0.194482
v -2.776342 -0.037011 -0.194482
v -2.778415 -0.036399 -0.202084
v -2.776342 -0.037011 -0.209687
v -2.772196 -0.038235 -0.209687
v -2.752948 -0.028223 -0.202084
v -2.755292 -0.027779 -0.194482
v -2.759978 -0.026890 -0.194482
v -2.762321 -0.026446 -0.202084
v -2.759978 -0.026890 -0.209687
v -2.755292 -0.027779 -0.209687
v -2.741492 -0.016516 -0.202084
v -2.744015 -0.016256 -0.194482
v -2.749063 -0.015735 -0.194482
v -2.751587 -0.015476 -0.202084
v -2.749063 -0.015735 -0.209687
v -2.744015 -0.016256 -0.209687
v -2.736193 -0.004174 -0.202084
v -2.738801 -0.004108 -0.194482
v -2.744015 -0.003976 -0.194482
v -2.746623 -0.003911 -0.202084
v -2.744015 -0.003976 -0.209687
v -2.738801 -0.004108 -0.209687
v -2.737258 0.008329 -0.202084
v -2.739848 0.008198 -0.194482
v -2.745029 0.007936 -0.194482
v -2.747619 0.007804 -0.202084
v -2.745029 0.007936 -0.209687
v -2.739848 0.008198 -0.209687
v -2.744643 0.020512 -0.202084
v -2.747117 0.020189 -0.194482
v -2.752066 0.019543 -0.194482
v -2.754540 0.019220 -0.202084
v -2.752066 0.019543 -0.209687
v -2.747117 0.020189 -0.209687
v -2.758066 0.031906 -0.202084
v -2.760329 0.031404 -0.194482
v -2.764854 0.030399 -0.194482
v -2.767117 0.029896 -0.202084
v -2.764854 0.030399 -0.209687
v -2.760329 0.031404 -0.209687
v -2.777011 0.042074 -0.202084
v -2.778975 0.041412 -0.194482
v -2.782904 0.040086 -0.194482
v -2.784868 0.039424 -0.202084
v -2.782904 0.040086 -0.209687
v -2.778975 0.041412 -0.209687
v -2.800749 0.050625 -0.202084
v -2.802340 0.049828 -0.194482
v -2.805521 0.048234 -0.194482
v -2.807112 0.047436 -0.202084
v -2.805521 0.048234 -0.209687
v -2.802340 0.049828 -0.209687
v -2.828369 0.057231 -0.202084
v -2.829524 0.056330 -0.194482
v -2.831836 0.054527 -0.194482
v -2.832991 0.053626 -0.202084
v -2.831836 0.054527 -0.209687
v -2.829524 0.056330 -0.209687
v -2.858809 0.061638 -0.202084
v -2.859485 0.060667 -0.194482
v -2.860837 0.058726 -0.194482
v -2.861513 0.057755 -0.202084
v -2.860837 0.058726 -0.209687
v -2.859485 0.060667 -0.209687
v -2.890898 0.063675 -0.202084
v -2.891069 0.062673 -0.194482
v -2.891411 0.060667 -0.194482
v -2.891582 0.059664 -0.202084
v -2.891411 0.060667 -0.209687
v -2.891069 0.062673 -0.209687
v -2.923405 0.063266 -0.202084
v -2.923064 0.062270 -0.194482
v -2.922382 0.060277 -0.194482
v -2.922041 0.059281 -0.202084
v -2.922382 0.060277 -0.209687
v -2.923064 0.062270 -0.209687
v -2.955080 0.060426 -0.202084
v -2.954240 0.059474 -0.194482
v -2.952560 0.057571 -0.194482
v -2.951720 0.056619 -0.202084
v -2.952560 0.057571 -0.209687
v -2.954240 0.059474 -0.209687
v -2.984705 0.055263 -0.202084
v -2.983399 0.054393 -0.194482
v -2.980786 0.052652 -0.194482
v -2.979480 0.051782 -0.202084
v -2.980786 0.052652 -0.209687
v -2.983399 0.054393 -0.209687
v -3.011142 0.047976 -0.202084
v -3.009420 0.047221 -0.194482
v -3.005974 0.045710 -0.194482
v -3.004251 0.044954 -0.202084
v -3.005974 0.045710 -0.209687
v -3.009420 0.047221 -0.209687
v -3.033376 0.038846 -0.202084
v -3.031303 0.038235 -0.194482
v -3.027157 0.037011 -0.194482
v -3.025084 0.036399 -0.202084
v -3.027157 0.037011 -0.209687
v -3.031303 0.038235 -0.209687
v -3.050551 0.028223 -0.202084
v -3.048208 0.027779 -0.194482
v -3.043521 0.026890 -0.194482
v -3.041177 0.026445 -0.202084
v -3.043521 0.026890 -0.209687
v -3.048208 0.027779 -0.209687
v -3.062008 0.016516 -0.202084
v -3.059484 0.016256 -0.194482
v -3.054436 0.015736 -0.194482
v -3.051913 0.015475 -0.202084
v -3.054436 0.015736 -0.209687
v -3.059484 0.016256 -0.209687
v -3.067305 0.004174 -0.202084
v -3.064698 0.004108 -0.194482
v -3.059484 0.003976 -0.194482
v -3.056877 0.003911 -0.202084
v -3.059484 0.003976 -0.209687
v -3.064698 0.004108 -0.209687
v -3.066242 -0.008329 -0.202084
v -3.063651 -0.008198 -0.194482
v -3.058470 -0.007936 -0.194482
v -3.055880 -0.007804 -0.202084
v -3.058470 -0.007936 -0.209687
v -3.063651 -0.008198 -0.209687
v -3.058856 -0.020512 -0.202084
v -3.056382 -0.020189 -0.194482
v -3.051434 -0.019543 -0.194482
v -3.048959 -0.019220 -0.202084
v -3.051434 -0.019543 -0.209687
v -3.056382 -0.020189 -0.209687
v -3.010751 -0.024205 -0.318706
v -3.009034 -0.023823 -0.311103
v -3.005601 -0.023061 -0.311103
v -3.003884 -0.022680 -0.318706
v -3.005601 -0.023061 -0.326308
v -3.009034 -0.023823 -0.326308
v -2.996379 -0.031918 -0.318706
v -2.994889 -0.031416 -0.311103
v -2.991908 -0.030410 -0.311103
v -2.990418 -0.029908 -0.318706
v -2.991908 -0.030410 -0.326308
v -2.994889 -0.031416 -0.326308
v -2.978371 -0.038406 -0.318706
v -2.977164 -0.037801 -0.311103
v -2.974751 -0.036591 -0.311103
v -2.973544 -0.035986 -0.318706
v -2.974751 -0.036591 -0.326308
v -2.977164 -0.037801 -0.326308
v -2.957417 -0.043417 -0.318706
v -2.956541 -0.042733 -0.311103
v -2.954788 -0.041366 -0.311103
v -2.953911 -0.040682 -0.318706
v -2.954788 -0.041366 -0.326308
v -2.956541 -0.042733 -0.326308
v -2.934325 -0.046760 -0.318706
v -2.933812 -0.046023 -0.311103
v -2.932787 -0.044551 -0.311103
v -2.932273 -0.043814 -0.318706
v -2.932787 -0.044551 -0.326308
v -2.933812 -0.046023 -0.326308
v -2.909981 -0.048306 -0.318706
v -2.909852 -0.047545 -0.311103
v -2.909593 -0.046023 -0.311103
v -2.909463 -0.045263 -0.318706
v -2.909593 -0.046023 -0.326308
v -2.909852 -0.047545 -0.326308
v -2.885321 -0.047995 -0.318706
v -2.885580 -0.047239 -0.311103
v -2.886097 -0.045728 -0.311103
v -2.886356 -0.044972 -0.318706
v -2.886097 -0.045728 -0.326308
v -2.885580 -0.047239 -0.326308
v -2.861292 -0.045840 -0.318706
v -2.861929 -0.045118 -0.311103
v -2.863203 -0.043674 -0.311103
v -2.863840 -0.042953 -0.318706
v -2.863203 -0.043674 -0.326308
v -2.861929 -0.045118 -0.326308
v -2.838818 -0.041924 -0.318706
v -2.839809 -0.041263 -0.311103
v -2.841791 -0.039943 -0.311103
v -2.842782 -0.039283 -0.318706
v -2.841791 -0.039943 -0.326308
v -2.839809 -0.041263 -0.326308
v -2.818762 -0.036396 -0.318706
v -2.820069 -0.035823 -0.311103
v -2.822683 -0.034676 -0.311103
v -2.823989 -0.034103 -0.318706
v -2.822683 -0.034676 -0.326308
v -2.820069 -0.035823 -0.326308
v -2.801895 -0.029470 -0.318706
v -2.803468 -0.029006 -0.311103
v -2.806613 -0.028077 -0.311103
v -2.808185 -0.027613 -0.318706
v -2.806613 -0.028077 -0.326308
v -2.803468 -0.029006 -0.326308
v -2.788866 -0.021411 -0.318706
v -2.790644 -0.021074 -0.311103
v -2.794199 -0.020399 -0.311103
v -2.795977 -0.020062 -0.318706
v -2.794199 -0.020399 -0.326308
v -2.790644 -0.021074 -0.326308
v -2.780174 -0.012529 -0.318706
v -2.782089 -0.012332 -0.311103
v -2.785918 -0.011937 -0.311103
v -2.787833 -0.011740 -0.318706
v -2.785918 -0.011937 -0.326308
v -2.782089 -0.012332 -0.326308
v -2.776155 -0.003166 -0.318706
v -2.778133 -0.003116 -0.311103
v -2.782089 -0.003017 -0.311103
v -2.784067 -0.002967 -0.318706
v -2.782089 -0.003017 -0.326308
v -2.778133 -0.003116 -0.326308
v -2.776963 0.006319 -0.318706
v -2.778928 0.006219 -0.311103
v -2.782858 0.006020 -0.311103
v -2.784823 0.005921 -0.318706
v -2.782858 0.006020 -0.326308
v -2.778928 0.006219 -0.326308
v -2.782566 0.015561 -0.318706
v -2.784442 0.015315 -0.311103
v -2.788196 0.014825 -0.311103
v -2.790073 0.014580 -0.318706
v -2.788196 0.014825 -0.326308
v -2.784442 0.015315 -0.326308
v -2.792748 0.024204 -0.318706
v -2.794465 0.023823 -0.311103
v -2.797898 0.023061 -0.311103
v -2.799614 0.022680 -0.318706
v -2.797898 0.023061 -0.326308
v -2.794465 0.023823 -0.326308
v -2.807120 0.031918 -0.318706
v -2.808611 0.031416 -0.311103
v -2.811591 0.030410 -0.311103
v -2.813081 0.029908 -0.318706
v -2.811591 0.030410 -0.326308
v -2.808611 0.031416 -0.326308
v -2.825129 0.038406 -0.318706
v -2.826335 0.037801 -0.311103
v -2.828749 0.036591 -0.311103
v -2.829955 0.035986 -0.318706
v -2.828749 0.036591 -0.326308
v -2.826335 0.037801 -0.326308
v -2.846081 0.043417 -0.318706
v -2.846958 0.042733 -0.311103
v -2.848711 0.041366 -0.311103
v -2.849588 0.040682 -0.318706
v -2.848711 0.041366 -0.326308
v -2.846958 0.042733 -0.326308
v -2.869174 0.046760 -0.318706
v -2.869687 0.046023 -0.311103
v -2.870713 0.044550 -0.311103
v -2.871226 0.043814 -0.318706
v -2.870713 0.044550 -0.326308
v -2.869687 0.046023 -0.326308
v -2.893517 0.048305 -0.318706
v -2.893647 0.047545 -0.311103
v -2.893906 0.046023 -0.311103
v -2.894036 0.045263 -0.318706
v -2.893906 0.046023 -0.326308
v -2.893647 0.047545 -0.326308
v -2.918178 0.047995 -0.318706
v -2.917919 0.047239 -0.311103
v -2.917402 0.045727 -0.311103
v -2.917143 0.044972 -0.318706
v -2.917402 0.045727 -0.326308
v -2.917919 0.047239 -0.326308
v -2.942207 0.045840 -0.318706
v -2.941570 0.045118 -0.311103
v -2.940296 0.043674 -0.311103
v -2.939658 0.042952 -0.318706
v -2.940296 0.043674 -0.326308
v -2.941570 0.045118 -0.326308
v -2.964682 0.041923 -0.318706
v -2.963690 0.041263 -0.311103
v -2.961708 0.039943 -0.311103
v -2.960717 0.039283 -0.318706
v -2.961708 0.039943 -0.326308
v -2.963690 0.041263 -0.326308
v -2.984737 0.036396 -0.318706
v -2.983430 0.035823 -0.311103
v -2.980817 0.034676 -0.311103
v -2.979510 0.034103 -0.318706
v -2.980817 0.034676 -0.326308
v -2.983430 0.035823 -0.326308
v -3.001604 0.029470 -0.318706
v -3.000031 0.029005 -0.311103
v -2.996886 0.028077 -0.311103
v -2.995314 0.027613 -0.318706
v -2.996886 0.028077 -0.326308
v -3.000031 0.029005 -0.326308
v -3.014633 0.021411 -0.318706
v -3.012856 0.021074 -0.311103
v -3.009300 0.020399 -0.311103
v -3.007522 0.020062 -0.318706
v -3.009300 0.020399 -0.326308
v -3.012856 0.021074 -0.326308
v -3.023324 0.012529 -0.318706
v -3.021410 0.012332 -0.311103
v -3.017581 0.011937 -0.311103
v -3.015666 0.011740 -0.318706
v -3.017581 0.011937 -0.326308
v -3.021410 0.012332 -0.326308
v -3.027344 0.003166 -0.318706
v -3.025366 0.003116 -0.311103
v -3.021410 0.003016 -0.311103
v -3.019432 0.002967 -0.318706
v -3.021410 0.003016 -0.326308
v -3.025366 0.003116 -0.326308
v -3.026536 -0.006319 -0.318706
v -3.024571 -0.006219 -0.311103
v -3.020641 -0.006020 -0.311103
v -3.018676 -0.005921 -0.318706
v -3.020641 -0.006020 -0.326308
v -3.024571 -0.006219 -0.326308
v -3.020934 -0.015561 -0.318706
v -3.019057 -0.015316 -0.311103
v -3.015303 -0.014825 -0.311103
v -3.013426 -0.014580 -0.318706
v -3.015303 -0.014825 -0.326308
v -3.019057 -0.015316 -0.326308
v -2.976068 -0.016503 -0.435327
v -2.974898 -0.016243 -0.427725
v -2.972557 -0.015724 -0.427725
v -2.971387 -0.015464 -0.435327
v -2.972557 -0.015724 -0.442930
v -2.974898 -0.016243 -0.442930
v -2.966269 -0.021763 -0.435327
v -2.965253 -0.021420 -0.427725
v -2.963221 -0.020734 -0.427725
v -2.962205 -0.020392 -0.435327
v -2.963221 -0.020734 -0.442930
v -2.965253 -0.021420 -0.442930
v -2.953991 -0.026186 -0.435327
v -2.953168 -0.025773 -0.427725
v -2.951523 -0.024949 -0.427725
v -2.950700 -0.024536 -0.435327
v -2.951523 -0.024949 -0.442930
v -2.953168 -0.025773 -0.442930
v -2.939705 -0.029602 -0.435327
v -2.939107 -0.029136 -0.427725
v -2.937912 -0.028204 -0.427725
v -2.937314 -0.027738 -0.435327
v -2.937912 -0.028204 -0.442930
v -2.939107 -0.029136 -0.442930
v -2.923960 -0.031882 -0.435327
v -2.923611 -0.031380 -0.427725
v -2.922911 -0.030375 -0.427725
v -2.922561 -0.029873 -0.435327
v -2.922911 -0.030375 -0.442930
v -2.923611 -0.031380 -0.442930
v -2.907362 -0.032936 -0.435327
v -2.907274 -0.032417 -0.427725
v -2.907097 -0.031380 -0.427725
v -2.907008 -0.030861 -0.435327
v -2.907097 -0.031380 -0.442930
v -2.907274 -0.032417 -0.442930
v -2.890548 -0.032724 -0.435327
v -2.890725 -0.032209 -0.427725
v -2.891077 -0.031178 -0.427725
v -2.891254 -0.030663 -0.435327
v -2.891077 -0.031178 -0.442930
v -2.890725 -0.032209 -0.442930
v -2.874165 -0.031255 -0.435327
v -2.874599 -0.030763 -0.427725
v -2.875468 -0.029778 -0.427725
v -2.875902 -0.029286 -0.435327
v -2.875468 -0.029778 -0.442930
v -2.874599 -0.030763 -0.442930
v -2.858841 -0.028584 -0.435327
v -2.859517 -0.028134 -0.427725
v -2.860869 -0.027234 -0.427725
v -2.861544 -0.026784 -0.435327
v -2.860869 -0.027234 -0.442930
v -2.859517 -0.028134 -0.442930
v -2.845167 -0.024815 -0.435327
v -2.846058 -0.024425 -0.427725
v -2.847840 -0.023643 -0.427725
v -2.848731 -0.023252 -0.435327
v -2.847840 -0.023643 -0.442930
v -2.846058 -0.024425 -0.442930
v -2.833667 -0.020093 -0.435327
v -2.834739 -0.019777 -0.427725
v -2.836884 -0.019144 -0.427725
v -2.837956 -0.018827 -0.435327
v -2.836884 -0.019144 -0.442930
v -2.834739 -0.019777 -0.442930
v -2.824784 -0.014598 -0.435327
v -2.825996 -0.014369 -0.427725
v -2.828419 -0.013909 -0.427725
v -2.829632 -0.013679 -0.435327
v -2.828419 -0.013909 -0.442930
v -2.825996 -0.014369 -0.442930
v -2.818857 -0.008543 -0.435327
v -2.820163 -0.008408 -0.427725
v -2.822774 -0.008139 -0.427725
v -2.824079 -0.008005 -0.435327
v -2.822774 -0.008139 -0.442930
v -2.820163 -0.008408 -0.442930
v -2.816117 -0.002159 -0.435327
v -2.817466 -0.002125 -0.427725
v -2.820163 -0.002057 -0.427725
v -2.821512 -0.002023 -0.435327
v -2.820163 -0.002057 -0.442930
v -2.817466 -0.002125 -0.442930
v -2.816668 0.004308 -0.435327
v -2.818007 0.004240 -0.427725
v -2.820687 0.004105 -0.427725
v -2.822027 0.004037 -0.435327
v -2.820687 0.004105 -0.442930
v -2.818007 0.004240 -0.442930
v -2.820488 0.010609 -0.435327
v -2.821767 0.010442 -0.427725
v -2.824327 0.010108 -0.427725
v -2.825606 0.009941 -0.435327
v -2.824327 0.010108 -0.442930
v -2.821767 0.010442 -0.442930
v -2.827430 0.016503 -0.435327
v -2.828601 0.016243 -0.427725
v -2.830942 0.015723 -0.427725
v -2.832112 0.015463 -0.435327
v -2.830942 0.015723 -0.442930
v -2.828601 0.016243 -0.442930
v -2.837229 0.021762 -0.435327
v -2.838246 0.021420 -0.427725
v -2.840278 0.020734 -0.427725
v -2.841294 0.020392 -0.435327
v -2.840278 0.020734 -0.442930
v -2.838246 0.021420 -0.442930
v -2.849508 0.026185 -0.435327
v -2.850331 0.025773 -0.427725
v -2.851976 0.024948 -0.427725
v -2.852799 0.024536 -0.435327
v -2.851976 0.024948 -0.442930
v -2.850331 0.025773 -0.442930
v -2.863794 0.029602 -0.435327
v -2.864392 0.029136 -0.427725
v -2.865587 0.028204 -0.427725
v -2.866185 0.027738 -0.435327
v -2.865587 0.028204 -0.442930
v -2.864392 0.029136 -0.442930
v -2.879539 0.031882 -0.435327
v -2.879889 0.031379 -0.427725
v -2.880588 0.030375 -0.427725
v -2.880938 0.029873 -0.435327
v -2.880588 0.030375 -0.442930
v -2.879889 0.031379 -0.442930
v -2.896137 0.032935 -0.435327
v -2.896225 0.032417 -0.427725
v -2.896402 0.031379 -0.427725
v -2.896491 0.030861 -0.435327
v -2.896402 0.031379 -0.442930
v -2.896225 0.032417 -0.442930
v -2.912951 0.032724 -0.435327
v -2.912775 0.032208 -0.427725
v -2.912421 0.031178 -0.427725
v -2.912245 0.030662 -0.435327
v -2.912421 0.031178 -0.442930
v -2.912775 0.032208 -0.442930
v -2.929334 0.031255 -0.435327
v -2.928900 0.030762 -0.427725
v -2.928031 0.029778 -0.427725
v -2.927597 0.029286 -0.435327
v -2.928031 0.029778 -0.442930
v -2.928900 0.030762 -0.442930
v -2.944658 0.028584 -0.435327
v -2.943982 0.028134 -0.427725
v -2.942631 0.027234 -0.427725
v -2.941955 0.026784 -0.435327
v -2.942631 0.027234 -0.442930
v -2.943982 0.028134 -0.442930
v -2.958332 0.024815 -0.435327
v -2.957441 0.024425 -0.427725
v -2.955659 0.023643 -0.427725
v -2.954768 0.023252 -0.435327
v -2.955659 0.023643 -0.442930
v -2.957441 0.024425 -0.442930
v -2.969832 0.020093 -0.435327
v -2.968760 0.019776 -0.427725
v -2.966616 0.019144 -0.427725
v -2.965544 0.018827 -0.435327
v -2.966616 0.019144 -0.442930
v -2.968760 0.019776 -0.442930
v -2.978716 0.014598 -0.435327
v -2.977504 0.014368 -0.427725
v -2.975079 0.013909 -0.427725
v -2.973867 0.013679 -0.435327
v -2.975079 0.013909 -0.442930
v -2.977504 0.014368 -0.442930
v -2.984641 0.008543 -0.435327
v -2.983336 0.008408 -0.427725
v -2.980725 0.008139 -0.427725
v -2.979420 0.008005 -0.435327
v -2.980725 0.008139 -0.442930
v -2.983336 0.008408 -0.442930
v -2.987382 0.002159 -0.435327
v -2.986033 0.002125 -0.427725
v -2.983336 0.002057 -0.427725
v -2.981988 0.002023 -0.435327
v -2.983336 0.002057 -0.442930
v -2.986033 0.002125 -0.442930
v -2.986832 -0.004308 -0.435327
v -2.985492 -0.004240 -0.427725
v -2.982812 -0.004105 -0.427725
v -2.981472 -0.004037 -0.435327
v -2.982812 -0.004105 -0.442930
v -2.985492 -0.004240 -0.442930
v -2.983011 -0.010610 -0.435327
v -2.981732 -0.010442 -0.427725
v -2.979172 -0.010108 -0.427725
v -2.977892 -0.009941 -0.435327
v -2.979172 -0.010108 -0.442930
v -2.981732 -0.010442 -0.442930
v -2.686991 -0.063381 0.211852
v -3.066540 -0.082600 0.211852
v -2.901750 -0.000000 -0.548148
v -2.736959 0.082600 0.211852
v -3.116508 0.063381 0.211852
v -2.643984 -0.076073 0.276721
v -3.099540 -0.099141 0.276721
v -2.703959 0.099141 0.276721
v -3.159515 0.076073 0.276721
v -2.798605 -0.030441 0.342530
v -2.980896 -0.039671 0.342530
v -2.822604 0.039671 0.342530
v -3.004894 0.030441 0.342530
v -2.540616 -0.032965 0.380823
v -2.403152 -0.058783 0.326289
v -2.610094 -0.054778 0.049857
v -2.612094 -0.089263 0.380823
v -2.474631 -0.115081 0.326289
v -2.585783 0.074905 0.380823
v -2.441116 0.094034 0.326289
v -2.594811 0.040586 0.049857
v -2.532823 0.015657 0.380823
v -2.388156 0.034786 0.326289
v -2.816039 0.138898 0.380823
v -2.748913 0.191768 0.326289
v -2.759327 0.112175 0.049857
v -2.669665 0.111406 0.380823
v -2.602538 0.164277 0.326289
v -3.096503 0.121526 0.380823
v -3.146239 0.177167 0.326289
v -3.007273 0.118053 0.049857
v -2.942458 0.141895 0.380823
v -2.992194 0.197536 0.326289
v -3.262883 0.032966 0.380823
v -3.400347 0.058783 0.326289
v -3.193405 0.054778 0.049857
v -3.191405 0.089264 0.380823
v -3.328869 0.115082 0.326289
v -3.217716 -0.074905 0.380823
v -3.362383 -0.094034 0.326289
v -3.208688 -0.040586 0.049857
v -3.270676 -0.015657 0.380823
v -3.415343 -0.034786 0.326289
v -2.987460 -0.138898 0.380823
v -3.054586 -0.191768 0.326289
v -3.044172 -0.112175 0.049857
v -3.133835 -0.111406 0.380823
v -3.200962 -0.164277 0.326289
v -2.706996 -0.121525 0.380823
v -2.657260 -0.177167 0.326289
v -2.796226 -0.118053 0.049857
v -2.861041 -0.141895 0.380823
v -2.811306 -0.197536 0.326289
vn -0.4473 -0.8334 0.3245
vn -0.0000 -0.0000 1.0000
vn 0.4473 0.8334 0.3245
vn 0.4473 0.8334 -0.3245
vn -0.0000 -0.0000 -1.0000
vn -0.4473 -0.8334 -0.3245
vn -0.3253 -0.9030 0.2806
vn 0.3253 0.9030 0.2806
vn 0.3253 0.9030 -0.2806
vn -0.3253 -0.9030 -0.2806
vn -0.2251 -0.9413 0.2514
vn 0.2251 0.9413 0.2514
vn 0.2251 0.9413 -0.2514
vn -0.2251 -0.9413 -0.2514
vn -0.1393 -0.9624 0.2332
vn 0.1393 0.9624 0.2332
vn 0.1393 0.9624 -0.2332
vn -0.1393 -0.9624 -0.2332
vn -0.0618 -0.9727 0.2236
vn 0.0618 0.9727 0.2236
vn 0.0618 0.9727 -0.2236
vn -0.0618 -0.9727 -0.2236
vn 0.0123 -0.9751 0.2213
vn -0.0123 0.9751 0.2213
vn -0.0123 0.9751 -0.2213
vn 0.0123 -0.9751 -0.2213
vn 0.0870 -0.9702 0.2259
vn 0.0870 -0.9702 0.2260
vn -0.0870 0.9702 0.2260
vn -0.0870 0.9702 -0.2260
vn 0.0870 -0.9702 -0.2260
vn 0.0870 -0.9702 -0.2259
vn 0.1667 -0.9568 0.2382
vn -0.1667 0.9568 0.2382
vn -0.1667 0.9568 -0.2382
vn 0.1667 -0.9568 -0.2382
vn 0.2566 -0.9310 0.2598
vn -0.2566 0.9310 0.2598
vn -0.2566 0.9310 -0.2597
vn 0.2566 -0.9310 -0.2597
vn 0.3631 -0.8843 0.2934
vn -0.3631 0.8843 0.2934
vn -0.3631 0.8843 -0.2934
vn -0.3632 0.8843 -0.2934
vn 0.3632 -0.8843 -0.2934
vn 0.3631 -0.8843 -0.2934
vn 0.4941 -0.7988 0.3431
vn -0.4941 0.7988 0.3431
vn -0.4941 0.7988 -0.3431
vn 0.4941 -0.7988 -0.3431
vn 0.6517 -0.6377 0.4106
vn -0.6517 0.6377 0.4106
vn -0.6517 0.6377 -0.4106
vn 0.6517 -0.6377 -0.4106
vn 0.8054 -0.3457 0.4814
vn -0.8054 0.3457 0.4814
vn -0.8054 0.3457 -0.4814
vn 0.8054 -0.3457 -0.4814
vn 0.8590 0.0731 0.5068
vn -0.8590 -0.0731 0.5068
vn -0.8590 -0.0731 -0.5068
vn 0.8590 0.0731 -0.5068
vn 0.7594 0.4604 0.4598
vn -0.7594 -0.4604 0.4598
vn -0.7594 -0.4604 -0.4598
vn 0.7594 0.4604 -0.4598
vn 0.5969 0.7032 0.3864
vn 0.5969 0.7031 0.3864
vn -0.5969 -0.7031 0.3864
vn -0.5969 -0.7032 -0.3864
vn 0.5969 0.7032 -0.3864
vn -0.0870 0.9702 0.2259
vn -0.0870 0.9702 -0.2259
vn 0.2566 -0.9310 -0.2598
vn -0.2566 0.9310 -0.2598
vn -0.4941 0.7989 0.3431
vn -0.5969 -0.7032 0.3864
vn -0.4536 -0.8451 0.2830
vn 0.4536 0.8451 0.2830
vn 0.4536 0.8451 -0.2830
vn -0.4536 -0.8451 -0.2830
vn -0.3287 -0.9124 0.2439
vn -0.3287 -0.9124 0.2438
vn 0.3287 0.9124 0.2438
vn 0.3287 0.9124 -0.2438
vn -0.3287 -0.9124 -0.2438
vn -0.2270 -0.9492 0.2180
vn 0.2270 0.9492 0.2180
vn 0.2270 0.9492 -0.2180
vn -0.2270 -0.9492 -0.2180
vn -0.1403 -0.9693 0.2020
vn 0.1403 0.9693 0.2020
vn 0.1403 0.9693 -0.2020
vn -0.1403 -0.9693 -0.2020
vn -0.0622 -0.9791 0.1936
vn 0.0622 0.9791 0.1936
vn 0.0622 0.9791 -0.1936
vn -0.0622 -0.9791 -0.1936
vn 0.0124 -0.9814 0.1915
vn -0.0124 0.9814 0.1915
vn -0.0124 0.9814 -0.1915
vn 0.0124 -0.9814 -0.1915
vn 0.0876 -0.9768 0.1956
vn -0.0876 0.9768 0.1956
vn -0.0876 0.9768 -0.1956
vn 0.0876 -0.9768 -0.1956
vn 0.1680 -0.9639 0.2064
vn -0.1680 0.9639 0.2064
vn -0.1680 0.9639 -0.2064
vn 0.1680 -0.9639 -0.2064
vn 0.2589 -0.9392 0.2254
vn 0.2589 -0.9393 0.2254
vn -0.2589 0.9392 0.2254
vn -0.2589 0.9393 -0.2254
vn 0.2589 -0.9392 -0.2254
vn 0.2589 -0.9393 -0.2254
vn 0.3673 -0.8944 0.2552
vn -0.3673 0.8944 0.2552
vn -0.3673 0.8944 -0.2552
vn 0.3673 -0.8944 -0.2552
vn 0.5018 -0.8114 0.2997
vn -0.5018 0.8114 0.2997
vn -0.5018 0.8114 -0.2997
vn 0.5018 -0.8114 -0.2997
vn 0.6665 -0.6522 0.3611
vn 0.6665 -0.6522 0.3612
vn -0.6665 0.6522 0.3612
vn -0.6665 0.6522 -0.3612
vn 0.6665 -0.6522 -0.3611
vn 0.8309 -0.3567 0.4271
vn -0.8309 0.3567 0.4271
vn -0.8309 0.3567 -0.4271
vn 0.8309 -0.3567 -0.4271
vn 0.8892 0.0757 0.4512
vn -0.8892 -0.0757 0.4512
vn -0.8892 -0.0757 -0.4512
vn 0.8892 0.0757 -0.4512
vn 0.7812 0.4736 0.4068
vn -0.7812 -0.4736 0.4068
vn -0.7812 -0.4736 -0.4068
vn 0.7812 0.4736 -0.4068
vn 0.6088 0.7172 0.3390
vn -0.6088 -0.7172 0.3390
vn -0.6088 -0.7172 -0.3390
vn 0.6088 0.7172 -0.3389
vn 0.6088 0.7172 -0.3390
vn 0.3287 0.9124 0.2439
vn -0.2589 0.9393 0.2254
vn -0.6665 0.6522 0.3611
vn 0.6665 -0.6522 -0.3612
vn -0.6665 0.6522 -0.3611
vn -0.4591 -0.8554 0.2398
vn 0.4591 0.8554 0.2398
vn 0.4591 0.8554 -0.2398
vn -0.4591 -0.8554 -0.2398
vn -0.3316 -0.9206 0.2060
vn 0.3316 0.9206 0.2060
vn 0.3316 0.9206 -0.2060
vn -0.3316 -0.9206 -0.2060
vn -0.2286 -0.9560 0.1838
vn 0.2286 0.9560 0.1838
vn 0.2286 0.9560 -0.1838
vn -0.2286 -0.9560 -0.1838
vn -0.1412 -0.9752 0.1702
vn -0.1412 -0.9753 0.1702
vn 0.1412 0.9752 0.1702
vn 0.1412 0.9753 0.1702
vn 0.1412 0.9753 -0.1702
vn 0.1412 0.9752 -0.1702
vn 0.1412 0.9753 -0.1701
vn -0.1412 -0.9753 -0.1702
vn -0.0625 -0.9846 0.1630
vn 0.0625 0.9846 0.1630
vn 0.0625 0.9846 -0.1630
vn -0.0625 -0.9846 -0.1630
vn 0.0124 -0.9868 0.1612
vn -0.0124 0.9868 0.1612
vn -0.0124 0.9868 -0.1612
vn 0.0124 -0.9868 -0.1612
vn 0.0881 -0.9824 0.1647
vn -0.0881 0.9824 0.1647
vn -0.0881 0.9824 -0.1647
vn 0.0881 -0.9824 -0.1647
vn 0.1691 -0.9701 0.1739
vn -0.1691 0.9701 0.1739
vn -0.1691 0.9701 -0.1739
vn 0.1691 -0.9701 -0.1739
vn 0.2609 -0.9465 0.1902
vn 0.2609 -0.9465 0.1901
vn -0.2609 0.9465 0.1902
vn -0.2609 0.9465 0.1901
vn -0.2609 0.9465 -0.1901
vn 0.2609 -0.9465 -0.1901
vn 0.2609 -0.9465 -0.1902
vn 0.3709 -0.9033 0.2158
vn -0.3709 0.9033 0.2158
vn -0.3709 0.9033 -0.2158
vn 0.3709 -0.9033 -0.2158
vn 0.3709 -0.9033 -0.2157
vn 0.5087 -0.8225 0.2544
vn -0.5087 0.8225 0.2543
vn -0.5087 0.8225 -0.2543
vn 0.5087 -0.8225 -0.2543
vn 0.5087 -0.8225 -0.2544
vn 0.6799 -0.6653 0.3084
vn -0.6799 0.6653 0.3085
vn -0.6799 0.6653 0.3084
vn -0.6799 0.6653 -0.3084
vn 0.6799 -0.6653 -0.3084
vn 0.8545 -0.3668 0.3677
vn -0.8545 0.3668 0.3677
vn -0.8545 0.3668 0.3678
vn -0.8545 0.3668 -0.3677
vn -0.8545 0.3668 -0.3678
vn 0.8545 -0.3668 -0.3677
vn 0.9176 0.0781 0.3898
vn -0.9176 -0.0781 0.3898
vn -0.9176 -0.0781 -0.3898
vn 0.9176 0.0781 -0.3898
vn 0.8013 0.4857 0.3494
vn 0.8013 0.4858 0.3493
vn -0.8013 -0.4857 0.3493
vn -0.8013 -0.4857 -0.3493
vn 0.8013 0.4858 -0.3493
vn 0.8013 0.4857 -0.3493
vn 0.6196 0.7299 0.2888
vn -0.6196 -0.7299 0.2888
vn -0.6196 -0.7299 -0.2888
vn 0.6196 0.7299 -0.2888
vn -0.1412 -0.9753 -0.1701
vn -0.2609 0.9465 -0.1902
vn -0.3709 0.9032 0.2158
vn -0.5087 0.8225 0.2544
vn 0.5087 -0.8225 0.2543
vn -0.5087 0.8225 -0.2544
vn 0.8013 0.4857 0.3493
vn -0.8013 -0.4858 -0.3493
vn -0.4638 -0.8642 0.1952
vn 0.4638 0.8642 0.1952
vn 0.4638 0.8642 -0.1952
vn -0.4638 -0.8642 -0.1952
vn -0.3341 -0.9276 0.1672
vn 0.3341 0.9276 0.1672
vn 0.3341 0.9276 -0.1672
vn -0.3341 -0.9276 -0.1672
vn -0.2300 -0.9617 0.1490
vn 0.2300 0.9617 0.1490
vn 0.2300 0.9617 -0.1490
vn -0.2300 -0.9617 -0.1490
vn -0.1419 -0.9802 0.1378
vn 0.1419 0.9802 0.1378
vn 0.1419 0.9802 -0.1378
vn -0.1419 -0.9802 -0.1378
vn -0.0628 -0.9893 0.1319
vn 0.0628 0.9893 0.1319
vn 0.0628 0.9893 -0.1319
vn -0.0628 -0.9893 -0.1319
vn 0.0125 -0.9914 0.1305
vn -0.0125 0.9914 0.1305
vn -0.0125 0.9914 -0.1305
vn 0.0125 -0.9914 -0.1305
vn 0.0885 -0.9871 0.1333
vn -0.0885 0.9871 0.1333
vn -0.0885 0.9871 -0.1333
vn 0.0885 -0.9871 -0.1333
vn 0.1700 -0.9753 0.1409
vn -0.1700 0.9753 0.1409
vn -0.1700 0.9753 0.1408
vn -0.1700 0.9753 -0.1408
vn -0.1700 0.9753 -0.1409
vn 0.1700 -0.9753 -0.1409
vn 0.2625 -0.9525 0.1542
vn -0.2625 0.9525 0.1541
vn -0.2625 0.9525 0.1542
vn -0.2625 0.9525 -0.1541
vn 0.2625 -0.9525 -0.1542
vn 0.3740 -0.9107 0.1753
vn -0.3740 0.9107 0.1753
vn -0.3740 0.9107 -0.1752
vn 0.3740 -0.9107 -0.1753
vn 0.5146 -0.8320 0.2073
vn -0.5146 0.8320 0.2073
vn -0.5146 0.8320 0.2072
vn -0.5146 0.8320 -0.2072
vn 0.5146 -0.8320 -0.2073
vn 0.6915 -0.6767 0.2527
vn -0.6915 0.6767 0.2527
vn -0.6915 0.6767 -0.2527
vn 0.6915 -0.6767 -0.2527
vn 0.8756 -0.3759 0.3035
vn -0.8756 0.3758 0.3035
vn -0.8756 0.3759 -0.3035
vn -0.8756 0.3758 -0.3035
vn 0.8756 -0.3759 -0.3035
vn 0.9431 0.0803 0.3227
vn -0.9431 -0.0802 0.3227
vn -0.9431 -0.0802 -0.3227
vn 0.9431 0.0803 -0.3227
vn 0.8190 0.4965 0.2876
vn -0.8190 -0.4965 0.2876
vn -0.8190 -0.4965 -0.2876
vn 0.8190 0.4965 -0.2876
vn 0.6288 0.7408 0.2361
vn -0.6289 -0.7408 0.2361
vn -0.6288 -0.7408 0.2361
vn -0.6288 -0.7408 -0.2361
vn -0.6289 -0.7408 -0.2361
vn 0.6288 0.7408 -0.2361
vn -0.4638 -0.8642 0.1951
vn -0.4638 -0.8642 -0.1951
vn 0.2625 -0.9525 0.1541
vn 0.2625 -0.9525 -0.1541
vn -0.2625 0.9525 -0.1542
vn 0.3740 -0.9107 -0.1752
vn 0.5146 -0.8320 -0.2072
vn -0.8756 0.3758 0.3036
vn 0.8756 -0.3758 0.3035
vn 0.8756 -0.3758 -0.3035
vn -0.9431 -0.0803 0.3227
vn -0.9431 -0.0803 -0.3227
vn -0.4676 -0.8712 0.1493
vn 0.4676 0.8712 0.1493
vn 0.4676 0.8712 -0.1493
vn -0.4676 -0.8712 -0.1493
vn -0.3361 -0.9331 0.1276
vn 0.3361 0.9331 0.1276
vn 0.3361 0.9331 -0.1276
vn -0.3361 -0.9331 -0.1276
vn -0.2311 -0.9663 0.1136
vn -0.2311 -0.9663 0.1135
vn 0.2311 0.9663 0.1136
vn 0.2311 0.9663 -0.1135
vn -0.2311 -0.9663 -0.1135
vn -0.1425 -0.9842 0.1049
vn 0.1425 0.9842 0.1049
vn 0.1425 0.9842 -0.1049
vn -0.1425 -0.9842 -0.1049
vn -0.0631 -0.9929 0.1004
vn 0.0631 0.9929 0.1004
vn 0.0631 0.9929 -0.1004
vn -0.0631 -0.9929 -0.1004
vn 0.0125 -0.9950 0.0994
vn -0.0125 0.9950 0.0993
vn -0.0125 0.9950 -0.0993
vn 0.0125 -0.9950 -0.0993
vn 0.0125 -0.9950 -0.0994
vn 0.0889 -0.9909 0.1015
vn -0.0889 0.9909 0.1015
vn -0.0889 0.9909 -0.1015
vn 0.0889 -0.9909 -0.1015
vn 0.1707 -0.9795 0.1073
vn -0.1707 0.9795 0.1073
vn -0.1707 0.9795 -0.1073
vn 0.1707 -0.9795 -0.1073
vn 0.2639 -0.9574 0.1176
vn 0.2639 -0.9574 0.1175
vn -0.2639 0.9574 0.1175
vn -0.2639 0.9574 -0.1175
vn 0.2639 -0.9574 -0.1175
vn 0.3764 -0.9167 0.1338
vn 0.3765 -0.9167 0.1338
vn -0.3764 0.9167 0.1338
vn -0.3764 0.9167 -0.1338
vn 0.3765 -0.9167 -0.1338
vn 0.5194 -0.8397 0.1587
vn -0.5194 0.8397 0.1587
vn -0.5194 0.8397 -0.1587
vn 0.5194 -0.8397 -0.1587
vn 0.7011 -0.6861 0.1944
vn -0.7011 0.6861 0.1944
vn -0.7011 0.6861 -0.1944
vn -0.7011 0.6861 -0.1943
vn 0.7011 -0.6861 -0.1944
vn 0.8932 -0.3834 0.2349
vn -0.8932 0.3834 0.2349
vn -0.8932 0.3834 -0.2349
vn 0.8932 -0.3834 -0.2349
vn 0.9646 0.0821 0.2504
vn 0.9646 0.0821 0.2505
vn -0.9646 -0.0821 0.2504
vn -0.9646 -0.0821 -0.2504
vn -0.9647 -0.0821 -0.2504
vn 0.9646 0.0821 -0.2504
vn 0.8338 0.5055 0.2221
vn -0.8338 -0.5055 0.2222
vn -0.8338 -0.5054 0.2221
vn -0.8338 -0.5054 -0.2221
vn -0.8338 -0.5055 -0.2221
vn 0.8338 0.5055 -0.2221
vn 0.6364 0.7497 0.1813
vn -0.6364 -0.7497 0.1813
vn -0.6364 -0.7497 -0.1813
vn 0.6364 0.7497 -0.1813
vn -0.4676 -0.8712 -0.1492
vn 0.4676 0.8712 -0.1492
vn 0.0630 0.9929 0.1004
vn 0.0630 0.9929 -0.1004
vn 0.0125 -0.9950 0.0993
vn -0.2639 0.9574 0.1176
vn -0.3765 0.9167 0.1338
vn -0.3765 0.9167 -0.1338
vn 0.5193 -0.8397 0.1587
vn -0.9647 -0.0821 0.2504
vn -0.8338 -0.5055 0.2221
vn -0.4704 -0.8765 0.1024
vn 0.4704 0.8765 0.1024
vn 0.4704 0.8765 -0.1024
vn -0.4704 -0.8765 -0.1024
vn -0.3376 -0.9372 0.0874
vn 0.3376 0.9372 0.0874
vn 0.3376 0.9372 -0.0874
vn -0.3376 -0.9372 -0.0874
vn -0.3376 -0.9372 -0.0873
vn -0.2319 -0.9696 0.0777
vn 0.2319 0.9696 0.0777
vn 0.2319 0.9696 -0.0777
vn -0.2319 -0.9696 -0.0777
vn -0.1429 -0.9871 0.0718
vn 0.1429 0.9871 0.0718
vn 0.1429 0.9871 -0.0718
vn -0.1429 -0.9871 -0.0718
vn -0.0632 -0.9956 0.0687
vn 0.0632 0.9956 0.0687
vn 0.0632 0.9956 -0.0687
vn -0.0632 -0.9956 -0.0687
vn -0.0632 -0.9956 -0.0686
vn 0.0126 -0.9976 0.0679
vn -0.0126 0.9976 0.0679
vn -0.0126 0.9976 -0.0679
vn 0.0126 -0.9976 -0.0679
vn 0.0891 -0.9936 0.0694
vn -0.0891 0.9936 0.0694
vn -0.0891 0.9936 -0.0694
vn 0.0891 -0.9936 -0.0694
vn 0.1712 -0.9825 0.0734
vn -0.1712 0.9825 0.0734
vn -0.1712 0.9825 -0.0734
vn 0.1712 -0.9825 -0.0734
vn 0.2648 -0.9609 0.0804
vn -0.2648 0.9609 0.0804
vn -0.2649 0.9609 0.0804
vn -0.2648 0.9609 -0.0804
vn 0.2648 -0.9609 -0.0804
vn 0.3783 -0.9211 0.0917
vn -0.3783 0.9211 0.0917
vn -0.3783 0.9211 -0.0917
vn -0.3783 0.9212 -0.0917
vn 0.3783 -0.9211 -0.0917
vn 0.5229 -0.8454 0.1089
vn -0.5229 0.8454 0.1089
vn -0.5229 0.8454 -0.1089
vn 0.5229 -0.8454 -0.1089
vn 0.7083 -0.6931 0.1339
vn -0.7083 0.6931 0.1339
vn -0.7083 0.6931 -0.1339
vn 0.7083 -0.6931 -0.1339
vn 0.9067 -0.3892 0.1626
vn -0.9067 0.3892 0.1626
vn -0.9067 0.3892 -0.1626
vn 0.9067 -0.3892 -0.1626
vn 0.9067 -0.3892 -0.1625
vn 0.9813 0.0835 0.1737
vn 0.9813 0.0835 0.1736
vn -0.9813 -0.0835 0.1737
vn -0.9812 -0.0835 0.1737
vn -0.9813 -0.0835 -0.1737
vn 0.9813 0.0835 -0.1736
vn 0.8450 0.5123 0.1535
vn -0.8450 -0.5123 0.1535
vn -0.8450 -0.5123 -0.1535
vn 0.8450 0.5123 -0.1535
vn 0.6421 0.7564 0.1247
vn -0.6421 -0.7564 0.1247
vn -0.6421 -0.7564 -0.1247
vn 0.6421 0.7564 -0.1247
vn -0.2649 0.9609 -0.0804
vn 0.9812 0.0835 0.1737
vn 0.9813 0.0835 -0.1737
vn 0.9812 0.0835 -0.1737
vn 0.0503 -0.9940 -0.0971
vn -0.0503 0.9940 -0.0971
vn 0.8241 0.2821 -0.4912
vn 0.9199 0.3149 -0.2337
vn -0.9199 -0.3149 -0.2337
vn -0.4234 -0.1449 0.8943
vn 0.0493 -0.9735 -0.2232
vn -0.8241 -0.2821 -0.4912
vn -0.0493 0.9735 -0.2232
vn -0.0393 0.7756 0.6301
vn 0.4234 0.1449 0.8943
vn 0.0393 -0.7756 0.6301
vn 0.1469 0.9845 -0.0957
vn -0.2227 -0.9695 -0.1024
vn 0.2845 -0.3612 0.8881
vn -0.6169 0.7832 0.0779
vn 0.5590 -0.7097 -0.4288
vn -0.1664 0.9813 -0.0972
vn 0.0961 -0.9910 -0.0927
vn 0.3072 0.2746 0.9112
vn -0.7426 -0.6638 0.0891
vn 0.6551 0.5856 -0.4775
vn -0.6931 0.6992 -0.1752
vn 0.5356 -0.8316 -0.1470
vn 0.1193 0.6354 0.7629
vn -0.1844 -0.9817 0.0477
vn 0.1773 0.9439 -0.2785
vn -0.6482 -0.7430 -0.1670
vn 0.8195 0.5373 -0.1992
vn -0.0868 0.6567 0.7492
vn 0.1310 -0.9903 0.0457
vn -0.1263 0.9552 -0.2678
vn -0.1469 -0.9845 -0.0957
vn 0.2227 0.9695 -0.1024
vn -0.2845 0.3612 0.8880
vn 0.6169 -0.7832 0.0779
vn -0.5590 0.7097 -0.4288
vn 0.1664 -0.9813 -0.0972
vn -0.0961 0.9910 -0.0927
vn -0.3072 -0.2746 0.9112
vn 0.7426 0.6638 0.0891
vn -0.6551 -0.5856 -0.4775
vn 0.6931 -0.6992 -0.1752
vn -0.5356 0.8316 -0.1470
vn -0.1193 -0.6354 0.7629
vn 0.1844 0.9817 0.0477
vn -0.1773 -0.9439 -0.2785
vn 0.6481 0.7430 -0.1670
vn -0.8195 -0.5373 -0.1992
vn 0.0868 -0.6567 0.7492
vn -0.1310 0.9903 0.0457
vn 0.1263 -0.9552 -0.2678
vn 0.5969 0.7031 -0.3864
vn 0.0622 0.9791 -0.1935
vn -0.2589 0.9392 -0.2254
vn 0.0124 -0.9868 0.1613
vn -0.0124 0.9868 0.1613
vn -0.6799 0.6653 -0.3085
vn 0.1700 -0.9753 -0.1408
vn -0.1425 -0.9842 0.1050
vn -0.0125 0.9950 0.0994
vn 0.2639 -0.9574 -0.1176
vn 0.3764 -0.9167 -0.1338
vn -0.2639 0.9574 -0.1176
vn 0.5193 -0.8397 -0.1587
vn -0.0632 -0.9956 0.0686
vn 0.9067 -0.3892 0.1625
vn 0.9812 0.0836 0.1737
vn 0.9812 0.0836 -0.1737
vt 0.500000 0.500000
vt 0.531250 0.666667
vt 0.500000 0.666667
vt 0.500000 0.833333
vt 0.531250 0.833333
vt 0.500000 1.000000
vt 0.500000 -0.000000
vt 0.531250 0.166667
vt 0.500000 0.166667
vt 0.531250 0.333333
vt 0.500000 0.333333
vt 0.531250 0.500000
vt 0.562500 0.666667
vt 0.562500 1.000000
vt 0.531250 1.000000
vt 0.562500 -0.000000
vt 0.531250 -0.000000
vt 0.562500 0.333333
vt 0.562500 0.500000
vt 0.593750 0.666667
vt 0.562500 0.833333
vt 0.593750 1.000000
vt 0.593750 -0.000000
vt 0.562500 0.166667
vt 0.593750 0.333333
vt 0.593750 0.500000
vt 0.625000 0.666667
vt 0.593750 0.833333
vt 0.625000 0.833333
vt 0.625000 0.166667
vt 0.593750 0.166667
vt 0.625000 0.333333
vt 0.656250 0.500000
vt 0.625000 0.500000
vt 0.656250 0.666667
vt 0.656250 1.000000
vt 0.625000 1.000000
vt 0.656250 -0.000000
vt 0.625000 -0.000000
vt 0.656250 0.333333
vt 0.687500 0.666667
vt 0.656250 0.833333
vt 0.687500 1.000000
vt 0.687500 -0.000000
vt 0.656250 0.166667
vt 0.687500 0.333333
vt 0.718750 0.500000
vt 0.687500 0.500000
vt 0.718750 0.666667
vt 0.687500 0.833333
vt 0.718750 1.000000
vt 0.718750 -0.000000
vt 0.687500 0.166667
vt 0.718750 0.333333
vt 0.750000 0.500000
vt 0.750000 0.666667
vt 0.718750 0.833333
vt 0.750000 0.833333
vt 0.750000 0.166667
vt 0.718750 0.166667
vt 0.750000 0.333333
vt 0.781250 0.666667
vt 0.781250 0.833333
vt 0.750000 1.000000
vt 0.750000 -0.000000
vt 0.781250 0.166667
vt 0.781250 0.333333
vt 0.781250 0.500000
vt 0.812500 0.666667
vt 0.812500 1.000000
vt 0.781250 1.000000
vt 0.812500 -0.000000
vt 0.781250 -0.000000
vt 0.812500 0.333333
vt 0.812500 0.500000
vt 0.843750 0.666667
vt 0.812500 0.833333
vt 0.843750 1.000000
vt 0.843750 -0.000000
vt 0.812500 0.166667
vt 0.843750 0.333333
vt 0.843750 0.500000
vt 0.875000 0.666667
vt 0.843750 0.833333
vt 0.875000 0.833333
vt 0.875000 0.166667
vt 0.843750 0.166667
vt 0.875000 0.333333
vt 0.906250 0.500000
vt 0.875000 0.500000
vt 0.906250 0.666667
vt 0.906250 1.000000
vt 0.875000 1.000000
vt 0.906250 -0.000000
vt 0.875000 -0.000000
vt 0.906250 0.333333
vt 0.937500 0.500000
vt 0.937500 0.666667
vt 0.906250 0.833333
vt 0.937500 1.000000
vt 0.937500 -0.000000
vt 0.906250 0.166667
vt 0.937500 0.333333
vt 0.968750 0.666667
vt 0.937500 0.833333
vt 0.968750 1.000000
vt 0.968750 -0.000000
vt 0.937500 0.166667
vt 0.968750 0.333333
vt 0.968750 0.500000
vt 1.000000 0.666667
vt 0.968750 0.833333
vt 1.000000 0.833333
vt 1.000000 0.166667
vt 0.968750 0.166667
vt 1.000000 0.333333
vt 0.000000 0.500000
vt 0.031250 0.666667
vt 0.000000 0.666667
vt 0.000000 0.833333
vt 0.031250 0.833333
vt 0.000000 1.000000
vt 0.000000 -0.000000
vt 0.031250 0.166667
vt 0.000000 0.166667
vt 0.031250 0.333333
vt 0.000000 0.333333
vt 0.031250 0.500000
vt 0.062500 0.666667
vt 0.062500 0.833333
vt 0.031250 1.000000
vt 0.031250 -0.000000
vt 0.062500 0.166667
vt 0.062500 0.333333
vt 0.093750 0.500000
vt 0.062500 0.500000
vt 0.093750 0.833333
vt 0.062500 1.000000
vt 0.062500 -0.000000
vt 0.093750 0.166667
vt 0.125000 0.500000
vt 0.093750 0.666667
vt 0.125000 0.833333
vt 0.125000 1.000000
vt 0.093750 1.000000
vt 0.125000 -0.000000
vt 0.093750 -0.000000
vt 0.125000 0.166667
vt 0.093750 0.333333
vt 0.156250 0.500000
vt 0.125000 0.666667
vt 0.156250 0.666667
vt 0.156250 1.000000
vt 0.156250 -0.000000
vt 0.156250 0.333333
vt 0.125000 0.333333
vt 0.187500 0.666667
vt 0.156250 0.833333
vt 0.187500 0.833333
vt 0.187500 0.166667
vt 0.156250 0.166667
vt 0.187500 0.333333
vt 0.187500 0.500000
vt 0.218750 0.666667
vt 0.218750 1.000000
vt 0.187500 1.000000
vt 0.218750 -0.000000
vt 0.187500 -0.000000
vt 0.218750 0.333333
vt 0.218750 0.500000
vt 0.250000 0.666667
vt 0.218750 0.833333
vt 0.250000 1.000000
vt 0.250000 -0.000000
vt 0.218750 0.166667
vt 0.250000 0.333333
vt 0.250000 0.500000
vt 0.281250 0.666667
vt 0.250000 0.833333
vt 0.281250 1.000000
vt 0.281250 -0.000000
vt 0.250000 0.166667
vt 0.281250 0.333333
vt 0.281250 0.500000
vt 0.312500 0.666667
vt 0.281250 0.833333
vt 0.312500 1.000000
vt 0.312500 -0.000000
vt 0.281250 0.166667
vt 0.312500 0.333333
vt 0.312500 0.500000
vt 0.343750 0.666667
vt 0.312500 0.833333
vt 0.343750 1.000000
vt 0.343750 -0.000000
vt 0.312500 0.166667
vt 0.343750 0.333333
vt 0.343750 0.500000
vt 0.375000 0.666667
vt 0.343750 0.833333
vt 0.375000 1.000000
vt 0.375000 -0.000000
vt 0.343750 0.166667
vt 0.375000 0.333333
vt 0.406250 0.500000
vt 0.375000 0.500000
vt 0.406250 0.666667
vt 0.375000 0.833333
vt 0.406250 1.000000
vt 0.406250 -0.000000
vt 0.375000 0.166667
vt 0.406250 0.333333
vt 0.437500 0.500000
vt 0.437500 0.666667
vt 0.406250 0.833333
vt 0.437500 1.000000
vt 0.437500 -0.000000
vt 0.406250 0.166667
vt 0.437500 0.333333
vt 0.468750 0.666667
vt 0.437500 0.833333
vt 0.468750 1.000000
vt 0.468750 -0.000000
vt 0.437500 0.166667
vt 0.468750 0.333333
vt 0.468750 0.500000
vt 0.468750 0.833333
vt 0.468750 0.166667
vt 1.000000 1.000000
vt 1.000000 -0.000000
vt 1.000000 0.500000
vt 0.375000 0.250000
vt 0.625000 0.750000
vt 0.375000 0.750000
vt 0.125000 0.750000
vt 0.875000 0.750000
s 1
usemtl Ring
f 856/132/192 863/133/192 857/134/192
f 863/133/193 858/135/193 857/134/193
f 864/136/194 859/137/194 858/135/194
f 859/138/195 866/139/195 860/140/195
f 860/140/196 867/141/196 861/142/196
f 867/141/197 856/132/197 861/142/197
f 862/143/198 869/144/198 863/133/198
f 869/144/193 864/136/193 863/133/193
f 864/136/199 871/145/199 865/146/199
f 871/147/200 866/139/200 865/148/200
f 866/139/196 873/149/196 867/141/196
f 873/149/201 862/143/201 867/141/201
f 868/150/202 875/151/202 869/144/202
f 875/151/193 870/152/193 869/144/193
f 870/152/203 877/153/203 871/145/203
f 877/154/204 872/155/204 871/147/204
f 872/155/196 879/156/196 873/149/196
f 879/156/205 868/150/205 873/149/205
f 874/157/206 881/158/206 875/151/206
f 881/158/193 876/159/193 875/151/193
f 882/160/207 877/153/207 876/159/207
f 877/154/208 884/161/208 878/162/208
f 878/162/196 885/163/196 879/156/196
f 885/163/209 874/157/209 879/156/209
f 886/164/210 881/158/210 880/165/210
f 887/166/193 882/160/193 881/158/193
f 882/160/211 889/167/211 883/168/211
f 889/169/212 884/161/212 883/170/212
f 884/161/196 891/171/196 885/163/196
f 885/163/213 886/164/213 880/165/213
f 886/164/214 893/172/214 887/166/214
f 893/172/193 888/173/193 887/166/193
f 888/173/215 895/174/215 889/167/215
f 895/175/216 890/176/216 889/169/216
f 890/176/196 897/177/196 891/171/196
f 897/177/217 886/164/217 891/171/217
f 898/178/218 893/172/219 892/179/219
f 899/180/193 894/181/193 893/172/193
f 894/181/220 901/182/220 895/174/220
f 901/183/221 896/184/221 895/175/221
f 896/184/196 903/185/196 897/177/196
f 897/177/222 898/178/223 892/179/222
f 904/186/224 899/180/224 898/178/224
f 905/187/193 900/188/193 899/180/193
f 906/189/225 901/182/225 900/188/225
f 901/183/226 908/190/226 902/191/226
f 902/191/196 909/192/196 903/185/196
f 903/185/227 904/186/227 898/178/227
f 904/186/228 911/193/228 905/187/228
f 911/193/193 906/189/193 905/187/193
f 912/194/229 907/195/229 906/189/229
f 907/196/230 914/197/230 908/190/230
f 908/190/196 915/198/196 909/192/196
f 915/198/231 904/186/231 909/192/231
f 910/199/232 917/200/232 911/193/232
f 917/200/193 912/194/193 911/193/193
f 912/194/233 919/201/233 913/202/233
f 919/203/234 914/197/235 913/204/235
f 914/197/196 921/205/196 915/198/196
f 921/205/236 910/199/237 915/198/237
f 916/206/238 923/207/238 917/200/238
f 923/207/193 918/208/193 917/200/193
f 918/208/239 925/209/239 919/201/239
f 925/210/240 920/211/240 919/203/240
f 920/211/196 927/212/196 921/205/196
f 927/212/241 916/206/241 921/205/241
f 922/213/242 929/214/242 923/207/242
f 929/214/193 924/215/193 923/207/193
f 930/216/243 925/209/243 924/215/243
f 925/210/244 932/217/244 926/218/244
f 926/218/196 933/219/196 927/212/196
f 933/219/245 922/213/245 927/212/245
f 934/220/246 929/214/246 928/221/246
f 935/222/193 930/216/193 929/214/193
f 930/216/247 937/223/247 931/224/247
f 937/225/248 932/217/248 931/226/248
f 932/217/196 939/227/196 933/219/196
f 939/227/249 928/221/249 933/219/249
f 940/228/250 935/222/250 934/220/250
f 941/229/193 936/230/193 935/222/193
f 936/230/251 943/231/251 937/223/251
f 943/232/252 938/233/252 937/225/252
f 938/233/196 945/234/196 939/227/196
f 939/227/253 940/228/253 934/220/253
f 940/228/254 947/235/254 941/229/254
f 947/235/193 942/236/193 941/229/193
f 942/236/255 949/237/255 943/231/255
f 949/238/256 944/239/256 943/232/256
f 944/239/196 951/240/196 945/234/196
f 951/240/257 940/228/257 945/234/257
f 946/241/258 953/242/259 947/235/258
f 953/242/193 948/243/193 947/235/193
f 954/244/260 949/237/260 948/243/260
f 949/238/261 956/245/261 950/246/261
f 950/246/196 957/247/196 951/240/196
f 957/247/262 946/241/262 951/240/262
f 952/248/194 959/249/194 953/250/194
f 959/249/193 954/251/193 953/250/193
f 960/252/192 955/253/192 954/251/192
f 955/254/197 962/255/197 956/256/197
f 956/256/196 963/257/196 957/258/196
f 963/257/195 952/248/195 957/258/195
f 958/259/199 965/260/199 959/249/199
f 959/249/193 966/261/193 960/252/193
f 966/261/198 961/262/198 960/252/198
f 961/263/201 968/264/201 962/255/201
f 968/264/196 963/257/196 962/255/196
f 969/265/200 958/259/200 963/257/200
f 970/266/203 965/260/203 964/267/203
f 965/260/193 972/268/193 966/261/193
f 972/268/202 967/269/202 966/261/202
f 967/270/205 974/271/205 968/264/205
f 974/271/196 969/265/196 968/264/196
f 969/265/204 970/266/204 964/267/204
f 976/272/207 971/273/207 970/266/207
f 971/273/193 978/274/193 972/268/193
f 972/268/206 979/275/206 973/276/206
f 979/277/209 974/271/209 973/278/209
f 980/279/196 975/280/196 974/271/196
f 975/280/208 976/272/208 970/266/208
f 982/281/211 977/282/211 976/272/211
f 983/283/193 978/274/193 977/282/193
f 978/274/210 985/284/210 979/275/210
f 985/285/213 980/279/213 979/277/213
f 980/279/196 987/286/196 981/287/196
f 987/286/212 976/272/212 981/287/212
f 982/281/215 989/288/215 983/283/215
f 989/288/193 984/289/193 983/283/193
f 990/290/214 985/284/214 984/289/214
f 985/285/217 992/291/217 986/292/217
f 986/292/196 993/293/196 987/286/196
f 993/293/216 982/281/216 987/286/216
f 988/294/220 995/295/263 989/288/220
f 995/295/193 990/290/193 989/288/193
f 990/290/219 997/296/219 991/297/219
f 997/298/223 992/291/222 991/299/222
f 992/291/196 999/300/196 993/293/196
f 999/300/264 988/294/221 993/293/221
f 994/301/225 1001/302/225 995/295/225
f 1001/302/193 996/303/193 995/295/193
f 996/303/224 1003/304/224 997/296/224
f 1003/305/227 998/306/227 997/298/227
f 998/306/196 1005/307/196 999/300/196
f 1005/307/226 994/301/226 999/300/226
f 1000/308/229 1007/309/229 1001/302/229
f 1007/309/193 1002/310/193 1001/302/193
f 1002/310/228 1009/311/228 1003/304/228
f 1009/312/265 1004/313/265 1003/305/265
f 1004/313/196 1011/314/196 1005/307/196
f 1011/314/266 1000/308/266 1005/307/266
f 1006/315/233 1013/316/233 1007/309/233
f 1013/316/193 1008/317/193 1007/309/193
f 1008/317/232 1015/318/232 1009/311/232
f 1015/319/237 1010/320/237 1009/312/237
f 1010/320/196 1017/321/196 1011/314/196
f 1017/321/234 1006/315/234 1011/314/234
f 1012/322/239 1019/323/267 1013/316/239
f 1019/323/193 1014/324/193 1013/316/193
f 1014/324/238 1021/325/238 1015/318/238
f 1021/326/241 1016/327/241 1015/319/241
f 1016/327/196 1023/328/196 1017/321/196
f 1023/328/240 1012/322/240 1017/321/240
f 1018/329/243 1025/330/243 1019/323/243
f 1025/330/193 1020/331/193 1019/323/193
f 1020/331/242 1027/332/242 1021/325/242
f 1027/333/245 1022/334/245 1021/326/245
f 1022/334/196 1029/335/196 1023/328/196
f 1029/335/244 1018/329/244 1023/328/244
f 1030/336/247 1025/330/247 1024/337/247
f 1031/338/193 1026/339/193 1025/330/193
f 1026/339/246 1033/340/246 1027/332/246
f 1033/341/249 1028/342/249 1027/333/249
f 1028/342/196 1035/343/196 1029/335/196
f 1029/335/248 1030/336/248 1024/337/248
f 1036/344/251 1031/338/251 1030/336/251
f 1037/345/193 1032/346/193 1031/338/193
f 1032/346/250 1039/347/250 1033/340/250
f 1039/348/253 1034/349/253 1033/341/253
f 1034/349/196 1041/350/196 1035/343/196
f 1035/343/252 1036/344/252 1030/336/252
f 1036/344/255 1043/351/255 1037/345/255
f 1043/351/193 1038/352/193 1037/345/193
f 1038/352/254 1045/353/254 1039/347/254
f 1045/354/257 1040/355/257 1039/348/257
f 1040/355/196 1047/356/196 1041/350/196
f 1047/356/256 1036/344/256 1041/350/256
f 1042/357/268 857/134/260 1043/351/268
f 857/134/193 1044/358/193 1043/351/193
f 858/135/259 1045/353/259 1044/358/259
f 1045/354/262 860/140/262 1046/359/262
f 1046/359/196 861/142/196 1047/356/196
f 861/142/261 1042/357/261 1047/356/261
f 1048/132/269 1055/133/269 1049/134/269
f 1049/134/193 1056/136/193 1050/135/193
f 1050/135/270 1057/146/270 1051/137/270
f 1057/148/271 1052/140/271 1051/138/271
f 1058/139/196 1053/142/196 1052/140/196
f 1059/141/272 1048/132/272 1053/142/272
f 1054/143/273 1061/144/274 1055/133/273
f 1061/144/193 1056/136/193 1055/133/193
f 1056/136/275 1063/145/275 1057/146/275
f 1063/147/276 1058/139/276 1057/148/276
f 1058/139/196 1065/149/196 1059/141/196
f 1065/149/277 1054/143/277 1059/141/277
f 1060/150/278 1067/151/278 1061/144/278
f 1067/151/193 1062/152/193 1061/144/193
f 1062/152/279 1069/153/279 1063/145/279
f 1069/154/280 1064/155/280 1063/147/280
f 1064/155/196 1071/156/196 1065/149/196
f 1071/156/281 1060/150/281 1065/149/281
f 1066/157/282 1073/158/282 1067/151/282
f 1073/158/193 1068/159/193 1067/151/193
f 1068/159/283 1075/168/283 1069/153/283
f 1075/170/284 1070/162/284 1069/154/284
f 1070/162/196 1077/163/196 1071/156/196
f 1077/163/285 1066/157/285 1071/156/285
f 1072/165/286 1079/166/286 1073/158/286
f 1079/166/193 1074/160/193 1073/158/193
f 1074/160/287 1081/167/287 1075/168/287
f 1081/169/288 1076/161/288 1075/170/288
f 1076/161/196 1083/171/196 1077/163/196
f 1083/171/289 1072/165/289 1077/163/289
f 1078/164/290 1085/172/290 1079/166/290
f 1085/172/193 1080/173/193 1079/166/193
f 1080/173/291 1087/174/291 1081/167/291
f 1087/175/292 1082/176/292 1081/169/292
f 1082/176/196 1089/177/196 1083/171/196
f 1089/177/293 1078/164/293 1083/171/293
f 1084/179/294 1091/180/294 1085/172/294
f 1091/180/193 1086/181/193 1085/172/193
f 1086/181/295 1093/182/295 1087/174/295
f 1093/183/296 1088/184/296 1087/175/296
f 1088/184/196 1095/185/196 1089/177/196
f 1095/185/297 1084/179/297 1089/177/297
f 1090/178/298 1097/187/298 1091/180/298
f 1091/180/193 1098/189/193 1092/188/193
f 1098/189/299 1093/182/299 1092/188/299
f 1093/183/300 1100/190/300 1094/191/300
f 1100/190/196 1095/185/196 1094/191/196
f 1101/192/301 1090/178/301 1095/185/301
f 1096/186/302 1103/193/302 1097/187/303
f 1103/193/193 1098/189/193 1097/187/193
f 1098/189/304 1105/202/304 1099/195/304
f 1105/204/305 1100/190/305 1099/196/305
f 1100/190/196 1107/198/196 1101/192/196
f 1107/198/306 1096/186/307 1101/192/307
f 1102/199/308 1109/200/308 1103/193/308
f 1109/200/193 1104/194/193 1103/193/193
f 1104/194/309 1111/201/309 1105/202/309
f 1111/203/310 1106/197/310 1105/204/310
f 1106/197/196 1113/205/196 1107/198/196
f 1113/205/311 1102/199/311 1107/198/311
f 1114/213/312 1109/200/312 1108/206/312
f 1115/207/193 1110/208/193 1109/200/193
f 1110/208/313 1117/209/313 1111/201/313
f 1117/210/314 1112/211/314 1111/203/314
f 1112/211/196 1119/212/196 1113/205/196
f 1113/205/315 1114/213/315 1108/206/315
f 1120/221/316 1115/207/317 1114/213/317
f 1121/214/193 1116/215/193 1115/207/193
f 1116/215/318 1123/224/318 1117/209/318
f 1123/226/319 1118/218/319 1117/210/319
f 1118/218/196 1125/219/196 1119/212/196
f 1119/212/320 1120/221/320 1114/213/320
f 1126/220/321 1121/214/321 1120/221/321
f 1121/214/193 1128/230/193 1122/216/193
f 1128/230/322 1123/224/322 1122/216/322
f 1123/226/323 1130/233/323 1124/217/323
f 1130/233/196 1125/219/196 1124/217/196
f 1125/219/324 1126/220/324 1120/221/324
f 1126/220/325 1133/229/325 1127/222/325
f 1127/222/193 1134/236/193 1128/230/193
f 1128/230/326 1135/231/326 1129/223/326
f 1135/232/327 1130/233/327 1129/225/327
f 1136/239/196 1131/227/196 1130/233/196
f 1137/234/328 1126/220/328 1131/227/328
f 1132/228/329 1139/235/329 1133/229/329
f 1139/235/193 1134/236/193 1133/229/193
f 1134/236/330 1141/237/330 1135/231/330
f 1141/238/331 1136/239/331 1135/232/331
f 1136/239/196 1143/240/196 1137/234/196
f 1143/240/332 1132/228/332 1137/234/332
f 1138/241/333 1145/242/333 1139/235/333
f 1139/235/193 1146/244/193 1140/243/193
f 1146/244/334 1141/237/334 1140/243/334
f 1141/238/335 1148/245/335 1142/246/335
f 1148/245/196 1143/240/196 1142/246/196
f 1149/247/336 1138/241/337 1143/240/337
f 1144/248/270 1151/249/270 1145/250/270
f 1151/249/193 1146/251/193 1145/250/193
f 1146/251/269 1153/262/269 1147/253/269
f 1153/263/272 1148/256/272 1147/254/272
f 1148/256/196 1155/257/196 1149/258/196
f 1155/257/271 1144/248/271 1149/258/271
f 1150/259/338 1157/260/275 1151/249/338
f 1151/249/193 1158/261/193 1152/252/193
f 1152/252/274 1159/269/273 1153/262/274
f 1159/270/277 1154/255/277 1153/263/277
f 1160/264/196 1155/257/196 1154/255/196
f 1161/265/276 1150/259/276 1155/257/276
f 1156/267/279 1163/273/279 1157/260/279
f 1157/260/193 1164/268/193 1158/261/193
f 1164/268/278 1159/269/278 1158/261/278
f 1159/270/281 1166/271/281 1160/264/281
f 1166/271/196 1161/265/196 1160/264/196
f 1167/280/280 1156/267/280 1161/265/280
f 1162/266/283 1169/282/283 1163/273/283
f 1169/282/193 1164/268/193 1163/273/193
f 1170/274/282 1165/276/282 1164/268/282
f 1165/278/285 1172/279/285 1166/271/285
f 1166/271/196 1173/287/196 1167/280/196
f 1173/287/284 1162/266/284 1167/280/284
f 1174/281/287 1169/282/287 1168/272/287
f 1169/282/193 1176/289/193 1170/274/193
f 1176/289/286 1171/275/286 1170/274/286
f 1171/277/289 1178/292/289 1172/279/289
f 1178/292/196 1173/287/196 1172/279/196
f 1173/287/288 1174/281/288 1168/272/288
f 1174/281/291 1181/288/291 1175/283/291
f 1175/283/193 1182/290/193 1176/289/193
f 1176/289/290 1183/297/290 1177/284/290
f 1183/299/293 1178/292/293 1177/285/293
f 1184/291/196 1179/286/196 1178/292/196
f 1185/293/292 1174/281/292 1179/286/292
f 1180/294/295 1187/295/295 1181/288/295
f 1187/295/193 1182/290/193 1181/288/193
f 1182/290/294 1189/296/294 1183/297/294
f 1189/298/297 1184/291/297 1183/299/297
f 1184/291/196 1191/300/196 1185/293/196
f 1191/300/296 1180/294/296 1185/293/296
f 1186/301/299 1193/302/299 1187/295/299
f 1187/295/193 1194/310/193 1188/303/193
f 1194/310/298 1189/296/298 1188/303/298
f 1189/298/301 1196/313/301 1190/306/301
f 1196/313/196 1191/300/196 1190/306/196
f 1197/307/300 1186/301/300 1191/300/300
f 1198/315/304 1193/302/339 1192/308/339
f 1193/302/193 1200/317/193 1194/310/193
f 1200/317/303 1195/304/302 1194/310/302
f 1195/305/307 1202/320/307 1196/313/306
f 1202/320/196 1197/307/196 1196/313/196
f 1197/307/305 1198/315/305 1192/308/305
f 1204/322/309 1199/309/309 1198/315/309
f 1199/309/193 1206/324/193 1200/317/193
f 1200/317/308 1207/318/308 1201/311/308
f 1207/319/311 1202/320/311 1201/312/311
f 1208/327/196 1203/314/196 1202/320/196
f 1203/314/310 1204/322/310 1198/315/310
f 1210/329/313 1205/316/313 1204/322/313
f 1211/323/193 1206/324/193 1205/316/193
f 1206/324/312 1213/325/312 1207/318/312
f 1213/326/315 1208/327/315 1207/319/315
f 1208/327/196 1215/328/196 1209/321/196
f 1209/321/314 1210/329/314 1204/322/314
f 1216/337/340 1211/323/318 1210/329/318
f 1217/330/193 1212/331/193 1211/323/193
f 1218/339/317 1213/325/317 1212/331/317
f 1213/326/341 1220/342/320 1214/334/341
f 1220/342/196 1215/328/196 1214/334/196
f 1215/328/342 1216/337/342 1210/329/342
f 1222/336/322 1217/330/322 1216/337/322
f 1223/338/193 1218/339/193 1217/330/193
f 1218/339/321 1225/340/321 1219/332/321
f 1225/341/324 1220/342/324 1219/333/324
f 1220/342/196 1227/343/196 1221/335/196
f 1221/335/323 1222/336/323 1216/337/323
f 1222/336/326 1229/345/326 1223/338/326
f 1229/345/193 1224/346/193 1223/338/193
f 1224/346/325 1231/347/325 1225/340/325
f 1231/348/328 1226/349/328 1225/341/328
f 1226/349/196 1233/350/196 1227/343/196
f 1233/350/327 1222/336/327 1227/343/327
f 1228/344/330 1235/351/330 1229/345/330
f 1235/351/193 1230/352/193 1229/345/193
f 1230/352/329 1237/353/329 1231/347/329
f 1237/354/332 1232/355/332 1231/348/332
f 1232/355/196 1239/356/196 1233/350/196
f 1239/356/331 1228/344/331 1233/350/331
f 1048/132/334 1235/351/334 1234/357/334
f 1235/351/193 1050/135/193 1236/358/193
f 1236/358/333 1051/137/333 1237/353/333
f 1051/138/337 1238/359/337 1237/354/337
f 1052/140/196 1239/356/196 1238/359/196
f 1239/356/335 1048/132/335 1234/357/335
f 1240/132/343 1247/133/343 1241/134/343
f 1247/133/193 1242/135/193 1241/134/193
f 1248/136/344 1243/137/344 1242/135/344
f 1243/138/345 1250/139/345 1244/140/345
f 1250/139/196 1245/142/196 1244/140/196
f 1251/141/346 1240/132/346 1245/142/346
f 1252/150/347 1247/133/347 1246/143/347
f 1253/144/193 1248/136/193 1247/133/193
f 1248/136/348 1255/145/348 1249/146/348
f 1255/147/349 1250/139/349 1249/148/349
f 1250/139/196 1257/149/196 1251/141/196
f 1251/141/350 1252/150/350 1246/143/350
f 1252/150/351 1259/151/351 1253/144/351
f 1259/151/193 1254/152/193 1253/144/193
f 1260/159/352 1255/145/352 1254/152/352
f 1255/147/353 1262/162/353 1256/155/353
f 1256/155/196 1263/156/196 1257/149/196
f 1263/156/354 1252/150/354 1257/149/354
f 1258/157/355 1265/158/356 1259/151/355
f 1259/151/193 1266/160/193 1260/159/193
f 1266/160/357 1261/153/358 1260/159/358
f 1261/154/359 1268/161/360 1262/162/361
f 1268/161/196 1263/156/196 1262/162/196
f 1269/163/362 1258/157/362 1263/156/362
f 1264/165/363 1271/166/363 1265/158/363
f 1265/158/193 1272/173/193 1266/160/193
f 1272/173/364 1267/168/364 1266/160/364
f 1267/170/365 1274/176/365 1268/161/365
f 1274/176/196 1269/163/196 1268/161/196
f 1275/171/366 1264/165/366 1269/163/366
f 1270/164/367 1277/172/367 1271/166/367
f 1271/166/193 1278/181/193 1272/173/193
f 1278/181/368 1273/167/368 1272/173/368
f 1273/169/369 1280/184/369 1274/176/369
f 1280/184/196 1275/171/196 1274/176/196
f 1281/177/370 1270/164/370 1275/171/370
f 1276/179/371 1283/180/371 1277/172/371
f 1277/172/193 1284/188/193 1278/181/193
f 1284/188/372 1279/174/372 1278/181/372
f 1279/175/373 1286/191/373 1280/184/373
f 1286/191/196 1281/177/196 1280/184/196
f 1287/185/374 1276/179/374 1281/177/374
f 1282/178/375 1289/187/375 1283/180/375
f 1283/180/193 1290/189/193 1284/188/193
f 1290/189/376 1285/182/376 1284/188/376
f 1285/183/377 1292/190/377 1286/191/377
f 1292/190/196 1287/185/196 1286/191/196
f 1293/192/378 1282/178/378 1287/185/378
f 1288/186/379 1295/193/380 1289/187/379
f 1295/193/193 1290/189/193 1289/187/193
f 1290/189/381 1297/202/382 1291/195/381
f 1297/204/383 1292/190/383 1291/196/383
f 1292/190/196 1299/198/196 1293/192/196
f 1299/198/384 1288/186/385 1293/192/385
f 1294/199/386 1301/200/386 1295/193/386
f 1301/200/193 1296/194/193 1295/193/193
f 1296/194/387 1303/201/387 1297/202/387
f 1303/203/388 1298/197/388 1297/204/388
f 1298/197/196 1305/205/196 1299/198/196
f 1305/205/389 1294/199/390 1299/198/390
f 1306/213/391 1301/200/391 1300/206/391
f 1301/200/193 1308/215/193 1302/208/193
f 1302/208/392 1309/209/392 1303/201/392
f 1309/210/393 1304/211/393 1303/203/393
f 1310/218/196 1305/205/196 1304/211/196
f 1305/205/394 1306/213/395 1300/206/394
f 1312/221/396 1307/207/396 1306/213/396
f 1307/207/193 1314/216/193 1308/215/193
f 1314/216/397 1309/209/398 1308/215/398
f 1309/210/399 1316/217/399 1310/218/399
f 1316/217/196 1311/212/196 1310/218/196
f 1311/212/400 1312/221/400 1306/213/400
f 1312/221/401 1319/222/401 1313/214/401
f 1319/222/193 1314/216/193 1313/214/193
f 1320/230/402 1315/224/403 1314/216/403
f 1315/226/404 1322/233/404 1316/217/405
f 1316/217/196 1323/227/196 1317/219/196
f 1323/227/406 1312/221/406 1317/219/406
f 1318/220/407 1325/229/407 1319/222/407
f 1325/229/193 1320/230/193 1319/222/193
f 1320/230/408 1327/231/408 1321/223/408
f 1327/232/409 1322/233/409 1321/225/409
f 1322/233/196 1329/234/196 1323/227/196
f 1329/234/410 1318/220/410 1323/227/410
f 1324/228/411 1331/235/412 1325/229/411
f 1325/229/193 1332/243/193 1326/236/193
f 1326/236/413 1333/237/413 1327/231/413
f 1333/238/414 1328/239/414 1327/232/414
f 1334/246/196 1329/234/196 1328/239/196
f 1335/240/415 1324/228/415 1329/234/416
f 1330/241/417 1337/242/417 1331/235/417
f 1331/235/193 1338/244/193 1332/243/193
f 1332/243/418 1339/360/418 1333/237/418
f 1339/361/419 1334/246/419 1333/238/419
f 1340/245/196 1335/240/196 1334/246/196
f 1341/247/420 1330/241/420 1335/240/420
f 1336/248/344 1343/249/344 1337/250/344
f 1343/249/193 1338/251/193 1337/250/193
f 1338/251/343 1345/262/343 1339/253/343
f 1345/263/346 1340/256/346 1339/254/346
f 1340/256/196 1347/257/196 1341/258/196
f 1347/257/345 1336/248/345 1341/258/345
f 1348/267/348 1343/249/348 1342/259/348
f 1349/260/193 1344/252/193 1343/249/193
f 1344/252/347 1351/269/347 1345/262/347
f 1351/270/350 1346/255/350 1345/263/350
f 1352/264/196 1347/257/196 1346/255/196
f 1353/265/349 1342/259/349 1347/257/349
f 1348/267/352 1355/273/352 1349/260/352
f 1349/260/193 1356/268/193 1350/261/193
f 1356/268/351 1351/269/351 1350/261/351
f 1351/270/354 1358/271/354 1352/264/354
f 1358/271/196 1353/265/196 1352/264/196
f 1359/280/353 1348/267/353 1353/265/353
f 1354/266/357 1361/282/358 1355/273/357
f 1355/273/193 1362/274/193 1356/268/193
f 1362/274/356 1357/276/356 1356/268/356
f 1357/278/421 1364/279/362 1358/271/421
f 1364/279/196 1359/280/196 1358/271/196
f 1365/287/359 1354/266/359 1359/280/359
f 1360/272/364 1367/283/364 1361/282/364
f 1361/282/193 1368/289/193 1362/274/193
f 1362/274/363 1369/284/363 1363/275/363
f 1369/285/366 1364/279/366 1363/277/366
f 1370/292/196 1365/287/196 1364/279/196
f 1371/286/365 1360/272/365 1365/287/365
f 1366/281/368 1373/288/368 1367/283/368
f 1373/288/193 1368/289/193 1367/283/193
f 1368/289/367 1375/297/367 1369/284/367
f 1375/299/370 1370/292/370 1369/285/370
f 1370/292/196 1377/293/196 1371/286/196
f 1377/293/369 1366/281/369 1371/286/369
f 1372/294/372 1379/295/372 1373/288/372
f 1379/295/193 1374/290/193 1373/288/193
f 1374/290/371 1381/296/371 1375/297/371
f 1381/298/374 1376/291/374 1375/299/374
f 1376/291/196 1383/300/196 1377/293/196
f 1383/300/373 1372/294/373 1377/293/373
f 1378/301/376 1385/302/376 1379/295/376
f 1385/302/193 1380/303/193 1379/295/193
f 1386/310/375 1381/296/375 1380/303/375
f 1381/298/378 1388/313/378 1382/306/378
f 1382/306/196 1389/307/196 1383/300/196
f 1389/307/377 1378/301/377 1383/300/377
f 1384/308/381 1391/309/382 1385/302/381
f 1391/309/193 1386/310/193 1385/302/193
f 1386/310/379 1393/311/380 1387/304/379
f 1387/305/384 1394/320/384 1388/313/384
f 1388/313/196 1395/314/196 1389/307/196
f 1395/314/383 1384/308/422 1389/307/422
f 1390/315/387 1397/316/423 1391/309/387
f 1397/316/193 1392/317/193 1391/309/193
f 1392/317/386 1399/318/386 1393/311/386
f 1399/319/389 1394/320/390 1393/312/390
f 1394/320/196 1401/321/196 1395/314/196
f 1401/321/388 1390/315/388 1395/314/388
f 1402/329/424 1397/316/424 1396/322/424
f 1403/323/193 1398/324/193 1397/316/193
f 1398/324/425 1405/325/391 1399/318/425
f 1405/326/395 1400/327/394 1399/319/394
f 1400/327/196 1407/328/196 1401/321/196
f 1401/321/393 1402/329/426 1396/322/393
f 1408/337/398 1403/323/398 1402/329/398
f 1403/323/193 1410/339/193 1404/331/193
f 1410/339/396 1405/325/396 1404/331/396
f 1405/326/400 1412/342/400 1406/334/400
f 1412/342/196 1407/328/196 1406/334/196
f 1407/328/399 1408/337/399 1402/329/399
f 1414/336/402 1409/330/402 1408/337/402
f 1409/330/193 1416/346/193 1410/339/193
f 1410/339/401 1417/340/401 1411/332/401
f 1417/341/406 1412/342/406 1411/333/406
f 1418/349/196 1413/335/196 1412/342/196
f 1413/335/404 1414/336/404 1408/337/404
f 1420/344/408 1415/338/408 1414/336/408
f 1421/345/193 1416/346/193 1415/338/193
f 1416/346/407 1423/347/407 1417/340/407
f 1423/348/410 1418/349/410 1417/341/410
f 1418/349/196 1425/350/196 1419/343/196
f 1419/343/409 1420/344/409 1414/336/409
f 1426/357/413 1421/345/413 1420/344/413
f 1421/345/193 1428/358/193 1422/352/193
f 1422/352/427 1429/353/427 1423/347/427
f 1429/354/416 1424/355/416 1423/348/416
f 1430/359/196 1425/350/196 1424/355/196
f 1425/350/428 1426/357/428 1420/344/428
f 1426/357/418 1241/134/418 1427/351/418
f 1427/351/193 1242/135/193 1428/358/193
f 1242/135/417 1429/353/417 1428/358/417
f 1429/354/420 1244/140/420 1430/359/420
f 1244/140/196 1431/356/196 1430/359/196
f 1245/142/419 1426/357/419 1431/356/419
f 1438/143/429 1433/134/429 1432/132/429
f 1439/133/193 1434/135/193 1433/134/193
f 1440/136/430 1435/137/430 1434/135/430
f 1435/138/431 1442/139/431 1436/140/431
f 1436/140/196 1443/141/196 1437/142/196
f 1437/142/432 1438/143/432 1432/132/432
f 1444/150/433 1439/133/433 1438/143/433
f 1445/144/193 1440/136/193 1439/133/193
f 1446/152/434 1441/146/434 1440/136/434
f 1441/148/435 1448/155/435 1442/139/435
f 1442/139/196 1449/149/196 1443/141/196
f 1449/149/436 1438/143/436 1443/141/436
f 1444/150/437 1451/151/437 1445/144/437
f 1451/151/193 1446/152/193 1445/144/193
f 1446/152/438 1453/153/438 1447/145/438
f 1453/154/439 1448/155/439 1447/147/439
f 1448/155/196 1455/156/196 1449/149/196
f 1455/156/440 1444/150/440 1449/149/440
f 1450/157/441 1457/158/441 1451/151/441
f 1451/151/193 1458/160/193 1452/159/193
f 1458/160/442 1453/153/442 1452/159/442
f 1453/154/443 1460/161/443 1454/162/443
f 1460/161/196 1455/156/196 1454/162/196
f 1461/163/444 1450/157/444 1455/156/444
f 1456/165/445 1463/166/445 1457/158/445
f 1457/158/193 1464/173/193 1458/160/193
f 1458/160/446 1465/167/446 1459/168/446
f 1465/169/447 1460/161/447 1459/170/447
f 1466/176/196 1461/163/196 1460/161/196
f 1467/171/448 1456/165/448 1461/163/448
f 1462/164/449 1469/172/449 1463/166/449
f 1463/166/193 1470/181/193 1464/173/193
f 1470/181/450 1465/167/450 1464/173/450
f 1465/169/451 1472/184/451 1466/176/451
f 1472/184/196 1467/171/196 1466/176/196
f 1473/177/452 1462/164/452 1467/171/452
f 1468/179/453 1475/180/453 1469/172/453
f 1469/172/193 1476/188/193 1470/181/193
f 1476/188/454 1471/174/454 1470/181/454
f 1471/175/455 1478/191/455 1472/184/455
f 1478/191/196 1473/177/196 1472/184/196
f 1479/185/456 1468/179/456 1473/177/456
f 1474/178/457 1481/187/457 1475/180/457
f 1481/187/193 1476/188/193 1475/180/193
f 1476/188/458 1483/195/459 1477/182/458
f 1483/196/460 1478/191/460 1477/183/461
f 1478/191/196 1485/192/196 1479/185/196
f 1485/192/462 1474/178/462 1479/185/462
f 1480/186/463 1487/193/463 1481/187/463
f 1487/193/193 1482/189/193 1481/187/193
f 1482/189/464 1489/202/465 1483/195/464
f 1489/204/466 1484/190/466 1483/196/466
f 1484/190/196 1491/198/196 1485/192/196
f 1491/198/467 1480/186/467 1485/192/467
f 1492/206/468 1487/193/468 1486/199/468
f 1493/200/193 1488/194/193 1487/193/193
f 1494/208/469 1489/202/469 1488/194/469
f 1489/204/470 1496/211/470 1490/197/470
f 1490/197/196 1497/205/196 1491/198/196
f 1491/198/471 1492/206/471 1486/199/471
f 1498/213/472 1493/200/472 1492/206/472
f 1493/200/193 1500/215/193 1494/208/193
f 1494/208/473 1501/209/474 1495/201/473
f 1501/210/475 1496/211/475 1495/203/475
f 1502/218/196 1497/205/196 1496/211/196
f 1497/205/476 1498/213/476 1492/206/476
f 1498/213/477 1505/214/477 1499/207/477
f 1499/207/193 1506/216/193 1500/215/193
f 1500/215/478 1507/224/478 1501/209/478
f 1507/226/479 1502/218/479 1501/210/479
f 1508/217/196 1503/212/196 1502/218/196
f 1509/219/480 1498/213/480 1503/212/480
f 1504/221/481 1511/222/481 1505/214/481
f 1511/222/193 1506/216/193 1505/214/193
f 1506/216/482 1513/223/482 1507/224/482
f 1513/225/483 1508/217/484 1507/226/484
f 1508/217/196 1515/227/196 1509/219/196
f 1515/227/485 1504/221/485 1509/219/485
f 1516/228/486 1511/222/486 1510/220/486
f 1517/229/193 1512/230/193 1511/222/193
f 1518/236/487 1513/223/487 1512/230/487
f 1513/225/488 1520/239/488 1514/233/488
f 1514/233/196 1521/234/196 1515/227/196
f 1515/227/489 1516/228/489 1510/220/489
f 1522/241/490 1517/229/490 1516/228/490
f 1517/229/193 1524/243/193 1518/236/193
f 1524/243/491 1519/231/491 1518/236/491
f 1519/232/492 1526/246/492 1520/239/492
f 1526/246/196 1521/234/196 1520/239/196
f 1521/234/493 1522/241/493 1516/228/493
f 1528/362/494 1523/235/494 1522/241/494
f 1523/235/193 1530/244/193 1524/243/193
f 1530/244/495 1525/237/496 1524/243/496
f 1525/238/497 1532/245/498 1526/246/497
f 1532/245/196 1527/240/196 1526/246/196
f 1527/240/499 1528/362/499 1522/241/499
f 1534/259/430 1529/250/430 1528/248/430
f 1535/249/193 1530/251/193 1529/250/193
f 1530/251/500 1537/262/429 1531/253/500
f 1537/263/432 1532/256/501 1531/254/501
f 1532/256/196 1539/257/196 1533/258/196
f 1533/258/431 1534/259/431 1528/248/431
f 1540/267/434 1535/249/434 1534/259/434
f 1535/249/193 1542/261/193 1536/252/193
f 1536/252/433 1543/269/433 1537/262/433
f 1543/270/436 1538/255/436 1537/263/436
f 1544/264/196 1539/257/196 1538/255/196
f 1539/257/435 1540/267/435 1534/259/435
f 1546/266/438 1541/260/438 1540/267/438
f 1547/273/193 1542/261/193 1541/260/193
f 1548/268/437 1543/269/437 1542/261/437
f 1543/270/440 1550/271/440 1544/264/440
f 1544/264/196 1551/280/196 1545/265/196
f 1545/265/439 1546/266/439 1540/267/439
f 1546/266/442 1553/282/442 1547/273/442
f 1547/273/193 1554/274/193 1548/268/193
f 1554/274/441 1549/276/441 1548/268/441
f 1549/278/444 1556/279/444 1550/271/444
f 1556/279/196 1551/280/196 1550/271/196
f 1557/287/443 1546/266/443 1551/280/443
f 1552/272/446 1559/283/446 1553/282/446
f 1553/282/193 1560/289/193 1554/274/193
f 1554/274/445 1561/284/445 1555/275/445
f 1561/285/448 1556/279/448 1555/277/448
f 1562/292/196 1557/287/196 1556/279/196
f 1563/286/447 1552/272/447 1557/287/447
f 1564/294/450 1559/283/450 1558/281/450
f 1565/288/193 1560/289/193 1559/283/193
f 1566/290/449 1561/284/449 1560/289/449
f 1561/285/452 1568/291/452 1562/292/452
f 1562/292/196 1569/293/196 1563/286/196
f 1563/286/451 1564/294/451 1558/281/451
f 1570/301/454 1565/288/454 1564/294/454
f 1565/288/193 1572/303/193 1566/290/193
f 1572/303/453 1567/297/453 1566/290/453
f 1567/299/456 1574/306/456 1568/291/456
f 1574/306/196 1569/293/196 1568/291/196
f 1569/293/455 1570/301/455 1564/294/455
f 1576/308/458 1571/295/458 1570/301/458
f 1571/295/193 1578/310/193 1572/303/193
f 1578/310/457 1573/296/457 1572/303/457
f 1573/298/462 1580/313/462 1574/306/462
f 1580/313/196 1575/300/196 1574/306/196
f 1575/300/461 1576/308/461 1570/301/461
f 1582/315/465 1577/302/465 1576/308/465
f 1583/309/193 1578/310/193 1577/302/193
f 1584/317/463 1579/304/463 1578/310/502
f 1579/305/503 1586/320/467 1580/313/503
f 1580/313/196 1587/314/196 1581/307/196
f 1581/307/504 1582/315/466 1576/308/504
f 1588/322/469 1583/309/469 1582/315/469
f 1589/316/193 1584/317/193 1583/309/193
f 1584/317/468 1591/318/468 1585/311/468
f 1591/319/505 1586/320/471 1585/312/471
f 1586/320/196 1593/321/196 1587/314/196
f 1593/321/470 1582/315/470 1587/314/470
f 1588/322/473 1595/323/474 1589/316/473
f 1589/316/193 1596/331/193 1590/324/193
f 1596/331/472 1591/318/472 1590/324/472
f 1591/319/476 1598/334/476 1592/327/506
f 1598/334/196 1593/321/196 1592/327/196
f 1599/328/475 1588/322/475 1593/321/475
f 1594/329/478 1601/330/478 1595/323/478
f 1601/330/193 1596/331/193 1595/323/193
f 1602/339/477 1597/325/477 1596/331/477
f 1597/326/480 1604/342/480 1598/334/480
f 1598/334/196 1605/335/196 1599/328/196
f 1605/335/479 1594/329/479 1599/328/479
f 1606/336/482 1601/330/507 1600/337/507
f 1601/330/193 1608/346/193 1602/339/193
f 1602/339/508 1609/340/508 1603/332/508
f 1609/341/509 1604/342/509 1603/333/509
f 1610/349/196 1605/335/196 1604/342/196
f 1605/335/484 1606/336/484 1600/337/484
f 1612/344/510 1607/338/510 1606/336/510
f 1607/338/193 1614/352/193 1608/346/193
f 1608/346/486 1615/347/486 1609/340/486
f 1615/348/489 1610/349/489 1609/341/489
f 1616/355/196 1611/343/196 1610/349/196
f 1611/343/511 1612/344/511 1606/336/511
f 1612/344/491 1619/351/491 1613/345/491
f 1613/345/193 1620/358/193 1614/352/193
f 1614/352/490 1621/353/490 1615/347/490
f 1621/354/493 1616/355/493 1615/348/493
f 1622/359/196 1617/350/196 1616/355/196
f 1623/356/492 1612/344/492 1617/350/492
f 1618/357/496 1433/134/496 1619/351/496
f 1619/351/193 1434/135/193 1620/358/193
f 1434/135/494 1621/353/494 1620/358/494
f 1621/354/499 1436/140/499 1622/359/499
f 1436/140/196 1623/356/196 1622/359/196
f 1437/142/497 1618/357/497 1623/356/497
f 1624/132/512 1631/133/512 1625/134/512
f 1625/134/193 1632/136/193 1626/135/193
f 1632/136/513 1627/137/513 1626/135/513
f 1627/138/514 1634/139/514 1628/140/514
f 1634/139/196 1629/142/196 1628/140/196
f 1635/141/515 1624/132/515 1629/142/515
f 1636/150/516 1631/133/516 1630/143/516
f 1637/144/193 1632/136/193 1631/133/193
f 1638/152/517 1633/146/517 1632/136/517
f 1633/148/518 1640/155/518 1634/139/518
f 1634/139/196 1641/149/196 1635/141/196
f 1641/149/519 1630/143/519 1635/141/519
f 1636/150/520 1643/151/521 1637/144/520
f 1643/151/193 1638/152/193 1637/144/193
f 1644/159/522 1639/145/522 1638/152/522
f 1639/147/523 1646/162/523 1640/155/523
f 1640/155/196 1647/156/196 1641/149/196
f 1647/156/524 1636/150/524 1641/149/524
f 1642/157/525 1649/158/525 1643/151/525
f 1643/151/193 1650/160/193 1644/159/193
f 1650/160/526 1645/153/526 1644/159/526
f 1645/154/527 1652/161/527 1646/162/527
f 1652/161/196 1647/156/196 1646/162/196
f 1653/163/528 1642/157/528 1647/156/528
f 1654/164/529 1649/158/529 1648/165/529
f 1649/158/193 1656/173/193 1650/160/193
f 1656/173/530 1651/168/530 1650/160/530
f 1651/170/531 1658/176/531 1652/161/531
f 1658/176/196 1653/163/196 1652/161/196
f 1653/163/532 1654/164/532 1648/165/532
f 1654/164/533 1661/172/533 1655/166/533
f 1655/166/193 1662/181/193 1656/173/193
f 1656/173/534 1663/174/534 1657/167/534
f 1663/175/535 1658/176/535 1657/169/535
f 1664/184/196 1659/171/196 1658/176/196
f 1665/177/536 1654/164/537 1659/171/537
f 1666/178/538 1661/172/538 1660/179/538
f 1661/172/193 1668/188/193 1662/181/193
f 1668/188/539 1663/174/539 1662/181/539
f 1663/175/540 1670/191/540 1664/184/540
f 1670/191/196 1665/177/196 1664/184/196
f 1665/177/541 1666/178/541 1660/179/541
f 1672/186/542 1667/180/542 1666/178/542
f 1667/180/193 1674/189/193 1668/188/193
f 1668/188/543 1675/195/543 1669/182/543
f 1675/196/544 1670/191/544 1669/183/544
f 1676/190/196 1671/185/196 1670/191/196
f 1671/185/545 1672/186/545 1666/178/545
f 1678/199/546 1673/187/547 1672/186/547
f 1673/187/193 1680/194/193 1674/189/193
f 1674/189/548 1681/202/548 1675/195/548
f 1681/204/549 1676/190/549 1675/196/549
f 1682/197/196 1677/192/196 1676/190/196
f 1677/192/550 1678/199/550 1672/186/550
f 1684/206/551 1679/193/552 1678/199/552
f 1679/193/193 1686/208/193 1680/194/193
f 1680/194/553 1687/201/553 1681/202/553
f 1687/203/554 1682/197/554 1681/204/554
f 1688/211/196 1683/198/196 1682/197/196
f 1683/198/555 1684/206/555 1678/199/555
f 1684/206/556 1691/207/556 1685/200/556
f 1691/207/193 1686/208/193 1685/200/193
f 1686/208/557 1693/209/557 1687/201/557
f 1693/210/558 1688/211/558 1687/203/558
f 1694/218/196 1689/205/196 1688/211/196
f 1695/212/559 1684/206/559 1689/205/559
f 1690/213/560 1697/214/560 1691/207/560
f 1697/214/193 1692/215/193 1691/207/193
f 1692/215/561 1699/224/561 1693/209/561
f 1699/226/562 1694/218/563 1693/210/563
f 1694/218/196 1701/219/196 1695/212/196
f 1701/219/564 1690/213/564 1695/212/564
f 1702/220/565 1697/214/565 1696/221/565
f 1703/222/193 1698/216/193 1697/214/193
f 1698/216/566 1705/223/566 1699/224/566
f 1705/225/567 1700/217/567 1699/226/567
f 1700/217/196 1707/227/196 1701/219/196
f 1701/219/568 1702/220/568 1696/221/568
f 1708/228/569 1703/222/570 1702/220/570
f 1703/222/193 1710/236/193 1704/230/193
f 1704/230/571 1711/231/571 1705/223/571
f 1711/232/572 1706/233/573 1705/225/573
f 1712/239/196 1707/227/196 1706/233/196
f 1707/227/574 1708/228/574 1702/220/574
f 1714/241/575 1709/229/575 1708/228/575
f 1715/235/193 1710/236/193 1709/229/193
f 1716/243/576 1711/231/577 1710/236/577
f 1711/232/578 1718/246/579 1712/239/578
f 1718/246/196 1713/234/196 1712/239/196
f 1719/240/580 1708/228/580 1713/234/580
f 1714/241/581 1721/242/581 1715/235/581
f 1721/242/193 1716/243/193 1715/235/193
f 1716/243/582 1723/360/582 1717/237/582
f 1723/361/583 1718/246/583 1717/238/583
f 1718/246/196 1725/247/196 1719/240/196
f 1725/247/584 1714/241/584 1719/240/584
f 1720/248/513 1727/249/513 1721/250/513
f 1727/249/193 1722/251/193 1721/250/193
f 1722/251/512 1729/262/512 1723/253/512
f 1729/263/515 1724/256/515 1723/254/585
f 1724/256/196 1731/257/196 1725/258/196
f 1731/257/514 1720/248/514 1725/258/586
f 1732/267/517 1727/249/517 1726/259/517
f 1727/249/193 1734/261/193 1728/252/193
f 1728/252/516 1735/269/516 1729/262/516
f 1735/270/519 1730/255/519 1729/263/519
f 1736/264/196 1731/257/196 1730/255/196
f 1737/265/518 1726/259/518 1731/257/518
f 1738/266/522 1733/260/522 1732/267/522
f 1733/260/193 1740/268/193 1734/261/193
f 1734/261/521 1741/276/520 1735/269/521
f 1741/278/524 1736/264/524 1735/270/524
f 1742/271/196 1737/265/196 1736/264/196
f 1737/265/523 1738/266/523 1732/267/523
f 1738/266/526 1745/282/526 1739/273/526
f 1745/282/193 1740/268/193 1739/273/193
f 1740/268/525 1747/275/525 1741/276/525
f 1747/277/528 1742/271/528 1741/278/528
f 1742/271/196 1749/287/196 1743/280/196
f 1749/287/527 1738/266/527 1743/280/527
f 1750/281/587 1745/282/587 1744/272/587
f 1745/282/193 1752/289/193 1746/274/193
f 1752/289/529 1747/275/529 1746/274/529
f 1747/277/532 1754/292/532 1748/279/532
f 1754/292/196 1749/287/196 1748/279/196
f 1749/287/588 1750/281/588 1744/272/588
f 1756/294/534 1751/283/534 1750/281/534
f 1751/283/193 1758/290/193 1752/289/193
f 1758/290/589 1753/284/589 1752/289/589
f 1753/285/536 1760/291/536 1754/292/536
f 1760/291/196 1755/286/196 1754/292/196
f 1755/286/535 1756/294/535 1750/281/535
f 1756/294/539 1763/295/539 1757/288/539
f 1763/295/193 1758/290/193 1757/288/193
f 1764/303/538 1759/297/538 1758/290/538
f 1759/299/541 1766/306/541 1760/291/541
f 1766/306/196 1761/293/196 1760/291/196
f 1767/300/540 1756/294/540 1761/293/540
f 1762/301/543 1769/302/543 1763/295/543
f 1769/302/193 1764/303/193 1763/295/193
f 1764/303/542 1771/304/542 1765/296/542
f 1771/305/545 1766/306/545 1765/298/545
f 1766/306/196 1773/307/196 1767/300/196
f 1773/307/544 1762/301/544 1767/300/544
f 1768/308/548 1775/309/590 1769/302/548
f 1775/309/193 1770/310/193 1769/302/193
f 1770/310/547 1777/311/547 1771/304/547
f 1777/312/550 1772/313/550 1771/305/550
f 1772/313/196 1779/314/196 1773/307/196
f 1779/314/549 1768/308/549 1773/307/549
f 1780/322/553 1775/309/591 1774/315/591
f 1775/309/193 1782/324/193 1776/317/193
f 1782/324/552 1777/311/552 1776/317/552
f 1777/312/555 1784/327/555 1778/320/555
f 1784/327/196 1779/314/196 1778/320/196
f 1779/314/592 1780/322/592 1774/315/592
f 1786/329/557 1781/316/557 1780/322/557
f 1781/316/193 1788/331/193 1782/324/193
f 1782/324/593 1789/325/593 1783/318/556
f 1789/326/559 1784/327/559 1783/319/559
f 1790/334/196 1785/321/196 1784/327/196
f 1785/321/558 1786/329/558 1780/322/558
f 1786/329/561 1793/330/561 1787/323/561
f 1793/330/193 1788/331/193 1787/323/193
f 1788/331/560 1795/332/560 1789/325/560
f 1795/333/564 1790/334/564 1789/326/564
f 1790/334/196 1797/335/196 1791/328/196
f 1797/335/562 1786/329/562 1791/328/562
f 1798/336/566 1793/330/566 1792/337/566
f 1799/338/193 1794/339/193 1793/330/193
f 1794/339/565 1801/340/565 1795/332/565
f 1801/341/568 1796/342/568 1795/333/568
f 1796/342/196 1803/343/196 1797/335/196
f 1797/335/567 1798/336/567 1792/337/567
f 1804/344/571 1799/338/594 1798/336/594
f 1799/338/193 1806/352/193 1800/346/193
f 1800/346/570 1807/347/569 1801/340/570
f 1807/348/574 1802/349/574 1801/341/574
f 1808/355/196 1803/343/196 1802/349/196
f 1803/343/573 1804/344/572 1798/336/573
f 1810/357/595 1805/345/595 1804/344/595
f 1805/345/193 1812/358/193 1806/352/193
f 1812/358/575 1807/347/575 1806/352/575
f 1807/348/580 1814/359/580 1808/355/580
f 1814/359/196 1809/350/196 1808/355/196
f 1809/350/579 1810/357/579 1804/344/579
f 1624/132/582 1811/351/582 1810/357/582
f 1811/351/193 1626/135/193 1812/358/193
f 1626/135/581 1813/353/581 1812/358/581
f 1813/354/584 1628/140/584 1814/359/584
f 1628/140/196 1815/356/196 1814/359/196
f 1815/356/583 1624/132/583 1810/357/583
f 1822/143/596 1817/134/596 1816/132/596
f 1817/134/193 1824/136/193 1818/135/193
f 1818/135/597 1825/146/597 1819/137/597
f 1825/148/598 1820/140/598 1819/138/598
f 1826/139/196 1821/142/196 1820/140/196
f 1821/142/599 1822/143/599 1816/132/599
f 1822/143/600 1829/144/600 1823/133/600
f 1823/133/193 1830/152/193 1824/136/193
f 1830/152/601 1825/146/601 1824/136/601
f 1825/148/602 1832/155/602 1826/139/602
f 1832/155/196 1827/141/196 1826/139/196
f 1833/149/603 1822/143/603 1827/141/604
f 1828/150/605 1835/151/605 1829/144/605
f 1835/151/193 1830/152/193 1829/144/193
f 1836/159/606 1831/145/606 1830/152/606
f 1831/147/607 1838/162/607 1832/155/607
f 1832/155/196 1839/156/196 1833/149/196
f 1839/156/608 1828/150/608 1833/149/608
f 1834/157/609 1841/158/609 1835/151/609
f 1841/158/193 1836/159/193 1835/151/193
f 1842/160/610 1837/153/610 1836/159/610
f 1837/154/611 1844/161/611 1838/162/611
f 1838/162/196 1845/163/196 1839/156/196
f 1845/163/612 1834/157/612 1839/156/612
f 1846/164/613 1841/158/613 1840/165/613
f 1841/158/193 1848/173/193 1842/160/193
f 1848/173/614 1843/168/614 1842/160/614
f 1843/170/615 1850/176/615 1844/161/615
f 1850/176/196 1845/163/196 1844/161/196
f 1845/163/616 1846/164/617 1840/165/616
f 1852/179/618 1847/166/618 1846/164/618
f 1853/172/193 1848/173/193 1847/166/193
f 1848/173/619 1855/174/619 1849/167/619
f 1855/175/620 1850/176/620 1849/169/620
f 1850/176/196 1857/177/196 1851/171/196
f 1851/171/621 1852/179/621 1846/164/621
f 1852/179/622 1859/180/622 1853/172/622
f 1859/180/193 1854/181/193 1853/172/193
f 1854/181/623 1861/182/623 1855/174/623
f 1861/183/624 1856/184/624 1855/175/624
f 1856/184/196 1863/185/196 1857/177/196
f 1863/185/625 1852/179/625 1857/177/625
f 1858/178/626 1865/187/626 1859/180/626
f 1865/187/193 1860/188/193 1859/180/193
f 1866/189/627 1861/182/627 1860/188/627
f 1861/183/628 1868/190/628 1862/191/628
f 1862/191/196 1869/192/196 1863/185/196
f 1869/192/629 1858/178/629 1863/185/629
f 1864/186/630 1871/193/630 1865/187/630
f 1871/193/193 1866/189/193 1865/187/193
f 1872/194/631 1867/195/631 1866/189/632
f 1867/196/633 1874/197/633 1868/190/633
f 1868/190/196 1875/198/196 1869/192/196
f 1875/198/634 1864/186/634 1869/192/634
f 1870/199/635 1877/200/635 1871/193/635
f 1871/193/193 1878/208/193 1872/194/193
f 1878/208/636 1873/202/636 1872/194/636
f 1873/204/637 1880/211/637 1874/197/638
f 1880/211/196 1875/198/196 1874/197/196
f 1881/205/639 1870/199/639 1875/198/639
f 1876/206/640 1883/207/640 1877/200/640
f 1883/207/193 1878/208/193 1877/200/193
f 1878/208/641 1885/209/641 1879/201/641
f 1885/210/642 1880/211/642 1879/203/642
f 1880/211/196 1887/212/196 1881/205/196
f 1887/212/643 1876/206/643 1881/205/643
f 1882/213/644 1889/214/644 1883/207/644
f 1889/214/193 1884/215/193 1883/207/193
f 1884/215/645 1891/224/645 1885/209/645
f 1891/226/646 1886/218/646 1885/210/646
f 1886/218/196 1893/219/196 1887/212/196
f 1893/219/647 1882/213/647 1887/212/647
f 1894/220/648 1889/214/648 1888/221/648
f 1889/214/193 1896/230/193 1890/216/193
f 1896/230/649 1891/224/649 1890/216/649
f 1891/226/650 1898/233/650 1892/217/650
f 1898/233/196 1893/219/196 1892/217/196
f 1893/219/651 1894/220/652 1888/221/651
f 1900/228/653 1895/222/653 1894/220/654
f 1895/222/193 1902/236/193 1896/230/193
f 1902/236/655 1897/223/655 1896/230/656
f 1897/225/657 1904/239/657 1898/233/657
f 1904/239/196 1899/227/196 1898/233/196
f 1899/227/658 1900/228/658 1894/220/658
f 1900/228/659 1907/235/659 1901/229/659
f 1901/229/193 1908/243/193 1902/236/193
f 1902/236/660 1909/237/660 1903/231/660
f 1909/238/661 1904/239/661 1903/232/661
f 1910/246/196 1905/234/196 1904/239/196
f 1911/240/662 1900/228/662 1905/234/662
f 1912/362/663 1907/235/663 1906/241/663
f 1907/235/193 1914/244/193 1908/243/193
f 1908/243/664 1915/360/664 1909/237/664
f 1915/361/665 1910/246/665 1909/238/665
f 1916/245/196 1911/240/196 1910/246/196
f 1911/240/666 1912/362/666 1906/241/666
f 1918/259/597 1913/250/597 1912/248/597
f 1919/249/193 1914/251/193 1913/250/193
f 1914/251/596 1921/262/596 1915/253/596
f 1921/263/599 1916/256/599 1915/254/599
f 1916/256/196 1923/257/196 1917/258/196
f 1917/258/598 1918/259/598 1912/248/598
f 1924/267/601 1919/249/601 1918/259/601
f 1925/260/193 1920/252/193 1919/249/193
f 1920/252/600 1927/269/600 1921/262/600
f 1927/270/603 1922/255/603 1921/263/603
f 1922/255/196 1929/265/196 1923/257/196
f 1923/257/602 1924/267/602 1918/259/602
f 1930/266/606 1925/260/606 1924/267/606
f 1931/273/193 1926/261/193 1925/260/193
f 1926/261/605 1933/276/605 1927/269/605
f 1933/278/608 1928/264/608 1927/270/608
f 1928/264/196 1935/280/196 1929/265/196
f 1929/265/607 1930/266/607 1924/267/607
f 1936/272/610 1931/273/610 1930/266/610
f 1937/282/193 1932/268/193 1931/273/193
f 1932/268/609 1939/275/609 1933/276/609
f 1933/278/612 1940/279/612 1934/271/612
f 1940/279/196 1935/280/196 1934/271/196
f 1935/280/611 1936/272/611 1930/266/611
f 1942/281/614 1937/282/614 1936/272/614
f 1943/283/193 1938/274/193 1937/282/193
f 1938/274/613 1945/284/613 1939/275/613
f 1939/277/616 1946/292/616 1940/279/616
f 1946/292/196 1941/287/196 1940/279/196
f 1941/287/615 1942/281/615 1936/272/615
f 1948/294/619 1943/283/619 1942/281/619
f 1943/283/193 1950/290/193 1944/289/193
f 1950/290/618 1945/284/618 1944/289/618
f 1945/285/621 1952/291/621 1946/292/621
f 1952/291/196 1947/286/196 1946/292/196
f 1947/286/620 1948/294/620 1942/281/620
f 1954/301/623 1949/288/623 1948/294/623
f 1949/288/193 1956/303/193 1950/290/193
f 1950/290/622 1957/296/622 1951/297/622
f 1957/298/625 1952/291/625 1951/299/625
f 1958/306/196 1953/293/196 1952/291/196
f 1953/293/624 1954/301/624 1948/294/624
f 1954/301/627 1961/302/627 1955/295/627
f 1955/295/193 1962/310/193 1956/303/193
f 1956/303/626 1963/304/626 1957/296/626
f 1963/305/629 1958/306/629 1957/298/629
f 1964/313/196 1959/300/196 1958/306/196
f 1965/307/628 1954/301/628 1959/300/628
f 1960/308/631 1967/309/632 1961/302/631
f 1967/309/193 1962/310/193 1961/302/193
f 1962/310/630 1969/311/630 1963/304/630
f 1969/312/634 1964/313/634 1963/305/634
f 1964/313/196 1971/314/196 1965/307/196
f 1971/314/667 1960/308/633 1965/307/633
f 1972/322/636 1967/309/636 1966/315/636
f 1973/316/193 1968/317/193 1967/309/193
f 1968/317/635 1975/318/635 1969/311/635
f 1975/319/639 1970/320/639 1969/312/639
f 1970/320/196 1977/321/196 1971/314/196
f 1971/314/637 1972/322/637 1966/315/637
f 1978/329/641 1973/316/641 1972/322/641
f 1973/316/193 1980/331/193 1974/324/193
f 1974/324/640 1981/325/640 1975/318/640
f 1981/326/643 1976/327/643 1975/319/643
f 1982/334/196 1977/321/196 1976/327/196
f 1977/321/642 1978/329/642 1972/322/642
f 1984/337/645 1979/323/645 1978/329/645
f 1979/323/193 1986/339/193 1980/331/193
f 1980/331/644 1987/332/644 1981/325/644
f 1987/333/647 1982/334/647 1981/326/647
f 1988/342/196 1983/328/196 1982/334/196
f 1983/328/646 1984/337/646 1978/329/646
f 1990/336/649 1985/330/649 1984/337/649
f 1985/330/193 1992/346/193 1986/339/193
f 1992/346/648 1987/332/648 1986/339/648
f 1987/333/651 1994/349/651 1988/342/651
f 1994/349/196 1989/335/196 1988/342/196
f 1989/335/650 1990/336/650 1984/337/650
f 1996/344/655 1991/338/655 1990/336/655
f 1991/338/193 1998/352/193 1992/346/193
f 1998/352/668 1993/340/668 1992/346/668
f 1993/341/669 2000/355/670 1994/349/669
f 2000/355/196 1995/343/196 1994/349/196
f 1995/343/657 1996/344/657 1990/336/657
f 2002/357/660 1997/345/660 1996/344/660
f 1997/345/193 2004/358/193 1998/352/193
f 2004/358/659 1999/347/659 1998/352/659
f 1999/348/662 2006/359/662 2000/355/662
f 2006/359/196 2001/350/196 2000/355/196
f 2001/350/661 2002/357/661 1996/344/661
f 2002/357/664 1817/134/664 2003/351/664
f 2003/351/193 1818/135/193 2004/358/193
f 2004/358/663 1819/137/663 2005/353/663
f 1819/138/666 2006/359/666 2005/354/666
f 1820/140/196 2007/356/196 2006/359/196
f 1821/142/665 2002/357/665 2007/356/665
f 856/132/192 862/143/192 863/133/192
f 863/133/193 864/136/193 858/135/193
f 864/136/194 865/146/194 859/137/194
f 859/138/195 865/148/195 866/139/195
f 860/140/196 866/139/196 867/141/196
f 867/141/197 862/143/197 856/132/197
f 862/143/198 868/150/198 869/144/198
f 869/144/193 870/152/193 864/136/193
f 864/136/199 870/152/199 871/145/199
f 871/147/200 872/155/200 866/139/200
f 866/139/196 872/155/196 873/149/196
f 873/149/201 868/150/201 862/143/201
f 868/150/202 874/157/202 875/151/202
f 875/151/193 876/159/193 870/152/193
f 870/152/203 876/159/203 877/153/203
f 877/154/204 878/162/204 872/155/204
f 872/155/196 878/162/196 879/156/196
f 879/156/205 874/157/205 868/150/205
f 874/157/206 880/165/206 881/158/206
f 881/158/193 882/160/193 876/159/193
f 882/160/207 883/168/207 877/153/207
f 877/154/208 883/170/208 884/161/208
f 878/162/196 884/161/196 885/163/196
f 885/163/209 880/165/209 874/157/209
f 886/164/210 887/166/210 881/158/210
f 887/166/193 888/173/193 882/160/193
f 882/160/211 888/173/211 889/167/211
f 889/169/212 890/176/212 884/161/212
f 884/161/196 890/176/196 891/171/196
f 885/163/213 891/171/213 886/164/213
f 886/164/214 892/179/214 893/172/214
f 893/172/193 894/181/193 888/173/193
f 888/173/215 894/181/215 895/174/215
f 895/175/216 896/184/216 890/176/216
f 890/176/196 896/184/196 897/177/196
f 897/177/217 892/179/217 886/164/217
f 898/178/218 899/180/218 893/172/219
f 899/180/193 900/188/193 894/181/193
f 894/181/220 900/188/220 901/182/220
f 901/183/221 902/191/221 896/184/221
f 896/184/196 902/191/196 903/185/196
f 897/177/222 903/185/223 898/178/223
f 904/186/224 905/187/224 899/180/224
f 905/187/193 906/189/193 900/188/193
f 906/189/225 907/195/225 901/182/225
f 901/183/226 907/196/226 908/190/226
f 902/191/196 908/190/196 909/192/196
f 903/185/227 909/192/227 904/186/227
f 904/186/228 910/199/228 911/193/228
f 911/193/193 912/194/193 906/189/193
f 912/194/229 913/202/229 907/195/229
f 907/196/230 913/204/230 914/197/230
f 908/190/196 914/197/196 915/198/196
f 915/198/231 910/199/231 904/186/231
f 910/199/232 916/206/232 917/200/232
f 917/200/193 918/208/193 912/194/193
f 912/194/233 918/208/233 919/201/233
f 919/203/234 920/211/234 914/197/235
f 914/197/196 920/211/196 921/205/196
f 921/205/236 916/206/236 910/199/237
f 916/206/238 922/213/238 923/207/238
f 923/207/193 924/215/193 918/208/193
f 918/208/239 924/215/239 925/209/239
f 925/210/240 926/218/240 920/211/240
f 920/211/196 926/218/196 927/212/196
f 927/212/241 922/213/241 916/206/241
f 922/213/242 928/221/242 929/214/242
f 929/214/193 930/216/193 924/215/193
f 930/216/243 931/224/243 925/209/243
f 925/210/244 931/226/244 932/217/244
f 926/218/196 932/217/196 933/219/196
f 933/219/245 928/221/245 922/213/245
f 934/220/246 935/222/246 929/214/246
f 935/222/193 936/230/193 930/216/193
f 930/216/247 936/230/247 937/223/247
f 937/225/248 938/233/248 932/217/248
f 932/217/196 938/233/196 939/227/196
f 939/227/249 934/220/249 928/221/249
f 940/228/250 941/229/250 935/222/250
f 941/229/193 942/236/193 936/230/193
f 936/230/251 942/236/251 943/231/251
f 943/232/252 944/239/252 938/233/252
f 938/233/196 944/239/196 945/234/196
f 939/227/253 945/234/253 940/228/253
f 940/228/254 946/241/254 947/235/254
f 947/235/193 948/243/193 942/236/193
f 942/236/255 948/243/255 949/237/255
f 949/238/256 950/246/256 944/239/256
f 944/239/196 950/246/196 951/240/196
f 951/240/257 946/241/257 940/228/257
f 946/241/258 952/362/259 953/242/259
f 953/242/193 954/244/193 948/243/193
f 954/244/260 955/360/260 949/237/260
f 949/238/261 955/361/261 956/245/261
f 950/246/196 956/245/196 957/247/196
f 957/247/262 952/362/723 946/241/262
f 952/248/194 958/259/194 959/249/194
f 959/249/193 960/252/193 954/251/193
f 960/252/192 961/262/192 955/253/192
f 955/254/197 961/263/197 962/255/197
f 956/256/196 962/255/196 963/257/196
f 963/257/195 958/259/195 952/248/195
f 958/259/199 964/267/199 965/260/199
f 959/249/193 965/260/193 966/261/193
f 966/261/198 967/269/198 961/262/198
f 961/263/201 967/270/201 968/264/201
f 968/264/196 969/265/196 963/257/196
f 969/265/200 964/267/200 958/259/200
f 970/266/203 971/273/203 965/260/203
f 965/260/193 971/273/193 972/268/193
f 972/268/202 973/276/202 967/269/202
f 967/270/205 973/278/205 974/271/205
f 974/271/196 975/280/196 969/265/196
f 969/265/204 975/280/204 970/266/204
f 976/272/207 977/282/207 971/273/207
f 971/273/193 977/282/193 978/274/193
f 972/268/206 978/274/206 979/275/206
f 979/277/209 980/279/209 974/271/209
f 980/279/196 981/287/196 975/280/196
f 975/280/208 981/287/208 976/272/208
f 982/281/211 983/283/211 977/282/211
f 983/283/193 984/289/193 978/274/193
f 978/274/210 984/289/210 985/284/210
f 985/285/213 986/292/213 980/279/213
f 980/279/196 986/292/196 987/286/196
f 987/286/212 982/281/212 976/272/212
f 982/281/215 988/294/215 989/288/215
f 989/288/193 990/290/193 984/289/193
f 990/290/214 991/297/214 985/284/214
f 985/285/217 991/299/217 992/291/217
f 986/292/196 992/291/196 993/293/196
f 993/293/216 988/294/216 982/281/216
f 988/294/220 994/301/263 995/295/263
f 995/295/193 996/303/193 990/290/193
f 990/290/219 996/303/219 997/296/219
f 997/298/223 998/306/223 992/291/222
f 992/291/196 998/306/196 999/300/196
f 999/300/264 994/301/264 988/294/221
f 994/301/225 1000/308/225 1001/302/225
f 1001/302/193 1002/310/193 996/303/193
f 996/303/224 1002/310/224 1003/304/224
f 1003/305/227 1004/313/227 998/306/227
f 998/306/196 1004/313/196 1005/307/196
f 1005/307/226 1000/308/226 994/301/226
f 1000/308/229 1006/315/229 1007/309/229
f 1007/309/193 1008/317/193 1002/310/193
f 1002/310/228 1008/317/228 1009/311/228
f 1009/312/265 1010/320/265 1004/313/265
f 1004/313/196 1010/320/196 1011/314/196
f 1011/314/266 1006/315/266 1000/308/266
f 1006/315/233 1012/322/233 1013/316/233
f 1013/316/193 1014/324/193 1008/317/193
f 1008/317/232 1014/324/232 1015/318/232
f 1015/319/237 1016/327/237 1010/320/237
f 1010/320/196 1016/327/196 1017/321/196
f 1017/321/234 1012/322/234 1006/315/234
f 1012/322/239 1018/329/267 1019/323/267
f 1019/323/193 1020/331/193 1014/324/193
f 1014/324/238 1020/331/238 1021/325/238
f 1021/326/241 1022/334/241 1016/327/241
f 1016/327/196 1022/334/196 1023/328/196
f 1023/328/240 1018/329/240 1012/322/240
f 1018/329/243 1024/337/243 1025/330/243
f 1025/330/193 1026/339/193 1020/331/193
f 1020/331/242 1026/339/242 1027/332/242
f 1027/333/245 1028/342/245 1022/334/245
f 1022/334/196 1028/342/196 1029/335/196
f 1029/335/244 1024/337/244 1018/329/244
f 1030/336/247 1031/338/247 1025/330/247
f 1031/338/193 1032/346/193 1026/339/193
f 1026/339/246 1032/346/246 1033/340/246
f 1033/341/249 1034/349/249 1028/342/249
f 1028/342/196 1034/349/196 1035/343/196
f 1029/335/248 1035/343/248 1030/336/248
f 1036/344/251 1037/345/251 1031/338/251
f 1037/345/193 1038/352/193 1032/346/193
f 1032/346/250 1038/352/250 1039/347/250
f 1039/348/253 1040/355/253 1034/349/253
f 1034/349/196 1040/355/196 1041/350/196
f 1035/343/252 1041/350/252 1036/344/252
f 1036/344/255 1042/357/255 1043/351/255
f 1043/351/193 1044/358/193 1038/352/193
f 1038/352/254 1044/358/254 1045/353/254
f 1045/354/257 1046/359/257 1040/355/257
f 1040/355/196 1046/359/196 1047/356/196
f 1047/356/256 1042/357/256 1036/344/256
f 1042/357/268 856/132/260 857/134/260
f 857/134/193 858/135/193 1044/358/193
f 858/135/259 859/137/259 1045/353/259
f 1045/354/262 859/138/262 860/140/262
f 1046/359/196 860/140/196 861/142/196
f 861/142/261 856/132/261 1042/357/261
f 1048/132/269 1054/143/269 1055/133/269
f 1049/134/193 1055/133/193 1056/136/193
f 1050/135/270 1056/136/270 1057/146/270
f 1057/148/271 1058/139/271 1052/140/271
f 1058/139/196 1059/141/196 1053/142/196
f 1059/141/272 1054/143/272 1048/132/272
f 1054/143/273 1060/150/274 1061/144/274
f 1061/144/193 1062/152/193 1056/136/193
f 1056/136/275 1062/152/275 1063/145/275
f 1063/147/276 1064/155/276 1058/139/276
f 1058/139/196 1064/155/196 1065/149/196
f 1065/149/277 1060/150/277 1054/143/277
f 1060/150/278 1066/157/278 1067/151/278
f 1067/151/193 1068/159/193 1062/152/193
f 1062/152/279 1068/159/279 1069/153/279
f 1069/154/280 1070/162/280 1064/155/280
f 1064/155/196 1070/162/196 1071/156/196
f 1071/156/281 1066/157/281 1060/150/281
f 1066/157/282 1072/165/282 1073/158/282
f 1073/158/193 1074/160/193 1068/159/193
f 1068/159/283 1074/160/283 1075/168/283
f 1075/170/284 1076/161/284 1070/162/284
f 1070/162/196 1076/161/196 1077/163/196
f 1077/163/285 1072/165/285 1066/157/285
f 1072/165/286 1078/164/286 1079/166/286
f 1079/166/193 1080/173/193 1074/160/193
f 1074/160/287 1080/173/287 1081/167/287
f 1081/169/288 1082/176/724 1076/161/288
f 1076/161/196 1082/176/196 1083/171/196
f 1083/171/289 1078/164/289 1072/165/289
f 1078/164/290 1084/179/290 1085/172/290
f 1085/172/193 1086/181/193 1080/173/193
f 1080/173/291 1086/181/291 1087/174/291
f 1087/175/292 1088/184/292 1082/176/292
f 1082/176/196 1088/184/196 1089/177/196
f 1089/177/293 1084/179/293 1078/164/293
f 1084/179/294 1090/178/294 1091/180/294
f 1091/180/193 1092/188/193 1086/181/193
f 1086/181/295 1092/188/295 1093/182/295
f 1093/183/296 1094/191/296 1088/184/296
f 1088/184/196 1094/191/196 1095/185/196
f 1095/185/297 1090/178/297 1084/179/297
f 1090/178/298 1096/186/298 1097/187/298
f 1091/180/193 1097/187/193 1098/189/193
f 1098/189/299 1099/195/299 1093/182/299
f 1093/183/300 1099/196/300 1100/190/300
f 1100/190/196 1101/192/196 1095/185/196
f 1101/192/301 1096/186/301 1090/178/301
f 1096/186/302 1102/199/302 1103/193/302
f 1103/193/193 1104/194/193 1098/189/193
f 1098/189/304 1104/194/339 1105/202/304
f 1105/204/305 1106/197/305 1100/190/305
f 1100/190/196 1106/197/196 1107/198/196
f 1107/198/306 1102/199/306 1096/186/307
f 1102/199/308 1108/206/308 1109/200/308
f 1109/200/193 1110/208/193 1104/194/193
f 1104/194/309 1110/208/309 1111/201/309
f 1111/203/310 1112/211/310 1106/197/310
f 1106/197/196 1112/211/196 1113/205/196
f 1113/205/311 1108/206/311 1102/199/311
f 1114/213/312 1115/207/312 1109/200/312
f 1115/207/193 1116/215/193 1110/208/193
f 1110/208/313 1116/215/313 1117/209/313
f 1117/210/314 1118/218/314 1112/211/314
f 1112/211/196 1118/218/196 1119/212/196
f 1113/205/315 1119/212/315 1114/213/315
f 1120/221/316 1121/214/316 1115/207/317
f 1121/214/193 1122/216/193 1116/215/193
f 1116/215/318 1122/216/318 1123/224/318
f 1123/226/319 1124/217/319 1118/218/319
f 1118/218/196 1124/217/196 1125/219/196
f 1119/212/320 1125/219/320 1120/221/320
f 1126/220/321 1127/222/321 1121/214/321
f 1121/214/193 1127/222/193 1128/230/193
f 1128/230/322 1129/223/322 1123/224/322
f 1123/226/323 1129/225/323 1130/233/323
f 1130/233/196 1131/227/196 1125/219/196
f 1125/219/324 1131/227/324 1126/220/324
f 1126/220/325 1132/228/325 1133/229/325
f 1127/222/193 1133/229/193 1134/236/193
f 1128/230/326 1134/236/326 1135/231/326
f 1135/232/327 1136/239/327 1130/233/327
f 1136/239/196 1137/234/196 1131/227/196
f 1137/234/328 1132/228/328 1126/220/328
f 1132/228/329 1138/241/329 1139/235/329
f 1139/235/193 1140/243/193 1134/236/193
f 1134/236/330 1140/243/330 1141/237/330
f 1141/238/331 1142/246/331 1136/239/331
f 1136/239/196 1142/246/196 1143/240/196
f 1143/240/332 1138/241/332 1132/228/332
f 1138/241/333 1144/362/333 1145/242/333
f 1139/235/193 1145/242/193 1146/244/193
f 1146/244/334 1147/360/334 1141/237/334
f 1141/238/335 1147/361/335 1148/245/335
f 1148/245/196 1149/247/196 1143/240/196
f 1149/247/336 1144/362/336 1138/241/337
f 1144/248/270 1150/259/270 1151/249/270
f 1151/249/193 1152/252/193 1146/251/193
f 1146/251/269 1152/252/269 1153/262/269
f 1153/263/272 1154/255/272 1148/256/272
f 1148/256/196 1154/255/196 1155/257/196
f 1155/257/271 1150/259/271 1144/248/271
f 1150/259/338 1156/267/275 1157/260/275
f 1151/249/193 1157/260/193 1158/261/193
f 1152/252/274 1158/261/273 1159/269/273
f 1159/270/277 1160/264/277 1154/255/277
f 1160/264/196 1161/265/196 1155/257/196
f 1161/265/276 1156/267/276 1150/259/276
f 1156/267/279 1162/266/279 1163/273/279
f 1157/260/193 1163/273/193 1164/268/193
f 1164/268/278 1165/276/278 1159/269/278
f 1159/270/281 1165/278/281 1166/271/281
f 1166/271/196 1167/280/196 1161/265/196
f 1167/280/280 1162/266/280 1156/267/280
f 1162/266/283 1168/272/283 1169/282/283
f 1169/282/193 1170/274/193 1164/268/193
f 1170/274/282 1171/275/282 1165/276/282
f 1165/278/285 1171/277/285 1172/279/285
f 1166/271/196 1172/279/196 1173/287/196
f 1173/287/284 1168/272/284 1162/266/284
f 1174/281/287 1175/283/287 1169/282/287
f 1169/282/193 1175/283/193 1176/289/193
f 1176/289/286 1177/284/286 1171/275/286
f 1171/277/289 1177/285/289 1178/292/289
f 1178/292/196 1179/286/196 1173/287/196
f 1173/287/288 1179/286/288 1174/281/288
f 1174/281/291 1180/294/291 1181/288/291
f 1175/283/193 1181/288/193 1182/290/193
f 1176/289/290 1182/290/290 1183/297/290
f 1183/299/293 1184/291/293 1178/292/293
f 1184/291/196 1185/293/196 1179/286/196
f 1185/293/292 1180/294/292 1174/281/292
f 1180/294/295 1186/301/295 1187/295/295
f 1187/295/193 1188/303/193 1182/290/193
f 1182/290/294 1188/303/294 1189/296/294
f 1189/298/297 1190/306/297 1184/291/297
f 1184/291/196 1190/306/196 1191/300/196
f 1191/300/296 1186/301/296 1180/294/296
f 1186/301/299 1192/308/299 1193/302/299
f 1187/295/193 1193/302/193 1194/310/193
f 1194/310/298 1195/304/298 1189/296/298
f 1189/298/301 1195/305/301 1196/313/301
f 1196/313/196 1197/307/196 1191/300/196
f 1197/307/300 1192/308/300 1186/301/300
f 1198/315/304 1199/309/304 1193/302/339
f 1193/302/193 1199/309/193 1200/317/193
f 1200/317/303 1201/311/303 1195/304/302
f 1195/305/307 1201/312/307 1202/320/307
f 1202/320/196 1203/314/196 1197/307/196
f 1197/307/305 1203/314/725 1198/315/305
f 1204/322/309 1205/316/309 1199/309/309
f 1199/309/193 1205/316/193 1206/324/193
f 1200/317/308 1206/324/308 1207/318/308
f 1207/319/311 1208/327/311 1202/320/311
f 1208/327/196 1209/321/196 1203/314/196
f 1203/314/310 1209/321/310 1204/322/310
f 1210/329/313 1211/323/313 1205/316/313
f 1211/323/193 1212/331/193 1206/324/193
f 1206/324/312 1212/331/312 1213/325/312
f 1213/326/315 1214/334/315 1208/327/315
f 1208/327/196 1214/334/196 1215/328/196
f 1209/321/314 1215/328/314 1210/329/314
f 1216/337/340 1217/330/340 1211/323/318
f 1217/330/193 1218/339/193 1212/331/193
f 1218/339/317 1219/332/316 1213/325/317
f 1213/326/341 1219/333/320 1220/342/320
f 1220/342/196 1221/335/196 1215/328/196
f 1215/328/342 1221/335/342 1216/337/342
f 1222/336/322 1223/338/322 1217/330/322
f 1223/338/193 1224/346/193 1218/339/193
f 1218/339/321 1224/346/321 1225/340/321
f 1225/341/324 1226/349/324 1220/342/324
f 1220/342/196 1226/349/196 1227/343/196
f 1221/335/323 1227/343/323 1222/336/323
f 1222/336/326 1228/344/326 1229/345/326
f 1229/345/193 1230/352/193 1224/346/193
f 1224/346/325 1230/352/325 1231/347/325
f 1231/348/328 1232/355/328 1226/349/328
f 1226/349/196 1232/355/196 1233/350/196
f 1233/350/327 1228/344/327 1222/336/327
f 1228/344/330 1234/357/330 1235/351/330
f 1235/351/193 1236/358/193 1230/352/193
f 1230/352/329 1236/358/329 1237/353/329
f 1237/354/332 1238/359/332 1232/355/332
f 1232/355/196 1238/359/196 1239/356/196
f 1239/356/331 1234/357/331 1228/344/331
f 1048/132/334 1049/134/334 1235/351/334
f 1235/351/193 1049/134/193 1050/135/193
f 1236/358/333 1050/135/333 1051/137/333
f 1051/138/337 1052/140/337 1238/359/337
f 1052/140/196 1053/142/196 1239/356/196
f 1239/356/335 1053/142/335 1048/132/335
f 1240/132/343 1246/143/343 1247/133/343
f 1247/133/193 1248/136/193 1242/135/193
f 1248/136/344 1249/146/344 1243/137/344
f 1243/138/345 1249/148/345 1250/139/345
f 1250/139/196 1251/141/196 1245/142/196
f 1251/141/346 1246/143/346 1240/132/346
f 1252/150/347 1253/144/347 1247/133/347
f 1253/144/193 1254/152/193 1248/136/193
f 1248/136/348 1254/152/348 1255/145/348
f 1255/147/349 1256/155/349 1250/139/349
f 1250/139/196 1256/155/196 1257/149/196
f 1251/141/350 1257/149/350 1252/150/350
f 1252/150/351 1258/157/351 1259/151/351
f 1259/151/193 1260/159/193 1254/152/193
f 1260/159/352 1261/153/352 1255/145/352
f 1255/147/353 1261/154/353 1262/162/353
f 1256/155/196 1262/162/196 1263/156/196
f 1263/156/354 1258/157/354 1252/150/354
f 1258/157/355 1264/165/356 1265/158/356
f 1259/151/193 1265/158/193 1266/160/193
f 1266/160/357 1267/168/357 1261/153/358
f 1261/154/359 1267/170/360 1268/161/360
f 1268/161/196 1269/163/196 1263/156/196
f 1269/163/362 1264/165/362 1258/157/362
f 1264/165/363 1270/164/363 1271/166/363
f 1265/158/193 1271/166/193 1272/173/193
f 1272/173/364 1273/167/364 1267/168/364
f 1267/170/365 1273/169/365 1274/176/365
f 1274/176/196 1275/171/196 1269/163/196
f 1275/171/366 1270/164/366 1264/165/366
f 1270/164/367 1276/179/726 1277/172/367
f 1271/166/193 1277/172/193 1278/181/193
f 1278/181/368 1279/174/727 1273/167/368
f 1273/169/369 1279/175/369 1280/184/369
f 1280/184/196 1281/177/196 1275/171/196
f 1281/177/370 1276/179/370 1270/164/370
f 1276/179/371 1282/178/371 1283/180/371
f 1277/172/193 1283/180/193 1284/188/193
f 1284/188/372 1285/182/372 1279/174/372
f 1279/175/373 1285/183/373 1286/191/373
f 1286/191/196 1287/185/196 1281/177/196
f 1287/185/374 1282/178/374 1276/179/374
f 1282/178/375 1288/186/375 1289/187/375
f 1283/180/193 1289/187/193 1290/189/193
f 1290/189/376 1291/195/376 1285/182/376
f 1285/183/377 1291/196/377 1292/190/377
f 1292/190/196 1293/192/196 1287/185/196
f 1293/192/378 1288/186/378 1282/178/378
f 1288/186/379 1294/199/380 1295/193/380
f 1295/193/193 1296/194/193 1290/189/193
f 1290/189/381 1296/194/382 1297/202/382
f 1297/204/383 1298/197/383 1292/190/383
f 1292/190/196 1298/197/196 1299/198/196
f 1299/198/384 1294/199/384 1288/186/385
f 1294/199/386 1300/206/386 1301/200/386
f 1301/200/193 1302/208/193 1296/194/193
f 1296/194/387 1302/208/387 1303/201/387
f 1303/203/388 1304/211/388 1298/197/388
f 1298/197/196 1304/211/196 1305/205/196
f 1305/205/389 1300/206/389 1294/199/390
f 1306/213/391 1307/207/391 1301/200/391
f 1301/200/193 1307/207/193 1308/215/193
f 1302/208/392 1308/215/392 1309/209/392
f 1309/210/393 1310/218/393 1304/211/393
f 1310/218/196 1311/212/196 1305/205/196
f 1305/205/394 1311/212/395 1306/213/395
f 1312/221/396 1313/214/396 1307/207/396
f 1307/207/193 1313/214/193 1314/216/193
f 1314/216/397 1315/224/397 1309/209/398
f 1309/210/399 1315/226/728 1316/217/399
f 1316/217/196 1317/219/196 1311/212/196
f 1311/212/400 1317/219/400 1312/221/400
f 1312/221/401 1318/220/401 1319/222/401
f 1319/222/193 1320/230/193 1314/216/193
f 1320/230/402 1321/223/402 1315/224/403
f 1315/226/404 1321/225/404 1322/233/404
f 1316/217/196 1322/233/196 1323/227/196
f 1323/227/406 1318/220/406 1312/221/406
f 1318/220/407 1324/228/407 1325/229/407
f 1325/229/193 1326/236/193 1320/230/193
f 1320/230/408 1326/236/408 1327/231/408
f 1327/232/409 1328/239/409 1322/233/409
f 1322/233/196 1328/239/196 1329/234/196
f 1329/234/410 1324/228/410 1318/220/410
f 1324/228/411 1330/241/412 1331/235/412
f 1325/229/193 1331/235/193 1332/243/193
f 1326/236/413 1332/243/413 1333/237/413
f 1333/238/414 1334/246/414 1328/239/414
f 1334/246/196 1335/240/196 1329/234/196
f 1335/240/415 1330/241/415 1324/228/415
f 1330/241/417 1336/362/417 1337/242/417
f 1331/235/193 1337/242/193 1338/244/193
f 1332/243/418 1338/244/418 1339/360/418
f 1339/361/419 1340/245/419 1334/246/419
f 1340/245/196 1341/247/196 1335/240/196
f 1341/247/420 1336/362/420 1330/241/420
f 1336/248/344 1342/259/344 1343/249/344
f 1343/249/193 1344/252/193 1338/251/193
f 1338/251/343 1344/252/343 1345/262/343
f 1345/263/346 1346/255/346 1340/256/346
f 1340/256/196 1346/255/196 1347/257/196
f 1347/257/345 1342/259/345 1336/248/345
f 1348/267/348 1349/260/348 1343/249/348
f 1349/260/193 1350/261/193 1344/252/193
f 1344/252/347 1350/261/347 1351/269/347
f 1351/270/350 1352/264/350 1346/255/350
f 1352/264/196 1353/265/196 1347/257/196
f 1353/265/349 1348/267/349 1342/259/349
f 1348/267/352 1354/266/352 1355/273/352
f 1349/260/193 1355/273/193 1356/268/193
f 1356/268/351 1357/276/351 1351/269/351
f 1351/270/354 1357/278/354 1358/271/354
f 1358/271/196 1359/280/196 1353/265/196
f 1359/280/353 1354/266/353 1348/267/353
f 1354/266/357 1360/272/358 1361/282/358
f 1355/273/193 1361/282/193 1362/274/193
f 1362/274/356 1363/275/356 1357/276/356
f 1357/278/421 1363/277/362 1364/279/362
f 1364/279/196 1365/287/196 1359/280/196
f 1365/287/359 1360/272/359 1354/266/359
f 1360/272/364 1366/281/364 1367/283/364
f 1361/282/193 1367/283/193 1368/289/193
f 1362/274/363 1368/289/363 1369/284/363
f 1369/285/366 1370/292/366 1364/279/366
f 1370/292/196 1371/286/196 1365/287/196
f 1371/286/365 1366/281/365 1360/272/365
f 1366/281/368 1372/294/727 1373/288/368
f 1373/288/193 1374/290/193 1368/289/193
f 1368/289/367 1374/290/367 1375/297/367
f 1375/299/370 1376/291/370 1370/292/370
f 1370/292/196 1376/291/196 1377/293/196
f 1377/293/369 1372/294/369 1366/281/369
f 1372/294/372 1378/301/372 1379/295/372
f 1379/295/193 1380/303/193 1374/290/193
f 1374/290/371 1380/303/371 1381/296/371
f 1381/298/374 1382/306/374 1376/291/374
f 1376/291/196 1382/306/196 1383/300/196
f 1383/300/373 1378/301/373 1372/294/373
f 1378/301/376 1384/308/376 1385/302/376
f 1385/302/193 1386/310/193 1380/303/193
f 1386/310/375 1387/304/375 1381/296/375
f 1381/298/378 1387/305/378 1388/313/378
f 1382/306/196 1388/313/196 1389/307/196
f 1389/307/377 1384/308/377 1378/301/377
f 1384/308/381 1390/315/382 1391/309/382
f 1391/309/193 1392/317/193 1386/310/193
f 1386/310/379 1392/317/380 1393/311/380
f 1387/305/384 1393/312/384 1394/320/384
f 1388/313/196 1394/320/196 1395/314/196
f 1395/314/383 1390/315/383 1384/308/422
f 1390/315/387 1396/322/423 1397/316/423
f 1397/316/193 1398/324/193 1392/317/193
f 1392/317/386 1398/324/386 1399/318/386
f 1399/319/389 1400/327/389 1394/320/390
f 1394/320/196 1400/327/196 1401/321/196
f 1401/321/388 1396/322/388 1390/315/388
f 1402/329/424 1403/323/424 1397/316/424
f 1403/323/193 1404/331/193 1398/324/193
f 1398/324/425 1404/331/391 1405/325/391
f 1405/326/395 1406/334/395 1400/327/394
f 1400/327/196 1406/334/196 1407/328/196
f 1401/321/393 1407/328/426 1402/329/426
f 1408/337/398 1409/330/398 1403/323/398
f 1403/323/193 1409/330/193 1410/339/193
f 1410/339/396 1411/332/396 1405/325/396
f 1405/326/400 1411/333/400 1412/342/400
f 1412/342/196 1413/335/196 1407/328/196
f 1407/328/399 1413/335/399 1408/337/399
f 1414/336/402 1415/338/402 1409/330/402
f 1409/330/193 1415/338/193 1416/346/193
f 1410/339/401 1416/346/401 1417/340/401
f 1417/341/406 1418/349/406 1412/342/406
f 1418/349/196 1419/343/196 1413/335/196
f 1413/335/404 1419/343/404 1414/336/404
f 1420/344/408 1421/345/408 1415/338/408
f 1421/345/193 1422/352/193 1416/346/193
f 1416/346/407 1422/352/407 1423/347/407
f 1423/348/410 1424/355/410 1418/349/410
f 1418/349/196 1424/355/196 1425/350/196
f 1419/343/409 1425/350/409 1420/344/409
f 1426/357/413 1427/351/413 1421/345/413
f 1421/345/193 1427/351/193 1428/358/193
f 1422/352/427 1428/358/427 1429/353/427
f 1429/354/416 1430/359/416 1424/355/416
f 1430/359/196 1431/356/196 1425/350/196
f 1425/350/428 1431/356/428 1426/357/428
f 1426/357/418 1240/132/418 1241/134/418
f 1427/351/193 1241/134/193 1242/135/193
f 1242/135/417 1243/137/417 1429/353/417
f 1429/354/420 1243/138/420 1244/140/420
f 1244/140/196 1245/142/196 1431/356/196
f 1245/142/419 1240/132/419 1426/357/419
f 1438/143/429 1439/133/429 1433/134/429
f 1439/133/193 1440/136/193 1434/135/193
f 1440/136/430 1441/146/430 1435/137/430
f 1435/138/431 1441/148/431 1442/139/431
f 1436/140/196 1442/139/196 1443/141/196
f 1437/142/432 1443/141/432 1438/143/432
f 1444/150/433 1445/144/433 1439/133/433
f 1445/144/193 1446/152/193 1440/136/193
f 1446/152/434 1447/145/434 1441/146/434
f 1441/148/435 1447/147/435 1448/155/435
f 1442/139/196 1448/155/196 1449/149/196
f 1449/149/436 1444/150/436 1438/143/436
f 1444/150/437 1450/157/437 1451/151/437
f 1451/151/193 1452/159/193 1446/152/193
f 1446/152/438 1452/159/438 1453/153/438
f 1453/154/439 1454/162/439 1448/155/439
f 1448/155/196 1454/162/196 1455/156/196
f 1455/156/440 1450/157/440 1444/150/440
f 1450/157/441 1456/165/441 1457/158/441
f 1451/151/193 1457/158/193 1458/160/193
f 1458/160/442 1459/168/442 1453/153/442
f 1453/154/443 1459/170/443 1460/161/443
f 1460/161/196 1461/163/196 1455/156/196
f 1461/163/444 1456/165/444 1450/157/444
f 1456/165/445 1462/164/445 1463/166/445
f 1457/158/193 1463/166/193 1464/173/193
f 1458/160/446 1464/173/446 1465/167/446
f 1465/169/447 1466/176/447 1460/161/447
f 1466/176/196 1467/171/196 1461/163/196
f 1467/171/448 1462/164/448 1456/165/448
f 1462/164/449 1468/179/449 1469/172/449
f 1463/166/193 1469/172/193 1470/181/193
f 1470/181/450 1471/174/450 1465/167/450
f 1465/169/451 1471/175/451 1472/184/451
f 1472/184/196 1473/177/196 1467/171/196
f 1473/177/452 1468/179/452 1462/164/452
f 1468/179/453 1474/178/453 1475/180/453
f 1469/172/193 1475/180/193 1476/188/193
f 1476/188/454 1477/182/454 1471/174/454
f 1471/175/455 1477/183/455 1478/191/455
f 1478/191/196 1479/185/196 1473/177/196
f 1479/185/456 1474/178/456 1468/179/456
f 1474/178/457 1480/186/457 1481/187/457
f 1481/187/193 1482/189/193 1476/188/193
f 1476/188/458 1482/189/459 1483/195/459
f 1483/196/460 1484/190/460 1478/191/460
f 1478/191/196 1484/190/196 1485/192/196
f 1485/192/462 1480/186/462 1474/178/462
f 1480/186/463 1486/199/463 1487/193/463
f 1487/193/193 1488/194/193 1482/189/193
f 1482/189/464 1488/194/465 1489/202/465
f 1489/204/466 1490/197/466 1484/190/466
f 1484/190/196 1490/197/196 1491/198/196
f 1491/198/467 1486/199/467 1480/186/467
f 1492/206/468 1493/200/468 1487/193/468
f 1493/200/193 1494/208/193 1488/194/193
f 1494/208/469 1495/201/469 1489/202/469
f 1489/204/470 1495/203/470 1496/211/470
f 1490/197/196 1496/211/196 1497/205/196
f 1491/198/471 1497/205/471 1492/206/471
f 1498/213/472 1499/207/472 1493/200/472
f 1493/200/193 1499/207/193 1500/215/193
f 1494/208/473 1500/215/474 1501/209/474
f 1501/210/475 1502/218/475 1496/211/475
f 1502/218/196 1503/212/196 1497/205/196
f 1497/205/476 1503/212/476 1498/213/476
f 1498/213/477 1504/221/477 1505/214/477
f 1499/207/193 1505/214/193 1506/216/193
f 1500/215/478 1506/216/478 1507/224/478
f 1507/226/479 1508/217/479 1502/218/479
f 1508/217/196 1509/219/196 1503/212/196
f 1509/219/480 1504/221/480 1498/213/480
f 1504/221/481 1510/220/481 1511/222/481
f 1511/222/193 1512/230/193 1506/216/193
f 1506/216/482 1512/230/482 1513/223/482
f 1513/225/483 1514/233/483 1508/217/484
f 1508/217/196 1514/233/196 1515/227/196
f 1515/227/485 1510/220/485 1504/221/485
f 1516/228/486 1517/229/486 1511/222/486
f 1517/229/193 1518/236/193 1512/230/193
f 1518/236/487 1519/231/487 1513/223/487
f 1513/225/488 1519/232/488 1520/239/488
f 1514/233/196 1520/239/196 1521/234/196
f 1515/227/489 1521/234/489 1516/228/489
f 1522/241/490 1523/235/490 1517/229/490
f 1517/229/193 1523/235/193 1524/243/193
f 1524/243/491 1525/237/491 1519/231/491
f 1519/232/492 1525/238/492 1526/246/492
f 1526/246/196 1527/240/196 1521/234/196
f 1521/234/493 1527/240/493 1522/241/493
f 1528/362/494 1529/242/494 1523/235/494
f 1523/235/193 1529/242/193 1530/244/193
f 1530/244/495 1531/360/495 1525/237/496
f 1525/238/497 1531/361/498 1532/245/498
f 1532/245/196 1533/247/196 1527/240/196
f 1527/240/499 1533/247/499 1528/362/499
f 1534/259/430 1535/249/430 1529/250/430
f 1535/249/193 1536/252/193 1530/251/193
f 1530/251/500 1536/252/429 1537/262/429
f 1537/263/432 1538/255/432 1532/256/501
f 1532/256/196 1538/255/196 1539/257/196
f 1533/258/431 1539/257/431 1534/259/431
f 1540/267/434 1541/260/434 1535/249/434
f 1535/249/193 1541/260/193 1542/261/193
f 1536/252/433 1542/261/433 1543/269/433
f 1543/270/436 1544/264/436 1538/255/436
f 1544/264/196 1545/265/196 1539/257/196
f 1539/257/435 1545/265/435 1540/267/435
f 1546/266/438 1547/273/438 1541/260/438
f 1547/273/193 1548/268/193 1542/261/193
f 1548/268/437 1549/276/437 1543/269/437
f 1543/270/440 1549/278/440 1550/271/440
f 1544/264/196 1550/271/196 1551/280/196
f 1545/265/439 1551/280/439 1546/266/439
f 1546/266/442 1552/272/442 1553/282/442
f 1547/273/193 1553/282/193 1554/274/193
f 1554/274/441 1555/275/441 1549/276/441
f 1549/278/444 1555/277/444 1556/279/444
f 1556/279/196 1557/287/196 1551/280/196
f 1557/287/443 1552/272/443 1546/266/443
f 1552/272/446 1558/281/446 1559/283/446
f 1553/282/193 1559/283/193 1560/289/193
f 1554/274/445 1560/289/445 1561/284/445
f 1561/285/448 1562/292/448 1556/279/448
f 1562/292/196 1563/286/196 1557/287/196
f 1563/286/447 1558/281/447 1552/272/447
f 1564/294/450 1565/288/450 1559/283/450
f 1565/288/193 1566/290/193 1560/289/193
f 1566/290/449 1567/297/449 1561/284/449
f 1561/285/452 1567/299/452 1568/291/452
f 1562/292/196 1568/291/196 1569/293/196
f 1563/286/451 1569/293/451 1564/294/451
f 1570/301/454 1571/295/454 1565/288/454
f 1565/288/193 1571/295/193 1572/303/193
f 1572/303/453 1573/296/453 1567/297/453
f 1567/299/456 1573/298/456 1574/306/456
f 1574/306/196 1575/300/196 1569/293/196
f 1569/293/455 1575/300/455 1570/301/455
f 1576/308/458 1577/302/458 1571/295/458
f 1571/295/193 1577/302/193 1578/310/193
f 1578/310/457 1579/304/457 1573/296/457
f 1573/298/462 1579/305/729 1580/313/462
f 1580/313/196 1581/307/196 1575/300/196
f 1575/300/461 1581/307/461 1576/308/461
f 1582/315/465 1583/309/465 1577/302/465
f 1583/309/193 1584/317/193 1578/310/193
f 1584/317/463 1585/311/463 1579/304/463
f 1579/305/503 1585/312/467 1586/320/467
f 1580/313/196 1586/320/196 1587/314/196
f 1581/307/504 1587/314/466 1582/315/466
f 1588/322/469 1589/316/469 1583/309/469
f 1589/316/193 1590/324/193 1584/317/193
f 1584/317/468 1590/324/468 1591/318/468
f 1591/319/505 1592/327/505 1586/320/471
f 1586/320/196 1592/327/196 1593/321/196
f 1593/321/470 1588/322/470 1582/315/470
f 1588/322/473 1594/329/474 1595/323/474
f 1589/316/193 1595/323/193 1596/331/193
f 1596/331/472 1597/325/472 1591/318/472
f 1591/319/476 1597/326/476 1598/334/476
f 1598/334/196 1599/328/196 1593/321/196
f 1599/328/475 1594/329/475 1588/322/475
f 1594/329/478 1600/337/478 1601/330/478
f 1601/330/193 1602/339/193 1596/331/193
f 1602/339/477 1603/332/477 1597/325/477
f 1597/326/480 1603/333/480 1604/342/480
f 1598/334/196 1604/342/196 1605/335/196
f 1605/335/479 1600/337/479 1594/329/479
f 1606/336/482 1607/338/482 1601/330/507
f 1601/330/193 1607/338/193 1608/346/193
f 1602/339/508 1608/346/508 1609/340/508
f 1609/341/509 1610/349/509 1604/342/509
f 1610/349/196 1611/343/196 1605/335/196
f 1605/335/484 1611/343/484 1606/336/484
f 1612/344/510 1613/345/510 1607/338/510
f 1607/338/193 1613/345/193 1614/352/193
f 1608/346/486 1614/352/486 1615/347/486
f 1615/348/489 1616/355/489 1610/349/489
f 1616/355/196 1617/350/196 1611/343/196
f 1611/343/511 1617/350/511 1612/344/511
f 1612/344/491 1618/357/491 1619/351/491
f 1613/345/193 1619/351/193 1620/358/193
f 1614/352/490 1620/358/490 1621/353/490
f 1621/354/493 1622/359/493 1616/355/493
f 1622/359/196 1623/356/196 1617/350/196
f 1623/356/492 1618/357/492 1612/344/492
f 1618/357/496 1432/132/496 1433/134/496
f 1619/351/193 1433/134/193 1434/135/193
f 1434/135/494 1435/137/494 1621/353/494
f 1621/354/499 1435/138/499 1436/140/499
f 1436/140/196 1437/142/196 1623/356/196
f 1437/142/497 1432/132/497 1618/357/497
f 1624/132/512 1630/143/512 1631/133/512
f 1625/134/193 1631/133/193 1632/136/193
f 1632/136/513 1633/146/513 1627/137/513
f 1627/138/514 1633/148/514 1634/139/514
f 1634/139/196 1635/141/196 1629/142/196
f 1635/141/515 1630/143/515 1624/132/515
f 1636/150/516 1637/144/516 1631/133/516
f 1637/144/193 1638/152/193 1632/136/193
f 1638/152/517 1639/145/517 1633/146/517
f 1633/148/518 1639/147/518 1640/155/518
f 1634/139/196 1640/155/196 1641/149/196
f 1641/149/519 1636/150/519 1630/143/519
f 1636/150/520 1642/157/521 1643/151/521
f 1643/151/193 1644/159/193 1638/152/193
f 1644/159/522 1645/153/522 1639/145/522
f 1639/147/523 1645/154/523 1646/162/523
f 1640/155/196 1646/162/196 1647/156/196
f 1647/156/524 1642/157/524 1636/150/524
f 1642/157/525 1648/165/730 1649/158/525
f 1643/151/193 1649/158/193 1650/160/193
f 1650/160/526 1651/168/526 1645/153/526
f 1645/154/527 1651/170/527 1652/161/527
f 1652/161/196 1653/163/196 1647/156/196
f 1653/163/528 1648/165/528 1642/157/528
f 1654/164/529 1655/166/529 1649/158/529
f 1649/158/193 1655/166/193 1656/173/193
f 1656/173/530 1657/167/530 1651/168/530
f 1651/170/531 1657/169/531 1658/176/531
f 1658/176/196 1659/171/196 1653/163/196
f 1653/163/532 1659/171/532 1654/164/532
f 1654/164/533 1660/179/533 1661/172/533
f 1655/166/193 1661/172/193 1662/181/193
f 1656/173/534 1662/181/731 1663/174/534
f 1663/175/535 1664/184/535 1658/176/535
f 1664/184/196 1665/177/196 1659/171/196
f 1665/177/536 1660/179/536 1654/164/537
f 1666/178/538 1667/180/538 1661/172/538
f 1661/172/193 1667/180/193 1668/188/193
f 1668/188/539 1669/182/539 1663/174/539
f 1663/175/540 1669/183/540 1670/191/540
f 1670/191/196 1671/185/196 1665/177/196
f 1665/177/541 1671/185/541 1666/178/541
f 1672/186/542 1673/187/542 1667/180/542
f 1667/180/193 1673/187/193 1674/189/193
f 1668/188/543 1674/189/543 1675/195/543
f 1675/196/544 1676/190/544 1670/191/544
f 1676/190/196 1677/192/196 1671/185/196
f 1671/185/545 1677/192/545 1672/186/545
f 1678/199/546 1679/193/546 1673/187/547
f 1673/187/193 1679/193/193 1680/194/193
f 1674/189/548 1680/194/548 1681/202/548
f 1681/204/549 1682/197/549 1676/190/549
f 1682/197/196 1683/198/196 1677/192/196
f 1677/192/550 1683/198/732 1678/199/550
f 1684/206/551 1685/200/551 1679/193/552
f 1679/193/193 1685/200/193 1686/208/193
f 1680/194/553 1686/208/553 1687/201/553
f 1687/203/554 1688/211/554 1682/197/554
f 1688/211/196 1689/205/196 1683/198/196
f 1683/198/555 1689/205/733 1684/206/555
f 1684/206/556 1690/213/593 1691/207/556
f 1691/207/193 1692/215/193 1686/208/193
f 1686/208/557 1692/215/557 1693/209/557
f 1693/210/558 1694/218/558 1688/211/558
f 1694/218/196 1695/212/196 1689/205/196
f 1695/212/559 1690/213/559 1684/206/559
f 1690/213/560 1696/221/560 1697/214/560
f 1697/214/193 1698/216/193 1692/215/193
f 1692/215/561 1698/216/561 1699/224/561
f 1699/226/562 1700/217/562 1694/218/563
f 1694/218/196 1700/217/196 1701/219/196
f 1701/219/564 1696/221/564 1690/213/564
f 1702/220/565 1703/222/565 1697/214/565
f 1703/222/193 1704/230/193 1698/216/193
f 1698/216/566 1704/230/566 1705/223/566
f 1705/225/567 1706/233/567 1700/217/567
f 1700/217/196 1706/233/196 1707/227/196
f 1701/219/568 1707/227/568 1702/220/568
f 1708/228/569 1709/229/569 1703/222/570
f 1703/222/193 1709/229/193 1710/236/193
f 1704/230/571 1710/236/571 1711/231/571
f 1711/232/572 1712/239/572 1706/233/573
f 1712/239/196 1713/234/196 1707/227/196
f 1707/227/574 1713/234/574 1708/228/574
f 1714/241/575 1715/235/575 1709/229/575
f 1715/235/193 1716/243/193 1710/236/193
f 1716/243/576 1717/237/576 1711/231/577
f 1711/232/578 1717/238/579 1718/246/579
f 1718/246/196 1719/240/196 1713/234/196
f 1719/240/580 1714/241/580 1708/228/580
f 1714/241/581 1720/362/581 1721/242/581
f 1721/242/193 1722/244/193 1716/243/193
f 1716/243/582 1722/244/582 1723/360/582
f 1723/361/583 1724/245/583 1718/246/583
f 1718/246/196 1724/245/196 1725/247/196
f 1725/247/584 1720/362/584 1714/241/584
f 1720/248/513 1726/259/513 1727/249/513
f 1727/249/193 1728/252/193 1722/251/193
f 1722/251/512 1728/252/512 1729/262/512
f 1729/263/515 1730/255/515 1724/256/515
f 1724/256/196 1730/255/196 1731/257/196
f 1731/257/514 1726/259/514 1720/248/514
f 1732/267/517 1733/260/517 1727/249/517
f 1727/249/193 1733/260/193 1734/261/193
f 1728/252/516 1734/261/516 1735/269/516
f 1735/270/519 1736/264/519 1730/255/519
f 1736/264/196 1737/265/196 1731/257/196
f 1737/265/518 1732/267/518 1726/259/518
f 1738/266/522 1739/273/522 1733/260/522
f 1733/260/193 1739/273/193 1740/268/193
f 1734/261/521 1740/268/520 1741/276/520
f 1741/278/524 1742/271/524 1736/264/524
f 1742/271/196 1743/280/196 1737/265/196
f 1737/265/523 1743/280/523 1738/266/523
f 1738/266/526 1744/272/526 1745/282/526
f 1745/282/193 1746/274/193 1740/268/193
f 1740/268/525 1746/274/525 1747/275/525
f 1747/277/528 1748/279/528 1742/271/528
f 1742/271/196 1748/279/196 1749/287/196
f 1749/287/527 1744/272/527 1738/266/527
f 1750/281/587 1751/283/587 1745/282/587
f 1745/282/193 1751/283/193 1752/289/193
f 1752/289/529 1753/284/529 1747/275/529
f 1747/277/532 1753/285/532 1754/292/532
f 1754/292/196 1755/286/196 1749/287/196
f 1749/287/588 1755/286/588 1750/281/588
f 1756/294/534 1757/288/534 1751/283/534
f 1751/283/193 1757/288/193 1758/290/193
f 1758/290/589 1759/297/533 1753/284/589
f 1753/285/536 1759/299/536 1760/291/536
f 1760/291/196 1761/293/196 1755/286/196
f 1755/286/535 1761/293/535 1756/294/535
f 1756/294/539 1762/301/539 1763/295/539
f 1763/295/193 1764/303/193 1758/290/193
f 1764/303/538 1765/296/538 1759/297/538
f 1759/299/541 1765/298/541 1766/306/541
f 1766/306/196 1767/300/196 1761/293/196
f 1767/300/540 1762/301/540 1756/294/540
f 1762/301/543 1768/308/543 1769/302/543
f 1769/302/193 1770/310/193 1764/303/193
f 1764/303/542 1770/310/542 1771/304/542
f 1771/305/545 1772/313/545 1766/306/545
f 1766/306/196 1772/313/196 1773/307/196
f 1773/307/544 1768/308/544 1762/301/544
f 1768/308/548 1774/315/590 1775/309/590
f 1775/309/193 1776/317/193 1770/310/193
f 1770/310/547 1776/317/547 1777/311/547
f 1777/312/550 1778/320/550 1772/313/550
f 1772/313/196 1778/320/196 1779/314/196
f 1779/314/549 1774/315/734 1768/308/549
f 1780/322/553 1781/316/553 1775/309/591
f 1775/309/193 1781/316/193 1782/324/193
f 1782/324/552 1783/318/552 1777/311/552
f 1777/312/555 1783/319/555 1784/327/555
f 1784/327/196 1785/321/196 1779/314/196
f 1779/314/592 1785/321/554 1780/322/592
f 1786/329/557 1787/323/557 1781/316/557
f 1781/316/193 1787/323/193 1788/331/193
f 1782/324/593 1788/331/593 1789/325/593
f 1789/326/559 1790/334/735 1784/327/559
f 1790/334/196 1791/328/196 1785/321/196
f 1785/321/558 1791/328/558 1786/329/558
f 1786/329/561 1792/337/561 1793/330/561
f 1793/330/193 1794/339/193 1788/331/193
f 1788/331/560 1794/339/560 1795/332/560
f 1795/333/564 1796/342/564 1790/334/564
f 1790/334/196 1796/342/196 1797/335/196
f 1797/335/562 1792/337/562 1786/329/562
f 1798/336/566 1799/338/566 1793/330/566
f 1799/338/193 1800/346/193 1794/339/193
f 1794/339/565 1800/346/565 1801/340/565
f 1801/341/568 1802/349/568 1796/342/568
f 1796/342/196 1802/349/196 1803/343/196
f 1797/335/567 1803/343/567 1798/336/567
f 1804/344/571 1805/345/571 1799/338/594
f 1799/338/193 1805/345/193 1806/352/193
f 1800/346/570 1806/352/569 1807/347/569
f 1807/348/574 1808/355/574 1802/349/574
f 1808/355/196 1809/350/196 1803/343/196
f 1803/343/573 1809/350/572 1804/344/572
f 1810/357/595 1811/351/595 1805/345/595
f 1805/345/193 1811/351/193 1812/358/193
f 1812/358/575 1813/353/575 1807/347/575
f 1807/348/580 1813/354/580 1814/359/580
f 1814/359/196 1815/356/196 1809/350/196
f 1809/350/579 1815/356/579 1810/357/579
f 1624/132/582 1625/134/582 1811/351/582
f 1811/351/193 1625/134/193 1626/135/193
f 1626/135/581 1627/137/581 1813/353/581
f 1813/354/584 1627/138/584 1628/140/584
f 1628/140/196 1629/142/196 1815/356/196
f 1815/356/583 1629/142/583 1624/132/583
f 1822/143/596 1823/133/596 1817/134/596
f 1817/134/193 1823/133/193 1824/136/193
f 1818/135/597 1824/136/597 1825/146/597
f 1825/148/598 1826/139/598 1820/140/598
f 1826/139/196 1827/141/196 1821/142/196
f 1821/142/599 1827/141/599 1822/143/599
f 1822/143/600 1828/150/600 1829/144/600
f 1823/133/193 1829/144/193 1830/152/193
f 1830/152/601 1831/145/601 1825/146/601
f 1825/148/602 1831/147/602 1832/155/602
f 1832/155/196 1833/149/196 1827/141/196
f 1833/149/603 1828/150/603 1822/143/603
f 1828/150/605 1834/157/605 1835/151/605
f 1835/151/193 1836/159/193 1830/152/193
f 1836/159/606 1837/153/606 1831/145/606
f 1831/147/607 1837/154/607 1838/162/607
f 1832/155/196 1838/162/196 1839/156/196
f 1839/156/608 1834/157/608 1828/150/608
f 1834/157/609 1840/165/609 1841/158/609
f 1841/158/193 1842/160/193 1836/159/193
f 1842/160/610 1843/168/610 1837/153/610
f 1837/154/611 1843/170/611 1844/161/611
f 1838/162/196 1844/161/196 1845/163/196
f 1845/163/612 1840/165/612 1834/157/612
f 1846/164/613 1847/166/736 1841/158/613
f 1841/158/193 1847/166/193 1848/173/193
f 1848/173/614 1849/167/614 1843/168/614
f 1843/170/615 1849/169/615 1850/176/615
f 1850/176/196 1851/171/196 1845/163/196
f 1845/163/616 1851/171/617 1846/164/617
f 1852/179/618 1853/172/618 1847/166/618
f 1853/172/193 1854/181/193 1848/173/193
f 1848/173/619 1854/181/619 1855/174/619
f 1855/175/620 1856/184/620 1850/176/620
f 1850/176/196 1856/184/196 1857/177/196
f 1851/171/621 1857/177/621 1852/179/621
f 1852/179/622 1858/178/622 1859/180/622
f 1859/180/193 1860/188/193 1854/181/193
f 1854/181/623 1860/188/623 1861/182/623
f 1861/183/624 1862/191/624 1856/184/624
f 1856/184/196 1862/191/196 1863/185/196
f 1863/185/625 1858/178/625 1852/179/625
f 1858/178/626 1864/186/626 1865/187/626
f 1865/187/193 1866/189/193 1860/188/193
f 1866/189/627 1867/195/627 1861/182/627
f 1861/183/628 1867/196/628 1868/190/628
f 1862/191/196 1868/190/196 1869/192/196
f 1869/192/629 1864/186/629 1858/178/629
f 1864/186/630 1870/199/630 1871/193/630
f 1871/193/193 1872/194/193 1866/189/193
f 1872/194/631 1873/202/631 1867/195/631
f 1867/196/633 1873/204/633 1874/197/633
f 1868/190/196 1874/197/196 1875/198/196
f 1875/198/634 1870/199/634 1864/186/634
f 1870/199/635 1876/206/635 1877/200/635
f 1871/193/193 1877/200/193 1878/208/193
f 1878/208/636 1879/201/636 1873/202/636
f 1873/204/637 1879/203/637 1880/211/637
f 1880/211/196 1881/205/196 1875/198/196
f 1881/205/639 1876/206/639 1870/199/639
f 1876/206/640 1882/213/640 1883/207/640
f 1883/207/193 1884/215/193 1878/208/193
f 1878/208/641 1884/215/641 1885/209/641
f 1885/210/642 1886/218/642 1880/211/642
f 1880/211/196 1886/218/196 1887/212/196
f 1887/212/643 1882/213/643 1876/206/643
f 1882/213/644 1888/221/644 1889/214/644
f 1889/214/193 1890/216/193 1884/215/193
f 1884/215/645 1890/216/645 1891/224/645
f 1891/226/646 1892/217/646 1886/218/646
f 1886/218/196 1892/217/196 1893/219/196
f 1893/219/647 1888/221/647 1882/213/647
f 1894/220/648 1895/222/737 1889/214/648
f 1889/214/193 1895/222/193 1896/230/193
f 1896/230/649 1897/223/649 1891/224/649
f 1891/226/650 1897/225/650 1898/233/650
f 1898/233/196 1899/227/196 1893/219/196
f 1893/219/651 1899/227/652 1894/220/652
f 1900/228/653 1901/229/653 1895/222/653
f 1895/222/193 1901/229/193 1902/236/193
f 1902/236/655 1903/231/655 1897/223/655
f 1897/225/657 1903/232/657 1904/239/657
f 1904/239/196 1905/234/196 1899/227/196
f 1899/227/658 1905/234/669 1900/228/658
f 1900/228/659 1906/241/659 1907/235/659
f 1901/229/193 1907/235/193 1908/243/193
f 1902/236/660 1908/243/660 1909/237/660
f 1909/238/661 1910/246/661 1904/239/661
f 1910/246/196 1911/240/196 1905/234/196
f 1911/240/662 1906/241/662 1900/228/662
f 1912/362/663 1913/242/663 1907/235/663
f 1907/235/193 1913/242/193 1914/244/193
f 1908/243/664 1914/244/664 1915/360/664
f 1915/361/665 1916/245/665 1910/246/665
f 1916/245/196 1917/247/196 1911/240/196
f 1911/240/666 1917/247/666 1912/362/666
f 1918/259/597 1919/249/597 1913/250/597
f 1919/249/193 1920/252/193 1914/251/193
f 1914/251/596 1920/252/596 1921/262/596
f 1921/263/599 1922/255/599 1916/256/599
f 1916/256/196 1922/255/196 1923/257/196
f 1917/258/598 1923/257/598 1918/259/598
f 1924/267/601 1925/260/601 1919/249/601
f 1925/260/193 1926/261/193 1920/252/193
f 1920/252/600 1926/261/600 1927/269/600
f 1927/270/603 1928/264/603 1922/255/603
f 1922/255/196 1928/264/196 1929/265/196
f 1923/257/602 1929/265/602 1924/267/602
f 1930/266/606 1931/273/606 1925/260/606
f 1931/273/193 1932/268/193 1926/261/193
f 1926/261/605 1932/268/605 1933/276/605
f 1933/278/608 1934/271/608 1928/264/608
f 1928/264/196 1934/271/196 1935/280/196
f 1929/265/607 1935/280/607 1930/266/607
f 1936/272/610 1937/282/610 1931/273/610
f 1937/282/193 1938/274/193 1932/268/193
f 1932/268/609 1938/274/609 1939/275/609
f 1933/278/612 1939/277/612 1940/279/612
f 1940/279/196 1941/287/196 1935/280/196
f 1935/280/611 1941/287/611 1936/272/611
f 1942/281/614 1943/283/614 1937/282/614
f 1943/283/193 1944/289/193 1938/274/193
f 1938/274/613 1944/289/613 1945/284/613
f 1939/277/616 1945/285/616 1946/292/616
f 1946/292/196 1947/286/196 1941/287/196
f 1941/287/615 1947/286/615 1942/281/615
f 1948/294/619 1949/288/619 1943/283/619
f 1943/283/193 1949/288/193 1950/290/193
f 1950/290/618 1951/297/618 1945/284/618
f 1945/285/621 1951/299/621 1952/291/621
f 1952/291/196 1953/293/196 1947/286/196
f 1947/286/620 1953/293/620 1948/294/620
f 1954/301/623 1955/295/623 1949/288/623
f 1949/288/193 1955/295/193 1956/303/193
f 1950/290/622 1956/303/622 1957/296/622
f 1957/298/625 1958/306/625 1952/291/625
f 1958/306/196 1959/300/196 1953/293/196
f 1953/293/624 1959/300/624 1954/301/624
f 1954/301/627 1960/308/627 1961/302/627
f 1955/295/193 1961/302/193 1962/310/193
f 1956/303/626 1962/310/626 1963/304/626
f 1963/305/629 1964/313/629 1958/306/629
f 1964/313/196 1965/307/196 1959/300/196
f 1965/307/628 1960/308/628 1954/301/628
f 1960/308/631 1966/315/632 1967/309/632
f 1967/309/193 1968/317/193 1962/310/193
f 1962/310/630 1968/317/630 1969/311/630
f 1969/312/634 1970/320/634 1964/313/634
f 1964/313/196 1970/320/196 1971/314/196
f 1971/314/667 1966/315/667 1960/308/633
f 1972/322/636 1973/316/636 1967/309/636
f 1973/316/193 1974/324/193 1968/317/193
f 1968/317/635 1974/324/635 1975/318/635
f 1975/319/639 1976/327/639 1970/320/639
f 1970/320/196 1976/327/196 1977/321/196
f 1971/314/637 1977/321/637 1972/322/637
f 1978/329/641 1979/323/641 1973/316/641
f 1973/316/193 1979/323/193 1980/331/193
f 1974/324/640 1980/331/640 1981/325/640
f 1981/326/643 1982/334/643 1976/327/643
f 1982/334/196 1983/328/196 1977/321/196
f 1977/321/642 1983/328/642 1978/329/642
f 1984/337/645 1985/330/645 1979/323/645
f 1979/323/193 1985/330/193 1986/339/193
f 1980/331/644 1986/339/644 1987/332/644
f 1987/333/647 1988/342/647 1982/334/647
f 1988/342/196 1989/335/196 1983/328/196
f 1983/328/646 1989/335/646 1984/337/646
f 1990/336/649 1991/338/649 1985/330/649
f 1985/330/193 1991/338/193 1992/346/193
f 1992/346/648 1993/340/648 1987/332/648
f 1987/333/651 1993/341/651 1994/349/651
f 1994/349/196 1995/343/196 1989/335/196
f 1989/335/650 1995/343/650 1990/336/650
f 1996/344/655 1997/345/655 1991/338/655
f 1991/338/193 1997/345/193 1998/352/193
f 1998/352/668 1999/347/738 1993/340/668
f 1993/341/669 1999/348/739 2000/355/670
f 2000/355/196 2001/350/196 1995/343/196
f 1995/343/657 2001/350/657 1996/344/657
f 2002/357/660 2003/351/660 1997/345/660
f 1997/345/193 2003/351/193 2004/358/193
f 2004/358/659 2005/353/659 1999/347/659
f 1999/348/662 2005/354/662 2006/359/662
f 2006/359/196 2007/356/196 2001/350/196
f 2001/350/661 2007/356/661 2002/357/661
f 2002/357/664 1816/132/664 1817/134/664
f 2003/351/193 1817/134/193 1818/135/193
f 2004/358/663 1818/135/663 1819/137/663
f 1819/138/666 1820/140/666 2006/359/666
f 1820/140/196 1821/142/196 2007/356/196
f 1821/142/665 1816/132/665 2002/357/665
usemtl Material.024
f 2008/333/671 2009/170/671 2010/363/671
f 2010/165/672 2012/364/672 2011/365/672
f 2008/366/673 2015/365/673 2013/366/673
f 2010/337/674 2011/365/674 2008/366/674
f 2010/221/675 2009/367/675 2012/364/675
f 2014/367/676 2020/364/676 2016/364/676
f 2009/170/677 2013/333/677 2014/170/677
f 2012/364/678 2014/367/678 2016/364/678
f 2011/365/679 2016/364/679 2015/365/679
f 2020/364/193 2017/332/193 2019/365/193
f 2016/364/680 2019/365/680 2015/365/680
f 2013/366/681 2019/365/681 2017/366/681
f 2014/170/682 2017/333/682 2018/170/682
f 2008/366/673 2011/365/673 2015/365/673
f 2014/367/676 2018/367/676 2020/364/676
f 2009/170/677 2008/333/677 2013/333/677
f 2012/364/678 2009/367/678 2014/367/678
f 2011/365/679 2012/364/679 2016/364/679
f 2020/364/193 2018/168/193 2017/332/193
f 2016/364/680 2020/364/680 2019/365/680
f 2013/366/681 2015/365/681 2019/365/681
f 2014/170/682 2013/333/682 2017/333/682
usemtl マテリアル.001
f 2021/333/683 2022/170/683 2023/363/683
f 2023/165/684 2025/364/684 2024/365/684
f 2025/364/685 2021/332/685 2024/365/685
f 2023/337/686 2024/365/686 2021/366/686
f 2023/221/687 2022/367/687 2025/364/687
f 2026/333/688 2027/170/688 2028/363/688
f 2028/165/689 2030/364/689 2029/365/689
f 2030/364/690 2026/332/690 2029/365/690
f 2028/337/691 2029/365/691 2026/366/691
f 2028/221/692 2027/367/692 2030/364/692
f 2031/333/693 2032/170/693 2033/363/693
f 2033/165/694 2035/364/694 2034/365/694
f 2035/364/695 2031/332/695 2034/365/695
f 2033/337/696 2034/365/696 2031/366/696
f 2033/221/697 2032/367/697 2035/364/697
f 2036/333/698 2037/170/698 2038/363/698
f 2038/165/699 2040/364/699 2039/365/699
f 2040/364/700 2036/332/700 2039/365/700
f 2038/337/701 2039/365/701 2036/366/701
f 2038/221/702 2037/367/702 2040/364/702
f 2041/333/703 2042/170/703 2043/363/703
f 2043/165/704 2045/364/704 2044/365/704
f 2045/364/705 2041/332/705 2044/365/705
f 2043/337/706 2044/365/706 2041/366/706
f 2043/221/707 2042/367/707 2045/364/707
f 2046/333/708 2047/170/708 2048/363/708
f 2048/165/709 2050/364/709 2049/365/709
f 2050/364/710 2046/332/710 2049/365/710
f 2048/337/711 2049/365/711 2046/366/711
f 2048/221/712 2047/367/712 2050/364/712
f 2051/333/713 2052/170/713 2053/363/713
f 2053/165/714 2055/364/714 2054/365/714
f 2055/364/715 2051/332/715 2054/365/715
f 2053/337/716 2054/365/716 2051/366/716
f 2053/221/717 2052/367/717 2055/364/717
f 2056/333/718 2057/170/718 2058/363/718
f 2058/165/719 2060/364/719 2059/365/719
f 2060/364/720 2056/332/720 2059/365/720
f 2058/337/721 2059/365/721 2056/366/721
f 2058/221/722 2057/367/722 2060/364/722
f 2025/364/685 2022/168/685 2021/332/685
f 2030/364/690 2027/168/690 2026/332/690
f 2035/364/695 2032/168/695 2031/332/695
f 2040/364/700 2037/168/700 2036/332/700
f 2045/364/705 2042/168/705 2041/332/705
f 2050/364/710 2047/168/710 2046/332/710
f 2055/364/715 2052/168/715 2051/332/715
f 2060/364/720 2057/168/720 2056/332/720
o Text.002
v 3.394261 0.050000 -0.257089
v 3.146101 0.050000 -0.257089
v 3.149091 0.050000 -0.311367
v 3.544353 0.050000 -0.311367
v 3.480968 0.050000 -0.123694
v 3.580231 0.050000 -0.123694
v 3.560498 0.050000 0.214852
v 3.100655 0.050000 0.214852
v 3.112016 0.050000 0.009701
v 3.366156 0.050000 0.009701
v 3.357784 0.050000 0.160575
v 3.432531 0.050000 0.160575
v 3.445687 0.050000 -0.070336
v 3.088097 0.050000 -0.070336
v 3.091087 0.050000 -0.123694
v 3.349412 0.050000 -0.123694
v 3.202310 0.050000 0.063978
v 3.269284 0.050000 0.063978
v 3.263902 0.050000 0.160575
v 3.197527 0.050000 0.160575
v 2.539155 0.050000 -0.203731
v 2.468594 0.050000 -0.203731
v 2.470986 0.050000 -0.258009
v 2.554702 0.050000 -0.258009
v 2.574435 0.050000 -0.326086
v 2.705392 0.050000 -0.326086
v 2.685659 0.050000 -0.258009
v 2.991823 0.050000 -0.258009
v 2.988833 0.050000 -0.203731
v 2.670112 0.050000 -0.203731
v 2.578023 0.050000 0.113656
v 2.447067 0.050000 0.113656
v 2.806450 0.050000 -0.087816
v 2.686257 0.050000 -0.087816
v 2.689247 0.050000 -0.142093
v 2.975080 0.050000 -0.142093
v 2.972090 0.050000 -0.087816
v 2.928437 0.050000 -0.087816
v 2.923056 0.050000 0.002341
v 2.979863 0.050000 0.002341
v 2.976873 0.050000 0.056619
v 2.920066 0.050000 0.056619
v 2.910498 0.050000 0.214852
v 2.601942 0.050000 0.214852
v 2.613304 0.050000 0.002341
v 2.801666 0.050000 0.002341
v 2.792697 0.050000 0.160575
v 2.798677 0.050000 0.056619
v 2.731703 0.050000 0.056619
v 2.726321 0.050000 0.160575
v 1.980645 0.050000 0.214852
v 1.849689 0.050000 0.214852
v 1.879587 0.050000 -0.311367
v 2.011142 0.050000 -0.311367
v 2.339431 0.050000 0.214852
v 2.053598 0.050000 0.171614
v 2.056588 0.050000 0.103537
v 2.343019 0.050000 0.146775
v 2.346009 0.050000 -0.221210
v 2.083497 0.050000 -0.221210
v 2.085889 0.050000 -0.275488
v 2.348401 0.050000 -0.275488
v 1.340213 0.050000 -0.232250
v 1.241547 0.050000 -0.232250
v 1.244537 0.050000 -0.286528
v 1.352172 0.050000 -0.286528
v 1.360544 0.050000 -0.326086
v 1.492099 0.050000 -0.326086
v 1.483727 0.050000 -0.286528
v 1.771952 0.050000 -0.286528
v 1.768962 0.050000 -0.232250
v 1.471768 0.050000 -0.232250
v 1.438281 0.050000 -0.080456
v 1.740857 0.050000 -0.080456
v 1.724113 0.050000 0.214852
v 1.288787 0.050000 0.214852
v 1.291777 0.050000 0.160575
v 1.595549 0.050000 0.160575
v 1.606312 0.050000 -0.027098
v 1.295365 0.050000 -0.027098
v 0.675264 0.050000 -0.212931
v 0.622642 0.050000 -0.212931
v 0.625631 0.050000 -0.268128
v 0.678253 0.050000 -0.268128
v 0.682439 0.050000 -0.337126
v 0.797251 0.050000 -0.337126
v 0.793065 0.050000 -0.268128
v 0.826551 0.050000 -0.268128
v 0.823562 0.050000 -0.212931
v 0.790075 0.050000 -0.212931
v 0.781105 0.050000 -0.051937
v 0.815190 0.050000 -0.058377
v 0.812200 0.050000 -0.003179
v 0.777517 0.050000 0.003261
v 0.765558 0.050000 0.214852
v 0.758980 0.050000 0.214852
v 0.650746 0.050000 0.214852
v 0.612476 0.050000 0.214852
v 0.615466 0.050000 0.159655
v 0.653736 0.050000 0.159655
v 0.661510 0.050000 0.024420
v 0.608888 0.050000 0.033620
v 0.611878 0.050000 -0.021578
v 0.665098 0.050000 -0.030778
v 0.998171 0.050000 -0.270888
v 0.845089 0.050000 -0.270888
v 0.848079 0.050000 -0.326086
v 1.166202 0.050000 -0.326086
v 1.163212 0.050000 -0.270888
v 1.117766 0.050000 -0.270888
v 1.089661 0.050000 0.214852
v 0.970066 0.050000 0.214852
v 0.158014 0.050000 0.214852
v 0.052770 0.050000 0.214852
v 0.060544 0.050000 0.077778
v -0.007027 0.050000 0.077778
v 0.077287 0.050000 -0.211091
v 0.077287 0.050000 -0.212931
v 0.010314 0.050000 -0.212931
v 0.013304 0.050000 -0.268128
v 0.080277 0.050000 -0.268128
v 0.084463 0.050000 -0.338045
v 0.189707 0.050000 -0.338045
v 0.185521 0.050000 -0.268128
v 0.233359 0.050000 -0.268128
v 0.230369 0.050000 -0.212931
v 0.182531 0.050000 -0.212931
v 0.174758 0.050000 -0.080456
v 0.223194 0.050000 -0.061137
v 0.220204 0.050000 -0.005939
v 0.171768 0.050000 -0.025258
v 0.236947 0.050000 0.214852
v 0.226184 0.050000 0.214852
v 0.257278 0.050000 -0.326086
v 0.294951 0.050000 -0.326086
v 0.362522 0.050000 -0.326086
v 0.443847 0.050000 -0.326086
v 0.488695 0.050000 -0.326086
v 0.549091 0.050000 -0.326086
v 0.517996 0.050000 0.214852
v 0.509624 0.050000 0.214852
v 0.412752 0.050000 0.214852
v 0.331427 0.050000 0.214852
v 0.440857 0.050000 -0.270888
v 0.359532 0.050000 -0.270888
v 0.353552 0.050000 -0.171532
v 0.434877 0.050000 -0.171532
v 0.415742 0.050000 0.159655
v 0.423516 0.050000 0.030860
v 0.342191 0.050000 0.030860
v 0.334417 0.050000 0.159655
v 0.426505 0.050000 -0.024338
v 0.431887 0.050000 -0.116334
v 0.350563 0.050000 -0.116334
v 0.345181 0.050000 -0.024338
v -0.251599 0.050000 -0.204651
v -0.423817 0.050000 -0.204651
v -0.420827 0.050000 -0.258929
v -0.248610 0.050000 -0.258929
v -0.244424 0.050000 -0.326086
v -0.122437 0.050000 -0.326086
v -0.126622 0.050000 -0.258929
v -0.066825 0.050000 -0.258929
v -0.069815 0.050000 -0.204651
v -0.129612 0.050000 -0.204651
v -0.140974 0.050000 -0.005019
v -0.081176 0.050000 -0.005019
v -0.084166 0.050000 0.049259
v -0.144562 0.050000 0.049259
v -0.154129 0.050000 0.214852
v -0.442354 0.050000 0.214852
v -0.430394 0.050000 -0.005019
v -0.262961 0.050000 -0.005019
v -0.480026 0.050000 0.214852
v -0.611581 0.050000 0.214852
v -0.580486 0.050000 -0.326086
v -0.448932 0.050000 -0.326086
v -0.336512 0.050000 0.160575
v -0.273127 0.050000 0.160575
v -0.266549 0.050000 0.049259
v -0.329934 0.050000 0.049259
v 3.394261 -0.050000 -0.257089
v 3.146101 -0.050000 -0.257089
v 3.149091 -0.050000 -0.311367
v 3.544353 -0.050000 -0.311367
v 3.480968 -0.050000 -0.123694
v 3.580231 -0.050000 -0.123694
v 3.560498 -0.050000 0.214852
v 3.100655 -0.050000 0.214852
v 3.112016 -0.050000 0.009701
v 3.366156 -0.050000 0.009701
v 3.357784 -0.050000 0.160575
v 3.432531 -0.050000 0.160575
v 3.445687 -0.050000 -0.070336
v 3.088097 -0.050000 -0.070336
v 3.091087 -0.050000 -0.123694
v 3.349412 -0.050000 -0.123694
v 3.202310 -0.050000 0.063978
v 3.269284 -0.050000 0.063978
v 3.263902 -0.050000 0.160575
v 3.197527 -0.050000 0.160575
v 2.539155 -0.050000 -0.203731
v 2.468594 -0.050000 -0.203731
v 2.470986 -0.050000 -0.258009
v 2.554702 -0.050000 -0.258009
v 2.574435 -0.050000 -0.326086
v 2.705392 -0.050000 -0.326086
v 2.685659 -0.050000 -0.258009
v 2.991823 -0.050000 -0.258009
v 2.988833 -0.050000 -0.203731
v 2.670112 -0.050000 -0.203731
v 2.578023 -0.050000 0.113656
v 2.447067 -0.050000 0.113656
v 2.806450 -0.050000 -0.087816
v 2.686257 -0.050000 -0.087816
v 2.689247 -0.050000 -0.142093
v 2.975080 -0.050000 -0.142093
v 2.972090 -0.050000 -0.087816
v 2.928437 -0.050000 -0.087816
v 2.923056 -0.050000 0.002341
v 2.979863 -0.050000 0.002341
v 2.976873 -0.050000 0.056619
v 2.920066 -0.050000 0.056619
v 2.910498 -0.050000 0.214852
v 2.601942 -0.050000 0.214852
v 2.613304 -0.050000 0.002341
v 2.801666 -0.050000 0.002341
v 2.792697 -0.050000 0.160575
v 2.798677 -0.050000 0.056619
v 2.731703 -0.050000 0.056619
v 2.726321 -0.050000 0.160575
v 1.980645 -0.050000 0.214852
v 1.849689 -0.050000 0.214852
v 1.879587 -0.050000 -0.311367
v 2.011142 -0.050000 -0.311367
v 2.339431 -0.050000 0.214852
v 2.053598 -0.050000 0.171614
v 2.056588 -0.050000 0.103537
v 2.343019 -0.050000 0.146775
v 2.346009 -0.050000 -0.221210
v 2.083497 -0.050000 -0.221210
v 2.085889 -0.050000 -0.275488
v 2.348401 -0.050000 -0.275488
v 1.340213 -0.050000 -0.232250
v 1.241547 -0.050000 -0.232250
v 1.244537 -0.050000 -0.286528
v 1.352172 -0.050000 -0.286528
v 1.360544 -0.050000 -0.326086
v 1.492099 -0.050000 -0.326086
v 1.483727 -0.050000 -0.286528
v 1.771952 -0.050000 -0.286528
v 1.768962 -0.050000 -0.232250
v 1.471768 -0.050000 -0.232250
v 1.438281 -0.050000 -0.080456
v 1.740857 -0.050000 -0.080456
v 1.724113 -0.050000 0.214852
v 1.288787 -0.050000 0.214852
v 1.291777 -0.050000 0.160575
v 1.595549 -0.050000 0.160575
v 1.606312 -0.050000 -0.027098
v 1.295365 -0.050000 -0.027098
v 0.675264 -0.050000 -0.212931
v 0.622642 -0.050000 -0.212931
v 0.625631 -0.050000 -0.268128
v 0.678253 -0.050000 -0.268128
v 0.682439 -0.050000 -0.337126
v 0.797251 -0.050000 -0.337126
v 0.793065 -0.050000 -0.268128
v 0.826551 -0.050000 -0.268128
v 0.823562 -0.050000 -0.212931
v 0.790075 -0.050000 -0.212931
v 0.781105 -0.050000 -0.051937
v 0.815190 -0.050000 -0.058377
v 0.812200 -0.050000 -0.003179
v 0.777517 -0.050000 0.003261
v 0.765558 -0.050000 0.214852
v 0.758980 -0.050000 0.214852
v 0.650746 -0.050000 0.214852
v 0.612476 -0.050000 0.214852
v 0.615466 -0.050000 0.159655
v 0.653736 -0.050000 0.159655
v 0.661510 -0.050000 0.024420
v 0.608888 -0.050000 0.033620
v 0.611878 -0.050000 -0.021578
v 0.665098 -0.050000 -0.030778
v 0.998171 -0.050000 -0.270888
v 0.845089 -0.050000 -0.270888
v 0.848079 -0.050000 -0.326086
v 1.166202 -0.050000 -0.326086
v 1.163212 -0.050000 -0.270888
v 1.117766 -0.050000 -0.270888
v 1.089661 -0.050000 0.214852
v 0.970066 -0.050000 0.214852
v 0.158014 -0.050000 0.214852
v 0.052770 -0.050000 0.214852
v 0.060544 -0.050000 0.077778
v -0.007027 -0.050000 0.077778
v 0.077287 -0.050000 -0.211091
v 0.077287 -0.050000 -0.212931
v 0.010314 -0.050000 -0.212931
v 0.013304 -0.050000 -0.268128
v 0.080277 -0.050000 -0.268128
v 0.084463 -0.050000 -0.338045
v 0.189707 -0.050000 -0.338045
v 0.185521 -0.050000 -0.268128
v 0.233359 -0.050000 -0.268128
v 0.230369 -0.050000 -0.212931
v 0.182531 -0.050000 -0.212931
v 0.174758 -0.050000 -0.080456
v 0.223194 -0.050000 -0.061137
v 0.220204 -0.050000 -0.005939
v 0.171768 -0.050000 -0.025258
v 0.236947 -0.050000 0.214852
v 0.226184 -0.050000 0.214852
v 0.257278 -0.050000 -0.326086
v 0.294951 -0.050000 -0.326086
v 0.362522 -0.050000 -0.326086
v 0.443847 -0.050000 -0.326086
v 0.488695 -0.050000 -0.326086
v 0.549091 -0.050000 -0.326086
v 0.517996 -0.050000 0.214852
v 0.509624 -0.050000 0.214852
v 0.412752 -0.050000 0.214852
v 0.331427 -0.050000 0.214852
v 0.440857 -0.050000 -0.270888
v 0.359532 -0.050000 -0.270888
v 0.353552 -0.050000 -0.171532
v 0.434877 -0.050000 -0.171532
v 0.415742 -0.050000 0.159655
v 0.423516 -0.050000 0.030860
v 0.342191 -0.050000 0.030860
v 0.334417 -0.050000 0.159655
v 0.426505 -0.050000 -0.024338
v 0.431887 -0.050000 -0.116334
v 0.350563 -0.050000 -0.116334
v 0.345181 -0.050000 -0.024338
v -0.251599 -0.050000 -0.204651
v -0.423817 -0.050000 -0.204651
v -0.420827 -0.050000 -0.258929
v -0.248610 -0.050000 -0.258929
v -0.244424 -0.050000 -0.326086
v -0.122437 -0.050000 -0.326086
v -0.126622 -0.050000 -0.258929
v -0.066825 -0.050000 -0.258929
v -0.069815 -0.050000 -0.204651
v -0.129612 -0.050000 -0.204651
v -0.140974 -0.050000 -0.005019
v -0.081176 -0.050000 -0.005019
v -0.084166 -0.050000 0.049259
v -0.144562 -0.050000 0.049259
v -0.154129 -0.050000 0.214852
v -0.442354 -0.050000 0.214852
v -0.430394 -0.050000 -0.005019
v -0.262961 -0.050000 -0.005019
v -0.480026 -0.050000 0.214852
v -0.611581 -0.050000 0.214852
v -0.580486 -0.050000 -0.326086
v -0.448932 -0.050000 -0.326086
v -0.336512 -0.050000 0.160575
v -0.273127 -0.050000 0.160575
v -0.266549 -0.050000 0.049259
v -0.329934 -0.050000 0.049259
v -0.251599 -0.050000 -0.204651
v -0.251599 0.050000 -0.204651
v -0.423817 -0.050000 -0.204651
v -0.423817 0.050000 -0.204651
v -0.420827 -0.050000 -0.258929
v -0.420827 0.050000 -0.258929
v -0.248610 -0.050000 -0.258929
v -0.248610 0.050000 -0.258929
v -0.244424 -0.050000 -0.326086
v -0.244424 0.050000 -0.326086
v -0.122437 -0.050000 -0.326086
v -0.122437 0.050000 -0.326086
v -0.126622 -0.050000 -0.258929
v -0.126622 0.050000 -0.258929
v -0.066825 -0.050000 -0.258929
v -0.066825 0.050000 -0.258929
v -0.069815 -0.050000 -0.204651
v -0.069815 0.050000 -0.204651
v -0.129612 -0.050000 -0.204651
v -0.129612 0.050000 -0.204651
v -0.140974 -0.050000 -0.005019
v -0.140974 0.050000 -0.005019
v -0.081176 -0.050000 -0.005019
v -0.081176 0.050000 -0.005019
v -0.084166 -0.050000 0.049259
v -0.084166 0.050000 0.049259
v -0.144562 -0.050000 0.049259
v -0.144562 0.050000 0.049259
v -0.154129 -0.050000 0.214852
v -0.154129 0.050000 0.214852
v -0.442354 -0.050000 0.214852
v -0.442354 0.050000 0.214852
v -0.430394 -0.050000 -0.005019
v -0.430394 0.050000 -0.005019
v -0.262961 -0.050000 -0.005019
v -0.262961 0.050000 -0.005019
v -0.480026 -0.050000 0.214852
v -0.480026 0.050000 0.214852
v -0.611581 -0.050000 0.214852
v -0.611581 0.050000 0.214852
v -0.580486 -0.050000 -0.326086
v -0.580486 0.050000 -0.326086
v -0.448932 -0.050000 -0.326086
v -0.448932 0.050000 -0.326086
v -0.336512 -0.050000 0.160575
v -0.336512 0.050000 0.160575
v -0.273127 -0.050000 0.160575
v -0.273127 0.050000 0.160575
v -0.266549 -0.050000 0.049259
v -0.266549 0.050000 0.049259
v -0.329934 -0.050000 0.049259
v -0.329934 0.050000 0.049259
v 0.158014 -0.050000 0.214852
v 0.158014 0.050000 0.214852
v 0.052770 -0.050000 0.214852
v 0.052770 0.050000 0.214852
v 0.060544 -0.050000 0.077778
v 0.060544 0.050000 0.077778
v -0.007027 -0.050000 0.077778
v -0.007027 0.050000 0.077778
v 0.077287 -0.050000 -0.211091
v 0.077287 0.050000 -0.211091
v 0.077287 -0.050000 -0.212931
v 0.077287 0.050000 -0.212931
v 0.010314 -0.050000 -0.212931
v 0.010314 0.050000 -0.212931
v 0.013304 -0.050000 -0.268128
v 0.013304 0.050000 -0.268128
v 0.080277 -0.050000 -0.268128
v 0.080277 0.050000 -0.268128
v 0.084463 -0.050000 -0.338045
v 0.084463 0.050000 -0.338045
v 0.189707 -0.050000 -0.338045
v 0.189707 0.050000 -0.338045
v 0.185521 -0.050000 -0.268128
v 0.185521 0.050000 -0.268128
v 0.233359 -0.050000 -0.268128
v 0.233359 0.050000 -0.268128
v 0.230369 -0.050000 -0.212931
v 0.230369 0.050000 -0.212931
v 0.182531 -0.050000 -0.212931
v 0.182531 0.050000 -0.212931
v 0.174758 -0.050000 -0.080456
v 0.174758 0.050000 -0.080456
v 0.223194 -0.050000 -0.061137
v 0.223194 0.050000 -0.061137
v 0.220204 -0.050000 -0.005939
v 0.220204 0.050000 -0.005939
v 0.171768 -0.050000 -0.025258
v 0.171768 0.050000 -0.025258
v 0.236947 -0.050000 0.214852
v 0.236947 0.050000 0.214852
v 0.226184 -0.050000 0.214852
v 0.226184 0.050000 0.214852
v 0.257278 -0.050000 -0.326086
v 0.257278 0.050000 -0.326086
v 0.294951 -0.050000 -0.326086
v 0.294951 0.050000 -0.326086
v 0.362522 -0.050000 -0.326086
v 0.362522 0.050000 -0.326086
v 0.443847 -0.050000 -0.326086
v 0.443847 0.050000 -0.326086
v 0.488695 -0.050000 -0.326086
v 0.488695 0.050000 -0.326086
v 0.549091 -0.050000 -0.326086
v 0.549091 0.050000 -0.326086
v 0.517996 -0.050000 0.214852
v 0.517996 0.050000 0.214852
v 0.509624 -0.050000 0.214852
v 0.509624 0.050000 0.214852
v 0.412752 -0.050000 0.214852
v 0.412752 0.050000 0.214852
v 0.331427 -0.050000 0.214852
v 0.331427 0.050000 0.214852
v 0.440857 -0.050000 -0.270888
v 0.440857 0.050000 -0.270888
v 0.359532 -0.050000 -0.270888
v 0.359532 0.050000 -0.270888
v 0.353552 -0.050000 -0.171532
v 0.353552 0.050000 -0.171532
v 0.434877 -0.050000 -0.171532
v 0.434877 0.050000 -0.171532
v 0.415742 -0.050000 0.159655
v 0.415742 0.050000 0.159655
v 0.423516 -0.050000 0.030860
v 0.423516 0.050000 0.030860
v 0.342191 -0.050000 0.030860
v 0.342191 0.050000 0.030860
v 0.334417 -0.050000 0.159655
v 0.334417 0.050000 0.159655
v 0.426505 -0.050000 -0.024338
v 0.426505 0.050000 -0.024338
v 0.431887 -0.050000 -0.116334
v 0.431887 0.050000 -0.116334
v 0.350563 -0.050000 -0.116334
v 0.350563 0.050000 -0.116334
v 0.345181 -0.050000 -0.024338
v 0.345181 0.050000 -0.024338
v 0.675264 -0.050000 -0.212931
v 0.675264 0.050000 -0.212931
v 0.622642 -0.050000 -0.212931
v 0.622642 0.050000 -0.212931
v 0.625631 -0.050000 -0.268128
v 0.625631 0.050000 -0.268128
v 0.678253 -0.050000 -0.268128
v 0.678253 0.050000 -0.268128
v 0.682439 -0.050000 -0.337126
v 0.682439 0.050000 -0.337126
v 0.797251 -0.050000 -0.337126
v 0.797251 0.050000 -0.337126
v 0.793065 -0.050000 -0.268128
v 0.793065 0.050000 -0.268128
v 0.826551 -0.050000 -0.268128
v 0.826551 0.050000 -0.268128
v 0.823562 -0.050000 -0.212931
v 0.823562 0.050000 -0.212931
v 0.790075 -0.050000 -0.212931
v 0.790075 0.050000 -0.212931
v 0.781105 -0.050000 -0.051937
v 0.781105 0.050000 -0.051937
v 0.815190 -0.050000 -0.058377
v 0.815190 0.050000 -0.058377
v 0.812200 -0.050000 -0.003179
v 0.812200 0.050000 -0.003179
v 0.777517 -0.050000 0.003261
v 0.777517 0.050000 0.003261
v 0.765558 -0.050000 0.214852
v 0.765558 0.050000 0.214852
v 0.758980 -0.050000 0.214852
v 0.758980 0.050000 0.214852
v 0.650746 -0.050000 0.214852
v 0.650746 0.050000 0.214852
v 0.612476 -0.050000 0.214852
v 0.612476 0.050000 0.214852
v 0.615466 -0.050000 0.159655
v 0.615466 0.050000 0.159655
v 0.653736 -0.050000 0.159655
v 0.653736 0.050000 0.159655
v 0.661510 -0.050000 0.024420
v 0.661510 0.050000 0.024420
v 0.608888 -0.050000 0.033620
v 0.608888 0.050000 0.033620
v 0.611878 -0.050000 -0.021578
v 0.611878 0.050000 -0.021578
v 0.665098 -0.050000 -0.030778
v 0.665098 0.050000 -0.030778
v 0.998171 -0.050000 -0.270888
v 0.998171 0.050000 -0.270888
v 0.845089 -0.050000 -0.270888
v 0.845089 0.050000 -0.270888
v 0.848079 -0.050000 -0.326086
v 0.848079 0.050000 -0.326086
v 1.166202 -0.050000 -0.326086
v 1.166202 0.050000 -0.326086
v 1.163212 -0.050000 -0.270888
v 1.163212 0.050000 -0.270888
v 1.117766 -0.050000 -0.270888
v 1.117766 0.050000 -0.270888
v 1.089661 -0.050000 0.214852
v 1.089661 0.050000 0.214852
v 0.970066 -0.050000 0.214852
v 0.970066 0.050000 0.214852
v 1.340213 -0.050000 -0.232250
v 1.340213 0.050000 -0.232250
v 1.241547 -0.050000 -0.232250
v 1.241547 0.050000 -0.232250
v 1.244537 -0.050000 -0.286528
v 1.244537 0.050000 -0.286528
v 1.352172 -0.050000 -0.286528
v 1.352172 0.050000 -0.286528
v 1.360544 -0.050000 -0.326086
v 1.360544 0.050000 -0.326086
v 1.492099 -0.050000 -0.326086
v 1.492099 0.050000 -0.326086
v 1.483727 -0.050000 -0.286528
v 1.483727 0.050000 -0.286528
v 1.771952 -0.050000 -0.286528
v 1.771952 0.050000 -0.286528
v 1.768962 -0.050000 -0.232250
v 1.768962 0.050000 -0.232250
v 1.471768 -0.050000 -0.232250
v 1.471768 0.050000 -0.232250
v 1.438281 -0.050000 -0.080456
v 1.438281 0.050000 -0.080456
v 1.740857 -0.050000 -0.080456
v 1.740857 0.050000 -0.080456
v 1.724113 -0.050000 0.214852
v 1.724113 0.050000 0.214852
v 1.288787 -0.050000 0.214852
v 1.288787 0.050000 0.214852
v 1.291777 -0.050000 0.160575
v 1.291777 0.050000 0.160575
v 1.595549 -0.050000 0.160575
v 1.595549 0.050000 0.160575
v 1.606312 -0.050000 -0.027098
v 1.606312 0.050000 -0.027098
v 1.295365 -0.050000 -0.027098
v 1.295365 0.050000 -0.027098
v 1.980645 -0.050000 0.214852
v 1.980645 0.050000 0.214852
v 1.849689 -0.050000 0.214852
v 1.849689 0.050000 0.214852
v 1.879587 -0.050000 -0.311367
v 1.879587 0.050000 -0.311367
v 2.011142 -0.050000 -0.311367
v 2.011142 0.050000 -0.311367
v 2.339431 -0.050000 0.214852
v 2.339431 0.050000 0.214852
v 2.053598 -0.050000 0.171614
v 2.053598 0.050000 0.171614
v 2.056588 -0.050000 0.103537
v 2.056588 0.050000 0.103537
v 2.343019 -0.050000 0.146775
v 2.343019 0.050000 0.146775
v 2.346009 -0.050000 -0.221210
v 2.346009 0.050000 -0.221210
v 2.083497 -0.050000 -0.221210
v 2.083497 0.050000 -0.221210
v 2.085889 -0.050000 -0.275488
v 2.085889 0.050000 -0.275488
v 2.348401 -0.050000 -0.275488
v 2.348401 0.050000 -0.275488
v 2.539155 -0.050000 -0.203731
v 2.539155 0.050000 -0.203731
v 2.468594 -0.050000 -0.203731
v 2.468594 0.050000 -0.203731
v 2.470986 -0.050000 -0.258009
v 2.470986 0.050000 -0.258009
v 2.554702 -0.050000 -0.258009
v 2.554702 0.050000 -0.258009
v 2.574435 -0.050000 -0.326086
v 2.574435 0.050000 -0.326086
v 2.705392 -0.050000 -0.326086
v 2.705392 0.050000 -0.326086
v 2.685659 -0.050000 -0.258009
v 2.685659 0.050000 -0.258009
v 2.991823 -0.050000 -0.258009
v 2.991823 0.050000 -0.258009
v 2.988833 -0.050000 -0.203731
v 2.988833 0.050000 -0.203731
v 2.670112 -0.050000 -0.203731
v 2.670112 0.050000 -0.203731
v 2.578023 -0.050000 0.113656
v 2.578023 0.050000 0.113656
v 2.447067 -0.050000 0.113656
v 2.447067 0.050000 0.113656
v 2.806450 -0.050000 -0.087816
v 2.806450 0.050000 -0.087816
v 2.686257 -0.050000 -0.087816
v 2.686257 0.050000 -0.087816
v 2.689247 -0.050000 -0.142093
v 2.689247 0.050000 -0.142093
v 2.975080 -0.050000 -0.142093
v 2.975080 0.050000 -0.142093
v 2.972090 -0.050000 -0.087816
v 2.972090 0.050000 -0.087816
v 2.928437 -0.050000 -0.087816
v 2.928437 0.050000 -0.087816
v 2.923056 -0.050000 0.002341
v 2.923056 0.050000 0.002341
v 2.979863 -0.050000 0.002341
v 2.979863 0.050000 0.002341
v 2.976873 -0.050000 0.056619
v 2.976873 0.050000 0.056619
v 2.920066 -0.050000 0.056619
v 2.920066 0.050000 0.056619
v 2.910498 -0.050000 0.214852
v 2.910498 0.050000 0.214852
v 2.601942 -0.050000 0.214852
v 2.601942 0.050000 0.214852
v 2.613304 -0.050000 0.002341
v 2.613304 0.050000 0.002341
v 2.801666 -0.050000 0.002341
v 2.801666 0.050000 0.002341
v 2.792697 -0.050000 0.160575
v 2.792697 0.050000 0.160575
v 2.798677 -0.050000 0.056619
v 2.798677 0.050000 0.056619
v 2.731703 -0.050000 0.056619
v 2.731703 0.050000 0.056619
v 2.726321 -0.050000 0.160575
v 2.726321 0.050000 0.160575
v 3.394261 -0.050000 -0.257089
v 3.394261 0.050000 -0.257089
v 3.146101 -0.050000 -0.257089
v 3.146101 0.050000 -0.257089
v 3.149091 -0.050000 -0.311367
v 3.149091 0.050000 -0.311367
v 3.544353 -0.050000 -0.311367
v 3.544353 0.050000 -0.311367
v 3.480968 -0.050000 -0.123694
v 3.480968 0.050000 -0.123694
v 3.580231 -0.050000 -0.123694
v 3.580231 0.050000 -0.123694
v 3.560498 -0.050000 0.214852
v 3.560498 0.050000 0.214852
v 3.100655 -0.050000 0.214852
v 3.100655 0.050000 0.214852
v 3.112016 -0.050000 0.009701
v 3.112016 0.050000 0.009701
v 3.366156 -0.050000 0.009701
v 3.366156 0.050000 0.009701
v 3.357784 -0.050000 0.160575
v 3.357784 0.050000 0.160575
v 3.432531 -0.050000 0.160575
v 3.432531 0.050000 0.160575
v 3.445687 -0.050000 -0.070336
v 3.445687 0.050000 -0.070336
v 3.088097 -0.050000 -0.070336
v 3.088097 0.050000 -0.070336
v 3.091087 -0.050000 -0.123694
v 3.091087 0.050000 -0.123694
v 3.349412 -0.050000 -0.123694
v 3.349412 0.050000 -0.123694
v 3.202310 -0.050000 0.063978
v 3.202310 0.050000 0.063978
v 3.269284 -0.050000 0.063978
v 3.269284 0.050000 0.063978
v 3.263902 -0.050000 0.160575
v 3.263902 0.050000 0.160575
v 3.197527 -0.050000 0.160575
v 3.197527 0.050000 0.160575
vn -0.0000 1.0000 -0.0000
vn -0.0000 -1.0000 -0.0000
vn -0.8585 -0.0000 0.5127
vn -0.8591 -0.0000 0.5117
vn -0.8164 -0.0000 -0.5775
vn -0.8585 -0.0000 0.5128
vn -0.8133 -0.0000 -0.5818
vn -0.8133 -0.0000 -0.5819
vn 0.8610 -0.0000 -0.5087
vn 0.8610 -0.0000 -0.5086
vn 0.8585 -0.0000 -0.5129
vn 0.8164 -0.0000 0.5775
vn 0.8585 0.0001 -0.5128
vn 0.8156 -0.0000 0.5786
vn 0.8591 -0.0000 -0.5117
vn 0.8156 -0.0000 0.5787
vn 0.8592 -0.0000 -0.5117
vn 0.8152 -0.0000 0.5792
vn 0.8153 -0.0001 0.5791
vn 0.8152 -0.0000 0.5791
vn -0.8583 -0.0000 0.5132
vn 0.8153 -0.0000 0.5791
vn -0.8166 -0.0001 -0.5771
vn -0.8156 -0.0000 -0.5786
vn -0.8166 -0.0000 -0.5771
vn -0.8156 -0.0000 -0.5787
vn -0.8593 -0.0000 0.5114
vn 0.8154 -0.0000 0.5789
vn 0.8154 -0.0001 0.5789
vn -0.8154 -0.0001 -0.5789
vn 0.8593 -0.0000 -0.5114
vn -0.8154 -0.0000 -0.5789
vn -0.8147 -0.0000 -0.5799
vn 0.8599 -0.0000 -0.5105
vn -0.8599 -0.0000 0.5105
vn 0.8147 -0.0000 0.5799
vn -0.8591 -0.0000 0.5118
vn 0.8154 -0.0000 0.5788
vn -0.9217 -0.0000 0.3878
vn -0.8591 -0.0000 0.5119
vn -0.9904 -0.0000 -0.1379
vn -0.9217 -0.0000 0.3879
vn -0.8384 -0.0000 0.5451
vn -0.8582 -0.0000 0.5133
vn -0.8167 -0.0000 -0.5770
vn -0.8582 -0.0000 0.5134
vn -0.8143 -0.0000 -0.5804
vn -0.8167 -0.0000 -0.5771
vn -0.8144 -0.0000 -0.5803
vn 0.8601 -0.0000 -0.5100
vn 0.8602 -0.0000 -0.5100
vn 0.8582 -0.0000 -0.5133
vn 0.8167 -0.0000 0.5770
vn 0.8582 -0.0000 -0.5134
vn 0.8149 -0.0001 0.5796
vn 0.9093 -0.0000 -0.4162
vn 0.8149 -0.0000 0.5796
vn 0.9081 -0.0000 -0.4188
vn 0.7373 -0.0001 0.6756
vn 0.9081 -0.0000 -0.4187
vn 0.7356 -0.0000 0.6775
vn 0.7373 -0.0000 0.6756
vn 0.7356 -0.0000 0.6774
vn -0.0000 -0.0000 1.0000
vn -0.8593 0.0001 0.5114
vn -0.0000 -0.0000 -1.0000
vn 0.8593 -0.0000 -0.5115
vn 0.8593 0.0001 -0.5114
vn 0.8142 -0.0000 0.5806
vn -0.8603 -0.0000 0.5098
vn 0.8603 -0.0000 -0.5098
vn 0.8142 -0.0000 0.5805
vn -0.8142 -0.0000 -0.5806
vn -0.8142 -0.0000 -0.5805
vn -0.8603 -0.0000 0.5097
vn -0.8142 -0.0001 -0.5806
vn 0.8603 -0.0000 -0.5097
vn -0.8597 -0.0000 0.5108
vn -0.8150 -0.0000 -0.5795
vn -0.8149 -0.0000 -0.5796
vn 0.8597 -0.0000 -0.5108
vn 0.8150 -0.0000 0.5795
vn -0.8587 -0.0000 0.5124
vn -0.8588 -0.0000 0.5123
vn -0.8582 0.0001 0.5133
vn -0.8140 -0.0000 -0.5809
vn -0.8168 -0.0000 -0.5770
vn -0.8140 -0.0000 -0.5808
vn 0.8605 -0.0000 -0.5095
vn 0.8582 0.0001 -0.5133
vn 0.8161 -0.0000 0.5779
vn 0.8291 -0.0000 -0.5591
vn 0.8285 -0.0000 -0.5600
vn 0.8474 -0.0000 0.5309
vn 0.8285 0.0001 -0.5600
vn 0.8466 -0.0000 0.5322
vn 0.8475 -0.0000 0.5308
vn 0.8157 -0.0001 0.5784
vn 0.8157 -0.0000 0.5784
vn -0.8322 -0.0000 0.5545
vn -0.8308 -0.0000 0.5566
vn -0.8321 0.0001 0.5547
vn -0.8455 -0.0000 -0.5340
vn -0.8308 0.0001 0.5566
vn -0.8448 -0.0000 -0.5350
vn -0.8595 -0.0000 0.5112
vn -0.8594 -0.0000 0.5112
vn -0.8595 -0.0000 0.5111
vn -0.9060 -0.0000 0.4233
vn -0.7450 -0.0000 -0.6670
vn -0.7451 -0.0000 -0.6670
vn 0.9043 -0.0000 -0.4269
vn 0.9043 -0.0000 -0.4268
vn 0.8585 -0.0000 -0.5128
vn 0.7407 -0.0001 0.6718
vn 0.9065 -0.0000 -0.4222
vn 0.7407 -0.0000 0.6718
vn 0.8591 -0.0000 -0.5118
vn 0.8157 -0.0000 0.5785
vn 0.8591 0.0001 -0.5118
vn 0.8156 -0.0000 0.5785
vn -0.8585 0.0001 0.5128
vn -0.8593 -0.0000 0.5115
vn -0.8591 0.0001 0.5118
vn 0.8595 -0.0000 -0.5111
vn -0.8157 -0.0000 -0.5785
vn 0.8595 0.0001 -0.5111
vn -0.8761 -0.0000 0.4822
vn 0.7892 -0.0000 0.6142
vn 0.7892 -0.0000 0.6141
vn -0.7933 -0.0000 -0.6089
vn -0.8760 -0.0000 0.4822
vn 0.8788 -0.0000 -0.4772
vn -0.7933 -0.0000 -0.6088
vn 0.8787 0.0001 -0.4773
vn -0.8547 -0.0000 0.5191
vn 0.8209 -0.0000 0.5711
vn 0.8209 -0.0001 0.5711
vn -0.8209 -0.0001 -0.5711
vn -0.8547 -0.0000 0.5192
vn 0.8547 -0.0000 -0.5191
vn -0.8209 -0.0000 -0.5710
vn 0.8547 -0.0000 -0.5192
vn -0.9214 -0.0000 0.3886
vn -0.8209 -0.0000 -0.5711
vn -0.7065 -0.0000 -0.7077
vn -0.7065 -0.0001 -0.7077
vn 0.9213 -0.0000 -0.3888
vn 0.9213 -0.0000 -0.3887
vn 0.9214 -0.0000 -0.3887
vn 0.7064 -0.0001 0.7078
vn 0.7064 -0.0000 0.7078
vn -0.8578 0.0001 0.5140
vn -0.8578 -0.0000 0.5140
vn 0.8144 -0.0000 0.5803
vn 0.8601 -0.0000 -0.5101
vn 0.8145 -0.0000 0.5802
vn 0.8601 -0.0000 -0.5102
vn 0.8141 -0.0000 0.5807
vn 0.8141 -0.0000 0.5808
vn -0.8580 -0.0000 0.5137
vn -0.8170 -0.0000 -0.5767
vn -0.8579 -0.0000 0.5137
vn -0.8172 -0.0000 -0.5764
vn -0.8171 -0.0000 -0.5765
vn -0.8594 -0.0000 0.5113
vn -0.8153 -0.0000 -0.5790
vn 0.8177 -0.0000 0.5757
vn 0.8573 -0.0000 -0.5147
vn 0.8178 -0.0000 0.5755
vn -0.9299 -0.0000 0.3678
vn 0.9301 -0.0000 -0.3673
vn 0.8596 -0.0000 -0.5109
vn 0.8150 -0.0000 0.5794
vn 0.8596 0.0001 -0.5109
vn -0.8586 -0.0000 0.5126
vn -0.8162 -0.0000 -0.5777
vn 0.8587 -0.0000 -0.5125
vn 0.8587 0.0001 -0.5125
vn -0.8156 -0.0001 -0.5786
vn -0.8592 -0.0000 0.5117
vn -0.8588 -0.0000 0.5122
vn -0.8591 0.0001 0.5117
vn -0.8159 -0.0001 -0.5781
vn -0.8589 -0.0000 0.5122
vn -0.6835 -0.0000 -0.7300
vn -0.8159 -0.0000 -0.5781
vn -0.6834 -0.0000 -0.7300
vn -0.8187 -0.0000 -0.5743
vn -0.8187 -0.0000 -0.5742
vn 0.8161 -0.0001 0.5780
vn 0.8587 -0.0000 -0.5124
vn -0.8566 -0.0000 0.5160
vn -0.8566 -0.0000 0.5161
vt 0.947368 0.000000
vt 1.000000 0.000000
vt 0.368421 0.000000
vt 0.421053 0.000000
vt 0.842105 0.000000
vt 0.894737 0.000000
vt 0.315789 0.000000
vt 0.263158 0.000000
vt 0.631579 0.000000
vt 0.210526 0.000000
vt 0.578947 0.000000
vt 0.526316 0.000000
vt 0.000000 0.000000
vt 0.789474 0.000000
vt 0.157895 0.000000
vt 0.473684 0.000000
vt 0.105263 0.000000
vt 0.052632 0.000000
vt 0.684211 0.000000
vt 0.736842 0.000000
vt 0.068966 0.000000
vt 0.034483 0.000000
vt 0.103448 0.000000
vt 0.793103 0.000000
vt 0.827586 0.000000
vt 0.310345 0.000000
vt 0.137931 0.000000
vt 0.206897 0.000000
vt 0.172414 0.000000
vt 0.758621 0.000000
vt 0.724138 0.000000
vt 0.896552 0.000000
vt 0.931035 0.000000
vt 0.862069 0.000000
vt 0.965517 0.000000
vt 0.551724 0.000000
vt 0.517241 0.000000
vt 0.586207 0.000000
vt 0.689655 0.000000
vt 0.655172 0.000000
vt 0.620690 0.000000
vt 0.275862 0.000000
vt 0.241379 0.000000
vt 0.413793 0.000000
vt 0.482759 0.000000
vt 0.448276 0.000000
vt 0.344828 0.000000
vt 0.379310 0.000000
vt 0.181818 0.000000
vt 0.090909 0.000000
vt 0.909091 0.000000
vt 0.818182 0.000000
vt 0.727273 0.000000
vt 0.363636 0.000000
vt 0.636364 0.000000
vt 0.454545 0.000000
vt 0.545455 0.000000
vt 0.272727 0.000000
vt 0.588235 0.000000
vt 0.117647 0.000000
vt 0.058824 0.000000
vt 0.176471 0.000000
vt 0.941176 0.000000
vt 0.705882 0.000000
vt 0.647059 0.000000
vt 0.882353 0.000000
vt 0.352941 0.000000
vt 0.529412 0.000000
vt 0.470588 0.000000
vt 0.764706 0.000000
vt 0.823529 0.000000
vt 0.235294 0.000000
vt 0.294118 0.000000
vt 0.411765 0.000000
vt 0.580645 0.000000
vt 0.548387 0.000000
vt 0.516129 0.000000
vt 0.612903 0.000000
vt 0.451613 0.000000
vt 0.419355 0.000000
vt 0.483871 0.000000
vt 0.645161 0.000000
vt 0.741935 0.000000
vt 0.709677 0.000000
vt 0.677419 0.000000
vt 0.064516 0.000000
vt 0.032258 0.000000
vt 0.096774 0.000000
vt 0.387097 0.000000
vt 0.354839 0.000000
vt 0.322581 0.000000
vt 0.193548 0.000000
vt 0.290323 0.000000
vt 0.258065 0.000000
vt 0.225806 0.000000
vt 0.838710 0.000000
vt 0.806452 0.000000
vt 0.774194 0.000000
vt 0.903226 0.000000
vt 0.870968 0.000000
vt 0.935484 0.000000
vt 0.967742 0.000000
vt 0.129032 0.000000
vt 0.161290 0.000000
vt 0.071429 0.000000
vt 0.047619 0.000000
vt 0.095238 0.000000
vt 0.023810 0.000000
vt 0.166667 0.000000
vt 0.142857 0.000000
vt 0.119048 0.000000
vt 0.190476 0.000000
vt 0.904762 0.000000
vt 0.880952 0.000000
vt 0.452381 0.000000
vt 0.404762 0.000000
vt 0.380952 0.000000
vt 0.428571 0.000000
vt 0.357143 0.000000
vt 0.261905 0.000000
vt 0.333333 0.000000
vt 0.309524 0.000000
vt 0.285714 0.000000
vt 0.214286 0.000000
vt 0.238095 0.000000
vt 0.714286 0.000000
vt 0.690476 0.000000
vt 0.785714 0.000000
vt 0.761905 0.000000
vt 0.523810 0.000000
vt 0.547619 0.000000
vt 0.571429 0.000000
vt 0.738095 0.000000
vt 0.595238 0.000000
vt 0.857143 0.000000
vt 0.833333 0.000000
vt 0.666667 0.000000
vt 0.642857 0.000000
vt 0.928571 0.000000
vt 0.619048 0.000000
vt 0.952381 0.000000
vt 0.809524 0.000000
vt 0.976190 0.000000
vt 0.500000 0.000000
vt 0.476190 0.000000
vt 0.960000 0.000000
vt 0.680000 0.000000
vt 0.920000 0.000000
vt 0.880000 0.000000
vt 0.600000 0.000000
vt 0.640000 0.000000
vt 0.800000 0.000000
vt 0.760000 0.000000
vt 0.720000 0.000000
vt 0.240000 0.000000
vt 0.360000 0.000000
vt 0.320000 0.000000
vt 0.280000 0.000000
vt 0.400000 0.000000
vt 0.520000 0.000000
vt 0.480000 0.000000
vt 0.440000 0.000000
vt 0.120000 0.000000
vt 0.160000 0.000000
vt 0.200000 0.000000
vt 0.560000 0.000000
vt 0.080000 0.000000
vt 0.040000 0.000000
vt 0.840000 0.000000
vt 0.055556 1.000000
vt 0.000000 1.000000
vt 0.111111 1.000000
vt 0.055556 0.000000
vt 0.166667 1.000000
vt 0.111111 0.000000
vt 0.222222 1.000000
vt 0.277778 1.000000
vt 0.222222 0.000000
vt 0.333333 1.000000
vt 0.277778 0.000000
vt 0.388889 1.000000
vt 0.444444 1.000000
vt 0.388889 0.000000
vt 0.500000 1.000000
vt 0.444444 0.000000
vt 0.555556 1.000000
vt 0.611111 1.000000
vt 0.555556 0.000000
vt 0.666667 1.000000
vt 0.611111 0.000000
vt 0.722222 1.000000
vt 0.777778 1.000000
vt 0.722222 0.000000
vt 0.833333 1.000000
vt 0.777778 0.000000
vt 0.888889 1.000000
vt 0.944444 1.000000
vt 0.888889 0.000000
vt 1.000000 1.000000
vt 0.944444 0.000000
vt 0.250000 1.000000
vt 0.250000 0.000000
vt 0.750000 1.000000
vt 0.750000 0.000000
vt 0.052632 1.000000
vt 0.105263 1.000000
vt 0.157895 1.000000
vt 0.210526 1.000000
vt 0.263158 1.000000
vt 0.315789 1.000000
vt 0.368421 1.000000
vt 0.421053 1.000000
vt 0.473684 1.000000
vt 0.526316 1.000000
vt 0.578947 1.000000
vt 0.631579 1.000000
vt 0.684211 1.000000
vt 0.736842 1.000000
vt 0.789474 1.000000
vt 0.842105 1.000000
vt 0.894737 1.000000
vt 0.947368 1.000000
vt 0.083333 1.000000
vt 0.083333 0.000000
vt 0.416667 1.000000
vt 0.416667 0.000000
vt 0.583333 1.000000
vt 0.583333 0.000000
vt 0.916667 1.000000
vt 0.916667 0.000000
vt 0.041667 1.000000
vt 0.041667 0.000000
vt 0.125000 1.000000
vt 0.125000 0.000000
vt 0.208333 1.000000
vt 0.208333 0.000000
vt 0.291667 1.000000
vt 0.291667 0.000000
vt 0.375000 1.000000
vt 0.375000 0.000000
vt 0.458333 1.000000
vt 0.458333 0.000000
vt 0.541667 1.000000
vt 0.541667 0.000000
vt 0.625000 1.000000
vt 0.625000 0.000000
vt 0.708333 1.000000
vt 0.708333 0.000000
vt 0.791667 1.000000
vt 0.791667 0.000000
vt 0.875000 1.000000
vt 0.875000 0.000000
vt 0.958333 1.000000
vt 0.958333 0.000000
vt 0.071429 1.000000
vt 0.142857 1.000000
vt 0.214286 1.000000
vt 0.285714 1.000000
vt 0.357143 1.000000
vt 0.428571 1.000000
vt 0.571429 1.000000
vt 0.642857 1.000000
vt 0.714286 1.000000
vt 0.785714 1.000000
vt 0.857143 1.000000
vt 0.928571 1.000000
vt 0.062500 1.000000
vt 0.062500 0.000000
vt 0.187500 1.000000
vt 0.187500 0.000000
vt 0.312500 1.000000
vt 0.312500 0.000000
vt 0.437500 1.000000
vt 0.437500 0.000000
vt 0.562500 1.000000
vt 0.562500 0.000000
vt 0.687500 1.000000
vt 0.687500 0.000000
vt 0.812500 1.000000
vt 0.812500 0.000000
vt 0.937500 1.000000
vt 0.937500 0.000000
s 1
usemtl Material.033
f 2079/368/740 2080/369/740 2068/370/740
f 2069/371/740 2068/370/740 2080/369/740
f 2080/369/740 2077/372/740 2069/371/740
f 2077/372/740 2078/373/740 2069/371/740
f 2067/374/740 2066/375/740 2073/376/740
f 2065/377/740 2073/376/740 2066/375/740
f 2072/378/740 2071/379/740 2067/374/740
f 2067/374/740 2073/376/740 2072/378/740
f 2061/380/740 2076/381/740 2073/376/740
f 2073/376/740 2065/377/740 2061/380/740
f 2065/377/740 2064/382/740 2061/380/740
f 2067/374/740 2071/379/740 2068/370/740
f 2079/368/740 2068/370/740 2071/379/740
f 2078/373/740 2079/368/740 2071/379/740
f 2071/379/740 2070/383/740 2078/373/740
f 2063/384/740 2062/385/740 2061/380/740
f 2061/380/740 2064/382/740 2063/384/740
f 2078/373/740 2070/383/740 2069/371/740
f 2073/376/740 2076/381/740 2074/386/740
f 2075/387/740 2074/386/740 2076/381/740
f 2083/388/740 2082/389/740 2081/380/740
f 2081/380/740 2084/390/740 2083/388/740
f 2104/391/740 2110/369/740 2105/392/740
f 2084/390/740 2081/380/740 2090/393/740
f 2085/394/740 2084/390/740 2090/393/740
f 2090/393/740 2087/395/740 2085/394/740
f 2087/395/740 2086/396/740 2085/394/740
f 2103/397/740 2102/398/740 2107/399/740
f 2108/400/740 2107/399/740 2102/398/740
f 2102/398/740 2106/401/740 2108/400/740
f 2109/402/740 2108/400/740 2106/401/740
f 2097/403/740 2096/404/740 2098/405/740
f 2101/406/740 2100/407/740 2099/408/740
f 2089/409/740 2088/410/740 2087/395/740
f 2101/406/740 2099/408/740 2102/398/740
f 2106/401/740 2102/398/740 2099/408/740
f 2093/411/740 2106/401/740 2099/408/740
f 2099/408/740 2098/405/740 2093/411/740
f 2110/369/740 2104/391/740 2103/397/740
f 2103/397/740 2107/399/740 2110/369/740
f 2105/392/740 2110/369/740 2109/402/740
f 2109/402/740 2106/401/740 2105/392/740
f 2095/412/740 2094/413/740 2093/411/740
f 2098/405/740 2096/404/740 2093/411/740
f 2087/395/740 2090/393/740 2089/409/740
f 2090/393/740 2081/380/740 2091/414/740
f 2092/415/740 2091/414/740 2081/380/740
f 2095/412/740 2093/411/740 2096/404/740
f 2113/416/740 2112/417/740 2111/380/740
f 2121/418/740 2120/419/740 2119/420/740
f 2119/420/740 2122/369/740 2121/418/740
f 2115/421/740 2118/422/740 2116/423/740
f 2117/424/740 2116/423/740 2118/422/740
f 2114/425/740 2113/416/740 2111/380/740
f 2123/380/740 2140/369/740 2133/426/740
f 2125/427/740 2124/428/740 2123/380/740
f 2123/380/740 2126/429/740 2125/427/740
f 2139/430/740 2135/431/740 2134/432/740
f 2135/431/740 2139/430/740 2138/433/740
f 2129/434/740 2132/435/740 2131/436/740
f 2135/431/740 2138/433/740 2136/437/740
f 2137/438/740 2136/437/740 2138/433/740
f 2133/426/740 2140/369/740 2139/430/740
f 2139/430/740 2134/432/740 2133/426/740
f 2123/380/740 2133/426/740 2132/435/740
f 2126/429/740 2123/380/740 2132/435/740
f 2127/439/740 2126/429/740 2132/435/740
f 2132/435/740 2129/434/740 2127/439/740
f 2129/434/740 2128/440/740 2127/439/740
f 2131/436/740 2130/441/740 2129/434/740
f 2159/442/740 2158/443/740 2157/444/740
f 2157/444/740 2160/445/740 2159/442/740
f 2155/446/740 2154/447/740 2156/448/740
f 2156/448/740 2154/447/740 2161/449/740
f 2164/450/740 2161/449/740 2154/447/740
f 2160/445/740 2157/444/740 2156/448/740
f 2156/448/740 2161/449/740 2160/445/740
f 2163/451/740 2162/452/740 2161/449/740
f 2161/449/740 2164/450/740 2163/451/740
f 2143/453/740 2142/454/740 2141/380/740
f 2141/380/740 2144/455/740 2143/453/740
f 2153/456/740 2152/457/740 2151/458/740
f 2147/459/740 2150/460/740 2149/461/740
f 2149/461/740 2148/462/740 2147/459/740
f 2167/463/740 2166/464/740 2165/465/740
f 2169/466/740 2168/467/740 2170/468/740
f 2165/465/740 2172/369/740 2171/469/740
f 2171/469/740 2170/468/740 2165/465/740
f 2170/468/740 2168/467/740 2165/465/740
f 2167/463/740 2165/465/740 2168/467/740
f 2153/456/740 2151/458/740 2154/447/740
f 2164/450/740 2154/447/740 2151/458/740
f 2141/380/740 2164/450/740 2151/458/740
f 2151/458/740 2150/460/740 2141/380/740
f 2144/455/740 2141/380/740 2150/460/740
f 2150/460/740 2147/459/740 2144/455/740
f 2145/470/740 2144/455/740 2147/459/740
f 2147/459/740 2146/471/740 2145/470/740
f 2176/472/740 2175/473/740 2177/474/740
f 2175/473/740 2174/475/740 2173/380/740
f 2180/476/740 2179/477/740 2178/478/740
f 2178/478/740 2181/479/740 2180/476/740
f 2211/480/740 2210/481/740 2192/482/740
f 2190/483/740 2189/484/740 2191/485/740
f 2188/486/740 2191/485/740 2189/484/740
f 2184/487/740 2187/488/740 2186/489/740
f 2186/489/740 2185/490/740 2184/487/740
f 2175/473/740 2173/380/740 2191/485/740
f 2191/485/740 2188/486/740 2175/473/740
f 2177/474/740 2175/473/740 2188/486/740
f 2188/486/740 2187/488/740 2177/474/740
f 2178/478/740 2177/474/740 2187/488/740
f 2181/479/740 2178/478/740 2187/488/740
f 2187/488/740 2184/487/740 2181/479/740
f 2182/491/740 2181/479/740 2184/487/740
f 2184/487/740 2183/492/740 2182/491/740
f 2211/480/740 2203/493/740 2202/494/740
f 2206/495/740 2205/496/740 2195/497/740
f 2205/496/740 2196/498/740 2195/497/740
f 2197/499/740 2204/500/740 2198/501/740
f 2209/502/740 2208/503/740 2201/504/740
f 2201/504/740 2200/505/740 2209/502/740
f 2212/506/740 2209/502/740 2200/505/740
f 2200/505/740 2199/507/740 2212/506/740
f 2213/508/740 2212/506/740 2199/507/740
f 2207/509/740 2213/508/740 2199/507/740
f 2199/507/740 2198/501/740 2207/509/740
f 2198/501/740 2204/500/740 2207/509/740
f 2201/504/740 2208/503/740 2202/494/740
f 2211/480/740 2202/494/740 2208/503/740
f 2215/369/740 2210/481/740 2209/502/740
f 2209/502/740 2212/506/740 2215/369/740
f 2206/495/740 2214/510/740 2213/508/740
f 2213/508/740 2207/509/740 2206/495/740
f 2196/498/740 2205/496/740 2204/500/740
f 2204/500/740 2197/499/740 2196/498/740
f 2203/493/740 2211/480/740 2192/482/740
f 2195/497/740 2194/511/740 2206/495/740
f 2194/511/740 2193/512/740 2215/369/740
f 2210/481/740 2215/369/740 2193/512/740
f 2193/512/740 2192/482/740 2210/481/740
f 2215/369/740 2214/510/740 2194/511/740
f 2214/510/740 2206/495/740 2194/511/740
f 2240/513/740 2233/514/740 2241/369/740
f 2239/515/740 2238/516/740 2231/517/740
f 2232/518/740 2231/517/740 2238/516/740
f 2238/516/740 2241/369/740 2232/518/740
f 2241/369/740 2233/514/740 2232/518/740
f 2236/519/740 2235/520/740 2234/521/740
f 2222/522/740 2225/523/740 2224/524/740
f 2224/524/740 2223/525/740 2222/522/740
f 2226/526/740 2229/527/740 2228/528/740
f 2228/528/740 2227/529/740 2226/526/740
f 2216/380/740 2226/526/740 2225/523/740
f 2219/530/740 2216/380/740 2225/523/740
f 2225/523/740 2222/522/740 2219/530/740
f 2220/531/740 2219/530/740 2222/522/740
f 2222/522/740 2221/532/740 2220/531/740
f 2239/515/740 2231/517/740 2230/533/740
f 2230/533/740 2229/527/740 2239/515/740
f 2240/513/740 2239/515/740 2229/527/740
f 2233/514/740 2240/513/740 2229/527/740
f 2229/527/740 2226/526/740 2233/514/740
f 2226/526/740 2216/380/740 2233/514/740
f 2218/534/740 2217/535/740 2216/380/740
f 2216/380/740 2219/530/740 2218/534/740
f 2237/536/740 2236/519/740 2234/521/740
f 2260/368/741 2249/370/741 2261/369/741
f 2250/371/741 2261/369/741 2249/370/741
f 2261/369/741 2250/371/741 2258/372/741
f 2258/372/741 2250/371/741 2259/373/741
f 2248/374/741 2254/376/741 2247/375/741
f 2246/377/741 2247/375/741 2254/376/741
f 2253/378/741 2248/374/741 2252/379/741
f 2248/374/741 2253/378/741 2254/376/741
f 2242/380/741 2254/376/741 2257/381/741
f 2254/376/741 2242/380/741 2246/377/741
f 2246/377/741 2242/380/741 2245/382/741
f 2248/374/741 2249/370/741 2252/379/741
f 2260/368/741 2252/379/741 2249/370/741
f 2259/373/741 2252/379/741 2260/368/741
f 2252/379/741 2259/373/741 2251/383/741
f 2244/384/741 2242/380/741 2243/385/741
f 2242/380/741 2244/384/741 2245/382/741
f 2259/373/741 2250/371/741 2251/383/741
f 2254/376/741 2255/386/741 2257/381/741
f 2256/387/741 2257/381/741 2255/386/741
f 2264/388/741 2262/380/741 2263/389/741
f 2262/380/741 2264/388/741 2265/390/741
f 2285/391/741 2286/392/741 2291/369/741
f 2265/390/741 2271/393/741 2262/380/741
f 2266/394/741 2271/393/741 2265/390/741
f 2271/393/741 2266/394/741 2268/395/741
f 2268/395/741 2266/394/741 2267/396/741
f 2284/397/741 2288/399/741 2283/398/741
f 2289/400/741 2283/398/741 2288/399/741
f 2283/398/741 2289/400/741 2287/401/741
f 2290/402/741 2287/401/741 2289/400/741
f 2278/403/741 2279/405/741 2277/404/741
f 2282/406/741 2280/408/741 2281/407/741
f 2270/409/741 2268/395/741 2269/410/741
f 2282/406/741 2283/398/741 2280/408/741
f 2287/401/741 2280/408/741 2283/398/741
f 2274/411/741 2280/408/741 2287/401/741
f 2280/408/741 2274/411/741 2279/405/741
f 2291/369/741 2284/397/741 2285/391/741
f 2284/397/741 2291/369/741 2288/399/741
f 2286/392/741 2290/402/741 2291/369/741
f 2290/402/741 2286/392/741 2287/401/741
f 2276/412/741 2274/411/741 2275/413/741
f 2279/405/741 2274/411/741 2277/404/741
f 2268/395/741 2270/409/741 2271/393/741
f 2271/393/741 2272/414/741 2262/380/741
f 2273/415/741 2262/380/741 2272/414/741
f 2276/412/741 2277/404/741 2274/411/741
f 2294/416/741 2292/380/741 2293/417/741
f 2302/418/741 2300/420/741 2301/419/741
f 2300/420/741 2302/418/741 2303/369/741
f 2296/421/741 2297/423/741 2299/422/741
f 2298/424/741 2299/422/741 2297/423/741
f 2295/425/741 2292/380/741 2294/416/741
f 2304/380/741 2314/426/741 2321/369/741
f 2306/427/741 2304/380/741 2305/428/741
f 2304/380/741 2306/427/741 2307/429/741
f 2320/430/741 2315/432/741 2316/431/741
f 2316/431/741 2319/433/741 2320/430/741
f 2310/434/741 2312/436/741 2313/435/741
f 2316/431/741 2317/437/741 2319/433/741
f 2318/438/741 2319/433/741 2317/437/741
f 2314/426/741 2320/430/741 2321/369/741
f 2320/430/741 2314/426/741 2315/432/741
f 2304/380/741 2313/435/741 2314/426/741
f 2307/429/741 2313/435/741 2304/380/741
f 2308/439/741 2313/435/741 2307/429/741
f 2313/435/741 2308/439/741 2310/434/741
f 2310/434/741 2308/439/741 2309/440/741
f 2312/436/741 2310/434/741 2311/441/741
f 2340/442/741 2338/444/741 2339/443/741
f 2338/444/741 2340/442/741 2341/445/741
f 2336/446/741 2337/448/741 2335/447/741
f 2337/448/741 2342/449/741 2335/447/741
f 2345/450/741 2335/447/741 2342/449/741
f 2341/445/741 2337/448/741 2338/444/741
f 2337/448/741 2341/445/741 2342/449/741
f 2344/451/741 2342/449/741 2343/452/741
f 2342/449/741 2344/451/741 2345/450/741
f 2324/453/741 2322/380/741 2323/454/741
f 2322/380/741 2324/453/741 2325/455/741
f 2334/456/741 2332/458/741 2333/457/741
f 2328/459/741 2330/461/741 2331/460/741
f 2330/461/741 2328/459/741 2329/462/741
f 2348/463/741 2346/465/741 2347/464/741
f 2350/466/741 2351/468/741 2349/467/741
f 2346/465/741 2352/469/741 2353/369/741
f 2352/469/741 2346/465/741 2351/468/741
f 2351/468/741 2346/465/741 2349/467/741
f 2348/463/741 2349/467/741 2346/465/741
f 2334/456/741 2335/447/741 2332/458/741
f 2345/450/741 2332/458/741 2335/447/741
f 2322/380/741 2332/458/741 2345/450/741
f 2332/458/741 2322/380/741 2331/460/741
f 2325/455/741 2331/460/741 2322/380/741
f 2331/460/741 2325/455/741 2328/459/741
f 2326/470/741 2328/459/741 2325/455/741
f 2328/459/741 2326/470/741 2327/471/741
f 2357/472/741 2358/474/741 2356/473/741
f 2356/473/741 2354/380/741 2355/475/741
f 2361/476/741 2359/478/741 2360/477/741
f 2359/478/741 2361/476/741 2362/479/741
f 2392/480/741 2373/482/741 2391/481/741
f 2371/483/741 2372/485/741 2370/484/741
f 2369/486/741 2370/484/741 2372/485/741
f 2365/487/741 2367/489/741 2368/488/741
f 2367/489/741 2365/487/741 2366/490/741
f 2356/473/741 2372/485/741 2354/380/741
f 2372/485/741 2356/473/741 2369/486/741
f 2358/474/741 2369/486/741 2356/473/741
f 2369/486/741 2358/474/741 2368/488/741
f 2359/478/741 2368/488/741 2358/474/741
f 2362/479/741 2368/488/741 2359/478/741
f 2368/488/741 2362/479/741 2365/487/741
f 2363/491/741 2365/487/741 2362/479/741
f 2365/487/741 2363/491/741 2364/492/741
f 2392/480/741 2383/494/741 2384/493/741
f 2387/495/741 2376/497/741 2386/496/741
f 2386/496/741 2376/497/741 2377/498/741
f 2378/499/741 2379/501/741 2385/500/741
f 2390/502/741 2382/504/741 2389/503/741
f 2382/504/741 2390/502/741 2381/505/741
f 2393/506/741 2381/505/741 2390/502/741
f 2381/505/741 2393/506/741 2380/507/741
f 2394/508/741 2380/507/741 2393/506/741
f 2388/509/741 2380/507/741 2394/508/741
f 2380/507/741 2388/509/741 2379/501/741
f 2379/501/741 2388/509/741 2385/500/741
f 2382/504/741 2383/494/741 2389/503/741
f 2392/480/741 2389/503/741 2383/494/741
f 2396/369/741 2390/502/741 2391/481/741
f 2390/502/741 2396/369/741 2393/506/741
f 2387/495/741 2394/508/741 2395/510/741
f 2394/508/741 2387/495/741 2388/509/741
f 2377/498/741 2385/500/741 2386/496/741
f 2385/500/741 2377/498/741 2378/499/741
f 2384/493/741 2373/482/741 2392/480/741
f 2376/497/741 2387/495/741 2375/511/741
f 2375/511/741 2396/369/741 2374/512/741
f 2391/481/741 2374/512/741 2396/369/741
f 2374/512/741 2391/481/741 2373/482/741
f 2396/369/741 2375/511/741 2395/510/741
f 2395/510/741 2375/511/741 2387/495/741
f 2421/513/741 2422/369/741 2414/514/741
f 2420/515/741 2412/517/741 2419/516/741
f 2413/518/741 2419/516/741 2412/517/741
f 2419/516/741 2413/518/741 2422/369/741
f 2422/369/741 2413/518/741 2414/514/741
f 2417/519/741 2415/521/741 2416/520/741
f 2403/522/741 2405/524/741 2406/523/741
f 2405/524/741 2403/522/741 2404/525/741
f 2407/526/741 2409/528/741 2410/527/741
f 2409/528/741 2407/526/741 2408/529/741
f 2397/380/741 2406/523/741 2407/526/741
f 2400/530/741 2406/523/741 2397/380/741
f 2406/523/741 2400/530/741 2403/522/741
f 2401/531/741 2403/522/741 2400/530/741
f 2403/522/741 2401/531/741 2402/532/741
f 2420/515/741 2411/533/741 2412/517/741
f 2411/533/741 2420/515/741 2410/527/741
f 2421/513/741 2410/527/741 2420/515/741
f 2414/514/741 2410/527/741 2421/513/741
f 2410/527/741 2414/514/741 2407/526/741
f 2407/526/741 2414/514/741 2397/380/741
f 2399/534/741 2397/380/741 2398/535/741
f 2397/380/741 2399/534/741 2400/530/741
f 2418/536/741 2415/521/741 2417/519/741
f 2426/537/742 2423/380/743 2424/538/743
f 2428/539/744 2425/540/745 2426/537/742
f 2430/541/746 2427/542/744 2428/539/744
f 2432/543/747 2429/476/747 2430/541/746
f 2434/544/748 2431/545/746 2432/543/747
f 2436/546/749 2433/547/749 2434/544/748
f 2438/548/750 2435/488/749 2436/546/749
f 2440/549/751 2437/550/752 2438/548/750
f 2442/551/753 2439/552/751 2440/549/751
f 2444/553/754 2441/511/755 2442/551/753
f 2446/554/750 2443/555/756 2444/553/754
f 2448/556/751 2445/557/752 2446/554/750
f 2450/558/757 2447/504/751 2448/556/751
f 2452/559/758 2449/560/759 2450/558/757
f 2454/561/760 2451/562/761 2452/559/758
f 2456/563/762 2453/503/760 2454/561/760
f 2458/564/763 2455/565/764 2456/563/762
f 2424/566/743 2457/567/765 2458/564/763
f 2462/568/766 2459/380/767 2460/538/768
f 2464/551/769 2461/569/766 2462/568/766
f 2466/570/770 2463/511/771 2464/551/769
f 2460/566/768 2465/571/770 2466/570/770
f 2470/568/772 2467/380/773 2468/538/773
f 2472/551/774 2469/569/772 2470/568/772
f 2474/570/775 2471/511/774 2472/551/774
f 2468/566/773 2473/571/775 2474/570/775
f 2478/572/776 2475/380/777 2476/538/767
f 2480/573/776 2477/385/776 2478/572/776
f 2482/574/778 2479/384/779 2480/573/776
f 2484/575/780 2481/382/781 2482/574/778
f 2486/576/782 2483/377/780 2484/575/780
f 2488/577/783 2485/375/782 2486/576/782
f 2490/578/784 2487/374/785 2488/577/783
f 2492/579/786 2489/370/787 2490/578/784
f 2494/580/788 2491/371/788 2492/579/786
f 2496/581/789 2493/383/788 2494/580/788
f 2498/582/790 2495/379/790 2496/581/789
f 2500/583/791 2497/378/790 2498/582/790
f 2502/584/792 2499/376/793 2500/583/791
f 2504/585/794 2501/386/792 2502/584/792
f 2506/586/795 2503/387/796 2504/585/794
f 2508/587/797 2505/381/795 2506/586/795
f 2510/588/798 2507/372/799 2508/587/797
f 2512/589/800 2509/373/801 2510/588/798
f 2476/566/767 2511/368/802 2512/589/800
f 2516/590/766 2513/380/803 2514/538/803
f 2518/541/769 2515/591/804 2516/590/766
f 2520/568/805 2517/476/771 2518/541/769
f 2522/546/805 2519/569/805 2520/568/805
f 2524/592/805 2521/488/805 2522/546/805
f 2526/551/805 2523/593/805 2524/592/805
f 2528/594/806 2525/511/805 2526/551/805
f 2530/556/767 2527/595/807 2528/594/806
f 2532/570/803 2529/504/767 2530/556/767
f 2534/561/803 2531/571/803 2532/570/803
f 2536/596/803 2533/503/803 2534/561/803
f 2514/566/803 2535/597/803 2536/596/803
f 2540/568/808 2537/380/809 2538/538/809
f 2542/551/810 2539/569/811 2540/568/808
f 2544/570/812 2541/511/810 2542/551/810
f 2538/566/809 2543/571/813 2544/570/812
f 2548/568/814 2545/380/812 2546/538/815
f 2550/551/808 2547/569/809 2548/568/814
f 2552/570/816 2549/511/808 2550/551/808
f 2546/566/815 2551/571/810 2552/570/816
f 2556/568/817 2553/380/818 2554/538/819
f 2558/551/796 2555/569/817 2556/568/817
f 2560/570/820 2557/511/821 2558/551/796
f 2554/566/819 2559/571/820 2560/570/820
f 2564/598/785 2561/380/822 2562/538/823
f 2566/590/784 2563/599/824 2564/598/785
f 2568/600/825 2565/591/826 2566/590/784
f 2570/541/827 2567/601/825 2568/600/825
f 2572/602/828 2569/476/827 2570/541/827
f 2574/568/828 2571/603/828 2572/602/828
f 2576/604/791 2573/569/828 2574/568/828
f 2578/546/792 2575/605/829 2576/604/791
f 2580/606/830 2577/488/792 2578/546/792
f 2582/592/831 2579/607/830 2580/606/830
f 2584/608/832 2581/593/831 2582/592/831
f 2586/551/833 2583/609/834 2584/608/832
f 2588/610/835 2585/511/836 2586/551/833
f 2590/594/837 2587/611/835 2588/610/835
f 2592/612/803 2589/595/838 2590/594/837
f 2594/556/803 2591/613/803 2592/612/803
f 2596/614/783 2593/504/803 2594/556/803
f 2598/570/784 2595/615/785 2596/614/783
f 2600/616/769 2597/571/784 2598/570/784
f 2602/561/839 2599/617/771 2600/616/769
f 2604/618/840 2601/503/841 2602/561/839
f 2606/596/842 2603/619/843 2604/618/840
f 2608/620/844 2605/597/842 2606/596/842
f 2562/566/823 2607/621/844 2608/620/844
f 2612/600/783 2609/380/845 2610/538/846
f 2614/568/784 2611/601/785 2612/600/783
f 2616/606/793 2613/569/784 2614/568/784
f 2618/551/792 2615/607/793 2616/606/793
f 2620/612/757 2617/511/792 2618/551/792
f 2622/570/757 2619/613/757 2620/612/757
f 2624/618/847 2621/571/757 2622/570/757
f 2610/566/846 2623/619/846 2624/618/847
f 2628/537/745 2625/380/848 2626/538/848
f 2630/539/744 2627/540/745 2628/537/745
f 2632/541/849 2629/542/744 2630/539/744
f 2634/543/850 2631/476/850 2632/541/849
f 2636/544/851 2633/545/850 2634/543/850
f 2638/546/851 2635/547/852 2636/544/851
f 2640/548/853 2637/488/851 2638/546/851
f 2642/549/751 2639/550/853 2640/548/853
f 2644/551/854 2641/552/751 2642/549/751
f 2646/553/855 2643/511/856 2644/551/854
f 2648/554/857 2645/555/855 2646/553/855
f 2650/556/858 2647/557/859 2648/554/857
f 2652/558/745 2649/504/860 2650/556/858
f 2654/559/744 2651/560/861 2652/558/745
f 2656/561/771 2653/562/744 2654/559/744
f 2658/563/862 2655/503/771 2656/561/771
f 2660/564/848 2657/565/862 2658/563/862
f 2626/566/848 2659/567/848 2660/564/848
f 2664/568/743 2661/380/757 2662/538/757
f 2666/551/763 2663/569/863 2664/568/743
f 2668/570/864 2665/511/865 2666/551/763
f 2662/566/757 2667/571/866 2668/570/864
f 2672/568/867 2669/380/868 2670/538/869
f 2674/551/870 2671/569/871 2672/568/867
f 2676/570/872 2673/511/873 2674/551/870
f 2670/566/869 2675/571/874 2676/570/872
f 2680/568/875 2677/380/876 2678/538/877
f 2682/551/878 2679/569/879 2680/568/875
f 2684/570/880 2681/511/881 2682/551/878
f 2678/566/877 2683/571/882 2684/570/880
f 2688/590/879 2685/380/883 2686/538/883
f 2690/541/884 2687/591/879 2688/590/879
f 2692/568/885 2689/476/884 2690/541/884
f 2694/546/886 2691/569/885 2692/568/885
f 2696/592/887 2693/488/885 2694/546/886
f 2698/551/888 2695/593/889 2696/592/887
f 2700/594/853 2697/511/889 2698/551/888
f 2702/556/751 2699/595/853 2700/594/853
f 2704/570/890 2701/504/751 2702/556/751
f 2706/561/891 2703/571/891 2704/570/890
f 2708/596/883 2705/503/891 2706/561/891
f 2686/566/883 2707/597/883 2708/596/883
f 2712/622/745 2709/380/892 2710/538/893
f 2714/623/744 2711/472/861 2712/622/745
f 2716/624/853 2713/477/744 2714/623/744
f 2718/625/751 2715/491/853 2716/624/853
f 2720/626/894 2717/490/751 2718/625/751
f 2722/627/895 2719/486/896 2720/626/894
f 2724/551/750 2721/485/897 2722/627/895
f 2726/628/751 2723/511/853 2724/551/750
f 2728/629/898 2725/499/751 2726/628/751
f 2730/630/899 2727/505/898 2728/629/898
f 2732/631/900 2729/493/898 2730/630/899
f 2734/632/901 2731/495/902 2732/631/900
f 2736/633/903 2733/502/904 2734/632/901
f 2710/566/893 2735/506/903 2736/633/903
f 2740/568/905 2737/380/771 2738/538/906
f 2742/551/907 2739/569/766 2740/568/905
f 2744/570/908 2741/511/909 2742/551/907
f 2738/566/906 2743/571/908 2744/570/908
f 2748/634/745 2745/380/910 2746/538/910
f 2750/600/744 2747/635/745 2748/634/745
f 2752/636/911 2749/601/744 2750/600/744
f 2754/568/911 2751/637/911 2752/636/911
f 2756/638/912 2753/569/911 2754/568/911
f 2758/606/913 2755/639/914 2756/638/912
f 2760/640/915 2757/607/821 2758/606/913
f 2762/551/916 2759/641/915 2760/640/915
f 2764/642/917 2761/511/916 2762/551/916
f 2766/612/917 2763/643/918 2764/642/917
f 2768/644/919 2765/613/917 2766/612/917
f 2770/570/920 2767/645/763 2768/644/919
f 2772/646/921 2769/571/922 2770/570/920
f 2774/618/923 2771/647/924 2772/646/921
f 2776/648/925 2773/619/926 2774/618/923
f 2746/566/910 2775/649/927 2776/648/925
f 2780/568/917 2777/380/928 2778/538/929
f 2782/551/930 2779/569/931 2780/568/917
f 2784/570/932 2781/511/830 2782/551/930
f 2778/566/929 2783/571/933 2784/570/932
f 2426/537/742 2425/540/745 2423/380/743
f 2428/539/744 2427/542/744 2425/540/745
f 2430/541/746 2429/476/747 2427/542/744
f 2432/543/747 2431/545/746 2429/476/747
f 2434/544/748 2433/547/749 2431/545/746
f 2436/546/749 2435/488/749 2433/547/749
f 2438/548/750 2437/550/752 2435/488/749
f 2440/549/751 2439/552/751 2437/550/752
f 2442/551/753 2441/511/755 2439/552/751
f 2444/553/754 2443/555/756 2441/511/755
f 2446/554/750 2445/557/752 2443/555/756
f 2448/556/751 2447/504/751 2445/557/752
f 2450/558/757 2449/560/759 2447/504/751
f 2452/559/758 2451/562/761 2449/560/759
f 2454/561/760 2453/503/760 2451/562/761
f 2456/563/762 2455/565/764 2453/503/760
f 2458/564/763 2457/567/765 2455/565/764
f 2424/566/743 2423/369/743 2457/567/765
f 2462/568/766 2461/569/766 2459/380/767
f 2464/551/769 2463/511/771 2461/569/766
f 2466/570/770 2465/571/770 2463/511/771
f 2460/566/768 2459/369/767 2465/571/770
f 2470/568/772 2469/569/772 2467/380/773
f 2472/551/774 2471/511/774 2469/569/772
f 2474/570/775 2473/571/775 2471/511/774
f 2468/566/773 2467/369/773 2473/571/775
f 2478/572/776 2477/385/776 2475/380/777
f 2480/573/776 2479/384/779 2477/385/776
f 2482/574/778 2481/382/781 2479/384/779
f 2484/575/780 2483/377/780 2481/382/781
f 2486/576/782 2485/375/782 2483/377/780
f 2488/577/783 2487/374/785 2485/375/782
f 2490/578/784 2489/370/787 2487/374/785
f 2492/579/786 2491/371/788 2489/370/787
f 2494/580/788 2493/383/788 2491/371/788
f 2496/581/789 2495/379/790 2493/383/788
f 2498/582/790 2497/378/790 2495/379/790
f 2500/583/791 2499/376/793 2497/378/790
f 2502/584/792 2501/386/792 2499/376/793
f 2504/585/794 2503/387/796 2501/386/792
f 2506/586/795 2505/381/795 2503/387/796
f 2508/587/797 2507/372/799 2505/381/795
f 2510/588/798 2509/373/801 2507/372/799
f 2512/589/800 2511/368/802 2509/373/801
f 2476/566/767 2475/369/777 2511/368/802
f 2516/590/766 2515/591/804 2513/380/803
f 2518/541/769 2517/476/771 2515/591/804
f 2520/568/805 2519/569/805 2517/476/771
f 2522/546/805 2521/488/805 2519/569/805
f 2524/592/805 2523/593/805 2521/488/805
f 2526/551/805 2525/511/805 2523/593/805
f 2528/594/806 2527/595/807 2525/511/805
f 2530/556/767 2529/504/767 2527/595/807
f 2532/570/803 2531/571/803 2529/504/767
f 2534/561/803 2533/503/803 2531/571/803
f 2536/596/803 2535/597/803 2533/503/803
f 2514/566/803 2513/369/803 2535/597/803
f 2540/568/808 2539/569/811 2537/380/809
f 2542/551/810 2541/511/810 2539/569/811
f 2544/570/812 2543/571/813 2541/511/810
f 2538/566/809 2537/369/809 2543/571/813
f 2548/568/814 2547/569/809 2545/380/812
f 2550/551/808 2549/511/808 2547/569/809
f 2552/570/816 2551/571/810 2549/511/808
f 2546/566/815 2545/369/812 2551/571/810
f 2556/568/817 2555/569/817 2553/380/818
f 2558/551/796 2557/511/821 2555/569/817
f 2560/570/820 2559/571/820 2557/511/821
f 2554/566/819 2553/369/818 2559/571/820
f 2564/598/785 2563/599/824 2561/380/822
f 2566/590/784 2565/591/826 2563/599/824
f 2568/600/825 2567/601/825 2565/591/826
f 2570/541/827 2569/476/827 2567/601/825
f 2572/602/828 2571/603/828 2569/476/827
f 2574/568/828 2573/569/828 2571/603/828
f 2576/604/791 2575/605/829 2573/569/828
f 2578/546/792 2577/488/792 2575/605/829
f 2580/606/830 2579/607/830 2577/488/792
f 2582/592/831 2581/593/831 2579/607/830
f 2584/608/832 2583/609/834 2581/593/831
f 2586/551/833 2585/511/836 2583/609/834
f 2588/610/835 2587/611/835 2585/511/836
f 2590/594/837 2589/595/838 2587/611/835
f 2592/612/803 2591/613/803 2589/595/838
f 2594/556/803 2593/504/803 2591/613/803
f 2596/614/783 2595/615/785 2593/504/803
f 2598/570/784 2597/571/784 2595/615/785
f 2600/616/769 2599/617/771 2597/571/784
f 2602/561/839 2601/503/841 2599/617/771
f 2604/618/840 2603/619/843 2601/503/841
f 2606/596/842 2605/597/842 2603/619/843
f 2608/620/844 2607/621/844 2605/597/842
f 2562/566/823 2561/369/822 2607/621/844
f 2612/600/783 2611/601/785 2609/380/845
f 2614/568/784 2613/569/784 2611/601/785
f 2616/606/793 2615/607/793 2613/569/784
f 2618/551/792 2617/511/792 2615/607/793
f 2620/612/757 2619/613/757 2617/511/792
f 2622/570/757 2621/571/757 2619/613/757
f 2624/618/847 2623/619/846 2621/571/757
f 2610/566/846 2609/369/845 2623/619/846
f 2628/537/745 2627/540/745 2625/380/848
f 2630/539/744 2629/542/744 2627/540/745
f 2632/541/849 2631/476/850 2629/542/744
f 2634/543/850 2633/545/850 2631/476/850
f 2636/544/851 2635/547/852 2633/545/850
f 2638/546/851 2637/488/851 2635/547/852
f 2640/548/853 2639/550/853 2637/488/851
f 2642/549/751 2641/552/751 2639/550/853
f 2644/551/854 2643/511/856 2641/552/751
f 2646/553/855 2645/555/855 2643/511/856
f 2648/554/857 2647/557/859 2645/555/855
f 2650/556/858 2649/504/860 2647/557/859
f 2652/558/745 2651/560/861 2649/504/860
f 2654/559/744 2653/562/744 2651/560/861
f 2656/561/771 2655/503/771 2653/562/744
f 2658/563/862 2657/565/862 2655/503/771
f 2660/564/848 2659/567/848 2657/565/862
f 2626/566/848 2625/369/848 2659/567/848
f 2664/568/743 2663/569/863 2661/380/757
f 2666/551/763 2665/511/865 2663/569/863
f 2668/570/864 2667/571/866 2665/511/865
f 2662/566/757 2661/369/757 2667/571/866
f 2672/568/867 2671/569/871 2669/380/868
f 2674/551/870 2673/511/873 2671/569/871
f 2676/570/872 2675/571/874 2673/511/873
f 2670/566/869 2669/369/868 2675/571/874
f 2680/568/875 2679/569/879 2677/380/876
f 2682/551/878 2681/511/881 2679/569/879
f 2684/570/880 2683/571/882 2681/511/881
f 2678/566/877 2677/369/876 2683/571/882
f 2688/590/879 2687/591/879 2685/380/883
f 2690/541/884 2689/476/884 2687/591/879
f 2692/568/885 2691/569/885 2689/476/884
f 2694/546/886 2693/488/885 2691/569/885
f 2696/592/887 2695/593/889 2693/488/885
f 2698/551/888 2697/511/889 2695/593/889
f 2700/594/853 2699/595/853 2697/511/889
f 2702/556/751 2701/504/751 2699/595/853
f 2704/570/890 2703/571/891 2701/504/751
f 2706/561/891 2705/503/891 2703/571/891
f 2708/596/883 2707/597/883 2705/503/891
f 2686/566/883 2685/369/883 2707/597/883
f 2712/622/745 2711/472/861 2709/380/892
f 2714/623/744 2713/477/744 2711/472/861
f 2716/624/853 2715/491/853 2713/477/744
f 2718/625/751 2717/490/751 2715/491/853
f 2720/626/894 2719/486/896 2717/490/751
f 2722/627/895 2721/485/897 2719/486/896
f 2724/551/750 2723/511/853 2721/485/897
f 2726/628/751 2725/499/751 2723/511/853
f 2728/629/898 2727/505/898 2725/499/751
f 2730/630/899 2729/493/898 2727/505/898
f 2732/631/900 2731/495/902 2729/493/898
f 2734/632/901 2733/502/904 2731/495/902
f 2736/633/903 2735/506/903 2733/502/904
f 2710/566/893 2709/369/892 2735/506/903
f 2740/568/905 2739/569/766 2737/380/771
f 2742/551/907 2741/511/909 2739/569/766
f 2744/570/908 2743/571/908 2741/511/909
f 2738/566/906 2737/369/771 2743/571/908
f 2748/634/745 2747/635/745 2745/380/910
f 2750/600/744 2749/601/744 2747/635/745
f 2752/636/911 2751/637/911 2749/601/744
f 2754/568/911 2753/569/911 2751/637/911
f 2756/638/912 2755/639/914 2753/569/911
f 2758/606/913 2757/607/821 2755/639/914
f 2760/640/915 2759/641/915 2757/607/821
f 2762/551/916 2761/511/916 2759/641/915
f 2764/642/917 2763/643/918 2761/511/916
f 2766/612/917 2765/613/917 2763/643/918
f 2768/644/919 2767/645/763 2765/613/917
f 2770/570/920 2769/571/922 2767/645/763
f 2772/646/921 2771/647/924 2769/571/922
f 2774/618/923 2773/619/926 2771/647/924
f 2776/648/925 2775/649/927 2773/619/926
f 2746/566/910 2745/369/910 2775/649/927
f 2780/568/917 2779/569/931 2777/380/928
f 2782/551/930 2781/511/830 2779/569/931
f 2784/570/932 2783/571/933 2781/511/830
f 2778/566/929 2777/369/928 2783/571/933
o Text.003
v -2.353345 0.050000 -0.819922
v -2.397503 0.050000 -0.819922
v -2.389224 0.050000 -0.965506
v -2.345065 0.050000 -0.965506
v -2.301827 0.050000 -0.819922
v -2.345985 0.050000 -0.819922
v -2.337706 0.050000 -0.965506
v -2.293547 0.050000 -0.965506
v -2.702471 0.050000 -0.871670
v -2.847365 0.050000 -0.871670
v -2.845065 0.050000 -0.913068
v -2.701551 0.050000 -0.913068
v -2.700171 0.050000 -0.965506
v -2.597135 0.050000 -0.965506
v -2.598515 0.050000 -0.913068
v -2.445801 0.050000 -0.913068
v -2.448101 0.050000 -0.871670
v -2.599435 0.050000 -0.871670
v -2.602655 0.050000 -0.736436
v -2.453161 0.050000 -0.736436
v -2.455461 0.050000 -0.695037
v -2.603575 0.050000 -0.695037
v -2.606795 0.050000 -0.551523
v -2.709371 0.050000 -0.551523
v -2.706151 0.050000 -0.695037
v -2.854725 0.050000 -0.695037
v -2.852425 0.050000 -0.736436
v -2.705231 0.050000 -0.736436
v -2.915903 0.050000 -0.921348
v -3.311487 0.050000 -0.921348
v -3.309187 0.050000 -0.962746
v -2.913603 0.050000 -0.962746
v -3.157853 0.050000 -0.783354
v -3.327586 0.050000 -0.783354
v -3.325286 0.050000 -0.824752
v -2.914983 0.050000 -0.824752
v -2.917283 0.050000 -0.783354
v -3.054817 0.050000 -0.783354
v -3.108175 0.050000 -0.551523
v -3.211211 0.050000 -0.551523
v -3.437062 0.050000 -0.819922
v -3.481220 0.050000 -0.819922
v -3.472940 0.050000 -0.965506
v -3.428782 0.050000 -0.965506
v -3.385544 0.050000 -0.819922
v -3.429702 0.050000 -0.819922
v -3.421422 0.050000 -0.965506
v -3.377264 0.050000 -0.965506
v -2.353345 -0.050000 -0.819922
v -2.397503 -0.050000 -0.819922
v -2.389224 -0.050000 -0.965506
v -2.345065 -0.050000 -0.965506
v -2.301827 -0.050000 -0.819922
v -2.345985 -0.050000 -0.819922
v -2.337706 -0.050000 -0.965506
v -2.293547 -0.050000 -0.965506
v -2.702471 -0.050000 -0.871670
v -2.847365 -0.050000 -0.871670
v -2.845065 -0.050000 -0.913068
v -2.701551 -0.050000 -0.913068
v -2.700171 -0.050000 -0.965506
v -2.597135 -0.050000 -0.965506
v -2.598515 -0.050000 -0.913068
v -2.445801 -0.050000 -0.913068
v -2.448101 -0.050000 -0.871670
v -2.599435 -0.050000 -0.871670
v -2.602655 -0.050000 -0.736436
v -2.453161 -0.050000 -0.736436
v -2.455461 -0.050000 -0.695037
v -2.603575 -0.050000 -0.695037
v -2.606795 -0.050000 -0.551523
v -2.709371 -0.050000 -0.551523
v -2.706151 -0.050000 -0.695037
v -2.854725 -0.050000 -0.695037
v -2.852425 -0.050000 -0.736436
v -2.705231 -0.050000 -0.736436
v -2.915903 -0.050000 -0.921348
v -3.311487 -0.050000 -0.921348
v -3.309187 -0.050000 -0.962746
v -2.913603 -0.050000 -0.962746
v -3.157853 -0.050000 -0.783354
v -3.327586 -0.050000 -0.783354
v -3.325286 -0.050000 -0.824752
v -2.914983 -0.050000 -0.824752
v -2.917283 -0.050000 -0.783354
v -3.054817 -0.050000 -0.783354
v -3.108175 -0.050000 -0.551523
v -3.211211 -0.050000 -0.551523
v -3.437062 -0.050000 -0.819922
v -3.481220 -0.050000 -0.819922
v -3.472940 -0.050000 -0.965506
v -3.428782 -0.050000 -0.965506
v -3.385544 -0.050000 -0.819922
v -3.429702 -0.050000 -0.819922
v -3.421422 -0.050000 -0.965506
v -3.377264 -0.050000 -0.965506
v -3.437062 -0.050000 -0.819922
v -3.437062 0.050000 -0.819922
v -3.481220 -0.050000 -0.819922
v -3.481220 0.050000 -0.819922
v -3.472940 -0.050000 -0.965506
v -3.472940 0.050000 -0.965506
v -3.428782 -0.050000 -0.965506
v -3.428782 0.050000 -0.965506
v -3.385544 -0.050000 -0.819922
v -3.385544 0.050000 -0.819922
v -3.429702 -0.050000 -0.819922
v -3.429702 0.050000 -0.819922
v -3.421422 -0.050000 -0.965506
v -3.421422 0.050000 -0.965506
v -3.377264 -0.050000 -0.965506
v -3.377264 0.050000 -0.965506
v -2.915903 -0.050000 -0.921348
v -2.915903 0.050000 -0.921348
v -3.311487 -0.050000 -0.921348
v -3.311487 0.050000 -0.921348
v -3.309187 -0.050000 -0.962746
v -3.309187 0.050000 -0.962746
v -2.913603 -0.050000 -0.962746
v -2.913603 0.050000 -0.962746
v -3.157853 -0.050000 -0.783354
v -3.157853 0.050000 -0.783354
v -3.327586 -0.050000 -0.783354
v -3.327586 0.050000 -0.783354
v -3.325286 -0.050000 -0.824752
v -3.325286 0.050000 -0.824752
v -2.914983 -0.050000 -0.824752
v -2.914983 0.050000 -0.824752
v -2.917283 -0.050000 -0.783354
v -2.917283 0.050000 -0.783354
v -3.054817 -0.050000 -0.783354
v -3.054817 0.050000 -0.783354
v -3.108175 -0.050000 -0.551523
v -3.108175 0.050000 -0.551523
v -3.211211 -0.050000 -0.551523
v -3.211211 0.050000 -0.551523
v -2.702471 -0.050000 -0.871670
v -2.702471 0.050000 -0.871670
v -2.847365 -0.050000 -0.871670
v -2.847365 0.050000 -0.871670
v -2.845065 -0.050000 -0.913068
v -2.845065 0.050000 -0.913068
v -2.701551 -0.050000 -0.913068
v -2.701551 0.050000 -0.913068
v -2.700171 -0.050000 -0.965506
v -2.700171 0.050000 -0.965506
v -2.597135 -0.050000 -0.965506
v -2.597135 0.050000 -0.965506
v -2.598515 -0.050000 -0.913068
v -2.598515 0.050000 -0.913068
v -2.445801 -0.050000 -0.913068
v -2.445801 0.050000 -0.913068
v -2.448101 -0.050000 -0.871670
v -2.448101 0.050000 -0.871670
v -2.599435 -0.050000 -0.871670
v -2.599435 0.050000 -0.871670
v -2.602655 -0.050000 -0.736436
v -2.602655 0.050000 -0.736436
v -2.453161 -0.050000 -0.736436
v -2.453161 0.050000 -0.736436
v -2.455461 -0.050000 -0.695037
v -2.455461 0.050000 -0.695037
v -2.603575 -0.050000 -0.695037
v -2.603575 0.050000 -0.695037
v -2.606795 -0.050000 -0.551523
v -2.606795 0.050000 -0.551523
v -2.709371 -0.050000 -0.551523
v -2.709371 0.050000 -0.551523
v -2.706151 -0.050000 -0.695037
v -2.706151 0.050000 -0.695037
v -2.854725 -0.050000 -0.695037
v -2.854725 0.050000 -0.695037
v -2.852425 -0.050000 -0.736436
v -2.852425 0.050000 -0.736436
v -2.705231 -0.050000 -0.736436
v -2.705231 0.050000 -0.736436
v -2.353345 -0.050000 -0.819922
v -2.353345 0.050000 -0.819922
v -2.397503 -0.050000 -0.819922
v -2.397503 0.050000 -0.819922
v -2.389224 -0.050000 -0.965506
v -2.389224 0.050000 -0.965506
v -2.345065 -0.050000 -0.965506
v -2.345065 0.050000 -0.965506
v -2.301827 -0.050000 -0.819922
v -2.301827 0.050000 -0.819922
v -2.345985 -0.050000 -0.819922
v -2.345985 0.050000 -0.819922
v -2.337706 -0.050000 -0.965506
v -2.337706 0.050000 -0.965506
v -2.293547 -0.050000 -0.965506
v -2.293547 0.050000 -0.965506
vn -0.0000 1.0000 -0.0000
vn -0.0000 -1.0000 -0.0000
vn -0.8528 -0.0000 0.5222
vn 0.8092 -0.0000 0.5875
vn -0.8092 -0.0000 -0.5875
vn -0.8529 -0.0000 0.5221
vn 0.8528 -0.0000 -0.5222
vn 0.8529 -0.0000 -0.5221
vn -0.8524 -0.0000 0.5229
vn 0.8098 -0.0000 0.5868
vn -0.8098 -0.0000 -0.5868
vn 0.8524 -0.0000 -0.5229
vn -0.8524 -0.0000 0.5230
vn -0.9032 -0.0000 0.4292
vn -0.8098 -0.0000 -0.5867
vn 0.8524 0.0001 -0.5229
vn 0.7303 -0.0000 0.6831
vn 0.8098 -0.0000 0.5867
vn 0.7302 -0.0000 0.6832
vn 0.7303 -0.0000 0.6832
vn -0.9032 -0.0000 0.4291
vn -0.8398 -0.0000 0.5429
vn -0.8397 -0.0000 0.5430
vn -0.8217 -0.0000 -0.5700
vn -0.8217 -0.0000 -0.5699
vn 0.8419 -0.0000 -0.5397
vn 0.8419 -0.0000 -0.5396
vn 0.8419 0.0001 -0.5396
vn 0.8227 -0.0000 0.5685
vn 0.8410 -0.0000 -0.5410
vn 0.8227 -0.0000 0.5684
vn 0.8233 -0.0000 0.5676
vn -0.8405 -0.0000 0.5419
vn -0.8405 -0.0000 0.5418
vn -0.8241 -0.0000 -0.5664
vn -0.8240 -0.0000 -0.5665
vn -0.8092 -0.0001 -0.5875
vt 0.285714 0.000000
vt 0.142857 0.000000
vt 0.000000 0.000000
vt 0.571429 0.000000
vt 1.000000 0.000000
vt 0.857143 0.000000
vt 0.714286 0.000000
vt 0.428571 0.000000
vt 0.947368 0.000000
vt 0.894737 0.000000
vt 0.842105 0.000000
vt 0.105263 0.000000
vt 0.052632 0.000000
vt 0.157895 0.000000
vt 0.526316 0.000000
vt 0.684211 0.000000
vt 0.631579 0.000000
vt 0.578947 0.000000
vt 0.315789 0.000000
vt 0.473684 0.000000
vt 0.421053 0.000000
vt 0.368421 0.000000
vt 0.789474 0.000000
vt 0.736842 0.000000
vt 0.210526 0.000000
vt 0.263158 0.000000
vt 0.545455 0.000000
vt 0.454545 0.000000
vt 0.363636 0.000000
vt 0.818182 0.000000
vt 0.636364 0.000000
vt 0.727273 0.000000
vt 0.272727 0.000000
vt 0.181818 0.000000
vt 0.909091 0.000000
vt 0.090909 0.000000
vt 0.250000 1.000000
vt 0.000000 1.000000
vt 0.500000 1.000000
vt 0.250000 0.000000
vt 0.750000 1.000000
vt 0.500000 0.000000
vt 1.000000 1.000000
vt 0.750000 0.000000
vt 0.125000 1.000000
vt 0.125000 0.000000
vt 0.375000 1.000000
vt 0.375000 0.000000
vt 0.625000 1.000000
vt 0.625000 0.000000
vt 0.875000 1.000000
vt 0.875000 0.000000
vt 0.050000 1.000000
vt 0.100000 1.000000
vt 0.050000 0.000000
vt 0.150000 1.000000
vt 0.100000 0.000000
vt 0.200000 1.000000
vt 0.150000 0.000000
vt 0.200000 0.000000
vt 0.300000 1.000000
vt 0.350000 1.000000
vt 0.300000 0.000000
vt 0.400000 1.000000
vt 0.350000 0.000000
vt 0.450000 1.000000
vt 0.400000 0.000000
vt 0.450000 0.000000
vt 0.550000 1.000000
vt 0.600000 1.000000
vt 0.550000 0.000000
vt 0.650000 1.000000
vt 0.600000 0.000000
vt 0.700000 1.000000
vt 0.650000 0.000000
vt 0.700000 0.000000
vt 0.800000 1.000000
vt 0.850000 1.000000
vt 0.800000 0.000000
vt 0.900000 1.000000
vt 0.850000 0.000000
vt 0.950000 1.000000
vt 0.900000 0.000000
vt 0.950000 0.000000
s 1
usemtl Material.033
f 2787/650/934 2786/651/934 2785/652/934
f 2789/653/934 2792/654/934 2791/655/934
f 2789/653/934 2791/655/934 2790/656/934
f 2787/650/934 2785/652/934 2788/657/934
f 2811/658/934 2810/659/934 2809/660/934
f 2809/660/934 2812/654/934 2811/658/934
f 2795/661/934 2794/662/934 2793/652/934
f 2793/652/934 2796/663/934 2795/661/934
f 2803/664/934 2806/665/934 2805/666/934
f 2805/666/934 2804/667/934 2803/664/934
f 2799/668/934 2802/669/934 2801/670/934
f 2801/670/934 2800/671/934 2799/668/934
f 2809/660/934 2808/672/934 2807/673/934
f 2807/673/934 2806/665/934 2809/660/934
f 2812/654/934 2809/660/934 2806/665/934
f 2806/665/934 2803/664/934 2812/654/934
f 2793/652/934 2812/654/934 2803/664/934
f 2803/664/934 2802/669/934 2793/652/934
f 2796/663/934 2793/652/934 2802/669/934
f 2802/669/934 2799/668/934 2796/663/934
f 2797/674/934 2796/663/934 2799/668/934
f 2799/668/934 2798/675/934 2797/674/934
f 2819/676/934 2818/677/934 2817/678/934
f 2822/679/934 2820/680/934 2817/678/934
f 2822/679/934 2821/681/934 2820/680/934
f 2813/652/934 2816/682/934 2815/683/934
f 2817/678/934 2824/654/934 2823/684/934
f 2823/684/934 2822/679/934 2817/678/934
f 2815/683/934 2814/685/934 2813/652/934
f 2819/676/934 2817/678/934 2820/680/934
f 2827/650/934 2826/651/934 2825/652/934
f 2829/653/934 2832/654/934 2831/655/934
f 2829/653/934 2831/655/934 2830/656/934
f 2827/650/934 2825/652/934 2828/657/934
f 2835/650/935 2833/652/935 2834/651/935
f 2837/653/935 2839/655/935 2840/654/935
f 2837/653/935 2838/656/935 2839/655/935
f 2835/650/935 2836/657/935 2833/652/935
f 2859/658/935 2857/660/935 2858/659/935
f 2857/660/935 2859/658/935 2860/654/935
f 2843/661/935 2841/652/935 2842/662/935
f 2841/652/935 2843/661/935 2844/663/935
f 2851/664/935 2853/666/935 2854/665/935
f 2853/666/935 2851/664/935 2852/667/935
f 2847/668/935 2849/670/935 2850/669/935
f 2849/670/935 2847/668/935 2848/671/935
f 2857/660/935 2855/673/935 2856/672/935
f 2855/673/935 2857/660/935 2854/665/935
f 2860/654/935 2854/665/935 2857/660/935
f 2854/665/935 2860/654/935 2851/664/935
f 2841/652/935 2851/664/935 2860/654/935
f 2851/664/935 2841/652/935 2850/669/935
f 2844/663/935 2850/669/935 2841/652/935
f 2850/669/935 2844/663/935 2847/668/935
f 2845/674/935 2847/668/935 2844/663/935
f 2847/668/935 2845/674/935 2846/675/935
f 2867/676/935 2865/678/935 2866/677/935
f 2870/679/935 2865/678/935 2868/680/935
f 2870/679/935 2868/680/935 2869/681/935
f 2861/652/935 2863/683/935 2864/682/935
f 2865/678/935 2871/684/935 2872/654/935
f 2871/684/935 2865/678/935 2870/679/935
f 2863/683/935 2861/652/935 2862/685/935
f 2867/676/935 2868/680/935 2865/678/935
f 2875/650/935 2873/652/935 2874/651/935
f 2877/653/935 2879/655/935 2880/654/935
f 2877/653/935 2878/656/935 2879/655/935
f 2875/650/935 2876/657/935 2873/652/935
f 2884/686/936 2881/652/937 2882/687/937
f 2886/688/938 2883/689/939 2884/686/936
f 2888/690/940 2885/691/938 2886/688/938
f 2882/692/937 2887/693/941 2888/690/940
f 2892/686/936 2889/652/937 2890/687/937
f 2894/688/938 2891/689/939 2892/686/936
f 2896/690/940 2893/691/938 2894/688/938
f 2890/692/937 2895/693/941 2896/690/940
f 2900/686/942 2897/652/943 2898/687/943
f 2902/688/944 2899/689/942 2900/686/942
f 2904/690/945 2901/691/944 2902/688/944
f 2898/692/943 2903/693/945 2904/690/945
f 2908/694/946 2905/652/947 2906/687/947
f 2910/686/944 2907/695/942 2908/694/946
f 2912/696/945 2909/689/948 2910/686/944
f 2914/688/943 2911/697/949 2912/696/945
f 2916/698/950 2913/691/951 2914/688/943
f 2918/690/952 2915/699/953 2916/698/950
f 2920/700/954 2917/693/950 2918/690/952
f 2906/692/947 2919/701/947 2920/700/954
f 2924/702/942 2921/652/955 2922/687/956
f 2926/703/948 2923/704/946 2924/702/942
f 2928/705/957 2925/706/948 2926/703/948
f 2930/707/958 2927/708/958 2928/705/957
f 2932/686/959 2929/709/957 2930/707/958
f 2934/710/960 2931/689/960 2932/686/959
f 2936/711/945 2933/712/961 2934/710/960
f 2938/713/943 2935/714/945 2936/711/945
f 2940/715/962 2937/716/951 2938/713/943
f 2942/688/963 2939/717/964 2940/715/962
f 2944/718/945 2941/691/963 2942/688/963
f 2946/719/951 2943/720/945 2944/718/945
f 2948/721/965 2945/722/951 2946/719/951
f 2950/723/965 2947/724/965 2948/721/965
f 2952/690/966 2949/725/965 2950/723/965
f 2954/726/966 2951/693/967 2952/690/966
f 2956/727/942 2953/728/967 2954/726/966
f 2958/729/948 2955/730/946 2956/727/942
f 2960/731/968 2957/732/948 2958/729/948
f 2922/692/956 2959/733/969 2960/731/968
f 2964/686/936 2961/652/937 2962/687/937
f 2966/688/970 2963/689/939 2964/686/936
f 2968/690/940 2965/691/938 2966/688/970
f 2962/692/937 2967/693/941 2968/690/940
f 2972/686/936 2969/652/937 2970/687/937
f 2974/688/970 2971/689/939 2972/686/936
f 2976/690/940 2973/691/938 2974/688/970
f 2970/692/937 2975/693/941 2976/690/940
f 2884/686/936 2883/689/939 2881/652/937
f 2886/688/938 2885/691/938 2883/689/939
f 2888/690/940 2887/693/941 2885/691/938
f 2882/692/937 2881/654/937 2887/693/941
f 2892/686/936 2891/689/939 2889/652/937
f 2894/688/938 2893/691/938 2891/689/939
f 2896/690/940 2895/693/941 2893/691/938
f 2890/692/937 2889/654/937 2895/693/941
f 2900/686/942 2899/689/942 2897/652/943
f 2902/688/944 2901/691/944 2899/689/942
f 2904/690/945 2903/693/945 2901/691/944
f 2898/692/943 2897/654/943 2903/693/945
f 2908/694/946 2907/695/942 2905/652/947
f 2910/686/944 2909/689/948 2907/695/942
f 2912/696/945 2911/697/949 2909/689/948
f 2914/688/943 2913/691/951 2911/697/949
f 2916/698/950 2915/699/953 2913/691/951
f 2918/690/952 2917/693/950 2915/699/953
f 2920/700/954 2919/701/947 2917/693/950
f 2906/692/947 2905/654/947 2919/701/947
f 2924/702/942 2923/704/946 2921/652/955
f 2926/703/948 2925/706/948 2923/704/946
f 2928/705/957 2927/708/958 2925/706/948
f 2930/707/958 2929/709/957 2927/708/958
f 2932/686/959 2931/689/960 2929/709/957
f 2934/710/960 2933/712/961 2931/689/960
f 2936/711/945 2935/714/945 2933/712/961
f 2938/713/943 2937/716/951 2935/714/945
f 2940/715/962 2939/717/964 2937/716/951
f 2942/688/963 2941/691/963 2939/717/964
f 2944/718/945 2943/720/945 2941/691/963
f 2946/719/951 2945/722/951 2943/720/945
f 2948/721/965 2947/724/965 2945/722/951
f 2950/723/965 2949/725/965 2947/724/965
f 2952/690/966 2951/693/967 2949/725/965
f 2954/726/966 2953/728/967 2951/693/967
f 2956/727/942 2955/730/946 2953/728/967
f 2958/729/948 2957/732/948 2955/730/946
f 2960/731/968 2959/733/969 2957/732/948
f 2922/692/956 2921/654/955 2959/733/969
f 2964/686/936 2963/689/939 2961/652/937
f 2966/688/970 2965/691/938 2963/689/939
f 2968/690/940 2967/693/941 2965/691/938
f 2962/692/937 2961/654/937 2967/693/941
f 2972/686/936 2971/689/939 2969/652/937
f 2974/688/970 2973/691/938 2971/689/939
f 2976/690/940 2975/693/941 2973/691/938
f 2970/692/937 2969/654/937 2975/693/941
o Text.004
v -1.766220 0.050000 0.237354
v -2.244003 0.050000 0.237354
v -2.227857 0.050000 -0.044155
v -2.223672 0.050000 -0.044155
v -2.113046 0.050000 -0.072674
v -2.175236 0.050000 -0.303585
v -2.043681 0.050000 -0.303585
v -1.990461 0.050000 -0.103952
v -1.746487 0.050000 -0.166510
v -1.749477 0.050000 -0.112232
v -2.098097 0.050000 -0.022996
v -2.109458 0.050000 0.183076
v -1.763230 0.050000 0.183076
v -1.766220 -0.050000 0.237354
v -2.244003 -0.050000 0.237354
v -2.227857 -0.050000 -0.044155
v -2.223672 -0.050000 -0.044155
v -2.113046 -0.050000 -0.072674
v -2.175236 -0.050000 -0.303585
v -2.043681 -0.050000 -0.303585
v -1.990461 -0.050000 -0.103952
v -1.746487 -0.050000 -0.166510
v -1.749477 -0.050000 -0.112232
v -2.098097 -0.050000 -0.022996
v -2.109458 -0.050000 0.183076
v -1.763230 -0.050000 0.183076
v -1.766220 -0.050000 0.237354
v -1.766220 0.050000 0.237354
v -2.244003 -0.050000 0.237354
v -2.244003 0.050000 0.237354
v -2.227857 -0.050000 -0.044155
v -2.227857 0.050000 -0.044155
v -2.223672 -0.050000 -0.044155
v -2.223672 0.050000 -0.044155
v -2.113046 -0.050000 -0.072674
v -2.113046 0.050000 -0.072674
v -2.175236 -0.050000 -0.303585
v -2.175236 0.050000 -0.303585
v -2.043681 -0.050000 -0.303585
v -2.043681 0.050000 -0.303585
v -1.990461 -0.050000 -0.103952
v -1.990461 0.050000 -0.103952
v -1.746487 -0.050000 -0.166510
v -1.746487 0.050000 -0.166510
v -1.749477 -0.050000 -0.112232
v -1.749477 0.050000 -0.112232
v -2.098097 -0.050000 -0.022996
v -2.098097 0.050000 -0.022996
v -2.109458 -0.050000 0.183076
v -2.109458 0.050000 0.183076
v -1.763230 -0.050000 0.183076
v -1.763230 0.050000 0.183076
vn -0.0000 1.0000 -0.0000
vn -0.0000 -1.0000 -0.0000
vn -0.8593 -0.0000 0.5115
vn 0.8164 -0.0000 0.5775
vn -0.8154 -0.0000 -0.5789
vn -0.1270 -0.0000 -0.9919
vn -0.8154 -0.0000 -0.5790
vn -0.9408 -0.0000 -0.3388
vn -0.1269 -0.0000 -0.9919
vn -0.9172 -0.0001 -0.3984
vn -0.9408 -0.0000 -0.3389
vn 0.7181 -0.0000 -0.6959
vn -0.9173 -0.0000 -0.3983
vn 0.6507 -0.0000 -0.7593
vn 0.7181 0.0001 -0.6960
vn 0.8175 -0.0000 -0.5760
vn 0.8575 -0.0001 0.5144
vn 0.8174 -0.0000 -0.5760
vn 0.8575 -0.0000 0.5144
vn 0.8585 -0.0000 -0.5128
vn 0.8576 -0.0000 0.5144
vn 0.8585 -0.0000 -0.5127
vt 0.166667 0.000000
vt 0.083333 0.000000
vt 0.250000 0.000000
vt 0.916667 0.000000
vt 0.583333 0.000000
vt 0.833333 0.000000
vt 0.750000 0.000000
vt 0.666667 0.000000
vt 0.000000 0.000000
vt 1.000000 0.000000
vt 0.333333 0.000000
vt 0.500000 0.000000
vt 0.416667 0.000000
vt 0.076923 1.000000
vt 0.000000 1.000000
vt 0.153846 1.000000
vt 0.076923 0.000000
vt 0.230769 1.000000
vt 0.153846 0.000000
vt 0.307692 1.000000
vt 0.230769 0.000000
vt 0.384615 1.000000
vt 0.307692 0.000000
vt 0.461538 1.000000
vt 0.384615 0.000000
vt 0.538462 1.000000
vt 0.461538 0.000000
vt 0.615385 1.000000
vt 0.538462 0.000000
vt 0.692308 1.000000
vt 0.615385 0.000000
vt 0.769231 1.000000
vt 0.692308 0.000000
vt 0.846154 1.000000
vt 0.769231 0.000000
vt 0.923077 1.000000
vt 0.846154 0.000000
vt 1.000000 1.000000
vt 0.923077 0.000000
s 1
usemtl Material.034
f 2979/734/971 2978/735/971 2980/736/971
f 2980/736/971 2978/735/971 2988/737/971
f 2984/738/971 2987/739/971 2986/740/971
f 2986/740/971 2985/741/971 2984/738/971
f 2988/737/971 2978/735/971 2977/742/971
f 2977/742/971 2989/743/971 2988/737/971
f 2980/736/971 2988/737/971 2987/739/971
f 2981/744/971 2980/736/971 2987/739/971
f 2987/739/971 2984/738/971 2981/744/971
f 2984/738/971 2983/745/971 2981/744/971
f 2982/746/971 2981/744/971 2983/745/971
f 2992/734/972 2993/736/972 2991/735/972
f 2993/736/972 3001/737/972 2991/735/972
f 2997/738/972 2999/740/972 3000/739/972
f 2999/740/972 2997/738/972 2998/741/972
f 3001/737/972 2990/742/972 2991/735/972
f 2990/742/972 3001/737/972 3002/743/972
f 2993/736/972 3000/739/972 3001/737/972
f 2994/744/972 3000/739/972 2993/736/972
f 3000/739/972 2994/744/972 2997/738/972
f 2997/738/972 2994/744/972 2996/745/972
f 2995/746/972 2996/745/972 2994/744/972
f 3006/747/973 3003/742/974 3004/748/974
f 3008/749/975 3005/750/973 3006/747/973
f 3010/751/976 3007/752/977 3008/749/975
f 3012/753/978 3009/754/979 3010/751/976
f 3014/755/980 3011/756/981 3012/753/978
f 3016/757/982 3013/758/983 3014/755/980
f 3018/759/984 3015/760/985 3016/757/982
f 3020/761/986 3017/762/984 3018/759/984
f 3022/763/987 3019/764/988 3020/761/986
f 3024/765/989 3021/766/989 3022/763/987
f 3026/767/990 3023/768/991 3024/765/989
f 3028/769/990 3025/770/992 3026/767/990
f 3004/771/974 3027/772/990 3028/769/990
f 3006/747/973 3005/750/973 3003/742/974
f 3008/749/975 3007/752/977 3005/750/973
f 3010/751/976 3009/754/979 3007/752/977
f 3012/753/978 3011/756/981 3009/754/979
f 3014/755/980 3013/758/983 3011/756/981
f 3016/757/982 3015/760/985 3013/758/983
f 3018/759/984 3017/762/984 3015/760/985
f 3020/761/986 3019/764/988 3017/762/984
f 3022/763/987 3021/766/989 3019/764/988
f 3024/765/989 3023/768/991 3021/766/989
f 3026/767/990 3025/770/992 3023/768/991
f 3028/769/990 3027/772/990 3025/770/992
f 3004/771/974 3003/743/974 3027/772/990
o Text.005
v -0.635896 0.050000 -0.819922
v -0.680054 0.050000 -0.819922
v -0.671774 0.050000 -0.965506
v -0.627616 0.050000 -0.965506
v -0.584378 0.050000 -0.819922
v -0.628536 0.050000 -0.819922
v -0.620256 0.050000 -0.965506
v -0.576098 0.050000 -0.965506
v -0.979502 0.050000 -0.906169
v -1.123016 0.050000 -0.906169
v -1.120716 0.050000 -0.947567
v -0.977202 0.050000 -0.947567
v -0.888426 0.050000 -0.551523
v -1.006181 0.050000 -0.551523
v -0.837368 0.050000 -0.931008
v -0.719613 0.050000 -0.931008
v -1.212713 0.050000 -0.889609
v -1.582538 0.050000 -0.913068
v -1.580238 0.050000 -0.954467
v -1.210413 0.050000 -0.931008
v -1.237092 0.050000 -0.746095
v -1.577478 0.050000 -0.769554
v -1.575178 0.050000 -0.810953
v -1.234792 0.050000 -0.787493
v -1.225592 0.050000 -0.550143
v -1.610137 0.050000 -0.573602
v -1.605997 0.050000 -0.648119
v -1.221452 0.050000 -0.624660
v -1.719612 0.050000 -0.819922
v -1.763771 0.050000 -0.819922
v -1.755491 0.050000 -0.965506
v -1.711333 0.050000 -0.965506
v -1.668095 0.050000 -0.819922
v -1.712253 0.050000 -0.819922
v -1.703973 0.050000 -0.965506
v -1.659815 0.050000 -0.965506
v -0.635896 -0.050000 -0.819922
v -0.680054 -0.050000 -0.819922
v -0.671774 -0.050000 -0.965506
v -0.627616 -0.050000 -0.965506
v -0.584378 -0.050000 -0.819922
v -0.628536 -0.050000 -0.819922
v -0.620256 -0.050000 -0.965506
v -0.576098 -0.050000 -0.965506
v -0.979502 -0.050000 -0.906169
v -1.123016 -0.050000 -0.906169
v -1.120716 -0.050000 -0.947567
v -0.977202 -0.050000 -0.947567
v -0.888426 -0.050000 -0.551523
v -1.006181 -0.050000 -0.551523
v -0.837368 -0.050000 -0.931008
v -0.719613 -0.050000 -0.931008
v -1.212713 -0.050000 -0.889609
v -1.582538 -0.050000 -0.913068
v -1.580238 -0.050000 -0.954467
v -1.210413 -0.050000 -0.931008
v -1.237092 -0.050000 -0.746095
v -1.577478 -0.050000 -0.769554
v -1.575178 -0.050000 -0.810953
v -1.234792 -0.050000 -0.787493
v -1.225592 -0.050000 -0.550143
v -1.610137 -0.050000 -0.573602
v -1.605997 -0.050000 -0.648119
v -1.221452 -0.050000 -0.624660
v -1.719612 -0.050000 -0.819922
v -1.763771 -0.050000 -0.819922
v -1.755491 -0.050000 -0.965506
v -1.711333 -0.050000 -0.965506
v -1.668095 -0.050000 -0.819922
v -1.712253 -0.050000 -0.819922
v -1.703973 -0.050000 -0.965506
v -1.659815 -0.050000 -0.965506
v -1.719612 -0.050000 -0.819922
v -1.719612 0.050000 -0.819922
v -1.763771 -0.050000 -0.819922
v -1.763771 0.050000 -0.819922
v -1.755491 -0.050000 -0.965506
v -1.755491 0.050000 -0.965506
v -1.711333 -0.050000 -0.965506
v -1.711333 0.050000 -0.965506
v -1.668095 -0.050000 -0.819922
v -1.668095 0.050000 -0.819922
v -1.712253 -0.050000 -0.819922
v -1.712253 0.050000 -0.819922
v -1.703973 -0.050000 -0.965506
v -1.703973 0.050000 -0.965506
v -1.659815 -0.050000 -0.965506
v -1.659815 0.050000 -0.965506
v -1.212713 -0.050000 -0.889609
v -1.212713 0.050000 -0.889609
v -1.582538 -0.050000 -0.913068
v -1.582538 0.050000 -0.913068
v -1.580238 -0.050000 -0.954467
v -1.580238 0.050000 -0.954467
v -1.210413 -0.050000 -0.931008
v -1.210413 0.050000 -0.931008
v -1.237092 -0.050000 -0.746095
v -1.237092 0.050000 -0.746095
v -1.577478 -0.050000 -0.769554
v -1.577478 0.050000 -0.769554
v -1.575178 -0.050000 -0.810953
v -1.575178 0.050000 -0.810953
v -1.234792 -0.050000 -0.787493
v -1.234792 0.050000 -0.787493
v -1.225592 -0.050000 -0.550143
v -1.225592 0.050000 -0.550143
v -1.610137 -0.050000 -0.573602
v -1.610137 0.050000 -0.573602
v -1.605997 -0.050000 -0.648119
v -1.605997 0.050000 -0.648119
v -1.221452 -0.050000 -0.624660
v -1.221452 0.050000 -0.624660
v -0.979502 -0.050000 -0.906169
v -0.979502 0.050000 -0.906169
v -1.123016 -0.050000 -0.906169
v -1.123016 0.050000 -0.906169
v -1.120716 -0.050000 -0.947567
v -1.120716 0.050000 -0.947567
v -0.977202 -0.050000 -0.947567
v -0.977202 0.050000 -0.947567
v -0.888426 -0.050000 -0.551523
v -0.888426 0.050000 -0.551523
v -1.006181 -0.050000 -0.551523
v -1.006181 0.050000 -0.551523
v -0.837368 -0.050000 -0.931008
v -0.837368 0.050000 -0.931008
v -0.719613 -0.050000 -0.931008
v -0.719613 0.050000 -0.931008
v -0.635896 -0.050000 -0.819922
v -0.635896 0.050000 -0.819922
v -0.680054 -0.050000 -0.819922
v -0.680054 0.050000 -0.819922
v -0.671774 -0.050000 -0.965506
v -0.671774 0.050000 -0.965506
v -0.627616 -0.050000 -0.965506
v -0.627616 0.050000 -0.965506
v -0.584378 -0.050000 -0.819922
v -0.584378 0.050000 -0.819922
v -0.628536 -0.050000 -0.819922
v -0.628536 0.050000 -0.819922
v -0.620256 -0.050000 -0.965506
v -0.620256 0.050000 -0.965506
v -0.576098 -0.050000 -0.965506
v -0.576098 0.050000 -0.965506
vn -0.0000 1.0000 -0.0000
vn -0.0000 -1.0000 -0.0000
vn -0.8528 -0.0000 0.5222
vn 0.8092 -0.0000 0.5875
vn -0.8092 -0.0000 -0.5875
vn -0.8529 -0.0000 0.5221
vn 0.8528 -0.0000 -0.5222
vn 0.8529 -0.0000 -0.5221
vn -0.8621 -0.0000 0.5068
vn 0.7977 -0.0000 0.6031
vn 0.7976 -0.0000 0.6031
vn -0.7976 -0.0000 -0.6031
vn 0.8621 -0.0000 -0.5068
vn -0.7977 -0.0000 -0.6031
vn -0.8629 -0.0000 0.5055
vn 0.7966 -0.0000 0.6045
vn -0.7966 -0.0000 -0.6045
vn -0.8629 -0.0000 0.5054
vn 0.8629 -0.0000 -0.5054
vn 0.8629 0.0001 -0.5054
vn -0.8617 -0.0000 0.5075
vn 0.7982 -0.0000 0.6024
vn -0.7982 -0.0001 -0.6024
vn -0.8617 0.0001 0.5074
vn 0.8617 -0.0000 -0.5075
vn -0.7982 -0.0000 -0.6024
vn 0.8617 -0.0000 -0.5074
vn -0.8524 -0.0000 0.5229
vn 0.8098 -0.0000 0.5867
vn 0.8098 -0.0001 0.5868
vn -0.8098 -0.0000 -0.5868
vn 0.8524 -0.0000 -0.5229
vn -0.8098 -0.0000 -0.5867
vn -0.9419 -0.0000 0.3360
vn 0.6258 -0.0000 0.7800
vn -0.6258 -0.0000 -0.7800
vn -0.9419 -0.0000 0.3359
vn 0.9419 -0.0000 -0.3360
vn 0.9419 -0.0000 -0.3359
vn -0.8529 0.0001 0.5221
vn 0.8529 0.0001 -0.5221
vt 0.285714 0.000000
vt 0.142857 0.000000
vt 0.000000 0.000000
vt 0.571429 0.000000
vt 1.000000 0.000000
vt 0.857143 0.000000
vt 0.714286 0.000000
vt 0.428571 0.000000
vt 0.909091 0.000000
vt 0.818182 0.000000
vt 0.727273 0.000000
vt 0.545455 0.000000
vt 0.454545 0.000000
vt 0.363636 0.000000
vt 0.636364 0.000000
vt 0.181818 0.000000
vt 0.090909 0.000000
vt 0.272727 0.000000
vt 0.250000 1.000000
vt 0.000000 1.000000
vt 0.500000 1.000000
vt 0.250000 0.000000
vt 0.750000 1.000000
vt 0.500000 0.000000
vt 1.000000 1.000000
vt 0.750000 0.000000
s 1
usemtl Material.033
f 3031/773/993 3030/774/993 3029/775/993
f 3033/776/993 3036/777/993 3035/778/993
f 3033/776/993 3035/778/993 3034/779/993
f 3031/773/993 3029/775/993 3032/780/993
f 3039/773/993 3038/774/993 3037/775/993
f 3044/777/993 3043/778/993 3041/776/993
f 3041/776/993 3043/778/993 3042/779/993
f 3039/773/993 3037/775/993 3040/780/993
f 3055/781/993 3054/782/993 3053/783/993
f 3053/783/993 3056/777/993 3055/781/993
f 3051/784/993 3050/785/993 3049/786/993
f 3049/786/993 3052/787/993 3051/784/993
f 3047/788/993 3046/789/993 3045/775/993
f 3045/775/993 3048/790/993 3047/788/993
f 3059/773/993 3058/774/993 3057/775/993
f 3061/776/993 3064/777/993 3063/778/993
f 3061/776/993 3063/778/993 3062/779/993
f 3059/773/993 3057/775/993 3060/780/993
f 3067/773/994 3065/775/994 3066/774/994
f 3069/776/994 3071/778/994 3072/777/994
f 3069/776/994 3070/779/994 3071/778/994
f 3067/773/994 3068/780/994 3065/775/994
f 3075/773/994 3073/775/994 3074/774/994
f 3080/777/994 3077/776/994 3079/778/994
f 3077/776/994 3078/779/994 3079/778/994
f 3075/773/994 3076/780/994 3073/775/994
f 3091/781/994 3089/783/994 3090/782/994
f 3089/783/994 3091/781/994 3092/777/994
f 3087/784/994 3085/786/994 3086/785/994
f 3085/786/994 3087/784/994 3088/787/994
f 3083/788/994 3081/775/994 3082/789/994
f 3081/775/994 3083/788/994 3084/790/994
f 3095/773/994 3093/775/994 3094/774/994
f 3097/776/994 3099/778/994 3100/777/994
f 3097/776/994 3098/779/994 3099/778/994
f 3095/773/994 3096/780/994 3093/775/994
f 3104/791/995 3101/775/996 3102/792/996
f 3106/793/997 3103/794/998 3104/791/995
f 3108/795/999 3105/796/997 3106/793/997
f 3102/797/996 3107/798/1000 3108/795/999
f 3112/791/995 3109/775/996 3110/792/996
f 3114/793/997 3111/794/998 3112/791/995
f 3116/795/999 3113/796/997 3114/793/997
f 3110/797/996 3115/798/1000 3116/795/999
f 3120/791/1001 3117/775/1002 3118/792/1003
f 3122/793/1004 3119/794/1001 3120/791/1001
f 3124/795/1005 3121/796/1006 3122/793/1004
f 3118/797/1003 3123/798/1005 3124/795/1005
f 3128/791/1007 3125/775/1008 3126/792/1008
f 3130/793/1009 3127/794/1010 3128/791/1007
f 3132/795/1011 3129/796/1009 3130/793/1009
f 3126/797/1008 3131/798/1012 3132/795/1011
f 3136/791/1013 3133/775/1014 3134/792/1014
f 3138/793/1015 3135/794/1016 3136/791/1013
f 3140/795/1017 3137/796/1018 3138/793/1015
f 3134/797/1014 3139/798/1019 3140/795/1017
f 3144/791/1020 3141/775/1021 3142/792/1022
f 3146/793/1023 3143/794/1020 3144/791/1020
f 3148/795/1024 3145/796/1025 3146/793/1023
f 3142/797/1022 3147/798/1024 3148/795/1024
f 3152/791/1026 3149/775/1027 3150/792/1027
f 3154/793/1028 3151/794/1029 3152/791/1026
f 3156/795/1030 3153/796/1028 3154/793/1028
f 3150/797/1027 3155/798/1031 3156/795/1030
f 3160/791/995 3157/775/996 3158/792/996
f 3162/793/997 3159/794/1032 3160/791/995
f 3164/795/999 3161/796/997 3162/793/997
f 3158/797/996 3163/798/1000 3164/795/999
f 3168/791/995 3165/775/996 3166/792/996
f 3170/793/997 3167/794/1032 3168/791/995
f 3172/795/999 3169/796/997 3170/793/997
f 3166/797/996 3171/798/1033 3172/795/999
f 3104/791/995 3103/794/998 3101/775/996
f 3106/793/997 3105/796/997 3103/794/998
f 3108/795/999 3107/798/1000 3105/796/997
f 3102/797/996 3101/777/996 3107/798/1000
f 3112/791/995 3111/794/998 3109/775/996
f 3114/793/997 3113/796/997 3111/794/998
f 3116/795/999 3115/798/1000 3113/796/997
f 3110/797/996 3109/777/996 3115/798/1000
f 3120/791/1001 3119/794/1001 3117/775/1002
f 3122/793/1004 3121/796/1006 3119/794/1001
f 3124/795/1005 3123/798/1005 3121/796/1006
f 3118/797/1003 3117/777/1002 3123/798/1005
f 3128/791/1007 3127/794/1010 3125/775/1008
f 3130/793/1009 3129/796/1009 3127/794/1010
f 3132/795/1011 3131/798/1012 3129/796/1009
f 3126/797/1008 3125/777/1008 3131/798/1012
f 3136/791/1013 3135/794/1016 3133/775/1014
f 3138/793/1015 3137/796/1018 3135/794/1016
f 3140/795/1017 3139/798/1019 3137/796/1018
f 3134/797/1014 3133/777/1014 3139/798/1019
f 3144/791/1020 3143/794/1020 3141/775/1021
f 3146/793/1023 3145/796/1025 3143/794/1020
f 3148/795/1024 3147/798/1024 3145/796/1025
f 3142/797/1022 3141/777/1021 3147/798/1024
f 3152/791/1026 3151/794/1029 3149/775/1027
f 3154/793/1028 3153/796/1028 3151/794/1029
f 3156/795/1030 3155/798/1031 3153/796/1028
f 3150/797/1027 3149/777/1027 3155/798/1031
f 3160/791/995 3159/794/1032 3157/775/996
f 3162/793/997 3161/796/997 3159/794/1032
f 3164/795/999 3163/798/1000 3161/796/997
f 3158/797/996 3157/777/996 3163/798/1000
f 3168/791/995 3167/794/1032 3165/775/996
f 3170/793/997 3169/796/997 3167/794/1032
f 3172/795/999 3171/798/1033 3169/796/997
f 3166/797/996 3165/777/996 3171/798/1033
