# Blender 5.2.1 LTS
# www.blender.org
mtllib tutorialText5.mtl
o Text
v 3.625617 0.050000 -0.760499
v 3.581458 0.050000 -0.760499
v 3.589738 0.050000 -0.906083
v 3.633896 0.050000 -0.906083
v 3.677135 0.050000 -0.760499
v 3.632976 0.050000 -0.760499
v 3.641256 0.050000 -0.906083
v 3.685414 0.050000 -0.906083
v 3.282010 0.050000 -0.846745
v 3.138496 0.050000 -0.846745
v 3.140796 0.050000 -0.888144
v 3.284310 0.050000 -0.888144
v 3.373086 0.050000 -0.492099
v 3.255331 0.050000 -0.492099
v 3.424145 0.050000 -0.871584
v 3.541900 0.050000 -0.871584
v 3.048800 0.050000 -0.830186
v 2.678974 0.050000 -0.853645
v 2.681274 0.050000 -0.895043
v 3.051099 0.050000 -0.871584
v 3.024420 0.050000 -0.686672
v 2.684034 0.050000 -0.710131
v 2.686334 0.050000 -0.751529
v 3.026721 0.050000 -0.728070
v 3.035920 0.050000 -0.490720
v 2.651375 0.050000 -0.514179
v 2.655515 0.050000 -0.588696
v 3.040060 0.050000 -0.565237
v 2.541900 0.050000 -0.760499
v 2.497741 0.050000 -0.760499
v 2.506021 0.050000 -0.906083
v 2.550179 0.050000 -0.906083
v 2.593418 0.050000 -0.760499
v 2.549259 0.050000 -0.760499
v 2.557539 0.050000 -0.906083
v 2.601697 0.050000 -0.906083
v 3.625617 -0.050000 -0.760499
v 3.581458 -0.050000 -0.760499
v 3.589738 -0.050000 -0.906083
v 3.633896 -0.050000 -0.906083
v 3.677135 -0.050000 -0.760499
v 3.632976 -0.050000 -0.760499
v 3.641256 -0.050000 -0.906083
v 3.685414 -0.050000 -0.906083
v 3.282010 -0.050000 -0.846745
v 3.138496 -0.050000 -0.846745
v 3.140796 -0.050000 -0.888144
v 3.284310 -0.050000 -0.888144
v 3.373086 -0.050000 -0.492099
v 3.255331 -0.050000 -0.492099
v 3.424145 -0.050000 -0.871584
v 3.541900 -0.050000 -0.871584
v 3.048800 -0.050000 -0.830186
v 2.678974 -0.050000 -0.853645
v 2.681274 -0.050000 -0.895043
v 3.051099 -0.050000 -0.871584
v 3.024420 -0.050000 -0.686672
v 2.684034 -0.050000 -0.710131
v 2.686334 -0.050000 -0.751529
v 3.026721 -0.050000 -0.728070
v 3.035920 -0.050000 -0.490720
v 2.651375 -0.050000 -0.514179
v 2.655515 -0.050000 -0.588696
v 3.040060 -0.050000 -0.565237
v 2.541900 -0.050000 -0.760499
v 2.497741 -0.050000 -0.760499
v 2.506021 -0.050000 -0.906083
v 2.550179 -0.050000 -0.906083
v 2.593418 -0.050000 -0.760499
v 2.549259 -0.050000 -0.760499
v 2.557539 -0.050000 -0.906083
v 2.601697 -0.050000 -0.906083
v 2.541900 -0.050000 -0.760499
v 2.541900 0.050000 -0.760499
v 2.497741 -0.050000 -0.760499
v 2.497741 0.050000 -0.760499
v 2.506021 -0.050000 -0.906083
v 2.506021 0.050000 -0.906083
v 2.550179 -0.050000 -0.906083
v 2.550179 0.050000 -0.906083
v 2.593418 -0.050000 -0.760499
v 2.593418 0.050000 -0.760499
v 2.549259 -0.050000 -0.760499
v 2.549259 0.050000 -0.760499
v 2.557539 -0.050000 -0.906083
v 2.557539 0.050000 -0.906083
v 2.601697 -0.050000 -0.906083
v 2.601697 0.050000 -0.906083
v 3.048800 -0.050000 -0.830186
v 3.048800 0.050000 -0.830186
v 2.678974 -0.050000 -0.853645
v 2.678974 0.050000 -0.853645
v 2.681274 -0.050000 -0.895043
v 2.681274 0.050000 -0.895043
v 3.051099 -0.050000 -0.871584
v 3.051099 0.050000 -0.871584
v 3.024420 -0.050000 -0.686672
v 3.024420 0.050000 -0.686672
v 2.684034 -0.050000 -0.710131
v 2.684034 0.050000 -0.710131
v 2.686334 -0.050000 -0.751529
v 2.686334 0.050000 -0.751529
v 3.026721 -0.050000 -0.728070
v 3.026721 0.050000 -0.728070
v 3.035920 -0.050000 -0.490720
v 3.035920 0.050000 -0.490720
v 2.651375 -0.050000 -0.514179
v 2.651375 0.050000 -0.514179
v 2.655515 -0.050000 -0.588696
v 2.655515 0.050000 -0.588696
v 3.040060 -0.050000 -0.565237
v 3.040060 0.050000 -0.565237
v 3.282010 -0.050000 -0.846745
v 3.282010 0.050000 -0.846745
v 3.138496 -0.050000 -0.846745
v 3.138496 0.050000 -0.846745
v 3.140796 -0.050000 -0.888144
v 3.140796 0.050000 -0.888144
v 3.284310 -0.050000 -0.888144
v 3.284310 0.050000 -0.888144
v 3.373086 -0.050000 -0.492099
v 3.373086 0.050000 -0.492099
v 3.255331 -0.050000 -0.492099
v 3.255331 0.050000 -0.492099
v 3.424145 -0.050000 -0.871584
v 3.424145 0.050000 -0.871584
v 3.541900 -0.050000 -0.871584
v 3.541900 0.050000 -0.871584
v 3.625617 -0.050000 -0.760499
v 3.625617 0.050000 -0.760499
v 3.581458 -0.050000 -0.760499
v 3.581458 0.050000 -0.760499
v 3.589738 -0.050000 -0.906083
v 3.589738 0.050000 -0.906083
v 3.633896 -0.050000 -0.906083
v 3.633896 0.050000 -0.906083
v 3.677135 -0.050000 -0.760499
v 3.677135 0.050000 -0.760499
v 3.632976 -0.050000 -0.760499
v 3.632976 0.050000 -0.760499
v 3.641256 -0.050000 -0.906083
v 3.641256 0.050000 -0.906083
v 3.685414 -0.050000 -0.906083
v 3.685414 0.050000 -0.906083
vn -0.0000 1.0000 -0.0000
vn -0.0000 -1.0000 -0.0000
vn -0.8528 -0.0000 0.5222
vn 0.8092 -0.0000 0.5875
vn 0.8092 -0.0001 0.5875
vn -0.8092 -0.0000 -0.5875
vn -0.8529 -0.0000 0.5221
vn 0.8528 -0.0000 -0.5222
vn 0.8529 -0.0000 -0.5221
vn -0.8621 -0.0000 0.5068
vn 0.7976 -0.0000 0.6032
vn -0.7976 -0.0001 -0.6032
vn 0.8621 -0.0000 -0.5068
vn -0.7977 -0.0000 -0.6031
vn 0.8620 -0.0000 -0.5069
vn -0.8628 -0.0000 0.5055
vn 0.7965 -0.0000 0.6046
vn -0.7966 -0.0000 -0.6045
vn -0.8629 -0.0000 0.5054
vn 0.8629 -0.0000 -0.5054
vn -0.8616 -0.0000 0.5075
vn 0.7982 -0.0000 0.6024
vn -0.7982 -0.0001 -0.6024
vn -0.8617 -0.0000 0.5074
vn 0.8616 -0.0000 -0.5075
vn -0.7982 -0.0000 -0.6024
vn 0.8617 0.0001 -0.5074
vn -0.8524 -0.0000 0.5229
vn 0.8098 -0.0000 0.5867
vn -0.8098 -0.0000 -0.5867
vn 0.8524 -0.0000 -0.5229
vn -0.9419 -0.0000 0.3360
vn 0.6258 -0.0000 0.7800
vn -0.6258 -0.0000 -0.7800
vn -0.9419 -0.0000 0.3359
vn 0.9419 -0.0000 -0.3360
vn 0.9419 -0.0000 -0.3359
vt 0.285714 0.000000
vt 0.142857 0.000000
vt 0.000000 0.000000
vt 0.571429 0.000000
vt 1.000000 0.000000
vt 0.857143 0.000000
vt 0.714286 0.000000
vt 0.428571 0.000000
vt 0.909091 0.000000
vt 0.818182 0.000000
vt 0.727273 0.000000
vt 0.545455 0.000000
vt 0.454545 0.000000
vt 0.363636 0.000000
vt 0.636364 0.000000
vt 0.181818 0.000000
vt 0.090909 0.000000
vt 0.272727 0.000000
vt 0.250000 1.000000
vt 0.000000 1.000000
vt 0.500000 1.000000
vt 0.250000 0.000000
vt 0.750000 1.000000
vt 0.500000 0.000000
vt 1.000000 1.000000
vt 0.750000 0.000000
s 1
usemtl Material.026
f 3/1/1 2/2/1 1/3/1
f 5/4/1 8/5/1 7/6/1
f 5/4/1 7/6/1 6/7/1
f 3/1/1 1/3/1 4/8/1
f 11/1/1 10/2/1 9/3/1
f 16/5/1 15/6/1 13/4/1
f 13/4/1 15/6/1 14/7/1
f 11/1/1 9/3/1 12/8/1
f 27/9/1 26/10/1 25/11/1
f 25/11/1 28/5/1 27/9/1
f 23/12/1 22/13/1 21/14/1
f 21/14/1 24/15/1 23/12/1
f 19/16/1 18/17/1 17/3/1
f 17/3/1 20/18/1 19/16/1
f 31/1/1 30/2/1 29/3/1
f 33/4/1 36/5/1 35/6/1
f 33/4/1 35/6/1 34/7/1
f 31/1/1 29/3/1 32/8/1
f 39/1/2 37/3/2 38/2/2
f 41/4/2 43/6/2 44/5/2
f 41/4/2 42/7/2 43/6/2
f 39/1/2 40/8/2 37/3/2
f 47/1/2 45/3/2 46/2/2
f 52/5/2 49/4/2 51/6/2
f 49/4/2 50/7/2 51/6/2
f 47/1/2 48/8/2 45/3/2
f 63/9/2 61/11/2 62/10/2
f 61/11/2 63/9/2 64/5/2
f 59/12/2 57/14/2 58/13/2
f 57/14/2 59/12/2 60/15/2
f 55/16/2 53/3/2 54/17/2
f 53/3/2 55/16/2 56/18/2
f 67/1/2 65/3/2 66/2/2
f 69/4/2 71/6/2 72/5/2
f 69/4/2 70/7/2 71/6/2
f 67/1/2 68/8/2 65/3/2
f 76/19/3 73/3/4 74/20/5
f 78/21/6 75/22/7 76/19/3
f 80/23/8 77/24/6 78/21/6
f 74/25/5 79/26/9 80/23/8
f 84/19/3 81/3/4 82/20/5
f 86/21/6 83/22/7 84/19/3
f 88/23/8 85/24/6 86/21/6
f 82/25/5 87/26/9 88/23/8
f 92/19/10 89/3/11 90/20/11
f 94/21/12 91/22/10 92/19/10
f 96/23/13 93/24/14 94/21/12
f 90/25/11 95/26/15 96/23/13
f 100/19/16 97/3/17 98/20/17
f 102/21/18 99/22/19 100/19/16
f 104/23/20 101/24/18 102/21/18
f 98/25/17 103/26/20 104/23/20
f 108/19/21 105/3/22 106/20/22
f 110/21/23 107/22/24 108/19/21
f 112/23/25 109/24/26 110/21/23
f 106/25/22 111/26/27 112/23/25
f 116/19/28 113/3/29 114/20/29
f 118/21/30 115/22/28 116/19/28
f 120/23/31 117/24/30 118/21/30
f 114/25/29 119/26/31 120/23/31
f 124/19/32 121/3/33 122/20/33
f 126/21/34 123/22/35 124/19/32
f 128/23/36 125/24/34 126/21/34
f 122/25/33 127/26/37 128/23/36
f 132/19/3 129/3/4 130/20/5
f 134/21/6 131/22/7 132/19/3
f 136/23/8 133/24/6 134/21/6
f 130/25/5 135/26/9 136/23/8
f 140/19/3 137/3/4 138/20/5
f 142/21/6 139/22/7 140/19/3
f 144/23/8 141/24/6 142/21/6
f 138/25/5 143/26/9 144/23/8
f 76/19/3 75/22/7 73/3/4
f 78/21/6 77/24/6 75/22/7
f 80/23/8 79/26/9 77/24/6
f 74/25/5 73/5/4 79/26/9
f 84/19/3 83/22/7 81/3/4
f 86/21/6 85/24/6 83/22/7
f 88/23/8 87/26/9 85/24/6
f 82/25/5 81/5/4 87/26/9
f 92/19/10 91/22/10 89/3/11
f 94/21/12 93/24/14 91/22/10
f 96/23/13 95/26/15 93/24/14
f 90/25/11 89/5/11 95/26/15
f 100/19/16 99/22/19 97/3/17
f 102/21/18 101/24/18 99/22/19
f 104/23/20 103/26/20 101/24/18
f 98/25/17 97/5/17 103/26/20
f 108/19/21 107/22/24 105/3/22
f 110/21/23 109/24/26 107/22/24
f 112/23/25 111/26/27 109/24/26
f 106/25/22 105/5/22 111/26/27
f 116/19/28 115/22/28 113/3/29
f 118/21/30 117/24/30 115/22/28
f 120/23/31 119/26/31 117/24/30
f 114/25/29 113/5/29 119/26/31
f 124/19/32 123/22/35 121/3/33
f 126/21/34 125/24/34 123/22/35
f 128/23/36 127/26/37 125/24/34
f 122/25/33 121/5/33 127/26/37
f 132/19/3 131/22/7 129/3/4
f 134/21/6 133/24/6 131/22/7
f 136/23/8 135/26/9 133/24/6
f 130/25/5 129/5/4 135/26/9
f 140/19/3 139/22/7 137/3/4
f 142/21/6 141/24/6 139/22/7
f 144/23/8 143/26/9 141/24/6
f 138/25/5 137/5/4 143/26/9
o Text.001
v 2.398634 0.050000 -0.208204
v 2.115194 0.050000 -0.208204
v 2.118184 0.050000 -0.261562
v 2.636031 0.050000 -0.261562
v 2.633041 0.050000 -0.208204
v 2.553511 0.050000 -0.208204
v 2.305350 0.050000 0.169901
v 2.582212 0.050000 0.189220
v 2.579224 0.050000 0.242578
v 2.152268 0.050000 0.214059
v 2.155258 0.050000 0.159781
v 1.956730 0.050000 0.242578
v 1.523197 0.050000 0.242578
v 1.553695 0.050000 -0.298361
v 1.685248 0.050000 -0.298361
v 1.657742 0.050000 0.188300
v 1.959720 0.050000 0.188300
v 0.925221 0.050000 0.187380
v 0.892931 0.050000 0.187380
v 0.906684 0.050000 -0.058250
v 0.953924 0.050000 -0.058250
v 0.988606 0.050000 -0.058250
v 0.992194 0.050000 -0.095969
v 0.972462 0.050000 -0.095969
v 0.888745 0.050000 -0.095969
v 0.876785 0.050000 -0.095969
v 0.883961 0.050000 -0.221084
v 0.891735 0.050000 -0.221084
v 0.979637 0.050000 -0.221084
v 1.004154 0.050000 -0.221084
v 1.006546 0.050000 -0.246843
v 0.883961 0.050000 -0.246843
v 0.886951 0.050000 -0.294681
v 1.011330 0.050000 -0.294681
v 1.012526 0.050000 -0.309400
v 1.127337 0.050000 -0.309400
v 1.126142 0.050000 -0.294681
v 1.165010 0.050000 -0.294681
v 1.165607 0.050000 -0.309400
v 1.280419 0.050000 -0.309400
v 1.279821 0.050000 -0.294681
v 1.319288 0.050000 -0.294681
v 1.406592 0.050000 -0.294681
v 1.414964 0.050000 -0.294681
v 1.407788 0.050000 -0.173246
v 1.398818 0.050000 -0.173246
v 1.312112 0.050000 -0.173246
v 1.272646 0.050000 -0.173246
v 1.270852 0.050000 -0.143807
v 1.307328 0.050000 -0.143807
v 1.392241 0.050000 -0.143807
v 1.412572 0.050000 -0.143807
v 1.407190 0.050000 -0.054570
v 1.373105 0.050000 -0.054570
v 1.359352 0.050000 0.187380
v 1.334835 0.050000 0.187380
v 1.383869 0.050000 0.242578
v 1.269057 0.050000 0.242578
v 1.220023 0.050000 0.187380
v 1.040032 0.050000 0.187380
v 0.984421 0.050000 0.242578
v 0.869610 0.050000 0.242578
v 1.009536 0.050000 -0.010412
v 1.008340 0.050000 0.007067
v 1.264274 0.050000 0.007067
v 1.265470 0.050000 -0.010412
v 1.005350 0.050000 0.054905
v 1.004752 0.050000 0.073305
v 1.260686 0.050000 0.073305
v 1.261284 0.050000 0.054905
v 1.001762 0.050000 0.121143
v 1.000566 0.050000 0.139542
v 1.256500 0.050000 0.139542
v 1.257696 0.050000 0.121143
v 1.103418 0.050000 -0.058250
v 1.151257 0.050000 -0.058250
v 1.153648 0.050000 -0.095969
v 1.107006 0.050000 -0.095969
v 1.266068 0.050000 -0.058250
v 1.267862 0.050000 -0.058250
v 1.301947 0.050000 -0.058250
v 1.304338 0.050000 -0.095969
v 1.268459 0.050000 -0.095969
v 1.316298 0.050000 -0.246843
v 1.276831 0.050000 -0.246843
v 1.275636 0.050000 -0.221084
v 1.315102 0.050000 -0.221084
v 1.162020 0.050000 -0.246843
v 1.121358 0.050000 -0.246843
v 1.118965 0.050000 -0.221084
v 1.160824 0.050000 -0.221084
v 1.157834 0.050000 -0.173246
v 1.114182 0.050000 -0.173246
v 1.111790 0.050000 -0.143807
v 1.156040 0.050000 -0.143807
v 0.999371 0.050000 -0.173246
v 0.976647 0.050000 -0.173246
v 0.975451 0.050000 -0.143807
v 0.996978 0.050000 -0.143807
v 0.403188 0.050000 -0.239483
v 0.271036 0.050000 -0.254202
v 0.274025 0.050000 -0.309400
v 0.406178 0.050000 -0.294681
v 0.394817 0.050000 -0.098729
v 0.262664 0.050000 -0.113448
v 0.265654 0.050000 -0.168646
v 0.397807 0.050000 -0.153926
v 0.337411 0.050000 0.242578
v 0.241735 0.050000 0.242578
v 0.296151 0.050000 -0.018692
v 0.391827 0.050000 -0.018692
v 0.773335 0.050000 0.242578
v 0.663308 0.050000 0.242578
v 0.670484 0.050000 0.122063
v 0.516803 0.050000 0.122063
v 0.509628 0.050000 0.242578
v 0.399601 0.050000 0.242578
v 0.424716 0.050000 -0.176925
v 0.439067 0.050000 -0.176925
v 0.429499 0.050000 -0.309400
v 0.520391 0.050000 -0.309400
v 0.529959 0.050000 -0.176925
v 0.534743 0.050000 -0.176925
v 0.558662 0.050000 -0.176925
v 0.565838 0.050000 -0.309400
v 0.671082 0.050000 -0.309400
v 0.663906 0.050000 -0.176925
v 0.687825 0.050000 -0.176925
v 0.695001 0.050000 -0.176925
v 0.718920 0.050000 -0.309400
v 0.809812 0.050000 -0.309400
v 0.785892 0.050000 -0.176925
v 0.792471 0.050000 -0.176925
v 0.797853 0.050000 -0.176925
v 0.527567 0.050000 -0.061930
v 0.681247 0.050000 -0.061930
v 0.684834 0.050000 -0.121728
v 0.531155 0.050000 -0.121728
v 0.677660 0.050000 -0.006732
v 0.524578 0.050000 -0.006732
v 0.520391 0.050000 0.066865
v 0.673473 0.050000 0.066865
v -0.213923 0.050000 -0.205444
v -0.310795 0.050000 -0.205444
v -0.307806 0.050000 -0.259722
v -0.175653 0.050000 -0.259722
v -0.148744 0.050000 -0.298361
v -0.027354 0.050000 -0.298361
v -0.054264 0.050000 -0.259722
v 0.156224 0.050000 -0.259722
v 0.153234 0.050000 -0.205444
v -0.091936 0.050000 -0.205444
v -0.158909 0.050000 -0.109768
v 0.031247 0.050000 -0.109768
v 0.026463 0.050000 -0.032491
v 0.169380 0.050000 -0.041691
v 0.166390 0.050000 0.012587
v 0.023473 0.050000 0.021787
v 0.018092 0.050000 0.107343
v -0.103896 0.050000 0.107343
v -0.099112 0.050000 0.029146
v -0.170869 0.050000 0.033746
v -0.179241 0.050000 0.188300
v 0.129315 0.050000 0.188300
v 0.126325 0.050000 0.242578
v -0.304217 0.050000 0.242578
v -0.290464 0.050000 -0.012252
v -0.095524 0.050000 -0.025132
v -0.093730 0.050000 -0.055490
v -0.318569 0.050000 -0.055490
v -0.443546 0.050000 0.036506
v -0.957806 0.050000 0.036506
v -0.954816 0.050000 -0.018692
v -0.440556 0.050000 -0.018692
v -1.026573 0.050000 -0.309400
v -1.031955 0.050000 -0.217404
v -1.041522 0.050000 -0.217404
v -1.043316 0.050000 -0.184285
v -1.240050 0.050000 -0.184285
v -1.244236 0.050000 -0.003972
v -1.049893 0.050000 -0.003972
v -1.052883 0.050000 0.051225
v -1.245432 0.050000 0.051225
v -1.249618 0.050000 0.242578
v -1.382967 0.050000 0.242578
v -1.378780 0.050000 0.051225
v -1.571927 0.050000 0.051225
v -1.568936 0.050000 -0.003972
v -1.377584 0.050000 -0.003972
v -1.373997 0.050000 -0.184285
v -1.562359 0.050000 -0.184285
v -1.559369 0.050000 -0.239483
v -1.372801 0.050000 -0.239483
v -1.371007 0.050000 -0.309400
v -1.237060 0.050000 -0.309400
v -1.238854 0.050000 -0.239483
v -1.122847 0.050000 -0.239483
v -1.124043 0.050000 -0.217404
v -1.103712 0.050000 -0.217404
v -1.098330 0.050000 -0.309400
v -1.072019 0.050000 -0.309400
v -1.077401 0.050000 -0.217404
v -1.058265 0.050000 -0.217404
v -1.052883 0.050000 -0.309400
v -2.073628 0.050000 0.242578
v -2.198007 0.050000 0.242578
v -2.138210 0.050000 -0.246843
v -2.013831 0.050000 -0.246843
v -1.668799 0.050000 0.242578
v -1.956425 0.050000 0.242578
v -1.925330 0.050000 -0.309400
v -1.791383 0.050000 -0.309400
v -1.820087 0.050000 0.187380
v -1.665809 0.050000 0.187380
v -2.501181 0.050000 -0.202684
v -2.765487 0.050000 -0.202684
v -2.762497 0.050000 -0.257882
v -2.589084 0.050000 -0.257882
v -2.586692 0.050000 -0.309400
v -2.452745 0.050000 -0.309400
v -2.455137 0.050000 -0.257882
v -2.445570 0.050000 -0.257882
v -2.444374 0.050000 -0.258802
v -2.281724 0.050000 -0.258802
v -2.282920 0.050000 -0.257882
v -2.281724 0.050000 -0.257882
v -2.294281 0.050000 -0.246843
v -2.439590 0.050000 -0.102408
v -2.273353 0.050000 0.104583
v -2.406701 0.050000 0.104583
v -2.462911 0.050000 0.030986
v -2.474870 0.050000 0.242578
v -2.608219 0.050000 0.242578
v -2.597456 0.050000 0.053065
v -2.649479 0.050000 0.104583
v -2.811531 0.050000 0.104583
v -3.203205 0.050000 -0.228443
v -3.365855 0.050000 -0.228443
v -3.362865 0.050000 -0.283641
v -2.901227 0.050000 -0.283641
v -2.904217 0.050000 -0.228443
v -3.069259 0.050000 -0.228443
v -3.093178 0.050000 0.187380
v -2.903619 0.050000 0.187380
v -2.906609 0.050000 0.242578
v -3.420270 0.050000 0.242578
v -3.417281 0.050000 0.187380
v -3.226526 0.050000 0.187380
v -3.533288 0.050000 0.242578
v -4.011071 0.050000 0.242578
v -3.994925 0.050000 -0.038931
v -3.990740 0.050000 -0.038931
v -3.880114 0.050000 -0.067450
v -3.942304 0.050000 -0.298361
v -3.810749 0.050000 -0.298361
v -3.757529 0.050000 -0.098729
v -3.513555 0.050000 -0.161286
v -3.516545 0.050000 -0.107008
v -3.865165 0.050000 -0.017772
v -3.876526 0.050000 0.188300
v -3.530298 0.050000 0.188300
v -4.310059 0.050000 -0.229363
v -4.558219 0.050000 -0.229363
v -4.555229 0.050000 -0.283641
v -4.159966 0.050000 -0.283641
v -4.223352 0.050000 -0.095969
v -4.124088 0.050000 -0.095969
v -4.143822 0.050000 0.242578
v -4.603665 0.050000 0.242578
v -4.592303 0.050000 0.037426
v -4.338163 0.050000 0.037426
v -4.346536 0.050000 0.188300
v -4.271789 0.050000 0.188300
v -4.258633 0.050000 -0.042611
v -4.616222 0.050000 -0.042611
v -4.613233 0.050000 -0.095969
v -4.354907 0.050000 -0.095969
v -4.502009 0.050000 0.091704
v -4.435036 0.050000 0.091704
v -4.440417 0.050000 0.188300
v -4.506793 0.050000 0.188300
v -4.936140 0.050000 -0.203604
v -5.225560 0.050000 -0.203604
v -5.222570 0.050000 -0.257882
v -4.932552 0.050000 -0.257882
v -4.930160 0.050000 -0.300201
v -4.808771 0.050000 -0.300201
v -4.811163 0.050000 -0.257882
v -4.719074 0.050000 -0.257882
v -4.722064 0.050000 -0.203604
v -4.814153 0.050000 -0.203604
v -4.832092 0.050000 0.105503
v -4.850629 0.050000 0.242578
v -4.972616 0.050000 0.242578
v -4.954079 0.050000 0.105503
v -5.199847 0.050000 0.105503
v -5.187888 0.050000 -0.114368
v -4.940924 0.050000 -0.114368
v -4.951089 0.050000 0.051225
v -4.944511 0.050000 -0.060090
v -5.068891 0.050000 -0.060090
v -5.074870 0.050000 0.051225
v -5.391200 0.050000 0.242578
v -5.824732 0.050000 0.242578
v -5.794235 0.050000 -0.298361
v -5.662681 0.050000 -0.298361
v -5.690187 0.050000 0.188300
v -5.388209 0.050000 0.188300
v -6.254677 0.050000 0.113783
v -6.284575 0.050000 0.113783
v -6.260657 0.050000 -0.302960
v -6.234944 0.050000 -0.302960
v -6.174548 0.050000 -0.302960
v -6.013094 0.050000 -0.302960
v -5.947915 0.050000 -0.302960
v -5.926986 0.050000 -0.302960
v -5.950905 0.050000 0.113783
v -5.968246 0.050000 0.113783
v -6.037014 0.050000 0.113783
v -6.065118 0.050000 0.113783
v -6.072294 0.050000 0.242578
v -6.177538 0.050000 0.242578
v -6.170362 0.050000 0.113783
v -6.198467 0.050000 0.113783
v -6.426296 0.050000 -0.185205
v -6.469350 0.050000 -0.185205
v -6.466361 0.050000 -0.240403
v -6.423306 0.050000 -0.240403
v -6.419120 0.050000 -0.309400
v -6.313877 0.050000 -0.309400
v -6.318062 0.050000 -0.240403
v -6.284575 0.050000 -0.240403
v -6.287566 0.050000 -0.185205
v -6.321052 0.050000 -0.185205
v -6.330620 0.050000 -0.015012
v -6.295937 0.050000 -0.019612
v -6.298927 0.050000 0.035586
v -6.334208 0.050000 0.040186
v -6.345569 0.050000 0.242578
v -6.361714 0.050000 0.242578
v -6.450813 0.050000 0.242578
v -6.479516 0.050000 0.242578
v -6.476526 0.050000 0.187380
v -6.447823 0.050000 0.187380
v -6.440050 0.050000 0.054905
v -6.483104 0.050000 0.061345
v -6.480114 0.050000 0.006147
v -6.437059 0.050000 -0.000293
v -6.177538 0.050000 -0.247763
v -6.184116 0.050000 -0.132767
v -6.156011 0.050000 -0.132767
v -6.150031 0.050000 -0.247763
v -6.187704 0.050000 -0.077569
v -6.195477 0.050000 0.058585
v -6.167372 0.050000 0.058585
v -6.159599 0.050000 -0.077569
v -6.034024 0.050000 0.058585
v -6.026250 0.050000 -0.077569
v -6.054355 0.050000 -0.077569
v -6.062129 0.050000 0.058585
v -6.022662 0.050000 -0.132767
v -6.016084 0.050000 -0.247763
v -6.044787 0.050000 -0.247763
v -6.050767 0.050000 -0.132767
v -7.043407 0.050000 0.010747
v -7.092441 0.050000 0.010747
v -7.089451 0.050000 -0.044451
v -7.040417 0.050000 -0.044451
v -7.026066 0.050000 -0.302040
v -6.911254 0.050000 -0.302040
v -6.557253 0.050000 -0.302040
v -6.560243 0.050000 -0.246843
v -6.914245 0.050000 -0.246843
v -6.916039 0.050000 -0.217404
v -6.581172 0.050000 -0.217404
v -6.584162 0.050000 -0.162206
v -6.919028 0.050000 -0.162206
v -6.920822 0.050000 -0.132767
v -6.584760 0.050000 -0.132767
v -6.587749 0.050000 -0.077569
v -6.923812 0.050000 -0.077569
v -6.925606 0.050000 -0.044451
v -6.552469 0.050000 -0.044451
v -6.555459 0.050000 0.010747
v -6.601503 0.050000 0.010747
v -6.669074 0.050000 0.106423
v -6.568016 0.050000 0.242578
v -6.692395 0.050000 0.242578
v -6.864613 0.050000 0.010747
v -6.928596 0.050000 0.010747
v -6.938163 0.050000 0.187380
v -6.853251 0.050000 0.187380
v -6.856241 0.050000 0.242578
v -6.941154 0.050000 0.242578
v -7.055965 0.050000 0.242578
v -6.708541 0.050000 0.053985
v -6.740233 0.050000 0.010747
v -6.678044 0.050000 0.010747
v 2.398634 -0.050000 -0.208204
v 2.115194 -0.050000 -0.208204
v 2.118184 -0.050000 -0.261562
v 2.636031 -0.050000 -0.261562
v 2.633041 -0.050000 -0.208204
v 2.553511 -0.050000 -0.208204
v 2.305350 -0.050000 0.169901
v 2.582212 -0.050000 0.189220
v 2.579224 -0.050000 0.242578
v 2.152268 -0.050000 0.214059
v 2.155258 -0.050000 0.159781
v 1.956730 -0.050000 0.242578
v 1.523197 -0.050000 0.242578
v 1.553695 -0.050000 -0.298361
v 1.685248 -0.050000 -0.298361
v 1.657742 -0.050000 0.188300
v 1.959720 -0.050000 0.188300
v 0.925221 -0.050000 0.187380
v 0.892931 -0.050000 0.187380
v 0.906684 -0.050000 -0.058250
v 0.953924 -0.050000 -0.058250
v 0.988606 -0.050000 -0.058250
v 0.992194 -0.050000 -0.095969
v 0.972462 -0.050000 -0.095969
v 0.888745 -0.050000 -0.095969
v 0.876785 -0.050000 -0.095969
v 0.883961 -0.050000 -0.221084
v 0.891735 -0.050000 -0.221084
v 0.979637 -0.050000 -0.221084
v 1.004154 -0.050000 -0.221084
v 1.006546 -0.050000 -0.246843
v 0.883961 -0.050000 -0.246843
v 0.886951 -0.050000 -0.294681
v 1.011330 -0.050000 -0.294681
v 1.012526 -0.050000 -0.309400
v 1.127337 -0.050000 -0.309400
v 1.126142 -0.050000 -0.294681
v 1.165010 -0.050000 -0.294681
v 1.165607 -0.050000 -0.309400
v 1.280419 -0.050000 -0.309400
v 1.279821 -0.050000 -0.294681
v 1.319288 -0.050000 -0.294681
v 1.406592 -0.050000 -0.294681
v 1.414964 -0.050000 -0.294681
v 1.407788 -0.050000 -0.173246
v 1.398818 -0.050000 -0.173246
v 1.312112 -0.050000 -0.173246
v 1.272646 -0.050000 -0.173246
v 1.270852 -0.050000 -0.143807
v 1.307328 -0.050000 -0.143807
v 1.392241 -0.050000 -0.143807
v 1.412572 -0.050000 -0.143807
v 1.407190 -0.050000 -0.054570
v 1.373105 -0.050000 -0.054570
v 1.359352 -0.050000 0.187380
v 1.334835 -0.050000 0.187380
v 1.383869 -0.050000 0.242578
v 1.269057 -0.050000 0.242578
v 1.220023 -0.050000 0.187380
v 1.040032 -0.050000 0.187380
v 0.984421 -0.050000 0.242578
v 0.869610 -0.050000 0.242578
v 1.009536 -0.050000 -0.010412
v 1.008340 -0.050000 0.007067
v 1.264274 -0.050000 0.007067
v 1.265470 -0.050000 -0.010412
v 1.005350 -0.050000 0.054905
v 1.004752 -0.050000 0.073305
v 1.260686 -0.050000 0.073305
v 1.261284 -0.050000 0.054905
v 1.001762 -0.050000 0.121143
v 1.000566 -0.050000 0.139542
v 1.256500 -0.050000 0.139542
v 1.257696 -0.050000 0.121143
v 1.103418 -0.050000 -0.058250
v 1.151257 -0.050000 -0.058250
v 1.153648 -0.050000 -0.095969
v 1.107006 -0.050000 -0.095969
v 1.266068 -0.050000 -0.058250
v 1.267862 -0.050000 -0.058250
v 1.301947 -0.050000 -0.058250
v 1.304338 -0.050000 -0.095969
v 1.268459 -0.050000 -0.095969
v 1.316298 -0.050000 -0.246843
v 1.276831 -0.050000 -0.246843
v 1.275636 -0.050000 -0.221084
v 1.315102 -0.050000 -0.221084
v 1.162020 -0.050000 -0.246843
v 1.121358 -0.050000 -0.246843
v 1.118965 -0.050000 -0.221084
v 1.160824 -0.050000 -0.221084
v 1.157834 -0.050000 -0.173246
v 1.114182 -0.050000 -0.173246
v 1.111790 -0.050000 -0.143807
v 1.156040 -0.050000 -0.143807
v 0.999371 -0.050000 -0.173246
v 0.976647 -0.050000 -0.173246
v 0.975451 -0.050000 -0.143807
v 0.996978 -0.050000 -0.143807
v 0.403188 -0.050000 -0.239483
v 0.271036 -0.050000 -0.254202
v 0.274025 -0.050000 -0.309400
v 0.406178 -0.050000 -0.294681
v 0.394817 -0.050000 -0.098729
v 0.262664 -0.050000 -0.113448
v 0.265654 -0.050000 -0.168646
v 0.397807 -0.050000 -0.153926
v 0.337411 -0.050000 0.242578
v 0.241735 -0.050000 0.242578
v 0.296151 -0.050000 -0.018692
v 0.391827 -0.050000 -0.018692
v 0.773335 -0.050000 0.242578
v 0.663308 -0.050000 0.242578
v 0.670484 -0.050000 0.122063
v 0.516803 -0.050000 0.122063
v 0.509628 -0.050000 0.242578
v 0.399601 -0.050000 0.242578
v 0.424716 -0.050000 -0.176925
v 0.439067 -0.050000 -0.176925
v 0.429499 -0.050000 -0.309400
v 0.520391 -0.050000 -0.309400
v 0.529959 -0.050000 -0.176925
v 0.534743 -0.050000 -0.176925
v 0.558662 -0.050000 -0.176925
v 0.565838 -0.050000 -0.309400
v 0.671082 -0.050000 -0.309400
v 0.663906 -0.050000 -0.176925
v 0.687825 -0.050000 -0.176925
v 0.695001 -0.050000 -0.176925
v 0.718920 -0.050000 -0.309400
v 0.809812 -0.050000 -0.309400
v 0.785892 -0.050000 -0.176925
v 0.792471 -0.050000 -0.176925
v 0.797853 -0.050000 -0.176925
v 0.527567 -0.050000 -0.061930
v 0.681247 -0.050000 -0.061930
v 0.684834 -0.050000 -0.121728
v 0.531155 -0.050000 -0.121728
v 0.677660 -0.050000 -0.006732
v 0.524578 -0.050000 -0.006732
v 0.520391 -0.050000 0.066865
v 0.673473 -0.050000 0.066865
v -0.213923 -0.050000 -0.205444
v -0.310795 -0.050000 -0.205444
v -0.307806 -0.050000 -0.259722
v -0.175653 -0.050000 -0.259722
v -0.148744 -0.050000 -0.298361
v -0.027354 -0.050000 -0.298361
v -0.054264 -0.050000 -0.259722
v 0.156224 -0.050000 -0.259722
v 0.153234 -0.050000 -0.205444
v -0.091936 -0.050000 -0.205444
v -0.158909 -0.050000 -0.109768
v 0.031247 -0.050000 -0.109768
v 0.026463 -0.050000 -0.032491
v 0.169380 -0.050000 -0.041691
v 0.166390 -0.050000 0.012587
v 0.023473 -0.050000 0.021787
v 0.018092 -0.050000 0.107343
v -0.103896 -0.050000 0.107343
v -0.099112 -0.050000 0.029146
v -0.170869 -0.050000 0.033746
v -0.179241 -0.050000 0.188300
v 0.129315 -0.050000 0.188300
v 0.126325 -0.050000 0.242578
v -0.304217 -0.050000 0.242578
v -0.290464 -0.050000 -0.012252
v -0.095524 -0.050000 -0.025132
v -0.093730 -0.050000 -0.055490
v -0.318569 -0.050000 -0.055490
v -0.443546 -0.050000 0.036506
v -0.957806 -0.050000 0.036506
v -0.954816 -0.050000 -0.018692
v -0.440556 -0.050000 -0.018692
v -1.026573 -0.050000 -0.309400
v -1.031955 -0.050000 -0.217404
v -1.041522 -0.050000 -0.217404
v -1.043316 -0.050000 -0.184285
v -1.240050 -0.050000 -0.184285
v -1.244236 -0.050000 -0.003972
v -1.049893 -0.050000 -0.003972
v -1.052883 -0.050000 0.051225
v -1.245432 -0.050000 0.051225
v -1.249618 -0.050000 0.242578
v -1.382967 -0.050000 0.242578
v -1.378780 -0.050000 0.051225
v -1.571927 -0.050000 0.051225
v -1.568936 -0.050000 -0.003972
v -1.377584 -0.050000 -0.003972
v -1.373997 -0.050000 -0.184285
v -1.562359 -0.050000 -0.184285
v -1.559369 -0.050000 -0.239483
v -1.372801 -0.050000 -0.239483
v -1.371007 -0.050000 -0.309400
v -1.237060 -0.050000 -0.309400
v -1.238854 -0.050000 -0.239483
v -1.122847 -0.050000 -0.239483
v -1.124043 -0.050000 -0.217404
v -1.103712 -0.050000 -0.217404
v -1.098330 -0.050000 -0.309400
v -1.072019 -0.050000 -0.309400
v -1.077401 -0.050000 -0.217404
v -1.058265 -0.050000 -0.217404
v -1.052883 -0.050000 -0.309400
v -2.073628 -0.050000 0.242578
v -2.198007 -0.050000 0.242578
v -2.138210 -0.050000 -0.246843
v -2.013831 -0.050000 -0.246843
v -1.668799 -0.050000 0.242578
v -1.956425 -0.050000 0.242578
v -1.925330 -0.050000 -0.309400
v -1.791383 -0.050000 -0.309400
v -1.820087 -0.050000 0.187380
v -1.665809 -0.050000 0.187380
v -2.501181 -0.050000 -0.202684
v -2.765487 -0.050000 -0.202684
v -2.762497 -0.050000 -0.257882
v -2.589084 -0.050000 -0.257882
v -2.586692 -0.050000 -0.309400
v -2.452745 -0.050000 -0.309400
v -2.455137 -0.050000 -0.257882
v -2.445570 -0.050000 -0.257882
v -2.444374 -0.050000 -0.258802
v -2.281724 -0.050000 -0.258802
v -2.282920 -0.050000 -0.257882
v -2.281724 -0.050000 -0.257882
v -2.294281 -0.050000 -0.246843
v -2.439590 -0.050000 -0.102408
v -2.273353 -0.050000 0.104583
v -2.406701 -0.050000 0.104583
v -2.462911 -0.050000 0.030986
v -2.474870 -0.050000 0.242578
v -2.608219 -0.050000 0.242578
v -2.597456 -0.050000 0.053065
v -2.649479 -0.050000 0.104583
v -2.811531 -0.050000 0.104583
v -3.203205 -0.050000 -0.228443
v -3.365855 -0.050000 -0.228443
v -3.362865 -0.050000 -0.283641
v -2.901227 -0.050000 -0.283641
v -2.904217 -0.050000 -0.228443
v -3.069259 -0.050000 -0.228443
v -3.093178 -0.050000 0.187380
v -2.903619 -0.050000 0.187380
v -2.906609 -0.050000 0.242578
v -3.420270 -0.050000 0.242578
v -3.417281 -0.050000 0.187380
v -3.226526 -0.050000 0.187380
v -3.533288 -0.050000 0.242578
v -4.011071 -0.050000 0.242578
v -3.994925 -0.050000 -0.038931
v -3.990740 -0.050000 -0.038931
v -3.880114 -0.050000 -0.067450
v -3.942304 -0.050000 -0.298361
v -3.810749 -0.050000 -0.298361
v -3.757529 -0.050000 -0.098729
v -3.513555 -0.050000 -0.161286
v -3.516545 -0.050000 -0.107008
v -3.865165 -0.050000 -0.017772
v -3.876526 -0.050000 0.188300
v -3.530298 -0.050000 0.188300
v -4.310059 -0.050000 -0.229363
v -4.558219 -0.050000 -0.229363
v -4.555229 -0.050000 -0.283641
v -4.159966 -0.050000 -0.283641
v -4.223352 -0.050000 -0.095969
v -4.124088 -0.050000 -0.095969
v -4.143822 -0.050000 0.242578
v -4.603665 -0.050000 0.242578
v -4.592303 -0.050000 0.037426
v -4.338163 -0.050000 0.037426
v -4.346536 -0.050000 0.188300
v -4.271789 -0.050000 0.188300
v -4.258633 -0.050000 -0.042611
v -4.616222 -0.050000 -0.042611
v -4.613233 -0.050000 -0.095969
v -4.354907 -0.050000 -0.095969
v -4.502009 -0.050000 0.091704
v -4.435036 -0.050000 0.091704
v -4.440417 -0.050000 0.188300
v -4.506793 -0.050000 0.188300
v -4.936140 -0.050000 -0.203604
v -5.225560 -0.050000 -0.203604
v -5.222570 -0.050000 -0.257882
v -4.932552 -0.050000 -0.257882
v -4.930160 -0.050000 -0.300201
v -4.808771 -0.050000 -0.300201
v -4.811163 -0.050000 -0.257882
v -4.719074 -0.050000 -0.257882
v -4.722064 -0.050000 -0.203604
v -4.814153 -0.050000 -0.203604
v -4.832092 -0.050000 0.105503
v -4.850629 -0.050000 0.242578
v -4.972616 -0.050000 0.242578
v -4.954079 -0.050000 0.105503
v -5.199847 -0.050000 0.105503
v -5.187888 -0.050000 -0.114368
v -4.940924 -0.050000 -0.114368
v -4.951089 -0.050000 0.051225
v -4.944511 -0.050000 -0.060090
v -5.068891 -0.050000 -0.060090
v -5.074870 -0.050000 0.051225
v -5.391200 -0.050000 0.242578
v -5.824732 -0.050000 0.242578
v -5.794235 -0.050000 -0.298361
v -5.662681 -0.050000 -0.298361
v -5.690187 -0.050000 0.188300
v -5.388209 -0.050000 0.188300
v -6.254677 -0.050000 0.113783
v -6.284575 -0.050000 0.113783
v -6.260657 -0.050000 -0.302960
v -6.234944 -0.050000 -0.302960
v -6.174548 -0.050000 -0.302960
v -6.013094 -0.050000 -0.302960
v -5.947915 -0.050000 -0.302960
v -5.926986 -0.050000 -0.302960
v -5.950905 -0.050000 0.113783
v -5.968246 -0.050000 0.113783
v -6.037014 -0.050000 0.113783
v -6.065118 -0.050000 0.113783
v -6.072294 -0.050000 0.242578
v -6.177538 -0.050000 0.242578
v -6.170362 -0.050000 0.113783
v -6.198467 -0.050000 0.113783
v -6.426296 -0.050000 -0.185205
v -6.469350 -0.050000 -0.185205
v -6.466361 -0.050000 -0.240403
v -6.423306 -0.050000 -0.240403
v -6.419120 -0.050000 -0.309400
v -6.313877 -0.050000 -0.309400
v -6.318062 -0.050000 -0.240403
v -6.284575 -0.050000 -0.240403
v -6.287566 -0.050000 -0.185205
v -6.321052 -0.050000 -0.185205
v -6.330620 -0.050000 -0.015012
v -6.295937 -0.050000 -0.019612
v -6.298927 -0.050000 0.035586
v -6.334208 -0.050000 0.040186
v -6.345569 -0.050000 0.242578
v -6.361714 -0.050000 0.242578
v -6.450813 -0.050000 0.242578
v -6.479516 -0.050000 0.242578
v -6.476526 -0.050000 0.187380
v -6.447823 -0.050000 0.187380
v -6.440050 -0.050000 0.054905
v -6.483104 -0.050000 0.061345
v -6.480114 -0.050000 0.006147
v -6.437059 -0.050000 -0.000293
v -6.177538 -0.050000 -0.247763
v -6.184116 -0.050000 -0.132767
v -6.156011 -0.050000 -0.132767
v -6.150031 -0.050000 -0.247763
v -6.187704 -0.050000 -0.077569
v -6.195477 -0.050000 0.058585
v -6.167372 -0.050000 0.058585
v -6.159599 -0.050000 -0.077569
v -6.034024 -0.050000 0.058585
v -6.026250 -0.050000 -0.077569
v -6.054355 -0.050000 -0.077569
v -6.062129 -0.050000 0.058585
v -6.022662 -0.050000 -0.132767
v -6.016084 -0.050000 -0.247763
v -6.044787 -0.050000 -0.247763
v -6.050767 -0.050000 -0.132767
v -7.043407 -0.050000 0.010747
v -7.092441 -0.050000 0.010747
v -7.089451 -0.050000 -0.044451
v -7.040417 -0.050000 -0.044451
v -7.026066 -0.050000 -0.302040
v -6.911254 -0.050000 -0.302040
v -6.557253 -0.050000 -0.302040
v -6.560243 -0.050000 -0.246843
v -6.914245 -0.050000 -0.246843
v -6.916039 -0.050000 -0.217404
v -6.581172 -0.050000 -0.217404
v -6.584162 -0.050000 -0.162206
v -6.919028 -0.050000 -0.162206
v -6.920822 -0.050000 -0.132767
v -6.584760 -0.050000 -0.132767
v -6.587749 -0.050000 -0.077569
v -6.923812 -0.050000 -0.077569
v -6.925606 -0.050000 -0.044451
v -6.552469 -0.050000 -0.044451
v -6.555459 -0.050000 0.010747
v -6.601503 -0.050000 0.010747
v -6.669074 -0.050000 0.106423
v -6.568016 -0.050000 0.242578
v -6.692395 -0.050000 0.242578
v -6.864613 -0.050000 0.010747
v -6.928596 -0.050000 0.010747
v -6.938163 -0.050000 0.187380
v -6.853251 -0.050000 0.187380
v -6.856241 -0.050000 0.242578
v -6.941154 -0.050000 0.242578
v -7.055965 -0.050000 0.242578
v -6.708541 -0.050000 0.053985
v -6.740233 -0.050000 0.010747
v -6.678044 -0.050000 0.010747
v -7.043407 -0.050000 0.010747
v -7.043407 0.050000 0.010747
v -7.092441 -0.050000 0.010747
v -7.092441 0.050000 0.010747
v -7.089451 -0.050000 -0.044451
v -7.089451 0.050000 -0.044451
v -7.040417 -0.050000 -0.044451
v -7.040417 0.050000 -0.044451
v -7.026066 -0.050000 -0.302040
v -7.026066 0.050000 -0.302040
v -6.911254 -0.050000 -0.302040
v -6.911254 0.050000 -0.302040
v -6.557253 -0.050000 -0.302040
v -6.557253 0.050000 -0.302040
v -6.560243 -0.050000 -0.246843
v -6.560243 0.050000 -0.246843
v -6.914245 -0.050000 -0.246843
v -6.914245 0.050000 -0.246843
v -6.916039 -0.050000 -0.217404
v -6.916039 0.050000 -0.217404
v -6.581172 -0.050000 -0.217404
v -6.581172 0.050000 -0.217404
v -6.584162 -0.050000 -0.162206
v -6.584162 0.050000 -0.162206
v -6.919028 -0.050000 -0.162206
v -6.919028 0.050000 -0.162206
v -6.920822 -0.050000 -0.132767
v -6.920822 0.050000 -0.132767
v -6.584760 -0.050000 -0.132767
v -6.584760 0.050000 -0.132767
v -6.587749 -0.050000 -0.077569
v -6.587749 0.050000 -0.077569
v -6.923812 -0.050000 -0.077569
v -6.923812 0.050000 -0.077569
v -6.925606 -0.050000 -0.044451
v -6.925606 0.050000 -0.044451
v -6.552469 -0.050000 -0.044451
v -6.552469 0.050000 -0.044451
v -6.555459 -0.050000 0.010747
v -6.555459 0.050000 0.010747
v -6.601503 -0.050000 0.010747
v -6.601503 0.050000 0.010747
v -6.669074 -0.050000 0.106423
v -6.669074 0.050000 0.106423
v -6.568016 -0.050000 0.242578
v -6.568016 0.050000 0.242578
v -6.692395 -0.050000 0.242578
v -6.692395 0.050000 0.242578
v -6.864613 -0.050000 0.010747
v -6.864613 0.050000 0.010747
v -6.928596 -0.050000 0.010747
v -6.928596 0.050000 0.010747
v -6.938163 -0.050000 0.187380
v -6.938163 0.050000 0.187380
v -6.853251 -0.050000 0.187380
v -6.853251 0.050000 0.187380
v -6.856241 -0.050000 0.242578
v -6.856241 0.050000 0.242578
v -6.941154 -0.050000 0.242578
v -6.941154 0.050000 0.242578
v -7.055965 -0.050000 0.242578
v -7.055965 0.050000 0.242578
v -6.708541 -0.050000 0.053985
v -6.708541 0.050000 0.053985
v -6.740233 -0.050000 0.010747
v -6.740233 0.050000 0.010747
v -6.678044 -0.050000 0.010747
v -6.678044 0.050000 0.010747
v -6.254677 -0.050000 0.113783
v -6.254677 0.050000 0.113783
v -6.284575 -0.050000 0.113783
v -6.284575 0.050000 0.113783
v -6.260657 -0.050000 -0.302960
v -6.260657 0.050000 -0.302960
v -6.234944 -0.050000 -0.302960
v -6.234944 0.050000 -0.302960
v -6.174548 -0.050000 -0.302960
v -6.174548 0.050000 -0.302960
v -6.013094 -0.050000 -0.302960
v -6.013094 0.050000 -0.302960
v -5.947915 -0.050000 -0.302960
v -5.947915 0.050000 -0.302960
v -5.926986 -0.050000 -0.302960
v -5.926986 0.050000 -0.302960
v -5.950905 -0.050000 0.113783
v -5.950905 0.050000 0.113783
v -5.968246 -0.050000 0.113783
v -5.968246 0.050000 0.113783
v -6.037014 -0.050000 0.113783
v -6.037014 0.050000 0.113783
v -6.065118 -0.050000 0.113783
v -6.065118 0.050000 0.113783
v -6.072294 -0.050000 0.242578
v -6.072294 0.050000 0.242578
v -6.177538 -0.050000 0.242578
v -6.177538 0.050000 0.242578
v -6.170362 -0.050000 0.113783
v -6.170362 0.050000 0.113783
v -6.198467 -0.050000 0.113783
v -6.198467 0.050000 0.113783
v -6.426296 -0.050000 -0.185205
v -6.426296 0.050000 -0.185205
v -6.469350 -0.050000 -0.185205
v -6.469350 0.050000 -0.185205
v -6.466361 -0.050000 -0.240403
v -6.466361 0.050000 -0.240403
v -6.423306 -0.050000 -0.240403
v -6.423306 0.050000 -0.240403
v -6.419120 -0.050000 -0.309400
v -6.419120 0.050000 -0.309400
v -6.313877 -0.050000 -0.309400
v -6.313877 0.050000 -0.309400
v -6.318062 -0.050000 -0.240403
v -6.318062 0.050000 -0.240403
v -6.284575 -0.050000 -0.240403
v -6.284575 0.050000 -0.240403
v -6.287566 -0.050000 -0.185205
v -6.287566 0.050000 -0.185205
v -6.321052 -0.050000 -0.185205
v -6.321052 0.050000 -0.185205
v -6.330620 -0.050000 -0.015012
v -6.330620 0.050000 -0.015012
v -6.295937 -0.050000 -0.019612
v -6.295937 0.050000 -0.019612
v -6.298927 -0.050000 0.035586
v -6.298927 0.050000 0.035586
v -6.334208 -0.050000 0.040186
v -6.334208 0.050000 0.040186
v -6.345569 -0.050000 0.242578
v -6.345569 0.050000 0.242578
v -6.361714 -0.050000 0.242578
v -6.361714 0.050000 0.242578
v -6.450813 -0.050000 0.242578
v -6.450813 0.050000 0.242578
v -6.479516 -0.050000 0.242578
v -6.479516 0.050000 0.242578
v -6.476526 -0.050000 0.187380
v -6.476526 0.050000 0.187380
v -6.447823 -0.050000 0.187380
v -6.447823 0.050000 0.187380
v -6.440050 -0.050000 0.054905
v -6.440050 0.050000 0.054905
v -6.483104 -0.050000 0.061345
v -6.483104 0.050000 0.061345
v -6.480114 -0.050000 0.006147
v -6.480114 0.050000 0.006147
v -6.437059 -0.050000 -0.000293
v -6.437059 0.050000 -0.000293
v -6.177538 -0.050000 -0.247763
v -6.177538 0.050000 -0.247763
v -6.184116 -0.050000 -0.132767
v -6.184116 0.050000 -0.132767
v -6.156011 -0.050000 -0.132767
v -6.156011 0.050000 -0.132767
v -6.150031 -0.050000 -0.247763
v -6.150031 0.050000 -0.247763
v -6.187704 -0.050000 -0.077569
v -6.187704 0.050000 -0.077569
v -6.195477 -0.050000 0.058585
v -6.195477 0.050000 0.058585
v -6.167372 -0.050000 0.058585
v -6.167372 0.050000 0.058585
v -6.159599 -0.050000 -0.077569
v -6.159599 0.050000 -0.077569
v -6.034024 -0.050000 0.058585
v -6.034024 0.050000 0.058585
v -6.026250 -0.050000 -0.077569
v -6.026250 0.050000 -0.077569
v -6.054355 -0.050000 -0.077569
v -6.054355 0.050000 -0.077569
v -6.062129 -0.050000 0.058585
v -6.062129 0.050000 0.058585
v -6.022662 -0.050000 -0.132767
v -6.022662 0.050000 -0.132767
v -6.016084 -0.050000 -0.247763
v -6.016084 0.050000 -0.247763
v -6.044787 -0.050000 -0.247763
v -6.044787 0.050000 -0.247763
v -6.050767 -0.050000 -0.132767
v -6.050767 0.050000 -0.132767
v -5.391200 -0.050000 0.242578
v -5.391200 0.050000 0.242578
v -5.824732 -0.050000 0.242578
v -5.824732 0.050000 0.242578
v -5.794235 -0.050000 -0.298361
v -5.794235 0.050000 -0.298361
v -5.662681 -0.050000 -0.298361
v -5.662681 0.050000 -0.298361
v -5.690187 -0.050000 0.188300
v -5.690187 0.050000 0.188300
v -5.388209 -0.050000 0.188300
v -5.388209 0.050000 0.188300
v -4.936140 -0.050000 -0.203604
v -4.936140 0.050000 -0.203604
v -5.225560 -0.050000 -0.203604
v -5.225560 0.050000 -0.203604
v -5.222570 -0.050000 -0.257882
v -5.222570 0.050000 -0.257882
v -4.932552 -0.050000 -0.257882
v -4.932552 0.050000 -0.257882
v -4.930160 -0.050000 -0.300201
v -4.930160 0.050000 -0.300201
v -4.808771 -0.050000 -0.300201
v -4.808771 0.050000 -0.300201
v -4.811163 -0.050000 -0.257882
v -4.811163 0.050000 -0.257882
v -4.719074 -0.050000 -0.257882
v -4.719074 0.050000 -0.257882
v -4.722064 -0.050000 -0.203604
v -4.722064 0.050000 -0.203604
v -4.814153 -0.050000 -0.203604
v -4.814153 0.050000 -0.203604
v -4.832092 -0.050000 0.105503
v -4.832092 0.050000 0.105503
v -4.850629 -0.050000 0.242578
v -4.850629 0.050000 0.242578
v -4.972616 -0.050000 0.242578
v -4.972616 0.050000 0.242578
v -4.954079 -0.050000 0.105503
v -4.954079 0.050000 0.105503
v -5.199847 -0.050000 0.105503
v -5.199847 0.050000 0.105503
v -5.187888 -0.050000 -0.114368
v -5.187888 0.050000 -0.114368
v -4.940924 -0.050000 -0.114368
v -4.940924 0.050000 -0.114368
v -4.951089 -0.050000 0.051225
v -4.951089 0.050000 0.051225
v -4.944511 -0.050000 -0.060090
v -4.944511 0.050000 -0.060090
v -5.068891 -0.050000 -0.060090
v -5.068891 0.050000 -0.060090
v -5.074870 -0.050000 0.051225
v -5.074870 0.050000 0.051225
v -4.310059 -0.050000 -0.229363
v -4.310059 0.050000 -0.229363
v -4.558219 -0.050000 -0.229363
v -4.558219 0.050000 -0.229363
v -4.555229 -0.050000 -0.283641
v -4.555229 0.050000 -0.283641
v -4.159966 -0.050000 -0.283641
v -4.159966 0.050000 -0.283641
v -4.223352 -0.050000 -0.095969
v -4.223352 0.050000 -0.095969
v -4.124088 -0.050000 -0.095969
v -4.124088 0.050000 -0.095969
v -4.143822 -0.050000 0.242578
v -4.143822 0.050000 0.242578
v -4.603665 -0.050000 0.242578
v -4.603665 0.050000 0.242578
v -4.592303 -0.050000 0.037426
v -4.592303 0.050000 0.037426
v -4.338163 -0.050000 0.037426
v -4.338163 0.050000 0.037426
v -4.346536 -0.050000 0.188300
v -4.346536 0.050000 0.188300
v -4.271789 -0.050000 0.188300
v -4.271789 0.050000 0.188300
v -4.258633 -0.050000 -0.042611
v -4.258633 0.050000 -0.042611
v -4.616222 -0.050000 -0.042611
v -4.616222 0.050000 -0.042611
v -4.613233 -0.050000 -0.095969
v -4.613233 0.050000 -0.095969
v -4.354907 -0.050000 -0.095969
v -4.354907 0.050000 -0.095969
v -4.502009 -0.050000 0.091704
v -4.502009 0.050000 0.091704
v -4.435036 -0.050000 0.091704
v -4.435036 0.050000 0.091704
v -4.440417 -0.050000 0.188300
v -4.440417 0.050000 0.188300
v -4.506793 -0.050000 0.188300
v -4.506793 0.050000 0.188300
v -3.533288 -0.050000 0.242578
v -3.533288 0.050000 0.242578
v -4.011071 -0.050000 0.242578
v -4.011071 0.050000 0.242578
v -3.994925 -0.050000 -0.038931
v -3.994925 0.050000 -0.038931
v -3.990740 -0.050000 -0.038931
v -3.990740 0.050000 -0.038931
v -3.880114 -0.050000 -0.067450
v -3.880114 0.050000 -0.067450
v -3.942304 -0.050000 -0.298361
v -3.942304 0.050000 -0.298361
v -3.810749 -0.050000 -0.298361
v -3.810749 0.050000 -0.298361
v -3.757529 -0.050000 -0.098729
v -3.757529 0.050000 -0.098729
v -3.513555 -0.050000 -0.161286
v -3.513555 0.050000 -0.161286
v -3.516545 -0.050000 -0.107008
v -3.516545 0.050000 -0.107008
v -3.865165 -0.050000 -0.017772
v -3.865165 0.050000 -0.017772
v -3.876526 -0.050000 0.188300
v -3.876526 0.050000 0.188300
v -3.530298 -0.050000 0.188300
v -3.530298 0.050000 0.188300
v -3.203205 -0.050000 -0.228443
v -3.203205 0.050000 -0.228443
v -3.365855 -0.050000 -0.228443
v -3.365855 0.050000 -0.228443
v -3.362865 -0.050000 -0.283641
v -3.362865 0.050000 -0.283641
v -2.901227 -0.050000 -0.283641
v -2.901227 0.050000 -0.283641
v -2.904217 -0.050000 -0.228443
v -2.904217 0.050000 -0.228443
v -3.069259 -0.050000 -0.228443
v -3.069259 0.050000 -0.228443
v -3.093178 -0.050000 0.187380
v -3.093178 0.050000 0.187380
v -2.903619 -0.050000 0.187380
v -2.903619 0.050000 0.187380
v -2.906609 -0.050000 0.242578
v -2.906609 0.050000 0.242578
v -3.420270 -0.050000 0.242578
v -3.420270 0.050000 0.242578
v -3.417281 -0.050000 0.187380
v -3.417281 0.050000 0.187380
v -3.226526 -0.050000 0.187380
v -3.226526 0.050000 0.187380
v -2.501181 -0.050000 -0.202684
v -2.501181 0.050000 -0.202684
v -2.765487 -0.050000 -0.202684
v -2.765487 0.050000 -0.202684
v -2.762497 -0.050000 -0.257882
v -2.762497 0.050000 -0.257882
v -2.589084 -0.050000 -0.257882
v -2.589084 0.050000 -0.257882
v -2.586692 -0.050000 -0.309400
v -2.586692 0.050000 -0.309400
v -2.452745 -0.050000 -0.309400
v -2.452745 0.050000 -0.309400
v -2.455137 -0.050000 -0.257882
v -2.455137 0.050000 -0.257882
v -2.445570 -0.050000 -0.257882
v -2.445570 0.050000 -0.257882
v -2.444374 -0.050000 -0.258802
v -2.444374 0.050000 -0.258802
v -2.281724 -0.050000 -0.258802
v -2.281724 0.050000 -0.258802
v -2.282920 -0.050000 -0.257882
v -2.282920 0.050000 -0.257882
v -2.281724 -0.050000 -0.257882
v -2.281724 0.050000 -0.257882
v -2.294281 -0.050000 -0.246843
v -2.294281 0.050000 -0.246843
v -2.439590 -0.050000 -0.102408
v -2.439590 0.050000 -0.102408
v -2.273353 -0.050000 0.104583
v -2.273353 0.050000 0.104583
v -2.406701 -0.050000 0.104583
v -2.406701 0.050000 0.104583
v -2.462911 -0.050000 0.030986
v -2.462911 0.050000 0.030986
v -2.474870 -0.050000 0.242578
v -2.474870 0.050000 0.242578
v -2.608219 -0.050000 0.242578
v -2.608219 0.050000 0.242578
v -2.597456 -0.050000 0.053065
v -2.597456 0.050000 0.053065
v -2.649479 -0.050000 0.104583
v -2.649479 0.050000 0.104583
v -2.811531 -0.050000 0.104583
v -2.811531 0.050000 0.104583
v -2.073628 -0.050000 0.242578
v -2.073628 0.050000 0.242578
v -2.198007 -0.050000 0.242578
v -2.198007 0.050000 0.242578
v -2.138210 -0.050000 -0.246843
v -2.138210 0.050000 -0.246843
v -2.013831 -0.050000 -0.246843
v -2.013831 0.050000 -0.246843
v -1.668799 -0.050000 0.242578
v -1.668799 0.050000 0.242578
v -1.956425 -0.050000 0.242578
v -1.956425 0.050000 0.242578
v -1.925330 -0.050000 -0.309400
v -1.925330 0.050000 -0.309400
v -1.791383 -0.050000 -0.309400
v -1.791383 0.050000 -0.309400
v -1.820087 -0.050000 0.187380
v -1.820087 0.050000 0.187380
v -1.665809 -0.050000 0.187380
v -1.665809 0.050000 0.187380
v -1.026573 -0.050000 -0.309400
v -1.026573 0.050000 -0.309400
v -1.031955 -0.050000 -0.217404
v -1.031955 0.050000 -0.217404
v -1.041522 -0.050000 -0.217404
v -1.041522 0.050000 -0.217404
v -1.043316 -0.050000 -0.184285
v -1.043316 0.050000 -0.184285
v -1.240050 -0.050000 -0.184285
v -1.240050 0.050000 -0.184285
v -1.244236 -0.050000 -0.003972
v -1.244236 0.050000 -0.003972
v -1.049893 -0.050000 -0.003972
v -1.049893 0.050000 -0.003972
v -1.052883 -0.050000 0.051225
v -1.052883 0.050000 0.051225
v -1.245432 -0.050000 0.051225
v -1.245432 0.050000 0.051225
v -1.249618 -0.050000 0.242578
v -1.249618 0.050000 0.242578
v -1.382967 -0.050000 0.242578
v -1.382967 0.050000 0.242578
v -1.378780 -0.050000 0.051225
v -1.378780 0.050000 0.051225
v -1.571927 -0.050000 0.051225
v -1.571927 0.050000 0.051225
v -1.568936 -0.050000 -0.003972
v -1.568936 0.050000 -0.003972
v -1.377584 -0.050000 -0.003972
v -1.377584 0.050000 -0.003972
v -1.373997 -0.050000 -0.184285
v -1.373997 0.050000 -0.184285
v -1.562359 -0.050000 -0.184285
v -1.562359 0.050000 -0.184285
v -1.559369 -0.050000 -0.239483
v -1.559369 0.050000 -0.239483
v -1.372801 -0.050000 -0.239483
v -1.372801 0.050000 -0.239483
v -1.371007 -0.050000 -0.309400
v -1.371007 0.050000 -0.309400
v -1.237060 -0.050000 -0.309400
v -1.237060 0.050000 -0.309400
v -1.238854 -0.050000 -0.239483
v -1.238854 0.050000 -0.239483
v -1.122847 -0.050000 -0.239483
v -1.122847 0.050000 -0.239483
v -1.124043 -0.050000 -0.217404
v -1.124043 0.050000 -0.217404
v -1.103712 -0.050000 -0.217404
v -1.103712 0.050000 -0.217404
v -1.098330 -0.050000 -0.309400
v -1.098330 0.050000 -0.309400
v -1.072019 -0.050000 -0.309400
v -1.072019 0.050000 -0.309400
v -1.077401 -0.050000 -0.217404
v -1.077401 0.050000 -0.217404
v -1.058265 -0.050000 -0.217404
v -1.058265 0.050000 -0.217404
v -1.052883 -0.050000 -0.309400
v -1.052883 0.050000 -0.309400
v -0.443546 -0.050000 0.036506
v -0.443546 0.050000 0.036506
v -0.957806 -0.050000 0.036506
v -0.957806 0.050000 0.036506
v -0.954816 -0.050000 -0.018692
v -0.954816 0.050000 -0.018692
v -0.440556 -0.050000 -0.018692
v -0.440556 0.050000 -0.018692
v -0.213923 -0.050000 -0.205444
v -0.213923 0.050000 -0.205444
v -0.310795 -0.050000 -0.205444
v -0.310795 0.050000 -0.205444
v -0.307806 -0.050000 -0.259722
v -0.307806 0.050000 -0.259722
v -0.175653 -0.050000 -0.259722
v -0.175653 0.050000 -0.259722
v -0.148744 -0.050000 -0.298361
v -0.148744 0.050000 -0.298361
v -0.027354 -0.050000 -0.298361
v -0.027354 0.050000 -0.298361
v -0.054264 -0.050000 -0.259722
v -0.054264 0.050000 -0.259722
v 0.156224 -0.050000 -0.259722
v 0.156224 0.050000 -0.259722
v 0.153234 -0.050000 -0.205444
v 0.153234 0.050000 -0.205444
v -0.091936 -0.050000 -0.205444
v -0.091936 0.050000 -0.205444
v -0.158909 -0.050000 -0.109768
v -0.158909 0.050000 -0.109768
v 0.031247 -0.050000 -0.109768
v 0.031247 0.050000 -0.109768
v 0.026463 -0.050000 -0.032491
v 0.026463 0.050000 -0.032491
v 0.169380 -0.050000 -0.041691
v 0.169380 0.050000 -0.041691
v 0.166390 -0.050000 0.012587
v 0.166390 0.050000 0.012587
v 0.023473 -0.050000 0.021787
v 0.023473 0.050000 0.021787
v 0.018092 -0.050000 0.107343
v 0.018092 0.050000 0.107343
v -0.103896 -0.050000 0.107343
v -0.103896 0.050000 0.107343
v -0.099112 -0.050000 0.029146
v -0.099112 0.050000 0.029146
v -0.170869 -0.050000 0.033746
v -0.170869 0.050000 0.033746
v -0.179241 -0.050000 0.188300
v -0.179241 0.050000 0.188300
v 0.129315 -0.050000 0.188300
v 0.129315 0.050000 0.188300
v 0.126325 -0.050000 0.242578
v 0.126325 0.050000 0.242578
v -0.304217 -0.050000 0.242578
v -0.304217 0.050000 0.242578
v -0.290464 -0.050000 -0.012252
v -0.290464 0.050000 -0.012252
v -0.095524 -0.050000 -0.025132
v -0.095524 0.050000 -0.025132
v -0.093730 -0.050000 -0.055490
v -0.093730 0.050000 -0.055490
v -0.318569 -0.050000 -0.055490
v -0.318569 0.050000 -0.055490
v 0.403188 -0.050000 -0.239483
v 0.403188 0.050000 -0.239483
v 0.271036 -0.050000 -0.254202
v 0.271036 0.050000 -0.254202
v 0.274025 -0.050000 -0.309400
v 0.274025 0.050000 -0.309400
v 0.406178 -0.050000 -0.294681
v 0.406178 0.050000 -0.294681
v 0.394817 -0.050000 -0.098729
v 0.394817 0.050000 -0.098729
v 0.262664 -0.050000 -0.113448
v 0.262664 0.050000 -0.113448
v 0.265654 -0.050000 -0.168646
v 0.265654 0.050000 -0.168646
v 0.397807 -0.050000 -0.153926
v 0.397807 0.050000 -0.153926
v 0.337411 -0.050000 0.242578
v 0.337411 0.050000 0.242578
v 0.241735 -0.050000 0.242578
v 0.241735 0.050000 0.242578
v 0.296151 -0.050000 -0.018692
v 0.296151 0.050000 -0.018692
v 0.391827 -0.050000 -0.018692
v 0.391827 0.050000 -0.018692
v 0.773335 -0.050000 0.242578
v 0.773335 0.050000 0.242578
v 0.663308 -0.050000 0.242578
v 0.663308 0.050000 0.242578
v 0.670484 -0.050000 0.122063
v 0.670484 0.050000 0.122063
v 0.516803 -0.050000 0.122063
v 0.516803 0.050000 0.122063
v 0.509628 -0.050000 0.242578
v 0.509628 0.050000 0.242578
v 0.399601 -0.050000 0.242578
v 0.399601 0.050000 0.242578
v 0.424716 -0.050000 -0.176925
v 0.424716 0.050000 -0.176925
v 0.439067 -0.050000 -0.176925
v 0.439067 0.050000 -0.176925
v 0.429499 -0.050000 -0.309400
v 0.429499 0.050000 -0.309400
v 0.520391 -0.050000 -0.309400
v 0.520391 0.050000 -0.309400
v 0.529959 -0.050000 -0.176925
v 0.529959 0.050000 -0.176925
v 0.534743 -0.050000 -0.176925
v 0.534743 0.050000 -0.176925
v 0.558662 -0.050000 -0.176925
v 0.558662 0.050000 -0.176925
v 0.565838 -0.050000 -0.309400
v 0.565838 0.050000 -0.309400
v 0.671082 -0.050000 -0.309400
v 0.671082 0.050000 -0.309400
v 0.663906 -0.050000 -0.176925
v 0.663906 0.050000 -0.176925
v 0.687825 -0.050000 -0.176925
v 0.687825 0.050000 -0.176925
v 0.695001 -0.050000 -0.176925
v 0.695001 0.050000 -0.176925
v 0.718920 -0.050000 -0.309400
v 0.718920 0.050000 -0.309400
v 0.809812 -0.050000 -0.309400
v 0.809812 0.050000 -0.309400
v 0.785892 -0.050000 -0.176925
v 0.785892 0.050000 -0.176925
v 0.792471 -0.050000 -0.176925
v 0.792471 0.050000 -0.176925
v 0.797853 -0.050000 -0.176925
v 0.797853 0.050000 -0.176925
v 0.527567 -0.050000 -0.061930
v 0.527567 0.050000 -0.061930
v 0.681247 -0.050000 -0.061930
v 0.681247 0.050000 -0.061930
v 0.684834 -0.050000 -0.121728
v 0.684834 0.050000 -0.121728
v 0.531155 -0.050000 -0.121728
v 0.531155 0.050000 -0.121728
v 0.677660 -0.050000 -0.006732
v 0.677660 0.050000 -0.006732
v 0.524578 -0.050000 -0.006732
v 0.524578 0.050000 -0.006732
v 0.520391 -0.050000 0.066865
v 0.520391 0.050000 0.066865
v 0.673473 -0.050000 0.066865
v 0.673473 0.050000 0.066865
v 0.925221 -0.050000 0.187380
v 0.925221 0.050000 0.187380
v 0.892931 -0.050000 0.187380
v 0.892931 0.050000 0.187380
v 0.906684 -0.050000 -0.058250
v 0.906684 0.050000 -0.058250
v 0.953924 -0.050000 -0.058250
v 0.953924 0.050000 -0.058250
v 0.988606 -0.050000 -0.058250
v 0.988606 0.050000 -0.058250
v 0.992194 -0.050000 -0.095969
v 0.992194 0.050000 -0.095969
v 0.972462 -0.050000 -0.095969
v 0.972462 0.050000 -0.095969
v 0.888745 -0.050000 -0.095969
v 0.888745 0.050000 -0.095969
v 0.876785 -0.050000 -0.095969
v 0.876785 0.050000 -0.095969
v 0.883961 -0.050000 -0.221084
v 0.883961 0.050000 -0.221084
v 0.891735 -0.050000 -0.221084
v 0.891735 0.050000 -0.221084
v 0.979637 -0.050000 -0.221084
v 0.979637 0.050000 -0.221084
v 1.004154 -0.050000 -0.221084
v 1.004154 0.050000 -0.221084
v 1.006546 -0.050000 -0.246843
v 1.006546 0.050000 -0.246843
v 0.883961 -0.050000 -0.246843
v 0.883961 0.050000 -0.246843
v 0.886951 -0.050000 -0.294681
v 0.886951 0.050000 -0.294681
v 1.011330 -0.050000 -0.294681
v 1.011330 0.050000 -0.294681
v 1.012526 -0.050000 -0.309400
v 1.012526 0.050000 -0.309400
v 1.127337 -0.050000 -0.309400
v 1.127337 0.050000 -0.309400
v 1.126142 -0.050000 -0.294681
v 1.126142 0.050000 -0.294681
v 1.165010 -0.050000 -0.294681
v 1.165010 0.050000 -0.294681
v 1.165607 -0.050000 -0.309400
v 1.165607 0.050000 -0.309400
v 1.280419 -0.050000 -0.309400
v 1.280419 0.050000 -0.309400
v 1.279821 -0.050000 -0.294681
v 1.279821 0.050000 -0.294681
v 1.319288 -0.050000 -0.294681
v 1.319288 0.050000 -0.294681
v 1.406592 -0.050000 -0.294681
v 1.406592 0.050000 -0.294681
v 1.414964 -0.050000 -0.294681
v 1.414964 0.050000 -0.294681
v 1.407788 -0.050000 -0.173246
v 1.407788 0.050000 -0.173246
v 1.398818 -0.050000 -0.173246
v 1.398818 0.050000 -0.173246
v 1.312112 -0.050000 -0.173246
v 1.312112 0.050000 -0.173246
v 1.272646 -0.050000 -0.173246
v 1.272646 0.050000 -0.173246
v 1.270852 -0.050000 -0.143807
v 1.270852 0.050000 -0.143807
v 1.307328 -0.050000 -0.143807
v 1.307328 0.050000 -0.143807
v 1.392241 -0.050000 -0.143807
v 1.392241 0.050000 -0.143807
v 1.412572 -0.050000 -0.143807
v 1.412572 0.050000 -0.143807
v 1.407190 -0.050000 -0.054570
v 1.407190 0.050000 -0.054570
v 1.373105 -0.050000 -0.054570
v 1.373105 0.050000 -0.054570
v 1.359352 -0.050000 0.187380
v 1.359352 0.050000 0.187380
v 1.334835 -0.050000 0.187380
v 1.334835 0.050000 0.187380
v 1.383869 -0.050000 0.242578
v 1.383869 0.050000 0.242578
v 1.269057 -0.050000 0.242578
v 1.269057 0.050000 0.242578
v 1.220023 -0.050000 0.187380
v 1.220023 0.050000 0.187380
v 1.040032 -0.050000 0.187380
v 1.040032 0.050000 0.187380
v 0.984421 -0.050000 0.242578
v 0.984421 0.050000 0.242578
v 0.869610 -0.050000 0.242578
v 0.869610 0.050000 0.242578
v 1.009536 -0.050000 -0.010412
v 1.009536 0.050000 -0.010412
v 1.008340 -0.050000 0.007067
v 1.008340 0.050000 0.007067
v 1.264274 -0.050000 0.007067
v 1.264274 0.050000 0.007067
v 1.265470 -0.050000 -0.010412
v 1.265470 0.050000 -0.010412
v 1.005350 -0.050000 0.054905
v 1.005350 0.050000 0.054905
v 1.004752 -0.050000 0.073305
v 1.004752 0.050000 0.073305
v 1.260686 -0.050000 0.073305
v 1.260686 0.050000 0.073305
v 1.261284 -0.050000 0.054905
v 1.261284 0.050000 0.054905
v 1.001762 -0.050000 0.121143
v 1.001762 0.050000 0.121143
v 1.000566 -0.050000 0.139542
v 1.000566 0.050000 0.139542
v 1.256500 -0.050000 0.139542
v 1.256500 0.050000 0.139542
v 1.257696 -0.050000 0.121143
v 1.257696 0.050000 0.121143
v 1.103418 -0.050000 -0.058250
v 1.103418 0.050000 -0.058250
v 1.151257 -0.050000 -0.058250
v 1.151257 0.050000 -0.058250
v 1.153648 -0.050000 -0.095969
v 1.153648 0.050000 -0.095969
v 1.107006 -0.050000 -0.095969
v 1.107006 0.050000 -0.095969
v 1.266068 -0.050000 -0.058250
v 1.266068 0.050000 -0.058250
v 1.267862 -0.050000 -0.058250
v 1.267862 0.050000 -0.058250
v 1.301947 -0.050000 -0.058250
v 1.301947 0.050000 -0.058250
v 1.304338 -0.050000 -0.095969
v 1.304338 0.050000 -0.095969
v 1.268459 -0.050000 -0.095969
v 1.268459 0.050000 -0.095969
v 1.316298 -0.050000 -0.246843
v 1.316298 0.050000 -0.246843
v 1.276831 -0.050000 -0.246843
v 1.276831 0.050000 -0.246843
v 1.275636 -0.050000 -0.221084
v 1.275636 0.050000 -0.221084
v 1.315102 -0.050000 -0.221084
v 1.315102 0.050000 -0.221084
v 1.162020 -0.050000 -0.246843
v 1.162020 0.050000 -0.246843
v 1.121358 -0.050000 -0.246843
v 1.121358 0.050000 -0.246843
v 1.118965 -0.050000 -0.221084
v 1.118965 0.050000 -0.221084
v 1.160824 -0.050000 -0.221084
v 1.160824 0.050000 -0.221084
v 1.157834 -0.050000 -0.173246
v 1.157834 0.050000 -0.173246
v 1.114182 -0.050000 -0.173246
v 1.114182 0.050000 -0.173246
v 1.111790 -0.050000 -0.143807
v 1.111790 0.050000 -0.143807
v 1.156040 -0.050000 -0.143807
v 1.156040 0.050000 -0.143807
v 0.999371 -0.050000 -0.173246
v 0.999371 0.050000 -0.173246
v 0.976647 -0.050000 -0.173246
v 0.976647 0.050000 -0.173246
v 0.975451 -0.050000 -0.143807
v 0.975451 0.050000 -0.143807
v 0.996978 -0.050000 -0.143807
v 0.996978 0.050000 -0.143807
v 1.956730 -0.050000 0.242578
v 1.956730 0.050000 0.242578
v 1.523197 -0.050000 0.242578
v 1.523197 0.050000 0.242578
v 1.553695 -0.050000 -0.298361
v 1.553695 0.050000 -0.298361
v 1.685248 -0.050000 -0.298361
v 1.685248 0.050000 -0.298361
v 1.657742 -0.050000 0.188300
v 1.657742 0.050000 0.188300
v 1.959720 -0.050000 0.188300
v 1.959720 0.050000 0.188300
v 2.398634 -0.050000 -0.208204
v 2.398634 0.050000 -0.208204
v 2.115194 -0.050000 -0.208204
v 2.115194 0.050000 -0.208204
v 2.118184 -0.050000 -0.261562
v 2.118184 0.050000 -0.261562
v 2.636031 -0.050000 -0.261562
v 2.636031 0.050000 -0.261562
v 2.633041 -0.050000 -0.208204
v 2.633041 0.050000 -0.208204
v 2.553511 -0.050000 -0.208204
v 2.553511 0.050000 -0.208204
v 2.305350 -0.050000 0.169901
v 2.305350 0.050000 0.169901
v 2.582212 -0.050000 0.189220
v 2.582212 0.050000 0.189220
v 2.579224 -0.050000 0.242578
v 2.579224 0.050000 0.242578
v 2.152268 -0.050000 0.214059
v 2.152268 0.050000 0.214059
v 2.155258 -0.050000 0.159781
v 2.155258 0.050000 0.159781
vn -0.0000 1.0000 -0.0000
vn -0.0000 -1.0000 -0.0000
vn -0.8581 -0.0000 0.5134
vn -0.8582 -0.0000 0.5133
vn -0.8167 -0.0001 -0.5771
vn -0.8161 -0.0000 -0.5779
vn -0.8167 -0.0000 -0.5771
vn -0.8160 -0.0000 -0.5780
vn -0.0000 -0.0000 -1.0000
vn 0.8582 -0.0000 -0.5133
vn 0.8167 -0.0000 0.5771
vn 0.8581 -0.0000 -0.5134
vn 0.8139 -0.0001 0.5810
vn 0.8605 -0.0000 -0.5094
vn 0.8139 -0.0000 0.5810
vn 0.8605 -0.0000 -0.5095
vn 0.8168 -0.0000 0.5770
vn 0.8167 -0.0000 0.5770
vn 0.5146 -0.0000 0.8574
vn 1.0000 -0.0000 -0.0080
vn 0.9714 -0.0001 0.2374
vn -0.5004 -0.0000 0.8658
vn 0.9714 -0.0000 0.2375
vn 0.8167 -0.0001 0.5771
vn -0.0000 -0.0000 1.0000
vn -0.9709 -0.0000 -0.2395
vn 0.0147 -0.0000 0.9999
vn 0.9692 -0.0000 -0.2462
vn -0.9709 -0.0000 -0.2396
vn 0.9693 -0.0000 -0.2460
vn -0.8592 -0.0000 0.5116
vn -0.8154 -0.0000 -0.5789
vn -0.8593 -0.0000 0.5114
vn 0.8593 -0.0000 -0.5114
vn 0.8154 -0.0001 0.5789
vn 0.8154 -0.0000 0.5789
vn 0.8160 -0.0001 0.5780
vn 0.8161 -0.0000 0.5779
vn -0.8588 -0.0000 0.5124
vn 0.8160 -0.0000 0.5780
vn -0.8587 -0.0000 0.5125
vn -0.8596 -0.0000 0.5110
vn -0.8167 -0.0000 -0.5770
vn -0.8140 -0.0000 -0.5808
vn -0.8140 -0.0000 -0.5809
vn 0.8604 -0.0000 -0.5096
vn 0.8605 0.0002 -0.5095
vn 0.8581 0.0001 -0.5134
vn 0.8159 -0.0000 0.5782
vn 0.8385 -0.0000 -0.5449
vn 0.8377 -0.0000 -0.5461
vn 0.8388 -0.0000 0.5445
vn 0.8380 -0.0001 0.5457
vn 0.8388 -0.0000 0.5444
vn 0.8380 -0.0000 0.5457
vn 0.8159 -0.0000 0.5781
vn -0.8149 -0.0000 -0.5796
vn -0.8366 -0.0000 0.5477
vn -0.8349 -0.0000 0.5504
vn -0.8367 -0.0000 0.5477
vn -0.8418 -0.0000 -0.5397
vn -0.8349 -0.0000 0.5503
vn -0.8403 -0.0000 -0.5421
vn -0.8418 -0.0000 -0.5398
vn 0.8593 -0.0000 -0.5115
vn 0.8155 -0.0000 0.5788
vn -0.8176 -0.0000 -0.5758
vn -0.8575 -0.0000 0.5145
vn -0.8177 -0.0000 -0.5757
vn 0.8591 -0.0000 -0.5117
vn 0.8155 -0.0000 0.5787
vn -0.8155 -0.0000 -0.5787
vn 0.8592 0.0001 -0.5116
vn -0.8591 -0.0000 0.5117
vn 0.8592 -0.0000 -0.5116
vn -0.8593 -0.0000 0.5115
vn -0.8155 -0.0000 -0.5788
vn 0.8177 -0.0001 0.5757
vn 0.8575 -0.0000 -0.5145
vn 0.8177 -0.0000 0.5757
vn -0.8590 -0.0000 0.5120
vn 0.8164 -0.0000 0.5775
vn 0.8163 -0.0001 0.5776
vn -0.8158 -0.0000 -0.5783
vn -0.8589 -0.0000 0.5121
vn 0.8590 -0.0000 -0.5120
vn 0.8590 0.0001 -0.5120
vn 0.8585 -0.0000 -0.5129
vn 0.8585 -0.0000 -0.5128
vn -0.8585 -0.0000 0.5128
vn -0.8580 0.0001 0.5136
vn -0.8580 -0.0000 0.5136
vn -0.8164 -0.0000 -0.5775
vn -0.8157 -0.0000 -0.5784
vn -0.8163 -0.0000 -0.5776
vn -0.8157 -0.0000 -0.5785
vn 0.8590 -0.0000 -0.5119
vn 0.8584 -0.0000 -0.5129
vn 0.8590 0.0001 -0.5119
vn 0.8150 -0.0000 0.5794
vn 0.9954 -0.0000 0.0960
vn 0.8151 -0.0000 0.5793
vn 0.7812 -0.0000 0.6243
vn -0.8840 -0.0000 0.4674
vn 0.7811 -0.0000 0.6244
vn -0.8840 -0.0000 0.4675
vn -0.8583 -0.0000 0.5132
vn -0.8840 0.0001 0.4675
vn -0.8166 -0.0001 -0.5772
vn -0.8169 -0.0000 -0.5767
vn -0.8166 -0.0000 -0.5772
vn -0.8599 -0.0000 0.5105
vn -0.8147 -0.0000 -0.5799
vn 0.8169 -0.0000 0.5767
vn 0.8581 -0.0000 -0.5135
vn 0.8170 -0.0000 0.5767
vn -0.9299 -0.0000 0.3678
vn -0.8585 0.0001 0.5128
vn 0.9301 -0.0000 -0.3673
vn 0.8596 -0.0000 -0.5109
vn 0.9301 -0.0000 -0.3672
vn -0.8586 -0.0000 0.5126
vn 0.8150 -0.0000 0.5795
vn -0.8162 -0.0000 -0.5778
vn 0.8587 -0.0000 -0.5125
vn 0.8586 -0.0000 -0.5126
vn -0.8156 -0.0001 -0.5786
vn -0.8592 -0.0000 0.5117
vn -0.8156 -0.0000 -0.5786
vn -0.8588 -0.0000 0.5122
vn -0.8591 -0.0000 0.5118
vn -0.8159 -0.0000 -0.5782
vn -0.8589 -0.0000 0.5122
vn -0.6835 -0.0000 -0.7300
vn -0.8160 -0.0000 -0.5781
vn -0.6834 -0.0000 -0.7301
vn -0.8186 -0.0000 -0.5743
vn -0.8187 -0.0000 -0.5742
vn -0.8566 -0.0000 0.5160
vn -0.8565 0.0001 0.5161
vn -0.1270 -0.0000 -0.9919
vn -0.8153 -0.0000 -0.5790
vn -0.9408 -0.0001 -0.3388
vn -0.1269 -0.0000 -0.9919
vn -0.9172 -0.0002 -0.3984
vn -0.9408 -0.0000 -0.3389
vn 0.7181 -0.0000 -0.6959
vn -0.9173 -0.0000 -0.3983
vn 0.6507 -0.0000 -0.7593
vn 0.7180 -0.0000 -0.6960
vn 0.8175 -0.0000 -0.5760
vn 0.8575 -0.0000 0.5144
vn 0.8174 -0.0000 -0.5760
vn 0.8576 -0.0000 0.5144
vn 0.8153 -0.0000 0.5791
vn 0.8594 0.0001 -0.5113
vn -0.8167 -0.0001 -0.5770
vn -0.9822 -0.0000 0.1876
vn -0.9822 -0.0000 0.1877
vn -0.8200 -0.0000 -0.5724
vn 0.8555 -0.0000 -0.5178
vn 0.8554 -0.0000 -0.5179
vn -0.3413 -0.0000 -0.9400
vn 0.8555 0.0001 -0.5178
vn -0.3415 -0.0000 -0.9399
vn 0.9884 -0.0000 -0.1517
vn 0.9884 -0.0000 -0.1516
vn 0.9854 -0.0000 -0.1701
vn 0.6833 -0.0000 0.7302
vn 0.9854 -0.0000 -0.1702
vn 0.9994 -0.0000 0.0347
vn 0.6829 -0.0000 0.7305
vn 0.9745 -0.0001 0.2243
vn -0.4926 -0.0000 0.8703
vn 0.9745 -0.0000 0.2242
vn 0.5338 -0.0000 0.8456
vn 0.8157 -0.0000 0.5785
vn -0.6803 -0.0000 0.7329
vn 0.4121 -0.0000 0.9111
vn -0.6803 0.0002 0.7330
vn -0.9822 -0.0000 0.1878
vn -0.8802 -0.0000 0.4746
vn 0.7870 -0.0000 0.6169
vn -0.7870 -0.0000 -0.6169
vn 0.8802 -0.0000 -0.4746
vn -0.8158 -0.0001 -0.5784
vn 0.8594 -0.0000 -0.5113
vn 0.8595 -0.0000 -0.5112
vn 0.8150 -0.0001 0.5795
vn 0.8596 0.0001 -0.5109
vn 0.8597 -0.0000 -0.5108
vn 0.8149 -0.0000 0.5796
vn 0.8294 -0.0000 0.5587
vn 0.8472 -0.0000 -0.5313
vn 0.8298 -0.0000 0.5580
vn 0.8299 -0.0000 0.5579
vn -0.8467 -0.0000 0.5321
vn -0.8467 0.0001 0.5321
vn -0.8307 -0.0000 -0.5567
vn -0.8459 -0.0000 0.5333
vn -0.8458 -0.0000 0.5334
vn -0.8284 -0.0000 -0.5602
vn -0.8283 -0.0000 -0.5602
vn 0.8481 -0.0000 -0.5299
vn -0.8284 -0.0000 -0.5601
vn 0.8480 -0.0000 -0.5300
vn -0.8150 -0.0000 -0.5795
vn -0.9688 -0.0000 0.2479
vn -0.8164 -0.0001 -0.5775
vn -0.8584 -0.0000 0.5129
vn -0.5185 -0.0000 -0.8551
vn 0.9687 -0.0000 -0.2482
vn 0.9687 -0.0000 -0.2483
vn 0.8586 -0.0000 -0.5127
vn 0.5171 -0.0000 0.8559
vn 0.9689 -0.0000 -0.2475
vn 0.8609 -0.0000 -0.5088
vn 0.8513 -0.0000 -0.5247
vn 0.8488 -0.0000 -0.5287
vn 0.8275 -0.0000 0.5614
vn 0.8244 -0.0000 0.5660
vn 0.8275 -0.0000 0.5615
vn 0.8131 -0.0000 0.5821
vn -0.8606 -0.0000 0.5093
vn -0.8511 -0.0000 0.5250
vn 0.8279 -0.0000 0.5609
vn -0.8510 0.0001 0.5251
vn -0.8581 -0.0000 0.5135
vn -0.8283 -0.0000 -0.5603
vn -0.8262 -0.0001 -0.5634
vn -0.8262 -0.0000 -0.5634
vn -0.9688 -0.0000 0.2478
vn -0.9688 0.0001 0.2479
vn -0.8739 -0.0000 0.4860
vn 0.7962 -0.0000 0.6050
vn -0.7961 -0.0001 -0.6051
vn -0.8739 0.0001 0.4860
vn 0.8739 -0.0000 -0.4860
vn -0.7963 -0.0000 -0.6049
vn 0.8739 -0.0000 -0.4861
vn -0.7962 -0.0000 -0.6050
vn -0.8739 -0.0000 0.4861
vn -0.7962 -0.0000 -0.6051
vn -0.9035 -0.0000 0.4286
vn 0.7467 -0.0000 0.6652
vn 0.7466 -0.0001 0.6653
vn -0.7466 -0.0000 -0.6653
vn -0.9035 0.0001 0.4286
vn 0.9035 -0.0000 -0.4286
vn -0.7467 -0.0000 -0.6652
vn -0.8600 -0.0000 0.5102
vn -0.8600 -0.0000 0.5103
vn -0.8600 0.0001 0.5103
vn 0.8145 -0.0001 0.5801
vn 0.8145 -0.0000 0.5802
vn -0.8602 -0.0000 0.5100
vn -0.8143 -0.0000 -0.5805
vn -0.8643 -0.0000 -0.5030
vn -0.8144 -0.0000 -0.5803
vn -0.8643 -0.0000 -0.5029
vn 0.8091 -0.0000 -0.5877
vn -0.8644 -0.0000 -0.5029
vn 0.8091 0.0001 -0.5877
vn -0.7600 -0.0000 -0.6499
vn -0.7599 -0.0001 -0.6500
vn 0.8965 -0.0000 -0.4431
vn 0.8966 -0.0000 -0.4429
vn 0.8966 0.0001 -0.4429
vn 0.8597 0.0001 -0.5108
vn -0.8143 -0.0000 -0.5804
vn 0.8602 0.0001 -0.5099
vn 0.8602 -0.0000 -0.5099
vn 0.8143 -0.0000 0.5804
vn -0.8602 0.0001 0.5099
vn 0.8156 -0.0000 0.5786
vn 0.8592 -0.0000 -0.5117
vn -0.9822 -0.0000 0.1880
vn -0.8160 -0.0001 -0.5781
vn -0.8587 -0.0000 0.5124
vn -0.7992 -0.0001 -0.6011
vn -0.8718 -0.0000 0.4899
vn -0.7992 -0.0000 -0.6011
vn -0.8718 0.0001 0.4899
vn -0.8154 -0.0000 -0.5788
vn -0.8002 -0.0001 -0.5997
vn -0.8711 -0.0000 0.4911
vn -0.8002 -0.0000 -0.5997
vn -0.8610 -0.0000 0.5086
vn -0.8132 -0.0001 -0.5820
vn -0.8611 0.0001 0.5085
vn -0.8053 -0.0000 -0.5929
vn -0.8133 -0.0000 -0.5819
vn -0.8052 -0.0000 -0.5930
vn 0.8673 -0.0000 -0.4977
vn 0.8673 -0.0000 -0.4978
vn -0.8224 -0.0000 -0.5689
vn 0.8673 0.0001 -0.4977
vn -0.8223 -0.0000 -0.5690
vn 0.8534 -0.0000 -0.5213
vn 0.8533 -0.0000 -0.5213
vn 0.8534 -0.0000 -0.5212
vn 0.8535 -0.0000 -0.5211
vn 0.8599 -0.0000 -0.5105
vn 0.8147 -0.0001 0.5799
vn 0.8599 -0.0000 -0.5104
vn 0.8147 -0.0000 0.5799
vn 0.8605 0.0001 -0.5095
vn 0.8603 -0.0000 -0.5097
vn 0.8142 -0.0000 0.5806
vn 0.8156 -0.0001 0.5786
vn 0.9782 -0.0000 0.2078
vn 0.9782 -0.0000 0.2077
vn -0.4492 -0.0000 0.8934
vn 0.9781 -0.0000 0.2079
vn 0.4128 -0.0000 0.9108
vn -0.9822 0.0001 0.1880
vn 0.8631 -0.0000 -0.5051
vn 0.8107 -0.0000 0.5854
vn 0.8107 -0.0000 0.5855
vn -0.8108 -0.0001 -0.5853
vn 0.8631 0.0001 -0.5050
vn -0.8631 -0.0000 0.5051
vn -0.8107 -0.0000 -0.5854
vn -0.8631 0.0001 0.5050
vn 0.8505 -0.0000 -0.5260
vn 0.8256 -0.0000 0.5642
vn -0.8257 -0.0000 -0.5641
vn -0.8505 -0.0000 0.5260
vn -0.8256 -0.0000 -0.5642
vn 0.8619 -0.0000 -0.5071
vn 0.8122 -0.0000 0.5834
vn -0.8122 -0.0000 -0.5834
vn 0.8619 -0.0000 -0.5070
vn -0.8619 -0.0000 0.5071
vn -0.8619 0.0001 0.5070
vn -0.8129 -0.0000 -0.5824
vn 0.8718 -0.0000 -0.4898
vn 0.8718 -0.0000 -0.4899
vn -0.8613 -0.0000 0.5081
vn 0.7992 -0.0000 0.6011
vn -0.8613 0.0001 0.5081
vn 0.8614 -0.0000 -0.5079
vn 0.8613 -0.0000 -0.5081
vn 0.8129 -0.0000 0.5824
vn -0.8614 0.0001 0.5080
vn 0.8128 -0.0000 0.5826
vn 0.8200 -0.0000 0.5724
vn -0.8555 -0.0000 0.5178
vn -0.8199 -0.0000 -0.5725
vn 0.8002 -0.0000 0.5997
vn 0.8711 -0.0000 -0.4911
vn 0.8001 -0.0000 0.5999
vn -0.8200 -0.0001 -0.5724
vn 0.8053 -0.0000 0.5929
vn -0.8605 0.0001 0.5094
vn -0.8605 -0.0000 0.5095
vn 0.8052 -0.0000 0.5930
vn -0.8139 -0.0000 -0.5810
vn 0.8673 0.0001 -0.4978
vn 0.8224 -0.0000 0.5689
vn -0.8673 -0.0000 0.4978
vn 0.8223 -0.0000 0.5691
vn 0.8535 0.0001 -0.5211
vn 0.8585 -0.0000 -0.5127
vn -0.9664 -0.0000 0.2570
vn -0.8159 -0.0001 -0.5781
vn 0.8588 -0.0000 -0.5123
vn -0.8159 -0.0000 -0.5781
vn 0.8159 -0.0001 0.5781
vn 0.8589 -0.0000 -0.5122
vn 0.5348 -0.0000 0.8450
vn 0.9700 -0.0000 -0.2430
vn 0.8688 -0.0000 -0.4952
vn 0.9701 0.0001 -0.2428
vn 0.8038 -0.0000 0.5949
vn 0.8688 0.0001 -0.4952
vn -0.8681 -0.0000 0.4964
vn -0.9564 -0.0000 -0.2921
vn -0.8681 0.0001 0.4964
vt 1.000000 0.000000
vt 0.900000 0.000000
vt 0.600000 0.000000
vt 0.000000 0.000000
vt 0.500000 0.000000
vt 0.400000 0.000000
vt 0.300000 0.000000
vt 0.800000 0.000000
vt 0.700000 0.000000
vt 0.200000 0.000000
vt 0.100000 0.000000
vt 0.024691 0.000000
vt 0.012346 0.000000
vt 0.111111 0.000000
vt 0.098765 0.000000
vt 0.086420 0.000000
vt 0.123457 0.000000
vt 0.987654 0.000000
vt 0.074074 0.000000
vt 0.061728 0.000000
vt 0.135802 0.000000
vt 0.975309 0.000000
vt 0.962963 0.000000
vt 0.543210 0.000000
vt 0.530864 0.000000
vt 0.938272 0.000000
vt 0.740741 0.000000
vt 0.728395 0.000000
vt 0.506173 0.000000
vt 0.679012 0.000000
vt 0.518519 0.000000
vt 0.925926 0.000000
vt 0.888889 0.000000
vt 0.148148 0.000000
vt 0.160494 0.000000
vt 0.876543 0.000000
vt 0.197531 0.000000
vt 0.234568 0.000000
vt 0.209877 0.000000
vt 0.222222 0.000000
vt 0.666667 0.000000
vt 0.654321 0.000000
vt 0.617284 0.000000
vt 0.604938 0.000000
vt 0.037037 0.000000
vt 0.567901 0.000000
vt 0.049383 0.000000
vt 0.555556 0.000000
vt 0.703704 0.000000
vt 0.185185 0.000000
vt 0.753086 0.000000
vt 0.592593 0.000000
vt 0.765432 0.000000
vt 0.493827 0.000000
vt 0.802469 0.000000
vt 0.382716 0.000000
vt 0.950617 0.000000
vt 0.913580 0.000000
vt 0.370370 0.000000
vt 0.901235 0.000000
vt 0.839506 0.000000
vt 0.864198 0.000000
vt 0.283951 0.000000
vt 0.827160 0.000000
vt 0.814815 0.000000
vt 0.296296 0.000000
vt 0.469136 0.000000
vt 0.456790 0.000000
vt 0.444444 0.000000
vt 0.308642 0.000000
vt 0.345679 0.000000
vt 0.333333 0.000000
vt 0.320988 0.000000
vt 0.407407 0.000000
vt 0.432099 0.000000
vt 0.419753 0.000000
vt 0.790123 0.000000
vt 0.777778 0.000000
vt 0.395062 0.000000
vt 0.851852 0.000000
vt 0.358025 0.000000
vt 0.481481 0.000000
vt 0.691358 0.000000
vt 0.629630 0.000000
vt 0.641975 0.000000
vt 0.580247 0.000000
vt 0.246914 0.000000
vt 0.259259 0.000000
vt 0.271605 0.000000
vt 0.716049 0.000000
vt 0.172840 0.000000
vt 0.238095 0.000000
vt 0.190476 0.000000
vt 0.261905 0.000000
vt 0.214286 0.000000
vt 0.142857 0.000000
vt 0.119048 0.000000
vt 0.095238 0.000000
vt 0.166667 0.000000
vt 0.380952 0.000000
vt 0.357143 0.000000
vt 0.404762 0.000000
vt 0.452381 0.000000
vt 0.476190 0.000000
vt 0.976190 0.000000
vt 0.047619 0.000000
vt 0.023810 0.000000
vt 0.071429 0.000000
vt 0.547619 0.000000
vt 0.904762 0.000000
vt 0.571429 0.000000
vt 0.523810 0.000000
vt 0.595238 0.000000
vt 0.642857 0.000000
vt 0.619048 0.000000
vt 0.880952 0.000000
vt 0.690476 0.000000
vt 0.714286 0.000000
vt 0.761905 0.000000
vt 0.738095 0.000000
vt 0.285714 0.000000
vt 0.809524 0.000000
vt 0.928571 0.000000
vt 0.785714 0.000000
vt 0.857143 0.000000
vt 0.309524 0.000000
vt 0.833333 0.000000
vt 0.952381 0.000000
vt 0.428571 0.000000
vt 0.448276 0.000000
vt 0.413793 0.000000
vt 0.379310 0.000000
vt 0.482759 0.000000
vt 0.172414 0.000000
vt 0.137931 0.000000
vt 0.517241 0.000000
vt 0.620690 0.000000
vt 0.724138 0.000000
vt 0.655172 0.000000
vt 0.344828 0.000000
vt 0.310345 0.000000
vt 0.275862 0.000000
vt 0.586207 0.000000
vt 0.551724 0.000000
vt 0.862069 0.000000
vt 0.827586 0.000000
vt 0.931035 0.000000
vt 0.896552 0.000000
vt 0.034483 0.000000
vt 0.068966 0.000000
vt 0.103448 0.000000
vt 0.965517 0.000000
vt 0.793103 0.000000
vt 0.241379 0.000000
vt 0.206897 0.000000
vt 0.758621 0.000000
vt 0.689655 0.000000
vt 0.909091 0.000000
vt 0.818182 0.000000
vt 0.181818 0.000000
vt 0.090909 0.000000
vt 0.545455 0.000000
vt 0.727273 0.000000
vt 0.636364 0.000000
vt 0.363636 0.000000
vt 0.272727 0.000000
vt 0.454545 0.000000
vt 0.083333 0.000000
vt 0.250000 0.000000
vt 0.916667 0.000000
vt 0.583333 0.000000
vt 0.750000 0.000000
vt 0.416667 0.000000
vt 0.947368 0.000000
vt 0.368421 0.000000
vt 0.421053 0.000000
vt 0.842105 0.000000
vt 0.894737 0.000000
vt 0.315789 0.000000
vt 0.263158 0.000000
vt 0.631579 0.000000
vt 0.210526 0.000000
vt 0.578947 0.000000
vt 0.526316 0.000000
vt 0.789474 0.000000
vt 0.157895 0.000000
vt 0.473684 0.000000
vt 0.105263 0.000000
vt 0.052632 0.000000
vt 0.684211 0.000000
vt 0.736842 0.000000
vt 0.650000 0.000000
vt 0.850000 0.000000
vt 0.950000 0.000000
vt 0.450000 0.000000
vt 0.350000 0.000000
vt 0.150000 0.000000
vt 0.550000 0.000000
vt 0.050000 0.000000
vt 0.581818 0.000000
vt 0.618182 0.000000
vt 0.563636 0.000000
vt 0.690909 0.000000
vt 0.672727 0.000000
vt 0.654545 0.000000
vt 0.709091 0.000000
vt 0.327273 0.000000
vt 0.309091 0.000000
vt 0.290909 0.000000
vt 0.345455 0.000000
vt 0.472727 0.000000
vt 0.527273 0.000000
vt 0.509091 0.000000
vt 0.490909 0.000000
vt 0.436364 0.000000
vt 0.418182 0.000000
vt 0.381818 0.000000
vt 0.218182 0.000000
vt 0.254545 0.000000
vt 0.836364 0.000000
vt 0.236364 0.000000
vt 0.745455 0.000000
vt 0.854545 0.000000
vt 0.763636 0.000000
vt 0.072727 0.000000
vt 0.781818 0.000000
vt 0.872727 0.000000
vt 0.927273 0.000000
vt 0.890909 0.000000
vt 0.145455 0.000000
vt 0.127273 0.000000
vt 0.945455 0.000000
vt 0.109091 0.000000
vt 0.963636 0.000000
vt 0.163636 0.000000
vt 0.981818 0.000000
vt 0.054545 0.000000
vt 0.036364 0.000000
vt 0.018182 0.000000
vt 0.060606 0.000000
vt 0.030303 0.000000
vt 0.878788 0.000000
vt 0.787879 0.000000
vt 0.515152 0.000000
vt 0.757576 0.000000
vt 0.969697 0.000000
vt 0.484848 0.000000
vt 0.393939 0.000000
vt 0.121212 0.000000
vt 0.242424 0.000000
vt 0.151515 0.000000
vt 0.606061 0.000000
vt 0.939394 0.000000
vt 0.696970 0.000000
vt 0.212121 0.000000
vt 0.575758 0.000000
vt 0.424242 0.000000
vt 0.303030 0.000000
vt 0.848485 0.000000
vt 0.032258 1.000000
vt 0.000000 1.000000
vt 0.064516 1.000000
vt 0.032258 0.000000
vt 0.096774 1.000000
vt 0.064516 0.000000
vt 0.129032 1.000000
vt 0.096774 0.000000
vt 0.161290 1.000000
vt 0.129032 0.000000
vt 0.193548 1.000000
vt 0.161290 0.000000
vt 0.225806 1.000000
vt 0.193548 0.000000
vt 0.258065 1.000000
vt 0.225806 0.000000
vt 0.290323 1.000000
vt 0.258065 0.000000
vt 0.322581 1.000000
vt 0.290323 0.000000
vt 0.354839 1.000000
vt 0.322581 0.000000
vt 0.387097 1.000000
vt 0.354839 0.000000
vt 0.419355 1.000000
vt 0.387097 0.000000
vt 0.451613 1.000000
vt 0.419355 0.000000
vt 0.483871 1.000000
vt 0.451613 0.000000
vt 0.516129 1.000000
vt 0.483871 0.000000
vt 0.548387 1.000000
vt 0.516129 0.000000
vt 0.580645 1.000000
vt 0.548387 0.000000
vt 0.612903 1.000000
vt 0.580645 0.000000
vt 0.645161 1.000000
vt 0.612903 0.000000
vt 0.677419 1.000000
vt 0.645161 0.000000
vt 0.709677 1.000000
vt 0.677419 0.000000
vt 0.741935 1.000000
vt 0.709677 0.000000
vt 0.774194 1.000000
vt 0.741935 0.000000
vt 0.806452 1.000000
vt 0.774194 0.000000
vt 0.838710 1.000000
vt 0.806452 0.000000
vt 0.870968 1.000000
vt 0.838710 0.000000
vt 0.903226 1.000000
vt 0.870968 0.000000
vt 0.935484 1.000000
vt 0.903226 0.000000
vt 0.967742 1.000000
vt 0.935484 0.000000
vt 1.000000 1.000000
vt 0.967742 0.000000
vt 0.333333 1.000000
vt 0.666667 1.000000
vt 0.062500 1.000000
vt 0.125000 1.000000
vt 0.062500 0.000000
vt 0.187500 1.000000
vt 0.125000 0.000000
vt 0.250000 1.000000
vt 0.187500 0.000000
vt 0.312500 1.000000
vt 0.375000 1.000000
vt 0.312500 0.000000
vt 0.437500 1.000000
vt 0.375000 0.000000
vt 0.500000 1.000000
vt 0.437500 0.000000
vt 0.562500 1.000000
vt 0.625000 1.000000
vt 0.562500 0.000000
vt 0.687500 1.000000
vt 0.625000 0.000000
vt 0.750000 1.000000
vt 0.687500 0.000000
vt 0.812500 1.000000
vt 0.875000 1.000000
vt 0.812500 0.000000
vt 0.937500 1.000000
vt 0.875000 0.000000
vt 0.937500 0.000000
vt 0.041667 1.000000
vt 0.083333 1.000000
vt 0.041667 0.000000
vt 0.166667 1.000000
vt 0.208333 1.000000
vt 0.208333 0.000000
vt 0.291667 1.000000
vt 0.291667 0.000000
vt 0.416667 1.000000
vt 0.458333 1.000000
vt 0.458333 0.000000
vt 0.541667 1.000000
vt 0.583333 1.000000
vt 0.541667 0.000000
vt 0.708333 1.000000
vt 0.708333 0.000000
vt 0.791667 1.000000
vt 0.833333 1.000000
vt 0.791667 0.000000
vt 0.916667 1.000000
vt 0.958333 1.000000
vt 0.958333 0.000000
vt 0.058824 1.000000
vt 0.117647 1.000000
vt 0.058824 0.000000
vt 0.176471 1.000000
vt 0.117647 0.000000
vt 0.235294 1.000000
vt 0.176471 0.000000
vt 0.294118 1.000000
vt 0.235294 0.000000
vt 0.352941 1.000000
vt 0.294118 0.000000
vt 0.411765 1.000000
vt 0.352941 0.000000
vt 0.470588 1.000000
vt 0.411765 0.000000
vt 0.529412 1.000000
vt 0.470588 0.000000
vt 0.588235 1.000000
vt 0.529412 0.000000
vt 0.647059 1.000000
vt 0.588235 0.000000
vt 0.705882 1.000000
vt 0.647059 0.000000
vt 0.764706 1.000000
vt 0.705882 0.000000
vt 0.823529 1.000000
vt 0.764706 0.000000
vt 0.882353 1.000000
vt 0.823529 0.000000
vt 0.941176 1.000000
vt 0.882353 0.000000
vt 0.941176 0.000000
vt 0.076923 1.000000
vt 0.153846 1.000000
vt 0.076923 0.000000
vt 0.230769 1.000000
vt 0.153846 0.000000
vt 0.307692 1.000000
vt 0.230769 0.000000
vt 0.384615 1.000000
vt 0.307692 0.000000
vt 0.461538 1.000000
vt 0.384615 0.000000
vt 0.538462 1.000000
vt 0.461538 0.000000
vt 0.615385 1.000000
vt 0.538462 0.000000
vt 0.692308 1.000000
vt 0.615385 0.000000
vt 0.769231 1.000000
vt 0.692308 0.000000
vt 0.846154 1.000000
vt 0.769231 0.000000
vt 0.923077 1.000000
vt 0.846154 0.000000
vt 0.923077 0.000000
vt 0.045455 1.000000
vt 0.090909 1.000000
vt 0.045455 0.000000
vt 0.136364 1.000000
vt 0.181818 1.000000
vt 0.136364 0.000000
vt 0.227273 1.000000
vt 0.272727 1.000000
vt 0.227273 0.000000
vt 0.318182 1.000000
vt 0.363636 1.000000
vt 0.318182 0.000000
vt 0.409091 1.000000
vt 0.454545 1.000000
vt 0.409091 0.000000
vt 0.545455 1.000000
vt 0.590909 1.000000
vt 0.636364 1.000000
vt 0.590909 0.000000
vt 0.681818 1.000000
vt 0.727273 1.000000
vt 0.681818 0.000000
vt 0.772727 1.000000
vt 0.818182 1.000000
vt 0.772727 0.000000
vt 0.863636 1.000000
vt 0.909091 1.000000
vt 0.863636 0.000000
vt 0.954545 1.000000
vt 0.954545 0.000000
vt 0.033333 1.000000
vt 0.066667 1.000000
vt 0.033333 0.000000
vt 0.100000 1.000000
vt 0.066667 0.000000
vt 0.133333 1.000000
vt 0.133333 0.000000
vt 0.200000 1.000000
vt 0.233333 1.000000
vt 0.266667 1.000000
vt 0.233333 0.000000
vt 0.300000 1.000000
vt 0.266667 0.000000
vt 0.366667 1.000000
vt 0.400000 1.000000
vt 0.366667 0.000000
vt 0.433333 1.000000
vt 0.466667 1.000000
vt 0.433333 0.000000
vt 0.466667 0.000000
vt 0.533333 1.000000
vt 0.566667 1.000000
vt 0.533333 0.000000
vt 0.600000 1.000000
vt 0.566667 0.000000
vt 0.633333 1.000000
vt 0.633333 0.000000
vt 0.700000 1.000000
vt 0.733333 1.000000
vt 0.766667 1.000000
vt 0.733333 0.000000
vt 0.800000 1.000000
vt 0.766667 0.000000
vt 0.866667 1.000000
vt 0.900000 1.000000
vt 0.866667 0.000000
vt 0.933333 1.000000
vt 0.966667 1.000000
vt 0.933333 0.000000
vt 0.966667 0.000000
vt 0.035714 1.000000
vt 0.071429 1.000000
vt 0.035714 0.000000
vt 0.107143 1.000000
vt 0.142857 1.000000
vt 0.107143 0.000000
vt 0.178571 1.000000
vt 0.214286 1.000000
vt 0.178571 0.000000
vt 0.285714 1.000000
vt 0.321429 1.000000
vt 0.357143 1.000000
vt 0.321429 0.000000
vt 0.392857 1.000000
vt 0.428571 1.000000
vt 0.392857 0.000000
vt 0.464286 1.000000
vt 0.464286 0.000000
vt 0.535714 1.000000
vt 0.571429 1.000000
vt 0.535714 0.000000
vt 0.607143 1.000000
vt 0.642857 1.000000
vt 0.607143 0.000000
vt 0.678571 1.000000
vt 0.714286 1.000000
vt 0.678571 0.000000
vt 0.785714 1.000000
vt 0.821429 1.000000
vt 0.857143 1.000000
vt 0.821429 0.000000
vt 0.892857 1.000000
vt 0.928571 1.000000
vt 0.892857 0.000000
vt 0.964286 1.000000
vt 0.964286 0.000000
vt 0.043478 1.000000
vt 0.086957 1.000000
vt 0.043478 0.000000
vt 0.130435 1.000000
vt 0.086957 0.000000
vt 0.173913 1.000000
vt 0.130435 0.000000
vt 0.217391 1.000000
vt 0.173913 0.000000
vt 0.260870 1.000000
vt 0.217391 0.000000
vt 0.304348 1.000000
vt 0.260870 0.000000
vt 0.347826 1.000000
vt 0.304348 0.000000
vt 0.391304 1.000000
vt 0.347826 0.000000
vt 0.434783 1.000000
vt 0.391304 0.000000
vt 0.478261 1.000000
vt 0.434783 0.000000
vt 0.521739 1.000000
vt 0.478261 0.000000
vt 0.565217 1.000000
vt 0.521739 0.000000
vt 0.608696 1.000000
vt 0.565217 0.000000
vt 0.652174 1.000000
vt 0.608696 0.000000
vt 0.695652 1.000000
vt 0.652174 0.000000
vt 0.739130 1.000000
vt 0.695652 0.000000
vt 0.782609 1.000000
vt 0.739130 0.000000
vt 0.826087 1.000000
vt 0.782609 0.000000
vt 0.869565 1.000000
vt 0.826087 0.000000
vt 0.913043 1.000000
vt 0.869565 0.000000
vt 0.956522 1.000000
vt 0.913043 0.000000
vt 0.956522 0.000000
vt 0.022222 1.000000
vt 0.044444 1.000000
vt 0.022222 0.000000
vt 0.044444 0.000000
vt 0.088889 1.000000
vt 0.111111 1.000000
vt 0.088889 0.000000
vt 0.155556 1.000000
vt 0.177778 1.000000
vt 0.155556 0.000000
vt 0.177778 0.000000
vt 0.222222 1.000000
vt 0.244444 1.000000
vt 0.244444 0.000000
vt 0.288889 1.000000
vt 0.311111 1.000000
vt 0.288889 0.000000
vt 0.311111 0.000000
vt 0.355556 1.000000
vt 0.377778 1.000000
vt 0.355556 0.000000
vt 0.377778 0.000000
vt 0.422222 1.000000
vt 0.444444 1.000000
vt 0.422222 0.000000
vt 0.488889 1.000000
vt 0.511111 1.000000
vt 0.488889 0.000000
vt 0.511111 0.000000
vt 0.555556 1.000000
vt 0.577778 1.000000
vt 0.577778 0.000000
vt 0.622222 1.000000
vt 0.644444 1.000000
vt 0.622222 0.000000
vt 0.644444 0.000000
vt 0.688889 1.000000
vt 0.711111 1.000000
vt 0.688889 0.000000
vt 0.711111 0.000000
vt 0.755556 1.000000
vt 0.777778 1.000000
vt 0.755556 0.000000
vt 0.822222 1.000000
vt 0.844444 1.000000
vt 0.822222 0.000000
vt 0.844444 0.000000
vt 0.888889 1.000000
vt 0.911111 1.000000
vt 0.911111 0.000000
vt 0.955556 1.000000
vt 0.977778 1.000000
vt 0.955556 0.000000
vt 0.977778 0.000000
s 1
usemtl Material.027
f 155/27/38 154/28/38 151/29/38
f 155/27/38 151/29/38 145/30/38
f 150/31/38 145/30/38 151/29/38
f 149/32/38 148/33/38 150/31/38
f 145/30/38 150/31/38 148/33/38
f 151/29/38 154/28/38 153/34/38
f 153/34/38 152/35/38 151/29/38
f 147/36/38 146/37/38 145/30/38
f 145/30/38 148/33/38 147/36/38
f 158/32/38 157/36/38 160/34/38
f 160/34/38 157/36/38 156/30/38
f 156/30/38 161/27/38 160/34/38
f 158/32/38 160/34/38 159/29/38
f 164/38/38 163/39/38 162/30/38
f 171/40/38 170/41/38 169/42/38
f 169/42/38 172/43/38 171/40/38
f 242/44/38 168/45/38 167/46/38
f 167/46/38 243/27/38 242/44/38
f 173/47/38 241/48/38 240/49/38
f 162/30/38 206/50/38 205/51/38
f 168/45/38 242/44/38 169/42/38
f 172/43/38 169/42/38 242/44/38
f 242/44/38 241/48/38 172/43/38
f 241/48/38 173/47/38 172/43/38
f 238/52/38 222/53/38 221/54/38
f 203/55/38 217/56/38 204/57/38
f 237/58/38 234/59/38 174/60/38
f 175/61/38 174/60/38 234/59/38
f 234/59/38 233/62/38 175/61/38
f 178/63/38 175/61/38 233/62/38
f 233/62/38 181/64/38 178/63/38
f 179/65/38 178/63/38 181/64/38
f 181/64/38 180/66/38 179/65/38
f 204/57/38 216/67/38 205/51/38
f 162/30/38 205/51/38 216/67/38
f 216/67/38 215/68/38 162/30/38
f 215/68/38 212/69/38 162/30/38
f 164/38/38 162/30/38 212/69/38
f 212/69/38 211/70/38 164/38/38
f 165/71/38 164/38/38 211/70/38
f 211/70/38 208/72/38 165/71/38
f 166/73/38 165/71/38 208/72/38
f 208/72/38 207/74/38 166/73/38
f 167/46/38 166/73/38 207/74/38
f 207/74/38 219/75/38 167/46/38
f 219/75/38 222/53/38 167/46/38
f 243/27/38 167/46/38 222/53/38
f 222/53/38 238/52/38 243/27/38
f 240/49/38 243/27/38 238/52/38
f 238/52/38 237/58/38 240/49/38
f 237/58/38 174/60/38 240/49/38
f 173/47/38 240/49/38 174/60/38
f 175/61/38 178/63/38 177/76/38
f 223/77/38 210/78/38 224/79/38
f 217/56/38 203/55/38 202/80/38
f 227/81/38 193/82/38 239/83/38
f 236/84/38 239/83/38 193/82/38
f 193/82/38 192/85/38 236/84/38
f 235/86/38 236/84/38 192/85/38
f 192/85/38 230/87/38 235/86/38
f 232/88/38 235/86/38 230/87/38
f 185/89/38 229/90/38 228/91/38
f 228/91/38 186/92/38 185/89/38
f 200/93/38 199/94/38 198/95/38
f 187/96/38 190/97/38 189/98/38
f 189/98/38 188/99/38 187/96/38
f 195/100/38 198/95/38 197/101/38
f 197/101/38 196/102/38 195/100/38
f 226/103/38 225/104/38 198/95/38
f 194/105/38 226/103/38 198/95/38
f 198/95/38 195/100/38 194/105/38
f 231/106/38 191/107/38 190/97/38
f 228/91/38 231/106/38 190/97/38
f 190/97/38 187/96/38 228/91/38
f 186/92/38 228/91/38 187/96/38
f 201/108/38 200/93/38 202/80/38
f 217/56/38 202/80/38 200/93/38
f 218/109/38 217/56/38 200/93/38
f 213/110/38 218/109/38 200/93/38
f 214/111/38 213/110/38 200/93/38
f 200/93/38 198/95/38 214/111/38
f 198/95/38 225/104/38 214/111/38
f 209/112/38 214/111/38 225/104/38
f 210/78/38 209/112/38 225/104/38
f 224/79/38 210/78/38 225/104/38
f 193/82/38 227/81/38 226/103/38
f 226/103/38 194/105/38 193/82/38
f 230/87/38 192/85/38 191/107/38
f 191/107/38 231/106/38 230/87/38
f 232/88/38 230/87/38 229/90/38
f 182/113/38 232/88/38 229/90/38
f 229/90/38 185/89/38 182/113/38
f 183/114/38 182/113/38 185/89/38
f 185/89/38 184/115/38 183/114/38
f 220/116/38 219/75/38 207/74/38
f 210/78/38 223/77/38 220/116/38
f 221/54/38 220/116/38 223/77/38
f 223/77/38 227/81/38 221/54/38
f 227/81/38 239/83/38 221/54/38
f 238/52/38 221/54/38 239/83/38
f 234/59/38 237/58/38 236/84/38
f 236/84/38 235/86/38 234/59/38
f 181/64/38 233/62/38 232/88/38
f 232/88/38 182/113/38 181/64/38
f 177/76/38 176/117/38 175/61/38
f 214/111/38 209/112/38 208/72/38
f 210/78/38 220/116/38 207/74/38
f 208/72/38 211/70/38 214/111/38
f 218/109/38 213/110/38 212/69/38
f 212/69/38 215/68/38 218/109/38
f 216/67/38 204/57/38 217/56/38
f 254/118/38 252/119/38 255/120/38
f 252/119/38 254/118/38 253/121/38
f 250/122/38 249/123/38 248/124/38
f 248/124/38 251/125/38 250/122/38
f 260/126/38 259/127/38 261/128/38
f 263/129/38 265/31/38 264/130/38
f 259/127/38 285/131/38 261/128/38
f 246/132/38 245/133/38 244/30/38
f 244/30/38 247/134/38 246/132/38
f 267/135/38 282/136/38 268/137/38
f 282/136/38 267/135/38 266/138/38
f 269/139/38 271/140/38 270/141/38
f 271/140/38 269/139/38 268/137/38
f 272/67/38 281/142/38 273/143/38
f 274/144/38 276/145/38 275/146/38
f 256/147/38 278/148/38 283/149/38
f 278/148/38 277/150/38 283/149/38
f 277/150/38 276/145/38 283/149/38
f 280/151/38 283/149/38 276/145/38
f 281/142/38 280/151/38 276/145/38
f 273/143/38 281/142/38 276/145/38
f 276/145/38 274/144/38 273/143/38
f 258/98/38 257/152/38 256/147/38
f 286/27/38 258/98/38 256/147/38
f 256/147/38 283/149/38 286/27/38
f 283/149/38 280/151/38 279/153/38
f 271/140/38 268/137/38 281/142/38
f 281/142/38 272/67/38 271/140/38
f 285/131/38 259/127/38 258/98/38
f 258/98/38 286/27/38 285/131/38
f 283/149/38 279/153/38 284/154/38
f 279/153/38 282/136/38 263/129/38
f 282/136/38 266/138/38 263/129/38
f 265/31/38 263/129/38 266/138/38
f 284/154/38 279/153/38 263/129/38
f 262/155/38 261/128/38 285/131/38
f 285/131/38 284/154/38 262/155/38
f 263/129/38 262/155/38 284/154/38
f 268/137/38 282/136/38 281/142/38
f 311/59/38 310/106/38 307/53/38
f 289/45/38 288/71/38 287/30/38
f 305/67/38 312/58/38 306/75/38
f 311/59/38 307/53/38 306/75/38
f 306/75/38 312/58/38 311/59/38
f 297/85/38 290/40/38 287/30/38
f 289/45/38 287/30/38 290/40/38
f 295/92/38 294/114/38 293/66/38
f 299/95/38 302/74/38 301/57/38
f 301/57/38 300/108/38 299/95/38
f 313/49/38 299/95/38 298/100/38
f 307/53/38 310/106/38 309/91/38
f 309/91/38 308/104/38 307/53/38
f 305/67/38 304/110/38 303/78/38
f 303/78/38 302/74/38 305/67/38
f 312/58/38 305/67/38 302/74/38
f 302/74/38 299/95/38 312/58/38
f 299/95/38 313/49/38 312/58/38
f 287/30/38 314/27/38 297/85/38
f 313/49/38 298/100/38 297/85/38
f 290/40/38 297/85/38 296/98/38
f 291/60/38 290/40/38 296/98/38
f 296/98/38 293/66/38 291/60/38
f 293/66/38 292/76/38 291/60/38
f 293/66/38 296/98/38 295/92/38
f 313/49/38 297/85/38 314/27/38
f 317/67/38 316/98/38 315/30/38
f 315/30/38 318/27/38 317/67/38
f 332/156/38 331/157/38 330/158/38
f 330/158/38 333/159/38 332/156/38
f 324/160/38 323/161/38 334/162/38
f 337/163/38 334/162/38 323/161/38
f 323/161/38 340/164/38 337/163/38
f 338/165/38 337/163/38 340/164/38
f 330/158/38 329/166/38 328/167/38
f 328/167/38 327/168/38 330/158/38
f 333/159/38 330/158/38 327/168/38
f 327/168/38 324/160/38 333/159/38
f 324/160/38 334/162/38 333/159/38
f 336/169/38 335/170/38 334/162/38
f 334/162/38 337/163/38 336/169/38
f 344/171/38 343/172/38 346/173/38
f 346/173/38 345/174/38 344/171/38
f 320/175/38 319/30/38 321/176/38
f 322/177/38 321/176/38 347/178/38
f 348/27/38 347/178/38 321/176/38
f 321/176/38 319/30/38 348/27/38
f 343/172/38 342/179/38 322/177/38
f 346/173/38 343/172/38 322/177/38
f 322/177/38 347/178/38 346/173/38
f 324/160/38 327/168/38 326/180/38
f 326/180/38 325/181/38 324/160/38
f 340/164/38 323/161/38 342/179/38
f 342/179/38 341/182/38 340/164/38
f 338/165/38 340/164/38 339/183/38
f 342/179/38 323/161/38 322/177/38
f 351/66/38 350/40/38 349/30/38
f 349/30/38 352/98/38 351/66/38
f 353/95/38 358/27/38 357/59/38
f 355/67/38 357/59/38 356/104/38
f 353/95/38 357/59/38 354/74/38
f 357/59/38 355/67/38 354/74/38
f 380/27/38 379/154/38 378/136/38
f 376/148/38 375/145/38 378/136/38
f 375/145/38 359/30/38 378/136/38
f 359/30/38 362/122/38 360/132/38
f 363/119/38 362/122/38 359/30/38
f 376/148/38 378/136/38 377/151/38
f 361/124/38 360/132/38 362/122/38
f 367/126/38 366/98/38 372/141/38
f 372/141/38 366/98/38 365/147/38
f 369/130/38 371/137/38 370/138/38
f 374/144/38 373/67/38 372/141/38
f 367/126/38 372/141/38 371/137/38
f 371/137/38 369/130/38 367/126/38
f 374/144/38 372/141/38 375/145/38
f 359/30/38 375/145/38 372/141/38
f 372/141/38 365/147/38 359/30/38
f 365/147/38 364/118/38 359/30/38
f 363/119/38 359/30/38 364/118/38
f 369/130/38 368/155/38 367/126/38
f 378/136/38 359/30/38 380/27/38
f 391/184/38 390/185/38 392/27/38
f 381/30/38 383/186/38 382/187/38
f 387/188/38 389/189/38 388/190/38
f 385/191/38 384/192/38 386/193/38
f 392/27/38 390/185/38 389/189/38
f 389/189/38 387/188/38 392/27/38
f 381/30/38 392/27/38 387/188/38
f 387/188/38 386/193/38 381/30/38
f 383/186/38 381/30/38 386/193/38
f 386/193/38 384/192/38 383/186/38
f 395/125/38 394/194/38 396/195/38
f 396/195/38 394/194/38 404/196/38
f 400/197/38 403/153/38 402/198/38
f 402/198/38 401/67/38 400/197/38
f 404/196/38 394/194/38 393/30/38
f 393/30/38 405/27/38 404/196/38
f 396/195/38 404/196/38 403/153/38
f 397/98/38 396/195/38 403/153/38
f 403/153/38 400/197/38 397/98/38
f 400/197/38 399/31/38 397/98/38
f 398/199/38 397/98/38 399/31/38
f 424/200/38 425/27/38 413/201/38
f 414/202/38 413/201/38 425/27/38
f 425/27/38 422/203/38 414/202/38
f 422/203/38 423/204/38 414/202/38
f 412/205/38 411/206/38 418/207/38
f 410/208/38 418/207/38 411/206/38
f 417/209/38 416/210/38 412/205/38
f 412/205/38 418/207/38 417/209/38
f 406/30/38 421/211/38 418/207/38
f 418/207/38 410/208/38 406/30/38
f 410/208/38 409/212/38 406/30/38
f 412/205/38 416/210/38 413/201/38
f 424/200/38 413/201/38 416/210/38
f 423/204/38 424/200/38 416/210/38
f 416/210/38 415/213/38 423/204/38
f 408/214/38 407/215/38 406/30/38
f 406/30/38 409/212/38 408/214/38
f 423/204/38 415/213/38 414/202/38
f 418/207/38 421/211/38 419/216/38
f 420/217/38 419/216/38 421/211/38
f 441/198/38 440/35/38 446/27/38
f 446/27/38 440/35/38 439/218/38
f 439/218/38 443/219/38 446/27/38
f 441/198/38 446/27/38 445/220/38
f 432/33/38 435/221/38 434/32/38
f 434/32/38 433/222/38 432/33/38
f 426/30/38 442/34/38 435/221/38
f 429/223/38 426/30/38 435/221/38
f 435/221/38 432/33/38 429/223/38
f 430/36/38 429/223/38 432/33/38
f 432/33/38 431/195/38 430/36/38
f 439/218/38 438/29/38 437/224/38
f 437/224/38 436/31/38 439/218/38
f 443/219/38 439/218/38 436/31/38
f 444/28/38 443/219/38 436/31/38
f 436/31/38 435/221/38 444/28/38
f 435/221/38 442/34/38 444/28/38
f 445/220/38 444/28/38 442/34/38
f 426/30/38 429/223/38 428/37/38
f 441/198/38 445/220/38 442/34/38
f 428/37/38 427/225/38 426/30/38
f 449/32/38 448/36/38 451/34/38
f 451/34/38 448/36/38 447/30/38
f 447/30/38 452/27/38 451/34/38
f 449/32/38 451/34/38 450/29/38
f 485/226/38 487/227/38 486/29/38
f 484/228/38 488/190/38 485/226/38
f 487/227/38 485/226/38 488/190/38
f 491/229/38 490/230/38 489/231/38
f 489/231/38 492/232/38 491/229/38
f 471/233/38 470/234/38 469/235/38
f 469/235/38 472/236/38 471/233/38
f 479/237/38 482/238/38 481/239/38
f 498/185/38 497/34/38 453/30/38
f 479/237/38 481/239/38 480/240/38
f 475/32/38 478/193/38 477/241/38
f 477/241/38 476/242/38 475/32/38
f 483/188/38 482/238/38 484/228/38
f 488/190/38 484/228/38 482/238/38
f 489/231/38 488/190/38 482/238/38
f 492/232/38 489/231/38 482/238/38
f 482/238/38 479/237/38 492/232/38
f 469/235/38 492/232/38 479/237/38
f 479/237/38 478/193/38 469/235/38
f 472/236/38 469/235/38 478/193/38
f 478/193/38 475/32/38 472/236/38
f 473/191/38 472/236/38 475/32/38
f 475/32/38 474/243/38 473/191/38
f 465/244/38 464/36/38 467/245/38
f 499/246/38 467/245/38 464/36/38
f 465/244/38 467/245/38 466/247/38
f 498/185/38 468/192/38 467/245/38
f 467/245/38 499/246/38 498/185/38
f 494/248/38 497/34/38 500/249/38
f 500/249/38 495/250/38 494/248/38
f 457/251/38 493/189/38 496/252/38
f 463/186/38 501/253/38 504/254/38
f 508/27/38 503/184/38 502/255/38
f 461/256/38 460/257/38 505/258/38
f 460/257/38 459/259/38 505/258/38
f 506/260/38 505/258/38 459/259/38
f 458/187/38 506/260/38 459/259/38
f 501/253/38 463/186/38 462/261/38
f 502/255/38 501/253/38 462/261/38
f 462/261/38 461/256/38 502/255/38
f 461/256/38 505/258/38 502/255/38
f 508/27/38 502/255/38 505/258/38
f 506/260/38 458/187/38 507/262/38
f 463/186/38 504/254/38 464/36/38
f 499/246/38 464/36/38 504/254/38
f 500/249/38 499/246/38 504/254/38
f 504/254/38 503/184/38 500/249/38
f 495/250/38 500/249/38 503/184/38
f 503/184/38 508/27/38 495/250/38
f 496/252/38 495/250/38 508/27/38
f 508/27/38 507/262/38 496/252/38
f 457/251/38 496/252/38 507/262/38
f 507/262/38 458/187/38 457/251/38
f 468/192/38 498/185/38 453/30/38
f 493/189/38 457/251/38 456/263/38
f 494/248/38 493/189/38 456/263/38
f 455/264/38 454/265/38 497/34/38
f 454/265/38 453/30/38 497/34/38
f 497/34/38 494/248/38 455/264/38
f 456/263/38 455/264/38 494/248/38
f 511/266/38 510/267/38 509/30/38
f 538/268/38 535/269/38 539/184/38
f 509/30/38 539/184/38 535/269/38
f 511/266/38 509/30/38 512/187/38
f 526/270/38 534/271/38 533/189/38
f 526/270/38 533/189/38 541/272/38
f 509/30/38 535/269/38 534/271/38
f 512/187/38 509/30/38 534/271/38
f 534/271/38 526/270/38 512/187/38
f 526/270/38 525/273/38 512/187/38
f 525/273/38 522/274/38 512/187/38
f 522/274/38 521/191/38 512/187/38
f 513/275/38 512/187/38 521/191/38
f 521/191/38 518/192/38 513/275/38
f 518/192/38 517/276/38 513/275/38
f 517/276/38 514/277/38 513/275/38
f 530/190/38 529/278/38 542/27/38
f 540/279/38 541/272/38 533/189/38
f 532/280/38 530/190/38 540/279/38
f 530/190/38 542/27/38 540/279/38
f 516/281/38 515/186/38 514/277/38
f 530/190/38 532/280/38 531/67/38
f 528/282/38 527/188/38 529/278/38
f 524/193/38 523/283/38 522/274/38
f 520/98/38 519/284/38 518/192/38
f 535/269/38 538/268/38 537/285/38
f 537/285/38 536/185/38 535/269/38
f 514/277/38 517/276/38 516/281/38
f 518/192/38 521/191/38 520/98/38
f 522/274/38 525/273/38 524/193/38
f 542/27/38 529/278/38 527/188/38
f 527/188/38 526/270/38 541/272/38
f 541/272/38 542/27/38 527/188/38
f 532/280/38 540/279/38 533/189/38
f 553/27/39 549/29/39 552/28/39
f 553/27/39 543/30/39 549/29/39
f 548/31/39 549/29/39 543/30/39
f 547/32/39 548/31/39 546/33/39
f 543/30/39 546/33/39 548/31/39
f 549/29/39 551/34/39 552/28/39
f 551/34/39 549/29/39 550/35/39
f 545/36/39 543/30/39 544/37/39
f 543/30/39 545/36/39 546/33/39
f 556/32/39 558/34/39 555/36/39
f 558/34/39 554/30/39 555/36/39
f 554/30/39 558/34/39 559/27/39
f 556/32/39 557/29/39 558/34/39
f 562/38/39 560/30/39 561/39/39
f 569/40/39 567/42/39 568/41/39
f 567/42/39 569/40/39 570/43/39
f 640/44/39 565/46/39 566/45/39
f 565/46/39 640/44/39 641/27/39
f 571/47/39 638/49/39 639/48/39
f 560/30/39 603/51/39 604/50/39
f 566/45/39 567/42/39 640/44/39
f 570/43/39 640/44/39 567/42/39
f 640/44/39 570/43/39 639/48/39
f 639/48/39 570/43/39 571/47/39
f 636/52/39 619/54/39 620/53/39
f 601/55/39 602/57/39 615/56/39
f 635/58/39 572/60/39 632/59/39
f 573/61/39 632/59/39 572/60/39
f 632/59/39 573/61/39 631/62/39
f 576/63/39 631/62/39 573/61/39
f 631/62/39 576/63/39 579/64/39
f 577/65/39 579/64/39 576/63/39
f 579/64/39 577/65/39 578/66/39
f 602/57/39 603/51/39 614/67/39
f 560/30/39 614/67/39 603/51/39
f 614/67/39 560/30/39 613/68/39
f 613/68/39 560/30/39 610/69/39
f 562/38/39 610/69/39 560/30/39
f 610/69/39 562/38/39 609/70/39
f 563/71/39 609/70/39 562/38/39
f 609/70/39 563/71/39 606/72/39
f 564/73/39 606/72/39 563/71/39
f 606/72/39 564/73/39 605/74/39
f 565/46/39 605/74/39 564/73/39
f 605/74/39 565/46/39 617/75/39
f 617/75/39 565/46/39 620/53/39
f 641/27/39 620/53/39 565/46/39
f 620/53/39 641/27/39 636/52/39
f 638/49/39 636/52/39 641/27/39
f 636/52/39 638/49/39 635/58/39
f 635/58/39 638/49/39 572/60/39
f 571/47/39 572/60/39 638/49/39
f 573/61/39 575/76/39 576/63/39
f 621/77/39 622/79/39 608/78/39
f 615/56/39 600/80/39 601/55/39
f 625/81/39 637/83/39 591/82/39
f 634/84/39 591/82/39 637/83/39
f 591/82/39 634/84/39 590/85/39
f 633/86/39 590/85/39 634/84/39
f 590/85/39 633/86/39 628/87/39
f 630/88/39 628/87/39 633/86/39
f 583/89/39 626/91/39 627/90/39
f 626/91/39 583/89/39 584/92/39
f 598/93/39 596/95/39 597/94/39
f 585/96/39 587/98/39 588/97/39
f 587/98/39 585/96/39 586/99/39
f 593/100/39 595/101/39 596/95/39
f 595/101/39 593/100/39 594/102/39
f 624/103/39 596/95/39 623/104/39
f 592/105/39 596/95/39 624/103/39
f 596/95/39 592/105/39 593/100/39
f 629/106/39 588/97/39 589/107/39
f 626/91/39 588/97/39 629/106/39
f 588/97/39 626/91/39 585/96/39
f 584/92/39 585/96/39 626/91/39
f 599/108/39 600/80/39 598/93/39
f 615/56/39 598/93/39 600/80/39
f 616/109/39 598/93/39 615/56/39
f 611/110/39 598/93/39 616/109/39
f 612/111/39 598/93/39 611/110/39
f 598/93/39 612/111/39 596/95/39
f 596/95/39 612/111/39 623/104/39
f 607/112/39 623/104/39 612/111/39
f 608/78/39 623/104/39 607/112/39
f 622/79/39 623/104/39 608/78/39
f 591/82/39 624/103/39 625/81/39
f 624/103/39 591/82/39 592/105/39
f 628/87/39 589/107/39 590/85/39
f 589/107/39 628/87/39 629/106/39
f 630/88/39 627/90/39 628/87/39
f 580/113/39 627/90/39 630/88/39
f 627/90/39 580/113/39 583/89/39
f 581/114/39 583/89/39 580/113/39
f 583/89/39 581/114/39 582/115/39
f 618/116/39 605/74/39 617/75/39
f 608/78/39 618/116/39 621/77/39
f 619/54/39 621/77/39 618/116/39
f 621/77/39 619/54/39 625/81/39
f 625/81/39 619/54/39 637/83/39
f 636/52/39 637/83/39 619/54/39
f 632/59/39 634/84/39 635/58/39
f 634/84/39 632/59/39 633/86/39
f 579/64/39 630/88/39 631/62/39
f 630/88/39 579/64/39 580/113/39
f 575/76/39 573/61/39 574/117/39
f 612/111/39 606/72/39 607/112/39
f 608/78/39 605/74/39 618/116/39
f 606/72/39 612/111/39 609/70/39
f 616/109/39 610/69/39 611/110/39
f 610/69/39 616/109/39 613/68/39
f 614/67/39 615/56/39 602/57/39
f 652/118/39 653/120/39 650/119/39
f 650/119/39 651/121/39 652/118/39
f 648/122/39 646/124/39 647/123/39
f 646/124/39 648/122/39 649/125/39
f 658/126/39 659/128/39 657/127/39
f 661/129/39 662/130/39 663/31/39
f 657/127/39 659/128/39 683/131/39
f 644/132/39 642/30/39 643/133/39
f 642/30/39 644/132/39 645/134/39
f 665/135/39 666/137/39 680/136/39
f 680/136/39 664/138/39 665/135/39
f 667/139/39 668/141/39 669/140/39
f 669/140/39 666/137/39 667/139/39
f 670/67/39 671/143/39 679/142/39
f 672/144/39 673/146/39 674/145/39
f 654/147/39 681/149/39 676/148/39
f 676/148/39 681/149/39 675/150/39
f 675/150/39 681/149/39 674/145/39
f 678/151/39 674/145/39 681/149/39
f 679/142/39 674/145/39 678/151/39
f 671/143/39 674/145/39 679/142/39
f 674/145/39 671/143/39 672/144/39
f 656/98/39 654/147/39 655/152/39
f 684/27/39 654/147/39 656/98/39
f 654/147/39 684/27/39 681/149/39
f 681/149/39 677/153/39 678/151/39
f 669/140/39 679/142/39 666/137/39
f 679/142/39 669/140/39 670/67/39
f 683/131/39 656/98/39 657/127/39
f 656/98/39 683/131/39 684/27/39
f 681/149/39 682/154/39 677/153/39
f 677/153/39 661/129/39 680/136/39
f 680/136/39 661/129/39 664/138/39
f 663/31/39 664/138/39 661/129/39
f 682/154/39 661/129/39 677/153/39
f 660/155/39 683/131/39 659/128/39
f 683/131/39 660/155/39 682/154/39
f 661/129/39 682/154/39 660/155/39
f 666/137/39 679/142/39 680/136/39
f 709/59/39 705/53/39 708/106/39
f 687/45/39 685/30/39 686/71/39
f 703/67/39 704/75/39 710/58/39
f 709/59/39 704/75/39 705/53/39
f 704/75/39 709/59/39 710/58/39
f 695/85/39 685/30/39 688/40/39
f 687/45/39 688/40/39 685/30/39
f 693/92/39 691/66/39 692/114/39
f 697/95/39 699/57/39 700/74/39
f 699/57/39 697/95/39 698/108/39
f 711/49/39 696/100/39 697/95/39
f 705/53/39 707/91/39 708/106/39
f 707/91/39 705/53/39 706/104/39
f 703/67/39 701/78/39 702/110/39
f 701/78/39 703/67/39 700/74/39
f 710/58/39 700/74/39 703/67/39
f 700/74/39 710/58/39 697/95/39
f 697/95/39 710/58/39 711/49/39
f 685/30/39 695/85/39 712/27/39
f 711/49/39 695/85/39 696/100/39
f 688/40/39 694/98/39 695/85/39
f 689/60/39 694/98/39 688/40/39
f 694/98/39 689/60/39 691/66/39
f 691/66/39 689/60/39 690/76/39
f 691/66/39 693/92/39 694/98/39
f 711/49/39 712/27/39 695/85/39
f 715/67/39 713/30/39 714/98/39
f 713/30/39 715/67/39 716/27/39
f 730/156/39 728/158/39 729/157/39
f 728/158/39 730/156/39 731/159/39
f 722/160/39 732/162/39 721/161/39
f 735/163/39 721/161/39 732/162/39
f 721/161/39 735/163/39 738/164/39
f 736/165/39 738/164/39 735/163/39
f 728/158/39 726/167/39 727/166/39
f 726/167/39 728/158/39 725/168/39
f 731/159/39 725/168/39 728/158/39
f 725/168/39 731/159/39 722/160/39
f 722/160/39 731/159/39 732/162/39
f 734/169/39 732/162/39 733/170/39
f 732/162/39 734/169/39 735/163/39
f 742/171/39 744/173/39 741/172/39
f 744/173/39 742/171/39 743/174/39
f 718/175/39 719/176/39 717/30/39
f 720/177/39 745/178/39 719/176/39
f 746/27/39 719/176/39 745/178/39
f 719/176/39 746/27/39 717/30/39
f 741/172/39 720/177/39 740/179/39
f 744/173/39 720/177/39 741/172/39
f 720/177/39 744/173/39 745/178/39
f 722/160/39 724/180/39 725/168/39
f 724/180/39 722/160/39 723/181/39
f 738/164/39 740/179/39 721/161/39
f 740/179/39 738/164/39 739/182/39
f 736/165/39 737/183/39 738/164/39
f 740/179/39 720/177/39 721/161/39
f 749/66/39 747/30/39 748/40/39
f 747/30/39 749/66/39 750/98/39
f 751/95/39 755/59/39 756/27/39
f 753/67/39 754/104/39 755/59/39
f 751/95/39 752/74/39 755/59/39
f 755/59/39 752/74/39 753/67/39
f 778/27/39 776/136/39 777/154/39
f 774/148/39 776/136/39 773/145/39
f 773/145/39 776/136/39 757/30/39
f 757/30/39 758/132/39 760/122/39
f 761/119/39 757/30/39 760/122/39
f 774/148/39 775/151/39 776/136/39
f 759/124/39 760/122/39 758/132/39
f 765/126/39 770/141/39 764/98/39
f 770/141/39 763/147/39 764/98/39
f 767/130/39 768/138/39 769/137/39
f 772/144/39 770/141/39 771/67/39
f 765/126/39 769/137/39 770/141/39
f 769/137/39 765/126/39 767/130/39
f 772/144/39 773/145/39 770/141/39
f 757/30/39 770/141/39 773/145/39
f 770/141/39 757/30/39 763/147/39
f 763/147/39 757/30/39 762/118/39
f 761/119/39 762/118/39 757/30/39
f 767/130/39 765/126/39 766/155/39
f 776/136/39 778/27/39 757/30/39
f 789/184/39 790/27/39 788/185/39
f 779/30/39 780/187/39 781/186/39
f 785/188/39 786/190/39 787/189/39
f 783/191/39 784/193/39 782/192/39
f 790/27/39 787/189/39 788/185/39
f 787/189/39 790/27/39 785/188/39
f 779/30/39 785/188/39 790/27/39
f 785/188/39 779/30/39 784/193/39
f 781/186/39 784/193/39 779/30/39
f 784/193/39 781/186/39 782/192/39
f 793/125/39 794/195/39 792/194/39
f 794/195/39 802/196/39 792/194/39
f 798/197/39 800/198/39 801/153/39
f 800/198/39 798/197/39 799/67/39
f 802/196/39 791/30/39 792/194/39
f 791/30/39 802/196/39 803/27/39
f 794/195/39 801/153/39 802/196/39
f 795/98/39 801/153/39 794/195/39
f 801/153/39 795/98/39 798/197/39
f 798/197/39 795/98/39 797/31/39
f 796/199/39 797/31/39 795/98/39
f 822/200/39 811/201/39 823/27/39
f 812/202/39 823/27/39 811/201/39
f 823/27/39 812/202/39 820/203/39
f 820/203/39 812/202/39 821/204/39
f 810/205/39 816/207/39 809/206/39
f 808/208/39 809/206/39 816/207/39
f 815/209/39 810/205/39 814/210/39
f 810/205/39 815/209/39 816/207/39
f 804/30/39 816/207/39 819/211/39
f 816/207/39 804/30/39 808/208/39
f 808/208/39 804/30/39 807/212/39
f 810/205/39 811/201/39 814/210/39
f 822/200/39 814/210/39 811/201/39
f 821/204/39 814/210/39 822/200/39
f 814/210/39 821/204/39 813/213/39
f 806/214/39 804/30/39 805/215/39
f 804/30/39 806/214/39 807/212/39
f 821/204/39 812/202/39 813/213/39
f 816/207/39 817/216/39 819/211/39
f 818/217/39 819/211/39 817/216/39
f 839/198/39 844/27/39 838/35/39
f 844/27/39 837/218/39 838/35/39
f 837/218/39 844/27/39 841/219/39
f 839/198/39 843/220/39 844/27/39
f 830/33/39 832/32/39 833/221/39
f 832/32/39 830/33/39 831/222/39
f 824/30/39 833/221/39 840/34/39
f 827/223/39 833/221/39 824/30/39
f 833/221/39 827/223/39 830/33/39
f 828/36/39 830/33/39 827/223/39
f 830/33/39 828/36/39 829/195/39
f 837/218/39 835/224/39 836/29/39
f 835/224/39 837/218/39 834/31/39
f 841/219/39 834/31/39 837/218/39
f 842/28/39 834/31/39 841/219/39
f 834/31/39 842/28/39 833/221/39
f 833/221/39 842/28/39 840/34/39
f 843/220/39 840/34/39 842/28/39
f 824/30/39 826/37/39 827/223/39
f 839/198/39 840/34/39 843/220/39
f 826/37/39 824/30/39 825/225/39
f 847/32/39 849/34/39 846/36/39
f 849/34/39 845/30/39 846/36/39
f 845/30/39 849/34/39 850/27/39
f 847/32/39 848/29/39 849/34/39
f 883/226/39 884/29/39 885/227/39
f 882/228/39 883/226/39 886/190/39
f 885/227/39 886/190/39 883/226/39
f 889/229/39 887/231/39 888/230/39
f 887/231/39 889/229/39 890/232/39
f 869/233/39 867/235/39 868/234/39
f 867/235/39 869/233/39 870/236/39
f 877/237/39 879/239/39 880/238/39
f 896/185/39 851/30/39 895/34/39
f 877/237/39 878/240/39 879/239/39
f 873/32/39 875/241/39 876/193/39
f 875/241/39 873/32/39 874/242/39
f 881/188/39 882/228/39 880/238/39
f 886/190/39 880/238/39 882/228/39
f 887/231/39 880/238/39 886/190/39
f 890/232/39 880/238/39 887/231/39
f 880/238/39 890/232/39 877/237/39
f 867/235/39 877/237/39 890/232/39
f 877/237/39 867/235/39 876/193/39
f 870/236/39 876/193/39 867/235/39
f 876/193/39 870/236/39 873/32/39
f 871/191/39 873/32/39 870/236/39
f 873/32/39 871/191/39 872/243/39
f 863/244/39 865/245/39 862/36/39
f 897/246/39 862/36/39 865/245/39
f 863/244/39 864/247/39 865/245/39
f 896/185/39 865/245/39 866/192/39
f 865/245/39 896/185/39 897/246/39
f 892/248/39 898/249/39 895/34/39
f 898/249/39 892/248/39 893/250/39
f 855/251/39 894/252/39 891/189/39
f 861/186/39 902/254/39 899/253/39
f 906/27/39 900/255/39 901/184/39
f 859/256/39 903/258/39 858/257/39
f 858/257/39 903/258/39 857/259/39
f 904/260/39 857/259/39 903/258/39
f 856/187/39 857/259/39 904/260/39
f 899/253/39 860/261/39 861/186/39
f 900/255/39 860/261/39 899/253/39
f 860/261/39 900/255/39 859/256/39
f 859/256/39 900/255/39 903/258/39
f 906/27/39 903/258/39 900/255/39
f 904/260/39 905/262/39 856/187/39
f 861/186/39 862/36/39 902/254/39
f 897/246/39 902/254/39 862/36/39
f 898/249/39 902/254/39 897/246/39
f 902/254/39 898/249/39 901/184/39
f 893/250/39 901/184/39 898/249/39
f 901/184/39 893/250/39 906/27/39
f 894/252/39 906/27/39 893/250/39
f 906/27/39 894/252/39 905/262/39
f 855/251/39 905/262/39 894/252/39
f 905/262/39 855/251/39 856/187/39
f 866/192/39 851/30/39 896/185/39
f 891/189/39 854/263/39 855/251/39
f 892/248/39 854/263/39 891/189/39
f 853/264/39 895/34/39 852/265/39
f 852/265/39 895/34/39 851/30/39
f 895/34/39 853/264/39 892/248/39
f 854/263/39 892/248/39 853/264/39
f 909/266/39 907/30/39 908/267/39
f 936/268/39 937/184/39 933/269/39
f 907/30/39 933/269/39 937/184/39
f 909/266/39 910/187/39 907/30/39
f 924/270/39 931/189/39 932/271/39
f 924/270/39 939/272/39 931/189/39
f 907/30/39 932/271/39 933/269/39
f 910/187/39 932/271/39 907/30/39
f 932/271/39 910/187/39 924/270/39
f 924/270/39 910/187/39 923/273/39
f 923/273/39 910/187/39 920/274/39
f 920/274/39 910/187/39 919/191/39
f 911/275/39 919/191/39 910/187/39
f 919/191/39 911/275/39 916/192/39
f 916/192/39 911/275/39 915/276/39
f 915/276/39 911/275/39 912/277/39
f 928/190/39 940/27/39 927/278/39
f 938/279/39 931/189/39 939/272/39
f 930/280/39 938/279/39 928/190/39
f 928/190/39 938/279/39 940/27/39
f 914/281/39 912/277/39 913/186/39
f 928/190/39 929/67/39 930/280/39
f 926/282/39 927/278/39 925/188/39
f 922/193/39 920/274/39 921/283/39
f 918/98/39 916/192/39 917/284/39
f 933/269/39 935/285/39 936/268/39
f 935/285/39 933/269/39 934/185/39
f 912/277/39 914/281/39 915/276/39
f 916/192/39 918/98/39 919/191/39
f 920/274/39 922/193/39 923/273/39
f 940/27/39 925/188/39 927/278/39
f 925/188/39 939/272/39 924/270/39
f 939/272/39 925/188/39 940/27/39
f 930/280/39 931/189/39 938/279/39
f 944/286/40 941/30/41 942/287/41
f 946/288/42 943/289/40 944/286/40
f 948/290/43 945/291/44 946/288/42
f 950/292/43 947/293/45 948/290/43
f 952/294/46 949/295/43 950/292/43
f 954/296/47 951/297/46 952/294/46
f 956/298/48 953/299/49 954/296/47
f 958/300/50 955/301/48 956/298/48
f 960/302/51 957/303/52 958/300/50
f 962/304/47 959/305/53 960/302/51
f 964/306/48 961/307/49 962/304/47
f 966/308/52 963/309/54 964/306/48
f 968/310/53 965/311/52 966/308/52
f 970/312/47 967/313/51 968/310/53
f 972/314/55 969/315/47 970/312/47
f 974/316/48 971/317/48 972/314/55
f 976/318/49 973/319/48 974/316/48
f 978/320/47 975/321/47 976/318/49
f 980/322/48 977/323/49 978/320/47
f 982/324/56 979/325/48 980/322/48
f 984/326/57 981/327/56 982/324/56
f 986/328/58 983/329/57 984/326/57
f 988/330/59 985/331/60 986/328/58
f 990/332/59 987/333/59 988/330/59
f 992/334/48 989/335/59 990/332/59
f 994/336/47 991/337/55 992/334/48
f 996/338/47 993/339/47 994/336/47
f 998/340/61 995/341/49 996/338/47
f 1000/342/62 997/343/48 998/340/61
f 1002/344/41 999/345/62 1000/342/62
f 942/346/41 1001/347/40 1002/344/41
f 1006/348/63 1003/30/64 1004/287/64
f 1008/349/65 1005/98/66 1006/348/63
f 1004/346/64 1007/67/67 1008/349/65
f 1012/350/68 1009/30/62 1010/287/62
f 1014/351/69 1011/352/70 1012/350/68
f 1016/353/46 1013/354/69 1014/351/69
f 1018/355/46 1015/356/46 1016/353/46
f 1020/357/46 1017/195/46 1018/355/46
f 1022/358/46 1019/359/46 1020/357/46
f 1024/360/71 1021/361/46 1022/358/46
f 1026/362/72 1023/363/71 1024/360/71
f 1028/364/62 1025/31/73 1026/362/72
f 1030/365/62 1027/366/62 1028/364/62
f 1032/367/74 1029/368/62 1030/365/62
f 1034/369/75 1031/370/75 1032/367/74
f 1036/371/76 1033/198/77 1034/369/75
f 1038/372/78 1035/373/78 1036/371/76
f 1040/374/62 1037/375/78 1038/372/78
f 1010/346/62 1039/376/62 1040/374/62
f 1044/377/41 1041/30/79 1042/287/79
f 1046/378/80 1043/379/41 1044/377/41
f 1048/351/81 1045/194/44 1046/378/80
f 1050/380/81 1047/354/82 1048/351/81
f 1052/381/53 1049/125/82 1050/380/81
f 1054/355/83 1051/382/84 1052/381/53
f 1056/383/47 1053/195/53 1054/355/83
f 1058/348/61 1055/384/85 1056/383/47
f 1060/358/86 1057/98/55 1058/348/61
f 1062/385/87 1059/361/86 1060/358/86
f 1064/386/88 1061/199/87 1062/385/87
f 1066/362/89 1063/387/88 1064/386/88
f 1068/388/90 1065/31/91 1066/362/89
f 1070/389/86 1067/390/92 1068/388/90
f 1072/365/62 1069/197/93 1070/389/86
f 1074/349/62 1071/368/62 1072/365/62
f 1076/391/40 1073/67/62 1074/349/62
f 1078/369/44 1075/392/40 1076/391/40
f 1080/393/94 1077/198/80 1078/369/44
f 1082/394/95 1079/395/94 1080/393/94
f 1084/372/96 1081/153/97 1082/394/95
f 1086/396/98 1083/375/99 1084/372/96
f 1088/397/100 1085/196/101 1086/396/98
f 1042/346/79 1087/398/100 1088/397/100
f 1092/355/102 1089/30/103 1090/287/103
f 1094/362/104 1091/195/102 1092/355/102
f 1096/369/105 1093/31/106 1094/362/104
f 1090/346/103 1095/198/105 1096/369/105
f 1100/355/107 1097/30/108 1098/287/108
f 1102/362/109 1099/195/110 1100/355/107
f 1104/369/111 1101/31/109 1102/362/109
f 1098/346/108 1103/198/68 1104/369/111
f 1108/355/111 1105/30/109 1106/287/109
f 1110/362/108 1107/195/68 1108/355/111
f 1112/369/107 1109/31/108 1110/362/108
f 1106/346/109 1111/198/112 1112/369/107
f 1116/355/113 1113/30/114 1114/287/114
f 1118/362/115 1115/195/113 1116/355/113
f 1120/369/116 1117/31/117 1118/362/115
f 1114/346/114 1119/198/116 1120/369/116
f 1124/380/118 1121/30/119 1122/287/120
f 1126/348/121 1123/125/122 1124/380/118
f 1128/362/123 1125/98/121 1126/348/121
f 1130/349/123 1127/31/124 1128/362/123
f 1132/394/125 1129/67/124 1130/349/123
f 1122/346/120 1131/153/126 1132/394/125
f 1136/399/127 1133/30/128 1134/287/129
f 1138/400/130 1135/401/127 1136/399/127
f 1140/402/131 1137/403/132 1138/400/130
f 1142/404/133 1139/405/131 1140/402/131
f 1144/406/134 1141/407/133 1142/404/133
f 1146/408/123 1143/409/123 1144/406/134
f 1148/410/135 1145/411/136 1146/408/123
f 1150/412/119 1147/413/126 1148/410/135
f 1152/414/137 1149/415/119 1150/412/119
f 1154/416/138 1151/417/139 1152/414/137
f 1156/418/140 1153/419/138 1154/416/138
f 1158/420/141 1155/421/142 1156/418/140
f 1160/422/141 1157/423/143 1158/420/141
f 1162/424/144 1159/425/145 1160/422/141
f 1164/426/146 1161/427/144 1162/424/144
f 1166/428/147 1163/429/148 1164/426/146
f 1134/346/129 1165/430/147 1166/428/147
f 1170/355/149 1167/30/150 1168/287/150
f 1172/362/151 1169/195/149 1170/355/149
f 1174/369/152 1171/31/153 1172/362/151
f 1168/346/150 1173/198/152 1174/369/152
f 1178/350/127 1175/30/154 1176/287/154
f 1180/351/130 1177/352/155 1178/350/127
f 1182/353/156 1179/354/130 1180/351/130
f 1184/355/156 1181/356/156 1182/353/156
f 1186/357/157 1183/195/158 1184/355/156
f 1188/358/137 1185/359/157 1186/357/157
f 1190/360/159 1187/361/160 1188/358/137
f 1192/362/161 1189/363/159 1190/360/159
f 1194/364/162 1191/31/161 1192/362/161
f 1196/365/162 1193/366/163 1194/364/162
f 1198/367/164 1195/368/162 1196/365/162
f 1200/369/165 1197/370/166 1198/367/164
f 1202/371/167 1199/198/168 1200/369/165
f 1204/372/169 1201/373/170 1202/371/167
f 1206/374/171 1203/375/172 1204/372/169
f 1176/346/154 1205/376/173 1206/374/171
f 1210/355/162 1207/30/174 1208/287/175
f 1212/362/75 1209/195/162 1210/355/162
f 1214/369/176 1211/31/75 1212/362/75
f 1208/346/175 1213/198/177 1214/369/176
f 1218/431/113 1215/30/119 1216/287/119
f 1220/432/69 1217/433/113 1218/431/113
f 1222/434/178 1219/435/179 1220/432/69
f 1224/436/180 1221/437/181 1222/434/178
f 1226/438/182 1223/439/183 1224/436/180
f 1228/440/184 1225/441/185 1226/438/182
f 1230/442/186 1227/443/187 1228/440/184
f 1232/444/188 1229/445/186 1230/442/186
f 1234/446/189 1231/447/190 1232/444/188
f 1236/448/189 1233/449/189 1234/446/189
f 1238/450/126 1235/451/191 1236/448/189
f 1240/452/126 1237/453/126 1238/450/126
f 1216/346/119 1239/454/126 1240/452/126
f 1244/378/41 1241/30/170 1242/287/170
f 1246/380/44 1243/194/40 1244/378/41
f 1248/355/49 1245/125/80 1246/380/44
f 1250/348/48 1247/195/49 1248/355/49
f 1252/385/72 1249/98/54 1250/348/48
f 1254/362/102 1251/199/192 1252/385/72
f 1256/389/49 1253/31/193 1254/362/102
f 1258/349/48 1255/197/49 1256/389/49
f 1260/369/41 1257/67/48 1258/349/48
f 1262/394/194 1259/198/41 1260/369/41
f 1264/396/172 1261/153/80 1262/394/194
f 1242/346/170 1263/196/169 1264/396/172
f 1268/455/40 1265/30/195 1266/287/196
f 1270/456/44 1267/457/40 1268/455/40
f 1272/458/197 1269/187/44 1270/456/44
f 1274/459/197 1271/460/197 1272/458/197
f 1276/461/198 1273/186/197 1274/459/197
f 1278/462/199 1275/463/198 1276/461/198
f 1280/464/200 1277/192/201 1278/462/199
f 1282/465/200 1279/466/202 1280/464/200
f 1284/467/203 1281/191/202 1282/465/200
f 1286/468/203 1283/469/204 1284/467/203
f 1288/362/205 1285/193/204 1286/468/203
f 1290/470/206 1287/31/207 1288/362/205
f 1292/471/208 1289/188/209 1290/470/206
f 1294/472/210 1291/473/208 1292/471/208
f 1296/474/211 1293/190/212 1294/472/210
f 1298/475/213 1295/476/211 1296/474/211
f 1300/477/214 1297/189/213 1298/475/213
f 1302/478/168 1299/479/214 1300/477/214
f 1304/480/215 1301/185/168 1302/478/168
f 1306/481/216 1303/482/217 1304/480/215
f 1308/483/218 1305/184/216 1306/481/216
f 1266/346/196 1307/484/218 1308/483/218
f 1312/355/219 1309/30/220 1310/287/220
f 1314/362/221 1311/195/219 1312/355/219
f 1316/369/222 1313/31/221 1314/362/221
f 1310/346/220 1315/198/222 1316/369/222
f 1320/380/122 1317/30/48 1318/287/48
f 1322/348/223 1319/125/118 1320/380/122
f 1324/362/224 1321/98/169 1322/348/223
f 1326/349/224 1323/31/225 1324/362/224
f 1328/394/49 1325/67/225 1326/349/224
f 1318/346/48 1327/153/49 1328/394/49
f 1332/485/226 1329/30/227 1330/287/228
f 1334/486/48 1331/487/229 1332/485/226
f 1336/488/61 1333/489/48 1334/486/48
f 1338/490/230 1335/37/48 1336/488/61
f 1340/380/231 1337/491/230 1338/490/230
f 1342/492/47 1339/125/231 1340/380/231
f 1344/493/48 1341/36/49 1342/492/47
f 1346/494/232 1343/495/48 1344/493/48
f 1348/496/232 1345/497/233 1346/494/232
f 1350/348/234 1347/33/232 1348/496/232
f 1352/498/234 1349/98/234 1350/348/234
f 1354/499/41 1351/500/235 1352/498/234
f 1356/501/42 1353/32/40 1354/499/41
f 1358/502/236 1355/503/44 1356/501/42
f 1360/362/237 1357/504/236 1358/502/236
f 1362/505/41 1359/31/238 1360/362/237
f 1364/506/44 1361/507/40 1362/505/41
f 1366/508/239 1363/509/44 1364/506/44
f 1368/510/240 1365/29/240 1366/508/239
f 1370/349/241 1367/511/242 1368/510/240
f 1372/512/241 1369/67/243 1370/349/241
f 1374/513/49 1371/35/241 1372/512/241
f 1376/514/49 1373/515/85 1374/513/49
f 1378/516/244 1375/517/47 1376/514/49
f 1380/394/244 1377/34/244 1378/516/244
f 1382/518/228 1379/153/94 1380/394/244
f 1384/519/228 1381/520/227 1382/518/228
f 1386/521/244 1383/28/228 1384/519/228
f 1388/522/244 1385/523/244 1386/521/244
f 1330/346/228 1387/524/94 1388/522/244
f 1392/355/41 1389/30/48 1390/287/48
f 1394/362/44 1391/195/40 1392/355/41
f 1396/369/47 1393/31/44 1394/362/44
f 1390/346/48 1395/198/49 1396/369/47
f 1400/525/127 1397/30/245 1398/287/245
f 1402/526/246 1399/527/247 1400/525/127
f 1404/528/248 1401/134/130 1402/526/246
f 1406/529/248 1403/530/248 1404/528/248
f 1408/531/249 1405/122/248 1406/529/248
f 1410/532/249 1407/533/250 1408/531/249
f 1412/355/251 1409/121/250 1410/532/249
f 1414/534/119 1411/195/126 1412/355/251
f 1416/535/252 1413/147/119 1414/534/119
f 1418/536/253 1415/537/252 1416/535/252
f 1420/538/254 1417/127/253 1418/536/253
f 1422/539/255 1419/540/254 1420/538/254
f 1424/541/256 1421/155/255 1422/539/255
f 1426/362/257 1423/542/256 1424/541/256
f 1428/543/258 1425/31/259 1426/362/257
f 1430/544/260 1427/545/258 1428/543/258
f 1432/546/261 1429/137/260 1430/544/260
f 1434/547/262 1431/548/261 1432/546/261
f 1436/549/263 1433/140/264 1434/547/262
f 1438/550/47 1435/551/263 1436/549/263
f 1440/369/126 1437/144/85 1438/550/47
f 1442/552/119 1439/198/126 1440/369/126
f 1444/553/265 1441/150/119 1442/552/119
f 1446/554/266 1443/555/265 1444/553/265
f 1448/556/267 1445/151/266 1446/554/266
f 1450/557/149 1447/558/268 1448/556/267
f 1452/559/269 1449/149/149 1450/557/149
f 1398/346/245 1451/560/270 1452/559/269
f 1456/355/271 1453/30/272 1454/287/272
f 1458/362/273 1455/195/274 1456/355/271
f 1460/369/275 1457/31/276 1458/362/273
f 1454/346/272 1459/198/277 1460/369/275
f 1464/355/271 1461/30/272 1462/287/272
f 1466/362/278 1463/195/279 1464/355/271
f 1468/369/275 1465/31/280 1466/362/278
f 1462/346/272 1467/198/277 1468/369/275
f 1472/355/281 1469/30/282 1470/287/283
f 1474/362/284 1471/195/285 1472/355/281
f 1476/369/286 1473/31/287 1474/362/284
f 1470/346/283 1475/198/286 1476/369/286
f 1480/561/288 1477/30/160 1478/287/226
f 1482/562/289 1479/563/290 1480/561/288
f 1484/564/291 1481/565/290 1482/562/289
f 1486/566/292 1483/567/292 1484/564/291
f 1488/568/293 1485/569/292 1486/566/292
f 1490/570/294 1487/571/293 1488/568/293
f 1492/572/295 1489/573/296 1490/570/294
f 1494/574/297 1491/575/295 1492/572/295
f 1496/576/298 1493/577/299 1494/574/297
f 1498/578/298 1495/579/300 1496/576/298
f 1500/580/46 1497/581/298 1498/578/298
f 1502/582/44 1499/583/46 1500/580/46
f 1504/584/194 1501/585/80 1502/582/44
f 1506/586/47 1503/587/80 1504/584/194
f 1508/588/47 1505/589/49 1506/586/47
f 1510/590/46 1507/591/47 1508/588/47
f 1512/592/301 1509/593/46 1510/590/46
f 1514/594/302 1511/595/301 1512/592/301
f 1516/596/303 1513/597/301 1514/594/302
f 1518/598/304 1515/599/304 1516/596/303
f 1520/600/46 1517/601/305 1518/598/304
f 1522/602/157 1519/603/46 1520/600/46
f 1478/346/226 1521/604/306 1522/602/157
f 1526/355/307 1523/30/308 1524/287/309
f 1528/362/293 1525/195/307 1526/355/307
f 1530/369/310 1527/31/311 1528/362/293
f 1524/346/309 1529/198/310 1530/369/310
f 1534/355/312 1531/30/165 1532/287/165
f 1536/362/313 1533/195/108 1534/355/312
f 1538/369/166 1535/31/313 1536/362/313
f 1532/346/165 1537/198/109 1538/369/166
f 1542/605/170 1539/30/314 1540/287/314
f 1544/606/315 1541/607/316 1542/605/170
f 1546/486/46 1543/608/169 1544/606/315
f 1548/609/317 1545/489/46 1546/486/46
f 1550/610/318 1547/611/319 1548/609/317
f 1552/490/62 1549/40/320 1550/610/318
f 1554/612/62 1551/491/62 1552/490/62
f 1556/613/113 1553/614/62 1554/612/62
f 1558/492/321 1555/615/70 1556/613/113
f 1560/616/46 1557/36/69 1558/492/321
f 1562/617/46 1559/66/46 1560/616/46
f 1564/494/322 1561/618/46 1562/617/46
f 1566/619/323 1563/497/324 1564/494/322
f 1568/620/325 1565/621/323 1566/619/323
f 1570/348/326 1567/622/327 1568/620/325
f 1572/623/328 1569/98/329 1570/348/326
f 1574/624/330 1571/625/328 1572/623/328
f 1576/499/331 1573/626/328 1574/624/330
f 1578/627/332 1575/32/331 1576/499/331
f 1580/628/333 1577/629/334 1578/627/332
f 1582/502/333 1579/95/335 1580/628/333
f 1584/630/336 1581/504/335 1582/502/333
f 1586/631/337 1583/632/338 1584/630/336
f 1588/505/46 1585/633/339 1586/631/337
f 1590/634/46 1587/507/46 1588/505/46
f 1592/635/340 1589/74/46 1590/634/46
f 1594/508/341 1591/636/342 1592/635/340
f 1596/637/62 1593/29/343 1594/508/341
f 1598/638/62 1595/639/62 1596/637/62
f 1600/349/52 1597/640/62 1598/638/62
f 1602/641/51 1599/67/52 1600/349/52
f 1604/642/46 1601/643/344 1602/641/51
f 1606/513/46 1603/644/46 1604/642/46
f 1608/645/345 1605/515/46 1606/513/46
f 1610/646/346 1607/647/345 1608/645/345
f 1612/516/347 1609/104/346 1610/646/346
f 1614/648/108 1611/34/312 1612/516/347
f 1616/649/348 1613/650/214 1614/648/108
f 1618/518/348 1615/651/349 1616/649/348
f 1620/652/350 1617/520/351 1618/518/348
f 1622/653/350 1619/59/350 1620/652/350
f 1624/521/352 1621/654/350 1622/653/350
f 1626/655/352 1623/523/352 1624/521/352
f 1628/656/314 1625/657/352 1626/655/352
f 1540/346/314 1627/658/353 1628/656/314
f 1632/355/354 1629/30/355 1630/287/356
f 1634/362/357 1631/195/358 1632/355/354
f 1636/369/359 1633/31/360 1634/362/357
f 1630/346/356 1635/198/361 1636/369/359
f 1640/355/362 1637/30/363 1638/287/363
f 1642/362/364 1639/195/362 1640/355/362
f 1644/369/365 1641/31/366 1642/362/364
f 1638/346/363 1643/198/365 1644/369/365
f 1648/355/367 1645/30/368 1646/287/368
f 1650/362/369 1647/195/370 1648/355/367
f 1652/369/371 1649/31/369 1650/362/369
f 1646/346/368 1651/198/372 1652/369/371
f 1656/355/373 1653/30/374 1654/287/375
f 1658/362/376 1655/195/373 1656/355/373
f 1660/369/377 1657/31/378 1658/362/376
f 1654/346/375 1659/198/377 1660/369/377
f 1664/492/46 1661/30/379 1662/287/380
f 1666/499/373 1663/36/46 1664/492/46
f 1668/508/376 1665/32/373 1666/499/373
f 1670/516/381 1667/29/382 1668/508/376
f 1662/346/380 1669/34/383 1670/516/381
f 1674/355/384 1671/30/385 1672/287/385
f 1676/362/198 1673/195/384 1674/355/384
f 1678/369/197 1675/31/198 1676/362/198
f 1672/346/385 1677/198/386 1678/369/197
f 1682/355/387 1679/30/385 1680/287/385
f 1684/362/388 1681/195/389 1682/355/387
f 1686/369/390 1683/31/388 1684/362/388
f 1680/346/385 1685/198/386 1686/369/390
f 1690/355/391 1687/30/392 1688/287/393
f 1692/362/332 1689/195/394 1690/355/391
f 1694/369/395 1691/31/396 1692/362/332
f 1688/346/393 1693/198/395 1694/369/395
f 1698/355/397 1695/30/398 1696/287/398
f 1700/362/338 1697/195/399 1698/355/397
f 1702/369/328 1699/31/400 1700/362/338
f 1696/346/398 1701/198/328 1702/369/328
f 1706/380/118 1703/30/119 1704/287/119
f 1708/348/121 1705/125/122 1706/380/118
f 1710/362/123 1707/98/121 1708/348/121
f 1712/349/123 1709/31/124 1710/362/123
f 1714/394/401 1711/67/123 1712/349/123
f 1704/346/119 1713/153/126 1714/394/401
f 1718/456/170 1715/30/402 1716/287/402
f 1720/459/403 1717/187/170 1718/456/170
f 1722/462/404 1719/186/405 1720/459/403
f 1724/465/406 1721/192/407 1722/462/404
f 1726/468/408 1723/191/86 1724/465/406
f 1728/470/409 1725/193/408 1726/468/408
f 1730/472/410 1727/188/411 1728/470/409
f 1732/475/412 1729/190/413 1730/472/410
f 1734/478/414 1731/189/412 1732/475/412
f 1736/481/415 1733/185/416 1734/478/414
f 1716/346/402 1735/184/415 1736/481/415
f 944/286/40 943/289/40 941/30/41
f 946/288/42 945/291/44 943/289/40
f 948/290/43 947/293/45 945/291/44
f 950/292/43 949/295/43 947/293/45
f 952/294/46 951/297/46 949/295/43
f 954/296/47 953/299/49 951/297/46
f 956/298/48 955/301/48 953/299/49
f 958/300/50 957/303/52 955/301/48
f 960/302/51 959/305/53 957/303/52
f 962/304/47 961/307/49 959/305/53
f 964/306/48 963/309/54 961/307/49
f 966/308/52 965/311/52 963/309/54
f 968/310/53 967/313/51 965/311/52
f 970/312/47 969/315/47 967/313/51
f 972/314/55 971/317/48 969/315/47
f 974/316/48 973/319/48 971/317/48
f 976/318/49 975/321/47 973/319/48
f 978/320/47 977/323/49 975/321/47
f 980/322/48 979/325/48 977/323/49
f 982/324/56 981/327/56 979/325/48
f 984/326/57 983/329/57 981/327/56
f 986/328/58 985/331/60 983/329/57
f 988/330/59 987/333/59 985/331/60
f 990/332/59 989/335/59 987/333/59
f 992/334/48 991/337/55 989/335/59
f 994/336/47 993/339/47 991/337/55
f 996/338/47 995/341/49 993/339/47
f 998/340/61 997/343/48 995/341/49
f 1000/342/62 999/345/62 997/343/48
f 1002/344/41 1001/347/40 999/345/62
f 942/346/41 941/27/41 1001/347/40
f 1006/348/63 1005/98/66 1003/30/64
f 1008/349/65 1007/67/67 1005/98/66
f 1004/346/64 1003/27/64 1007/67/67
f 1012/350/68 1011/352/70 1009/30/62
f 1014/351/69 1013/354/69 1011/352/70
f 1016/353/46 1015/356/46 1013/354/69
f 1018/355/46 1017/195/46 1015/356/46
f 1020/357/46 1019/359/46 1017/195/46
f 1022/358/46 1021/361/46 1019/359/46
f 1024/360/71 1023/363/71 1021/361/46
f 1026/362/72 1025/31/73 1023/363/71
f 1028/364/62 1027/366/62 1025/31/73
f 1030/365/62 1029/368/62 1027/366/62
f 1032/367/74 1031/370/75 1029/368/62
f 1034/369/75 1033/198/77 1031/370/75
f 1036/371/76 1035/373/78 1033/198/77
f 1038/372/78 1037/375/78 1035/373/78
f 1040/374/62 1039/376/62 1037/375/78
f 1010/346/62 1009/27/62 1039/376/62
f 1044/377/41 1043/379/41 1041/30/79
f 1046/378/80 1045/194/44 1043/379/41
f 1048/351/81 1047/354/82 1045/194/44
f 1050/380/81 1049/125/82 1047/354/82
f 1052/381/53 1051/382/84 1049/125/82
f 1054/355/83 1053/195/53 1051/382/84
f 1056/383/47 1055/384/85 1053/195/53
f 1058/348/61 1057/98/55 1055/384/85
f 1060/358/86 1059/361/86 1057/98/55
f 1062/385/87 1061/199/87 1059/361/86
f 1064/386/88 1063/387/88 1061/199/87
f 1066/362/89 1065/31/91 1063/387/88
f 1068/388/90 1067/390/92 1065/31/91
f 1070/389/86 1069/197/93 1067/390/92
f 1072/365/62 1071/368/62 1069/197/93
f 1074/349/62 1073/67/62 1071/368/62
f 1076/391/40 1075/392/40 1073/67/62
f 1078/369/44 1077/198/80 1075/392/40
f 1080/393/94 1079/395/94 1077/198/80
f 1082/394/95 1081/153/97 1079/395/94
f 1084/372/96 1083/375/99 1081/153/97
f 1086/396/98 1085/196/101 1083/375/99
f 1088/397/100 1087/398/100 1085/196/101
f 1042/346/79 1041/27/79 1087/398/100
f 1092/355/102 1091/195/102 1089/30/103
f 1094/362/104 1093/31/106 1091/195/102
f 1096/369/105 1095/198/105 1093/31/106
f 1090/346/103 1089/27/103 1095/198/105
f 1100/355/107 1099/195/110 1097/30/108
f 1102/362/109 1101/31/109 1099/195/110
f 1104/369/111 1103/198/68 1101/31/109
f 1098/346/108 1097/27/108 1103/198/68
f 1108/355/111 1107/195/68 1105/30/109
f 1110/362/108 1109/31/108 1107/195/68
f 1112/369/107 1111/198/112 1109/31/108
f 1106/346/109 1105/27/109 1111/198/112
f 1116/355/113 1115/195/113 1113/30/114
f 1118/362/115 1117/31/117 1115/195/113
f 1120/369/116 1119/198/116 1117/31/117
f 1114/346/114 1113/27/114 1119/198/116
f 1124/380/118 1123/125/122 1121/30/119
f 1126/348/121 1125/98/121 1123/125/122
f 1128/362/123 1127/31/124 1125/98/121
f 1130/349/123 1129/67/124 1127/31/124
f 1132/394/125 1131/153/126 1129/67/124
f 1122/346/120 1121/27/119 1131/153/126
f 1136/399/127 1135/401/127 1133/30/128
f 1138/400/130 1137/403/132 1135/401/127
f 1140/402/131 1139/405/131 1137/403/132
f 1142/404/133 1141/407/133 1139/405/131
f 1144/406/134 1143/409/123 1141/407/133
f 1146/408/123 1145/411/136 1143/409/123
f 1148/410/135 1147/413/126 1145/411/136
f 1150/412/119 1149/415/119 1147/413/126
f 1152/414/137 1151/417/139 1149/415/119
f 1154/416/138 1153/419/138 1151/417/139
f 1156/418/140 1155/421/142 1153/419/138
f 1158/420/141 1157/423/143 1155/421/142
f 1160/422/141 1159/425/145 1157/423/143
f 1162/424/144 1161/427/144 1159/425/145
f 1164/426/146 1163/429/148 1161/427/144
f 1166/428/147 1165/430/147 1163/429/148
f 1134/346/129 1133/27/128 1165/430/147
f 1170/355/149 1169/195/149 1167/30/150
f 1172/362/151 1171/31/153 1169/195/149
f 1174/369/152 1173/198/152 1171/31/153
f 1168/346/150 1167/27/150 1173/198/152
f 1178/350/127 1177/352/155 1175/30/154
f 1180/351/130 1179/354/130 1177/352/155
f 1182/353/156 1181/356/156 1179/354/130
f 1184/355/156 1183/195/158 1181/356/156
f 1186/357/157 1185/359/157 1183/195/158
f 1188/358/137 1187/361/160 1185/359/157
f 1190/360/159 1189/363/159 1187/361/160
f 1192/362/161 1191/31/161 1189/363/159
f 1194/364/162 1193/366/163 1191/31/161
f 1196/365/162 1195/368/162 1193/366/163
f 1198/367/164 1197/370/166 1195/368/162
f 1200/369/165 1199/198/168 1197/370/166
f 1202/371/167 1201/373/170 1199/198/168
f 1204/372/169 1203/375/172 1201/373/170
f 1206/374/171 1205/376/173 1203/375/172
f 1176/346/154 1175/27/154 1205/376/173
f 1210/355/162 1209/195/162 1207/30/174
f 1212/362/75 1211/31/75 1209/195/162
f 1214/369/176 1213/198/177 1211/31/75
f 1208/346/175 1207/27/174 1213/198/177
f 1218/431/113 1217/433/113 1215/30/119
f 1220/432/69 1219/435/179 1217/433/113
f 1222/434/178 1221/437/181 1219/435/179
f 1224/436/180 1223/439/183 1221/437/181
f 1226/438/182 1225/441/185 1223/439/183
f 1228/440/184 1227/443/187 1225/441/185
f 1230/442/186 1229/445/186 1227/443/187
f 1232/444/188 1231/447/190 1229/445/186
f 1234/446/189 1233/449/189 1231/447/190
f 1236/448/189 1235/451/191 1233/449/189
f 1238/450/126 1237/453/126 1235/451/191
f 1240/452/126 1239/454/126 1237/453/126
f 1216/346/119 1215/27/119 1239/454/126
f 1244/378/41 1243/194/40 1241/30/170
f 1246/380/44 1245/125/80 1243/194/40
f 1248/355/49 1247/195/49 1245/125/80
f 1250/348/48 1249/98/54 1247/195/49
f 1252/385/72 1251/199/192 1249/98/54
f 1254/362/102 1253/31/193 1251/199/192
f 1256/389/49 1255/197/49 1253/31/193
f 1258/349/48 1257/67/48 1255/197/49
f 1260/369/41 1259/198/41 1257/67/48
f 1262/394/194 1261/153/80 1259/198/41
f 1264/396/172 1263/196/169 1261/153/80
f 1242/346/170 1241/27/170 1263/196/169
f 1268/455/40 1267/457/40 1265/30/195
f 1270/456/44 1269/187/44 1267/457/40
f 1272/458/197 1271/460/197 1269/187/44
f 1274/459/197 1273/186/197 1271/460/197
f 1276/461/198 1275/463/198 1273/186/197
f 1278/462/199 1277/192/201 1275/463/198
f 1280/464/200 1279/466/202 1277/192/201
f 1282/465/200 1281/191/202 1279/466/202
f 1284/467/203 1283/469/204 1281/191/202
f 1286/468/203 1285/193/204 1283/469/204
f 1288/362/205 1287/31/207 1285/193/204
f 1290/470/206 1289/188/209 1287/31/207
f 1292/471/208 1291/473/208 1289/188/209
f 1294/472/210 1293/190/212 1291/473/208
f 1296/474/211 1295/476/211 1293/190/212
f 1298/475/213 1297/189/213 1295/476/211
f 1300/477/214 1299/479/214 1297/189/213
f 1302/478/168 1301/185/168 1299/479/214
f 1304/480/215 1303/482/217 1301/185/168
f 1306/481/216 1305/184/216 1303/482/217
f 1308/483/218 1307/484/218 1305/184/216
f 1266/346/196 1265/27/195 1307/484/218
f 1312/355/219 1311/195/219 1309/30/220
f 1314/362/221 1313/31/221 1311/195/219
f 1316/369/222 1315/198/222 1313/31/221
f 1310/346/220 1309/27/220 1315/198/222
f 1320/380/122 1319/125/118 1317/30/48
f 1322/348/223 1321/98/169 1319/125/118
f 1324/362/224 1323/31/225 1321/98/169
f 1326/349/224 1325/67/225 1323/31/225
f 1328/394/49 1327/153/49 1325/67/225
f 1318/346/48 1317/27/48 1327/153/49
f 1332/485/226 1331/487/229 1329/30/227
f 1334/486/48 1333/489/48 1331/487/229
f 1336/488/61 1335/37/48 1333/489/48
f 1338/490/230 1337/491/230 1335/37/48
f 1340/380/231 1339/125/231 1337/491/230
f 1342/492/47 1341/36/49 1339/125/231
f 1344/493/48 1343/495/48 1341/36/49
f 1346/494/232 1345/497/233 1343/495/48
f 1348/496/232 1347/33/232 1345/497/233
f 1350/348/234 1349/98/234 1347/33/232
f 1352/498/234 1351/500/235 1349/98/234
f 1354/499/41 1353/32/40 1351/500/235
f 1356/501/42 1355/503/44 1353/32/40
f 1358/502/236 1357/504/236 1355/503/44
f 1360/362/237 1359/31/238 1357/504/236
f 1362/505/41 1361/507/40 1359/31/238
f 1364/506/44 1363/509/44 1361/507/40
f 1366/508/239 1365/29/240 1363/509/44
f 1368/510/240 1367/511/242 1365/29/240
f 1370/349/241 1369/67/243 1367/511/242
f 1372/512/241 1371/35/241 1369/67/243
f 1374/513/49 1373/515/85 1371/35/241
f 1376/514/49 1375/517/47 1373/515/85
f 1378/516/244 1377/34/244 1375/517/47
f 1380/394/244 1379/153/94 1377/34/244
f 1382/518/228 1381/520/227 1379/153/94
f 1384/519/228 1383/28/228 1381/520/227
f 1386/521/244 1385/523/244 1383/28/228
f 1388/522/244 1387/524/94 1385/523/244
f 1330/346/228 1329/27/227 1387/524/94
f 1392/355/41 1391/195/40 1389/30/48
f 1394/362/44 1393/31/44 1391/195/40
f 1396/369/47 1395/198/49 1393/31/44
f 1390/346/48 1389/27/48 1395/198/49
f 1400/525/127 1399/527/247 1397/30/245
f 1402/526/246 1401/134/130 1399/527/247
f 1404/528/248 1403/530/248 1401/134/130
f 1406/529/248 1405/122/248 1403/530/248
f 1408/531/249 1407/533/250 1405/122/248
f 1410/532/249 1409/121/250 1407/533/250
f 1412/355/251 1411/195/126 1409/121/250
f 1414/534/119 1413/147/119 1411/195/126
f 1416/535/252 1415/537/252 1413/147/119
f 1418/536/253 1417/127/253 1415/537/252
f 1420/538/254 1419/540/254 1417/127/253
f 1422/539/255 1421/155/255 1419/540/254
f 1424/541/256 1423/542/256 1421/155/255
f 1426/362/257 1425/31/259 1423/542/256
f 1428/543/258 1427/545/258 1425/31/259
f 1430/544/260 1429/137/260 1427/545/258
f 1432/546/261 1431/548/261 1429/137/260
f 1434/547/262 1433/140/264 1431/548/261
f 1436/549/263 1435/551/263 1433/140/264
f 1438/550/47 1437/144/85 1435/551/263
f 1440/369/126 1439/198/126 1437/144/85
f 1442/552/119 1441/150/119 1439/198/126
f 1444/553/265 1443/555/265 1441/150/119
f 1446/554/266 1445/151/266 1443/555/265
f 1448/556/267 1447/558/268 1445/151/266
f 1450/557/149 1449/149/149 1447/558/268
f 1452/559/269 1451/560/270 1449/149/149
f 1398/346/245 1397/27/245 1451/560/270
f 1456/355/271 1455/195/274 1453/30/272
f 1458/362/273 1457/31/276 1455/195/274
f 1460/369/275 1459/198/277 1457/31/276
f 1454/346/272 1453/27/272 1459/198/277
f 1464/355/271 1463/195/279 1461/30/272
f 1466/362/278 1465/31/280 1463/195/279
f 1468/369/275 1467/198/277 1465/31/280
f 1462/346/272 1461/27/272 1467/198/277
f 1472/355/281 1471/195/285 1469/30/282
f 1474/362/284 1473/31/287 1471/195/285
f 1476/369/286 1475/198/286 1473/31/287
f 1470/346/283 1469/27/282 1475/198/286
f 1480/561/288 1479/563/290 1477/30/160
f 1482/562/289 1481/565/290 1479/563/290
f 1484/564/291 1483/567/292 1481/565/290
f 1486/566/292 1485/569/292 1483/567/292
f 1488/568/293 1487/571/293 1485/569/292
f 1490/570/294 1489/573/296 1487/571/293
f 1492/572/295 1491/575/295 1489/573/296
f 1494/574/297 1493/577/299 1491/575/295
f 1496/576/298 1495/579/300 1493/577/299
f 1498/578/298 1497/581/298 1495/579/300
f 1500/580/46 1499/583/46 1497/581/298
f 1502/582/44 1501/585/80 1499/583/46
f 1504/584/194 1503/587/80 1501/585/80
f 1506/586/47 1505/589/49 1503/587/80
f 1508/588/47 1507/591/47 1505/589/49
f 1510/590/46 1509/593/46 1507/591/47
f 1512/592/301 1511/595/301 1509/593/46
f 1514/594/302 1513/597/301 1511/595/301
f 1516/596/303 1515/599/304 1513/597/301
f 1518/598/304 1517/601/305 1515/599/304
f 1520/600/46 1519/603/46 1517/601/305
f 1522/602/157 1521/604/306 1519/603/46
f 1478/346/226 1477/27/160 1521/604/306
f 1526/355/307 1525/195/307 1523/30/308
f 1528/362/293 1527/31/311 1525/195/307
f 1530/369/310 1529/198/310 1527/31/311
f 1524/346/309 1523/27/308 1529/198/310
f 1534/355/312 1533/195/108 1531/30/165
f 1536/362/313 1535/31/313 1533/195/108
f 1538/369/166 1537/198/109 1535/31/313
f 1532/346/165 1531/27/165 1537/198/109
f 1542/605/170 1541/607/316 1539/30/314
f 1544/606/315 1543/608/169 1541/607/316
f 1546/486/46 1545/489/46 1543/608/169
f 1548/609/317 1547/611/319 1545/489/46
f 1550/610/318 1549/40/320 1547/611/319
f 1552/490/62 1551/491/62 1549/40/320
f 1554/612/62 1553/614/62 1551/491/62
f 1556/613/113 1555/615/70 1553/614/62
f 1558/492/321 1557/36/69 1555/615/70
f 1560/616/46 1559/66/46 1557/36/69
f 1562/617/46 1561/618/46 1559/66/46
f 1564/494/322 1563/497/324 1561/618/46
f 1566/619/323 1565/621/323 1563/497/324
f 1568/620/325 1567/622/327 1565/621/323
f 1570/348/326 1569/98/329 1567/622/327
f 1572/623/328 1571/625/328 1569/98/329
f 1574/624/330 1573/626/328 1571/625/328
f 1576/499/331 1575/32/331 1573/626/328
f 1578/627/332 1577/629/334 1575/32/331
f 1580/628/333 1579/95/335 1577/629/334
f 1582/502/333 1581/504/335 1579/95/335
f 1584/630/336 1583/632/338 1581/504/335
f 1586/631/337 1585/633/339 1583/632/338
f 1588/505/46 1587/507/46 1585/633/339
f 1590/634/46 1589/74/46 1587/507/46
f 1592/635/340 1591/636/342 1589/74/46
f 1594/508/341 1593/29/343 1591/636/342
f 1596/637/62 1595/639/62 1593/29/343
f 1598/638/62 1597/640/62 1595/639/62
f 1600/349/52 1599/67/52 1597/640/62
f 1602/641/51 1601/643/344 1599/67/52
f 1604/642/46 1603/644/46 1601/643/344
f 1606/513/46 1605/515/46 1603/644/46
f 1608/645/345 1607/647/345 1605/515/46
f 1610/646/346 1609/104/346 1607/647/345
f 1612/516/347 1611/34/312 1609/104/346
f 1614/648/108 1613/650/214 1611/34/312
f 1616/649/348 1615/651/349 1613/650/214
f 1618/518/348 1617/520/351 1615/651/349
f 1620/652/350 1619/59/350 1617/520/351
f 1622/653/350 1621/654/350 1619/59/350
f 1624/521/352 1623/523/352 1621/654/350
f 1626/655/352 1625/657/352 1623/523/352
f 1628/656/314 1627/658/353 1625/657/352
f 1540/346/314 1539/27/314 1627/658/353
f 1632/355/354 1631/195/358 1629/30/355
f 1634/362/357 1633/31/360 1631/195/358
f 1636/369/359 1635/198/361 1633/31/360
f 1630/346/356 1629/27/355 1635/198/361
f 1640/355/362 1639/195/362 1637/30/363
f 1642/362/364 1641/31/366 1639/195/362
f 1644/369/365 1643/198/365 1641/31/366
f 1638/346/363 1637/27/363 1643/198/365
f 1648/355/367 1647/195/370 1645/30/368
f 1650/362/369 1649/31/369 1647/195/370
f 1652/369/371 1651/198/372 1649/31/369
f 1646/346/368 1645/27/368 1651/198/372
f 1656/355/373 1655/195/373 1653/30/374
f 1658/362/376 1657/31/378 1655/195/373
f 1660/369/377 1659/198/377 1657/31/378
f 1654/346/375 1653/27/374 1659/198/377
f 1664/492/46 1663/36/46 1661/30/379
f 1666/499/373 1665/32/373 1663/36/46
f 1668/508/376 1667/29/382 1665/32/373
f 1670/516/381 1669/34/383 1667/29/382
f 1662/346/380 1661/27/379 1669/34/383
f 1674/355/384 1673/195/384 1671/30/385
f 1676/362/198 1675/31/198 1673/195/384
f 1678/369/197 1677/198/386 1675/31/198
f 1672/346/385 1671/27/385 1677/198/386
f 1682/355/387 1681/195/389 1679/30/385
f 1684/362/388 1683/31/388 1681/195/389
f 1686/369/390 1685/198/386 1683/31/388
f 1680/346/385 1679/27/385 1685/198/386
f 1690/355/391 1689/195/394 1687/30/392
f 1692/362/332 1691/31/396 1689/195/394
f 1694/369/395 1693/198/395 1691/31/396
f 1688/346/393 1687/27/392 1693/198/395
f 1698/355/397 1697/195/399 1695/30/398
f 1700/362/338 1699/31/400 1697/195/399
f 1702/369/328 1701/198/328 1699/31/400
f 1696/346/398 1695/27/398 1701/198/328
f 1706/380/118 1705/125/122 1703/30/119
f 1708/348/121 1707/98/121 1705/125/122
f 1710/362/123 1709/31/124 1707/98/121
f 1712/349/123 1711/67/123 1709/31/124
f 1714/394/401 1713/153/126 1711/67/123
f 1704/346/119 1703/27/119 1713/153/126
f 1718/456/170 1717/187/170 1715/30/402
f 1720/459/403 1719/186/405 1717/187/170
f 1722/462/404 1721/192/407 1719/186/405
f 1724/465/406 1723/191/86 1721/192/407
f 1726/468/408 1725/193/408 1723/191/86
f 1728/470/409 1727/188/411 1725/193/408
f 1730/472/410 1729/190/413 1727/188/411
f 1732/475/412 1731/189/412 1729/190/413
f 1734/478/414 1733/185/416 1731/189/412
f 1736/481/415 1735/184/415 1733/185/416
f 1716/346/402 1715/27/402 1735/184/415
o Text.004
v 7.007235 0.050000 -0.251463
v 6.759074 0.050000 -0.251463
v 6.762064 0.050000 -0.305741
v 7.157327 0.050000 -0.305741
v 7.093941 0.050000 -0.118069
v 7.193205 0.050000 -0.118069
v 7.173471 0.050000 0.220478
v 6.713628 0.050000 0.220478
v 6.724990 0.050000 0.015326
v 6.979130 0.050000 0.015326
v 6.970758 0.050000 0.166200
v 7.045505 0.050000 0.166200
v 7.058661 0.050000 -0.064711
v 6.701071 0.050000 -0.064711
v 6.704061 0.050000 -0.118069
v 6.962386 0.050000 -0.118069
v 6.815284 0.050000 0.069604
v 6.882257 0.050000 0.069604
v 6.876876 0.050000 0.166200
v 6.810500 0.050000 0.166200
v 6.351255 0.050000 -0.237664
v 6.098311 0.050000 -0.237664
v 6.101301 0.050000 -0.291942
v 6.344677 0.050000 -0.291942
v 6.341089 0.050000 -0.320461
v 6.472644 0.050000 -0.320461
v 6.476232 0.050000 -0.291942
v 6.600611 0.050000 -0.291942
v 6.597621 0.050000 -0.237664
v 6.482212 0.050000 -0.237664
v 6.491779 0.050000 -0.158547
v 6.594033 0.050000 -0.158547
v 6.591043 0.050000 -0.104269
v 6.498357 0.050000 -0.104269
v 6.515100 0.050000 0.036485
v 6.233454 0.050000 0.036485
v 6.226876 0.050000 0.166200
v 6.535432 0.050000 0.166200
v 6.532441 0.050000 0.220478
v 6.092929 0.050000 0.220478
v 6.104889 0.050000 -0.017793
v 6.377566 0.050000 -0.017793
v 6.367400 0.050000 -0.104269
v 6.091733 0.050000 -0.104269
v 6.094723 0.050000 -0.158547
v 6.360822 0.050000 -0.158547
v 5.755073 0.050000 -0.230304
v 5.472230 0.050000 -0.230304
v 5.475220 0.050000 -0.284582
v 5.906959 0.050000 -0.284582
v 5.903969 0.050000 -0.230304
v 5.910546 0.050000 -0.230304
v 5.662386 0.050000 0.147801
v 5.939249 0.050000 0.166200
v 5.936259 0.050000 0.220478
v 5.509305 0.050000 0.191959
v 5.512294 0.050000 0.137681
v 5.999047 0.050000 -0.320461
v 5.993665 0.050000 -0.230304
v 5.967952 0.050000 -0.230304
v 5.973334 0.050000 -0.320461
v 5.954797 0.050000 -0.320461
v 5.949415 0.050000 -0.230304
v 5.923702 0.050000 -0.230304
v 5.928486 0.050000 -0.320461
v 5.155303 0.050000 0.220478
v 5.063812 0.050000 0.220478
v 5.096701 0.050000 -0.331500
v 5.216296 0.050000 -0.331500
v 5.207924 0.050000 -0.189826
v 5.382534 0.050000 -0.217425
v 5.379544 0.050000 -0.154867
v 5.204337 0.050000 -0.127268
v 5.186996 0.050000 0.165280
v 5.361006 0.050000 0.165280
v 5.358016 0.050000 0.220478
v 5.183407 0.050000 0.220478
v 4.882626 0.050000 -0.054591
v 4.838973 0.050000 -0.054591
v 4.937041 0.050000 -0.331500
v 5.051853 0.050000 -0.331500
v 4.999829 0.050000 -0.185226
v 4.977106 0.050000 0.220478
v 4.867078 0.050000 0.220478
v 4.337869 0.050000 -0.276302
v 4.239801 0.050000 -0.276302
v 4.242791 0.050000 -0.331500
v 4.340859 0.050000 -0.331500
v 4.436535 0.050000 -0.331500
v 4.425772 0.050000 -0.140148
v 4.330096 0.050000 -0.140148
v 4.327703 0.050000 -0.140148
v 4.322322 0.050000 -0.055511
v 4.325910 0.050000 -0.055511
v 4.421586 0.050000 -0.055511
v 4.406039 0.050000 0.220478
v 4.310362 0.050000 0.220478
v 4.243987 0.050000 0.220478
v 4.247575 0.050000 0.165280
v 4.313352 0.050000 0.165280
v 4.322920 0.050000 -0.000314
v 4.319332 0.050000 -0.000314
v 4.225450 0.050000 -0.000314
v 4.223656 0.050000 -0.000314
v 4.235017 0.050000 -0.195346
v 4.330694 0.050000 -0.195346
v 4.333086 0.050000 -0.195346
v 4.476002 0.050000 0.065924
v 4.435339 0.050000 0.065924
v 4.447299 0.050000 -0.147508
v 4.478394 0.050000 -0.147508
v 4.533407 0.050000 -0.147508
v 4.553141 0.050000 -0.147508
v 4.556130 0.050000 -0.199026
v 4.445505 0.050000 -0.199026
v 4.448495 0.050000 -0.254223
v 4.467032 0.050000 -0.254223
v 4.485569 0.050000 -0.331500
v 4.590813 0.050000 -0.331500
v 4.572276 0.050000 -0.254223
v 4.664364 0.050000 -0.254223
v 4.654199 0.050000 -0.309421
v 4.745091 0.050000 -0.309421
v 4.770804 0.050000 -0.173267
v 4.679912 0.050000 -0.173267
v 4.675128 0.050000 -0.199026
v 4.656590 0.050000 -0.199026
v 4.653601 0.050000 -0.147508
v 4.672138 0.050000 -0.147508
v 4.728946 0.050000 -0.147508
v 4.758246 0.050000 -0.147508
v 4.746287 0.050000 0.065924
v 4.724760 0.050000 0.065924
v 4.660178 0.050000 0.065924
v 4.641043 0.050000 0.065924
v 4.636260 0.050000 0.149640
v 4.663766 0.050000 0.147801
v 4.660776 0.050000 0.091683
v 4.742101 0.050000 0.091683
v 4.749277 0.050000 0.220478
v 4.667952 0.050000 0.220478
v 4.666756 0.050000 0.202078
v 4.419194 0.050000 0.220478
v 4.422184 0.050000 0.165280
v 4.535800 0.050000 0.157000
v 4.540583 0.050000 0.065924
v 4.521448 0.050000 0.065924
v 4.530417 0.050000 -0.092310
v 4.524438 0.050000 0.010726
v 4.544171 0.050000 0.010726
v 4.550151 0.050000 -0.092310
v 4.663168 0.050000 0.010726
v 4.669148 0.050000 -0.092310
v 4.650611 0.050000 -0.092310
v 4.644631 0.050000 0.010726
v 3.755440 0.050000 -0.227544
v 3.658568 0.050000 -0.227544
v 3.661558 0.050000 -0.281822
v 3.793711 0.050000 -0.281822
v 3.820620 0.050000 -0.320461
v 3.942009 0.050000 -0.320461
v 3.915100 0.050000 -0.281822
v 4.125588 0.050000 -0.281822
v 4.122598 0.050000 -0.227544
v 3.877428 0.050000 -0.227544
v 3.810454 0.050000 -0.131868
v 4.000611 0.050000 -0.131868
v 3.995827 0.050000 -0.054591
v 4.138743 0.050000 -0.063791
v 4.135754 0.050000 -0.009513
v 3.992837 0.050000 -0.000314
v 3.987455 0.050000 0.085243
v 3.865468 0.050000 0.085243
v 3.870252 0.050000 0.007046
v 3.798495 0.050000 0.011646
v 3.790123 0.050000 0.166200
v 4.098679 0.050000 0.166200
v 4.095689 0.050000 0.220478
v 3.665146 0.050000 0.220478
v 3.678900 0.050000 -0.034352
v 3.873840 0.050000 -0.047232
v 3.875634 0.050000 -0.077590
v 3.650795 0.050000 -0.077590
v 7.007235 -0.050000 -0.251463
v 6.759074 -0.050000 -0.251463
v 6.762064 -0.050000 -0.305741
v 7.157327 -0.050000 -0.305741
v 7.093941 -0.050000 -0.118069
v 7.193205 -0.050000 -0.118069
v 7.173471 -0.050000 0.220478
v 6.713628 -0.050000 0.220478
v 6.724990 -0.050000 0.015326
v 6.979130 -0.050000 0.015326
v 6.970758 -0.050000 0.166200
v 7.045505 -0.050000 0.166200
v 7.058661 -0.050000 -0.064711
v 6.701071 -0.050000 -0.064711
v 6.704061 -0.050000 -0.118069
v 6.962386 -0.050000 -0.118069
v 6.815284 -0.050000 0.069604
v 6.882257 -0.050000 0.069604
v 6.876876 -0.050000 0.166200
v 6.810500 -0.050000 0.166200
v 6.351255 -0.050000 -0.237664
v 6.098311 -0.050000 -0.237664
v 6.101301 -0.050000 -0.291942
v 6.344677 -0.050000 -0.291942
v 6.341089 -0.050000 -0.320461
v 6.472644 -0.050000 -0.320461
v 6.476232 -0.050000 -0.291942
v 6.600611 -0.050000 -0.291942
v 6.597621 -0.050000 -0.237664
v 6.482212 -0.050000 -0.237664
v 6.491779 -0.050000 -0.158547
v 6.594033 -0.050000 -0.158547
v 6.591043 -0.050000 -0.104269
v 6.498357 -0.050000 -0.104269
v 6.515100 -0.050000 0.036485
v 6.233454 -0.050000 0.036485
v 6.226876 -0.050000 0.166200
v 6.535432 -0.050000 0.166200
v 6.532441 -0.050000 0.220478
v 6.092929 -0.050000 0.220478
v 6.104889 -0.050000 -0.017793
v 6.377566 -0.050000 -0.017793
v 6.367400 -0.050000 -0.104269
v 6.091733 -0.050000 -0.104269
v 6.094723 -0.050000 -0.158547
v 6.360822 -0.050000 -0.158547
v 5.755073 -0.050000 -0.230304
v 5.472230 -0.050000 -0.230304
v 5.475220 -0.050000 -0.284582
v 5.906959 -0.050000 -0.284582
v 5.903969 -0.050000 -0.230304
v 5.910546 -0.050000 -0.230304
v 5.662386 -0.050000 0.147801
v 5.939249 -0.050000 0.166200
v 5.936259 -0.050000 0.220478
v 5.509305 -0.050000 0.191959
v 5.512294 -0.050000 0.137681
v 5.999047 -0.050000 -0.320461
v 5.993665 -0.050000 -0.230304
v 5.967952 -0.050000 -0.230304
v 5.973334 -0.050000 -0.320461
v 5.954797 -0.050000 -0.320461
v 5.949415 -0.050000 -0.230304
v 5.923702 -0.050000 -0.230304
v 5.928486 -0.050000 -0.320461
v 5.155303 -0.050000 0.220478
v 5.063812 -0.050000 0.220478
v 5.096701 -0.050000 -0.331500
v 5.216296 -0.050000 -0.331500
v 5.207924 -0.050000 -0.189826
v 5.382534 -0.050000 -0.217425
v 5.379544 -0.050000 -0.154867
v 5.204337 -0.050000 -0.127268
v 5.186996 -0.050000 0.165280
v 5.361006 -0.050000 0.165280
v 5.358016 -0.050000 0.220478
v 5.183407 -0.050000 0.220478
v 4.882626 -0.050000 -0.054591
v 4.838973 -0.050000 -0.054591
v 4.937041 -0.050000 -0.331500
v 5.051853 -0.050000 -0.331500
v 4.999829 -0.050000 -0.185226
v 4.977106 -0.050000 0.220478
v 4.867078 -0.050000 0.220478
v 4.337869 -0.050000 -0.276302
v 4.239801 -0.050000 -0.276302
v 4.242791 -0.050000 -0.331500
v 4.340859 -0.050000 -0.331500
v 4.436535 -0.050000 -0.331500
v 4.425772 -0.050000 -0.140148
v 4.330096 -0.050000 -0.140148
v 4.327703 -0.050000 -0.140148
v 4.322322 -0.050000 -0.055511
v 4.325910 -0.050000 -0.055511
v 4.421586 -0.050000 -0.055511
v 4.406039 -0.050000 0.220478
v 4.310362 -0.050000 0.220478
v 4.243987 -0.050000 0.220478
v 4.247575 -0.050000 0.165280
v 4.313352 -0.050000 0.165280
v 4.322920 -0.050000 -0.000314
v 4.319332 -0.050000 -0.000314
v 4.225450 -0.050000 -0.000314
v 4.223656 -0.050000 -0.000314
v 4.235017 -0.050000 -0.195346
v 4.330694 -0.050000 -0.195346
v 4.333086 -0.050000 -0.195346
v 4.476002 -0.050000 0.065924
v 4.435339 -0.050000 0.065924
v 4.447299 -0.050000 -0.147508
v 4.478394 -0.050000 -0.147508
v 4.533407 -0.050000 -0.147508
v 4.553141 -0.050000 -0.147508
v 4.556130 -0.050000 -0.199026
v 4.445505 -0.050000 -0.199026
v 4.448495 -0.050000 -0.254223
v 4.467032 -0.050000 -0.254223
v 4.485569 -0.050000 -0.331500
v 4.590813 -0.050000 -0.331500
v 4.572276 -0.050000 -0.254223
v 4.664364 -0.050000 -0.254223
v 4.654199 -0.050000 -0.309421
v 4.745091 -0.050000 -0.309421
v 4.770804 -0.050000 -0.173267
v 4.679912 -0.050000 -0.173267
v 4.675128 -0.050000 -0.199026
v 4.656590 -0.050000 -0.199026
v 4.653601 -0.050000 -0.147508
v 4.672138 -0.050000 -0.147508
v 4.728946 -0.050000 -0.147508
v 4.758246 -0.050000 -0.147508
v 4.746287 -0.050000 0.065924
v 4.724760 -0.050000 0.065924
v 4.660178 -0.050000 0.065924
v 4.641043 -0.050000 0.065924
v 4.636260 -0.050000 0.149640
v 4.663766 -0.050000 0.147801
v 4.660776 -0.050000 0.091683
v 4.742101 -0.050000 0.091683
v 4.749277 -0.050000 0.220478
v 4.667952 -0.050000 0.220478
v 4.666756 -0.050000 0.202078
v 4.419194 -0.050000 0.220478
v 4.422184 -0.050000 0.165280
v 4.535800 -0.050000 0.157000
v 4.540583 -0.050000 0.065924
v 4.521448 -0.050000 0.065924
v 4.530417 -0.050000 -0.092310
v 4.524438 -0.050000 0.010726
v 4.544171 -0.050000 0.010726
v 4.550151 -0.050000 -0.092310
v 4.663168 -0.050000 0.010726
v 4.669148 -0.050000 -0.092310
v 4.650611 -0.050000 -0.092310
v 4.644631 -0.050000 0.010726
v 3.755440 -0.050000 -0.227544
v 3.658568 -0.050000 -0.227544
v 3.661558 -0.050000 -0.281822
v 3.793711 -0.050000 -0.281822
v 3.820620 -0.050000 -0.320461
v 3.942009 -0.050000 -0.320461
v 3.915100 -0.050000 -0.281822
v 4.125588 -0.050000 -0.281822
v 4.122598 -0.050000 -0.227544
v 3.877428 -0.050000 -0.227544
v 3.810454 -0.050000 -0.131868
v 4.000611 -0.050000 -0.131868
v 3.995827 -0.050000 -0.054591
v 4.138743 -0.050000 -0.063791
v 4.135754 -0.050000 -0.009513
v 3.992837 -0.050000 -0.000314
v 3.987455 -0.050000 0.085243
v 3.865468 -0.050000 0.085243
v 3.870252 -0.050000 0.007046
v 3.798495 -0.050000 0.011646
v 3.790123 -0.050000 0.166200
v 4.098679 -0.050000 0.166200
v 4.095689 -0.050000 0.220478
v 3.665146 -0.050000 0.220478
v 3.678900 -0.050000 -0.034352
v 3.873840 -0.050000 -0.047232
v 3.875634 -0.050000 -0.077590
v 3.650795 -0.050000 -0.077590
v 3.755440 -0.050000 -0.227544
v 3.755440 0.050000 -0.227544
v 3.658568 -0.050000 -0.227544
v 3.658568 0.050000 -0.227544
v 3.661558 -0.050000 -0.281822
v 3.661558 0.050000 -0.281822
v 3.793711 -0.050000 -0.281822
v 3.793711 0.050000 -0.281822
v 3.820620 -0.050000 -0.320461
v 3.820620 0.050000 -0.320461
v 3.942009 -0.050000 -0.320461
v 3.942009 0.050000 -0.320461
v 3.915100 -0.050000 -0.281822
v 3.915100 0.050000 -0.281822
v 4.125588 -0.050000 -0.281822
v 4.125588 0.050000 -0.281822
v 4.122598 -0.050000 -0.227544
v 4.122598 0.050000 -0.227544
v 3.877428 -0.050000 -0.227544
v 3.877428 0.050000 -0.227544
v 3.810454 -0.050000 -0.131868
v 3.810454 0.050000 -0.131868
v 4.000611 -0.050000 -0.131868
v 4.000611 0.050000 -0.131868
v 3.995827 -0.050000 -0.054591
v 3.995827 0.050000 -0.054591
v 4.138743 -0.050000 -0.063791
v 4.138743 0.050000 -0.063791
v 4.135754 -0.050000 -0.009513
v 4.135754 0.050000 -0.009513
v 3.992837 -0.050000 -0.000314
v 3.992837 0.050000 -0.000314
v 3.987455 -0.050000 0.085243
v 3.987455 0.050000 0.085243
v 3.865468 -0.050000 0.085243
v 3.865468 0.050000 0.085243
v 3.870252 -0.050000 0.007046
v 3.870252 0.050000 0.007046
v 3.798495 -0.050000 0.011646
v 3.798495 0.050000 0.011646
v 3.790123 -0.050000 0.166200
v 3.790123 0.050000 0.166200
v 4.098679 -0.050000 0.166200
v 4.098679 0.050000 0.166200
v 4.095689 -0.050000 0.220478
v 4.095689 0.050000 0.220478
v 3.665146 -0.050000 0.220478
v 3.665146 0.050000 0.220478
v 3.678900 -0.050000 -0.034352
v 3.678900 0.050000 -0.034352
v 3.873840 -0.050000 -0.047232
v 3.873840 0.050000 -0.047232
v 3.875634 -0.050000 -0.077590
v 3.875634 0.050000 -0.077590
v 3.650795 -0.050000 -0.077590
v 3.650795 0.050000 -0.077590
v 4.337869 -0.050000 -0.276302
v 4.337869 0.050000 -0.276302
v 4.239801 -0.050000 -0.276302
v 4.239801 0.050000 -0.276302
v 4.242791 -0.050000 -0.331500
v 4.242791 0.050000 -0.331500
v 4.340859 -0.050000 -0.331500
v 4.340859 0.050000 -0.331500
v 4.436535 -0.050000 -0.331500
v 4.436535 0.050000 -0.331500
v 4.425772 -0.050000 -0.140148
v 4.425772 0.050000 -0.140148
v 4.330096 -0.050000 -0.140148
v 4.330096 0.050000 -0.140148
v 4.327703 -0.050000 -0.140148
v 4.327703 0.050000 -0.140148
v 4.322322 -0.050000 -0.055511
v 4.322322 0.050000 -0.055511
v 4.325910 -0.050000 -0.055511
v 4.325910 0.050000 -0.055511
v 4.421586 -0.050000 -0.055511
v 4.421586 0.050000 -0.055511
v 4.406039 -0.050000 0.220478
v 4.406039 0.050000 0.220478
v 4.310362 -0.050000 0.220478
v 4.310362 0.050000 0.220478
v 4.243987 -0.050000 0.220478
v 4.243987 0.050000 0.220478
v 4.247575 -0.050000 0.165280
v 4.247575 0.050000 0.165280
v 4.313352 -0.050000 0.165280
v 4.313352 0.050000 0.165280
v 4.322920 -0.050000 -0.000314
v 4.322920 0.050000 -0.000314
v 4.319332 -0.050000 -0.000314
v 4.319332 0.050000 -0.000314
v 4.225450 -0.050000 -0.000314
v 4.225450 0.050000 -0.000314
v 4.223656 -0.050000 -0.000314
v 4.223656 0.050000 -0.000314
v 4.235017 -0.050000 -0.195346
v 4.235017 0.050000 -0.195346
v 4.330694 -0.050000 -0.195346
v 4.330694 0.050000 -0.195346
v 4.333086 -0.050000 -0.195346
v 4.333086 0.050000 -0.195346
v 4.476002 -0.050000 0.065924
v 4.476002 0.050000 0.065924
v 4.435339 -0.050000 0.065924
v 4.435339 0.050000 0.065924
v 4.447299 -0.050000 -0.147508
v 4.447299 0.050000 -0.147508
v 4.478394 -0.050000 -0.147508
v 4.478394 0.050000 -0.147508
v 4.533407 -0.050000 -0.147508
v 4.533407 0.050000 -0.147508
v 4.553141 -0.050000 -0.147508
v 4.553141 0.050000 -0.147508
v 4.556130 -0.050000 -0.199026
v 4.556130 0.050000 -0.199026
v 4.445505 -0.050000 -0.199026
v 4.445505 0.050000 -0.199026
v 4.448495 -0.050000 -0.254223
v 4.448495 0.050000 -0.254223
v 4.467032 -0.050000 -0.254223
v 4.467032 0.050000 -0.254223
v 4.485569 -0.050000 -0.331500
v 4.485569 0.050000 -0.331500
v 4.590813 -0.050000 -0.331500
v 4.590813 0.050000 -0.331500
v 4.572276 -0.050000 -0.254223
v 4.572276 0.050000 -0.254223
v 4.664364 -0.050000 -0.254223
v 4.664364 0.050000 -0.254223
v 4.654199 -0.050000 -0.309421
v 4.654199 0.050000 -0.309421
v 4.745091 -0.050000 -0.309421
v 4.745091 0.050000 -0.309421
v 4.770804 -0.050000 -0.173267
v 4.770804 0.050000 -0.173267
v 4.679912 -0.050000 -0.173267
v 4.679912 0.050000 -0.173267
v 4.675128 -0.050000 -0.199026
v 4.675128 0.050000 -0.199026
v 4.656590 -0.050000 -0.199026
v 4.656590 0.050000 -0.199026
v 4.653601 -0.050000 -0.147508
v 4.653601 0.050000 -0.147508
v 4.672138 -0.050000 -0.147508
v 4.672138 0.050000 -0.147508
v 4.728946 -0.050000 -0.147508
v 4.728946 0.050000 -0.147508
v 4.758246 -0.050000 -0.147508
v 4.758246 0.050000 -0.147508
v 4.746287 -0.050000 0.065924
v 4.746287 0.050000 0.065924
v 4.724760 -0.050000 0.065924
v 4.724760 0.050000 0.065924
v 4.660178 -0.050000 0.065924
v 4.660178 0.050000 0.065924
v 4.641043 -0.050000 0.065924
v 4.641043 0.050000 0.065924
v 4.636260 -0.050000 0.149640
v 4.636260 0.050000 0.149640
v 4.663766 -0.050000 0.147801
v 4.663766 0.050000 0.147801
v 4.660776 -0.050000 0.091683
v 4.660776 0.050000 0.091683
v 4.742101 -0.050000 0.091683
v 4.742101 0.050000 0.091683
v 4.749277 -0.050000 0.220478
v 4.749277 0.050000 0.220478
v 4.667952 -0.050000 0.220478
v 4.667952 0.050000 0.220478
v 4.666756 -0.050000 0.202078
v 4.666756 0.050000 0.202078
v 4.419194 -0.050000 0.220478
v 4.419194 0.050000 0.220478
v 4.422184 -0.050000 0.165280
v 4.422184 0.050000 0.165280
v 4.535800 -0.050000 0.157000
v 4.535800 0.050000 0.157000
v 4.540583 -0.050000 0.065924
v 4.540583 0.050000 0.065924
v 4.521448 -0.050000 0.065924
v 4.521448 0.050000 0.065924
v 4.530417 -0.050000 -0.092310
v 4.530417 0.050000 -0.092310
v 4.524438 -0.050000 0.010726
v 4.524438 0.050000 0.010726
v 4.544171 -0.050000 0.010726
v 4.544171 0.050000 0.010726
v 4.550151 -0.050000 -0.092310
v 4.550151 0.050000 -0.092310
v 4.663168 -0.050000 0.010726
v 4.663168 0.050000 0.010726
v 4.669148 -0.050000 -0.092310
v 4.669148 0.050000 -0.092310
v 4.650611 -0.050000 -0.092310
v 4.650611 0.050000 -0.092310
v 4.644631 -0.050000 0.010726
v 4.644631 0.050000 0.010726
v 5.155303 -0.050000 0.220478
v 5.155303 0.050000 0.220478
v 5.063812 -0.050000 0.220478
v 5.063812 0.050000 0.220478
v 5.096701 -0.050000 -0.331500
v 5.096701 0.050000 -0.331500
v 5.216296 -0.050000 -0.331500
v 5.216296 0.050000 -0.331500
v 5.207924 -0.050000 -0.189826
v 5.207924 0.050000 -0.189826
v 5.382534 -0.050000 -0.217425
v 5.382534 0.050000 -0.217425
v 5.379544 -0.050000 -0.154867
v 5.379544 0.050000 -0.154867
v 5.204337 -0.050000 -0.127268
v 5.204337 0.050000 -0.127268
v 5.186996 -0.050000 0.165280
v 5.186996 0.050000 0.165280
v 5.361006 -0.050000 0.165280
v 5.361006 0.050000 0.165280
v 5.358016 -0.050000 0.220478
v 5.358016 0.050000 0.220478
v 5.183407 -0.050000 0.220478
v 5.183407 0.050000 0.220478
v 4.882626 -0.050000 -0.054591
v 4.882626 0.050000 -0.054591
v 4.838973 -0.050000 -0.054591
v 4.838973 0.050000 -0.054591
v 4.937041 -0.050000 -0.331500
v 4.937041 0.050000 -0.331500
v 5.051853 -0.050000 -0.331500
v 5.051853 0.050000 -0.331500
v 4.999829 -0.050000 -0.185226
v 4.999829 0.050000 -0.185226
v 4.977106 -0.050000 0.220478
v 4.977106 0.050000 0.220478
v 4.867078 -0.050000 0.220478
v 4.867078 0.050000 0.220478
v 5.755073 -0.050000 -0.230304
v 5.755073 0.050000 -0.230304
v 5.472230 -0.050000 -0.230304
v 5.472230 0.050000 -0.230304
v 5.475220 -0.050000 -0.284582
v 5.475220 0.050000 -0.284582
v 5.906959 -0.050000 -0.284582
v 5.906959 0.050000 -0.284582
v 5.903969 -0.050000 -0.230304
v 5.903969 0.050000 -0.230304
v 5.910546 -0.050000 -0.230304
v 5.910546 0.050000 -0.230304
v 5.662386 -0.050000 0.147801
v 5.662386 0.050000 0.147801
v 5.939249 -0.050000 0.166200
v 5.939249 0.050000 0.166200
v 5.936259 -0.050000 0.220478
v 5.936259 0.050000 0.220478
v 5.509305 -0.050000 0.191959
v 5.509305 0.050000 0.191959
v 5.512294 -0.050000 0.137681
v 5.512294 0.050000 0.137681
v 5.999047 -0.050000 -0.320461
v 5.999047 0.050000 -0.320461
v 5.993665 -0.050000 -0.230304
v 5.993665 0.050000 -0.230304
v 5.967952 -0.050000 -0.230304
v 5.967952 0.050000 -0.230304
v 5.973334 -0.050000 -0.320461
v 5.973334 0.050000 -0.320461
v 5.954797 -0.050000 -0.320461
v 5.954797 0.050000 -0.320461
v 5.949415 -0.050000 -0.230304
v 5.949415 0.050000 -0.230304
v 5.923702 -0.050000 -0.230304
v 5.923702 0.050000 -0.230304
v 5.928486 -0.050000 -0.320461
v 5.928486 0.050000 -0.320461
v 6.351255 -0.050000 -0.237664
v 6.351255 0.050000 -0.237664
v 6.098311 -0.050000 -0.237664
v 6.098311 0.050000 -0.237664
v 6.101301 -0.050000 -0.291942
v 6.101301 0.050000 -0.291942
v 6.344677 -0.050000 -0.291942
v 6.344677 0.050000 -0.291942
v 6.341089 -0.050000 -0.320461
v 6.341089 0.050000 -0.320461
v 6.472644 -0.050000 -0.320461
v 6.472644 0.050000 -0.320461
v 6.476232 -0.050000 -0.291942
v 6.476232 0.050000 -0.291942
v 6.600611 -0.050000 -0.291942
v 6.600611 0.050000 -0.291942
v 6.597621 -0.050000 -0.237664
v 6.597621 0.050000 -0.237664
v 6.482212 -0.050000 -0.237664
v 6.482212 0.050000 -0.237664
v 6.491779 -0.050000 -0.158547
v 6.491779 0.050000 -0.158547
v 6.594033 -0.050000 -0.158547
v 6.594033 0.050000 -0.158547
v 6.591043 -0.050000 -0.104269
v 6.591043 0.050000 -0.104269
v 6.498357 -0.050000 -0.104269
v 6.498357 0.050000 -0.104269
v 6.515100 -0.050000 0.036485
v 6.515100 0.050000 0.036485
v 6.233454 -0.050000 0.036485
v 6.233454 0.050000 0.036485
v 6.226876 -0.050000 0.166200
v 6.226876 0.050000 0.166200
v 6.535432 -0.050000 0.166200
v 6.535432 0.050000 0.166200
v 6.532441 -0.050000 0.220478
v 6.532441 0.050000 0.220478
v 6.092929 -0.050000 0.220478
v 6.092929 0.050000 0.220478
v 6.104889 -0.050000 -0.017793
v 6.104889 0.050000 -0.017793
v 6.377566 -0.050000 -0.017793
v 6.377566 0.050000 -0.017793
v 6.367400 -0.050000 -0.104269
v 6.367400 0.050000 -0.104269
v 6.091733 -0.050000 -0.104269
v 6.091733 0.050000 -0.104269
v 6.094723 -0.050000 -0.158547
v 6.094723 0.050000 -0.158547
v 6.360822 -0.050000 -0.158547
v 6.360822 0.050000 -0.158547
v 7.007235 -0.050000 -0.251463
v 7.007235 0.050000 -0.251463
v 6.759074 -0.050000 -0.251463
v 6.759074 0.050000 -0.251463
v 6.762064 -0.050000 -0.305741
v 6.762064 0.050000 -0.305741
v 7.157327 -0.050000 -0.305741
v 7.157327 0.050000 -0.305741
v 7.093941 -0.050000 -0.118069
v 7.093941 0.050000 -0.118069
v 7.193205 -0.050000 -0.118069
v 7.193205 0.050000 -0.118069
v 7.173471 -0.050000 0.220478
v 7.173471 0.050000 0.220478
v 6.713628 -0.050000 0.220478
v 6.713628 0.050000 0.220478
v 6.724990 -0.050000 0.015326
v 6.724990 0.050000 0.015326
v 6.979130 -0.050000 0.015326
v 6.979130 0.050000 0.015326
v 6.970758 -0.050000 0.166200
v 6.970758 0.050000 0.166200
v 7.045505 -0.050000 0.166200
v 7.045505 0.050000 0.166200
v 7.058661 -0.050000 -0.064711
v 7.058661 0.050000 -0.064711
v 6.701071 -0.050000 -0.064711
v 6.701071 0.050000 -0.064711
v 6.704061 -0.050000 -0.118069
v 6.704061 0.050000 -0.118069
v 6.962386 -0.050000 -0.118069
v 6.962386 0.050000 -0.118069
v 6.815284 -0.050000 0.069604
v 6.815284 0.050000 0.069604
v 6.882257 -0.050000 0.069604
v 6.882257 0.050000 0.069604
v 6.876876 -0.050000 0.166200
v 6.876876 0.050000 0.166200
v 6.810500 -0.050000 0.166200
v 6.810500 0.050000 0.166200
vn -0.0000 1.0000 -0.0000
vn -0.0000 -1.0000 -0.0000
vn -0.8585 -0.0000 0.5128
vn -0.9688 -0.0000 0.2480
vn -0.9688 -0.0000 0.2479
vn -0.8164 -0.0000 -0.5775
vn -0.5185 -0.0000 -0.8551
vn 0.9687 -0.0000 -0.2482
vn 0.9687 -0.0000 -0.2483
vn 0.8585 -0.0000 -0.5128
vn 0.9687 -0.0000 -0.2481
vn 0.8164 -0.0001 0.5775
vn 0.8585 0.0001 -0.5128
vn 0.5171 -0.0000 0.8559
vn 0.8164 -0.0000 0.5775
vn 0.9689 -0.0000 -0.2473
vn 0.8609 -0.0000 -0.5088
vn 0.9689 0.0001 -0.2475
vn 0.8513 -0.0000 -0.5247
vn 0.8488 -0.0000 -0.5286
vn 0.8275 -0.0001 0.5615
vn 0.8487 -0.0000 -0.5288
vn 0.8244 -0.0000 0.5660
vn 0.8275 -0.0000 0.5615
vn 0.8131 -0.0000 0.5821
vn -0.8606 -0.0000 0.5093
vn -0.8511 -0.0000 0.5250
vn 0.8279 -0.0000 0.5609
vn -0.8510 -0.0000 0.5252
vn 0.8582 -0.0000 -0.5133
vn 0.8581 -0.0000 -0.5134
vn -0.8581 -0.0000 0.5135
vn -0.8283 -0.0000 -0.5603
vn -0.8581 0.0001 0.5135
vn -0.8262 -0.0000 -0.5634
vn -0.8599 -0.0000 0.5105
vn -0.9688 -0.0000 0.2478
vn -0.8582 -0.0000 0.5133
vn -0.8599 -0.0000 0.5104
vn -0.8167 -0.0000 -0.5771
vn -0.8581 -0.0000 0.5134
vn -0.0000 -0.0000 -1.0000
vn -0.8167 -0.0000 -0.5770
vn 0.8588 -0.0000 -0.5122
vn 0.8159 -0.0000 0.5782
vn -0.0000 -0.0000 1.0000
vn 0.8128 -0.0000 0.5825
vn 0.8615 -0.0000 -0.5078
vn 0.8614 0.0001 -0.5079
vn 0.8590 -0.0000 -0.5120
vn 0.8158 -0.0000 0.5783
vn 0.8589 -0.0000 -0.5121
vn -0.8619 -0.0000 0.5071
vn -0.8122 -0.0000 -0.5834
vn -0.8619 0.0001 0.5071
vn -0.8152 -0.0001 -0.5792
vn -0.8594 -0.0000 0.5113
vn -0.8152 -0.0000 -0.5792
vn -0.8594 0.0001 0.5113
vn -0.8596 -0.0000 0.5109
vn -0.8150 -0.0000 -0.5795
vn -0.8596 -0.0000 0.5110
vn -0.8147 -0.0001 -0.5799
vn -0.8147 -0.0000 -0.5799
vn -0.8589 -0.0000 0.5122
vn -0.8159 -0.0000 -0.5782
vn -0.8595 -0.0000 0.5111
vn -0.8150 -0.0000 -0.5794
vn -0.7312 -0.0001 -0.6822
vn -0.7312 -0.0000 -0.6822
vn 0.9109 -0.0000 -0.4127
vn 0.9108 -0.0000 -0.4127
vn 0.9109 -0.0000 -0.4126
vn -0.8975 -0.0000 -0.4411
vn -0.8975 -0.0001 -0.4410
vn 0.7560 -0.0000 -0.6545
vn 0.8987 -0.0000 0.4386
vn -0.7575 -0.0000 0.6528
vn 0.8152 -0.0001 0.5792
vn 0.8595 -0.0000 -0.5111
vn 0.8150 -0.0000 0.5794
vn 0.8596 -0.0000 -0.5110
vn 0.8589 -0.0000 -0.5122
vn 0.8160 -0.0000 0.5781
vn 0.8155 -0.0001 0.5787
vn 0.8492 -0.0000 -0.5281
vn 0.8155 -0.0000 0.5788
vn -0.8676 -0.0000 -0.4973
vn -0.8579 -0.0000 -0.5138
vn -0.8675 -0.0000 -0.4974
vn 0.8161 -0.0000 -0.5779
vn 0.8587 -0.0000 0.5125
vn -0.8121 -0.0000 0.5834
vn -0.7984 -0.0000 0.6021
vn -0.8122 0.0001 0.5834
vn -0.8470 -0.0000 0.5316
vn -0.7984 -0.0000 0.6022
vn -0.8293 -0.0000 -0.5589
vn -0.8469 -0.0000 0.5318
vn -0.8300 -0.0001 -0.5578
vn -0.8294 -0.0000 -0.5587
vn -0.8577 -0.0000 0.5142
vn -0.8300 -0.0000 -0.5578
vn 0.8152 -0.0000 0.5792
vn 0.8596 0.0001 -0.5110
vn -0.8596 0.0001 0.5110
vn -0.8600 -0.0000 0.5102
vn -0.8144 -0.0001 -0.5803
vn -0.8600 -0.0000 0.5103
vn 0.8599 -0.0000 -0.5105
vn -0.8145 -0.0000 -0.5802
vn 0.8355 -0.0000 -0.5495
vn 0.8311 -0.0000 -0.5561
vn 0.8455 -0.0000 0.5340
vn 0.8310 -0.0000 -0.5562
vn 0.8412 -0.0000 0.5407
vn 0.8599 -0.0000 -0.5104
vn 0.8411 -0.0000 0.5408
vn 0.8600 -0.0000 -0.5103
vn 0.8167 -0.0000 0.5771
vn 0.8168 -0.0000 0.5770
vn -0.9328 -0.0000 0.3603
vn -0.8590 -0.0000 0.5120
vn -0.6745 -0.0000 -0.7382
vn 0.9331 -0.0000 -0.3596
vn -0.6746 -0.0000 -0.7382
vn 0.9813 -0.0000 0.1926
vn -0.8590 -0.0000 0.5119
vn -0.9663 -0.0000 0.2574
vn 0.9661 -0.0000 -0.2583
vn 0.9699 -0.0000 -0.2436
vn 0.9660 -0.0000 -0.2584
vn 0.8681 -0.0000 -0.4964
vn 0.9699 0.0001 -0.2435
vn 0.8042 -0.0000 0.5943
vn 0.8681 0.0001 -0.4964
vn -0.8681 -0.0000 0.4963
vn -0.9565 -0.0000 -0.2917
vn -0.8681 0.0001 0.4964
vn 0.8145 -0.0000 0.5802
vn 0.8601 0.0001 -0.5101
vn 0.8601 -0.0000 -0.5102
vn -0.8601 -0.0000 0.5102
vn 0.8600 -0.0000 -0.5102
vn -0.8578 -0.0000 0.5140
vn -0.8172 -0.0000 -0.5764
vn -0.8578 0.0001 0.5140
vn -0.7877 -0.0000 0.6160
vn -0.7877 -0.0000 0.6161
vn -0.8164 -0.0001 -0.5775
vn -0.8585 0.0001 0.5128
vn -0.8813 -0.0000 -0.4726
vn 0.7855 -0.0000 -0.6189
vn 0.7854 -0.0000 -0.6190
vn 0.8798 -0.0000 0.4753
vn 0.7877 -0.0000 -0.6161
vn 0.8798 -0.0000 0.4754
vn 0.7877 0.0001 -0.6161
vn 0.8792 -0.0001 0.4765
vn 0.8792 -0.0000 0.4764
vn 0.8792 -0.0000 0.4765
vn 0.8182 -0.0000 0.5749
vn 0.8569 -0.0000 -0.5154
vn 0.8585 -0.0000 -0.5129
vn 0.8570 -0.0000 -0.5153
vn -0.8568 -0.0000 0.5156
vn -0.8184 -0.0000 -0.5746
vn -0.8568 -0.0000 0.5157
vn -0.8788 -0.0001 -0.4772
vn -0.7891 -0.0000 0.6142
vn -0.8788 -0.0000 -0.4772
vn -0.7892 -0.0000 0.6141
vn -0.8798 -0.0000 -0.4754
vn -0.8163 -0.0000 -0.5776
vn -0.8797 -0.0000 -0.4754
vn -0.9299 -0.0000 0.3678
vn 0.9301 -0.0000 -0.3673
vn 0.8596 -0.0000 -0.5109
vn 0.9301 -0.0000 -0.3672
vn -0.8586 -0.0000 0.5126
vn 0.8150 -0.0000 0.5795
vn -0.8162 -0.0000 -0.5778
vn 0.8587 -0.0000 -0.5125
vn 0.8587 0.0001 -0.5125
vn -0.8156 -0.0000 -0.5786
vn -0.8592 -0.0000 0.5117
vn -0.8588 -0.0000 0.5123
vn -0.8591 -0.0000 0.5118
vn -0.8160 -0.0000 -0.5781
vn -0.8589 0.0001 0.5122
vn -0.6835 -0.0000 -0.7300
vn -0.8186 -0.0000 -0.5743
vn -0.8187 -0.0000 -0.5742
vn 0.8161 -0.0000 0.5779
vn -0.8566 -0.0000 0.5160
vn -0.8565 0.0001 0.5161
vt 0.947368 0.000000
vt 1.000000 0.000000
vt 0.368421 0.000000
vt 0.421053 0.000000
vt 0.842105 0.000000
vt 0.894737 0.000000
vt 0.315789 0.000000
vt 0.263158 0.000000
vt 0.631579 0.000000
vt 0.210526 0.000000
vt 0.578947 0.000000
vt 0.526316 0.000000
vt 0.000000 0.000000
vt 0.789474 0.000000
vt 0.157895 0.000000
vt 0.473684 0.000000
vt 0.105263 0.000000
vt 0.052632 0.000000
vt 0.684211 0.000000
vt 0.736842 0.000000
vt 0.800000 0.000000
vt 0.760000 0.000000
vt 0.640000 0.000000
vt 0.600000 0.000000
vt 0.840000 0.000000
vt 0.120000 0.000000
vt 0.040000 0.000000
vt 0.080000 0.000000
vt 0.560000 0.000000
vt 0.520000 0.000000
vt 0.480000 0.000000
vt 0.440000 0.000000
vt 0.400000 0.000000
vt 0.320000 0.000000
vt 0.280000 0.000000
vt 0.360000 0.000000
vt 0.240000 0.000000
vt 0.720000 0.000000
vt 0.880000 0.000000
vt 0.200000 0.000000
vt 0.160000 0.000000
vt 0.680000 0.000000
vt 0.920000 0.000000
vt 0.960000 0.000000
vt 0.222222 0.000000
vt 0.166667 0.000000
vt 0.555556 0.000000
vt 0.500000 0.000000
vt 0.333333 0.000000
vt 0.111111 0.000000
vt 0.055556 0.000000
vt 0.777778 0.000000
vt 0.666667 0.000000
vt 0.611111 0.000000
vt 0.722222 0.000000
vt 0.888889 0.000000
vt 0.833333 0.000000
vt 0.444444 0.000000
vt 0.388889 0.000000
vt 0.944444 0.000000
vt 0.277778 0.000000
vt 0.271429 0.000000
vt 0.257143 0.000000
vt 0.285714 0.000000
vt 0.171429 0.000000
vt 0.185714 0.000000
vt 0.228571 0.000000
vt 0.114286 0.000000
vt 0.242857 0.000000
vt 0.300000 0.000000
vt 0.085714 0.000000
vt 0.314286 0.000000
vt 0.100000 0.000000
vt 0.128571 0.000000
vt 0.214286 0.000000
vt 0.042857 0.000000
vt 0.057143 0.000000
vt 0.457143 0.000000
vt 0.442857 0.000000
vt 0.428571 0.000000
vt 0.885714 0.000000
vt 0.914286 0.000000
vt 0.328571 0.000000
vt 0.900000 0.000000
vt 0.371429 0.000000
vt 0.071429 0.000000
vt 0.157143 0.000000
vt 0.142857 0.000000
vt 0.028571 0.000000
vt 0.014286 0.000000
vt 0.385714 0.000000
vt 0.942857 0.000000
vt 0.714286 0.000000
vt 0.700000 0.000000
vt 0.871429 0.000000
vt 0.857143 0.000000
vt 0.728571 0.000000
vt 0.928571 0.000000
vt 0.985714 0.000000
vt 0.614286 0.000000
vt 0.414286 0.000000
vt 0.642857 0.000000
vt 0.685714 0.000000
vt 0.671429 0.000000
vt 0.657143 0.000000
vt 0.557143 0.000000
vt 0.542857 0.000000
vt 0.585714 0.000000
vt 0.814286 0.000000
vt 0.785714 0.000000
vt 0.742857 0.000000
vt 0.771429 0.000000
vt 0.757143 0.000000
vt 0.971429 0.000000
vt 0.957143 0.000000
vt 0.628571 0.000000
vt 0.514286 0.000000
vt 0.528571 0.000000
vt 0.842857 0.000000
vt 0.828571 0.000000
vt 0.471429 0.000000
vt 0.485714 0.000000
vt 0.342857 0.000000
vt 0.357143 0.000000
vt 0.571429 0.000000
vt 0.851852 0.000000
vt 0.740741 0.000000
vt 0.074074 0.000000
vt 0.037037 0.000000
vt 0.925926 0.000000
vt 0.703704 0.000000
vt 0.370370 0.000000
vt 0.296296 0.000000
vt 0.259259 0.000000
vt 0.518519 0.000000
vt 0.481481 0.000000
vt 0.962963 0.000000
vt 0.407407 0.000000
vt 0.814815 0.000000
vt 0.629630 0.000000
vt 0.592593 0.000000
vt 0.148148 0.000000
vt 0.185185 0.000000
vt 0.035714 1.000000
vt 0.000000 1.000000
vt 0.071429 1.000000
vt 0.035714 0.000000
vt 0.107143 1.000000
vt 0.142857 1.000000
vt 0.107143 0.000000
vt 0.178571 1.000000
vt 0.214286 1.000000
vt 0.178571 0.000000
vt 0.250000 1.000000
vt 0.285714 1.000000
vt 0.250000 0.000000
vt 0.321429 1.000000
vt 0.357143 1.000000
vt 0.321429 0.000000
vt 0.392857 1.000000
vt 0.428571 1.000000
vt 0.392857 0.000000
vt 0.464286 1.000000
vt 0.500000 1.000000
vt 0.464286 0.000000
vt 0.535714 1.000000
vt 0.571429 1.000000
vt 0.535714 0.000000
vt 0.607143 1.000000
vt 0.642857 1.000000
vt 0.607143 0.000000
vt 0.678571 1.000000
vt 0.714286 1.000000
vt 0.678571 0.000000
vt 0.750000 1.000000
vt 0.785714 1.000000
vt 0.750000 0.000000
vt 0.821429 1.000000
vt 0.857143 1.000000
vt 0.821429 0.000000
vt 0.892857 1.000000
vt 0.928571 1.000000
vt 0.892857 0.000000
vt 0.964286 1.000000
vt 1.000000 1.000000
vt 0.964286 0.000000
vt 0.043478 1.000000
vt 0.086957 1.000000
vt 0.043478 0.000000
vt 0.130435 1.000000
vt 0.086957 0.000000
vt 0.173913 1.000000
vt 0.130435 0.000000
vt 0.217391 1.000000
vt 0.173913 0.000000
vt 0.260870 1.000000
vt 0.217391 0.000000
vt 0.304348 1.000000
vt 0.260870 0.000000
vt 0.347826 1.000000
vt 0.304348 0.000000
vt 0.391304 1.000000
vt 0.347826 0.000000
vt 0.434783 1.000000
vt 0.391304 0.000000
vt 0.478261 1.000000
vt 0.434783 0.000000
vt 0.521739 1.000000
vt 0.478261 0.000000
vt 0.565217 1.000000
vt 0.521739 0.000000
vt 0.608696 1.000000
vt 0.565217 0.000000
vt 0.652174 1.000000
vt 0.608696 0.000000
vt 0.695652 1.000000
vt 0.652174 0.000000
vt 0.739130 1.000000
vt 0.695652 0.000000
vt 0.782609 1.000000
vt 0.739130 0.000000
vt 0.826087 1.000000
vt 0.782609 0.000000
vt 0.869565 1.000000
vt 0.826087 0.000000
vt 0.913043 1.000000
vt 0.869565 0.000000
vt 0.956522 1.000000
vt 0.913043 0.000000
vt 0.956522 0.000000
vt 0.025000 1.000000
vt 0.050000 1.000000
vt 0.025000 0.000000
vt 0.075000 1.000000
vt 0.050000 0.000000
vt 0.100000 1.000000
vt 0.075000 0.000000
vt 0.125000 1.000000
vt 0.150000 1.000000
vt 0.125000 0.000000
vt 0.175000 1.000000
vt 0.150000 0.000000
vt 0.200000 1.000000
vt 0.175000 0.000000
vt 0.225000 1.000000
vt 0.225000 0.000000
vt 0.275000 1.000000
vt 0.300000 1.000000
vt 0.275000 0.000000
vt 0.325000 1.000000
vt 0.350000 1.000000
vt 0.325000 0.000000
vt 0.375000 1.000000
vt 0.350000 0.000000
vt 0.400000 1.000000
vt 0.375000 0.000000
vt 0.425000 1.000000
vt 0.450000 1.000000
vt 0.425000 0.000000
vt 0.475000 1.000000
vt 0.450000 0.000000
vt 0.475000 0.000000
vt 0.525000 1.000000
vt 0.550000 1.000000
vt 0.525000 0.000000
vt 0.575000 1.000000
vt 0.550000 0.000000
vt 0.600000 1.000000
vt 0.575000 0.000000
vt 0.625000 1.000000
vt 0.650000 1.000000
vt 0.625000 0.000000
vt 0.675000 1.000000
vt 0.650000 0.000000
vt 0.700000 1.000000
vt 0.675000 0.000000
vt 0.725000 1.000000
vt 0.725000 0.000000
vt 0.775000 1.000000
vt 0.800000 1.000000
vt 0.775000 0.000000
vt 0.825000 1.000000
vt 0.850000 1.000000
vt 0.825000 0.000000
vt 0.875000 1.000000
vt 0.850000 0.000000
vt 0.900000 1.000000
vt 0.875000 0.000000
vt 0.925000 1.000000
vt 0.950000 1.000000
vt 0.925000 0.000000
vt 0.975000 1.000000
vt 0.950000 0.000000
vt 0.975000 0.000000
vt 0.083333 1.000000
vt 0.166667 1.000000
vt 0.083333 0.000000
vt 0.333333 1.000000
vt 0.416667 1.000000
vt 0.416667 0.000000
vt 0.583333 1.000000
vt 0.666667 1.000000
vt 0.583333 0.000000
vt 0.833333 1.000000
vt 0.916667 1.000000
vt 0.916667 0.000000
vt 0.090909 1.000000
vt 0.181818 1.000000
vt 0.090909 0.000000
vt 0.272727 1.000000
vt 0.181818 0.000000
vt 0.363636 1.000000
vt 0.272727 0.000000
vt 0.454545 1.000000
vt 0.363636 0.000000
vt 0.545455 1.000000
vt 0.454545 0.000000
vt 0.636364 1.000000
vt 0.545455 0.000000
vt 0.727273 1.000000
vt 0.636364 0.000000
vt 0.818182 1.000000
vt 0.727273 0.000000
vt 0.909091 1.000000
vt 0.818182 0.000000
vt 0.909091 0.000000
vt 0.038462 1.000000
vt 0.076923 1.000000
vt 0.038462 0.000000
vt 0.115385 1.000000
vt 0.076923 0.000000
vt 0.153846 1.000000
vt 0.115385 0.000000
vt 0.192308 1.000000
vt 0.153846 0.000000
vt 0.230769 1.000000
vt 0.192308 0.000000
vt 0.269231 1.000000
vt 0.230769 0.000000
vt 0.307692 1.000000
vt 0.269231 0.000000
vt 0.346154 1.000000
vt 0.307692 0.000000
vt 0.384615 1.000000
vt 0.346154 0.000000
vt 0.423077 1.000000
vt 0.384615 0.000000
vt 0.461538 1.000000
vt 0.423077 0.000000
vt 0.461538 0.000000
vt 0.538462 1.000000
vt 0.576923 1.000000
vt 0.538462 0.000000
vt 0.615385 1.000000
vt 0.576923 0.000000
vt 0.653846 1.000000
vt 0.615385 0.000000
vt 0.692308 1.000000
vt 0.653846 0.000000
vt 0.730769 1.000000
vt 0.692308 0.000000
vt 0.769231 1.000000
vt 0.730769 0.000000
vt 0.807692 1.000000
vt 0.769231 0.000000
vt 0.846154 1.000000
vt 0.807692 0.000000
vt 0.884615 1.000000
vt 0.846154 0.000000
vt 0.923077 1.000000
vt 0.884615 0.000000
vt 0.961538 1.000000
vt 0.923077 0.000000
vt 0.961538 0.000000
vt 0.062500 1.000000
vt 0.062500 0.000000
vt 0.187500 1.000000
vt 0.187500 0.000000
vt 0.312500 1.000000
vt 0.312500 0.000000
vt 0.437500 1.000000
vt 0.437500 0.000000
vt 0.562500 1.000000
vt 0.562500 0.000000
vt 0.687500 1.000000
vt 0.687500 0.000000
vt 0.812500 1.000000
vt 0.812500 0.000000
vt 0.937500 1.000000
vt 0.937500 0.000000
s 1
usemtl Material.026
f 1755/659/417 1756/660/417 1744/661/417
f 1745/662/417 1744/661/417 1756/660/417
f 1756/660/417 1753/663/417 1745/662/417
f 1753/663/417 1754/664/417 1745/662/417
f 1743/665/417 1742/666/417 1749/667/417
f 1741/668/417 1749/667/417 1742/666/417
f 1748/669/417 1747/670/417 1743/665/417
f 1743/665/417 1749/667/417 1748/669/417
f 1737/671/417 1752/672/417 1749/667/417
f 1749/667/417 1741/668/417 1737/671/417
f 1741/668/417 1740/673/417 1737/671/417
f 1743/665/417 1747/670/417 1744/661/417
f 1755/659/417 1744/661/417 1747/670/417
f 1754/664/417 1755/659/417 1747/670/417
f 1747/670/417 1746/674/417 1754/664/417
f 1739/675/417 1738/676/417 1737/671/417
f 1737/671/417 1740/673/417 1739/675/417
f 1754/664/417 1746/674/417 1745/662/417
f 1749/667/417 1752/672/417 1750/677/417
f 1751/678/417 1750/677/417 1752/672/417
f 1777/679/417 1776/680/417 1773/681/417
f 1773/681/417 1772/682/417 1777/679/417
f 1777/679/417 1772/682/417 1778/683/417
f 1757/671/417 1760/684/417 1758/685/417
f 1759/686/417 1758/685/417 1760/684/417
f 1771/687/417 1778/683/417 1772/682/417
f 1770/688/417 1778/683/417 1771/687/417
f 1769/689/417 1768/690/417 1770/688/417
f 1767/691/417 1770/688/417 1768/690/417
f 1765/692/417 1764/693/417 1766/694/417
f 1763/695/417 1766/694/417 1764/693/417
f 1773/681/417 1776/680/417 1775/696/417
f 1778/683/417 1770/688/417 1779/697/417
f 1770/688/417 1767/691/417 1779/697/417
f 1782/660/417 1779/697/417 1767/691/417
f 1767/691/417 1766/694/417 1782/660/417
f 1757/671/417 1782/660/417 1766/694/417
f 1766/694/417 1763/695/417 1757/671/417
f 1760/684/417 1757/671/417 1763/695/417
f 1763/695/417 1762/698/417 1760/684/417
f 1761/699/417 1760/684/417 1762/698/417
f 1775/696/417 1774/700/417 1773/681/417
f 1779/697/417 1782/660/417 1780/701/417
f 1781/702/417 1780/701/417 1782/660/417
f 1787/703/417 1786/704/417 1783/671/417
f 1793/705/417 1792/706/417 1789/707/417
f 1789/707/417 1783/671/417 1793/705/417
f 1785/708/417 1784/709/417 1783/671/417
f 1797/710/417 1795/711/417 1794/712/417
f 1795/711/417 1797/710/417 1796/713/417
f 1801/660/417 1799/714/417 1798/715/417
f 1789/707/417 1792/706/417 1791/716/417
f 1791/716/417 1790/717/417 1789/707/417
f 1783/671/417 1789/707/417 1787/703/417
f 1800/718/417 1799/714/417 1801/660/417
f 1783/671/417 1786/704/417 1785/708/417
f 1788/719/417 1787/703/417 1789/707/417
f 1814/711/417 1816/710/417 1815/713/417
f 1814/711/417 1820/660/417 1819/718/417
f 1819/718/417 1818/714/417 1814/711/417
f 1816/710/417 1814/711/417 1818/714/417
f 1818/714/417 1817/715/417 1816/710/417
f 1802/671/417 1813/712/417 1810/716/417
f 1810/716/417 1813/712/417 1812/705/417
f 1812/705/417 1811/706/417 1810/716/417
f 1806/703/417 1809/717/417 1808/707/417
f 1808/707/417 1807/719/417 1806/703/417
f 1802/671/417 1810/716/417 1803/709/417
f 1810/716/417 1809/717/417 1803/709/417
f 1803/709/417 1809/717/417 1804/708/417
f 1809/717/417 1806/703/417 1804/708/417
f 1806/703/417 1805/704/417 1804/708/417
f 1840/720/417 1839/721/417 1841/722/417
f 1833/723/417 1835/698/417 1834/724/417
f 1837/725/417 1829/726/417 1838/727/417
f 1842/728/417 1827/729/417 1843/730/417
f 1827/729/417 1842/728/417 1828/731/417
f 1829/726/417 1837/725/417 1830/732/417
f 1835/698/417 1833/723/417 1836/733/417
f 1838/727/417 1829/726/417 1839/721/417
f 1841/722/417 1839/721/417 1829/726/417
f 1829/726/417 1828/731/417 1841/722/417
f 1828/731/417 1842/728/417 1841/722/417
f 1824/734/417 1821/671/417 1825/735/417
f 1853/736/417 1852/737/417 1851/738/417
f 1883/739/417 1885/740/417 1844/741/417
f 1885/740/417 1884/742/417 1847/743/417
f 1843/730/417 1826/744/417 1821/671/417
f 1836/733/417 1833/723/417 1832/745/417
f 1837/725/417 1836/733/417 1832/745/417
f 1830/732/417 1837/725/417 1831/746/417
f 1843/730/417 1827/729/417 1826/744/417
f 1823/747/417 1822/748/417 1821/671/417
f 1821/671/417 1824/734/417 1823/747/417
f 1848/749/417 1884/742/417 1887/750/417
f 1887/750/417 1849/691/417 1848/749/417
f 1891/660/417 1871/751/417 1870/752/417
f 1882/753/417 1881/754/417 1872/755/417
f 1872/755/417 1871/751/417 1882/753/417
f 1886/756/417 1882/753/417 1871/751/417
f 1871/751/417 1891/660/417 1886/756/417
f 1887/750/417 1886/756/417 1891/660/417
f 1891/660/417 1890/757/417 1887/750/417
f 1849/691/417 1887/750/417 1890/757/417
f 1890/757/417 1864/758/417 1849/691/417
f 1850/759/417 1849/691/417 1864/758/417
f 1864/758/417 1863/682/417 1850/759/417
f 1856/706/417 1850/759/417 1863/682/417
f 1866/760/417 1869/761/417 1868/762/417
f 1868/762/417 1867/763/417 1866/760/417
f 1860/764/417 1859/765/417 1862/766/417
f 1878/767/417 1877/679/417 1876/768/417
f 1873/769/417 1878/767/417 1876/768/417
f 1876/768/417 1875/770/417 1873/769/417
f 1874/771/417 1873/769/417 1875/770/417
f 1889/772/417 1888/773/417 1869/761/417
f 1869/761/417 1866/760/417 1889/772/417
f 1865/774/417 1889/772/417 1866/760/417
f 1857/775/417 1862/766/417 1859/765/417
f 1872/755/417 1881/754/417 1878/767/417
f 1878/767/417 1873/769/417 1872/755/417
f 1869/761/417 1888/773/417 1870/752/417
f 1891/660/417 1870/752/417 1888/773/417
f 1864/758/417 1890/757/417 1889/772/417
f 1889/772/417 1865/774/417 1864/758/417
f 1862/766/417 1857/775/417 1863/682/417
f 1856/706/417 1863/682/417 1857/775/417
f 1857/775/417 1859/765/417 1858/776/417
f 1880/777/417 1879/778/417 1881/754/417
f 1885/740/417 1883/739/417 1882/753/417
f 1882/753/417 1886/756/417 1885/740/417
f 1884/742/417 1848/749/417 1847/743/417
f 1853/736/417 1851/738/417 1850/759/417
f 1850/759/417 1856/706/417 1853/736/417
f 1854/779/417 1853/736/417 1856/706/417
f 1856/706/417 1855/780/417 1854/779/417
f 1825/735/417 1821/671/417 1826/744/417
f 1831/746/417 1837/725/417 1832/745/417
f 1845/781/417 1844/741/417 1846/782/417
f 1844/741/417 1885/740/417 1846/782/417
f 1847/743/417 1846/782/417 1885/740/417
f 1862/766/417 1861/783/417 1860/764/417
f 1881/754/417 1879/778/417 1878/767/417
f 1916/714/417 1915/784/417 1912/785/417
f 1894/786/417 1893/787/417 1892/671/417
f 1910/711/417 1917/788/417 1911/789/417
f 1916/714/417 1912/785/417 1911/789/417
f 1911/789/417 1917/788/417 1916/714/417
f 1902/790/417 1895/708/417 1892/671/417
f 1894/786/417 1892/671/417 1895/708/417
f 1900/791/417 1899/792/417 1898/703/417
f 1904/716/417 1907/705/417 1906/793/417
f 1906/793/417 1905/794/417 1904/716/417
f 1918/795/417 1904/716/417 1903/796/417
f 1912/785/417 1915/784/417 1914/797/417
f 1914/797/417 1913/710/417 1912/785/417
f 1910/711/417 1909/798/417 1908/799/417
f 1908/799/417 1907/705/417 1910/711/417
f 1917/788/417 1910/711/417 1907/705/417
f 1907/705/417 1904/716/417 1917/788/417
f 1904/716/417 1918/795/417 1917/788/417
f 1892/671/417 1919/660/417 1902/790/417
f 1918/795/417 1903/796/417 1902/790/417
f 1895/708/417 1902/790/417 1901/707/417
f 1896/800/417 1895/708/417 1901/707/417
f 1901/707/417 1898/703/417 1896/800/417
f 1898/703/417 1897/801/417 1896/800/417
f 1898/703/417 1901/707/417 1900/791/417
f 1918/795/417 1902/790/417 1919/660/417
f 1938/659/418 1927/661/418 1939/660/418
f 1928/662/418 1939/660/418 1927/661/418
f 1939/660/418 1928/662/418 1936/663/418
f 1936/663/418 1928/662/418 1937/664/418
f 1926/665/418 1932/667/418 1925/666/418
f 1924/668/418 1925/666/418 1932/667/418
f 1931/669/418 1926/665/418 1930/670/418
f 1926/665/418 1931/669/418 1932/667/418
f 1920/671/418 1932/667/418 1935/672/418
f 1932/667/418 1920/671/418 1924/668/418
f 1924/668/418 1920/671/418 1923/673/418
f 1926/665/418 1927/661/418 1930/670/418
f 1938/659/418 1930/670/418 1927/661/418
f 1937/664/418 1930/670/418 1938/659/418
f 1930/670/418 1937/664/418 1929/674/418
f 1922/675/418 1920/671/418 1921/676/418
f 1920/671/418 1922/675/418 1923/673/418
f 1937/664/418 1928/662/418 1929/674/418
f 1932/667/418 1933/677/418 1935/672/418
f 1934/678/418 1935/672/418 1933/677/418
f 1960/679/418 1956/681/418 1959/680/418
f 1956/681/418 1960/679/418 1955/682/418
f 1960/679/418 1961/683/418 1955/682/418
f 1940/671/418 1941/685/418 1943/684/418
f 1942/686/418 1943/684/418 1941/685/418
f 1954/687/418 1955/682/418 1961/683/418
f 1953/688/418 1954/687/418 1961/683/418
f 1952/689/418 1953/688/418 1951/690/418
f 1950/691/418 1951/690/418 1953/688/418
f 1948/692/418 1949/694/418 1947/693/418
f 1946/695/418 1947/693/418 1949/694/418
f 1956/681/418 1958/696/418 1959/680/418
f 1961/683/418 1962/697/418 1953/688/418
f 1953/688/418 1962/697/418 1950/691/418
f 1965/660/418 1950/691/418 1962/697/418
f 1950/691/418 1965/660/418 1949/694/418
f 1940/671/418 1949/694/418 1965/660/418
f 1949/694/418 1940/671/418 1946/695/418
f 1943/684/418 1946/695/418 1940/671/418
f 1946/695/418 1943/684/418 1945/698/418
f 1944/699/418 1945/698/418 1943/684/418
f 1958/696/418 1956/681/418 1957/700/418
f 1962/697/418 1963/701/418 1965/660/418
f 1964/702/418 1965/660/418 1963/701/418
f 1970/703/418 1966/671/418 1969/704/418
f 1976/705/418 1972/707/418 1975/706/418
f 1972/707/418 1976/705/418 1966/671/418
f 1968/708/418 1966/671/418 1967/709/418
f 1980/710/418 1977/712/418 1978/711/418
f 1978/711/418 1979/713/418 1980/710/418
f 1984/660/418 1981/715/418 1982/714/418
f 1972/707/418 1974/716/418 1975/706/418
f 1974/716/418 1972/707/418 1973/717/418
f 1966/671/418 1970/703/418 1972/707/418
f 1983/718/418 1984/660/418 1982/714/418
f 1966/671/418 1968/708/418 1969/704/418
f 1971/719/418 1972/707/418 1970/703/418
f 1997/711/418 1998/713/418 1999/710/418
f 1997/711/418 2002/718/418 2003/660/418
f 2002/718/418 1997/711/418 2001/714/418
f 1999/710/418 2001/714/418 1997/711/418
f 2001/714/418 1999/710/418 2000/715/418
f 1985/671/418 1993/716/418 1996/712/418
f 1993/716/418 1995/705/418 1996/712/418
f 1995/705/418 1993/716/418 1994/706/418
f 1989/703/418 1991/707/418 1992/717/418
f 1991/707/418 1989/703/418 1990/719/418
f 1985/671/418 1986/709/418 1993/716/418
f 1993/716/418 1986/709/418 1992/717/418
f 1986/709/418 1987/708/418 1992/717/418
f 1992/717/418 1987/708/418 1989/703/418
f 1989/703/418 1987/708/418 1988/704/418
f 2023/720/418 2024/722/418 2022/721/418
f 2016/723/418 2017/724/418 2018/698/418
f 2020/725/418 2021/727/418 2012/726/418
f 2025/728/418 2026/730/418 2010/729/418
f 2010/729/418 2011/731/418 2025/728/418
f 2012/726/418 2013/732/418 2020/725/418
f 2018/698/418 2019/733/418 2016/723/418
f 2021/727/418 2022/721/418 2012/726/418
f 2024/722/418 2012/726/418 2022/721/418
f 2012/726/418 2024/722/418 2011/731/418
f 2011/731/418 2024/722/418 2025/728/418
f 2007/734/418 2008/735/418 2004/671/418
f 2036/736/418 2034/738/418 2035/737/418
f 2066/739/418 2027/741/418 2068/740/418
f 2068/740/418 2030/743/418 2067/742/418
f 2026/730/418 2004/671/418 2009/744/418
f 2019/733/418 2015/745/418 2016/723/418
f 2020/725/418 2015/745/418 2019/733/418
f 2013/732/418 2014/746/418 2020/725/418
f 2026/730/418 2009/744/418 2010/729/418
f 2006/747/418 2004/671/418 2005/748/418
f 2004/671/418 2006/747/418 2007/734/418
f 2031/749/418 2070/750/418 2067/742/418
f 2070/750/418 2031/749/418 2032/691/418
f 2074/660/418 2053/752/418 2054/751/418
f 2065/753/418 2055/755/418 2064/754/418
f 2055/755/418 2065/753/418 2054/751/418
f 2069/756/418 2054/751/418 2065/753/418
f 2054/751/418 2069/756/418 2074/660/418
f 2070/750/418 2074/660/418 2069/756/418
f 2074/660/418 2070/750/418 2073/757/418
f 2032/691/418 2073/757/418 2070/750/418
f 2073/757/418 2032/691/418 2047/758/418
f 2033/759/418 2047/758/418 2032/691/418
f 2047/758/418 2033/759/418 2046/682/418
f 2039/706/418 2046/682/418 2033/759/418
f 2049/760/418 2051/762/418 2052/761/418
f 2051/762/418 2049/760/418 2050/763/418
f 2043/764/418 2045/766/418 2042/765/418
f 2061/767/418 2059/768/418 2060/679/418
f 2056/769/418 2059/768/418 2061/767/418
f 2059/768/418 2056/769/418 2058/770/418
f 2057/771/418 2058/770/418 2056/769/418
f 2072/772/418 2052/761/418 2071/773/418
f 2052/761/418 2072/772/418 2049/760/418
f 2048/774/418 2049/760/418 2072/772/418
f 2040/775/418 2042/765/418 2045/766/418
f 2055/755/418 2061/767/418 2064/754/418
f 2061/767/418 2055/755/418 2056/769/418
f 2052/761/418 2053/752/418 2071/773/418
f 2074/660/418 2071/773/418 2053/752/418
f 2047/758/418 2072/772/418 2073/757/418
f 2072/772/418 2047/758/418 2048/774/418
f 2045/766/418 2046/682/418 2040/775/418
f 2039/706/418 2040/775/418 2046/682/418
f 2040/775/418 2041/776/418 2042/765/418
f 2063/777/418 2064/754/418 2062/778/418
f 2068/740/418 2065/753/418 2066/739/418
f 2065/753/418 2068/740/418 2069/756/418
f 2067/742/418 2030/743/418 2031/749/418
f 2036/736/418 2033/759/418 2034/738/418
f 2033/759/418 2036/736/418 2039/706/418
f 2037/779/418 2039/706/418 2036/736/418
f 2039/706/418 2037/779/418 2038/780/418
f 2008/735/418 2009/744/418 2004/671/418
f 2014/746/418 2015/745/418 2020/725/418
f 2028/781/418 2029/782/418 2027/741/418
f 2027/741/418 2029/782/418 2068/740/418
f 2030/743/418 2068/740/418 2029/782/418
f 2045/766/418 2043/764/418 2044/783/418
f 2064/754/418 2061/767/418 2062/778/418
f 2099/714/418 2095/785/418 2098/784/418
f 2077/786/418 2075/671/418 2076/787/418
f 2093/711/418 2094/789/418 2100/788/418
f 2099/714/418 2094/789/418 2095/785/418
f 2094/789/418 2099/714/418 2100/788/418
f 2085/790/418 2075/671/418 2078/708/418
f 2077/786/418 2078/708/418 2075/671/418
f 2083/791/418 2081/703/418 2082/792/418
f 2087/716/418 2089/793/418 2090/705/418
f 2089/793/418 2087/716/418 2088/794/418
f 2101/795/418 2086/796/418 2087/716/418
f 2095/785/418 2097/797/418 2098/784/418
f 2097/797/418 2095/785/418 2096/710/418
f 2093/711/418 2091/799/418 2092/798/418
f 2091/799/418 2093/711/418 2090/705/418
f 2100/788/418 2090/705/418 2093/711/418
f 2090/705/418 2100/788/418 2087/716/418
f 2087/716/418 2100/788/418 2101/795/418
f 2075/671/418 2085/790/418 2102/660/418
f 2101/795/418 2085/790/418 2086/796/418
f 2078/708/418 2084/707/418 2085/790/418
f 2079/800/418 2084/707/418 2078/708/418
f 2084/707/418 2079/800/418 2081/703/418
f 2081/703/418 2079/800/418 2080/801/418
f 2081/703/418 2083/791/418 2084/707/418
f 2101/795/418 2102/660/418 2085/790/418
f 2106/802/419 2103/671/420 2104/803/421
f 2108/804/422 2105/805/419 2106/802/419
f 2110/806/423 2107/744/422 2108/804/422
f 2112/807/423 2109/808/423 2110/806/423
f 2114/809/424 2111/746/423 2112/807/423
f 2116/810/424 2113/811/425 2114/809/424
f 2118/812/426 2115/733/427 2116/810/424
f 2120/813/428 2117/814/429 2118/812/426
f 2122/815/430 2119/722/431 2120/813/428
f 2124/816/432 2121/817/430 2122/815/430
f 2126/818/433 2123/782/434 2124/816/432
f 2128/819/435 2125/820/433 2126/818/433
f 2130/821/436 2127/738/435 2128/819/435
f 2132/822/437 2129/823/438 2130/821/436
f 2134/824/439 2131/706/440 2132/822/437
f 2136/825/441 2133/826/439 2134/824/439
f 2138/827/442 2135/783/441 2136/825/441
f 2140/828/443 2137/829/442 2138/827/442
f 2142/830/444 2139/760/445 2140/828/443
f 2144/831/446 2141/832/444 2142/830/444
f 2146/833/426 2143/751/447 2144/831/446
f 2148/834/431 2145/835/426 2146/833/426
f 2150/836/448 2147/768/431 2148/834/431
f 2152/837/449 2149/838/450 2150/836/448
f 2154/839/451 2151/754/449 2152/837/449
f 2156/840/452 2153/841/451 2154/839/451
f 2158/842/453 2155/756/452 2156/840/452
f 2104/843/421 2157/844/421 2158/842/453
f 2162/845/454 2159/671/452 2160/803/455
f 2164/846/456 2161/847/457 2162/845/454
f 2166/848/458 2163/849/459 2164/846/456
f 2168/850/460 2165/851/458 2166/848/458
f 2170/852/461 2167/853/460 2168/850/460
f 2172/854/462 2169/855/461 2170/852/461
f 2174/856/463 2171/857/462 2172/854/462
f 2176/858/464 2173/859/463 2174/856/463
f 2178/860/458 2175/861/465 2176/858/464
f 2180/862/466 2177/863/458 2178/860/458
f 2182/864/467 2179/865/468 2180/862/466
f 2184/866/462 2181/867/467 2182/864/467
f 2186/868/469 2183/869/462 2184/866/462
f 2188/870/470 2185/871/471 2186/868/469
f 2190/872/472 2187/873/470 2188/870/470
f 2192/874/473 2189/875/474 2190/872/472
f 2194/876/462 2191/877/475 2192/874/473
f 2196/878/462 2193/879/462 2194/876/462
f 2198/880/476 2195/881/462 2196/878/462
f 2200/882/477 2197/883/478 2198/880/476
f 2202/884/458 2199/885/477 2200/882/477
f 2204/886/479 2201/887/458 2202/884/458
f 2160/843/455 2203/888/480 2204/886/479
f 2208/889/481 2205/671/462 2206/803/462
f 2210/890/482 2207/891/481 2208/889/481
f 2212/892/458 2209/893/482 2210/890/482
f 2214/894/458 2211/895/458 2212/892/458
f 2216/896/472 2213/731/458 2214/894/458
f 2218/897/483 2215/898/484 2216/896/472
f 2220/899/454 2217/900/478 2218/897/483
f 2222/901/456 2219/902/454 2220/899/454
f 2224/903/485 2221/698/456 2222/901/456
f 2226/812/486 2223/904/486 2224/903/485
f 2228/905/487 2225/814/486 2226/812/486
f 2230/906/488 2227/907/489 2228/905/487
f 2232/908/490 2229/728/488 2230/906/488
f 2234/909/491 2231/910/490 2232/908/490
f 2236/911/492 2233/912/490 2234/909/491
f 2238/913/493 2235/914/492 2236/911/492
f 2240/915/494 2237/691/493 2238/913/493
f 2242/916/494 2239/917/494 2240/915/494
f 2244/918/495 2241/919/494 2242/916/494
f 2246/822/496 2243/920/497 2244/918/495
f 2248/921/458 2245/706/498 2246/822/496
f 2250/922/458 2247/923/458 2248/921/458
f 2252/924/499 2249/925/458 2250/922/458
f 2254/926/461 2251/927/499 2252/924/499
f 2256/928/462 2253/682/500 2254/926/461
f 2258/929/462 2255/930/462 2256/928/462
f 2260/931/501 2257/932/462 2258/929/462
f 2262/933/502 2259/934/503 2260/931/501
f 2264/935/504 2261/752/502 2262/933/502
f 2266/833/505 2263/936/506 2264/935/504
f 2268/937/507 2265/835/505 2266/833/505
f 2270/938/508 2267/939/507 2268/937/507
f 2272/940/509 2269/679/508 2270/938/508
f 2274/941/510 2271/942/511 2272/940/509
f 2276/943/512 2273/944/513 2274/941/510
f 2278/945/514 2275/946/515 2276/943/512
f 2280/947/516 2277/742/517 2278/945/514
f 2282/948/518 2279/949/519 2280/947/516
f 2284/950/462 2281/951/518 2282/948/518
f 2206/843/462 2283/952/462 2284/950/462
f 2288/812/498 2285/671/520 2286/803/520
f 2290/822/474 2287/814/521 2288/812/498
f 2292/833/478 2289/706/474 2290/822/474
f 2286/843/520 2291/835/522 2292/833/478
f 2296/812/478 2293/671/474 2294/803/474
f 2298/822/520 2295/814/478 2296/812/478
f 2300/833/498 2297/706/520 2298/822/520
f 2294/843/474 2299/835/498 2300/833/498
f 2304/953/523 2301/671/462 2302/803/462
f 2306/954/524 2303/955/525 2304/953/523
f 2308/812/526 2305/704/527 2306/954/524
f 2310/956/528 2307/814/526 2308/812/526
f 2312/957/529 2309/707/528 2310/956/528
f 2314/822/530 2311/958/531 2312/957/529
f 2316/959/532 2313/706/530 2314/822/530
f 2318/960/533 2315/961/534 2316/959/532
f 2320/833/446 2317/711/535 2318/960/533
f 2322/962/536 2319/835/446 2320/833/446
f 2324/963/462 2321/715/537 2322/962/536
f 2302/843/462 2323/964/462 2324/963/462
f 2328/807/538 2325/671/539 2326/803/539
f 2330/813/540 2327/746/538 2328/807/538
f 2332/819/541 2329/722/542 2330/813/540
f 2334/825/543 2331/738/541 2332/819/541
f 2336/831/461 2333/783/543 2334/825/543
f 2338/837/539 2335/751/500 2336/831/461
f 2326/843/539 2337/754/544 2338/837/539
f 2342/965/419 2339/671/545 2340/803/545
f 2344/966/422 2341/967/419 2342/965/419
f 2346/968/426 2343/969/422 2344/966/422
f 2348/970/426 2345/971/426 2346/968/426
f 2350/972/546 2347/973/426 2348/970/426
f 2352/974/547 2349/975/548 2350/972/546
f 2354/976/549 2351/977/550 2352/974/547
f 2356/978/551 2353/979/552 2354/976/549
f 2358/980/553 2355/981/551 2356/978/551
f 2360/982/554 2357/983/555 2358/980/553
f 2340/843/545 2359/984/554 2360/982/554
f 2364/812/556 2361/671/557 2362/803/558
f 2366/822/559 2363/814/556 2364/812/556
f 2368/833/527 2365/706/523 2366/822/559
f 2362/843/558 2367/835/527 2368/833/527
f 2372/812/556 2369/671/557 2370/803/560
f 2374/822/561 2371/814/556 2372/812/556
f 2376/833/562 2373/706/563 2374/822/561
f 2370/843/560 2375/835/562 2376/833/562
f 2380/985/419 2377/671/564 2378/803/565
f 2382/986/566 2379/987/567 2380/985/419
f 2384/988/568 2381/989/422 2382/986/566
f 2386/990/568 2383/991/568 2384/988/568
f 2388/992/569 2385/993/568 2386/990/568
f 2390/994/570 2387/995/569 2388/992/569
f 2392/996/426 2389/997/569 2390/994/570
f 2394/998/428 2391/999/429 2392/996/426
f 2396/1000/571 2393/1001/431 2394/998/428
f 2398/1002/572 2395/1003/573 2396/1000/571
f 2400/1004/426 2397/1005/574 2398/1002/572
f 2402/1006/431 2399/1007/429 2400/1004/426
f 2404/822/575 2401/1008/431 2402/1006/431
f 2406/1009/576 2403/706/577 2404/822/575
f 2408/1010/578 2405/1011/576 2406/1009/576
f 2410/1012/579 2407/1013/578 2408/1010/578
f 2412/1014/580 2409/1015/581 2410/1012/579
f 2414/1016/431 2411/1017/426 2412/1014/580
f 2416/1018/582 2413/1019/431 2414/1016/431
f 2418/1020/583 2415/1021/584 2416/1018/582
f 2420/1022/585 2417/1023/583 2418/1020/583
f 2422/1024/586 2419/1025/587 2420/1022/585
f 2424/1026/419 2421/1027/588 2422/1024/586
f 2426/1028/566 2423/1029/419 2424/1026/419
f 2428/1030/589 2425/1031/590 2426/1028/566
f 2378/843/565 2427/1032/591 2428/1030/589
f 2432/1033/419 2429/671/592 2430/803/592
f 2434/896/422 2431/1034/419 2432/1033/419
f 2436/1035/593 2433/898/422 2434/896/422
f 2438/812/593 2435/1036/593 2436/1035/593
f 2440/1037/594 2437/814/595 2438/812/593
f 2442/911/497 2439/1038/594 2440/1037/594
f 2444/1039/596 2441/914/597 2442/911/497
f 2446/822/598 2443/1040/596 2444/1039/596
f 2448/1041/599 2445/706/598 2446/822/598
f 2450/928/599 2447/1042/600 2448/1041/599
f 2452/1043/601 2449/930/599 2450/928/599
f 2454/833/602 2451/1044/601 2452/1043/601
f 2456/1045/603 2453/835/604 2454/833/602
f 2458/943/605 2455/1046/606 2456/1045/603
f 2460/1047/607 2457/946/482 2458/943/605
f 2430/843/592 2459/1048/607 2460/1047/607
f 2464/812/599 2461/671/608 2462/803/609
f 2466/822/610 2463/814/599 2464/812/599
f 2468/833/611 2465/706/610 2466/822/610
f 2462/843/609 2467/835/612 2468/833/611
f 2106/802/419 2105/805/419 2103/671/420
f 2108/804/422 2107/744/422 2105/805/419
f 2110/806/423 2109/808/423 2107/744/422
f 2112/807/423 2111/746/423 2109/808/423
f 2114/809/424 2113/811/425 2111/746/423
f 2116/810/424 2115/733/427 2113/811/425
f 2118/812/426 2117/814/429 2115/733/427
f 2120/813/428 2119/722/431 2117/814/429
f 2122/815/430 2121/817/430 2119/722/431
f 2124/816/432 2123/782/434 2121/817/430
f 2126/818/433 2125/820/433 2123/782/434
f 2128/819/435 2127/738/435 2125/820/433
f 2130/821/436 2129/823/438 2127/738/435
f 2132/822/437 2131/706/440 2129/823/438
f 2134/824/439 2133/826/439 2131/706/440
f 2136/825/441 2135/783/441 2133/826/439
f 2138/827/442 2137/829/442 2135/783/441
f 2140/828/443 2139/760/445 2137/829/442
f 2142/830/444 2141/832/444 2139/760/445
f 2144/831/446 2143/751/447 2141/832/444
f 2146/833/426 2145/835/426 2143/751/447
f 2148/834/431 2147/768/431 2145/835/426
f 2150/836/448 2149/838/450 2147/768/431
f 2152/837/449 2151/754/449 2149/838/450
f 2154/839/451 2153/841/451 2151/754/449
f 2156/840/452 2155/756/452 2153/841/451
f 2158/842/453 2157/844/421 2155/756/452
f 2104/843/421 2103/660/420 2157/844/421
f 2162/845/454 2161/847/457 2159/671/452
f 2164/846/456 2163/849/459 2161/847/457
f 2166/848/458 2165/851/458 2163/849/459
f 2168/850/460 2167/853/460 2165/851/458
f 2170/852/461 2169/855/461 2167/853/460
f 2172/854/462 2171/857/462 2169/855/461
f 2174/856/463 2173/859/463 2171/857/462
f 2176/858/464 2175/861/465 2173/859/463
f 2178/860/458 2177/863/458 2175/861/465
f 2180/862/466 2179/865/468 2177/863/458
f 2182/864/467 2181/867/467 2179/865/468
f 2184/866/462 2183/869/462 2181/867/467
f 2186/868/469 2185/871/471 2183/869/462
f 2188/870/470 2187/873/470 2185/871/471
f 2190/872/472 2189/875/474 2187/873/470
f 2192/874/473 2191/877/475 2189/875/474
f 2194/876/462 2193/879/462 2191/877/475
f 2196/878/462 2195/881/462 2193/879/462
f 2198/880/476 2197/883/478 2195/881/462
f 2200/882/477 2199/885/477 2197/883/478
f 2202/884/458 2201/887/458 2199/885/477
f 2204/886/479 2203/888/480 2201/887/458
f 2160/843/455 2159/660/452 2203/888/480
f 2208/889/481 2207/891/481 2205/671/462
f 2210/890/482 2209/893/482 2207/891/481
f 2212/892/458 2211/895/458 2209/893/482
f 2214/894/458 2213/731/458 2211/895/458
f 2216/896/472 2215/898/484 2213/731/458
f 2218/897/483 2217/900/478 2215/898/484
f 2220/899/454 2219/902/454 2217/900/478
f 2222/901/456 2221/698/456 2219/902/454
f 2224/903/485 2223/904/486 2221/698/456
f 2226/812/486 2225/814/486 2223/904/486
f 2228/905/487 2227/907/489 2225/814/486
f 2230/906/488 2229/728/488 2227/907/489
f 2232/908/490 2231/910/490 2229/728/488
f 2234/909/491 2233/912/490 2231/910/490
f 2236/911/492 2235/914/492 2233/912/490
f 2238/913/493 2237/691/493 2235/914/492
f 2240/915/494 2239/917/494 2237/691/493
f 2242/916/494 2241/919/494 2239/917/494
f 2244/918/495 2243/920/497 2241/919/494
f 2246/822/496 2245/706/498 2243/920/497
f 2248/921/458 2247/923/458 2245/706/498
f 2250/922/458 2249/925/458 2247/923/458
f 2252/924/499 2251/927/499 2249/925/458
f 2254/926/461 2253/682/500 2251/927/499
f 2256/928/462 2255/930/462 2253/682/500
f 2258/929/462 2257/932/462 2255/930/462
f 2260/931/501 2259/934/503 2257/932/462
f 2262/933/502 2261/752/502 2259/934/503
f 2264/935/504 2263/936/506 2261/752/502
f 2266/833/505 2265/835/505 2263/936/506
f 2268/937/507 2267/939/507 2265/835/505
f 2270/938/508 2269/679/508 2267/939/507
f 2272/940/509 2271/942/511 2269/679/508
f 2274/941/510 2273/944/513 2271/942/511
f 2276/943/512 2275/946/515 2273/944/513
f 2278/945/514 2277/742/517 2275/946/515
f 2280/947/516 2279/949/519 2277/742/517
f 2282/948/518 2281/951/518 2279/949/519
f 2284/950/462 2283/952/462 2281/951/518
f 2206/843/462 2205/660/462 2283/952/462
f 2288/812/498 2287/814/521 2285/671/520
f 2290/822/474 2289/706/474 2287/814/521
f 2292/833/478 2291/835/522 2289/706/474
f 2286/843/520 2285/660/520 2291/835/522
f 2296/812/478 2295/814/478 2293/671/474
f 2298/822/520 2297/706/520 2295/814/478
f 2300/833/498 2299/835/498 2297/706/520
f 2294/843/474 2293/660/474 2299/835/498
f 2304/953/523 2303/955/525 2301/671/462
f 2306/954/524 2305/704/527 2303/955/525
f 2308/812/526 2307/814/526 2305/704/527
f 2310/956/528 2309/707/528 2307/814/526
f 2312/957/529 2311/958/531 2309/707/528
f 2314/822/530 2313/706/530 2311/958/531
f 2316/959/532 2315/961/534 2313/706/530
f 2318/960/533 2317/711/535 2315/961/534
f 2320/833/446 2319/835/446 2317/711/535
f 2322/962/536 2321/715/537 2319/835/446
f 2324/963/462 2323/964/462 2321/715/537
f 2302/843/462 2301/660/462 2323/964/462
f 2328/807/538 2327/746/538 2325/671/539
f 2330/813/540 2329/722/542 2327/746/538
f 2332/819/541 2331/738/541 2329/722/542
f 2334/825/543 2333/783/543 2331/738/541
f 2336/831/461 2335/751/500 2333/783/543
f 2338/837/539 2337/754/544 2335/751/500
f 2326/843/539 2325/660/539 2337/754/544
f 2342/965/419 2341/967/419 2339/671/545
f 2344/966/422 2343/969/422 2341/967/419
f 2346/968/426 2345/971/426 2343/969/422
f 2348/970/426 2347/973/426 2345/971/426
f 2350/972/546 2349/975/548 2347/973/426
f 2352/974/547 2351/977/550 2349/975/548
f 2354/976/549 2353/979/552 2351/977/550
f 2356/978/551 2355/981/551 2353/979/552
f 2358/980/553 2357/983/555 2355/981/551
f 2360/982/554 2359/984/554 2357/983/555
f 2340/843/545 2339/660/545 2359/984/554
f 2364/812/556 2363/814/556 2361/671/557
f 2366/822/559 2365/706/523 2363/814/556
f 2368/833/527 2367/835/527 2365/706/523
f 2362/843/558 2361/660/557 2367/835/527
f 2372/812/556 2371/814/556 2369/671/557
f 2374/822/561 2373/706/563 2371/814/556
f 2376/833/562 2375/835/562 2373/706/563
f 2370/843/560 2369/660/557 2375/835/562
f 2380/985/419 2379/987/567 2377/671/564
f 2382/986/566 2381/989/422 2379/987/567
f 2384/988/568 2383/991/568 2381/989/422
f 2386/990/568 2385/993/568 2383/991/568
f 2388/992/569 2387/995/569 2385/993/568
f 2390/994/570 2389/997/569 2387/995/569
f 2392/996/426 2391/999/429 2389/997/569
f 2394/998/428 2393/1001/431 2391/999/429
f 2396/1000/571 2395/1003/573 2393/1001/431
f 2398/1002/572 2397/1005/574 2395/1003/573
f 2400/1004/426 2399/1007/429 2397/1005/574
f 2402/1006/431 2401/1008/431 2399/1007/429
f 2404/822/575 2403/706/577 2401/1008/431
f 2406/1009/576 2405/1011/576 2403/706/577
f 2408/1010/578 2407/1013/578 2405/1011/576
f 2410/1012/579 2409/1015/581 2407/1013/578
f 2412/1014/580 2411/1017/426 2409/1015/581
f 2414/1016/431 2413/1019/431 2411/1017/426
f 2416/1018/582 2415/1021/584 2413/1019/431
f 2418/1020/583 2417/1023/583 2415/1021/584
f 2420/1022/585 2419/1025/587 2417/1023/583
f 2422/1024/586 2421/1027/588 2419/1025/587
f 2424/1026/419 2423/1029/419 2421/1027/588
f 2426/1028/566 2425/1031/590 2423/1029/419
f 2428/1030/589 2427/1032/591 2425/1031/590
f 2378/843/565 2377/660/564 2427/1032/591
f 2432/1033/419 2431/1034/419 2429/671/592
f 2434/896/422 2433/898/422 2431/1034/419
f 2436/1035/593 2435/1036/593 2433/898/422
f 2438/812/593 2437/814/595 2435/1036/593
f 2440/1037/594 2439/1038/594 2437/814/595
f 2442/911/497 2441/914/597 2439/1038/594
f 2444/1039/596 2443/1040/596 2441/914/597
f 2446/822/598 2445/706/598 2443/1040/596
f 2448/1041/599 2447/1042/600 2445/706/598
f 2450/928/599 2449/930/599 2447/1042/600
f 2452/1043/601 2451/1044/601 2449/930/599
f 2454/833/602 2453/835/604 2451/1044/601
f 2456/1045/603 2455/1046/606 2453/835/604
f 2458/943/605 2457/946/482 2455/1046/606
f 2460/1047/607 2459/1048/607 2457/946/482
f 2430/843/592 2429/660/592 2459/1048/607
f 2464/812/599 2463/814/599 2461/671/608
f 2466/822/610 2465/706/610 2463/814/599
f 2468/833/611 2467/835/612 2465/706/610
f 2462/843/609 2461/660/608 2467/835/612
o 球.001
v 2.746069 0.010971 0.161548
v 2.746069 0.010971 0.161548
v 2.746069 0.010971 0.161548
v 2.746069 0.010971 0.161548
v 2.746069 0.010971 0.161548
v 2.746069 0.010971 0.161548
v 2.801314 0.007172 0.356964
v 2.801314 0.007172 0.356964
v 2.801314 0.007172 0.356964
v 2.801314 0.007172 0.356964
v 2.801314 0.007172 0.356964
v 2.801314 0.007172 0.356964
v 2.866598 0.130610 0.316308
v 2.866598 0.130610 0.316308
v 2.866598 0.130610 0.316308
v 2.866598 0.130610 0.316308
v 2.866598 0.130610 0.316308
v 2.961818 0.084344 0.478249
v 2.961818 0.084344 0.478249
v 2.961818 0.084344 0.478249
v 2.961818 0.084344 0.478249
v 2.961818 0.084344 0.478249
v 2.961818 0.084344 0.478249
v 2.994040 0.213440 0.200687
v 2.994040 0.213440 0.200687
v 2.994040 0.213440 0.200687
v 2.994040 0.213440 0.200687
v 3.090968 0.196793 0.368205
v 3.090968 0.196793 0.368205
v 3.090968 0.196793 0.368205
v 3.090968 0.196793 0.368205
v 3.090968 0.196793 0.368205
v 3.090968 0.196793 0.368205
v 3.112643 0.036926 0.552055
v 3.112643 0.036926 0.552055
v 3.112643 0.036926 0.552055
v 3.112643 0.036926 0.552055
v 3.112643 0.036926 0.552055
v 2.761845 0.005731 0.000079
v 2.761845 0.005731 0.000079
v 2.761845 0.005731 0.000079
v 2.761845 0.005731 0.000079
v 2.761845 0.005731 0.000079
v 2.824853 0.132879 0.097599
v 2.824853 0.132879 0.097599
v 2.824853 0.132879 0.097599
v 2.824853 0.132879 0.097599
v 2.824853 0.132879 0.097599
v 2.824853 0.132879 0.097599
v 2.858186 0.119974 -0.068896
v 2.858186 0.119974 -0.068896
v 2.858186 0.119974 -0.068896
v 2.858186 0.119974 -0.068896
v 2.858186 0.119974 -0.068896
v 2.858186 0.119974 -0.068896
v 2.896127 0.076441 -0.200449
v 2.896127 0.076441 -0.200449
v 2.896127 0.076441 -0.200449
v 2.896127 0.076441 -0.200449
v 2.896127 0.076441 -0.200449
v 2.896127 0.076441 -0.200449
v 2.896127 0.076441 -0.200449
v 3.027973 0.177183 -0.142927
v 3.027973 0.177183 -0.142927
v 3.027973 0.177183 -0.142927
v 3.027973 0.177183 -0.142927
v 3.027973 0.177183 -0.142927
v 3.062582 0.222392 0.053035
v 3.062582 0.222392 0.053035
v 3.062582 0.222392 0.053035
v 3.062582 0.222392 0.053035
v 3.062582 0.222392 0.053035
v 3.062582 0.222392 0.053035
v 3.062582 0.222392 0.053035
v 3.092399 0.132601 -0.277580
v 3.092399 0.132601 -0.277580
v 3.092399 0.132601 -0.277580
v 3.092399 0.132601 -0.277580
v 3.092399 0.132601 -0.277580
v 3.092399 0.132601 -0.277580
v 3.092399 0.132601 -0.277580
v 3.018892 0.052364 -0.372043
v 3.018892 0.052364 -0.372043
v 3.018892 0.052364 -0.372043
v 3.018892 0.052364 -0.372043
v 3.105068 0.020801 -0.418683
v 3.105068 0.020801 -0.418683
v 3.105068 0.020801 -0.418683
v 3.105068 0.020801 -0.418683
v 3.105068 0.020801 -0.418683
v 3.105068 0.020801 -0.418683
v 3.105068 0.020801 -0.418683
v 3.105068 0.020801 -0.418683
v 2.809218 -0.082964 0.318348
v 2.809218 -0.082964 0.318348
v 2.809218 -0.082964 0.318348
v 2.809218 -0.082964 0.318348
v 2.809218 -0.082964 0.318348
v 2.809218 -0.082964 0.318348
v 2.851008 -0.152097 0.224068
v 2.851008 -0.152097 0.224068
v 2.851008 -0.152097 0.224068
v 2.851008 -0.152097 0.224068
v 2.851008 -0.152097 0.224068
v 2.940473 -0.035879 0.494707
v 2.940473 -0.035879 0.494707
v 2.940473 -0.035879 0.494707
v 2.940473 -0.035879 0.494707
v 2.940473 -0.035879 0.494707
v 2.940473 -0.035879 0.494707
v 2.956169 -0.124237 0.439157
v 2.956169 -0.124237 0.439157
v 2.956169 -0.124237 0.439157
v 2.956169 -0.124237 0.439157
v 2.956169 -0.124237 0.439157
v 2.956169 -0.124237 0.439157
v 2.989543 -0.190863 0.326968
v 2.989543 -0.190863 0.326968
v 2.989543 -0.190863 0.326968
v 2.989543 -0.190863 0.326968
v 2.989543 -0.190863 0.326968
v 2.989543 -0.190863 0.326968
v 2.985422 -0.215670 0.144126
v 2.985422 -0.215670 0.144126
v 2.985422 -0.215670 0.144126
v 2.985422 -0.215670 0.144126
v 3.117073 -0.070953 0.540349
v 3.117073 -0.070953 0.540349
v 3.117073 -0.070953 0.540349
v 3.117073 -0.070953 0.540349
v 3.117073 -0.070953 0.540349
v 3.117073 -0.070953 0.540349
v 3.120450 -0.217959 0.296898
v 3.120450 -0.217959 0.296898
v 3.120450 -0.217959 0.296898
v 3.120450 -0.217959 0.296898
v 3.120450 -0.217959 0.296898
v 3.120450 -0.217959 0.296898
v 2.767256 -0.077793 0.108586
v 2.767256 -0.077793 0.108586
v 2.767256 -0.077793 0.108586
v 2.767256 -0.077793 0.108586
v 2.767256 -0.077793 0.108586
v 2.767256 -0.077793 0.108586
v 2.767256 -0.077793 0.108586
v 2.813640 -0.037711 -0.114286
v 2.813640 -0.037711 -0.114286
v 2.813640 -0.037711 -0.114286
v 2.813640 -0.037711 -0.114286
v 2.813640 -0.037711 -0.114286
v 2.813640 -0.037711 -0.114286
v 2.843662 -0.102779 -0.097496
v 2.843662 -0.102779 -0.097496
v 2.843662 -0.102779 -0.097496
v 2.843662 -0.102779 -0.097496
v 2.843662 -0.102779 -0.097496
v 2.843662 -0.102779 -0.097496
v 2.855611 -0.151021 0.037490
v 2.855611 -0.151021 0.037490
v 2.855611 -0.151021 0.037490
v 2.855611 -0.151021 0.037490
v 2.855611 -0.151021 0.037490
v 2.855611 -0.151021 0.037490
v 2.855611 -0.151021 0.037490
v 2.855611 -0.151021 0.037490
v 2.855611 -0.151021 0.037490
v 2.920452 -0.021897 -0.282504
v 2.920452 -0.021897 -0.282504
v 2.920452 -0.021897 -0.282504
v 2.920452 -0.021897 -0.282504
v 2.920452 -0.021897 -0.282504
v 2.920452 -0.021897 -0.282504
v 2.920452 -0.021897 -0.282504
v 2.923492 -0.123245 -0.175467
v 2.923492 -0.123245 -0.175467
v 2.923492 -0.123245 -0.175467
v 2.923492 -0.123245 -0.175467
v 2.923492 -0.123245 -0.175467
v 2.923492 -0.123245 -0.175467
v 2.966830 -0.178552 -0.086932
v 2.966830 -0.178552 -0.086932
v 2.966830 -0.178552 -0.086932
v 2.966830 -0.178552 -0.086932
v 2.966830 -0.178552 -0.086932
v 3.022168 -0.094653 -0.319971
v 3.022168 -0.094653 -0.319971
v 3.022168 -0.094653 -0.319971
v 3.022168 -0.094653 -0.319971
v 3.022168 -0.094653 -0.319971
v 3.065699 -0.165556 -0.197963
v 3.065699 -0.165556 -0.197963
v 3.065699 -0.165556 -0.197963
v 3.065699 -0.165556 -0.197963
v 3.065699 -0.165556 -0.197963
v 3.065699 -0.165556 -0.197963
v 3.070165 -0.223030 0.038568
v 3.070165 -0.223030 0.038568
v 3.070165 -0.223030 0.038568
v 3.070165 -0.223030 0.038568
v 3.070165 -0.223030 0.038568
v 3.070165 -0.223030 0.038568
v 3.070165 -0.223030 0.038568
v 3.133559 -0.205492 -0.093722
v 3.133559 -0.205492 -0.093722
v 3.133559 -0.205492 -0.093722
v 3.133559 -0.205492 -0.093722
v 3.133559 -0.205492 -0.093722
v 3.197823 0.155338 0.451393
v 3.197823 0.155338 0.451393
v 3.197823 0.155338 0.451393
v 3.197823 0.155338 0.451393
v 3.197823 0.155338 0.451393
v 3.197823 0.155338 0.451393
v 3.197823 0.155338 0.451393
v 3.225152 0.227898 0.210066
v 3.225152 0.227898 0.210066
v 3.225152 0.227898 0.210066
v 3.225152 0.227898 0.210066
v 3.225152 0.227898 0.210066
v 3.225152 0.227898 0.210066
v 3.265678 0.070315 0.524483
v 3.265678 0.070315 0.524483
v 3.265678 0.070315 0.524483
v 3.265678 0.070315 0.524483
v 3.265678 0.070315 0.524483
v 3.329135 0.188098 0.318843
v 3.329135 0.188098 0.318843
v 3.329135 0.188098 0.318843
v 3.329135 0.188098 0.318843
v 3.329135 0.188098 0.318843
v 3.329135 0.188098 0.318843
v 3.409162 0.131832 0.376868
v 3.409162 0.131832 0.376868
v 3.409162 0.131832 0.376868
v 3.409162 0.131832 0.376868
v 3.391766 0.070540 0.454986
v 3.391766 0.070540 0.454986
v 3.391766 0.070540 0.454986
v 3.391766 0.070540 0.454986
v 3.391766 0.070540 0.454986
v 3.391766 0.070540 0.454986
v 3.391766 0.070540 0.454986
v 3.428042 0.163869 0.225678
v 3.428042 0.163869 0.225678
v 3.428042 0.163869 0.225678
v 3.428042 0.163869 0.225678
v 3.428042 0.163869 0.225678
v 3.490270 0.097448 0.291594
v 3.490270 0.097448 0.291594
v 3.490270 0.097448 0.291594
v 3.490270 0.097448 0.291594
v 3.490270 0.097448 0.291594
v 3.490270 0.097448 0.291594
v 3.541924 0.050482 0.174972
v 3.541924 0.050482 0.174972
v 3.541924 0.050482 0.174972
v 3.541924 0.050482 0.174972
v 3.541924 0.050482 0.174972
v 3.205665 0.211533 -0.049667
v 3.205665 0.211533 -0.049667
v 3.205665 0.211533 -0.049667
v 3.205665 0.211533 -0.049667
v 3.205665 0.211533 -0.049667
v 3.205665 0.211533 -0.049667
v 3.205665 0.211533 -0.049667
v 3.252789 0.159120 -0.205852
v 3.252789 0.159120 -0.205852
v 3.252789 0.159120 -0.205852
v 3.252789 0.159120 -0.205852
v 3.252789 0.159120 -0.205852
v 3.238214 0.101714 -0.332079
v 3.238214 0.101714 -0.332079
v 3.238214 0.101714 -0.332079
v 3.238214 0.101714 -0.332079
v 3.238214 0.101714 -0.332079
v 3.238214 0.101714 -0.332079
v 3.345026 0.204709 0.089191
v 3.345026 0.204709 0.089191
v 3.345026 0.204709 0.089191
v 3.345026 0.204709 0.089191
v 3.345026 0.204709 0.089191
v 3.345026 0.204709 0.089191
v 3.333417 0.167220 -0.114275
v 3.333417 0.167220 -0.114275
v 3.333417 0.167220 -0.114275
v 3.333417 0.167220 -0.114275
v 3.333417 0.167220 -0.114275
v 3.333417 0.167220 -0.114275
v 3.335277 0.042394 -0.328516
v 3.335277 0.042394 -0.328516
v 3.335277 0.042394 -0.328516
v 3.335277 0.042394 -0.328516
v 3.335277 0.042394 -0.328516
v 3.372990 0.107134 -0.206784
v 3.372990 0.107134 -0.206784
v 3.372990 0.107134 -0.206784
v 3.372990 0.107134 -0.206784
v 3.372990 0.107134 -0.206784
v 3.372990 0.107134 -0.206784
v 3.372990 0.107134 -0.206784
v 3.418700 0.030674 -0.231638
v 3.418700 0.030674 -0.231638
v 3.418700 0.030674 -0.231638
v 3.418700 0.030674 -0.231638
v 3.463794 0.137376 0.043914
v 3.463794 0.137376 0.043914
v 3.463794 0.137376 0.043914
v 3.463794 0.137376 0.043914
v 3.463794 0.137376 0.043914
v 3.463794 0.137376 0.043914
v 3.463794 0.137376 0.043914
v 3.482002 0.074297 -0.085688
v 3.482002 0.074297 -0.085688
v 3.482002 0.074297 -0.085688
v 3.482002 0.074297 -0.085688
v 3.482002 0.074297 -0.085688
v 3.218075 0.030398 -0.433418
v 3.218075 0.030398 -0.433418
v 3.218075 0.030398 -0.433418
v 3.218075 0.030398 -0.433418
v 3.218075 0.030398 -0.433418
v 3.189178 -0.129068 0.487506
v 3.189178 -0.129068 0.487506
v 3.189178 -0.129068 0.487506
v 3.189178 -0.129068 0.487506
v 3.189178 -0.129068 0.487506
v 3.189178 -0.129068 0.487506
v 3.189178 -0.129068 0.487506
v 3.272339 -0.218279 0.240319
v 3.272339 -0.218279 0.240319
v 3.272339 -0.218279 0.240319
v 3.272339 -0.218279 0.240319
v 3.272339 -0.218279 0.240319
v 3.300605 -0.013127 0.531895
v 3.300605 -0.013127 0.531895
v 3.300605 -0.013127 0.531895
v 3.300605 -0.013127 0.531895
v 3.300605 -0.013127 0.531895
v 3.300605 -0.013127 0.531895
v 3.296815 -0.178789 0.373586
v 3.296815 -0.178789 0.373586
v 3.296815 -0.178789 0.373586
v 3.296815 -0.178789 0.373586
v 3.296815 -0.178789 0.373586
v 3.345624 -0.112209 0.458373
v 3.345624 -0.112209 0.458373
v 3.345624 -0.112209 0.458373
v 3.345624 -0.112209 0.458373
v 3.345624 -0.112209 0.458373
v 3.345624 -0.112209 0.458373
v 3.417703 -0.159194 0.272821
v 3.417703 -0.159194 0.272821
v 3.417703 -0.159194 0.272821
v 3.417703 -0.159194 0.272821
v 3.417703 -0.159194 0.272821
v 3.417703 -0.159194 0.272821
v 3.417703 -0.159194 0.272821
v 3.417703 -0.159194 0.272821
v 3.455456 -0.026577 0.411839
v 3.455456 -0.026577 0.411839
v 3.455456 -0.026577 0.411839
v 3.455456 -0.026577 0.411839
v 3.455456 -0.026577 0.411839
v 3.455456 -0.026577 0.411839
v 3.455456 -0.026577 0.411839
v 3.480738 -0.089098 0.336795
v 3.480738 -0.089098 0.336795
v 3.480738 -0.089098 0.336795
v 3.480738 -0.089098 0.336795
v 3.480738 -0.089098 0.336795
v 3.519980 -0.086709 0.226050
v 3.519980 -0.086709 0.226050
v 3.519980 -0.086709 0.226050
v 3.519980 -0.086709 0.226050
v 3.519980 -0.086709 0.226050
v 3.538404 -0.014220 0.271396
v 3.538404 -0.014220 0.271396
v 3.538404 -0.014220 0.271396
v 3.538404 -0.014220 0.271396
v 3.538404 -0.014220 0.271396
v 3.165049 -0.110569 -0.334518
v 3.165049 -0.110569 -0.334518
v 3.165049 -0.110569 -0.334518
v 3.165049 -0.110569 -0.334518
v 3.165049 -0.110569 -0.334518
v 3.165049 -0.110569 -0.334518
v 3.233642 -0.174560 -0.172460
v 3.233642 -0.174560 -0.172460
v 3.233642 -0.174560 -0.172460
v 3.233642 -0.174560 -0.172460
v 3.233642 -0.174560 -0.172460
v 3.233642 -0.174560 -0.172460
v 3.233642 -0.174560 -0.172460
v 3.283384 -0.216930 0.057687
v 3.283384 -0.216930 0.057687
v 3.283384 -0.216930 0.057687
v 3.283384 -0.216930 0.057687
v 3.283384 -0.216930 0.057687
v 3.283384 -0.216930 0.057687
v 3.283384 -0.216930 0.057687
v 3.283384 -0.216930 0.057687
v 3.312851 -0.112566 -0.262595
v 3.312851 -0.112566 -0.262595
v 3.312851 -0.112566 -0.262595
v 3.312851 -0.112566 -0.262595
v 3.312851 -0.112566 -0.262595
v 3.323952 -0.194235 -0.036376
v 3.323952 -0.194235 -0.036376
v 3.323952 -0.194235 -0.036376
v 3.323952 -0.194235 -0.036376
v 3.348168 -0.029687 -0.314447
v 3.348168 -0.029687 -0.314447
v 3.348168 -0.029687 -0.314447
v 3.348168 -0.029687 -0.314447
v 3.348168 -0.029687 -0.314447
v 3.348168 -0.029687 -0.314447
v 3.348168 -0.029687 -0.314447
v 3.348168 -0.029687 -0.314447
v 3.379288 -0.138191 -0.127857
v 3.379288 -0.138191 -0.127857
v 3.379288 -0.138191 -0.127857
v 3.379288 -0.138191 -0.127857
v 3.379288 -0.138191 -0.127857
v 3.379288 -0.138191 -0.127857
v 3.379288 -0.138191 -0.127857
v 3.405684 -0.171732 0.003041
v 3.405684 -0.171732 0.003041
v 3.405684 -0.171732 0.003041
v 3.405684 -0.171732 0.003041
v 3.405684 -0.171732 0.003041
v 3.405684 -0.171732 0.003041
v 3.425066 -0.077659 -0.217087
v 3.425066 -0.077659 -0.217087
v 3.425066 -0.077659 -0.217087
v 3.425066 -0.077659 -0.217087
v 3.418117 -0.177647 0.099428
v 3.418117 -0.177647 0.099428
v 3.418117 -0.177647 0.099428
v 3.418117 -0.177647 0.099428
v 3.456646 -0.096298 -0.097639
v 3.456646 -0.096298 -0.097639
v 3.456646 -0.096298 -0.097639
v 3.456646 -0.096298 -0.097639
v 3.456646 -0.096298 -0.097639
v 3.480498 -0.012464 -0.127848
v 3.480498 -0.012464 -0.127848
v 3.480498 -0.012464 -0.127848
v 3.480498 -0.012464 -0.127848
v 3.480498 -0.012464 -0.127848
v 3.480498 -0.012464 -0.127848
v 3.480498 -0.012464 -0.127848
v 3.480498 -0.012464 -0.127848
v 3.492310 -0.117328 0.069548
v 3.492310 -0.117328 0.069548
v 3.492310 -0.117328 0.069548
v 3.492310 -0.117328 0.069548
v 3.492310 -0.117328 0.069548
v 3.492310 -0.117328 0.069548
v 3.492310 -0.117328 0.069548
v 3.542901 -0.005404 0.059554
v 3.542901 -0.005404 0.059554
v 3.542901 -0.005404 0.059554
v 3.542901 -0.005404 0.059554
v 3.542901 -0.005404 0.059554
v 3.542901 -0.005404 0.059554
v 3.542901 -0.005404 0.059554
v 3.213633 -0.037877 -0.421724
v 3.213633 -0.037877 -0.421724
v 3.213633 -0.037877 -0.421724
v 3.213633 -0.037877 -0.421724
v 3.213633 -0.037877 -0.421724
v 3.058149 0.232177 -0.088746
v 3.058149 0.232177 -0.088746
v 3.058149 0.232177 -0.088746
v 3.058149 0.270651 -0.088746
v 3.058149 0.270651 -0.088746
v 3.058149 0.270651 -0.088746
v 3.068985 0.232177 -0.086755
v 3.068985 0.232177 -0.086755
v 3.068985 0.232177 -0.086755
v 3.068985 0.270651 -0.086755
v 3.068985 0.270651 -0.086755
v 3.068985 0.270651 -0.086755
v 3.079403 0.232177 -0.080859
v 3.079403 0.232177 -0.080859
v 3.079403 0.232177 -0.080859
v 3.079403 0.270651 -0.080859
v 3.079403 0.270651 -0.080859
v 3.079403 0.270651 -0.080859
v 3.089005 0.232177 -0.071283
v 3.089005 0.232177 -0.071283
v 3.089005 0.232177 -0.071283
v 3.089005 0.270651 -0.071283
v 3.089005 0.270651 -0.071283
v 3.089005 0.270651 -0.071283
v 3.097421 0.232177 -0.058398
v 3.097421 0.232177 -0.058398
v 3.097421 0.232177 -0.058398
v 3.097421 0.270651 -0.058398
v 3.097421 0.270651 -0.058398
v 3.097421 0.270651 -0.058398
v 3.104328 0.232177 -0.042696
v 3.104328 0.232177 -0.042696
v 3.104328 0.232177 -0.042696
v 3.104328 0.270651 -0.042696
v 3.104328 0.270651 -0.042696
v 3.104328 0.270651 -0.042696
v 3.109460 0.232177 -0.024783
v 3.109460 0.232177 -0.024783
v 3.109460 0.232177 -0.024783
v 3.109460 0.270651 -0.024783
v 3.109460 0.270651 -0.024783
v 3.109460 0.270651 -0.024783
v 3.112620 0.232177 -0.005345
v 3.112620 0.232177 -0.005345
v 3.112620 0.232177 -0.005345
v 3.112620 0.270651 -0.005345
v 3.112620 0.270651 -0.005345
v 3.112620 0.270651 -0.005345
v 3.113688 0.232177 0.014869
v 3.113688 0.232177 0.014869
v 3.113688 0.232177 0.014869
v 3.113688 0.270651 0.014869
v 3.113688 0.270651 0.014869
v 3.113688 0.270651 0.014869
v 3.112620 0.232177 0.035083
v 3.112620 0.232177 0.035083
v 3.112620 0.232177 0.035083
v 3.112620 0.270651 0.035083
v 3.112620 0.270651 0.035083
v 3.112620 0.270651 0.035083
v 3.109460 0.232177 0.054521
v 3.109460 0.232177 0.054521
v 3.109460 0.232177 0.054521
v 3.109460 0.270651 0.054521
v 3.109460 0.270651 0.054521
v 3.109460 0.270651 0.054521
v 3.104328 0.232177 0.072434
v 3.104328 0.232177 0.072434
v 3.104328 0.232177 0.072434
v 3.104328 0.270651 0.072434
v 3.104328 0.270651 0.072434
v 3.104328 0.270651 0.072434
v 3.097421 0.232177 0.088136
v 3.097421 0.232177 0.088136
v 3.097421 0.232177 0.088136
v 3.097421 0.270651 0.088136
v 3.097421 0.270651 0.088136
v 3.097421 0.270651 0.088136
v 3.089005 0.232177 0.101022
v 3.089005 0.232177 0.101022
v 3.089005 0.232177 0.101022
v 3.089005 0.270651 0.101022
v 3.089005 0.270651 0.101022
v 3.089005 0.270651 0.101022
v 3.079403 0.232177 0.110597
v 3.079403 0.232177 0.110597
v 3.079403 0.232177 0.110597
v 3.079403 0.270651 0.110597
v 3.079403 0.270651 0.110597
v 3.079403 0.270651 0.110597
v 3.068985 0.232177 0.116493
v 3.068985 0.232177 0.116493
v 3.068985 0.232177 0.116493
v 3.068985 0.270651 0.116493
v 3.068985 0.270651 0.116493
v 3.068985 0.270651 0.116493
v 3.058149 0.232177 0.118484
v 3.058149 0.232177 0.118484
v 3.058149 0.232177 0.118484
v 3.058149 0.270651 0.118484
v 3.058149 0.270651 0.118484
v 3.058149 0.270651 0.118484
v 3.047314 0.232177 0.116493
v 3.047314 0.232177 0.116493
v 3.047314 0.232177 0.116493
v 3.047314 0.270651 0.116493
v 3.047314 0.270651 0.116493
v 3.047314 0.270651 0.116493
v 3.036896 0.232177 0.110597
v 3.036896 0.232177 0.110597
v 3.036896 0.232177 0.110597
v 3.036896 0.270651 0.110597
v 3.036896 0.270651 0.110597
v 3.036896 0.270651 0.110597
v 3.027294 0.232177 0.101022
v 3.027294 0.232177 0.101022
v 3.027294 0.232177 0.101022
v 3.027294 0.270651 0.101022
v 3.027294 0.270651 0.101022
v 3.027294 0.270651 0.101022
v 3.018878 0.232177 0.088136
v 3.018878 0.232177 0.088136
v 3.018878 0.232177 0.088136
v 3.018878 0.270651 0.088136
v 3.018878 0.270651 0.088136
v 3.018878 0.270651 0.088136
v 3.011971 0.232177 0.072434
v 3.011971 0.232177 0.072434
v 3.011971 0.232177 0.072434
v 3.011971 0.270651 0.072434
v 3.011971 0.270651 0.072434
v 3.011971 0.270651 0.072434
v 3.006839 0.232177 0.054521
v 3.006839 0.232177 0.054521
v 3.006839 0.232177 0.054521
v 3.006839 0.270651 0.054521
v 3.006839 0.270651 0.054521
v 3.006839 0.270651 0.054521
v 3.003679 0.232177 0.035083
v 3.003679 0.232177 0.035083
v 3.003679 0.232177 0.035083
v 3.003679 0.270651 0.035083
v 3.003679 0.270651 0.035083
v 3.003679 0.270651 0.035083
v 3.002611 0.232177 0.014869
v 3.002611 0.232177 0.014869
v 3.002611 0.232177 0.014869
v 3.002611 0.270651 0.014869
v 3.002611 0.270651 0.014869
v 3.002611 0.270651 0.014869
v 3.003679 0.232177 -0.005345
v 3.003679 0.232177 -0.005345
v 3.003679 0.232177 -0.005345
v 3.003679 0.270651 -0.005345
v 3.003679 0.270651 -0.005345
v 3.003679 0.270651 -0.005345
v 3.006839 0.232177 -0.024783
v 3.006839 0.232177 -0.024783
v 3.006839 0.232177 -0.024783
v 3.006839 0.270651 -0.024783
v 3.006839 0.270651 -0.024783
v 3.006839 0.270651 -0.024783
v 3.011971 0.232177 -0.042696
v 3.011971 0.232177 -0.042696
v 3.011971 0.232177 -0.042696
v 3.011971 0.270651 -0.042696
v 3.011971 0.270651 -0.042696
v 3.011971 0.270651 -0.042696
v 3.018878 0.232177 -0.058398
v 3.018878 0.232177 -0.058398
v 3.018878 0.232177 -0.058398
v 3.018878 0.270651 -0.058398
v 3.018878 0.270651 -0.058398
v 3.018878 0.270651 -0.058398
v 3.027294 0.232177 -0.071283
v 3.027294 0.232177 -0.071283
v 3.027294 0.232177 -0.071283
v 3.027294 0.270651 -0.071283
v 3.027294 0.270651 -0.071283
v 3.027294 0.270651 -0.071283
v 3.036896 0.232177 -0.080859
v 3.036896 0.232177 -0.080859
v 3.036896 0.232177 -0.080859
v 3.036896 0.270651 -0.080859
v 3.036896 0.270651 -0.080859
v 3.036896 0.270651 -0.080859
v 3.047314 0.232177 -0.086755
v 3.047314 0.232177 -0.086755
v 3.047314 0.232177 -0.086755
v 3.047314 0.270651 -0.086755
v 3.047314 0.270651 -0.086755
v 3.047314 0.270651 -0.086755
v 3.268582 0.232177 -0.088746
v 3.268582 0.232177 -0.088746
v 3.268582 0.232177 -0.088746
v 3.268582 0.270651 -0.088746
v 3.268582 0.270651 -0.088746
v 3.268582 0.270651 -0.088746
v 3.279417 0.232177 -0.086755
v 3.279417 0.232177 -0.086755
v 3.279417 0.232177 -0.086755
v 3.279417 0.270651 -0.086755
v 3.279417 0.270651 -0.086755
v 3.279417 0.270651 -0.086755
v 3.289835 0.232177 -0.080859
v 3.289835 0.232177 -0.080859
v 3.289835 0.232177 -0.080859
v 3.289835 0.270651 -0.080859
v 3.289835 0.270651 -0.080859
v 3.289835 0.270651 -0.080859
v 3.299437 0.232177 -0.071283
v 3.299437 0.232177 -0.071283
v 3.299437 0.232177 -0.071283
v 3.299437 0.270651 -0.071283
v 3.299437 0.270651 -0.071283
v 3.299437 0.270651 -0.071283
v 3.307853 0.232177 -0.058398
v 3.307853 0.232177 -0.058398
v 3.307853 0.232177 -0.058398
v 3.307853 0.270651 -0.058398
v 3.307853 0.270651 -0.058398
v 3.307853 0.270651 -0.058398
v 3.314760 0.232177 -0.042696
v 3.314760 0.232177 -0.042696
v 3.314760 0.232177 -0.042696
v 3.314760 0.270651 -0.042696
v 3.314760 0.270651 -0.042696
v 3.314760 0.270651 -0.042696
v 3.319892 0.232177 -0.024783
v 3.319892 0.232177 -0.024783
v 3.319892 0.232177 -0.024783
v 3.319892 0.270651 -0.024783
v 3.319892 0.270651 -0.024783
v 3.319892 0.270651 -0.024783
v 3.323053 0.232177 -0.005345
v 3.323053 0.232177 -0.005345
v 3.323053 0.232177 -0.005345
v 3.323053 0.270651 -0.005345
v 3.323053 0.270651 -0.005345
v 3.323053 0.270651 -0.005345
v 3.324120 0.232177 0.014869
v 3.324120 0.232177 0.014869
v 3.324120 0.232177 0.014869
v 3.324120 0.270651 0.014869
v 3.324120 0.270651 0.014869
v 3.324120 0.270651 0.014869
v 3.323053 0.232177 0.035083
v 3.323053 0.232177 0.035083
v 3.323053 0.232177 0.035083
v 3.323053 0.270651 0.035083
v 3.323053 0.270651 0.035083
v 3.323053 0.270651 0.035083
v 3.319892 0.232177 0.054521
v 3.319892 0.232177 0.054521
v 3.319892 0.232177 0.054521
v 3.319892 0.270651 0.054521
v 3.319892 0.270651 0.054521
v 3.319892 0.270651 0.054521
v 3.314760 0.232177 0.072434
v 3.314760 0.232177 0.072434
v 3.314760 0.232177 0.072434
v 3.314760 0.270651 0.072434
v 3.314760 0.270651 0.072434
v 3.314760 0.270651 0.072434
v 3.307853 0.232177 0.088136
v 3.307853 0.232177 0.088136
v 3.307853 0.232177 0.088136
v 3.307853 0.270651 0.088136
v 3.307853 0.270651 0.088136
v 3.307853 0.270651 0.088136
v 3.299437 0.232177 0.101022
v 3.299437 0.232177 0.101022
v 3.299437 0.232177 0.101022
v 3.299437 0.270651 0.101022
v 3.299437 0.270651 0.101022
v 3.299437 0.270651 0.101022
v 3.289835 0.232177 0.110597
v 3.289835 0.232177 0.110597
v 3.289835 0.232177 0.110597
v 3.289835 0.270651 0.110597
v 3.289835 0.270651 0.110597
v 3.289835 0.270651 0.110597
v 3.279417 0.232177 0.116493
v 3.279417 0.232177 0.116493
v 3.279417 0.232177 0.116493
v 3.279417 0.270651 0.116493
v 3.279417 0.270651 0.116493
v 3.279417 0.270651 0.116493
v 3.268582 0.232177 0.118484
v 3.268582 0.232177 0.118484
v 3.268582 0.232177 0.118484
v 3.268582 0.270651 0.118484
v 3.268582 0.270651 0.118484
v 3.268582 0.270651 0.118484
v 3.257747 0.232177 0.116493
v 3.257747 0.232177 0.116493
v 3.257747 0.232177 0.116493
v 3.257747 0.270651 0.116493
v 3.257747 0.270651 0.116493
v 3.257747 0.270651 0.116493
v 3.247328 0.232177 0.110597
v 3.247328 0.232177 0.110597
v 3.247328 0.232177 0.110597
v 3.247328 0.270651 0.110597
v 3.247328 0.270651 0.110597
v 3.247328 0.270651 0.110597
v 3.237726 0.232177 0.101022
v 3.237726 0.232177 0.101022
v 3.237726 0.232177 0.101022
v 3.237726 0.270651 0.101022
v 3.237726 0.270651 0.101022
v 3.237726 0.270651 0.101022
v 3.229310 0.232177 0.088136
v 3.229310 0.232177 0.088136
v 3.229310 0.232177 0.088136
v 3.229310 0.270651 0.088136
v 3.229310 0.270651 0.088136
v 3.229310 0.270651 0.088136
v 3.222403 0.232177 0.072434
v 3.222403 0.232177 0.072434
v 3.222403 0.232177 0.072434
v 3.222403 0.270651 0.072434
v 3.222403 0.270651 0.072434
v 3.222403 0.270651 0.072434
v 3.217271 0.232177 0.054521
v 3.217271 0.232177 0.054521
v 3.217271 0.232177 0.054521
v 3.217271 0.270651 0.054521
v 3.217271 0.270651 0.054521
v 3.217271 0.270651 0.054521
v 3.214111 0.232177 0.035083
v 3.214111 0.232177 0.035083
v 3.214111 0.232177 0.035083
v 3.214111 0.270651 0.035083
v 3.214111 0.270651 0.035083
v 3.214111 0.270651 0.035083
v 3.213043 0.232177 0.014869
v 3.213043 0.232177 0.014869
v 3.213043 0.232177 0.014869
v 3.213043 0.270651 0.014869
v 3.213043 0.270651 0.014869
v 3.213043 0.270651 0.014869
v 3.214111 0.232177 -0.005345
v 3.214111 0.232177 -0.005345
v 3.214111 0.232177 -0.005345
v 3.214111 0.270651 -0.005345
v 3.214111 0.270651 -0.005345
v 3.214111 0.270651 -0.005345
v 3.217271 0.232177 -0.024783
v 3.217271 0.232177 -0.024783
v 3.217271 0.232177 -0.024783
v 3.217271 0.270651 -0.024783
v 3.217271 0.270651 -0.024783
v 3.217271 0.270651 -0.024783
v 3.222403 0.232177 -0.042696
v 3.222403 0.232177 -0.042696
v 3.222403 0.232177 -0.042696
v 3.222403 0.270651 -0.042696
v 3.222403 0.270651 -0.042696
v 3.222403 0.270651 -0.042696
v 3.229310 0.232177 -0.058398
v 3.229310 0.232177 -0.058398
v 3.229310 0.232177 -0.058398
v 3.229310 0.270651 -0.058398
v 3.229310 0.270651 -0.058398
v 3.229310 0.270651 -0.058398
v 3.237726 0.232177 -0.071283
v 3.237726 0.232177 -0.071283
v 3.237726 0.232177 -0.071283
v 3.237726 0.270651 -0.071283
v 3.237726 0.270651 -0.071283
v 3.237726 0.270651 -0.071283
v 3.247328 0.232177 -0.080859
v 3.247328 0.232177 -0.080859
v 3.247328 0.232177 -0.080859
v 3.247328 0.270651 -0.080859
v 3.247328 0.270651 -0.080859
v 3.247328 0.270651 -0.080859
v 3.257747 0.232177 -0.086755
v 3.257747 0.232177 -0.086755
v 3.257747 0.232177 -0.086755
v 3.257747 0.270651 -0.086755
v 3.257747 0.270651 -0.086755
v 3.257747 0.270651 -0.086755
vn -0.7595 0.6097 0.2266
vn -0.8478 0.5034 0.1670
vn -0.6591 0.5257 0.5378
vn -0.6525 0.2153 0.7265
vn -0.4768 0.8733 0.1001
vn -0.3307 0.9010 0.2809
vn -0.3462 0.8284 0.4402
vn -0.3821 0.1916 0.9040
vn 0.0370 0.9963 0.0776
vn -0.1662 0.7806 0.6025
vn -0.1283 0.6943 0.7082
vn -0.1216 0.9884 0.0912
vn -0.7889 0.6069 -0.0968
vn -0.8677 0.4513 -0.2087
vn -0.8072 0.4502 -0.3818
vn -0.8430 0.2495 -0.4766
vn -0.8330 0.2182 -0.5084
vn -0.3724 0.9166 -0.1456
vn -0.3689 0.9223 -0.1153
vn -0.3724 0.9166 -0.1457
vn -0.4432 0.8051 -0.3942
vn -0.7557 0.2992 -0.5826
vn -0.3935 0.8288 -0.3978
vn -0.4059 0.7918 -0.4564
vn -0.0776 0.9744 -0.2111
vn -0.0148 0.9471 -0.3206
vn -0.0513 0.7805 -0.6230
vn -0.0680 0.7790 -0.6233
vn -0.9280 -0.3275 0.1776
vn -0.9447 -0.1956 0.2633
vn -0.7554 -0.6412 0.1353
vn -0.7139 -0.3277 0.6188
vn -0.5091 -0.7860 0.3507
vn -0.6316 -0.4900 0.6009
vn -0.2612 -0.9652 -0.0120
vn -0.5233 -0.8427 0.1261
vn -0.4784 -0.8102 0.3388
vn -0.3096 -0.5449 0.7792
vn -0.2699 -0.1148 0.9560
vn -0.1473 -0.7592 0.6340
vn -0.1178 -0.8688 0.4809
vn -0.1707 -0.9759 0.1362
vn -0.0822 -0.8915 0.4454
vn -0.9795 -0.1802 -0.0899
vn -0.8861 -0.3875 -0.2541
vn -0.8497 -0.4590 -0.2594
vn -0.7097 -0.6810 -0.1806
vn 0.8979 0.4338 0.0755
vn -0.6477 -0.7617 -0.0204
vn -0.7266 -0.4656 -0.5052
vn -0.6469 -0.5628 -0.5146
vn -0.4701 -0.8435 -0.2599
vn -0.5027 -0.8220 -0.2675
vn -0.3170 -0.9455 -0.0741
vn -0.3118 -0.9319 -0.1854
vn -0.6131 -0.5823 -0.5339
vn -0.3186 -0.8661 -0.3851
vn -0.3187 -0.8645 -0.3887
vn -0.1643 -0.9645 -0.2066
vn -0.1643 -0.9521 -0.2578
vn -0.0501 -0.9983 0.0294
vn -0.1443 -0.8771 -0.4582
vn 0.0047 -0.9328 -0.3604
vn 0.0063 -0.9292 -0.3696
vn -0.5321 -0.2644 -0.8043
vn -0.5165 -0.3112 -0.7977
vn -0.1462 -0.5801 -0.8013
vn -0.3514 -0.6135 -0.7072
vn 0.1336 0.9448 0.2992
vn -0.0048 0.6497 0.7602
vn 0.1971 -0.0978 0.9755
vn 0.0582 0.9542 0.2935
vn 0.3177 0.7511 0.5788
vn 0.2742 0.9576 0.0882
vn 0.3331 0.7840 0.5238
vn 0.0894 0.7738 0.6271
vn 0.4645 0.2694 0.8436
vn 0.3163 0.9444 0.0902
vn 0.4370 0.8673 0.2384
vn 0.5801 0.7792 0.2375
vn 0.7310 0.4483 0.5145
vn 0.7982 0.2886 0.5287
vn 0.7105 0.7027 0.0373
vn 0.7155 0.6976 0.0360
vn 0.9240 0.0988 0.3694
vn 0.6512 0.6189 0.4391
vn 0.9995 -0.0243 0.0202
vn -0.0127 0.9468 -0.3216
vn 0.0290 0.9975 -0.0650
vn 0.1977 0.9458 -0.2577
vn 0.0364 0.9081 -0.4172
vn 0.1196 0.9903 -0.0714
vn 0.3574 0.8339 -0.4205
vn 0.2351 0.9534 -0.1891
vn 0.4581 0.7181 -0.5238
vn 0.4295 0.8835 -0.1873
vn 0.3623 0.8448 -0.3937
vn 0.4836 0.8747 -0.0324
vn 0.5465 0.7806 -0.3032
vn 0.5472 0.7893 -0.2786
vn 0.7501 0.2785 -0.5998
vn 0.7957 0.5547 -0.2432
vn 0.6609 0.5582 -0.5016
vn 0.8100 -0.1814 -0.5577
vn 0.7582 0.0084 -0.6519
vn 0.8643 0.4555 -0.2132
vn 0.8746 0.4728 -0.1073
vn 0.9381 0.1381 -0.3176
vn -0.1417 0.8226 -0.5507
vn 0.4425 0.6896 -0.5733
vn 0.6682 -0.0256 -0.7436
vn 0.6206 -0.1714 -0.7652
vn -0.1142 -0.1605 -0.9804
vn 0.0208 -0.9089 0.4164
vn 0.0049 -0.9998 0.0187
vn 0.0159 0.0951 0.9953
vn 0.1998 -0.5119 0.8355
vn 0.0291 -0.9996 -0.0056
vn 0.0972 -0.9590 0.2663
vn 0.1886 -0.8222 0.5371
vn 0.2102 -0.5192 0.8284
vn 0.3735 -0.9275 0.0157
vn 0.5655 -0.3101 0.7642
vn 0.6147 0.0535 0.7869
vn 0.3267 -0.9208 0.2129
vn 0.2488 -0.9630 0.1031
vn 0.4471 -0.8103 0.3789
vn 0.4822 -0.7863 0.3864
vn 0.6313 -0.4778 0.6108
vn 0.6484 -0.7569 0.0821
vn 0.6268 -0.7515 0.2059
vn 0.5932 -0.8033 0.0523
vn 0.8462 -0.2331 0.4793
vn 0.8642 -0.4057 0.2975
vn 0.9676 -0.2522 0.0100
vn 0.0385 -0.9928 -0.1131
vn 0.1360 -0.9687 -0.2077
vn 0.0862 -0.9763 -0.1984
vn 0.1980 -0.8802 -0.4314
vn 0.3251 -0.8812 -0.3432
vn 0.3222 -0.8881 -0.3278
vn 0.6868 -0.5727 -0.4476
vn 0.3063 -0.9469 -0.0976
vn 0.3070 -0.9468 -0.0960
vn 0.1210 -0.8492 -0.5140
vn 0.3854 -0.8722 -0.3012
vn 0.8058 0.1111 -0.5817
vn 0.8877 -0.3572 -0.2904
vn 0.5375 -0.7999 -0.2669
vn 0.5949 -0.7939 -0.1255
vn 0.5435 -0.7803 -0.3095
vn 0.6375 -0.7357 -0.2285
vn 0.9086 -0.3439 -0.2371
vn 0.8672 -0.4164 -0.2731
vn 0.9058 -0.4164 -0.0787
vn 0.5203 -0.6012 -0.6066
vn 0.2492 -0.8077 -0.5344
vn 0.1807 -0.0000 -0.9835
vn 0.4925 -0.0000 -0.8703
vn 0.7061 -0.0000 -0.7081
vn 0.8372 -0.0000 -0.5468
vn 0.9154 -0.0000 -0.4026
vn 0.9613 -0.0000 -0.2754
vn 0.9870 -0.0000 -0.1605
vn 0.9986 -0.0000 -0.0528
vn 0.9986 -0.0000 0.0528
vn 0.9870 -0.0000 0.1605
vn 0.9613 -0.0000 0.2754
vn 0.9154 -0.0000 0.4026
vn 0.8373 -0.0000 0.5468
vn 0.7061 -0.0000 0.7081
vn 0.4925 -0.0000 0.8703
vn 0.1807 -0.0000 0.9835
vn -0.1807 -0.0000 0.9835
vn -0.4925 -0.0000 0.8703
vn -0.7061 -0.0000 0.7081
vn -0.8373 -0.0000 0.5468
vn -0.9154 -0.0000 0.4026
vn -0.9613 -0.0000 0.2754
vn -0.9870 -0.0000 0.1605
vn -0.9986 -0.0000 0.0528
vn -0.9986 -0.0000 -0.0528
vn -0.9870 -0.0000 -0.1605
vn -0.9613 -0.0000 -0.2754
vn -0.9154 -0.0000 -0.4026
vn -0.8372 -0.0000 -0.5468
vn -0.7061 -0.0000 -0.7081
vn -0.0000 1.0000 -0.0000
vn -0.4925 -0.0000 -0.8703
vn -0.1807 -0.0000 -0.9835
vn -0.0000 -1.0000 -0.0000
vn 0.9986 -0.0000 -0.0527
vn 0.9986 -0.0000 0.0527
vt 0.000000 0.000000
vt 1.000000 0.500000
vt 1.000000 1.000000
vt 0.968750 1.000000
vt 0.968750 0.500000
vt 0.937500 1.000000
vt 0.937500 0.500000
vt 0.906250 1.000000
vt 0.906250 0.500000
vt 0.875000 1.000000
vt 0.875000 0.500000
vt 0.843750 1.000000
vt 0.843750 0.500000
vt 0.812500 1.000000
vt 0.812500 0.500000
vt 0.781250 1.000000
vt 0.781250 0.500000
vt 0.750000 1.000000
vt 0.750000 0.500000
vt 0.718750 1.000000
vt 0.718750 0.500000
vt 0.687500 1.000000
vt 0.687500 0.500000
vt 0.656250 1.000000
vt 0.656250 0.500000
vt 0.625000 1.000000
vt 0.625000 0.500000
vt 0.593750 1.000000
vt 0.593750 0.500000
vt 0.562500 1.000000
vt 0.562500 0.500000
vt 0.531250 1.000000
vt 0.531250 0.500000
vt 0.500000 1.000000
vt 0.500000 0.500000
vt 0.468750 1.000000
vt 0.468750 0.500000
vt 0.437500 1.000000
vt 0.437500 0.500000
vt 0.406250 1.000000
vt 0.406250 0.500000
vt 0.375000 1.000000
vt 0.375000 0.500000
vt 0.343750 1.000000
vt 0.343750 0.500000
vt 0.312500 1.000000
vt 0.312500 0.500000
vt 0.281250 1.000000
vt 0.281250 0.500000
vt 0.250000 1.000000
vt 0.250000 0.500000
vt 0.218750 1.000000
vt 0.218750 0.500000
vt 0.187500 1.000000
vt 0.187500 0.500000
vt 0.156250 1.000000
vt 0.156250 0.500000
vt 0.125000 1.000000
vt 0.125000 0.500000
vt 0.093750 1.000000
vt 0.093750 0.500000
vt 0.062500 1.000000
vt 0.062500 0.500000
vt 0.341844 0.471731
vt 0.296822 0.485388
vt 0.250000 0.490000
vt 0.203178 0.485388
vt 0.158156 0.471731
vt 0.116663 0.449553
vt 0.080294 0.419706
vt 0.050447 0.383337
vt 0.028269 0.341844
vt 0.014612 0.296822
vt 0.010000 0.250000
vt 0.014612 0.203178
vt 0.028269 0.158156
vt 0.050447 0.116663
vt 0.080294 0.080294
vt 0.116663 0.050447
vt 0.158156 0.028269
vt 0.203178 0.014612
vt 0.250000 0.010000
vt 0.296822 0.014612
vt 0.341844 0.028269
vt 0.383337 0.050447
vt 0.419706 0.080294
vt 0.449553 0.116663
vt 0.471731 0.158156
vt 0.485388 0.203178
vt 0.490000 0.250000
vt 0.485388 0.296822
vt 0.471731 0.341844
vt 0.449553 0.383337
vt 0.419706 0.419706
vt 0.383337 0.449553
vt 0.031250 1.000000
vt 0.031250 0.500000
vt 0.000000 1.000000
vt 0.000000 0.500000
vt 0.703178 0.485388
vt 0.750000 0.490000
vt 0.796822 0.485388
vt 0.841844 0.471731
vt 0.883337 0.449553
vt 0.919706 0.419706
vt 0.949553 0.383337
vt 0.971731 0.341844
vt 0.985388 0.296822
vt 0.990000 0.250000
vt 0.985388 0.203178
vt 0.971731 0.158156
vt 0.949553 0.116663
vt 0.919706 0.080294
vt 0.883337 0.050447
vt 0.841844 0.028269
vt 0.796822 0.014612
vt 0.750000 0.010000
vt 0.703178 0.014612
vt 0.658156 0.028269
vt 0.616663 0.050447
vt 0.580294 0.080294
vt 0.550447 0.116663
vt 0.528269 0.158156
vt 0.514612 0.203178
vt 0.510000 0.250000
vt 0.514612 0.296822
vt 0.528269 0.341844
vt 0.550447 0.383337
vt 0.580294 0.419706
vt 0.616663 0.449553
vt 0.658156 0.471731
s 1
usemtl Material.028
f 2469/1049/613 2478/1049/613 2515/1049/613
f 2479/1049/614 2485/1049/614 2516/1049/614
f 2476/1049/615 2491/1049/615 2484/1049/615
f 2475/1049/616 2576/1049/616 2490/1049/616
f 2495/1049/617 2514/1049/617 2483/1049/617
f 2493/1049/618 2482/1049/618 2501/1049/618
f 2500/1049/619 2481/1049/619 2489/1049/619
f 2575/1049/620 2506/1049/620 2488/1049/620
f 2537/1049/621 2492/1049/621 2496/1049/621
f 2499/1049/622 2487/1049/622 2682/1049/622
f 2486/1049/623 2504/1049/623 2681/1049/623
f 2539/1049/624 2498/1049/624 2688/1049/624
f 2509/1049/625 2470/1049/625 2522/1049/625
f 2523/1049/626 2471/1049/626 2517/1049/626
f 2530/1049/627 2508/1049/627 2521/1049/627
f 2617/1049/628 2507/1049/628 2529/1049/628
f 2641/1049/629 2616/1049/629 2528/1049/629
f 2519/1049/630 2513/1049/630 2542/1049/630
f 2540/1049/631 2512/1049/631 2494/1049/631
f 2534/1049/632 2518/1049/632 2541/1049/632
f 2535/1049/633 2526/1049/633 2520/1049/633
f 2639/1049/634 2527/1049/634 2553/1049/634
f 2551/1049/635 2525/1049/635 2549/1049/635
f 2548/1049/636 2524/1049/636 2533/1049/636
f 2733/1049/637 2532/1049/637 2538/1049/637
f 2545/1049/638 2531/1049/638 2732/1049/638
f 2554/1049/639 2550/1049/639 2546/1049/639
f 2555/1049/640 2547/1049/640 2743/1049/640
f 2612/1049/641 2567/1049/641 2473/1049/641
f 2566/1049/642 2480/1049/642 2472/1049/642
f 2609/1049/643 2572/1049/643 2565/1049/643
f 2564/1049/644 2578/1049/644 2477/1049/644
f 2570/1049/645 2583/1049/645 2562/1049/645
f 2563/1049/646 2584/1049/646 2577/1049/646
f 2568/1049/647 2627/1049/647 2588/1049/647
f 2632/1049/648 2594/1049/648 2590/1049/648
f 2589/1049/649 2582/1049/649 2569/1049/649
f 2581/1049/650 2600/1049/650 2574/1049/650
f 2599/1049/651 2505/1049/651 2573/1049/651
f 2580/1049/652 2796/1049/652 2598/1049/652
f 2586/1049/653 2795/1049/653 2579/1049/653
f 2592/1049/654 2606/1049/654 2587/1049/654
f 2585/1049/655 2605/1049/655 2794/1049/655
f 2613/1049/656 2474/1049/656 2511/1049/656
f 2619/1049/657 2611/1049/657 2510/1049/657
f 2625/1049/658 2610/1049/658 2618/1049/658
f 2634/1049/659 2608/1049/659 2624/1049/659
f 2626/1049/660 2620/1049/660 2614/1049/660
f 2607/1049/661 2633/1049/661 2571/1049/661
f 2623/1049/662 2615/1049/662 2640/1049/662
f 2647/1049/663 2622/1049/663 2638/1049/663
f 2644/1049/664 2630/1049/664 2621/1049/664
f 2652/1049/665 2631/1049/665 2645/1049/665
f 2670/1049/666 2629/1049/666 2651/1049/666
f 2669/1049/667 2593/1049/667 2628/1049/667
f 2637/1049/668 2657/1049/668 2646/1049/668
f 2643/1049/669 2663/1049/669 2650/1049/669
f 2655/1049/670 2662/1049/670 2642/1049/670
f 2675/1049/671 2668/1049/671 2649/1049/671
f 2674/1049/672 2648/1049/672 2661/1049/672
f 2604/1049/673 2591/1049/673 2667/1049/673
f 2654/1049/674 2853/1049/674 2660/1049/674
f 2658/1049/675 2855/1049/675 2671/1049/675
f 2856/1049/676 2659/1049/676 2849/1049/676
f 2561/1049/677 2636/1049/677 2552/1049/677
f 2560/1049/678 2656/1049/678 2635/1049/678
f 2557/1049/679 2852/1049/679 2653/1049/679
f 2854/1049/680 2559/1049/680 2939/1049/680
f 2686/1049/681 2497/1049/681 2677/1049/681
f 2503/1049/682 2693/1049/682 2680/1049/682
f 2596/1049/683 2690/1049/683 2502/1049/683
f 2676/1049/684 2694/1049/684 2684/1049/684
f 2691/1049/685 2705/1049/685 2678/1049/685
f 2747/1049/686 2687/1049/686 2697/1049/686
f 2706/1049/687 2696/1049/687 2679/1049/687
f 2704/1049/688 2700/1049/688 2695/1049/688
f 2805/1049/689 2707/1049/689 2692/1049/689
f 2748/1049/690 2698/1049/690 2711/1049/690
f 2701/1049/691 2712/1049/691 2699/1049/691
f 2702/1049/692 2716/1049/692 2714/1049/692
f 2709/1049/693 2717/1049/693 2703/1049/693
f 2710/1049/694 2831/1049/694 2718/1049/694
f 2719/1049/695 2776/1049/695 2715/1049/695
f 2723/1049/696 2777/1049/696 2720/1049/696
f 2833/1049/697 2724/1049/697 2721/1049/697
f 2830/1049/698 2844/1049/698 2722/1049/698
f 2848/1049/699 2934/1049/699 2726/1049/699
f 2738/1049/700 2544/1049/700 2731/1049/700
f 2727/1049/701 2536/1049/701 2683/1049/701
f 2751/1049/702 2735/1049/702 2729/1049/702
f 2739/1049/703 2543/1049/703 2734/1049/703
f 2745/1049/704 2728/1049/704 2685/1049/704
f 2762/1049/705 2740/1049/705 2736/1049/705
f 2752/1049/706 2730/1049/706 2746/1049/706
f 2758/1049/707 2742/1049/707 2764/1049/707
f 2773/1049/708 2754/1049/708 2749/1049/708
f 2763/1049/709 2737/1049/709 2753/1049/709
f 2774/1049/710 2750/1049/710 2713/1049/710
f 2780/1049/711 2755/1049/711 2775/1049/711
f 2765/1049/712 2756/1049/712 2781/1049/712
f 2782/1049/713 2913/1049/713 2767/1049/713
f 2772/1049/714 2768/1049/714 2916/1049/714
f 2769/1049/715 2760/1049/715 2766/1049/715
f 2915/1049/716 2886/1049/716 2771/1049/716
f 2883/1049/717 2761/1049/717 2770/1049/717
f 2725/1049/718 2929/1049/718 2778/1049/718
f 2931/1049/719 2784/1049/719 2779/1049/719
f 2930/1049/720 2919/1049/720 2783/1049/720
f 2789/1049/721 2558/1049/721 2744/1049/721
f 2757/1049/722 2785/1049/722 2741/1049/722
f 2882/1049/723 2787/1049/723 2759/1049/723
f 2881/1049/724 2937/1049/724 2786/1049/724
f 2938/1049/725 2556/1049/725 2788/1049/725
f 2602/1049/726 2808/1049/726 2790/1049/726
f 2664/1049/727 2797/1049/727 2601/1049/727
f 2595/1049/728 2802/1049/728 2689/1049/728
f 2597/1049/729 2791/1049/729 2803/1049/729
f 2665/1049/730 2862/1049/730 2798/1049/730
f 2603/1049/731 2799/1049/731 2809/1049/731
f 2793/1049/732 2810/1049/732 2814/1049/732
f 2792/1049/733 2813/1049/733 2804/1049/733
f 2869/1049/734 2821/1049/734 2801/1049/734
f 2815/1049/735 2827/1049/735 2806/1049/735
f 2807/1049/736 2828/1049/736 2708/1049/736
f 2800/1049/737 2820/1049/737 2811/1049/737
f 2866/1049/738 2904/1049/738 2819/1049/738
f 2812/1049/739 2822/1049/739 2816/1049/739
f 2823/1049/740 2834/1049/740 2817/1049/740
f 2818/1049/741 2835/1049/741 2829/1049/741
f 2907/1049/742 2924/1049/742 2826/1049/742
f 2825/1049/743 2840/1049/743 2836/1049/743
f 2824/1049/744 2922/1049/744 2839/1049/744
f 2837/1049/745 2845/1049/745 2832/1049/745
f 2838/1049/746 2841/1049/746 2846/1049/746
f 2843/1049/747 2933/1049/747 2847/1049/747
f 2672/1049/748 2863/1049/748 2666/1049/748
f 2673/1049/749 2858/1049/749 2865/1049/749
f 2857/1049/750 2875/1049/750 2864/1049/750
f 2859/1049/751 2850/1049/751 2870/1049/751
f 2861/1049/752 2889/1049/752 2876/1049/752
f 2860/1049/753 2872/1049/753 2888/1049/753
f 2893/1049/754 2874/1049/754 2884/1049/754
f 2867/1049/755 2894/1049/755 2905/1049/755
f 2868/1049/756 2877/1049/756 2895/1049/756
f 2887/1049/757 2879/1049/757 2900/1049/757
f 2896/1049/758 2878/1049/758 2890/1049/758
f 2885/1049/759 2914/1049/759 2902/1049/759
f 2911/1049/760 2903/1049/760 2918/1049/760
f 2892/1049/761 2901/1049/761 2909/1049/761
f 2906/1049/762 2898/1049/762 2921/1049/762
f 2897/1049/763 2891/1049/763 2908/1049/763
f 2923/1049/764 2899/1049/764 2910/1049/764
f 2926/1049/765 2912/1049/765 2920/1049/765
f 2925/1049/766 2917/1049/766 2928/1049/766
f 2842/1049/767 2927/1049/767 2932/1049/767
f 2873/1049/768 2936/1049/768 2880/1049/768
f 2871/1049/769 2851/1049/769 2935/1049/769
usemtl Material.025
f 2941/1050/770 2944/1051/770 2950/1052/770
f 2941/1050/770 2950/1052/770 2947/1053/770
f 2948/1053/771 2951/1052/771 2956/1054/771
f 2948/1053/771 2956/1054/771 2953/1055/771
f 2954/1055/772 2957/1054/772 2962/1056/772
f 2954/1055/772 2962/1056/772 2959/1057/772
f 2960/1057/773 2963/1056/773 2968/1058/773
f 2960/1057/773 2968/1058/773 2965/1059/773
f 2966/1059/774 2969/1058/774 2974/1060/774
f 2966/1059/774 2974/1060/774 2971/1061/774
f 2972/1061/775 2975/1060/775 2980/1062/775
f 2972/1061/775 2980/1062/775 2977/1063/775
f 2978/1063/776 2981/1062/776 2986/1064/776
f 2978/1063/776 2986/1064/776 2983/1065/776
f 2984/1065/777 2987/1064/777 2993/1066/777
f 2984/1065/777 2993/1066/777 2990/1067/777
f 2989/1067/778 2992/1066/778 2999/1068/778
f 2989/1067/778 2999/1068/778 2996/1069/778
f 2995/1069/779 2998/1068/779 3005/1070/779
f 2995/1069/779 3005/1070/779 3002/1071/779
f 3001/1071/780 3004/1070/780 3011/1072/780
f 3001/1071/780 3011/1072/780 3008/1073/780
f 3007/1073/781 3010/1072/781 3017/1074/781
f 3007/1073/781 3017/1074/781 3014/1075/781
f 3013/1075/782 3016/1074/782 3023/1076/782
f 3013/1075/782 3023/1076/782 3020/1077/782
f 3019/1077/783 3022/1076/783 3029/1078/783
f 3019/1077/783 3029/1078/783 3026/1079/783
f 3025/1079/784 3028/1078/784 3035/1080/784
f 3025/1079/784 3035/1080/784 3032/1081/784
f 3031/1081/785 3034/1080/785 3040/1082/785
f 3031/1081/785 3040/1082/785 3037/1083/785
f 3038/1083/786 3041/1082/786 3046/1084/786
f 3038/1083/786 3046/1084/786 3043/1085/786
f 3044/1085/787 3047/1084/787 3052/1086/787
f 3044/1085/787 3052/1086/787 3049/1087/787
f 3050/1087/788 3053/1086/788 3058/1088/788
f 3050/1087/788 3058/1088/788 3055/1089/788
f 3056/1089/789 3059/1088/789 3064/1090/789
f 3056/1089/789 3064/1090/789 3061/1091/789
f 3062/1091/790 3065/1090/790 3070/1092/790
f 3062/1091/790 3070/1092/790 3067/1093/790
f 3068/1093/791 3071/1092/791 3076/1094/791
f 3068/1093/791 3076/1094/791 3073/1095/791
f 3074/1095/792 3077/1094/792 3082/1096/792
f 3074/1095/792 3082/1096/792 3079/1097/792
f 3080/1097/793 3083/1096/793 3088/1098/793
f 3080/1097/793 3088/1098/793 3085/1099/793
f 3086/1099/794 3089/1098/794 3095/1100/794
f 3086/1099/794 3095/1100/794 3092/1101/794
f 3091/1101/795 3094/1100/795 3101/1102/795
f 3091/1101/795 3101/1102/795 3098/1103/795
f 3097/1103/796 3100/1102/796 3107/1104/796
f 3097/1103/796 3107/1104/796 3104/1105/796
f 3103/1105/797 3106/1104/797 3113/1106/797
f 3103/1105/797 3113/1106/797 3110/1107/797
f 3109/1107/798 3112/1106/798 3119/1108/798
f 3109/1107/798 3119/1108/798 3116/1109/798
f 3115/1109/799 3118/1108/799 3125/1110/799
f 3115/1109/799 3125/1110/799 3122/1111/799
f 2955/1112/800 2949/1113/800 2943/1114/800
f 2943/1114/800 3129/1115/800 3123/1116/800
f 3123/1116/800 3117/1117/800 3111/1118/800
f 3111/1118/800 3105/1119/800 3099/1120/800
f 3099/1120/800 3093/1121/800 3087/1122/800
f 3087/1122/800 3081/1123/800 3075/1124/800
f 3075/1124/800 3069/1125/800 3063/1126/800
f 3063/1126/800 3057/1127/800 3051/1128/800
f 3051/1128/800 3045/1129/800 3039/1130/800
f 3039/1130/800 3033/1131/800 3027/1132/800
f 3027/1132/800 3021/1133/800 3015/1134/800
f 3015/1134/800 3009/1135/800 3003/1136/800
f 3003/1136/800 2997/1137/800 2991/1138/800
f 2991/1138/800 2985/1139/800 2979/1140/800
f 2979/1140/800 2973/1141/800 2967/1142/800
f 2967/1142/800 2961/1143/800 2955/1112/800
f 2955/1112/800 2943/1114/800 3123/1116/800
f 3123/1116/800 3111/1118/800 3099/1120/800
f 3099/1120/800 3087/1122/800 3075/1124/800
f 3075/1124/800 3063/1126/800 3051/1128/800
f 3051/1128/800 3039/1130/800 3027/1132/800
f 3027/1132/800 3015/1134/800 3003/1136/800
f 3003/1136/800 2991/1138/800 2979/1140/800
f 2979/1140/800 2967/1142/800 2955/1112/800
f 2955/1112/800 3123/1116/800 3099/1120/800
f 3099/1120/800 3075/1124/800 3051/1128/800
f 3051/1128/800 3027/1132/800 3003/1136/800
f 3003/1136/800 2979/1140/800 2955/1112/800
f 2955/1112/800 3099/1120/800 3051/1128/800
f 3051/1128/800 3003/1136/800 2955/1112/800
f 3121/1111/801 3124/1110/801 3131/1144/801
f 3121/1111/801 3131/1144/801 3128/1145/801
f 3127/1145/802 3130/1144/802 2945/1146/802
f 3127/1145/802 2945/1146/802 2942/1147/802
f 3126/1148/803 2940/1149/803 2946/1150/803
f 2946/1150/803 2952/1151/803 2958/1152/803
f 2958/1152/803 2964/1153/803 2970/1154/803
f 2970/1154/803 2976/1155/803 2982/1156/803
f 2982/1156/803 2988/1157/803 2994/1158/803
f 2994/1158/803 3000/1159/803 3006/1160/803
f 3006/1160/803 3012/1161/803 3018/1162/803
f 3018/1162/803 3024/1163/803 3030/1164/803
f 3030/1164/803 3036/1165/803 3042/1166/803
f 3042/1166/803 3048/1167/803 3054/1168/803
f 3054/1168/803 3060/1169/803 3066/1170/803
f 3066/1170/803 3072/1171/803 3078/1172/803
f 3078/1172/803 3084/1173/803 3090/1174/803
f 3090/1174/803 3096/1175/803 3102/1176/803
f 3102/1176/803 3108/1177/803 3114/1178/803
f 3114/1178/803 3120/1179/803 3126/1148/803
f 3126/1148/803 2946/1150/803 2958/1152/803
f 2958/1152/803 2970/1154/803 2982/1156/803
f 2982/1156/803 2994/1158/803 3006/1160/803
f 3006/1160/803 3018/1162/803 3030/1164/803
f 3030/1164/803 3042/1166/803 3054/1168/803
f 3054/1168/803 3066/1170/803 3078/1172/803
f 3078/1172/803 3090/1174/803 3102/1176/803
f 3102/1176/803 3114/1178/803 3126/1148/803
f 3126/1148/803 2958/1152/803 2982/1156/803
f 2982/1156/803 3006/1160/803 3030/1164/803
f 3030/1164/803 3054/1168/803 3078/1172/803
f 3078/1172/803 3102/1176/803 3126/1148/803
f 3126/1148/803 2982/1156/803 3030/1164/803
f 3030/1164/803 3078/1172/803 3126/1148/803
f 3133/1050/770 3136/1051/770 3142/1052/770
f 3133/1050/770 3142/1052/770 3139/1053/770
f 3140/1053/771 3143/1052/771 3148/1054/771
f 3140/1053/771 3148/1054/771 3145/1055/771
f 3146/1055/772 3149/1054/772 3154/1056/772
f 3146/1055/772 3154/1056/772 3151/1057/772
f 3152/1057/773 3155/1056/773 3160/1058/773
f 3152/1057/773 3160/1058/773 3157/1059/773
f 3158/1059/774 3161/1058/774 3166/1060/774
f 3158/1059/774 3166/1060/774 3163/1061/774
f 3164/1061/775 3167/1060/775 3172/1062/775
f 3164/1061/775 3172/1062/775 3169/1063/775
f 3170/1063/776 3173/1062/776 3178/1064/776
f 3170/1063/776 3178/1064/776 3175/1065/776
f 3176/1065/804 3179/1064/804 3185/1066/804
f 3176/1065/804 3185/1066/804 3182/1067/804
f 3181/1067/805 3184/1066/805 3191/1068/805
f 3181/1067/805 3191/1068/805 3188/1069/805
f 3187/1069/779 3190/1068/779 3197/1070/779
f 3187/1069/779 3197/1070/779 3194/1071/779
f 3193/1071/780 3196/1070/780 3203/1072/780
f 3193/1071/780 3203/1072/780 3200/1073/780
f 3199/1073/781 3202/1072/781 3209/1074/781
f 3199/1073/781 3209/1074/781 3206/1075/781
f 3205/1075/782 3208/1074/782 3215/1076/782
f 3205/1075/782 3215/1076/782 3212/1077/782
f 3211/1077/783 3214/1076/783 3221/1078/783
f 3211/1077/783 3221/1078/783 3218/1079/783
f 3217/1079/784 3220/1078/784 3227/1080/784
f 3217/1079/784 3227/1080/784 3224/1081/784
f 3223/1081/785 3226/1080/785 3232/1082/785
f 3223/1081/785 3232/1082/785 3229/1083/785
f 3230/1083/786 3233/1082/786 3238/1084/786
f 3230/1083/786 3238/1084/786 3235/1085/786
f 3236/1085/787 3239/1084/787 3244/1086/787
f 3236/1085/787 3244/1086/787 3241/1087/787
f 3242/1087/788 3245/1086/788 3250/1088/788
f 3242/1087/788 3250/1088/788 3247/1089/788
f 3248/1089/789 3251/1088/789 3256/1090/789
f 3248/1089/789 3256/1090/789 3253/1091/789
f 3254/1091/790 3257/1090/790 3262/1092/790
f 3254/1091/790 3262/1092/790 3259/1093/790
f 3260/1093/791 3263/1092/791 3268/1094/791
f 3260/1093/791 3268/1094/791 3265/1095/791
f 3266/1095/792 3269/1094/792 3274/1096/792
f 3266/1095/792 3274/1096/792 3271/1097/792
f 3272/1097/793 3275/1096/793 3280/1098/793
f 3272/1097/793 3280/1098/793 3277/1099/793
f 3278/1099/794 3281/1098/794 3287/1100/794
f 3278/1099/794 3287/1100/794 3284/1101/794
f 3283/1101/795 3286/1100/795 3293/1102/795
f 3283/1101/795 3293/1102/795 3290/1103/795
f 3289/1103/796 3292/1102/796 3299/1104/796
f 3289/1103/796 3299/1104/796 3296/1105/796
f 3295/1105/797 3298/1104/797 3305/1106/797
f 3295/1105/797 3305/1106/797 3302/1107/797
f 3301/1107/798 3304/1106/798 3311/1108/798
f 3301/1107/798 3311/1108/798 3308/1109/798
f 3307/1109/799 3310/1108/799 3317/1110/799
f 3307/1109/799 3317/1110/799 3314/1111/799
f 3147/1112/800 3141/1113/800 3135/1114/800
f 3135/1114/800 3321/1115/800 3315/1116/800
f 3315/1116/800 3309/1117/800 3303/1118/800
f 3303/1118/800 3297/1119/800 3291/1120/800
f 3291/1120/800 3285/1121/800 3279/1122/800
f 3279/1122/800 3273/1123/800 3267/1124/800
f 3267/1124/800 3261/1125/800 3255/1126/800
f 3255/1126/800 3249/1127/800 3243/1128/800
f 3243/1128/800 3237/1129/800 3231/1130/800
f 3231/1130/800 3225/1131/800 3219/1132/800
f 3219/1132/800 3213/1133/800 3207/1134/800
f 3207/1134/800 3201/1135/800 3195/1136/800
f 3195/1136/800 3189/1137/800 3183/1138/800
f 3183/1138/800 3177/1139/800 3171/1140/800
f 3171/1140/800 3165/1141/800 3159/1142/800
f 3159/1142/800 3153/1143/800 3147/1112/800
f 3147/1112/800 3135/1114/800 3315/1116/800
f 3315/1116/800 3303/1118/800 3291/1120/800
f 3291/1120/800 3279/1122/800 3267/1124/800
f 3267/1124/800 3255/1126/800 3243/1128/800
f 3243/1128/800 3231/1130/800 3219/1132/800
f 3219/1132/800 3207/1134/800 3195/1136/800
f 3195/1136/800 3183/1138/800 3171/1140/800
f 3171/1140/800 3159/1142/800 3147/1112/800
f 3147/1112/800 3315/1116/800 3291/1120/800
f 3291/1120/800 3267/1124/800 3243/1128/800
f 3243/1128/800 3219/1132/800 3195/1136/800
f 3195/1136/800 3171/1140/800 3147/1112/800
f 3147/1112/800 3291/1120/800 3243/1128/800
f 3243/1128/800 3195/1136/800 3147/1112/800
f 3313/1111/801 3316/1110/801 3323/1144/801
f 3313/1111/801 3323/1144/801 3320/1145/801
f 3319/1145/802 3322/1144/802 3137/1146/802
f 3319/1145/802 3137/1146/802 3134/1147/802
f 3318/1148/803 3132/1149/803 3138/1150/803
f 3138/1150/803 3144/1151/803 3150/1152/803
f 3150/1152/803 3156/1153/803 3162/1154/803
f 3162/1154/803 3168/1155/803 3174/1156/803
f 3174/1156/803 3180/1157/803 3186/1158/803
f 3186/1158/803 3192/1159/803 3198/1160/803
f 3198/1160/803 3204/1161/803 3210/1162/803
f 3210/1162/803 3216/1163/803 3222/1164/803
f 3222/1164/803 3228/1165/803 3234/1166/803
f 3234/1166/803 3240/1167/803 3246/1168/803
f 3246/1168/803 3252/1169/803 3258/1170/803
f 3258/1170/803 3264/1171/803 3270/1172/803
f 3270/1172/803 3276/1173/803 3282/1174/803
f 3282/1174/803 3288/1175/803 3294/1176/803
f 3294/1176/803 3300/1177/803 3306/1178/803
f 3306/1178/803 3312/1179/803 3318/1148/803
f 3318/1148/803 3138/1150/803 3150/1152/803
f 3150/1152/803 3162/1154/803 3174/1156/803
f 3174/1156/803 3186/1158/803 3198/1160/803
f 3198/1160/803 3210/1162/803 3222/1164/803
f 3222/1164/803 3234/1166/803 3246/1168/803
f 3246/1168/803 3258/1170/803 3270/1172/803
f 3270/1172/803 3282/1174/803 3294/1176/803
f 3294/1176/803 3306/1178/803 3318/1148/803
f 3318/1148/803 3150/1152/803 3174/1156/803
f 3174/1156/803 3198/1160/803 3222/1164/803
f 3222/1164/803 3246/1168/803 3270/1172/803
f 3270/1172/803 3294/1176/803 3318/1148/803
f 3318/1148/803 3174/1156/803 3222/1164/803
f 3222/1164/803 3270/1172/803 3318/1148/803
