# Blender 5.2.1 LTS
# www.blender.org
mtllib tutorialText8.mtl
o トーラス.004
v -7.561915 -0.055010 -0.309284
v -7.558014 -0.054144 -0.301682
v -7.550211 -0.052411 -0.301682
v -7.546310 -0.051545 -0.309284
v -7.550211 -0.052411 -0.316887
v -7.558014 -0.054144 -0.316887
v -7.529252 -0.072542 -0.309284
v -7.525865 -0.071399 -0.301682
v -7.519091 -0.069114 -0.301682
v -7.515704 -0.067972 -0.309284
v -7.519091 -0.069114 -0.316887
v -7.525865 -0.071399 -0.316887
v -7.488324 -0.087285 -0.309284
v -7.485581 -0.085911 -0.301682
v -7.480097 -0.083162 -0.301682
v -7.477355 -0.081787 -0.309284
v -7.480097 -0.083162 -0.316887
v -7.485581 -0.085911 -0.316887
v -7.440703 -0.098675 -0.309284
v -7.438711 -0.097121 -0.301682
v -7.434726 -0.094013 -0.301682
v -7.432734 -0.092459 -0.309284
v -7.434726 -0.094013 -0.316887
v -7.438711 -0.097121 -0.316887
v -7.388222 -0.106272 -0.309284
v -7.387055 -0.104598 -0.301682
v -7.384724 -0.101251 -0.301682
v -7.383558 -0.099577 -0.309284
v -7.384724 -0.101251 -0.316887
v -7.387055 -0.104598 -0.316887
v -7.332894 -0.109785 -0.309284
v -7.332599 -0.108056 -0.301682
v -7.332010 -0.104598 -0.301682
v -7.331716 -0.102870 -0.309284
v -7.332010 -0.104598 -0.316887
v -7.332599 -0.108056 -0.316887
v -7.276848 -0.109080 -0.309284
v -7.277436 -0.107362 -0.301682
v -7.278612 -0.103926 -0.301682
v -7.279200 -0.102208 -0.309284
v -7.278612 -0.103926 -0.316887
v -7.277436 -0.107362 -0.316887
v -7.222237 -0.104182 -0.309284
v -7.223684 -0.102541 -0.301682
v -7.226580 -0.099260 -0.301682
v -7.228028 -0.097619 -0.309284
v -7.226580 -0.099260 -0.316887
v -7.223684 -0.102541 -0.316887
v -7.171158 -0.095281 -0.309284
v -7.173411 -0.093780 -0.301682
v -7.177916 -0.090779 -0.301682
v -7.180168 -0.089279 -0.309284
v -7.177916 -0.090779 -0.316887
v -7.173411 -0.093780 -0.316887
v -7.125577 -0.082718 -0.309284
v -7.128547 -0.081415 -0.301682
v -7.134488 -0.078810 -0.301682
v -7.137457 -0.077507 -0.309284
v -7.134488 -0.078810 -0.316887
v -7.128547 -0.081415 -0.316887
v -7.087244 -0.066976 -0.309284
v -7.090817 -0.065922 -0.301682
v -7.097965 -0.063812 -0.301682
v -7.101539 -0.062757 -0.309284
v -7.097965 -0.063812 -0.316887
v -7.090817 -0.065922 -0.316887
v -7.057631 -0.048661 -0.309284
v -7.061671 -0.047895 -0.301682
v -7.069752 -0.046362 -0.301682
v -7.073792 -0.045596 -0.309284
v -7.069752 -0.046362 -0.316887
v -7.061671 -0.047895 -0.316887
v -7.037879 -0.028475 -0.309284
v -7.042230 -0.028027 -0.301682
v -7.050932 -0.027130 -0.301682
v -7.055284 -0.026682 -0.309284
v -7.050932 -0.027130 -0.316887
v -7.042230 -0.028027 -0.316887
v -7.028744 -0.007196 -0.309284
v -7.033239 -0.007082 -0.301682
v -7.042229 -0.006856 -0.301682
v -7.046724 -0.006742 -0.309284
v -7.042229 -0.006856 -0.316887
v -7.033239 -0.007082 -0.316887
v -7.030578 0.014361 -0.309284
v -7.035045 0.014134 -0.301682
v -7.043977 0.013682 -0.301682
v -7.048443 0.013456 -0.309284
v -7.043977 0.013682 -0.316887
v -7.035045 0.014134 -0.316887
v -7.043312 0.035365 -0.309284
v -7.047578 0.034808 -0.301682
v -7.056109 0.033694 -0.301682
v -7.060375 0.033137 -0.309284
v -7.056109 0.033694 -0.316887
v -7.047578 0.034808 -0.316887
v -7.066455 0.055010 -0.309284
v -7.070356 0.054144 -0.301682
v -7.078159 0.052411 -0.301682
v -7.082060 0.051545 -0.309284
v -7.078159 0.052411 -0.316887
v -7.070356 0.054144 -0.316887
v -7.099119 0.072542 -0.309284
v -7.102505 0.071399 -0.301682
v -7.109279 0.069114 -0.301682
v -7.112666 0.067972 -0.309284
v -7.109279 0.069114 -0.316887
v -7.102505 0.071399 -0.316887
v -7.140046 0.087285 -0.309284
v -7.142789 0.085911 -0.301682
v -7.148273 0.083162 -0.301682
v -7.151016 0.081787 -0.309284
v -7.148273 0.083162 -0.316887
v -7.142789 0.085911 -0.316887
v -7.187667 0.098675 -0.309284
v -7.189659 0.097121 -0.301682
v -7.193644 0.094013 -0.301682
v -7.195636 0.092459 -0.309284
v -7.193644 0.094013 -0.316887
v -7.189659 0.097121 -0.316887
v -7.240149 0.106272 -0.309284
v -7.241315 0.104598 -0.301682
v -7.243647 0.101251 -0.301682
v -7.244812 0.099578 -0.309284
v -7.243647 0.101251 -0.316887
v -7.241315 0.104598 -0.316887
v -7.295476 0.109785 -0.309284
v -7.295771 0.108056 -0.301682
v -7.296360 0.104598 -0.301682
v -7.296655 0.102870 -0.309284
v -7.296360 0.104598 -0.316887
v -7.295771 0.108056 -0.316887
v -7.351522 0.109080 -0.309284
v -7.350935 0.107362 -0.301682
v -7.349759 0.103926 -0.301682
v -7.349171 0.102208 -0.309284
v -7.349759 0.103926 -0.316887
v -7.350935 0.107362 -0.316887
v -7.406134 0.104182 -0.309284
v -7.404686 0.102541 -0.301682
v -7.401790 0.099260 -0.301682
v -7.400342 0.097619 -0.309284
v -7.401790 0.099260 -0.316887
v -7.404686 0.102541 -0.316887
v -7.457212 0.095281 -0.309284
v -7.454959 0.093780 -0.301682
v -7.450455 0.090779 -0.301682
v -7.448203 0.089279 -0.309284
v -7.450455 0.090779 -0.316887
v -7.454959 0.093780 -0.316887
v -7.502793 0.082718 -0.309285
v -7.499823 0.081415 -0.301682
v -7.493883 0.078810 -0.301682
v -7.490912 0.077507 -0.309284
v -7.493883 0.078810 -0.316887
v -7.499823 0.081415 -0.316887
v -7.541127 0.066976 -0.309285
v -7.537553 0.065922 -0.301682
v -7.530406 0.063812 -0.301682
v -7.526832 0.062757 -0.309285
v -7.530406 0.063812 -0.316887
v -7.537553 0.065922 -0.316887
v -7.570739 0.048661 -0.309285
v -7.566699 0.047895 -0.301682
v -7.558619 0.046362 -0.301682
v -7.554578 0.045596 -0.309285
v -7.558619 0.046362 -0.316887
v -7.566699 0.047895 -0.316887
v -7.590492 0.028476 -0.309285
v -7.586141 0.028027 -0.301682
v -7.577438 0.027130 -0.301682
v -7.573087 0.026682 -0.309285
v -7.577438 0.027130 -0.316887
v -7.586141 0.028027 -0.316887
v -7.599627 0.007196 -0.309285
v -7.595131 0.007082 -0.301682
v -7.586141 0.006856 -0.301682
v -7.581646 0.006743 -0.309285
v -7.586141 0.006856 -0.316887
v -7.595131 0.007082 -0.316887
v -7.597792 -0.014361 -0.309285
v -7.593326 -0.014134 -0.301682
v -7.584393 -0.013682 -0.301682
v -7.579927 -0.013456 -0.309285
v -7.584393 -0.013682 -0.316887
v -7.593326 -0.014134 -0.316887
v -7.585058 -0.035365 -0.309285
v -7.580792 -0.034808 -0.301682
v -7.572261 -0.033694 -0.301682
v -7.567995 -0.033137 -0.309284
v -7.572261 -0.033694 -0.316887
v -7.580792 -0.034808 -0.316887
v -7.527233 -0.047309 -0.425906
v -7.523878 -0.046564 -0.418304
v -7.517168 -0.045074 -0.418304
v -7.513813 -0.044329 -0.425906
v -7.517168 -0.045074 -0.433508
v -7.523878 -0.046564 -0.433508
v -7.499143 -0.062386 -0.425906
v -7.496230 -0.061403 -0.418304
v -7.490404 -0.059439 -0.418304
v -7.487492 -0.058456 -0.425906
v -7.490404 -0.059439 -0.433508
v -7.496230 -0.061403 -0.433508
v -7.463944 -0.075065 -0.425906
v -7.461586 -0.073883 -0.418304
v -7.456869 -0.071519 -0.418304
v -7.454511 -0.070337 -0.425906
v -7.456869 -0.071519 -0.433508
v -7.461586 -0.073883 -0.433508
v -7.422991 -0.084860 -0.425906
v -7.421278 -0.083524 -0.418304
v -7.417850 -0.080851 -0.418304
v -7.416137 -0.079515 -0.425906
v -7.417850 -0.080851 -0.433508
v -7.421278 -0.083524 -0.433508
v -7.377856 -0.091394 -0.425906
v -7.376853 -0.089955 -0.418304
v -7.374848 -0.087076 -0.418304
v -7.373846 -0.085637 -0.425906
v -7.374848 -0.087076 -0.433508
v -7.376853 -0.089955 -0.433508
v -7.330275 -0.094415 -0.425906
v -7.330021 -0.092928 -0.418304
v -7.329515 -0.089955 -0.418304
v -7.329261 -0.088468 -0.425906
v -7.329515 -0.089955 -0.433508
v -7.330021 -0.092928 -0.433508
v -7.282075 -0.093808 -0.425906
v -7.282581 -0.092331 -0.418304
v -7.283592 -0.089376 -0.418304
v -7.284098 -0.087899 -0.425906
v -7.283592 -0.089376 -0.433508
v -7.282581 -0.092331 -0.433508
v -7.235109 -0.089596 -0.425906
v -7.236354 -0.088185 -0.418304
v -7.238845 -0.085364 -0.418304
v -7.240090 -0.083953 -0.425906
v -7.238845 -0.085364 -0.433508
v -7.236354 -0.088185 -0.433508
v -7.191182 -0.081941 -0.425906
v -7.193119 -0.080651 -0.418304
v -7.196993 -0.078070 -0.418304
v -7.198930 -0.076780 -0.425906
v -7.196993 -0.078070 -0.433508
v -7.193119 -0.080651 -0.433508
v -7.151982 -0.071137 -0.425906
v -7.154536 -0.070017 -0.418304
v -7.159645 -0.067777 -0.418304
v -7.162199 -0.066656 -0.425906
v -7.159645 -0.067777 -0.433508
v -7.154536 -0.070017 -0.433508
v -7.119015 -0.057600 -0.425906
v -7.122089 -0.056693 -0.418304
v -7.128236 -0.054878 -0.418304
v -7.131310 -0.053971 -0.425906
v -7.128236 -0.054878 -0.433508
v -7.122089 -0.056693 -0.433508
v -7.093549 -0.041848 -0.425906
v -7.097023 -0.041189 -0.418304
v -7.103972 -0.039871 -0.418304
v -7.107447 -0.039212 -0.425906
v -7.103972 -0.039871 -0.433508
v -7.097023 -0.041189 -0.433508
v -7.076561 -0.024489 -0.425906
v -7.080303 -0.024103 -0.418304
v -7.087788 -0.023332 -0.418304
v -7.091530 -0.022946 -0.425906
v -7.087788 -0.023332 -0.433508
v -7.080303 -0.024103 -0.433508
v -7.068706 -0.006188 -0.425906
v -7.072571 -0.006091 -0.418304
v -7.080303 -0.005896 -0.418304
v -7.084168 -0.005799 -0.425906
v -7.080303 -0.005896 -0.433508
v -7.072571 -0.006091 -0.433508
v -7.070283 0.012350 -0.425906
v -7.074124 0.012156 -0.418304
v -7.081806 0.011767 -0.418304
v -7.085647 0.011572 -0.425906
v -7.081806 0.011767 -0.433508
v -7.074124 0.012156 -0.433508
v -7.081234 0.030414 -0.425906
v -7.084903 0.029935 -0.418304
v -7.092240 0.028977 -0.418304
v -7.095908 0.028498 -0.425906
v -7.092240 0.028977 -0.433508
v -7.084903 0.029935 -0.433508
v -7.101138 0.047309 -0.425906
v -7.104492 0.046564 -0.418304
v -7.111203 0.045074 -0.418304
v -7.114558 0.044329 -0.425906
v -7.111203 0.045074 -0.433508
v -7.104492 0.046564 -0.433508
v -7.129228 0.062386 -0.425906
v -7.132141 0.061403 -0.418304
v -7.137966 0.059439 -0.418304
v -7.140879 0.058456 -0.425906
v -7.137966 0.059439 -0.433509
v -7.132141 0.061403 -0.433509
v -7.164426 0.075065 -0.425906
v -7.166784 0.073883 -0.418304
v -7.171501 0.071519 -0.418304
v -7.173860 0.070337 -0.425906
v -7.171501 0.071519 -0.433509
v -7.166784 0.073883 -0.433509
v -7.205379 0.084860 -0.425906
v -7.207093 0.083524 -0.418304
v -7.210520 0.080851 -0.418304
v -7.212233 0.079515 -0.425906
v -7.210520 0.080851 -0.433509
v -7.207093 0.083524 -0.433509
v -7.250514 0.091394 -0.425906
v -7.251516 0.089955 -0.418304
v -7.253522 0.087076 -0.418304
v -7.254525 0.085637 -0.425906
v -7.253522 0.087076 -0.433509
v -7.251516 0.089955 -0.433509
v -7.298095 0.094415 -0.425906
v -7.298349 0.092928 -0.418304
v -7.298855 0.089955 -0.418304
v -7.299109 0.088468 -0.425906
v -7.298855 0.089955 -0.433509
v -7.298349 0.092928 -0.433509
v -7.346295 0.093808 -0.425906
v -7.345789 0.092331 -0.418304
v -7.344778 0.089376 -0.418304
v -7.344273 0.087899 -0.425906
v -7.344778 0.089376 -0.433509
v -7.345789 0.092331 -0.433509
v -7.393261 0.089597 -0.425906
v -7.392016 0.088185 -0.418304
v -7.389525 0.085364 -0.418304
v -7.388280 0.083953 -0.425906
v -7.389525 0.085364 -0.433509
v -7.392016 0.088185 -0.433509
v -7.437189 0.081941 -0.425906
v -7.435251 0.080651 -0.418304
v -7.431377 0.078070 -0.418304
v -7.429440 0.076780 -0.425906
v -7.431377 0.078070 -0.433509
v -7.435251 0.080651 -0.433509
v -7.476388 0.071138 -0.425906
v -7.473834 0.070017 -0.418304
v -7.468725 0.067777 -0.418304
v -7.466171 0.066656 -0.425906
v -7.468725 0.067777 -0.433509
v -7.473834 0.070017 -0.433509
v -7.509355 0.057600 -0.425906
v -7.506281 0.056693 -0.418304
v -7.500134 0.054878 -0.418304
v -7.497061 0.053971 -0.425906
v -7.500134 0.054878 -0.433508
v -7.506281 0.056693 -0.433508
v -7.534822 0.041849 -0.425906
v -7.531347 0.041189 -0.418304
v -7.524398 0.039871 -0.418304
v -7.520923 0.039212 -0.425906
v -7.524398 0.039871 -0.433508
v -7.531347 0.041189 -0.433508
v -7.551809 0.024489 -0.425906
v -7.548067 0.024103 -0.418304
v -7.540583 0.023332 -0.418304
v -7.536840 0.022946 -0.425906
v -7.540583 0.023332 -0.433508
v -7.548067 0.024103 -0.433508
v -7.559665 0.006188 -0.425906
v -7.555799 0.006091 -0.418304
v -7.548068 0.005896 -0.418304
v -7.544201 0.005799 -0.425906
v -7.548068 0.005896 -0.433508
v -7.555799 0.006091 -0.433508
v -7.558087 -0.012350 -0.425906
v -7.554246 -0.012156 -0.418304
v -7.546564 -0.011767 -0.418304
v -7.542723 -0.011572 -0.425906
v -7.546564 -0.011767 -0.433508
v -7.554246 -0.012156 -0.433508
v -7.547136 -0.030414 -0.425906
v -7.543468 -0.029935 -0.418304
v -7.536130 -0.028977 -0.418304
v -7.532462 -0.028498 -0.425906
v -7.536130 -0.028977 -0.433508
v -7.543468 -0.029935 -0.433508
v -7.492550 -0.039608 -0.542527
v -7.489742 -0.038984 -0.534925
v -7.484124 -0.037736 -0.534925
v -7.481315 -0.037113 -0.542527
v -7.484124 -0.037736 -0.550130
v -7.489742 -0.038984 -0.550130
v -7.469033 -0.052230 -0.542527
v -7.466595 -0.051408 -0.534925
v -7.461718 -0.049763 -0.534925
v -7.459279 -0.048940 -0.542527
v -7.461718 -0.049763 -0.550130
v -7.466594 -0.051408 -0.550130
v -7.439565 -0.062845 -0.542527
v -7.437591 -0.061856 -0.534925
v -7.433641 -0.059876 -0.534925
v -7.431667 -0.058887 -0.542527
v -7.433641 -0.059876 -0.550130
v -7.437591 -0.061856 -0.550130
v -7.405278 -0.071046 -0.542527
v -7.403844 -0.069927 -0.534925
v -7.400975 -0.067689 -0.534925
v -7.399540 -0.066570 -0.542527
v -7.400975 -0.067689 -0.550130
v -7.403844 -0.069927 -0.550130
v -7.367491 -0.076516 -0.542527
v -7.366652 -0.075311 -0.534925
v -7.364973 -0.072901 -0.534925
v -7.364133 -0.071696 -0.542527
v -7.364973 -0.072901 -0.550130
v -7.366652 -0.075311 -0.550130
v -7.327655 -0.079045 -0.542527
v -7.327443 -0.077801 -0.534925
v -7.327019 -0.075311 -0.534925
v -7.326807 -0.074066 -0.542527
v -7.327019 -0.075311 -0.550130
v -7.327443 -0.077801 -0.550130
v -7.287302 -0.078537 -0.542527
v -7.287725 -0.077300 -0.534925
v -7.288572 -0.074827 -0.534925
v -7.288995 -0.073590 -0.542527
v -7.288572 -0.074827 -0.550130
v -7.287725 -0.077300 -0.550130
v -7.247982 -0.075011 -0.542527
v -7.249024 -0.073830 -0.534925
v -7.251110 -0.071467 -0.534925
v -7.252152 -0.070286 -0.542527
v -7.251110 -0.071467 -0.550130
v -7.249024 -0.073830 -0.550130
v -7.211205 -0.068602 -0.542527
v -7.212828 -0.067522 -0.534925
v -7.216071 -0.065361 -0.534925
v -7.217692 -0.064281 -0.542527
v -7.216071 -0.065361 -0.550130
v -7.212828 -0.067522 -0.550130
v -7.178387 -0.059557 -0.542527
v -7.180525 -0.058619 -0.534925
v -7.184803 -0.056743 -0.534925
v -7.186942 -0.055805 -0.542527
v -7.184803 -0.056743 -0.550130
v -7.180525 -0.058619 -0.550130
v -7.150787 -0.048223 -0.542527
v -7.153360 -0.047464 -0.534925
v -7.158506 -0.045945 -0.534925
v -7.161080 -0.045185 -0.542527
v -7.158506 -0.045945 -0.550130
v -7.153360 -0.047464 -0.550130
v -7.129467 -0.035036 -0.542527
v -7.132375 -0.034484 -0.534925
v -7.138193 -0.033381 -0.534925
v -7.141102 -0.032829 -0.542527
v -7.138193 -0.033381 -0.550130
v -7.132375 -0.034484 -0.550130
v -7.115244 -0.020502 -0.542527
v -7.118377 -0.020180 -0.534925
v -7.124643 -0.019534 -0.534925
v -7.127776 -0.019211 -0.542527
v -7.124643 -0.019534 -0.550130
v -7.118377 -0.020180 -0.550130
v -7.108667 -0.005181 -0.542527
v -7.111904 -0.005099 -0.534925
v -7.118377 -0.004936 -0.534925
v -7.121614 -0.004855 -0.542527
v -7.118377 -0.004936 -0.550130
v -7.111904 -0.005099 -0.550130
v -7.109988 0.010340 -0.542527
v -7.113204 0.010177 -0.534925
v -7.119636 0.009851 -0.534925
v -7.122851 0.009688 -0.542527
v -7.119636 0.009851 -0.550130
v -7.113204 0.010177 -0.550130
v -7.119157 0.025463 -0.542527
v -7.122228 0.025062 -0.534925
v -7.128370 0.024260 -0.534925
v -7.131442 0.023859 -0.542527
v -7.128370 0.024260 -0.550130
v -7.122228 0.025062 -0.550130
v -7.135819 0.039607 -0.542527
v -7.138628 0.038984 -0.534925
v -7.144246 0.037736 -0.534925
v -7.147055 0.037112 -0.542527
v -7.144246 0.037736 -0.550130
v -7.138628 0.038984 -0.550130
v -7.159337 0.052230 -0.542527
v -7.161776 0.051408 -0.534925
v -7.166653 0.049762 -0.534925
v -7.169091 0.048940 -0.542527
v -7.166653 0.049762 -0.550130
v -7.161776 0.051408 -0.550130
v -7.188805 0.062845 -0.542527
v -7.190780 0.061856 -0.534925
v -7.194728 0.059876 -0.534925
v -7.196703 0.058887 -0.542527
v -7.194728 0.059876 -0.550130
v -7.190780 0.061856 -0.550130
v -7.223092 0.071046 -0.542527
v -7.224526 0.069927 -0.534925
v -7.227396 0.067689 -0.534925
v -7.228830 0.066570 -0.542527
v -7.227396 0.067689 -0.550130
v -7.224526 0.069927 -0.550130
v -7.260879 0.076516 -0.542527
v -7.261718 0.075311 -0.534925
v -7.263397 0.072901 -0.534925
v -7.264236 0.071696 -0.542527
v -7.263397 0.072901 -0.550130
v -7.261718 0.075311 -0.550130
v -7.300714 0.079045 -0.542527
v -7.300927 0.077800 -0.534925
v -7.301351 0.075311 -0.534925
v -7.301563 0.074066 -0.542527
v -7.301351 0.075311 -0.550130
v -7.300927 0.077800 -0.550130
v -7.341068 0.078537 -0.542527
v -7.340645 0.077300 -0.534925
v -7.339798 0.074827 -0.534925
v -7.339375 0.073590 -0.542527
v -7.339798 0.074827 -0.550130
v -7.340645 0.077300 -0.550130
v -7.380388 0.075011 -0.542527
v -7.379345 0.073830 -0.534925
v -7.377261 0.071467 -0.534925
v -7.376218 0.070286 -0.542527
v -7.377261 0.071467 -0.550130
v -7.379345 0.073830 -0.550130
v -7.417165 0.068602 -0.542527
v -7.415543 0.067522 -0.534925
v -7.412299 0.065361 -0.534925
v -7.410678 0.064281 -0.542527
v -7.412299 0.065361 -0.550130
v -7.415543 0.067522 -0.550130
v -7.449983 0.059557 -0.542527
v -7.447845 0.058619 -0.534925
v -7.443568 0.056743 -0.534925
v -7.441429 0.055805 -0.542527
v -7.443567 0.056743 -0.550130
v -7.447845 0.058619 -0.550130
v -7.477583 0.048223 -0.542527
v -7.475010 0.047464 -0.534925
v -7.469864 0.045945 -0.534925
v -7.467290 0.045185 -0.542527
v -7.469864 0.045945 -0.550130
v -7.475010 0.047464 -0.550130
v -7.498904 0.035036 -0.542527
v -7.495995 0.034484 -0.534925
v -7.490177 0.033381 -0.534925
v -7.487268 0.032829 -0.542527
v -7.490177 0.033381 -0.550130
v -7.495995 0.034484 -0.550130
v -7.513126 0.020502 -0.542527
v -7.509993 0.020179 -0.534925
v -7.503727 0.019534 -0.534925
v -7.500594 0.019211 -0.542527
v -7.503727 0.019534 -0.550130
v -7.509993 0.020179 -0.550130
v -7.519703 0.005181 -0.542527
v -7.516467 0.005099 -0.534925
v -7.509994 0.004936 -0.534925
v -7.506757 0.004855 -0.542527
v -7.509994 0.004936 -0.550130
v -7.516467 0.005099 -0.550130
v -7.518382 -0.010340 -0.542527
v -7.515166 -0.010177 -0.534925
v -7.508735 -0.009851 -0.534925
v -7.505519 -0.009688 -0.542527
v -7.508735 -0.009851 -0.550130
v -7.515166 -0.010177 -0.550130
v -7.509213 -0.025463 -0.542527
v -7.506142 -0.025062 -0.534925
v -7.500000 -0.024260 -0.534925
v -7.496929 -0.023859 -0.542527
v -7.500000 -0.024260 -0.550130
v -7.506142 -0.025062 -0.550130
v -7.457869 -0.031906 -0.659149
v -7.455606 -0.031404 -0.651547
v -7.451080 -0.030399 -0.651547
v -7.448817 -0.029896 -0.659149
v -7.451080 -0.030399 -0.666752
v -7.455606 -0.031404 -0.666752
v -7.438924 -0.042074 -0.659149
v -7.436959 -0.041412 -0.651547
v -7.433031 -0.040086 -0.651547
v -7.431066 -0.039424 -0.659149
v -7.433031 -0.040086 -0.666752
v -7.436959 -0.041412 -0.666752
v -7.415185 -0.050625 -0.659149
v -7.413595 -0.049828 -0.651547
v -7.410414 -0.048234 -0.651547
v -7.408823 -0.047436 -0.659149
v -7.410414 -0.048234 -0.666752
v -7.413595 -0.049828 -0.666752
v -7.387566 -0.057231 -0.659149
v -7.386410 -0.056330 -0.651547
v -7.384099 -0.054527 -0.651547
v -7.382943 -0.053626 -0.659149
v -7.384099 -0.054527 -0.666752
v -7.386410 -0.056330 -0.666752
v -7.357126 -0.061638 -0.659149
v -7.356450 -0.060667 -0.651547
v -7.355097 -0.058726 -0.651547
v -7.354421 -0.057755 -0.659149
v -7.355097 -0.058726 -0.666752
v -7.356450 -0.060667 -0.666752
v -7.325036 -0.063675 -0.659149
v -7.324865 -0.062673 -0.651547
v -7.324523 -0.060667 -0.651547
v -7.324353 -0.059664 -0.659149
v -7.324523 -0.060667 -0.666752
v -7.324865 -0.062673 -0.666752
v -7.292529 -0.063266 -0.659149
v -7.292871 -0.062270 -0.651547
v -7.293552 -0.060277 -0.651547
v -7.293893 -0.059281 -0.659149
v -7.293552 -0.060277 -0.666752
v -7.292871 -0.062270 -0.666752
v -7.260855 -0.060426 -0.659149
v -7.261694 -0.059474 -0.651547
v -7.263374 -0.057571 -0.651547
v -7.264214 -0.056619 -0.659149
v -7.263374 -0.057571 -0.666752
v -7.261694 -0.059474 -0.666752
v -7.231229 -0.055263 -0.659149
v -7.232536 -0.054393 -0.651547
v -7.235148 -0.052652 -0.651547
v -7.236455 -0.051782 -0.659149
v -7.235148 -0.052652 -0.666752
v -7.232536 -0.054393 -0.666752
v -7.204792 -0.047976 -0.659149
v -7.206515 -0.047221 -0.651547
v -7.209960 -0.045710 -0.651547
v -7.211683 -0.044954 -0.659149
v -7.209960 -0.045710 -0.666752
v -7.206515 -0.047221 -0.666752
v -7.182559 -0.038846 -0.659149
v -7.184632 -0.038235 -0.651547
v -7.188777 -0.037011 -0.651547
v -7.190850 -0.036399 -0.659149
v -7.188777 -0.037011 -0.666752
v -7.184632 -0.038235 -0.666752
v -7.165384 -0.028223 -0.659149
v -7.167727 -0.027779 -0.651547
v -7.172414 -0.026890 -0.651547
v -7.174757 -0.026446 -0.659149
v -7.172414 -0.026890 -0.666752
v -7.167727 -0.027779 -0.666752
v -7.153927 -0.016516 -0.659149
v -7.156451 -0.016256 -0.651547
v -7.161499 -0.015735 -0.651547
v -7.164022 -0.015476 -0.659149
v -7.161499 -0.015735 -0.666752
v -7.156451 -0.016256 -0.666752
v -7.148629 -0.004174 -0.659149
v -7.151236 -0.004108 -0.651547
v -7.156451 -0.003976 -0.651547
v -7.159058 -0.003911 -0.659149
v -7.156451 -0.003976 -0.666752
v -7.151236 -0.004108 -0.666752
v -7.149693 0.008329 -0.659149
v -7.152284 0.008198 -0.651547
v -7.157465 0.007936 -0.651547
v -7.160055 0.007804 -0.659149
v -7.157465 0.007936 -0.666752
v -7.152284 0.008198 -0.666752
v -7.157079 0.020512 -0.659149
v -7.159553 0.020189 -0.651547
v -7.164501 0.019543 -0.651547
v -7.166975 0.019220 -0.659149
v -7.164501 0.019543 -0.666752
v -7.159553 0.020189 -0.666752
v -7.170502 0.031906 -0.659149
v -7.172764 0.031404 -0.651547
v -7.177290 0.030399 -0.651547
v -7.179553 0.029896 -0.659149
v -7.177290 0.030399 -0.666752
v -7.172764 0.031404 -0.666752
v -7.189446 0.042074 -0.659149
v -7.191411 0.041412 -0.651547
v -7.195340 0.040086 -0.651547
v -7.197304 0.039424 -0.659149
v -7.195340 0.040086 -0.666752
v -7.191411 0.041412 -0.666752
v -7.213184 0.050625 -0.659149
v -7.214775 0.049828 -0.651547
v -7.217956 0.048234 -0.651547
v -7.219547 0.047436 -0.659149
v -7.217956 0.048234 -0.666752
v -7.214775 0.049828 -0.666752
v -7.240804 0.057231 -0.659149
v -7.241960 0.056330 -0.651547
v -7.244271 0.054527 -0.651547
v -7.245427 0.053626 -0.659149
v -7.244271 0.054527 -0.666752
v -7.241960 0.056330 -0.666752
v -7.271244 0.061638 -0.659149
v -7.271921 0.060667 -0.651547
v -7.273273 0.058726 -0.651547
v -7.273949 0.057755 -0.659149
v -7.273273 0.058726 -0.666752
v -7.271921 0.060667 -0.666752
v -7.303334 0.063675 -0.659149
v -7.303504 0.062673 -0.651547
v -7.303847 0.060667 -0.651547
v -7.304018 0.059664 -0.659149
v -7.303847 0.060667 -0.666752
v -7.303504 0.062673 -0.666752
v -7.335841 0.063266 -0.659149
v -7.335500 0.062270 -0.651547
v -7.334818 0.060277 -0.651547
v -7.334477 0.059281 -0.659149
v -7.334818 0.060277 -0.666752
v -7.335500 0.062270 -0.666752
v -7.367515 0.060426 -0.659149
v -7.366676 0.059474 -0.651547
v -7.364996 0.057571 -0.651547
v -7.364156 0.056619 -0.659149
v -7.364996 0.057571 -0.666752
v -7.366676 0.059474 -0.666752
v -7.397141 0.055263 -0.659149
v -7.395834 0.054393 -0.651547
v -7.393221 0.052652 -0.651547
v -7.391915 0.051782 -0.659149
v -7.393221 0.052652 -0.666752
v -7.395834 0.054393 -0.666752
v -7.423578 0.047976 -0.659149
v -7.421855 0.047221 -0.651547
v -7.418410 0.045710 -0.651547
v -7.416687 0.044954 -0.659149
v -7.418410 0.045710 -0.666752
v -7.421855 0.047221 -0.666752
v -7.445811 0.038846 -0.659149
v -7.443738 0.038235 -0.651547
v -7.439593 0.037011 -0.651547
v -7.437520 0.036399 -0.659149
v -7.439593 0.037011 -0.666752
v -7.443738 0.038235 -0.666752
v -7.462986 0.028223 -0.659149
v -7.460643 0.027779 -0.651547
v -7.455956 0.026890 -0.651547
v -7.453613 0.026445 -0.659149
v -7.455956 0.026890 -0.666752
v -7.460643 0.027779 -0.666752
v -7.474443 0.016516 -0.659149
v -7.471919 0.016256 -0.651547
v -7.466872 0.015736 -0.651547
v -7.464348 0.015475 -0.659149
v -7.466872 0.015736 -0.666752
v -7.471919 0.016256 -0.666752
v -7.479741 0.004174 -0.659149
v -7.477134 0.004108 -0.651547
v -7.471920 0.003976 -0.651547
v -7.469312 0.003911 -0.659149
v -7.471920 0.003976 -0.666752
v -7.477134 0.004108 -0.666752
v -7.478677 -0.008329 -0.659149
v -7.476087 -0.008198 -0.651547
v -7.470905 -0.007936 -0.651547
v -7.468315 -0.007804 -0.659149
v -7.470905 -0.007936 -0.666752
v -7.476087 -0.008198 -0.666752
v -7.471292 -0.020512 -0.659149
v -7.468817 -0.020189 -0.651547
v -7.463869 -0.019543 -0.651547
v -7.461395 -0.019220 -0.659149
v -7.463869 -0.019543 -0.666752
v -7.468817 -0.020189 -0.666752
v -7.423186 -0.024205 -0.775771
v -7.421470 -0.023823 -0.768168
v -7.418036 -0.023061 -0.768168
v -7.416320 -0.022680 -0.775771
v -7.418036 -0.023061 -0.783373
v -7.421470 -0.023823 -0.783373
v -7.408814 -0.031918 -0.775771
v -7.407324 -0.031416 -0.768168
v -7.404344 -0.030410 -0.768168
v -7.402853 -0.029908 -0.775771
v -7.404344 -0.030410 -0.783373
v -7.407324 -0.031416 -0.783373
v -7.390806 -0.038406 -0.775771
v -7.389599 -0.037801 -0.768168
v -7.387186 -0.036591 -0.768168
v -7.385980 -0.035986 -0.775771
v -7.387186 -0.036591 -0.783373
v -7.389599 -0.037801 -0.783373
v -7.369853 -0.043417 -0.775771
v -7.368977 -0.042733 -0.768168
v -7.367223 -0.041366 -0.768168
v -7.366346 -0.040682 -0.775771
v -7.367223 -0.041366 -0.783373
v -7.368977 -0.042733 -0.783373
v -7.346761 -0.046760 -0.775771
v -7.346248 -0.046023 -0.768168
v -7.345222 -0.044551 -0.768168
v -7.344709 -0.043814 -0.775771
v -7.345222 -0.044551 -0.783373
v -7.346248 -0.046023 -0.783373
v -7.322417 -0.048306 -0.775771
v -7.322288 -0.047545 -0.768168
v -7.322028 -0.046023 -0.768168
v -7.321898 -0.045263 -0.775771
v -7.322028 -0.046023 -0.783373
v -7.322288 -0.047545 -0.783373
v -7.297756 -0.047995 -0.775771
v -7.298015 -0.047239 -0.768168
v -7.298533 -0.045728 -0.768168
v -7.298791 -0.044972 -0.775771
v -7.298533 -0.045728 -0.783373
v -7.298015 -0.047239 -0.783373
v -7.273728 -0.045840 -0.775771
v -7.274364 -0.045118 -0.768168
v -7.275639 -0.043674 -0.768168
v -7.276276 -0.042953 -0.775771
v -7.275639 -0.043674 -0.783373
v -7.274364 -0.045118 -0.783373
v -7.251253 -0.041924 -0.775771
v -7.252244 -0.041263 -0.768168
v -7.254227 -0.039943 -0.768168
v -7.255218 -0.039283 -0.775771
v -7.254227 -0.039943 -0.783373
v -7.252244 -0.041263 -0.783373
v -7.231197 -0.036396 -0.775771
v -7.232504 -0.035823 -0.768168
v -7.235118 -0.034676 -0.768168
v -7.236425 -0.034103 -0.775771
v -7.235118 -0.034676 -0.783373
v -7.232504 -0.035823 -0.783373
v -7.214331 -0.029470 -0.775771
v -7.215903 -0.029006 -0.768168
v -7.219048 -0.028077 -0.768168
v -7.220621 -0.027613 -0.775771
v -7.219048 -0.028077 -0.783373
v -7.215903 -0.029006 -0.783373
v -7.201301 -0.021411 -0.775771
v -7.203079 -0.021074 -0.768168
v -7.206635 -0.020399 -0.768168
v -7.208412 -0.020062 -0.775771
v -7.206635 -0.020399 -0.783373
v -7.203079 -0.021074 -0.783373
v -7.192610 -0.012529 -0.775771
v -7.194525 -0.012332 -0.768168
v -7.198354 -0.011937 -0.768168
v -7.200268 -0.011740 -0.775771
v -7.198354 -0.011937 -0.783373
v -7.194525 -0.012332 -0.783373
v -7.188591 -0.003166 -0.775771
v -7.190569 -0.003116 -0.768168
v -7.194525 -0.003017 -0.768168
v -7.196502 -0.002967 -0.775771
v -7.194525 -0.003017 -0.783373
v -7.190569 -0.003116 -0.783373
v -7.189398 0.006319 -0.775771
v -7.191363 0.006219 -0.768168
v -7.195293 0.006020 -0.768168
v -7.197259 0.005921 -0.775771
v -7.195293 0.006020 -0.783373
v -7.191363 0.006219 -0.783373
v -7.195001 0.015561 -0.775771
v -7.196878 0.015315 -0.768168
v -7.200632 0.014825 -0.768168
v -7.202508 0.014580 -0.775771
v -7.200632 0.014825 -0.783373
v -7.196878 0.015315 -0.783373
v -7.205184 0.024204 -0.775771
v -7.206901 0.023823 -0.768168
v -7.210334 0.023061 -0.768168
v -7.212050 0.022680 -0.775771
v -7.210334 0.023061 -0.783373
v -7.206901 0.023823 -0.783373
v -7.219556 0.031918 -0.775771
v -7.221046 0.031416 -0.768168
v -7.224027 0.030410 -0.768168
v -7.225517 0.029908 -0.775771
v -7.224027 0.030410 -0.783373
v -7.221046 0.031416 -0.783373
v -7.237564 0.038406 -0.775771
v -7.238771 0.037801 -0.768168
v -7.241184 0.036591 -0.768168
v -7.242391 0.035986 -0.775771
v -7.241184 0.036591 -0.783373
v -7.238771 0.037801 -0.783373
v -7.258517 0.043417 -0.775771
v -7.259394 0.042733 -0.768168
v -7.261147 0.041366 -0.768168
v -7.262024 0.040682 -0.775771
v -7.261147 0.041366 -0.783373
v -7.259394 0.042733 -0.783373
v -7.281609 0.046760 -0.775771
v -7.282122 0.046023 -0.768168
v -7.283148 0.044550 -0.768168
v -7.283661 0.043814 -0.775771
v -7.283148 0.044550 -0.783373
v -7.282122 0.046023 -0.783373
v -7.305953 0.048305 -0.775771
v -7.306083 0.047545 -0.768168
v -7.306342 0.046023 -0.768168
v -7.306472 0.045263 -0.775771
v -7.306342 0.046023 -0.783373
v -7.306083 0.047545 -0.783373
v -7.330614 0.047995 -0.775771
v -7.330355 0.047239 -0.768168
v -7.329837 0.045727 -0.768168
v -7.329579 0.044972 -0.775771
v -7.329837 0.045727 -0.783373
v -7.330355 0.047239 -0.783373
v -7.354642 0.045840 -0.775771
v -7.354005 0.045118 -0.768168
v -7.352731 0.043674 -0.768168
v -7.352094 0.042952 -0.775771
v -7.352731 0.043674 -0.783373
v -7.354005 0.045118 -0.783373
v -7.377117 0.041923 -0.775771
v -7.376126 0.041263 -0.768168
v -7.374144 0.039943 -0.768168
v -7.373153 0.039283 -0.775771
v -7.374144 0.039943 -0.783373
v -7.376126 0.041263 -0.783373
v -7.397173 0.036396 -0.775771
v -7.395866 0.035823 -0.768168
v -7.393252 0.034676 -0.768168
v -7.391945 0.034103 -0.775771
v -7.393252 0.034676 -0.783373
v -7.395866 0.035823 -0.783373
v -7.414040 0.029470 -0.775771
v -7.412467 0.029005 -0.768168
v -7.409322 0.028077 -0.768168
v -7.407749 0.027613 -0.775771
v -7.409322 0.028077 -0.783373
v -7.412467 0.029005 -0.783373
v -7.427069 0.021411 -0.775771
v -7.425291 0.021074 -0.768168
v -7.421736 0.020399 -0.768168
v -7.419958 0.020062 -0.775771
v -7.421736 0.020399 -0.783373
v -7.425291 0.021074 -0.783373
v -7.435760 0.012529 -0.775771
v -7.433846 0.012332 -0.768168
v -7.430017 0.011937 -0.768168
v -7.428102 0.011740 -0.775771
v -7.430017 0.011937 -0.783373
v -7.433846 0.012332 -0.783373
v -7.439779 0.003166 -0.775771
v -7.437801 0.003116 -0.768168
v -7.433846 0.003016 -0.768168
v -7.431868 0.002967 -0.775771
v -7.433846 0.003016 -0.783373
v -7.437801 0.003116 -0.783373
v -7.438972 -0.006319 -0.775771
v -7.437006 -0.006219 -0.768168
v -7.433077 -0.006020 -0.768168
v -7.431111 -0.005921 -0.775771
v -7.433077 -0.006020 -0.783373
v -7.437006 -0.006219 -0.783373
v -7.433369 -0.015561 -0.775771
v -7.431492 -0.015316 -0.768168
v -7.427738 -0.014825 -0.768168
v -7.425862 -0.014580 -0.775771
v -7.427738 -0.014825 -0.783373
v -7.431492 -0.015316 -0.783373
v -7.388504 -0.016503 -0.892392
v -7.387333 -0.016243 -0.884790
v -7.384993 -0.015724 -0.884790
v -7.383822 -0.015464 -0.892392
v -7.384993 -0.015724 -0.899995
v -7.387333 -0.016243 -0.899995
v -7.378705 -0.021763 -0.892392
v -7.377689 -0.021420 -0.884790
v -7.375657 -0.020734 -0.884790
v -7.374640 -0.020392 -0.892392
v -7.375657 -0.020734 -0.899995
v -7.377689 -0.021420 -0.899995
v -7.366426 -0.026186 -0.892392
v -7.365604 -0.025773 -0.884790
v -7.363958 -0.024949 -0.884790
v -7.363136 -0.024536 -0.892392
v -7.363958 -0.024949 -0.899995
v -7.365604 -0.025773 -0.899995
v -7.352140 -0.029602 -0.892392
v -7.351543 -0.029136 -0.884790
v -7.350348 -0.028204 -0.884790
v -7.349750 -0.027738 -0.892392
v -7.350348 -0.028204 -0.899995
v -7.351543 -0.029136 -0.899995
v -7.336396 -0.031882 -0.892392
v -7.336046 -0.031380 -0.884790
v -7.335347 -0.030375 -0.884790
v -7.334997 -0.029873 -0.892392
v -7.335347 -0.030375 -0.899995
v -7.336046 -0.031380 -0.899995
v -7.319798 -0.032936 -0.892392
v -7.319709 -0.032417 -0.884790
v -7.319532 -0.031380 -0.884790
v -7.319444 -0.030861 -0.892392
v -7.319532 -0.031380 -0.899995
v -7.319709 -0.032417 -0.899995
v -7.302984 -0.032724 -0.892392
v -7.303160 -0.032209 -0.884790
v -7.303513 -0.031178 -0.884790
v -7.303689 -0.030663 -0.892392
v -7.303513 -0.031178 -0.899995
v -7.303160 -0.032209 -0.899995
v -7.286601 -0.031255 -0.892392
v -7.287035 -0.030763 -0.884790
v -7.287903 -0.029778 -0.884790
v -7.288338 -0.029286 -0.892392
v -7.287903 -0.029778 -0.899995
v -7.287035 -0.030763 -0.899995
v -7.271277 -0.028584 -0.892392
v -7.271953 -0.028134 -0.884790
v -7.273304 -0.027234 -0.884790
v -7.273980 -0.026784 -0.892392
v -7.273304 -0.027234 -0.899995
v -7.271953 -0.028134 -0.899995
v -7.257602 -0.024815 -0.892392
v -7.258493 -0.024425 -0.884790
v -7.260276 -0.023643 -0.884790
v -7.261167 -0.023252 -0.892392
v -7.260276 -0.023643 -0.899995
v -7.258493 -0.024425 -0.899995
v -7.246102 -0.020093 -0.892392
v -7.247175 -0.019777 -0.884790
v -7.249319 -0.019144 -0.884790
v -7.250391 -0.018827 -0.892392
v -7.249319 -0.019144 -0.899995
v -7.247175 -0.019777 -0.899995
v -7.237219 -0.014598 -0.892392
v -7.238431 -0.014369 -0.884790
v -7.240855 -0.013909 -0.884790
v -7.242067 -0.013679 -0.892392
v -7.240855 -0.013909 -0.899995
v -7.238431 -0.014369 -0.899995
v -7.231293 -0.008543 -0.892392
v -7.232598 -0.008408 -0.884790
v -7.235209 -0.008139 -0.884790
v -7.236515 -0.008005 -0.892392
v -7.235209 -0.008139 -0.899995
v -7.232598 -0.008408 -0.899995
v -7.228553 -0.002159 -0.892392
v -7.229901 -0.002125 -0.884790
v -7.232598 -0.002057 -0.884790
v -7.233947 -0.002023 -0.892392
v -7.232598 -0.002057 -0.899995
v -7.229901 -0.002125 -0.899995
v -7.229103 0.004308 -0.892392
v -7.230443 0.004240 -0.884790
v -7.233123 0.004105 -0.884790
v -7.234463 0.004037 -0.892392
v -7.233123 0.004105 -0.899995
v -7.230443 0.004240 -0.899995
v -7.232923 0.010609 -0.892392
v -7.234203 0.010442 -0.884790
v -7.236763 0.010108 -0.884790
v -7.238042 0.009941 -0.892392
v -7.236763 0.010108 -0.899995
v -7.234203 0.010442 -0.899995
v -7.239866 0.016503 -0.892392
v -7.241036 0.016243 -0.884790
v -7.243377 0.015723 -0.884790
v -7.244547 0.015463 -0.892392
v -7.243377 0.015723 -0.899995
v -7.241036 0.016243 -0.899995
v -7.249665 0.021762 -0.892392
v -7.250681 0.021420 -0.884790
v -7.252713 0.020734 -0.884790
v -7.253729 0.020392 -0.892392
v -7.252713 0.020734 -0.899995
v -7.250681 0.021420 -0.899995
v -7.261943 0.026185 -0.892392
v -7.262766 0.025773 -0.884790
v -7.264412 0.024948 -0.884790
v -7.265234 0.024536 -0.892392
v -7.264412 0.024948 -0.899995
v -7.262766 0.025773 -0.899995
v -7.276229 0.029602 -0.892392
v -7.276827 0.029136 -0.884790
v -7.278023 0.028204 -0.884790
v -7.278621 0.027738 -0.892392
v -7.278023 0.028204 -0.899995
v -7.276827 0.029136 -0.899995
v -7.291974 0.031882 -0.892392
v -7.292324 0.031379 -0.884790
v -7.293024 0.030375 -0.884790
v -7.293373 0.029873 -0.892392
v -7.293024 0.030375 -0.899995
v -7.292324 0.031379 -0.899995
v -7.308572 0.032935 -0.892392
v -7.308661 0.032417 -0.884790
v -7.308837 0.031379 -0.884790
v -7.308926 0.030861 -0.892392
v -7.308837 0.031379 -0.899995
v -7.308661 0.032417 -0.899995
v -7.325387 0.032724 -0.892392
v -7.325210 0.032208 -0.884790
v -7.324857 0.031178 -0.884790
v -7.324681 0.030662 -0.892392
v -7.324857 0.031178 -0.899995
v -7.325210 0.032208 -0.899995
v -7.341770 0.031255 -0.892392
v -7.341335 0.030762 -0.884790
v -7.340466 0.029778 -0.884790
v -7.340032 0.029286 -0.892392
v -7.340466 0.029778 -0.899995
v -7.341335 0.030762 -0.899995
v -7.357093 0.028584 -0.892392
v -7.356418 0.028134 -0.884790
v -7.355066 0.027234 -0.884790
v -7.354390 0.026784 -0.892392
v -7.355066 0.027234 -0.899995
v -7.356418 0.028134 -0.899995
v -7.370768 0.024815 -0.892392
v -7.369876 0.024425 -0.884790
v -7.368094 0.023643 -0.884790
v -7.367203 0.023252 -0.892392
v -7.368094 0.023643 -0.899995
v -7.369876 0.024425 -0.899995
v -7.382267 0.020093 -0.892392
v -7.381196 0.019776 -0.884790
v -7.379051 0.019144 -0.884790
v -7.377979 0.018827 -0.892392
v -7.379051 0.019144 -0.899995
v -7.381196 0.019776 -0.899995
v -7.391151 0.014598 -0.892392
v -7.389939 0.014368 -0.884790
v -7.387515 0.013909 -0.884790
v -7.386303 0.013679 -0.892392
v -7.387515 0.013909 -0.899995
v -7.389939 0.014368 -0.899995
v -7.397077 0.008543 -0.892392
v -7.395772 0.008408 -0.884790
v -7.393161 0.008139 -0.884790
v -7.391856 0.008005 -0.892392
v -7.393161 0.008139 -0.899995
v -7.395772 0.008408 -0.899995
v -7.399817 0.002159 -0.892392
v -7.398469 0.002125 -0.884790
v -7.395772 0.002057 -0.884790
v -7.394423 0.002023 -0.892392
v -7.395772 0.002057 -0.899995
v -7.398469 0.002125 -0.899995
v -7.399267 -0.004308 -0.892392
v -7.397927 -0.004240 -0.884790
v -7.395247 -0.004105 -0.884790
v -7.393908 -0.004037 -0.892392
v -7.395247 -0.004105 -0.899995
v -7.397927 -0.004240 -0.899995
v -7.395447 -0.010610 -0.892392
v -7.394167 -0.010442 -0.884790
v -7.391608 -0.010108 -0.884790
v -7.390328 -0.009941 -0.892392
v -7.391608 -0.010108 -0.899995
v -7.394167 -0.010442 -0.899995
v -7.099426 -0.063381 -0.245213
v -7.478975 -0.082600 -0.245213
v -7.314185 -0.000000 -1.005213
v -7.149395 0.082600 -0.245213
v -7.528944 0.063381 -0.245213
v -7.056420 -0.076073 -0.180344
v -7.511976 -0.099141 -0.180344
v -7.116395 0.099141 -0.180344
v -7.571950 0.076073 -0.180344
v -7.211040 -0.030441 -0.114535
v -7.393331 -0.039671 -0.114535
v -7.235039 0.039671 -0.114535
v -7.417330 0.030441 -0.114535
v -6.953052 -0.032965 -0.076242
v -6.815588 -0.058783 -0.130776
v -7.022530 -0.054778 -0.407208
v -7.024530 -0.089263 -0.076242
v -6.887066 -0.115081 -0.130776
v -6.998219 0.074905 -0.076242
v -6.853551 0.094034 -0.130776
v -7.007246 0.040586 -0.407208
v -6.945259 0.015657 -0.076242
v -6.800592 0.034786 -0.130776
v -7.228475 0.138898 -0.076242
v -7.161348 0.191768 -0.130776
v -7.171763 0.112175 -0.407208
v -7.082100 0.111406 -0.076242
v -7.014973 0.164277 -0.130776
v -7.508939 0.121526 -0.076242
v -7.558675 0.177167 -0.130776
v -7.419709 0.118053 -0.407208
v -7.354893 0.141895 -0.076242
v -7.404629 0.197536 -0.130776
v -7.675319 0.032966 -0.076242
v -7.812783 0.058783 -0.130776
v -7.605840 0.054778 -0.407208
v -7.603840 0.089264 -0.076242
v -7.741304 0.115082 -0.130776
v -7.630151 -0.074905 -0.076242
v -7.774819 -0.094034 -0.130776
v -7.621124 -0.040586 -0.407208
v -7.683112 -0.015657 -0.076242
v -7.827778 -0.034786 -0.130776
v -7.399896 -0.138898 -0.076242
v -7.467022 -0.191768 -0.130776
v -7.456607 -0.112175 -0.407208
v -7.546270 -0.111406 -0.076242
v -7.613397 -0.164277 -0.130776
v -7.119431 -0.121525 -0.076242
v -7.069695 -0.177167 -0.130776
v -7.208661 -0.118053 -0.407208
v -7.273477 -0.141895 -0.076242
v -7.223741 -0.197536 -0.130776
vn -0.4473 -0.8334 0.3245
vn -0.0000 -0.0000 1.0000
vn 0.4473 0.8334 0.3245
vn 0.4473 0.8334 -0.3245
vn -0.0000 -0.0000 -1.0000
vn -0.4473 -0.8334 -0.3245
vn -0.3253 -0.9030 0.2806
vn 0.3253 0.9030 0.2806
vn 0.3253 0.9030 -0.2806
vn -0.3253 -0.9030 -0.2806
vn -0.2251 -0.9413 0.2514
vn 0.2251 0.9413 0.2514
vn 0.2251 0.9413 -0.2514
vn -0.2251 -0.9413 -0.2514
vn -0.1393 -0.9624 0.2332
vn 0.1393 0.9624 0.2332
vn 0.1393 0.9624 -0.2332
vn -0.1393 -0.9624 -0.2332
vn -0.0618 -0.9727 0.2236
vn 0.0618 0.9727 0.2236
vn 0.0618 0.9727 -0.2236
vn -0.0618 -0.9727 -0.2236
vn 0.0123 -0.9751 0.2213
vn -0.0123 0.9751 0.2213
vn -0.0123 0.9751 -0.2213
vn 0.0123 -0.9751 -0.2213
vn 0.0870 -0.9702 0.2259
vn 0.0870 -0.9702 0.2260
vn -0.0870 0.9702 0.2260
vn -0.0870 0.9702 -0.2260
vn 0.0870 -0.9702 -0.2260
vn 0.0870 -0.9702 -0.2259
vn 0.1667 -0.9568 0.2382
vn -0.1667 0.9568 0.2382
vn -0.1667 0.9568 -0.2382
vn 0.1667 -0.9568 -0.2382
vn 0.2566 -0.9310 0.2598
vn -0.2566 0.9310 0.2598
vn -0.2566 0.9310 -0.2597
vn 0.2566 -0.9310 -0.2597
vn 0.3631 -0.8843 0.2934
vn -0.3631 0.8843 0.2934
vn -0.3631 0.8843 -0.2934
vn -0.3632 0.8843 -0.2934
vn 0.3632 -0.8843 -0.2934
vn 0.3631 -0.8843 -0.2934
vn 0.4941 -0.7988 0.3431
vn -0.4941 0.7988 0.3431
vn -0.4941 0.7988 -0.3431
vn 0.4941 -0.7988 -0.3431
vn 0.6517 -0.6377 0.4106
vn -0.6517 0.6377 0.4106
vn -0.6517 0.6377 -0.4106
vn 0.6517 -0.6377 -0.4106
vn 0.8054 -0.3457 0.4814
vn -0.8054 0.3457 0.4814
vn -0.8054 0.3457 -0.4814
vn 0.8054 -0.3457 -0.4814
vn 0.8590 0.0731 0.5068
vn -0.8590 -0.0731 0.5068
vn -0.8590 -0.0731 -0.5068
vn 0.8590 0.0731 -0.5068
vn 0.7594 0.4604 0.4598
vn -0.7594 -0.4604 0.4598
vn -0.7594 -0.4604 -0.4598
vn 0.7594 0.4604 -0.4598
vn 0.5969 0.7032 0.3864
vn 0.5969 0.7031 0.3864
vn -0.5969 -0.7031 0.3864
vn -0.5969 -0.7032 -0.3864
vn 0.5969 0.7032 -0.3864
vn -0.0870 0.9702 0.2259
vn -0.0870 0.9702 -0.2259
vn 0.2566 -0.9310 -0.2598
vn -0.2566 0.9310 -0.2598
vn -0.4941 0.7989 0.3431
vn -0.5969 -0.7032 0.3864
vn -0.4536 -0.8451 0.2830
vn 0.4536 0.8451 0.2830
vn 0.4536 0.8451 -0.2830
vn -0.4536 -0.8451 -0.2830
vn -0.3287 -0.9124 0.2439
vn -0.3287 -0.9124 0.2438
vn 0.3287 0.9124 0.2438
vn 0.3287 0.9124 -0.2438
vn -0.3287 -0.9124 -0.2438
vn -0.2270 -0.9492 0.2180
vn 0.2270 0.9492 0.2180
vn 0.2270 0.9492 -0.2180
vn -0.2270 -0.9492 -0.2180
vn -0.1403 -0.9693 0.2020
vn 0.1403 0.9693 0.2020
vn 0.1403 0.9693 -0.2020
vn -0.1403 -0.9693 -0.2020
vn -0.0622 -0.9791 0.1936
vn 0.0622 0.9791 0.1936
vn 0.0622 0.9791 -0.1936
vn -0.0622 -0.9791 -0.1936
vn 0.0124 -0.9814 0.1915
vn -0.0124 0.9814 0.1915
vn -0.0124 0.9814 -0.1915
vn 0.0124 -0.9814 -0.1915
vn 0.0876 -0.9768 0.1956
vn -0.0876 0.9768 0.1956
vn -0.0876 0.9768 -0.1956
vn 0.0876 -0.9768 -0.1956
vn 0.1680 -0.9639 0.2064
vn -0.1680 0.9639 0.2064
vn -0.1680 0.9639 -0.2064
vn 0.1680 -0.9639 -0.2064
vn 0.2589 -0.9392 0.2254
vn 0.2589 -0.9393 0.2254
vn -0.2589 0.9392 0.2254
vn -0.2589 0.9393 -0.2254
vn 0.2589 -0.9392 -0.2254
vn 0.2589 -0.9393 -0.2254
vn 0.3673 -0.8944 0.2552
vn -0.3673 0.8944 0.2552
vn -0.3673 0.8944 -0.2552
vn 0.3673 -0.8944 -0.2552
vn 0.5018 -0.8114 0.2997
vn -0.5018 0.8114 0.2997
vn -0.5018 0.8114 -0.2997
vn 0.5018 -0.8114 -0.2997
vn 0.6665 -0.6522 0.3611
vn 0.6665 -0.6522 0.3612
vn -0.6665 0.6522 0.3612
vn -0.6665 0.6522 -0.3612
vn 0.6665 -0.6522 -0.3611
vn 0.8309 -0.3567 0.4271
vn -0.8309 0.3567 0.4271
vn -0.8309 0.3567 -0.4271
vn 0.8309 -0.3567 -0.4271
vn 0.8892 0.0757 0.4512
vn -0.8892 -0.0757 0.4512
vn -0.8892 -0.0757 -0.4512
vn 0.8892 0.0757 -0.4512
vn 0.7812 0.4736 0.4068
vn -0.7812 -0.4736 0.4068
vn -0.7812 -0.4736 -0.4068
vn 0.7812 0.4736 -0.4068
vn 0.6088 0.7172 0.3390
vn -0.6088 -0.7172 0.3390
vn -0.6088 -0.7172 -0.3390
vn 0.6088 0.7172 -0.3389
vn 0.6088 0.7172 -0.3390
vn 0.3287 0.9124 0.2439
vn -0.2589 0.9393 0.2254
vn -0.6665 0.6522 0.3611
vn 0.6665 -0.6522 -0.3612
vn -0.6665 0.6522 -0.3611
vn -0.4591 -0.8554 0.2398
vn 0.4591 0.8554 0.2398
vn 0.4591 0.8554 -0.2398
vn -0.4591 -0.8554 -0.2398
vn -0.3316 -0.9206 0.2060
vn 0.3316 0.9206 0.2060
vn 0.3316 0.9206 -0.2060
vn -0.3316 -0.9206 -0.2060
vn -0.2286 -0.9560 0.1838
vn 0.2286 0.9560 0.1838
vn 0.2286 0.9560 -0.1838
vn -0.2286 -0.9560 -0.1838
vn -0.1412 -0.9752 0.1702
vn -0.1412 -0.9753 0.1702
vn 0.1412 0.9752 0.1702
vn 0.1412 0.9753 0.1702
vn 0.1412 0.9753 -0.1702
vn 0.1412 0.9752 -0.1702
vn 0.1412 0.9753 -0.1701
vn -0.1412 -0.9753 -0.1702
vn -0.0625 -0.9846 0.1630
vn 0.0625 0.9846 0.1630
vn 0.0625 0.9846 -0.1630
vn -0.0625 -0.9846 -0.1630
vn 0.0124 -0.9868 0.1612
vn -0.0124 0.9868 0.1612
vn -0.0124 0.9868 -0.1612
vn 0.0124 -0.9868 -0.1612
vn 0.0881 -0.9824 0.1647
vn -0.0881 0.9824 0.1647
vn -0.0881 0.9824 -0.1647
vn 0.0881 -0.9824 -0.1647
vn 0.1691 -0.9701 0.1739
vn -0.1691 0.9701 0.1739
vn -0.1691 0.9701 -0.1739
vn 0.1691 -0.9701 -0.1739
vn 0.2609 -0.9465 0.1902
vn 0.2609 -0.9465 0.1901
vn -0.2609 0.9465 0.1902
vn -0.2609 0.9465 0.1901
vn -0.2609 0.9465 -0.1901
vn 0.2609 -0.9465 -0.1901
vn 0.2609 -0.9465 -0.1902
vn 0.3709 -0.9033 0.2158
vn -0.3709 0.9033 0.2158
vn -0.3709 0.9033 -0.2158
vn 0.3709 -0.9033 -0.2158
vn 0.3709 -0.9033 -0.2157
vn 0.5087 -0.8225 0.2544
vn -0.5087 0.8225 0.2543
vn -0.5087 0.8225 -0.2543
vn 0.5087 -0.8225 -0.2543
vn 0.5087 -0.8225 -0.2544
vn 0.6799 -0.6653 0.3084
vn -0.6799 0.6653 0.3085
vn -0.6799 0.6653 0.3084
vn -0.6799 0.6653 -0.3084
vn 0.6799 -0.6653 -0.3084
vn 0.8545 -0.3668 0.3677
vn -0.8545 0.3668 0.3677
vn -0.8545 0.3668 0.3678
vn -0.8545 0.3668 -0.3677
vn -0.8545 0.3668 -0.3678
vn 0.8545 -0.3668 -0.3677
vn 0.9176 0.0781 0.3898
vn -0.9176 -0.0781 0.3898
vn -0.9176 -0.0781 -0.3898
vn 0.9176 0.0781 -0.3898
vn 0.8013 0.4857 0.3494
vn 0.8013 0.4858 0.3493
vn -0.8013 -0.4857 0.3493
vn -0.8013 -0.4857 -0.3493
vn 0.8013 0.4858 -0.3493
vn 0.8013 0.4857 -0.3493
vn 0.6196 0.7299 0.2888
vn -0.6196 -0.7299 0.2888
vn -0.6196 -0.7299 -0.2888
vn 0.6196 0.7299 -0.2888
vn -0.1412 -0.9753 -0.1701
vn -0.2609 0.9465 -0.1902
vn -0.3709 0.9032 0.2158
vn -0.5087 0.8225 0.2544
vn 0.5087 -0.8225 0.2543
vn -0.5087 0.8225 -0.2544
vn 0.8013 0.4857 0.3493
vn -0.8013 -0.4858 -0.3493
vn -0.4638 -0.8642 0.1952
vn 0.4638 0.8642 0.1952
vn 0.4638 0.8642 -0.1952
vn -0.4638 -0.8642 -0.1952
vn -0.3341 -0.9276 0.1672
vn 0.3341 0.9276 0.1672
vn 0.3341 0.9276 -0.1672
vn -0.3341 -0.9276 -0.1672
vn -0.2300 -0.9617 0.1490
vn 0.2300 0.9617 0.1490
vn 0.2300 0.9617 -0.1490
vn -0.2300 -0.9617 -0.1490
vn -0.1419 -0.9802 0.1378
vn 0.1419 0.9802 0.1378
vn 0.1419 0.9802 -0.1378
vn -0.1419 -0.9802 -0.1378
vn -0.0628 -0.9893 0.1319
vn 0.0628 0.9893 0.1319
vn 0.0628 0.9893 -0.1319
vn -0.0628 -0.9893 -0.1319
vn 0.0125 -0.9914 0.1305
vn -0.0125 0.9914 0.1305
vn -0.0125 0.9914 -0.1305
vn 0.0125 -0.9914 -0.1305
vn 0.0885 -0.9871 0.1333
vn -0.0885 0.9871 0.1333
vn -0.0885 0.9871 -0.1333
vn 0.0885 -0.9871 -0.1333
vn 0.1700 -0.9753 0.1409
vn -0.1700 0.9753 0.1409
vn -0.1700 0.9753 0.1408
vn -0.1700 0.9753 -0.1408
vn -0.1700 0.9753 -0.1409
vn 0.1700 -0.9753 -0.1409
vn 0.2625 -0.9525 0.1542
vn -0.2625 0.9525 0.1541
vn -0.2625 0.9525 0.1542
vn -0.2625 0.9525 -0.1541
vn 0.2625 -0.9525 -0.1542
vn 0.3740 -0.9107 0.1753
vn -0.3740 0.9107 0.1753
vn -0.3740 0.9107 -0.1752
vn 0.3740 -0.9107 -0.1753
vn 0.5146 -0.8320 0.2073
vn -0.5146 0.8320 0.2073
vn -0.5146 0.8320 0.2072
vn -0.5146 0.8320 -0.2072
vn 0.5146 -0.8320 -0.2073
vn 0.6915 -0.6767 0.2527
vn -0.6915 0.6767 0.2527
vn -0.6915 0.6767 -0.2527
vn 0.6915 -0.6767 -0.2527
vn 0.8756 -0.3759 0.3035
vn -0.8756 0.3758 0.3035
vn -0.8756 0.3759 -0.3035
vn -0.8756 0.3758 -0.3035
vn 0.8756 -0.3759 -0.3035
vn 0.9431 0.0803 0.3227
vn -0.9431 -0.0802 0.3227
vn -0.9431 -0.0802 -0.3227
vn 0.9431 0.0803 -0.3227
vn 0.8190 0.4965 0.2876
vn -0.8190 -0.4965 0.2876
vn -0.8190 -0.4965 -0.2876
vn 0.8190 0.4965 -0.2876
vn 0.6288 0.7408 0.2361
vn -0.6289 -0.7408 0.2361
vn -0.6288 -0.7408 0.2361
vn -0.6288 -0.7408 -0.2361
vn -0.6289 -0.7408 -0.2361
vn 0.6288 0.7408 -0.2361
vn -0.4638 -0.8642 0.1951
vn -0.4638 -0.8642 -0.1951
vn 0.2625 -0.9525 0.1541
vn 0.2625 -0.9525 -0.1541
vn -0.2625 0.9525 -0.1542
vn 0.3740 -0.9107 -0.1752
vn 0.5146 -0.8320 -0.2072
vn -0.8756 0.3758 0.3036
vn 0.8756 -0.3758 0.3035
vn 0.8756 -0.3758 -0.3035
vn -0.9431 -0.0803 0.3227
vn -0.9431 -0.0803 -0.3227
vn -0.4676 -0.8712 0.1493
vn 0.4676 0.8712 0.1493
vn 0.4676 0.8712 -0.1493
vn -0.4676 -0.8712 -0.1493
vn -0.3361 -0.9331 0.1276
vn 0.3361 0.9331 0.1276
vn 0.3361 0.9331 -0.1276
vn -0.3361 -0.9331 -0.1276
vn -0.2311 -0.9663 0.1136
vn -0.2311 -0.9663 0.1135
vn 0.2311 0.9663 0.1136
vn 0.2311 0.9663 -0.1135
vn -0.2311 -0.9663 -0.1135
vn -0.1425 -0.9842 0.1049
vn 0.1425 0.9842 0.1049
vn 0.1425 0.9842 -0.1049
vn -0.1425 -0.9842 -0.1049
vn -0.0631 -0.9929 0.1004
vn 0.0631 0.9929 0.1004
vn 0.0631 0.9929 -0.1004
vn -0.0631 -0.9929 -0.1004
vn 0.0125 -0.9950 0.0994
vn -0.0125 0.9950 0.0993
vn -0.0125 0.9950 -0.0993
vn 0.0125 -0.9950 -0.0993
vn 0.0125 -0.9950 -0.0994
vn 0.0889 -0.9909 0.1015
vn -0.0889 0.9909 0.1015
vn -0.0889 0.9909 -0.1015
vn 0.0889 -0.9909 -0.1015
vn 0.1707 -0.9795 0.1073
vn -0.1707 0.9795 0.1073
vn -0.1707 0.9795 -0.1073
vn 0.1707 -0.9795 -0.1073
vn 0.2639 -0.9574 0.1176
vn 0.2639 -0.9574 0.1175
vn -0.2639 0.9574 0.1175
vn -0.2639 0.9574 -0.1175
vn 0.2639 -0.9574 -0.1175
vn 0.3764 -0.9167 0.1338
vn 0.3765 -0.9167 0.1338
vn -0.3764 0.9167 0.1338
vn -0.3764 0.9167 -0.1338
vn 0.3765 -0.9167 -0.1338
vn 0.5194 -0.8397 0.1587
vn -0.5194 0.8397 0.1587
vn -0.5194 0.8397 -0.1587
vn 0.5194 -0.8397 -0.1587
vn 0.7011 -0.6861 0.1944
vn -0.7011 0.6861 0.1944
vn -0.7011 0.6861 -0.1944
vn -0.7011 0.6861 -0.1943
vn 0.7011 -0.6861 -0.1944
vn 0.8932 -0.3834 0.2349
vn -0.8932 0.3834 0.2349
vn -0.8932 0.3834 -0.2349
vn 0.8932 -0.3834 -0.2349
vn 0.9646 0.0821 0.2504
vn 0.9646 0.0821 0.2505
vn -0.9646 -0.0821 0.2504
vn -0.9646 -0.0821 -0.2504
vn -0.9647 -0.0821 -0.2504
vn 0.9646 0.0821 -0.2504
vn 0.8338 0.5055 0.2221
vn -0.8338 -0.5055 0.2222
vn -0.8338 -0.5054 0.2221
vn -0.8338 -0.5054 -0.2221
vn -0.8338 -0.5055 -0.2221
vn 0.8338 0.5055 -0.2221
vn 0.6364 0.7497 0.1813
vn -0.6364 -0.7497 0.1813
vn -0.6364 -0.7497 -0.1813
vn 0.6364 0.7497 -0.1813
vn -0.4676 -0.8712 -0.1492
vn 0.4676 0.8712 -0.1492
vn 0.0630 0.9929 0.1004
vn 0.0630 0.9929 -0.1004
vn 0.0125 -0.9950 0.0993
vn -0.2639 0.9574 0.1176
vn -0.3765 0.9167 0.1338
vn -0.3765 0.9167 -0.1338
vn 0.5193 -0.8397 0.1587
vn -0.9647 -0.0821 0.2504
vn -0.8338 -0.5055 0.2221
vn -0.4704 -0.8765 0.1024
vn 0.4704 0.8765 0.1024
vn 0.4704 0.8765 -0.1024
vn -0.4704 -0.8765 -0.1024
vn -0.3376 -0.9372 0.0874
vn 0.3376 0.9372 0.0874
vn 0.3376 0.9372 -0.0874
vn -0.3376 -0.9372 -0.0874
vn -0.3376 -0.9372 -0.0873
vn -0.2319 -0.9696 0.0777
vn 0.2319 0.9696 0.0777
vn 0.2319 0.9696 -0.0777
vn -0.2319 -0.9696 -0.0777
vn -0.1429 -0.9871 0.0718
vn 0.1429 0.9871 0.0718
vn 0.1429 0.9871 -0.0718
vn -0.1429 -0.9871 -0.0718
vn -0.0632 -0.9956 0.0687
vn 0.0632 0.9956 0.0687
vn 0.0632 0.9956 -0.0687
vn -0.0632 -0.9956 -0.0687
vn -0.0632 -0.9956 -0.0686
vn 0.0126 -0.9976 0.0679
vn -0.0126 0.9976 0.0679
vn -0.0126 0.9976 -0.0679
vn 0.0126 -0.9976 -0.0679
vn 0.0891 -0.9936 0.0694
vn -0.0891 0.9936 0.0694
vn -0.0891 0.9936 -0.0694
vn 0.0891 -0.9936 -0.0694
vn 0.1712 -0.9825 0.0734
vn -0.1712 0.9825 0.0734
vn -0.1712 0.9825 -0.0734
vn 0.1712 -0.9825 -0.0734
vn 0.2648 -0.9609 0.0804
vn -0.2648 0.9609 0.0804
vn -0.2649 0.9609 0.0804
vn -0.2648 0.9609 -0.0804
vn 0.2648 -0.9609 -0.0804
vn 0.3783 -0.9211 0.0917
vn -0.3783 0.9211 0.0917
vn -0.3783 0.9211 -0.0917
vn -0.3783 0.9212 -0.0917
vn 0.3783 -0.9211 -0.0917
vn 0.5229 -0.8454 0.1089
vn -0.5229 0.8454 0.1089
vn -0.5229 0.8454 -0.1089
vn 0.5229 -0.8454 -0.1089
vn 0.7083 -0.6931 0.1339
vn -0.7083 0.6931 0.1339
vn -0.7083 0.6931 -0.1339
vn 0.7083 -0.6931 -0.1339
vn 0.9067 -0.3892 0.1626
vn -0.9067 0.3892 0.1626
vn -0.9067 0.3892 -0.1626
vn 0.9067 -0.3892 -0.1626
vn 0.9067 -0.3892 -0.1625
vn 0.9813 0.0835 0.1737
vn 0.9813 0.0835 0.1736
vn -0.9813 -0.0835 0.1737
vn -0.9812 -0.0835 0.1737
vn -0.9813 -0.0835 -0.1737
vn 0.9813 0.0835 -0.1736
vn 0.8450 0.5123 0.1535
vn -0.8450 -0.5123 0.1535
vn -0.8450 -0.5123 -0.1535
vn 0.8450 0.5123 -0.1535
vn 0.6421 0.7564 0.1247
vn -0.6421 -0.7564 0.1247
vn -0.6421 -0.7564 -0.1247
vn 0.6421 0.7564 -0.1247
vn -0.2649 0.9609 -0.0804
vn 0.9812 0.0835 0.1737
vn 0.9813 0.0835 -0.1737
vn 0.9812 0.0835 -0.1737
vn 0.0503 -0.9940 -0.0971
vn -0.0503 0.9940 -0.0971
vn 0.8241 0.2821 -0.4912
vn 0.9199 0.3149 -0.2337
vn -0.9199 -0.3149 -0.2337
vn -0.4234 -0.1449 0.8943
vn 0.0493 -0.9735 -0.2232
vn -0.8241 -0.2821 -0.4912
vn -0.0493 0.9735 -0.2232
vn -0.0393 0.7756 0.6301
vn 0.4234 0.1449 0.8943
vn 0.0393 -0.7756 0.6301
vn 0.1469 0.9845 -0.0957
vn -0.2227 -0.9695 -0.1024
vn 0.2845 -0.3612 0.8881
vn -0.6169 0.7832 0.0779
vn 0.5590 -0.7097 -0.4288
vn -0.1664 0.9813 -0.0972
vn 0.0961 -0.9910 -0.0927
vn 0.3072 0.2746 0.9112
vn -0.7426 -0.6638 0.0891
vn 0.6551 0.5856 -0.4775
vn -0.6931 0.6992 -0.1752
vn 0.5356 -0.8316 -0.1470
vn 0.1193 0.6354 0.7629
vn -0.1844 -0.9817 0.0477
vn 0.1773 0.9439 -0.2785
vn -0.6482 -0.7430 -0.1670
vn 0.8195 0.5373 -0.1992
vn -0.0868 0.6567 0.7492
vn 0.1310 -0.9903 0.0457
vn -0.1263 0.9552 -0.2678
vn -0.1469 -0.9845 -0.0957
vn 0.2227 0.9695 -0.1024
vn -0.2845 0.3612 0.8880
vn 0.6169 -0.7832 0.0779
vn -0.5590 0.7097 -0.4288
vn 0.1664 -0.9813 -0.0972
vn -0.0961 0.9910 -0.0927
vn -0.3072 -0.2746 0.9112
vn 0.7426 0.6638 0.0891
vn -0.6551 -0.5856 -0.4775
vn 0.6931 -0.6992 -0.1752
vn -0.5356 0.8316 -0.1470
vn -0.1193 -0.6354 0.7629
vn 0.1844 0.9817 0.0477
vn -0.1773 -0.9439 -0.2785
vn 0.6481 0.7430 -0.1670
vn -0.8195 -0.5373 -0.1992
vn 0.0868 -0.6567 0.7492
vn -0.1310 0.9903 0.0457
vn 0.1263 -0.9552 -0.2678
vn 0.5969 0.7031 -0.3864
vn 0.0622 0.9791 -0.1935
vn -0.2589 0.9392 -0.2254
vn 0.0124 -0.9868 0.1613
vn -0.0124 0.9868 0.1613
vn -0.6799 0.6653 -0.3085
vn 0.1700 -0.9753 -0.1408
vn -0.1425 -0.9842 0.1050
vn -0.0125 0.9950 0.0994
vn 0.2639 -0.9574 -0.1176
vn 0.3764 -0.9167 -0.1338
vn -0.2639 0.9574 -0.1176
vn 0.5193 -0.8397 -0.1587
vn -0.0632 -0.9956 0.0686
vn 0.9067 -0.3892 0.1625
vn 0.9812 0.0836 0.1737
vn 0.9812 0.0836 -0.1737
vt 0.500000 0.500000
vt 0.531250 0.666667
vt 0.500000 0.666667
vt 0.500000 0.833333
vt 0.531250 0.833333
vt 0.500000 1.000000
vt 0.500000 -0.000000
vt 0.531250 0.166667
vt 0.500000 0.166667
vt 0.531250 0.333333
vt 0.500000 0.333333
vt 0.531250 0.500000
vt 0.562500 0.666667
vt 0.562500 1.000000
vt 0.531250 1.000000
vt 0.562500 -0.000000
vt 0.531250 -0.000000
vt 0.562500 0.333333
vt 0.562500 0.500000
vt 0.593750 0.666667
vt 0.562500 0.833333
vt 0.593750 1.000000
vt 0.593750 -0.000000
vt 0.562500 0.166667
vt 0.593750 0.333333
vt 0.593750 0.500000
vt 0.625000 0.666667
vt 0.593750 0.833333
vt 0.625000 0.833333
vt 0.625000 0.166667
vt 0.593750 0.166667
vt 0.625000 0.333333
vt 0.656250 0.500000
vt 0.625000 0.500000
vt 0.656250 0.666667
vt 0.656250 1.000000
vt 0.625000 1.000000
vt 0.656250 -0.000000
vt 0.625000 -0.000000
vt 0.656250 0.333333
vt 0.687500 0.666667
vt 0.656250 0.833333
vt 0.687500 1.000000
vt 0.687500 -0.000000
vt 0.656250 0.166667
vt 0.687500 0.333333
vt 0.718750 0.500000
vt 0.687500 0.500000
vt 0.718750 0.666667
vt 0.687500 0.833333
vt 0.718750 1.000000
vt 0.718750 -0.000000
vt 0.687500 0.166667
vt 0.718750 0.333333
vt 0.750000 0.500000
vt 0.750000 0.666667
vt 0.718750 0.833333
vt 0.750000 0.833333
vt 0.750000 0.166667
vt 0.718750 0.166667
vt 0.750000 0.333333
vt 0.781250 0.666667
vt 0.781250 0.833333
vt 0.750000 1.000000
vt 0.750000 -0.000000
vt 0.781250 0.166667
vt 0.781250 0.333333
vt 0.781250 0.500000
vt 0.812500 0.666667
vt 0.812500 1.000000
vt 0.781250 1.000000
vt 0.812500 -0.000000
vt 0.781250 -0.000000
vt 0.812500 0.333333
vt 0.812500 0.500000
vt 0.843750 0.666667
vt 0.812500 0.833333
vt 0.843750 1.000000
vt 0.843750 -0.000000
vt 0.812500 0.166667
vt 0.843750 0.333333
vt 0.843750 0.500000
vt 0.875000 0.666667
vt 0.843750 0.833333
vt 0.875000 0.833333
vt 0.875000 0.166667
vt 0.843750 0.166667
vt 0.875000 0.333333
vt 0.906250 0.500000
vt 0.875000 0.500000
vt 0.906250 0.666667
vt 0.906250 1.000000
vt 0.875000 1.000000
vt 0.906250 -0.000000
vt 0.875000 -0.000000
vt 0.906250 0.333333
vt 0.937500 0.500000
vt 0.937500 0.666667
vt 0.906250 0.833333
vt 0.937500 1.000000
vt 0.937500 -0.000000
vt 0.906250 0.166667
vt 0.937500 0.333333
vt 0.968750 0.666667
vt 0.937500 0.833333
vt 0.968750 1.000000
vt 0.968750 -0.000000
vt 0.937500 0.166667
vt 0.968750 0.333333
vt 0.968750 0.500000
vt 1.000000 0.666667
vt 0.968750 0.833333
vt 1.000000 0.833333
vt 1.000000 0.166667
vt 0.968750 0.166667
vt 1.000000 0.333333
vt 0.000000 0.500000
vt 0.031250 0.666667
vt 0.000000 0.666667
vt 0.000000 0.833333
vt 0.031250 0.833333
vt 0.000000 1.000000
vt 0.000000 -0.000000
vt 0.031250 0.166667
vt 0.000000 0.166667
vt 0.031250 0.333333
vt 0.000000 0.333333
vt 0.031250 0.500000
vt 0.062500 0.666667
vt 0.062500 0.833333
vt 0.031250 1.000000
vt 0.031250 -0.000000
vt 0.062500 0.166667
vt 0.062500 0.333333
vt 0.093750 0.500000
vt 0.062500 0.500000
vt 0.093750 0.833333
vt 0.062500 1.000000
vt 0.062500 -0.000000
vt 0.093750 0.166667
vt 0.125000 0.500000
vt 0.093750 0.666667
vt 0.125000 0.833333
vt 0.125000 1.000000
vt 0.093750 1.000000
vt 0.125000 -0.000000
vt 0.093750 -0.000000
vt 0.125000 0.166667
vt 0.093750 0.333333
vt 0.156250 0.500000
vt 0.125000 0.666667
vt 0.156250 0.666667
vt 0.156250 1.000000
vt 0.156250 -0.000000
vt 0.156250 0.333333
vt 0.125000 0.333333
vt 0.187500 0.666667
vt 0.156250 0.833333
vt 0.187500 0.833333
vt 0.187500 0.166667
vt 0.156250 0.166667
vt 0.187500 0.333333
vt 0.187500 0.500000
vt 0.218750 0.666667
vt 0.218750 1.000000
vt 0.187500 1.000000
vt 0.218750 -0.000000
vt 0.187500 -0.000000
vt 0.218750 0.333333
vt 0.218750 0.500000
vt 0.250000 0.666667
vt 0.218750 0.833333
vt 0.250000 1.000000
vt 0.250000 -0.000000
vt 0.218750 0.166667
vt 0.250000 0.333333
vt 0.250000 0.500000
vt 0.281250 0.666667
vt 0.250000 0.833333
vt 0.281250 1.000000
vt 0.281250 -0.000000
vt 0.250000 0.166667
vt 0.281250 0.333333
vt 0.281250 0.500000
vt 0.312500 0.666667
vt 0.281250 0.833333
vt 0.312500 1.000000
vt 0.312500 -0.000000
vt 0.281250 0.166667
vt 0.312500 0.333333
vt 0.312500 0.500000
vt 0.343750 0.666667
vt 0.312500 0.833333
vt 0.343750 1.000000
vt 0.343750 -0.000000
vt 0.312500 0.166667
vt 0.343750 0.333333
vt 0.343750 0.500000
vt 0.375000 0.666667
vt 0.343750 0.833333
vt 0.375000 1.000000
vt 0.375000 -0.000000
vt 0.343750 0.166667
vt 0.375000 0.333333
vt 0.406250 0.500000
vt 0.375000 0.500000
vt 0.406250 0.666667
vt 0.375000 0.833333
vt 0.406250 1.000000
vt 0.406250 -0.000000
vt 0.375000 0.166667
vt 0.406250 0.333333
vt 0.437500 0.500000
vt 0.437500 0.666667
vt 0.406250 0.833333
vt 0.437500 1.000000
vt 0.437500 -0.000000
vt 0.406250 0.166667
vt 0.437500 0.333333
vt 0.468750 0.666667
vt 0.437500 0.833333
vt 0.468750 1.000000
vt 0.468750 -0.000000
vt 0.437500 0.166667
vt 0.468750 0.333333
vt 0.468750 0.500000
vt 0.468750 0.833333
vt 0.468750 0.166667
vt 1.000000 1.000000
vt 1.000000 -0.000000
vt 1.000000 0.500000
vt 0.375000 0.250000
vt 0.625000 0.750000
vt 0.375000 0.750000
vt 0.125000 0.750000
vt 0.875000 0.750000
s 1
usemtl Ring
f 1/1/1 8/2/1 2/3/1
f 8/2/2 3/4/2 2/3/2
f 9/5/3 4/6/3 3/4/3
f 4/7/4 11/8/4 5/9/4
f 5/9/5 12/10/5 6/11/5
f 12/10/6 1/1/6 6/11/6
f 7/12/7 14/13/7 8/2/7
f 14/13/2 9/5/2 8/2/2
f 9/5/8 16/14/8 10/15/8
f 16/16/9 11/8/9 10/17/9
f 11/8/5 18/18/5 12/10/5
f 18/18/10 7/12/10 12/10/10
f 13/19/11 20/20/11 14/13/11
f 20/20/2 15/21/2 14/13/2
f 15/21/12 22/22/12 16/14/12
f 22/23/13 17/24/13 16/16/13
f 17/24/5 24/25/5 18/18/5
f 24/25/14 13/19/14 18/18/14
f 19/26/15 26/27/15 20/20/15
f 26/27/2 21/28/2 20/20/2
f 27/29/16 22/22/16 21/28/16
f 22/23/17 29/30/17 23/31/17
f 23/31/5 30/32/5 24/25/5
f 30/32/18 19/26/18 24/25/18
f 31/33/19 26/27/19 25/34/19
f 32/35/2 27/29/2 26/27/2
f 27/29/20 34/36/20 28/37/20
f 34/38/21 29/30/21 28/39/21
f 29/30/5 36/40/5 30/32/5
f 30/32/22 31/33/22 25/34/22
f 31/33/23 38/41/23 32/35/23
f 38/41/2 33/42/2 32/35/2
f 33/42/24 40/43/24 34/36/24
f 40/44/25 35/45/25 34/38/25
f 35/45/5 42/46/5 36/40/5
f 42/46/26 31/33/26 36/40/26
f 43/47/27 38/41/28 37/48/28
f 44/49/2 39/50/2 38/41/2
f 39/50/29 46/51/29 40/43/29
f 46/52/30 41/53/30 40/44/30
f 41/53/5 48/54/5 42/46/5
f 42/46/31 43/47/32 37/48/31
f 49/55/33 44/49/33 43/47/33
f 50/56/2 45/57/2 44/49/2
f 51/58/34 46/51/34 45/57/34
f 46/52/35 53/59/35 47/60/35
f 47/60/5 54/61/5 48/54/5
f 48/54/36 49/55/36 43/47/36
f 49/55/37 56/62/37 50/56/37
f 56/62/2 51/58/2 50/56/2
f 57/63/38 52/64/38 51/58/38
f 52/65/39 59/66/39 53/59/39
f 53/59/5 60/67/5 54/61/5
f 60/67/40 49/55/40 54/61/40
f 55/68/41 62/69/41 56/62/41
f 62/69/2 57/63/2 56/62/2
f 57/63/42 64/70/42 58/71/42
f 64/72/43 59/66/44 58/73/44
f 59/66/5 66/74/5 60/67/5
f 66/74/45 55/68/46 60/67/46
f 61/75/47 68/76/47 62/69/47
f 68/76/2 63/77/2 62/69/2
f 63/77/48 70/78/48 64/70/48
f 70/79/49 65/80/49 64/72/49
f 65/80/5 72/81/5 66/74/5
f 72/81/50 61/75/50 66/74/50
f 67/82/51 74/83/51 68/76/51
f 74/83/2 69/84/2 68/76/2
f 75/85/52 70/78/52 69/84/52
f 70/79/53 77/86/53 71/87/53
f 71/87/5 78/88/5 72/81/5
f 78/88/54 67/82/54 72/81/54
f 79/89/55 74/83/55 73/90/55
f 80/91/2 75/85/2 74/83/2
f 75/85/56 82/92/56 76/93/56
f 82/94/57 77/86/57 76/95/57
f 77/86/5 84/96/5 78/88/5
f 84/96/58 73/90/58 78/88/58
f 85/97/59 80/91/59 79/89/59
f 86/98/2 81/99/2 80/91/2
f 81/99/60 88/100/60 82/92/60
f 88/101/61 83/102/61 82/94/61
f 83/102/5 90/103/5 84/96/5
f 84/96/62 85/97/62 79/89/62
f 85/97/63 92/104/63 86/98/63
f 92/104/2 87/105/2 86/98/2
f 87/105/64 94/106/64 88/100/64
f 94/107/65 89/108/65 88/101/65
f 89/108/5 96/109/5 90/103/5
f 96/109/66 85/97/66 90/103/66
f 91/110/67 98/111/68 92/104/67
f 98/111/2 93/112/2 92/104/2
f 99/113/69 94/106/69 93/112/69
f 94/107/70 101/114/70 95/115/70
f 95/115/5 102/116/5 96/109/5
f 102/116/71 91/110/71 96/109/71
f 97/117/3 104/118/3 98/119/3
f 104/118/2 99/120/2 98/119/2
f 105/121/1 100/122/1 99/120/1
f 100/123/6 107/124/6 101/125/6
f 101/125/5 108/126/5 102/127/5
f 108/126/4 97/117/4 102/127/4
f 103/128/8 110/129/8 104/118/8
f 104/118/2 111/130/2 105/121/2
f 111/130/7 106/131/7 105/121/7
f 106/132/10 113/133/10 107/124/10
f 113/133/5 108/126/5 107/124/5
f 114/134/9 103/128/9 108/126/9
f 115/135/12 110/129/12 109/136/12
f 110/129/2 117/137/2 111/130/2
f 117/137/11 112/138/11 111/130/11
f 112/139/14 119/140/14 113/133/14
f 119/140/5 114/134/5 113/133/5
f 114/134/13 115/135/13 109/136/13
f 121/141/16 116/142/16 115/135/16
f 116/142/2 123/143/2 117/137/2
f 117/137/15 124/144/15 118/145/15
f 124/146/18 119/140/18 118/147/18
f 125/148/5 120/149/5 119/140/5
f 120/149/17 121/141/17 115/135/17
f 127/150/20 122/151/20 121/141/20
f 128/152/2 123/143/2 122/151/2
f 123/143/19 130/153/19 124/144/19
f 130/154/22 125/148/22 124/146/22
f 125/148/5 132/155/5 126/156/5
f 132/155/21 121/141/21 126/156/21
f 127/150/24 134/157/24 128/152/24
f 134/157/2 129/158/2 128/152/2
f 135/159/23 130/153/23 129/158/23
f 130/154/26 137/160/26 131/161/26
f 131/161/5 138/162/5 132/155/5
f 138/162/25 127/150/25 132/155/25
f 133/163/29 140/164/72 134/157/29
f 140/164/2 135/159/2 134/157/2
f 135/159/28 142/165/28 136/166/28
f 142/167/32 137/160/31 136/168/31
f 137/160/5 144/169/5 138/162/5
f 144/169/73 133/163/30 138/162/30
f 139/170/34 146/171/34 140/164/34
f 146/171/2 141/172/2 140/164/2
f 141/172/33 148/173/33 142/165/33
f 148/174/36 143/175/36 142/167/36
f 143/175/5 150/176/5 144/169/5
f 150/176/35 139/170/35 144/169/35
f 145/177/38 152/178/38 146/171/38
f 152/178/2 147/179/2 146/171/2
f 147/179/37 154/180/37 148/173/37
f 154/181/74 149/182/74 148/174/74
f 149/182/5 156/183/5 150/176/5
f 156/183/75 145/177/75 150/176/75
f 151/184/42 158/185/42 152/178/42
f 158/185/2 153/186/2 152/178/2
f 153/186/41 160/187/41 154/180/41
f 160/188/46 155/189/46 154/181/46
f 155/189/5 162/190/5 156/183/5
f 162/190/43 151/184/43 156/183/43
f 157/191/48 164/192/76 158/185/48
f 164/192/2 159/193/2 158/185/2
f 159/193/47 166/194/47 160/187/47
f 166/195/50 161/196/50 160/188/50
f 161/196/5 168/197/5 162/190/5
f 168/197/49 157/191/49 162/190/49
f 163/198/52 170/199/52 164/192/52
f 170/199/2 165/200/2 164/192/2
f 165/200/51 172/201/51 166/194/51
f 172/202/54 167/203/54 166/195/54
f 167/203/5 174/204/5 168/197/5
f 174/204/53 163/198/53 168/197/53
f 175/205/56 170/199/56 169/206/56
f 176/207/2 171/208/2 170/199/2
f 171/208/55 178/209/55 172/201/55
f 178/210/58 173/211/58 172/202/58
f 173/211/5 180/212/5 174/204/5
f 174/204/57 175/205/57 169/206/57
f 181/213/60 176/207/60 175/205/60
f 182/214/2 177/215/2 176/207/2
f 177/215/59 184/216/59 178/209/59
f 184/217/62 179/218/62 178/210/62
f 179/218/5 186/219/5 180/212/5
f 180/212/61 181/213/61 175/205/61
f 181/213/64 188/220/64 182/214/64
f 188/220/2 183/221/2 182/214/2
f 183/221/63 190/222/63 184/216/63
f 190/223/66 185/224/66 184/217/66
f 185/224/5 192/225/5 186/219/5
f 192/225/65 181/213/65 186/219/65
f 187/226/77 2/3/69 188/220/77
f 2/3/2 189/227/2 188/220/2
f 3/4/68 190/222/68 189/227/68
f 190/223/71 5/9/71 191/228/71
f 191/228/5 6/11/5 192/225/5
f 6/11/70 187/226/70 192/225/70
f 193/1/78 200/2/78 194/3/78
f 194/3/2 201/5/2 195/4/2
f 195/4/79 202/15/79 196/6/79
f 202/17/80 197/9/80 196/7/80
f 203/8/5 198/11/5 197/9/5
f 204/10/81 193/1/81 198/11/81
f 199/12/82 206/13/83 200/2/82
f 206/13/2 201/5/2 200/2/2
f 201/5/84 208/14/84 202/15/84
f 208/16/85 203/8/85 202/17/85
f 203/8/5 210/18/5 204/10/5
f 210/18/86 199/12/86 204/10/86
f 205/19/87 212/20/87 206/13/87
f 212/20/2 207/21/2 206/13/2
f 207/21/88 214/22/88 208/14/88
f 214/23/89 209/24/89 208/16/89
f 209/24/5 216/25/5 210/18/5
f 216/25/90 205/19/90 210/18/90
f 211/26/91 218/27/91 212/20/91
f 218/27/2 213/28/2 212/20/2
f 213/28/92 220/37/92 214/22/92
f 220/39/93 215/31/93 214/23/93
f 215/31/5 222/32/5 216/25/5
f 222/32/94 211/26/94 216/25/94
f 217/34/95 224/35/95 218/27/95
f 224/35/2 219/29/2 218/27/2
f 219/29/96 226/36/96 220/37/96
f 226/38/97 221/30/97 220/39/97
f 221/30/5 228/40/5 222/32/5
f 228/40/98 217/34/98 222/32/98
f 223/33/99 230/41/99 224/35/99
f 230/41/2 225/42/2 224/35/2
f 225/42/100 232/43/100 226/36/100
f 232/44/101 227/45/101 226/38/101
f 227/45/5 234/46/5 228/40/5
f 234/46/102 223/33/102 228/40/102
f 229/48/103 236/49/103 230/41/103
f 236/49/2 231/50/2 230/41/2
f 231/50/104 238/51/104 232/43/104
f 238/52/105 233/53/105 232/44/105
f 233/53/5 240/54/5 234/46/5
f 240/54/106 229/48/106 234/46/106
f 235/47/107 242/56/107 236/49/107
f 236/49/2 243/58/2 237/57/2
f 243/58/108 238/51/108 237/57/108
f 238/52/109 245/59/109 239/60/109
f 245/59/5 240/54/5 239/60/5
f 246/61/110 235/47/110 240/54/110
f 241/55/111 248/62/111 242/56/112
f 248/62/2 243/58/2 242/56/2
f 243/58/113 250/71/113 244/64/113
f 250/73/114 245/59/114 244/65/114
f 245/59/5 252/67/5 246/61/5
f 252/67/115 241/55/116 246/61/116
f 247/68/117 254/69/117 248/62/117
f 254/69/2 249/63/2 248/62/2
f 249/63/118 256/70/118 250/71/118
f 256/72/119 251/66/119 250/73/119
f 251/66/5 258/74/5 252/67/5
f 258/74/120 247/68/120 252/67/120
f 259/82/121 254/69/121 253/75/121
f 260/76/2 255/77/2 254/69/2
f 255/77/122 262/78/122 256/70/122
f 262/79/123 257/80/123 256/72/123
f 257/80/5 264/81/5 258/74/5
f 258/74/124 259/82/124 253/75/124
f 265/90/125 260/76/126 259/82/126
f 266/83/2 261/84/2 260/76/2
f 261/84/127 268/93/127 262/78/127
f 268/95/128 263/87/128 262/79/128
f 263/87/5 270/88/5 264/81/5
f 264/81/129 265/90/129 259/82/129
f 271/89/130 266/83/130 265/90/130
f 266/83/2 273/99/2 267/85/2
f 273/99/131 268/93/131 267/85/131
f 268/95/132 275/102/132 269/86/132
f 275/102/5 270/88/5 269/86/5
f 270/88/133 271/89/133 265/90/133
f 271/89/134 278/98/134 272/91/134
f 272/91/2 279/105/2 273/99/2
f 273/99/135 280/100/135 274/92/135
f 280/101/136 275/102/136 274/94/136
f 281/108/5 276/96/5 275/102/5
f 282/103/137 271/89/137 276/96/137
f 277/97/138 284/104/138 278/98/138
f 284/104/2 279/105/2 278/98/2
f 279/105/139 286/106/139 280/100/139
f 286/107/140 281/108/140 280/101/140
f 281/108/5 288/109/5 282/103/5
f 288/109/141 277/97/141 282/103/141
f 283/110/142 290/111/142 284/104/142
f 284/104/2 291/113/2 285/112/2
f 291/113/143 286/106/143 285/112/143
f 286/107/144 293/114/144 287/115/144
f 293/114/5 288/109/5 287/115/5
f 294/116/145 283/110/146 288/109/146
f 289/117/79 296/118/79 290/119/79
f 296/118/2 291/120/2 290/119/2
f 291/120/78 298/131/78 292/122/78
f 298/132/81 293/125/81 292/123/81
f 293/125/5 300/126/5 294/127/5
f 300/126/80 289/117/80 294/127/80
f 295/128/147 302/129/84 296/118/147
f 296/118/2 303/130/2 297/121/2
f 297/121/83 304/138/82 298/131/83
f 304/139/86 299/124/86 298/132/86
f 305/133/5 300/126/5 299/124/5
f 306/134/85 295/128/85 300/126/85
f 301/136/88 308/142/88 302/129/88
f 302/129/2 309/137/2 303/130/2
f 309/137/87 304/138/87 303/130/87
f 304/139/90 311/140/90 305/133/90
f 311/140/5 306/134/5 305/133/5
f 312/149/89 301/136/89 306/134/89
f 307/135/92 314/151/92 308/142/92
f 314/151/2 309/137/2 308/142/2
f 315/143/91 310/145/91 309/137/91
f 310/147/94 317/148/94 311/140/94
f 311/140/5 318/156/5 312/149/5
f 318/156/93 307/135/93 312/149/93
f 319/150/96 314/151/96 313/141/96
f 314/151/2 321/158/2 315/143/2
f 321/158/95 316/144/95 315/143/95
f 316/146/98 323/161/98 317/148/98
f 323/161/5 318/156/5 317/148/5
f 318/156/97 319/150/97 313/141/97
f 319/150/100 326/157/100 320/152/100
f 320/152/2 327/159/2 321/158/2
f 321/158/99 328/166/99 322/153/99
f 328/168/102 323/161/102 322/154/102
f 329/160/5 324/155/5 323/161/5
f 330/162/101 319/150/101 324/155/101
f 325/163/104 332/164/104 326/157/104
f 332/164/2 327/159/2 326/157/2
f 327/159/103 334/165/103 328/166/103
f 334/167/106 329/160/106 328/168/106
f 329/160/5 336/169/5 330/162/5
f 336/169/105 325/163/105 330/162/105
f 331/170/108 338/171/108 332/164/108
f 332/164/2 339/179/2 333/172/2
f 339/179/107 334/165/107 333/172/107
f 334/167/110 341/182/110 335/175/110
f 341/182/5 336/169/5 335/175/5
f 342/176/109 331/170/109 336/169/109
f 343/184/113 338/171/148 337/177/148
f 338/171/2 345/186/2 339/179/2
f 345/186/112 340/173/111 339/179/111
f 340/174/116 347/189/116 341/182/115
f 347/189/5 342/176/5 341/182/5
f 342/176/114 343/184/114 337/177/114
f 349/191/118 344/178/118 343/184/118
f 344/178/2 351/193/2 345/186/2
f 345/186/117 352/187/117 346/180/117
f 352/188/120 347/189/120 346/181/120
f 353/196/5 348/183/5 347/189/5
f 348/183/119 349/191/119 343/184/119
f 355/198/122 350/185/122 349/191/122
f 356/192/2 351/193/2 350/185/2
f 351/193/121 358/194/121 352/187/121
f 358/195/124 353/196/124 352/188/124
f 353/196/5 360/197/5 354/190/5
f 354/190/123 355/198/123 349/191/123
f 361/206/149 356/192/127 355/198/127
f 362/199/2 357/200/2 356/192/2
f 363/208/126 358/194/126 357/200/126
f 358/195/150 365/211/129 359/203/150
f 365/211/5 360/197/5 359/203/5
f 360/197/151 361/206/151 355/198/151
f 367/205/131 362/199/131 361/206/131
f 368/207/2 363/208/2 362/199/2
f 363/208/130 370/209/130 364/201/130
f 370/210/133 365/211/133 364/202/133
f 365/211/5 372/212/5 366/204/5
f 366/204/132 367/205/132 361/206/132
f 367/205/135 374/214/135 368/207/135
f 374/214/2 369/215/2 368/207/2
f 369/215/134 376/216/134 370/209/134
f 376/217/137 371/218/137 370/210/137
f 371/218/5 378/219/5 372/212/5
f 378/219/136 367/205/136 372/212/136
f 373/213/139 380/220/139 374/214/139
f 380/220/2 375/221/2 374/214/2
f 375/221/138 382/222/138 376/216/138
f 382/223/141 377/224/141 376/217/141
f 377/224/5 384/225/5 378/219/5
f 384/225/140 373/213/140 378/219/140
f 193/1/143 380/220/143 379/226/143
f 380/220/2 195/4/2 381/227/2
f 381/227/142 196/6/142 382/222/142
f 196/7/146 383/228/146 382/223/146
f 197/9/5 384/225/5 383/228/5
f 384/225/144 193/1/144 379/226/144
f 385/1/152 392/2/152 386/3/152
f 392/2/2 387/4/2 386/3/2
f 393/5/153 388/6/153 387/4/153
f 388/7/154 395/8/154 389/9/154
f 395/8/5 390/11/5 389/9/5
f 396/10/155 385/1/155 390/11/155
f 397/19/156 392/2/156 391/12/156
f 398/13/2 393/5/2 392/2/2
f 393/5/157 400/14/157 394/15/157
f 400/16/158 395/8/158 394/17/158
f 395/8/5 402/18/5 396/10/5
f 396/10/159 397/19/159 391/12/159
f 397/19/160 404/20/160 398/13/160
f 404/20/2 399/21/2 398/13/2
f 405/28/161 400/14/161 399/21/161
f 400/16/162 407/31/162 401/24/162
f 401/24/5 408/25/5 402/18/5
f 408/25/163 397/19/163 402/18/163
f 403/26/164 410/27/165 404/20/164
f 404/20/2 411/29/2 405/28/2
f 411/29/166 406/22/167 405/28/167
f 406/23/168 413/30/169 407/31/170
f 413/30/5 408/25/5 407/31/5
f 414/32/171 403/26/171 408/25/171
f 409/34/172 416/35/172 410/27/172
f 410/27/2 417/42/2 411/29/2
f 417/42/173 412/37/173 411/29/173
f 412/39/174 419/45/174 413/30/174
f 419/45/5 414/32/5 413/30/5
f 420/40/175 409/34/175 414/32/175
f 415/33/176 422/41/176 416/35/176
f 416/35/2 423/50/2 417/42/2
f 423/50/177 418/36/177 417/42/177
f 418/38/178 425/53/178 419/45/178
f 425/53/5 420/40/5 419/45/5
f 426/46/179 415/33/179 420/40/179
f 421/48/180 428/49/180 422/41/180
f 422/41/2 429/57/2 423/50/2
f 429/57/181 424/43/181 423/50/181
f 424/44/182 431/60/182 425/53/182
f 431/60/5 426/46/5 425/53/5
f 432/54/183 421/48/183 426/46/183
f 427/47/184 434/56/184 428/49/184
f 428/49/2 435/58/2 429/57/2
f 435/58/185 430/51/185 429/57/185
f 430/52/186 437/59/186 431/60/186
f 437/59/5 432/54/5 431/60/5
f 438/61/187 427/47/187 432/54/187
f 433/55/188 440/62/189 434/56/188
f 440/62/2 435/58/2 434/56/2
f 435/58/190 442/71/191 436/64/190
f 442/73/192 437/59/192 436/65/192
f 437/59/5 444/67/5 438/61/5
f 444/67/193 433/55/194 438/61/194
f 439/68/195 446/69/195 440/62/195
f 446/69/2 441/63/2 440/62/2
f 441/63/196 448/70/196 442/71/196
f 448/72/197 443/66/197 442/73/197
f 443/66/5 450/74/5 444/67/5
f 450/74/198 439/68/199 444/67/199
f 451/82/200 446/69/200 445/75/200
f 446/69/2 453/84/2 447/77/2
f 447/77/201 454/78/201 448/70/201
f 454/79/202 449/80/202 448/72/202
f 455/87/5 450/74/5 449/80/5
f 450/74/203 451/82/204 445/75/203
f 457/90/205 452/76/205 451/82/205
f 452/76/2 459/85/2 453/84/2
f 459/85/206 454/78/207 453/84/207
f 454/79/208 461/86/208 455/87/208
f 461/86/5 456/81/5 455/87/5
f 456/81/209 457/90/209 451/82/209
f 457/90/210 464/91/210 458/83/210
f 464/91/2 459/85/2 458/83/2
f 465/99/211 460/93/212 459/85/212
f 460/95/213 467/102/213 461/86/214
f 461/86/5 468/96/5 462/88/5
f 468/96/215 457/90/215 462/88/215
f 463/89/216 470/98/216 464/91/216
f 470/98/2 465/99/2 464/91/2
f 465/99/217 472/100/217 466/92/217
f 472/101/218 467/102/218 466/94/218
f 467/102/5 474/103/5 468/96/5
f 474/103/219 463/89/219 468/96/219
f 469/97/220 476/104/221 470/98/220
f 470/98/2 477/112/2 471/105/2
f 471/105/222 478/106/222 472/100/222
f 478/107/223 473/108/223 472/101/223
f 479/115/5 474/103/5 473/108/5
f 480/109/224 469/97/224 474/103/225
f 475/110/226 482/111/226 476/104/226
f 476/104/2 483/113/2 477/112/2
f 477/112/227 484/229/227 478/106/227
f 484/230/228 479/115/228 478/107/228
f 485/114/5 480/109/5 479/115/5
f 486/116/229 475/110/229 480/109/229
f 481/117/153 488/118/153 482/119/153
f 488/118/2 483/120/2 482/119/2
f 483/120/152 490/131/152 484/122/152
f 490/132/155 485/125/155 484/123/155
f 485/125/5 492/126/5 486/127/5
f 492/126/154 481/117/154 486/127/154
f 493/136/157 488/118/157 487/128/157
f 494/129/2 489/121/2 488/118/2
f 489/121/156 496/138/156 490/131/156
f 496/139/159 491/124/159 490/132/159
f 497/133/5 492/126/5 491/124/5
f 498/134/158 487/128/158 492/126/158
f 493/136/161 500/142/161 494/129/161
f 494/129/2 501/137/2 495/130/2
f 501/137/160 496/138/160 495/130/160
f 496/139/163 503/140/163 497/133/163
f 503/140/5 498/134/5 497/133/5
f 504/149/162 493/136/162 498/134/162
f 499/135/166 506/151/167 500/142/166
f 500/142/2 507/143/2 501/137/2
f 507/143/165 502/145/165 501/137/165
f 502/147/230 509/148/171 503/140/230
f 509/148/5 504/149/5 503/140/5
f 510/156/168 499/135/168 504/149/168
f 505/141/173 512/152/173 506/151/173
f 506/151/2 513/158/2 507/143/2
f 507/143/172 514/153/172 508/144/172
f 514/154/175 509/148/175 508/146/175
f 515/161/5 510/156/5 509/148/5
f 516/155/174 505/141/174 510/156/174
f 511/150/177 518/157/177 512/152/177
f 518/157/2 513/158/2 512/152/2
f 513/158/176 520/166/176 514/153/176
f 520/168/179 515/161/179 514/154/179
f 515/161/5 522/162/5 516/155/5
f 522/162/178 511/150/178 516/155/178
f 517/163/181 524/164/181 518/157/181
f 524/164/2 519/159/2 518/157/2
f 519/159/180 526/165/180 520/166/180
f 526/167/183 521/160/183 520/168/183
f 521/160/5 528/169/5 522/162/5
f 528/169/182 517/163/182 522/162/182
f 523/170/185 530/171/185 524/164/185
f 530/171/2 525/172/2 524/164/2
f 531/179/184 526/165/184 525/172/184
f 526/167/187 533/182/187 527/175/187
f 527/175/5 534/176/5 528/169/5
f 534/176/186 523/170/186 528/169/186
f 529/177/190 536/178/191 530/171/190
f 536/178/2 531/179/2 530/171/2
f 531/179/188 538/180/189 532/173/188
f 532/174/193 539/189/193 533/182/193
f 533/182/5 540/183/5 534/176/5
f 540/183/192 529/177/231 534/176/231
f 535/184/196 542/185/232 536/178/196
f 542/185/2 537/186/2 536/178/2
f 537/186/195 544/187/195 538/180/195
f 544/188/198 539/189/199 538/181/199
f 539/189/5 546/190/5 540/183/5
f 546/190/197 535/184/197 540/183/197
f 547/198/233 542/185/233 541/191/233
f 548/192/2 543/193/2 542/185/2
f 543/193/234 550/194/200 544/187/234
f 550/195/204 545/196/203 544/188/203
f 545/196/5 552/197/5 546/190/5
f 546/190/202 547/198/235 541/191/202
f 553/206/207 548/192/207 547/198/207
f 548/192/2 555/208/2 549/200/2
f 555/208/205 550/194/205 549/200/205
f 550/195/209 557/211/209 551/203/209
f 557/211/5 552/197/5 551/203/5
f 552/197/208 553/206/208 547/198/208
f 559/205/211 554/199/211 553/206/211
f 554/199/2 561/215/2 555/208/2
f 555/208/210 562/209/210 556/201/210
f 562/210/215 557/211/215 556/202/215
f 563/218/5 558/204/5 557/211/5
f 558/204/213 559/205/213 553/206/213
f 565/213/217 560/207/217 559/205/217
f 566/214/2 561/215/2 560/207/2
f 561/215/216 568/216/216 562/209/216
f 568/217/219 563/218/219 562/210/219
f 563/218/5 570/219/5 564/212/5
f 564/212/218 565/213/218 559/205/218
f 571/226/222 566/214/222 565/213/222
f 566/214/2 573/227/2 567/221/2
f 567/221/236 574/222/236 568/216/236
f 574/223/225 569/224/225 568/217/225
f 575/228/5 570/219/5 569/224/5
f 570/219/237 571/226/237 565/213/237
f 571/226/227 386/3/227 572/220/227
f 572/220/2 387/4/2 573/227/2
f 387/4/226 574/222/226 573/227/226
f 574/223/229 389/9/229 575/228/229
f 389/9/5 576/225/5 575/228/5
f 390/11/228 571/226/228 576/225/228
f 583/12/238 578/3/238 577/1/238
f 584/2/2 579/4/2 578/3/2
f 585/5/239 580/6/239 579/4/239
f 580/7/240 587/8/240 581/9/240
f 581/9/5 588/10/5 582/11/5
f 582/11/241 583/12/241 577/1/241
f 589/19/242 584/2/242 583/12/242
f 590/13/2 585/5/2 584/2/2
f 591/21/243 586/15/243 585/5/243
f 586/17/244 593/24/244 587/8/244
f 587/8/5 594/18/5 588/10/5
f 594/18/245 583/12/245 588/10/245
f 589/19/246 596/20/246 590/13/246
f 596/20/2 591/21/2 590/13/2
f 591/21/247 598/22/247 592/14/247
f 598/23/248 593/24/248 592/16/248
f 593/24/5 600/25/5 594/18/5
f 600/25/249 589/19/249 594/18/249
f 595/26/250 602/27/250 596/20/250
f 596/20/2 603/29/2 597/28/2
f 603/29/251 598/22/251 597/28/251
f 598/23/252 605/30/252 599/31/252
f 605/30/5 600/25/5 599/31/5
f 606/32/253 595/26/253 600/25/253
f 601/34/254 608/35/254 602/27/254
f 602/27/2 609/42/2 603/29/2
f 603/29/255 610/36/255 604/37/255
f 610/38/256 605/30/256 604/39/256
f 611/45/5 606/32/5 605/30/5
f 612/40/257 601/34/257 606/32/257
f 607/33/258 614/41/258 608/35/258
f 608/35/2 615/50/2 609/42/2
f 615/50/259 610/36/259 609/42/259
f 610/38/260 617/53/260 611/45/260
f 617/53/5 612/40/5 611/45/5
f 618/46/261 607/33/261 612/40/261
f 613/48/262 620/49/262 614/41/262
f 614/41/2 621/57/2 615/50/2
f 621/57/263 616/43/263 615/50/263
f 616/44/264 623/60/264 617/53/264
f 623/60/5 618/46/5 617/53/5
f 624/54/265 613/48/265 618/46/265
f 619/47/266 626/56/266 620/49/266
f 626/56/2 621/57/2 620/49/2
f 621/57/267 628/64/268 622/51/267
f 628/65/269 623/60/269 622/52/270
f 623/60/5 630/61/5 624/54/5
f 630/61/271 619/47/271 624/54/271
f 625/55/272 632/62/272 626/56/272
f 632/62/2 627/58/2 626/56/2
f 627/58/273 634/71/274 628/64/273
f 634/73/275 629/59/275 628/65/275
f 629/59/5 636/67/5 630/61/5
f 636/67/276 625/55/276 630/61/276
f 637/75/277 632/62/277 631/68/277
f 638/69/2 633/63/2 632/62/2
f 639/77/278 634/71/278 633/63/278
f 634/73/279 641/80/279 635/66/279
f 635/66/5 642/74/5 636/67/5
f 636/67/280 637/75/280 631/68/280
f 643/82/281 638/69/281 637/75/281
f 638/69/2 645/84/2 639/77/2
f 639/77/282 646/78/283 640/70/282
f 646/79/284 641/80/284 640/72/284
f 647/87/5 642/74/5 641/80/5
f 642/74/285 643/82/285 637/75/285
f 643/82/286 650/83/286 644/76/286
f 644/76/2 651/85/2 645/84/2
f 645/84/287 652/93/287 646/78/287
f 652/95/288 647/87/288 646/79/288
f 653/86/5 648/81/5 647/87/5
f 654/88/289 643/82/289 648/81/289
f 649/90/290 656/91/290 650/83/290
f 656/91/2 651/85/2 650/83/2
f 651/85/291 658/92/291 652/93/291
f 658/94/292 653/86/293 652/95/293
f 653/86/5 660/96/5 654/88/5
f 660/96/294 649/90/294 654/88/294
f 661/97/295 656/91/295 655/89/295
f 662/98/2 657/99/2 656/91/2
f 663/105/296 658/92/296 657/99/296
f 658/94/297 665/108/297 659/102/297
f 659/102/5 666/103/5 660/96/5
f 660/96/298 661/97/298 655/89/298
f 667/110/299 662/98/299 661/97/299
f 662/98/2 669/112/2 663/105/2
f 669/112/300 664/100/300 663/105/300
f 664/101/301 671/115/301 665/108/301
f 671/115/5 666/103/5 665/108/5
f 666/103/302 667/110/302 661/97/302
f 673/231/303 668/104/303 667/110/303
f 668/104/2 675/113/2 669/112/2
f 675/113/304 670/106/305 669/112/305
f 670/107/306 677/114/307 671/115/306
f 677/114/5 672/109/5 671/115/5
f 672/109/308 673/231/308 667/110/308
f 679/128/239 674/119/239 673/117/239
f 680/118/2 675/120/2 674/119/2
f 675/120/309 682/131/238 676/122/309
f 682/132/241 677/125/310 676/123/310
f 677/125/5 684/126/5 678/127/5
f 678/127/240 679/128/240 673/117/240
f 685/136/243 680/118/243 679/128/243
f 680/118/2 687/130/2 681/121/2
f 681/121/242 688/138/242 682/131/242
f 688/139/245 683/124/245 682/132/245
f 689/133/5 684/126/5 683/124/5
f 684/126/244 685/136/244 679/128/244
f 691/135/247 686/129/247 685/136/247
f 692/142/2 687/130/2 686/129/2
f 693/137/246 688/138/246 687/130/246
f 688/139/249 695/140/249 689/133/249
f 689/133/5 696/149/5 690/134/5
f 690/134/248 691/135/248 685/136/248
f 691/135/251 698/151/251 692/142/251
f 692/142/2 699/143/2 693/137/2
f 699/143/250 694/145/250 693/137/250
f 694/147/253 701/148/253 695/140/253
f 701/148/5 696/149/5 695/140/5
f 702/156/252 691/135/252 696/149/252
f 697/141/255 704/152/255 698/151/255
f 698/151/2 705/158/2 699/143/2
f 699/143/254 706/153/254 700/144/254
f 706/154/257 701/148/257 700/146/257
f 707/161/5 702/156/5 701/148/5
f 708/155/256 697/141/256 702/156/256
f 709/163/259 704/152/259 703/150/259
f 710/157/2 705/158/2 704/152/2
f 711/159/258 706/153/258 705/158/258
f 706/154/261 713/160/261 707/161/261
f 707/161/5 714/162/5 708/155/5
f 708/155/260 709/163/260 703/150/260
f 715/170/263 710/157/263 709/163/263
f 710/157/2 717/172/2 711/159/2
f 717/172/262 712/166/262 711/159/262
f 712/168/265 719/175/265 713/160/265
f 719/175/5 714/162/5 713/160/5
f 714/162/264 715/170/264 709/163/264
f 721/177/267 716/164/267 715/170/267
f 716/164/2 723/179/2 717/172/2
f 723/179/266 718/165/266 717/172/266
f 718/167/271 725/182/271 719/175/271
f 725/182/5 720/169/5 719/175/5
f 720/169/270 721/177/270 715/170/270
f 727/184/274 722/171/274 721/177/274
f 728/178/2 723/179/2 722/171/2
f 729/186/272 724/173/272 723/179/311
f 724/174/312 731/189/276 725/182/312
f 725/182/5 732/183/5 726/176/5
f 726/176/313 727/184/275 721/177/313
f 733/191/278 728/178/278 727/184/278
f 734/185/2 729/186/2 728/178/2
f 729/186/277 736/187/277 730/180/277
f 736/188/314 731/189/280 730/181/280
f 731/189/5 738/190/5 732/183/5
f 738/190/279 727/184/279 732/183/279
f 733/191/282 740/192/283 734/185/282
f 734/185/2 741/200/2 735/193/2
f 741/200/281 736/187/281 735/193/281
f 736/188/285 743/203/285 737/196/315
f 743/203/5 738/190/5 737/196/5
f 744/197/284 733/191/284 738/190/284
f 739/198/287 746/199/287 740/192/287
f 746/199/2 741/200/2 740/192/2
f 747/208/286 742/194/286 741/200/286
f 742/195/289 749/211/289 743/203/289
f 743/203/5 750/204/5 744/197/5
f 750/204/288 739/198/288 744/197/288
f 751/205/291 746/199/316 745/206/316
f 746/199/2 753/215/2 747/208/2
f 747/208/317 754/209/317 748/201/317
f 754/210/318 749/211/318 748/202/318
f 755/218/5 750/204/5 749/211/5
f 750/204/293 751/205/293 745/206/293
f 757/213/319 752/207/319 751/205/319
f 752/207/2 759/221/2 753/215/2
f 753/215/295 760/216/295 754/209/295
f 760/217/298 755/218/298 754/210/298
f 761/224/5 756/212/5 755/218/5
f 756/212/320 757/213/320 751/205/320
f 757/213/300 764/220/300 758/214/300
f 758/214/2 765/227/2 759/221/2
f 759/221/299 766/222/299 760/216/299
f 766/223/302 761/224/302 760/217/302
f 767/228/5 762/219/5 761/224/5
f 768/225/301 757/213/301 762/219/301
f 763/226/305 578/3/305 764/220/305
f 764/220/2 579/4/2 765/227/2
f 579/4/303 766/222/303 765/227/303
f 766/223/308 581/9/308 767/228/308
f 581/9/5 768/225/5 767/228/5
f 582/11/306 763/226/306 768/225/306
f 769/1/321 776/2/321 770/3/321
f 770/3/2 777/5/2 771/4/2
f 777/5/322 772/6/322 771/4/322
f 772/7/323 779/8/323 773/9/323
f 779/8/5 774/11/5 773/9/5
f 780/10/324 769/1/324 774/11/324
f 781/19/325 776/2/325 775/12/325
f 782/13/2 777/5/2 776/2/2
f 783/21/326 778/15/326 777/5/326
f 778/17/327 785/24/327 779/8/327
f 779/8/5 786/18/5 780/10/5
f 786/18/328 775/12/328 780/10/328
f 781/19/329 788/20/330 782/13/329
f 788/20/2 783/21/2 782/13/2
f 789/28/331 784/14/331 783/21/331
f 784/16/332 791/31/332 785/24/332
f 785/24/5 792/25/5 786/18/5
f 792/25/333 781/19/333 786/18/333
f 787/26/334 794/27/334 788/20/334
f 788/20/2 795/29/2 789/28/2
f 795/29/335 790/22/335 789/28/335
f 790/23/336 797/30/336 791/31/336
f 797/30/5 792/25/5 791/31/5
f 798/32/337 787/26/337 792/25/337
f 799/33/338 794/27/338 793/34/338
f 794/27/2 801/42/2 795/29/2
f 801/42/339 796/37/339 795/29/339
f 796/39/340 803/45/340 797/30/340
f 803/45/5 798/32/5 797/30/5
f 798/32/341 799/33/341 793/34/341
f 799/33/342 806/41/342 800/35/342
f 800/35/2 807/50/2 801/42/2
f 801/42/343 808/43/343 802/36/343
f 808/44/344 803/45/344 802/38/344
f 809/53/5 804/40/5 803/45/5
f 810/46/345 799/33/346 804/40/346
f 811/47/347 806/41/347 805/48/347
f 806/41/2 813/57/2 807/50/2
f 813/57/348 808/43/348 807/50/348
f 808/44/349 815/60/349 809/53/349
f 815/60/5 810/46/5 809/53/5
f 810/46/350 811/47/350 805/48/350
f 817/55/351 812/49/351 811/47/351
f 812/49/2 819/58/2 813/57/2
f 813/57/352 820/64/352 814/51/352
f 820/65/353 815/60/353 814/52/353
f 821/59/5 816/54/5 815/60/5
f 816/54/354 817/55/354 811/47/354
f 823/68/355 818/56/356 817/55/356
f 818/56/2 825/63/2 819/58/2
f 819/58/357 826/71/357 820/64/357
f 826/73/358 821/59/358 820/65/358
f 827/66/5 822/61/5 821/59/5
f 822/61/359 823/68/359 817/55/359
f 829/75/360 824/62/361 823/68/361
f 824/62/2 831/77/2 825/63/2
f 825/63/362 832/70/362 826/71/362
f 832/72/363 827/66/363 826/73/363
f 833/80/5 828/67/5 827/66/5
f 828/67/364 829/75/364 823/68/364
f 829/75/365 836/76/365 830/69/365
f 836/76/2 831/77/2 830/69/2
f 831/77/366 838/78/366 832/70/366
f 838/79/367 833/80/367 832/72/367
f 839/87/5 834/74/5 833/80/5
f 840/81/368 829/75/368 834/74/368
f 835/82/369 842/83/369 836/76/369
f 842/83/2 837/84/2 836/76/2
f 837/84/370 844/93/370 838/78/370
f 844/95/371 839/87/372 838/79/372
f 839/87/5 846/88/5 840/81/5
f 846/88/373 835/82/373 840/81/373
f 847/89/374 842/83/374 841/90/374
f 848/91/2 843/85/2 842/83/2
f 843/85/375 850/92/375 844/93/375
f 850/94/376 845/86/376 844/95/376
f 845/86/5 852/96/5 846/88/5
f 846/88/377 847/89/377 841/90/377
f 853/97/378 848/91/379 847/89/379
f 848/91/2 855/105/2 849/99/2
f 849/99/380 856/100/380 850/92/380
f 856/101/381 851/102/382 850/94/382
f 857/108/5 852/96/5 851/102/5
f 852/96/383 853/97/383 847/89/383
f 859/110/384 854/98/384 853/97/384
f 860/104/2 855/105/2 854/98/2
f 861/112/385 856/100/386 855/105/386
f 856/101/387 863/115/388 857/108/387
f 863/115/5 858/103/5 857/108/5
f 864/109/389 853/97/389 858/103/389
f 859/110/390 866/111/390 860/104/390
f 866/111/2 861/112/2 860/104/2
f 861/112/391 868/229/391 862/106/391
f 868/230/392 863/115/392 862/107/392
f 863/115/5 870/116/5 864/109/5
f 870/116/393 859/110/393 864/109/393
f 865/117/322 872/118/322 866/119/322
f 872/118/2 867/120/2 866/119/2
f 867/120/321 874/131/321 868/122/321
f 874/132/324 869/125/324 868/123/394
f 869/125/5 876/126/5 870/127/5
f 876/126/323 865/117/323 870/127/395
f 877/136/326 872/118/326 871/128/326
f 872/118/2 879/130/2 873/121/2
f 873/121/325 880/138/325 874/131/325
f 880/139/328 875/124/328 874/132/328
f 881/133/5 876/126/5 875/124/5
f 882/134/327 871/128/327 876/126/327
f 883/135/331 878/129/331 877/136/331
f 878/129/2 885/137/2 879/130/2
f 879/130/330 886/145/329 880/138/330
f 886/147/333 881/133/333 880/139/333
f 887/140/5 882/134/5 881/133/5
f 882/134/332 883/135/332 877/136/332
f 883/135/335 890/151/335 884/142/335
f 890/151/2 885/137/2 884/142/2
f 885/137/334 892/144/334 886/145/334
f 892/146/337 887/140/337 886/147/337
f 887/140/5 894/156/5 888/149/5
f 894/156/336 883/135/336 888/149/336
f 895/150/396 890/151/396 889/141/396
f 890/151/2 897/158/2 891/143/2
f 897/158/338 892/144/338 891/143/338
f 892/146/341 899/161/341 893/148/341
f 899/161/5 894/156/5 893/148/5
f 894/156/397 895/150/397 889/141/397
f 901/163/343 896/152/343 895/150/343
f 896/152/2 903/159/2 897/158/2
f 903/159/398 898/153/398 897/158/398
f 898/154/345 905/160/345 899/161/345
f 905/160/5 900/155/5 899/161/5
f 900/155/344 901/163/344 895/150/344
f 901/163/348 908/164/348 902/157/348
f 908/164/2 903/159/2 902/157/2
f 909/172/347 904/166/347 903/159/347
f 904/168/350 911/175/350 905/160/350
f 911/175/5 906/162/5 905/160/5
f 912/169/349 901/163/349 906/162/349
f 907/170/352 914/171/352 908/164/352
f 914/171/2 909/172/2 908/164/2
f 909/172/351 916/173/351 910/165/351
f 916/174/354 911/175/354 910/167/354
f 911/175/5 918/176/5 912/169/5
f 918/176/353 907/170/353 912/169/353
f 913/177/357 920/178/399 914/171/357
f 920/178/2 915/179/2 914/171/2
f 915/179/356 922/180/356 916/173/356
f 922/181/359 917/182/359 916/174/359
f 917/182/5 924/183/5 918/176/5
f 924/183/358 913/177/358 918/176/358
f 925/191/362 920/178/400 919/184/400
f 920/178/2 927/193/2 921/186/2
f 927/193/361 922/180/361 921/186/361
f 922/181/364 929/196/364 923/189/364
f 929/196/5 924/183/5 923/189/5
f 924/183/401 925/191/401 919/184/401
f 931/198/366 926/185/366 925/191/366
f 926/185/2 933/200/2 927/193/2
f 927/193/402 934/194/402 928/187/365
f 934/195/368 929/196/368 928/188/368
f 935/203/5 930/190/5 929/196/5
f 930/190/367 931/198/367 925/191/367
f 931/198/370 938/199/370 932/192/370
f 938/199/2 933/200/2 932/192/2
f 933/200/369 940/201/369 934/194/369
f 940/202/373 935/203/373 934/195/373
f 935/203/5 942/204/5 936/197/5
f 942/204/371 931/198/371 936/197/371
f 943/205/375 938/199/375 937/206/375
f 944/207/2 939/208/2 938/199/2
f 939/208/374 946/209/374 940/201/374
f 946/210/377 941/211/377 940/202/377
f 941/211/5 948/212/5 942/204/5
f 942/204/376 943/205/376 937/206/376
f 949/213/380 944/207/403 943/205/403
f 944/207/2 951/221/2 945/215/2
f 945/215/379 952/216/378 946/209/379
f 952/217/383 947/218/383 946/210/383
f 953/224/5 948/212/5 947/218/5
f 948/212/382 949/213/381 943/205/382
f 955/226/404 950/214/404 949/213/404
f 950/214/2 957/227/2 951/221/2
f 957/227/384 952/216/384 951/221/384
f 952/217/389 959/228/389 953/224/389
f 959/228/5 954/219/5 953/224/5
f 954/219/388 955/226/388 949/213/388
f 769/1/391 956/220/391 955/226/391
f 956/220/2 771/4/2 957/227/2
f 771/4/390 958/222/390 957/227/390
f 958/223/393 773/9/393 959/228/393
f 773/9/5 960/225/5 959/228/5
f 960/225/392 769/1/392 955/226/392
f 967/12/405 962/3/405 961/1/405
f 962/3/2 969/5/2 963/4/2
f 963/4/406 970/15/406 964/6/406
f 970/17/407 965/9/407 964/7/407
f 971/8/5 966/11/5 965/9/5
f 966/11/408 967/12/408 961/1/408
f 967/12/409 974/13/409 968/2/409
f 968/2/2 975/21/2 969/5/2
f 975/21/410 970/15/410 969/5/410
f 970/17/411 977/24/411 971/8/411
f 977/24/5 972/10/5 971/8/5
f 978/18/412 967/12/412 972/10/413
f 973/19/414 980/20/414 974/13/414
f 980/20/2 975/21/2 974/13/2
f 981/28/415 976/14/415 975/21/415
f 976/16/416 983/31/416 977/24/416
f 977/24/5 984/25/5 978/18/5
f 984/25/417 973/19/417 978/18/417
f 979/26/418 986/27/418 980/20/418
f 986/27/2 981/28/2 980/20/2
f 987/29/419 982/22/419 981/28/419
f 982/23/420 989/30/420 983/31/420
f 983/31/5 990/32/5 984/25/5
f 990/32/421 979/26/421 984/25/421
f 991/33/422 986/27/422 985/34/422
f 986/27/2 993/42/2 987/29/2
f 993/42/423 988/37/423 987/29/423
f 988/39/424 995/45/424 989/30/424
f 995/45/5 990/32/5 989/30/5
f 990/32/425 991/33/426 985/34/425
f 997/48/427 992/35/427 991/33/427
f 998/41/2 993/42/2 992/35/2
f 993/42/428 1000/43/428 994/36/428
f 1000/44/429 995/45/429 994/38/429
f 995/45/5 1002/46/5 996/40/5
f 996/40/430 997/48/430 991/33/430
f 997/48/431 1004/49/431 998/41/431
f 1004/49/2 999/50/2 998/41/2
f 999/50/432 1006/51/432 1000/43/432
f 1006/52/433 1001/53/433 1000/44/433
f 1001/53/5 1008/54/5 1002/46/5
f 1008/54/434 997/48/434 1002/46/434
f 1003/47/435 1010/56/435 1004/49/435
f 1010/56/2 1005/57/2 1004/49/2
f 1011/58/436 1006/51/436 1005/57/436
f 1006/52/437 1013/59/437 1007/60/437
f 1007/60/5 1014/61/5 1008/54/5
f 1014/61/438 1003/47/438 1008/54/438
f 1009/55/439 1016/62/439 1010/56/439
f 1016/62/2 1011/58/2 1010/56/2
f 1017/63/440 1012/64/440 1011/58/441
f 1012/65/442 1019/66/442 1013/59/442
f 1013/59/5 1020/67/5 1014/61/5
f 1020/67/443 1009/55/443 1014/61/443
f 1015/68/444 1022/69/444 1016/62/444
f 1016/62/2 1023/77/2 1017/63/2
f 1023/77/445 1018/71/445 1017/63/445
f 1018/73/446 1025/80/446 1019/66/447
f 1025/80/5 1020/67/5 1019/66/5
f 1026/74/448 1015/68/448 1020/67/448
f 1021/75/449 1028/76/449 1022/69/449
f 1028/76/2 1023/77/2 1022/69/2
f 1023/77/450 1030/78/450 1024/70/450
f 1030/79/451 1025/80/451 1024/72/451
f 1025/80/5 1032/81/5 1026/74/5
f 1032/81/452 1021/75/452 1026/74/452
f 1027/82/453 1034/83/453 1028/76/453
f 1034/83/2 1029/84/2 1028/76/2
f 1029/84/454 1036/93/454 1030/78/454
f 1036/95/455 1031/87/455 1030/79/455
f 1031/87/5 1038/88/5 1032/81/5
f 1038/88/456 1027/82/456 1032/81/456
f 1039/89/457 1034/83/457 1033/90/457
f 1034/83/2 1041/99/2 1035/85/2
f 1041/99/458 1036/93/458 1035/85/458
f 1036/95/459 1043/102/459 1037/86/459
f 1043/102/5 1038/88/5 1037/86/5
f 1038/88/460 1039/89/461 1033/90/460
f 1045/97/462 1040/91/462 1039/89/463
f 1040/91/2 1047/105/2 1041/99/2
f 1047/105/464 1042/92/464 1041/99/465
f 1042/94/466 1049/108/466 1043/102/466
f 1049/108/5 1044/96/5 1043/102/5
f 1044/96/467 1045/97/467 1039/89/467
f 1045/97/468 1052/104/468 1046/98/468
f 1046/98/2 1053/112/2 1047/105/2
f 1047/105/469 1054/106/469 1048/100/469
f 1054/107/470 1049/108/470 1048/101/470
f 1055/115/5 1050/103/5 1049/108/5
f 1056/109/471 1045/97/471 1050/103/471
f 1057/231/472 1052/104/472 1051/110/472
f 1052/104/2 1059/113/2 1053/112/2
f 1053/112/473 1060/229/473 1054/106/473
f 1060/230/474 1055/115/474 1054/107/474
f 1061/114/5 1056/109/5 1055/115/5
f 1056/109/475 1057/231/475 1051/110/475
f 1063/128/406 1058/119/406 1057/117/406
f 1064/118/2 1059/120/2 1058/119/2
f 1059/120/405 1066/131/405 1060/122/405
f 1066/132/408 1061/125/408 1060/123/408
f 1061/125/5 1068/126/5 1062/127/5
f 1062/127/407 1063/128/407 1057/117/407
f 1069/136/410 1064/118/410 1063/128/410
f 1070/129/2 1065/121/2 1064/118/2
f 1065/121/409 1072/138/409 1066/131/409
f 1072/139/412 1067/124/412 1066/132/412
f 1067/124/5 1074/134/5 1068/126/5
f 1068/126/411 1069/136/411 1063/128/411
f 1075/135/415 1070/129/415 1069/136/415
f 1076/142/2 1071/130/2 1070/129/2
f 1071/130/414 1078/145/414 1072/138/414
f 1078/147/417 1073/133/417 1072/139/417
f 1073/133/5 1080/149/5 1074/134/5
f 1074/134/416 1075/135/416 1069/136/416
f 1081/141/419 1076/142/419 1075/135/419
f 1082/151/2 1077/137/2 1076/142/2
f 1077/137/418 1084/144/418 1078/145/418
f 1078/147/421 1085/148/421 1079/140/421
f 1085/148/5 1080/149/5 1079/140/5
f 1080/149/420 1081/141/420 1075/135/420
f 1087/150/423 1082/151/423 1081/141/423
f 1088/152/2 1083/143/2 1082/151/2
f 1083/143/422 1090/153/422 1084/144/422
f 1084/146/425 1091/161/425 1085/148/425
f 1091/161/5 1086/156/5 1085/148/5
f 1086/156/424 1087/150/424 1081/141/424
f 1093/163/428 1088/152/428 1087/150/428
f 1088/152/2 1095/159/2 1089/158/2
f 1095/159/427 1090/153/427 1089/158/427
f 1090/154/430 1097/160/430 1091/161/430
f 1097/160/5 1092/155/5 1091/161/5
f 1092/155/429 1093/163/429 1087/150/429
f 1099/170/432 1094/157/432 1093/163/432
f 1094/157/2 1101/172/2 1095/159/2
f 1095/159/431 1102/165/431 1096/166/431
f 1102/167/434 1097/160/434 1096/168/434
f 1103/175/5 1098/162/5 1097/160/5
f 1098/162/433 1099/170/433 1093/163/433
f 1099/170/436 1106/171/436 1100/164/436
f 1100/164/2 1107/179/2 1101/172/2
f 1101/172/435 1108/173/435 1102/165/435
f 1108/174/438 1103/175/438 1102/167/438
f 1109/182/5 1104/169/5 1103/175/5
f 1110/176/437 1099/170/437 1104/169/437
f 1105/177/440 1112/178/441 1106/171/440
f 1112/178/2 1107/179/2 1106/171/2
f 1107/179/439 1114/180/439 1108/173/439
f 1114/181/443 1109/182/443 1108/174/443
f 1109/182/5 1116/183/5 1110/176/5
f 1116/183/476 1105/177/442 1110/176/442
f 1117/191/445 1112/178/445 1111/184/445
f 1118/185/2 1113/186/2 1112/178/2
f 1113/186/444 1120/187/444 1114/180/444
f 1120/188/448 1115/189/448 1114/181/448
f 1115/189/5 1122/190/5 1116/183/5
f 1116/183/446 1117/191/446 1111/184/446
f 1123/198/450 1118/185/450 1117/191/450
f 1118/185/2 1125/200/2 1119/193/2
f 1119/193/449 1126/194/449 1120/187/449
f 1126/195/452 1121/196/452 1120/188/452
f 1127/203/5 1122/190/5 1121/196/5
f 1122/190/451 1123/198/451 1117/191/451
f 1129/206/454 1124/192/454 1123/198/454
f 1124/192/2 1131/208/2 1125/200/2
f 1125/200/453 1132/201/453 1126/194/453
f 1132/202/456 1127/203/456 1126/195/456
f 1133/211/5 1128/197/5 1127/203/5
f 1128/197/455 1129/206/455 1123/198/455
f 1135/205/458 1130/199/458 1129/206/458
f 1130/199/2 1137/215/2 1131/208/2
f 1137/215/457 1132/201/457 1131/208/457
f 1132/202/460 1139/218/460 1133/211/460
f 1139/218/5 1134/204/5 1133/211/5
f 1134/204/459 1135/205/459 1129/206/459
f 1141/213/464 1136/207/464 1135/205/464
f 1136/207/2 1143/221/2 1137/215/2
f 1143/221/477 1138/209/477 1137/215/477
f 1138/210/478 1145/224/479 1139/218/478
f 1145/224/5 1140/212/5 1139/218/5
f 1140/212/466 1141/213/466 1135/205/466
f 1147/226/469 1142/214/469 1141/213/469
f 1142/214/2 1149/227/2 1143/221/2
f 1149/227/468 1144/216/468 1143/221/468
f 1144/217/471 1151/228/471 1145/224/471
f 1151/228/5 1146/219/5 1145/224/5
f 1146/219/470 1147/226/470 1141/213/470
f 1147/226/473 962/3/473 1148/220/473
f 1148/220/2 963/4/2 1149/227/2
f 1149/227/472 964/6/472 1150/222/472
f 964/7/475 1151/228/475 1150/223/475
f 965/9/5 1152/225/5 1151/228/5
f 966/11/474 1147/226/474 1152/225/474
f 1/1/1 7/12/1 8/2/1
f 8/2/2 9/5/2 3/4/2
f 9/5/3 10/15/3 4/6/3
f 4/7/4 10/17/4 11/8/4
f 5/9/5 11/8/5 12/10/5
f 12/10/6 7/12/6 1/1/6
f 7/12/7 13/19/7 14/13/7
f 14/13/2 15/21/2 9/5/2
f 9/5/8 15/21/8 16/14/8
f 16/16/9 17/24/9 11/8/9
f 11/8/5 17/24/5 18/18/5
f 18/18/10 13/19/10 7/12/10
f 13/19/11 19/26/11 20/20/11
f 20/20/2 21/28/2 15/21/2
f 15/21/12 21/28/12 22/22/12
f 22/23/13 23/31/13 17/24/13
f 17/24/5 23/31/5 24/25/5
f 24/25/14 19/26/14 13/19/14
f 19/26/15 25/34/15 26/27/15
f 26/27/2 27/29/2 21/28/2
f 27/29/16 28/37/16 22/22/16
f 22/23/17 28/39/17 29/30/17
f 23/31/5 29/30/5 30/32/5
f 30/32/18 25/34/18 19/26/18
f 31/33/19 32/35/19 26/27/19
f 32/35/2 33/42/2 27/29/2
f 27/29/20 33/42/20 34/36/20
f 34/38/21 35/45/21 29/30/21
f 29/30/5 35/45/5 36/40/5
f 30/32/22 36/40/22 31/33/22
f 31/33/23 37/48/23 38/41/23
f 38/41/2 39/50/2 33/42/2
f 33/42/24 39/50/24 40/43/24
f 40/44/25 41/53/25 35/45/25
f 35/45/5 41/53/5 42/46/5
f 42/46/26 37/48/26 31/33/26
f 43/47/27 44/49/27 38/41/28
f 44/49/2 45/57/2 39/50/2
f 39/50/29 45/57/29 46/51/29
f 46/52/30 47/60/30 41/53/30
f 41/53/5 47/60/5 48/54/5
f 42/46/31 48/54/32 43/47/32
f 49/55/33 50/56/33 44/49/33
f 50/56/2 51/58/2 45/57/2
f 51/58/34 52/64/34 46/51/34
f 46/52/35 52/65/35 53/59/35
f 47/60/5 53/59/5 54/61/5
f 48/54/36 54/61/36 49/55/36
f 49/55/37 55/68/37 56/62/37
f 56/62/2 57/63/2 51/58/2
f 57/63/38 58/71/38 52/64/38
f 52/65/39 58/73/39 59/66/39
f 53/59/5 59/66/5 60/67/5
f 60/67/40 55/68/40 49/55/40
f 55/68/41 61/75/41 62/69/41
f 62/69/2 63/77/2 57/63/2
f 57/63/42 63/77/42 64/70/42
f 64/72/43 65/80/43 59/66/44
f 59/66/5 65/80/5 66/74/5
f 66/74/45 61/75/45 55/68/46
f 61/75/47 67/82/47 68/76/47
f 68/76/2 69/84/2 63/77/2
f 63/77/48 69/84/48 70/78/48
f 70/79/49 71/87/49 65/80/49
f 65/80/5 71/87/5 72/81/5
f 72/81/50 67/82/50 61/75/50
f 67/82/51 73/90/51 74/83/51
f 74/83/2 75/85/2 69/84/2
f 75/85/52 76/93/52 70/78/52
f 70/79/53 76/95/53 77/86/53
f 71/87/5 77/86/5 78/88/5
f 78/88/54 73/90/54 67/82/54
f 79/89/55 80/91/55 74/83/55
f 80/91/2 81/99/2 75/85/2
f 75/85/56 81/99/56 82/92/56
f 82/94/57 83/102/57 77/86/57
f 77/86/5 83/102/5 84/96/5
f 84/96/58 79/89/58 73/90/58
f 85/97/59 86/98/59 80/91/59
f 86/98/2 87/105/2 81/99/2
f 81/99/60 87/105/60 88/100/60
f 88/101/61 89/108/61 83/102/61
f 83/102/5 89/108/5 90/103/5
f 84/96/62 90/103/62 85/97/62
f 85/97/63 91/110/63 92/104/63
f 92/104/2 93/112/2 87/105/2
f 87/105/64 93/112/64 94/106/64
f 94/107/65 95/115/65 89/108/65
f 89/108/5 95/115/5 96/109/5
f 96/109/66 91/110/66 85/97/66
f 91/110/67 97/231/68 98/111/68
f 98/111/2 99/113/2 93/112/2
f 99/113/69 100/229/69 94/106/69
f 94/107/70 100/230/70 101/114/70
f 95/115/5 101/114/5 102/116/5
f 102/116/71 97/231/532 91/110/71
f 97/117/3 103/128/3 104/118/3
f 104/118/2 105/121/2 99/120/2
f 105/121/1 106/131/1 100/122/1
f 100/123/6 106/132/6 107/124/6
f 101/125/5 107/124/5 108/126/5
f 108/126/4 103/128/4 97/117/4
f 103/128/8 109/136/8 110/129/8
f 104/118/2 110/129/2 111/130/2
f 111/130/7 112/138/7 106/131/7
f 106/132/10 112/139/10 113/133/10
f 113/133/5 114/134/5 108/126/5
f 114/134/9 109/136/9 103/128/9
f 115/135/12 116/142/12 110/129/12
f 110/129/2 116/142/2 117/137/2
f 117/137/11 118/145/11 112/138/11
f 112/139/14 118/147/14 119/140/14
f 119/140/5 120/149/5 114/134/5
f 114/134/13 120/149/13 115/135/13
f 121/141/16 122/151/16 116/142/16
f 116/142/2 122/151/2 123/143/2
f 117/137/15 123/143/15 124/144/15
f 124/146/18 125/148/18 119/140/18
f 125/148/5 126/156/5 120/149/5
f 120/149/17 126/156/17 121/141/17
f 127/150/20 128/152/20 122/151/20
f 128/152/2 129/158/2 123/143/2
f 123/143/19 129/158/19 130/153/19
f 130/154/22 131/161/22 125/148/22
f 125/148/5 131/161/5 132/155/5
f 132/155/21 127/150/21 121/141/21
f 127/150/24 133/163/24 134/157/24
f 134/157/2 135/159/2 129/158/2
f 135/159/23 136/166/23 130/153/23
f 130/154/26 136/168/26 137/160/26
f 131/161/5 137/160/5 138/162/5
f 138/162/25 133/163/25 127/150/25
f 133/163/29 139/170/72 140/164/72
f 140/164/2 141/172/2 135/159/2
f 135/159/28 141/172/28 142/165/28
f 142/167/32 143/175/32 137/160/31
f 137/160/5 143/175/5 144/169/5
f 144/169/73 139/170/73 133/163/30
f 139/170/34 145/177/34 146/171/34
f 146/171/2 147/179/2 141/172/2
f 141/172/33 147/179/33 148/173/33
f 148/174/36 149/182/36 143/175/36
f 143/175/5 149/182/5 150/176/5
f 150/176/35 145/177/35 139/170/35
f 145/177/38 151/184/38 152/178/38
f 152/178/2 153/186/2 147/179/2
f 147/179/37 153/186/37 154/180/37
f 154/181/74 155/189/74 149/182/74
f 149/182/5 155/189/5 156/183/5
f 156/183/75 151/184/75 145/177/75
f 151/184/42 157/191/42 158/185/42
f 158/185/2 159/193/2 153/186/2
f 153/186/41 159/193/41 160/187/41
f 160/188/46 161/196/46 155/189/46
f 155/189/5 161/196/5 162/190/5
f 162/190/43 157/191/43 151/184/43
f 157/191/48 163/198/76 164/192/76
f 164/192/2 165/200/2 159/193/2
f 159/193/47 165/200/47 166/194/47
f 166/195/50 167/203/50 161/196/50
f 161/196/5 167/203/5 168/197/5
f 168/197/49 163/198/49 157/191/49
f 163/198/52 169/206/52 170/199/52
f 170/199/2 171/208/2 165/200/2
f 165/200/51 171/208/51 172/201/51
f 172/202/54 173/211/54 167/203/54
f 167/203/5 173/211/5 174/204/5
f 174/204/53 169/206/53 163/198/53
f 175/205/56 176/207/56 170/199/56
f 176/207/2 177/215/2 171/208/2
f 171/208/55 177/215/55 178/209/55
f 178/210/58 179/218/58 173/211/58
f 173/211/5 179/218/5 180/212/5
f 174/204/57 180/212/57 175/205/57
f 181/213/60 182/214/60 176/207/60
f 182/214/2 183/221/2 177/215/2
f 177/215/59 183/221/59 184/216/59
f 184/217/62 185/224/62 179/218/62
f 179/218/5 185/224/5 186/219/5
f 180/212/61 186/219/61 181/213/61
f 181/213/64 187/226/64 188/220/64
f 188/220/2 189/227/2 183/221/2
f 183/221/63 189/227/63 190/222/63
f 190/223/66 191/228/66 185/224/66
f 185/224/5 191/228/5 192/225/5
f 192/225/65 187/226/65 181/213/65
f 187/226/77 1/1/69 2/3/69
f 2/3/2 3/4/2 189/227/2
f 3/4/68 4/6/68 190/222/68
f 190/223/71 4/7/71 5/9/71
f 191/228/5 5/9/5 6/11/5
f 6/11/70 1/1/70 187/226/70
f 193/1/78 199/12/78 200/2/78
f 194/3/2 200/2/2 201/5/2
f 195/4/79 201/5/79 202/15/79
f 202/17/80 203/8/80 197/9/80
f 203/8/5 204/10/5 198/11/5
f 204/10/81 199/12/81 193/1/81
f 199/12/82 205/19/83 206/13/83
f 206/13/2 207/21/2 201/5/2
f 201/5/84 207/21/84 208/14/84
f 208/16/85 209/24/85 203/8/85
f 203/8/5 209/24/5 210/18/5
f 210/18/86 205/19/86 199/12/86
f 205/19/87 211/26/87 212/20/87
f 212/20/2 213/28/2 207/21/2
f 207/21/88 213/28/88 214/22/88
f 214/23/89 215/31/89 209/24/89
f 209/24/5 215/31/5 216/25/5
f 216/25/90 211/26/90 205/19/90
f 211/26/91 217/34/91 218/27/91
f 218/27/2 219/29/2 213/28/2
f 213/28/92 219/29/92 220/37/92
f 220/39/93 221/30/93 215/31/93
f 215/31/5 221/30/5 222/32/5
f 222/32/94 217/34/94 211/26/94
f 217/34/95 223/33/95 224/35/95
f 224/35/2 225/42/2 219/29/2
f 219/29/96 225/42/96 226/36/96
f 226/38/97 227/45/533 221/30/97
f 221/30/5 227/45/5 228/40/5
f 228/40/98 223/33/98 217/34/98
f 223/33/99 229/48/99 230/41/99
f 230/41/2 231/50/2 225/42/2
f 225/42/100 231/50/100 232/43/100
f 232/44/101 233/53/101 227/45/101
f 227/45/5 233/53/5 234/46/5
f 234/46/102 229/48/102 223/33/102
f 229/48/103 235/47/103 236/49/103
f 236/49/2 237/57/2 231/50/2
f 231/50/104 237/57/104 238/51/104
f 238/52/105 239/60/105 233/53/105
f 233/53/5 239/60/5 240/54/5
f 240/54/106 235/47/106 229/48/106
f 235/47/107 241/55/107 242/56/107
f 236/49/2 242/56/2 243/58/2
f 243/58/108 244/64/108 238/51/108
f 238/52/109 244/65/109 245/59/109
f 245/59/5 246/61/5 240/54/5
f 246/61/110 241/55/110 235/47/110
f 241/55/111 247/68/111 248/62/111
f 248/62/2 249/63/2 243/58/2
f 243/58/113 249/63/148 250/71/113
f 250/73/114 251/66/114 245/59/114
f 245/59/5 251/66/5 252/67/5
f 252/67/115 247/68/115 241/55/116
f 247/68/117 253/75/117 254/69/117
f 254/69/2 255/77/2 249/63/2
f 249/63/118 255/77/118 256/70/118
f 256/72/119 257/80/119 251/66/119
f 251/66/5 257/80/5 258/74/5
f 258/74/120 253/75/120 247/68/120
f 259/82/121 260/76/121 254/69/121
f 260/76/2 261/84/2 255/77/2
f 255/77/122 261/84/122 262/78/122
f 262/79/123 263/87/123 257/80/123
f 257/80/5 263/87/5 264/81/5
f 258/74/124 264/81/124 259/82/124
f 265/90/125 266/83/125 260/76/126
f 266/83/2 267/85/2 261/84/2
f 261/84/127 267/85/127 268/93/127
f 268/95/128 269/86/128 263/87/128
f 263/87/5 269/86/5 270/88/5
f 264/81/129 270/88/129 265/90/129
f 271/89/130 272/91/130 266/83/130
f 266/83/2 272/91/2 273/99/2
f 273/99/131 274/92/131 268/93/131
f 268/95/132 274/94/132 275/102/132
f 275/102/5 276/96/5 270/88/5
f 270/88/133 276/96/133 271/89/133
f 271/89/134 277/97/134 278/98/134
f 272/91/2 278/98/2 279/105/2
f 273/99/135 279/105/135 280/100/135
f 280/101/136 281/108/136 275/102/136
f 281/108/5 282/103/5 276/96/5
f 282/103/137 277/97/137 271/89/137
f 277/97/138 283/110/138 284/104/138
f 284/104/2 285/112/2 279/105/2
f 279/105/139 285/112/139 286/106/139
f 286/107/140 287/115/140 281/108/140
f 281/108/5 287/115/5 288/109/5
f 288/109/141 283/110/141 277/97/141
f 283/110/142 289/231/142 290/111/142
f 284/104/2 290/111/2 291/113/2
f 291/113/143 292/229/143 286/106/143
f 286/107/144 292/230/144 293/114/144
f 293/114/5 294/116/5 288/109/5
f 294/116/145 289/231/145 283/110/146
f 289/117/79 295/128/79 296/118/79
f 296/118/2 297/121/2 291/120/2
f 291/120/78 297/121/78 298/131/78
f 298/132/81 299/124/81 293/125/81
f 293/125/5 299/124/5 300/126/5
f 300/126/80 295/128/80 289/117/80
f 295/128/147 301/136/84 302/129/84
f 296/118/2 302/129/2 303/130/2
f 297/121/83 303/130/82 304/138/82
f 304/139/86 305/133/86 299/124/86
f 305/133/5 306/134/5 300/126/5
f 306/134/85 301/136/85 295/128/85
f 301/136/88 307/135/88 308/142/88
f 302/129/2 308/142/2 309/137/2
f 309/137/87 310/145/87 304/138/87
f 304/139/90 310/147/90 311/140/90
f 311/140/5 312/149/5 306/134/5
f 312/149/89 307/135/89 301/136/89
f 307/135/92 313/141/92 314/151/92
f 314/151/2 315/143/2 309/137/2
f 315/143/91 316/144/91 310/145/91
f 310/147/94 316/146/94 317/148/94
f 311/140/5 317/148/5 318/156/5
f 318/156/93 313/141/93 307/135/93
f 319/150/96 320/152/96 314/151/96
f 314/151/2 320/152/2 321/158/2
f 321/158/95 322/153/95 316/144/95
f 316/146/98 322/154/98 323/161/98
f 323/161/5 324/155/5 318/156/5
f 318/156/97 324/155/97 319/150/97
f 319/150/100 325/163/100 326/157/100
f 320/152/2 326/157/2 327/159/2
f 321/158/99 327/159/99 328/166/99
f 328/168/102 329/160/102 323/161/102
f 329/160/5 330/162/5 324/155/5
f 330/162/101 325/163/101 319/150/101
f 325/163/104 331/170/104 332/164/104
f 332/164/2 333/172/2 327/159/2
f 327/159/103 333/172/103 334/165/103
f 334/167/106 335/175/106 329/160/106
f 329/160/5 335/175/5 336/169/5
f 336/169/105 331/170/105 325/163/105
f 331/170/108 337/177/108 338/171/108
f 332/164/2 338/171/2 339/179/2
f 339/179/107 340/173/107 334/165/107
f 334/167/110 340/174/110 341/182/110
f 341/182/5 342/176/5 336/169/5
f 342/176/109 337/177/109 331/170/109
f 343/184/113 344/178/113 338/171/148
f 338/171/2 344/178/2 345/186/2
f 345/186/112 346/180/112 340/173/111
f 340/174/116 346/181/116 347/189/116
f 347/189/5 348/183/5 342/176/5
f 342/176/114 348/183/534 343/184/114
f 349/191/118 350/185/118 344/178/118
f 344/178/2 350/185/2 351/193/2
f 345/186/117 351/193/117 352/187/117
f 352/188/120 353/196/120 347/189/120
f 353/196/5 354/190/5 348/183/5
f 348/183/119 354/190/119 349/191/119
f 355/198/122 356/192/122 350/185/122
f 356/192/2 357/200/2 351/193/2
f 351/193/121 357/200/121 358/194/121
f 358/195/124 359/203/124 353/196/124
f 353/196/5 359/203/5 360/197/5
f 354/190/123 360/197/123 355/198/123
f 361/206/149 362/199/149 356/192/127
f 362/199/2 363/208/2 357/200/2
f 363/208/126 364/201/125 358/194/126
f 358/195/150 364/202/129 365/211/129
f 365/211/5 366/204/5 360/197/5
f 360/197/151 366/204/151 361/206/151
f 367/205/131 368/207/131 362/199/131
f 368/207/2 369/215/2 363/208/2
f 363/208/130 369/215/130 370/209/130
f 370/210/133 371/218/133 365/211/133
f 365/211/5 371/218/5 372/212/5
f 366/204/132 372/212/132 367/205/132
f 367/205/135 373/213/135 374/214/135
f 374/214/2 375/221/2 369/215/2
f 369/215/134 375/221/134 376/216/134
f 376/217/137 377/224/137 371/218/137
f 371/218/5 377/224/5 378/219/5
f 378/219/136 373/213/136 367/205/136
f 373/213/139 379/226/139 380/220/139
f 380/220/2 381/227/2 375/221/2
f 375/221/138 381/227/138 382/222/138
f 382/223/141 383/228/141 377/224/141
f 377/224/5 383/228/5 384/225/5
f 384/225/140 379/226/140 373/213/140
f 193/1/143 194/3/143 380/220/143
f 380/220/2 194/3/2 195/4/2
f 381/227/142 195/4/142 196/6/142
f 196/7/146 197/9/146 383/228/146
f 197/9/5 198/11/5 384/225/5
f 384/225/144 198/11/144 193/1/144
f 385/1/152 391/12/152 392/2/152
f 392/2/2 393/5/2 387/4/2
f 393/5/153 394/15/153 388/6/153
f 388/7/154 394/17/154 395/8/154
f 395/8/5 396/10/5 390/11/5
f 396/10/155 391/12/155 385/1/155
f 397/19/156 398/13/156 392/2/156
f 398/13/2 399/21/2 393/5/2
f 393/5/157 399/21/157 400/14/157
f 400/16/158 401/24/158 395/8/158
f 395/8/5 401/24/5 402/18/5
f 396/10/159 402/18/159 397/19/159
f 397/19/160 403/26/160 404/20/160
f 404/20/2 405/28/2 399/21/2
f 405/28/161 406/22/161 400/14/161
f 400/16/162 406/23/162 407/31/162
f 401/24/5 407/31/5 408/25/5
f 408/25/163 403/26/163 397/19/163
f 403/26/164 409/34/165 410/27/165
f 404/20/2 410/27/2 411/29/2
f 411/29/166 412/37/166 406/22/167
f 406/23/168 412/39/169 413/30/169
f 413/30/5 414/32/5 408/25/5
f 414/32/171 409/34/171 403/26/171
f 409/34/172 415/33/172 416/35/172
f 410/27/2 416/35/2 417/42/2
f 417/42/173 418/36/173 412/37/173
f 412/39/174 418/38/174 419/45/174
f 419/45/5 420/40/5 414/32/5
f 420/40/175 415/33/175 409/34/175
f 415/33/176 421/48/535 422/41/176
f 416/35/2 422/41/2 423/50/2
f 423/50/177 424/43/536 418/36/177
f 418/38/178 424/44/178 425/53/178
f 425/53/5 426/46/5 420/40/5
f 426/46/179 421/48/179 415/33/179
f 421/48/180 427/47/180 428/49/180
f 422/41/2 428/49/2 429/57/2
f 429/57/181 430/51/181 424/43/181
f 424/44/182 430/52/182 431/60/182
f 431/60/5 432/54/5 426/46/5
f 432/54/183 427/47/183 421/48/183
f 427/47/184 433/55/184 434/56/184
f 428/49/2 434/56/2 435/58/2
f 435/58/185 436/64/185 430/51/185
f 430/52/186 436/65/186 437/59/186
f 437/59/5 438/61/5 432/54/5
f 438/61/187 433/55/187 427/47/187
f 433/55/188 439/68/189 440/62/189
f 440/62/2 441/63/2 435/58/2
f 435/58/190 441/63/191 442/71/191
f 442/73/192 443/66/192 437/59/192
f 437/59/5 443/66/5 444/67/5
f 444/67/193 439/68/193 433/55/194
f 439/68/195 445/75/195 446/69/195
f 446/69/2 447/77/2 441/63/2
f 441/63/196 447/77/196 448/70/196
f 448/72/197 449/80/197 443/66/197
f 443/66/5 449/80/5 450/74/5
f 450/74/198 445/75/198 439/68/199
f 451/82/200 452/76/200 446/69/200
f 446/69/2 452/76/2 453/84/2
f 447/77/201 453/84/201 454/78/201
f 454/79/202 455/87/202 449/80/202
f 455/87/5 456/81/5 450/74/5
f 450/74/203 456/81/204 451/82/204
f 457/90/205 458/83/205 452/76/205
f 452/76/2 458/83/2 459/85/2
f 459/85/206 460/93/206 454/78/207
f 454/79/208 460/95/537 461/86/208
f 461/86/5 462/88/5 456/81/5
f 456/81/209 462/88/209 457/90/209
f 457/90/210 463/89/210 464/91/210
f 464/91/2 465/99/2 459/85/2
f 465/99/211 466/92/211 460/93/212
f 460/95/213 466/94/213 467/102/213
f 461/86/5 467/102/5 468/96/5
f 468/96/215 463/89/215 457/90/215
f 463/89/216 469/97/216 470/98/216
f 470/98/2 471/105/2 465/99/2
f 465/99/217 471/105/217 472/100/217
f 472/101/218 473/108/218 467/102/218
f 467/102/5 473/108/5 474/103/5
f 474/103/219 469/97/219 463/89/219
f 469/97/220 475/110/221 476/104/221
f 470/98/2 476/104/2 477/112/2
f 471/105/222 477/112/222 478/106/222
f 478/107/223 479/115/223 473/108/223
f 479/115/5 480/109/5 474/103/5
f 480/109/224 475/110/224 469/97/224
f 475/110/226 481/231/226 482/111/226
f 476/104/2 482/111/2 483/113/2
f 477/112/227 483/113/227 484/229/227
f 484/230/228 485/114/228 479/115/228
f 485/114/5 486/116/5 480/109/5
f 486/116/229 481/231/229 475/110/229
f 481/117/153 487/128/153 488/118/153
f 488/118/2 489/121/2 483/120/2
f 483/120/152 489/121/152 490/131/152
f 490/132/155 491/124/155 485/125/155
f 485/125/5 491/124/5 492/126/5
f 492/126/154 487/128/154 481/117/154
f 493/136/157 494/129/157 488/118/157
f 494/129/2 495/130/2 489/121/2
f 489/121/156 495/130/156 496/138/156
f 496/139/159 497/133/159 491/124/159
f 497/133/5 498/134/5 492/126/5
f 498/134/158 493/136/158 487/128/158
f 493/136/161 499/135/161 500/142/161
f 494/129/2 500/142/2 501/137/2
f 501/137/160 502/145/160 496/138/160
f 496/139/163 502/147/163 503/140/163
f 503/140/5 504/149/5 498/134/5
f 504/149/162 499/135/162 493/136/162
f 499/135/166 505/141/167 506/151/167
f 500/142/2 506/151/2 507/143/2
f 507/143/165 508/144/165 502/145/165
f 502/147/230 508/146/171 509/148/171
f 509/148/5 510/156/5 504/149/5
f 510/156/168 505/141/168 499/135/168
f 505/141/173 511/150/173 512/152/173
f 506/151/2 512/152/2 513/158/2
f 507/143/172 513/158/172 514/153/172
f 514/154/175 515/161/175 509/148/175
f 515/161/5 516/155/5 510/156/5
f 516/155/174 511/150/174 505/141/174
f 511/150/177 517/163/536 518/157/177
f 518/157/2 519/159/2 513/158/2
f 513/158/176 519/159/176 520/166/176
f 520/168/179 521/160/179 515/161/179
f 515/161/5 521/160/5 522/162/5
f 522/162/178 517/163/178 511/150/178
f 517/163/181 523/170/181 524/164/181
f 524/164/2 525/172/2 519/159/2
f 519/159/180 525/172/180 526/165/180
f 526/167/183 527/175/183 521/160/183
f 521/160/5 527/175/5 528/169/5
f 528/169/182 523/170/182 517/163/182
f 523/170/185 529/177/185 530/171/185
f 530/171/2 531/179/2 525/172/2
f 531/179/184 532/173/184 526/165/184
f 526/167/187 532/174/187 533/182/187
f 527/175/5 533/182/5 534/176/5
f 534/176/186 529/177/186 523/170/186
f 529/177/190 535/184/191 536/178/191
f 536/178/2 537/186/2 531/179/2
f 531/179/188 537/186/189 538/180/189
f 532/174/193 538/181/193 539/189/193
f 533/182/5 539/189/5 540/183/5
f 540/183/192 535/184/192 529/177/231
f 535/184/196 541/191/232 542/185/232
f 542/185/2 543/193/2 537/186/2
f 537/186/195 543/193/195 544/187/195
f 544/188/198 545/196/198 539/189/199
f 539/189/5 545/196/5 546/190/5
f 546/190/197 541/191/197 535/184/197
f 547/198/233 548/192/233 542/185/233
f 548/192/2 549/200/2 543/193/2
f 543/193/234 549/200/200 550/194/200
f 550/195/204 551/203/204 545/196/203
f 545/196/5 551/203/5 552/197/5
f 546/190/202 552/197/235 547/198/235
f 553/206/207 554/199/207 548/192/207
f 548/192/2 554/199/2 555/208/2
f 555/208/205 556/201/205 550/194/205
f 550/195/209 556/202/209 557/211/209
f 557/211/5 558/204/5 552/197/5
f 552/197/208 558/204/208 553/206/208
f 559/205/211 560/207/211 554/199/211
f 554/199/2 560/207/2 561/215/2
f 555/208/210 561/215/210 562/209/210
f 562/210/215 563/218/215 557/211/215
f 563/218/5 564/212/5 558/204/5
f 558/204/213 564/212/213 559/205/213
f 565/213/217 566/214/217 560/207/217
f 566/214/2 567/221/2 561/215/2
f 561/215/216 567/221/216 568/216/216
f 568/217/219 569/224/219 563/218/219
f 563/218/5 569/224/5 570/219/5
f 564/212/218 570/219/218 565/213/218
f 571/226/222 572/220/222 566/214/222
f 566/214/2 572/220/2 573/227/2
f 567/221/236 573/227/236 574/222/236
f 574/223/225 575/228/225 569/224/225
f 575/228/5 576/225/5 570/219/5
f 570/219/237 576/225/237 571/226/237
f 571/226/227 385/1/227 386/3/227
f 572/220/2 386/3/2 387/4/2
f 387/4/226 388/6/226 574/222/226
f 574/223/229 388/7/229 389/9/229
f 389/9/5 390/11/5 576/225/5
f 390/11/228 385/1/228 571/226/228
f 583/12/238 584/2/238 578/3/238
f 584/2/2 585/5/2 579/4/2
f 585/5/239 586/15/239 580/6/239
f 580/7/240 586/17/240 587/8/240
f 581/9/5 587/8/5 588/10/5
f 582/11/241 588/10/241 583/12/241
f 589/19/242 590/13/242 584/2/242
f 590/13/2 591/21/2 585/5/2
f 591/21/243 592/14/243 586/15/243
f 586/17/244 592/16/244 593/24/244
f 587/8/5 593/24/5 594/18/5
f 594/18/245 589/19/245 583/12/245
f 589/19/246 595/26/246 596/20/246
f 596/20/2 597/28/2 591/21/2
f 591/21/247 597/28/247 598/22/247
f 598/23/248 599/31/248 593/24/248
f 593/24/5 599/31/5 600/25/5
f 600/25/249 595/26/249 589/19/249
f 595/26/250 601/34/250 602/27/250
f 596/20/2 602/27/2 603/29/2
f 603/29/251 604/37/251 598/22/251
f 598/23/252 604/39/252 605/30/252
f 605/30/5 606/32/5 600/25/5
f 606/32/253 601/34/253 595/26/253
f 601/34/254 607/33/254 608/35/254
f 602/27/2 608/35/2 609/42/2
f 603/29/255 609/42/255 610/36/255
f 610/38/256 611/45/256 605/30/256
f 611/45/5 612/40/5 606/32/5
f 612/40/257 607/33/257 601/34/257
f 607/33/258 613/48/258 614/41/258
f 608/35/2 614/41/2 615/50/2
f 615/50/259 616/43/259 610/36/259
f 610/38/260 616/44/260 617/53/260
f 617/53/5 618/46/5 612/40/5
f 618/46/261 613/48/261 607/33/261
f 613/48/262 619/47/262 620/49/262
f 614/41/2 620/49/2 621/57/2
f 621/57/263 622/51/263 616/43/263
f 616/44/264 622/52/264 623/60/264
f 623/60/5 624/54/5 618/46/5
f 624/54/265 619/47/265 613/48/265
f 619/47/266 625/55/266 626/56/266
f 626/56/2 627/58/2 621/57/2
f 621/57/267 627/58/268 628/64/268
f 628/65/269 629/59/269 623/60/269
f 623/60/5 629/59/5 630/61/5
f 630/61/271 625/55/271 619/47/271
f 625/55/272 631/68/272 632/62/272
f 632/62/2 633/63/2 627/58/2
f 627/58/273 633/63/274 634/71/274
f 634/73/275 635/66/275 629/59/275
f 629/59/5 635/66/5 636/67/5
f 636/67/276 631/68/276 625/55/276
f 637/75/277 638/69/277 632/62/277
f 638/69/2 639/77/2 633/63/2
f 639/77/278 640/70/278 634/71/278
f 634/73/279 640/72/279 641/80/279
f 635/66/5 641/80/5 642/74/5
f 636/67/280 642/74/280 637/75/280
f 643/82/281 644/76/281 638/69/281
f 638/69/2 644/76/2 645/84/2
f 639/77/282 645/84/283 646/78/283
f 646/79/284 647/87/284 641/80/284
f 647/87/5 648/81/5 642/74/5
f 642/74/285 648/81/285 643/82/285
f 643/82/286 649/90/286 650/83/286
f 644/76/2 650/83/2 651/85/2
f 645/84/287 651/85/287 652/93/287
f 652/95/288 653/86/288 647/87/288
f 653/86/5 654/88/5 648/81/5
f 654/88/289 649/90/289 643/82/289
f 649/90/290 655/89/290 656/91/290
f 656/91/2 657/99/2 651/85/2
f 651/85/291 657/99/291 658/92/291
f 658/94/292 659/102/292 653/86/293
f 653/86/5 659/102/5 660/96/5
f 660/96/294 655/89/294 649/90/294
f 661/97/295 662/98/295 656/91/295
f 662/98/2 663/105/2 657/99/2
f 663/105/296 664/100/296 658/92/296
f 658/94/297 664/101/297 665/108/297
f 659/102/5 665/108/5 666/103/5
f 660/96/298 666/103/298 661/97/298
f 667/110/299 668/104/299 662/98/299
f 662/98/2 668/104/2 669/112/2
f 669/112/300 670/106/300 664/100/300
f 664/101/301 670/107/301 671/115/301
f 671/115/5 672/109/5 666/103/5
f 666/103/302 672/109/302 667/110/302
f 673/231/303 674/111/303 668/104/303
f 668/104/2 674/111/2 675/113/2
f 675/113/304 676/229/304 670/106/305
f 670/107/306 676/230/307 677/114/307
f 677/114/5 678/116/5 672/109/5
f 672/109/308 678/116/308 673/231/308
f 679/128/239 680/118/239 674/119/239
f 680/118/2 681/121/2 675/120/2
f 675/120/309 681/121/238 682/131/238
f 682/132/241 683/124/241 677/125/310
f 677/125/5 683/124/5 684/126/5
f 678/127/240 684/126/240 679/128/240
f 685/136/243 686/129/243 680/118/243
f 680/118/2 686/129/2 687/130/2
f 681/121/242 687/130/242 688/138/242
f 688/139/245 689/133/245 683/124/245
f 689/133/5 690/134/5 684/126/5
f 684/126/244 690/134/244 685/136/244
f 691/135/247 692/142/247 686/129/247
f 692/142/2 693/137/2 687/130/2
f 693/137/246 694/145/246 688/138/246
f 688/139/249 694/147/249 695/140/249
f 689/133/5 695/140/5 696/149/5
f 690/134/248 696/149/248 691/135/248
f 691/135/251 697/141/251 698/151/251
f 692/142/2 698/151/2 699/143/2
f 699/143/250 700/144/250 694/145/250
f 694/147/253 700/146/253 701/148/253
f 701/148/5 702/156/5 696/149/5
f 702/156/252 697/141/252 691/135/252
f 697/141/255 703/150/255 704/152/255
f 698/151/2 704/152/2 705/158/2
f 699/143/254 705/158/254 706/153/254
f 706/154/257 707/161/257 701/148/257
f 707/161/5 708/155/5 702/156/5
f 708/155/256 703/150/256 697/141/256
f 709/163/259 710/157/259 704/152/259
f 710/157/2 711/159/2 705/158/2
f 711/159/258 712/166/258 706/153/258
f 706/154/261 712/168/261 713/160/261
f 707/161/5 713/160/5 714/162/5
f 708/155/260 714/162/260 709/163/260
f 715/170/263 716/164/263 710/157/263
f 710/157/2 716/164/2 717/172/2
f 717/172/262 718/165/262 712/166/262
f 712/168/265 718/167/265 719/175/265
f 719/175/5 720/169/5 714/162/5
f 714/162/264 720/169/264 715/170/264
f 721/177/267 722/171/267 716/164/267
f 716/164/2 722/171/2 723/179/2
f 723/179/266 724/173/266 718/165/266
f 718/167/271 724/174/538 725/182/271
f 725/182/5 726/176/5 720/169/5
f 720/169/270 726/176/270 721/177/270
f 727/184/274 728/178/274 722/171/274
f 728/178/2 729/186/2 723/179/2
f 729/186/272 730/180/272 724/173/272
f 724/174/312 730/181/276 731/189/276
f 725/182/5 731/189/5 732/183/5
f 726/176/313 732/183/275 727/184/275
f 733/191/278 734/185/278 728/178/278
f 734/185/2 735/193/2 729/186/2
f 729/186/277 735/193/277 736/187/277
f 736/188/314 737/196/314 731/189/280
f 731/189/5 737/196/5 738/190/5
f 738/190/279 733/191/279 727/184/279
f 733/191/282 739/198/283 740/192/283
f 734/185/2 740/192/2 741/200/2
f 741/200/281 742/194/281 736/187/281
f 736/188/285 742/195/285 743/203/285
f 743/203/5 744/197/5 738/190/5
f 744/197/284 739/198/284 733/191/284
f 739/198/287 745/206/287 746/199/287
f 746/199/2 747/208/2 741/200/2
f 747/208/286 748/201/286 742/194/286
f 742/195/289 748/202/289 749/211/289
f 743/203/5 749/211/5 750/204/5
f 750/204/288 745/206/288 739/198/288
f 751/205/291 752/207/291 746/199/316
f 746/199/2 752/207/2 753/215/2
f 747/208/317 753/215/317 754/209/317
f 754/210/318 755/218/318 749/211/318
f 755/218/5 756/212/5 750/204/5
f 750/204/293 756/212/293 751/205/293
f 757/213/319 758/214/319 752/207/319
f 752/207/2 758/214/2 759/221/2
f 753/215/295 759/221/295 760/216/295
f 760/217/298 761/224/298 755/218/298
f 761/224/5 762/219/5 756/212/5
f 756/212/320 762/219/320 757/213/320
f 757/213/300 763/226/300 764/220/300
f 758/214/2 764/220/2 765/227/2
f 759/221/299 765/227/299 766/222/299
f 766/223/302 767/228/302 761/224/302
f 767/228/5 768/225/5 762/219/5
f 768/225/301 763/226/301 757/213/301
f 763/226/305 577/1/305 578/3/305
f 764/220/2 578/3/2 579/4/2
f 579/4/303 580/6/303 766/222/303
f 766/223/308 580/7/308 581/9/308
f 581/9/5 582/11/5 768/225/5
f 582/11/306 577/1/306 763/226/306
f 769/1/321 775/12/321 776/2/321
f 770/3/2 776/2/2 777/5/2
f 777/5/322 778/15/322 772/6/322
f 772/7/323 778/17/323 779/8/323
f 779/8/5 780/10/5 774/11/5
f 780/10/324 775/12/324 769/1/324
f 781/19/325 782/13/325 776/2/325
f 782/13/2 783/21/2 777/5/2
f 783/21/326 784/14/326 778/15/326
f 778/17/327 784/16/327 785/24/327
f 779/8/5 785/24/5 786/18/5
f 786/18/328 781/19/328 775/12/328
f 781/19/329 787/26/330 788/20/330
f 788/20/2 789/28/2 783/21/2
f 789/28/331 790/22/331 784/14/331
f 784/16/332 790/23/332 791/31/332
f 785/24/5 791/31/5 792/25/5
f 792/25/333 787/26/333 781/19/333
f 787/26/334 793/34/539 794/27/334
f 788/20/2 794/27/2 795/29/2
f 795/29/335 796/37/335 790/22/335
f 790/23/336 796/39/336 797/30/336
f 797/30/5 798/32/5 792/25/5
f 798/32/337 793/34/337 787/26/337
f 799/33/338 800/35/338 794/27/338
f 794/27/2 800/35/2 801/42/2
f 801/42/339 802/36/339 796/37/339
f 796/39/340 802/38/340 803/45/340
f 803/45/5 804/40/5 798/32/5
f 798/32/341 804/40/341 799/33/341
f 799/33/342 805/48/342 806/41/342
f 800/35/2 806/41/2 807/50/2
f 801/42/343 807/50/540 808/43/343
f 808/44/344 809/53/344 803/45/344
f 809/53/5 810/46/5 804/40/5
f 810/46/345 805/48/345 799/33/346
f 811/47/347 812/49/347 806/41/347
f 806/41/2 812/49/2 813/57/2
f 813/57/348 814/51/348 808/43/348
f 808/44/349 814/52/349 815/60/349
f 815/60/5 816/54/5 810/46/5
f 810/46/350 816/54/350 811/47/350
f 817/55/351 818/56/351 812/49/351
f 812/49/2 818/56/2 819/58/2
f 813/57/352 819/58/352 820/64/352
f 820/65/353 821/59/353 815/60/353
f 821/59/5 822/61/5 816/54/5
f 816/54/354 822/61/354 817/55/354
f 823/68/355 824/62/355 818/56/356
f 818/56/2 824/62/2 825/63/2
f 819/58/357 825/63/357 826/71/357
f 826/73/358 827/66/358 821/59/358
f 827/66/5 828/67/5 822/61/5
f 822/61/359 828/67/541 823/68/359
f 829/75/360 830/69/360 824/62/361
f 824/62/2 830/69/2 831/77/2
f 825/63/362 831/77/362 832/70/362
f 832/72/363 833/80/363 827/66/363
f 833/80/5 834/74/5 828/67/5
f 828/67/364 834/74/542 829/75/364
f 829/75/365 835/82/402 836/76/365
f 836/76/2 837/84/2 831/77/2
f 831/77/366 837/84/366 838/78/366
f 838/79/367 839/87/367 833/80/367
f 839/87/5 840/81/5 834/74/5
f 840/81/368 835/82/368 829/75/368
f 835/82/369 841/90/369 842/83/369
f 842/83/2 843/85/2 837/84/2
f 837/84/370 843/85/370 844/93/370
f 844/95/371 845/86/371 839/87/372
f 839/87/5 845/86/5 846/88/5
f 846/88/373 841/90/373 835/82/373
f 847/89/374 848/91/374 842/83/374
f 848/91/2 849/99/2 843/85/2
f 843/85/375 849/99/375 850/92/375
f 850/94/376 851/102/376 845/86/376
f 845/86/5 851/102/5 852/96/5
f 846/88/377 852/96/377 847/89/377
f 853/97/378 854/98/378 848/91/379
f 848/91/2 854/98/2 855/105/2
f 849/99/380 855/105/380 856/100/380
f 856/101/381 857/108/381 851/102/382
f 857/108/5 858/103/5 852/96/5
f 852/96/383 858/103/383 853/97/383
f 859/110/384 860/104/384 854/98/384
f 860/104/2 861/112/2 855/105/2
f 861/112/385 862/106/385 856/100/386
f 856/101/387 862/107/388 863/115/388
f 863/115/5 864/109/5 858/103/5
f 864/109/389 859/110/389 853/97/389
f 859/110/390 865/231/390 866/111/390
f 866/111/2 867/113/2 861/112/2
f 861/112/391 867/113/391 868/229/391
f 868/230/392 869/114/392 863/115/392
f 863/115/5 869/114/5 870/116/5
f 870/116/393 865/231/393 859/110/393
f 865/117/322 871/128/322 872/118/322
f 872/118/2 873/121/2 867/120/2
f 867/120/321 873/121/321 874/131/321
f 874/132/324 875/124/324 869/125/324
f 869/125/5 875/124/5 876/126/5
f 876/126/323 871/128/323 865/117/323
f 877/136/326 878/129/326 872/118/326
f 872/118/2 878/129/2 879/130/2
f 873/121/325 879/130/325 880/138/325
f 880/139/328 881/133/328 875/124/328
f 881/133/5 882/134/5 876/126/5
f 882/134/327 877/136/327 871/128/327
f 883/135/331 884/142/331 878/129/331
f 878/129/2 884/142/2 885/137/2
f 879/130/330 885/137/329 886/145/329
f 886/147/333 887/140/333 881/133/333
f 887/140/5 888/149/5 882/134/5
f 882/134/332 888/149/332 883/135/332
f 883/135/335 889/141/335 890/151/335
f 890/151/2 891/143/2 885/137/2
f 885/137/334 891/143/334 892/144/334
f 892/146/337 893/148/337 887/140/337
f 887/140/5 893/148/5 894/156/5
f 894/156/336 889/141/336 883/135/336
f 895/150/396 896/152/396 890/151/396
f 890/151/2 896/152/2 897/158/2
f 897/158/338 898/153/338 892/144/338
f 892/146/341 898/154/341 899/161/341
f 899/161/5 900/155/5 894/156/5
f 894/156/397 900/155/397 895/150/397
f 901/163/343 902/157/343 896/152/343
f 896/152/2 902/157/2 903/159/2
f 903/159/398 904/166/342 898/153/398
f 898/154/345 904/168/345 905/160/345
f 905/160/5 906/162/5 900/155/5
f 900/155/344 906/162/344 901/163/344
f 901/163/348 907/170/348 908/164/348
f 908/164/2 909/172/2 903/159/2
f 909/172/347 910/165/347 904/166/347
f 904/168/350 910/167/350 911/175/350
f 911/175/5 912/169/5 906/162/5
f 912/169/349 907/170/349 901/163/349
f 907/170/352 913/177/352 914/171/352
f 914/171/2 915/179/2 909/172/2
f 909/172/351 915/179/351 916/173/351
f 916/174/354 917/182/354 911/175/354
f 911/175/5 917/182/5 918/176/5
f 918/176/353 913/177/353 907/170/353
f 913/177/357 919/184/399 920/178/399
f 920/178/2 921/186/2 915/179/2
f 915/179/356 921/186/356 922/180/356
f 922/181/359 923/189/359 917/182/359
f 917/182/5 923/189/5 924/183/5
f 924/183/358 919/184/543 913/177/358
f 925/191/362 926/185/362 920/178/400
f 920/178/2 926/185/2 927/193/2
f 927/193/361 928/187/361 922/180/361
f 922/181/364 928/188/364 929/196/364
f 929/196/5 930/190/5 924/183/5
f 924/183/401 930/190/363 925/191/401
f 931/198/366 932/192/366 926/185/366
f 926/185/2 932/192/2 933/200/2
f 927/193/402 933/200/402 934/194/402
f 934/195/368 935/203/544 929/196/368
f 935/203/5 936/197/5 930/190/5
f 930/190/367 936/197/367 931/198/367
f 931/198/370 937/206/370 938/199/370
f 938/199/2 939/208/2 933/200/2
f 933/200/369 939/208/369 940/201/369
f 940/202/373 941/211/373 935/203/373
f 935/203/5 941/211/5 942/204/5
f 942/204/371 937/206/371 931/198/371
f 943/205/375 944/207/375 938/199/375
f 944/207/2 945/215/2 939/208/2
f 939/208/374 945/215/374 946/209/374
f 946/210/377 947/218/377 941/211/377
f 941/211/5 947/218/5 948/212/5
f 942/204/376 948/212/376 943/205/376
f 949/213/380 950/214/380 944/207/403
f 944/207/2 950/214/2 951/221/2
f 945/215/379 951/221/378 952/216/378
f 952/217/383 953/224/383 947/218/383
f 953/224/5 954/219/5 948/212/5
f 948/212/382 954/219/381 949/213/381
f 955/226/404 956/220/404 950/214/404
f 950/214/2 956/220/2 957/227/2
f 957/227/384 958/222/384 952/216/384
f 952/217/389 958/223/389 959/228/389
f 959/228/5 960/225/5 954/219/5
f 954/219/388 960/225/388 955/226/388
f 769/1/391 770/3/391 956/220/391
f 956/220/2 770/3/2 771/4/2
f 771/4/390 772/6/390 958/222/390
f 958/223/393 772/7/393 773/9/393
f 773/9/5 774/11/5 960/225/5
f 960/225/392 774/11/392 769/1/392
f 967/12/405 968/2/405 962/3/405
f 962/3/2 968/2/2 969/5/2
f 963/4/406 969/5/406 970/15/406
f 970/17/407 971/8/407 965/9/407
f 971/8/5 972/10/5 966/11/5
f 966/11/408 972/10/408 967/12/408
f 967/12/409 973/19/409 974/13/409
f 968/2/2 974/13/2 975/21/2
f 975/21/410 976/14/410 970/15/410
f 970/17/411 976/16/411 977/24/411
f 977/24/5 978/18/5 972/10/5
f 978/18/412 973/19/412 967/12/412
f 973/19/414 979/26/414 980/20/414
f 980/20/2 981/28/2 975/21/2
f 981/28/415 982/22/415 976/14/415
f 976/16/416 982/23/416 983/31/416
f 977/24/5 983/31/5 984/25/5
f 984/25/417 979/26/417 973/19/417
f 979/26/418 985/34/418 986/27/418
f 986/27/2 987/29/2 981/28/2
f 987/29/419 988/37/419 982/22/419
f 982/23/420 988/39/420 989/30/420
f 983/31/5 989/30/5 990/32/5
f 990/32/421 985/34/421 979/26/421
f 991/33/422 992/35/545 986/27/422
f 986/27/2 992/35/2 993/42/2
f 993/42/423 994/36/423 988/37/423
f 988/39/424 994/38/424 995/45/424
f 995/45/5 996/40/5 990/32/5
f 990/32/425 996/40/426 991/33/426
f 997/48/427 998/41/427 992/35/427
f 998/41/2 999/50/2 993/42/2
f 993/42/428 999/50/428 1000/43/428
f 1000/44/429 1001/53/429 995/45/429
f 995/45/5 1001/53/5 1002/46/5
f 996/40/430 1002/46/430 997/48/430
f 997/48/431 1003/47/431 1004/49/431
f 1004/49/2 1005/57/2 999/50/2
f 999/50/432 1005/57/432 1006/51/432
f 1006/52/433 1007/60/433 1001/53/433
f 1001/53/5 1007/60/5 1008/54/5
f 1008/54/434 1003/47/434 997/48/434
f 1003/47/435 1009/55/435 1010/56/435
f 1010/56/2 1011/58/2 1005/57/2
f 1011/58/436 1012/64/436 1006/51/436
f 1006/52/437 1012/65/437 1013/59/437
f 1007/60/5 1013/59/5 1014/61/5
f 1014/61/438 1009/55/438 1003/47/438
f 1009/55/439 1015/68/439 1016/62/439
f 1016/62/2 1017/63/2 1011/58/2
f 1017/63/440 1018/71/440 1012/64/440
f 1012/65/442 1018/73/442 1019/66/442
f 1013/59/5 1019/66/5 1020/67/5
f 1020/67/443 1015/68/443 1009/55/443
f 1015/68/444 1021/75/444 1022/69/444
f 1016/62/2 1022/69/2 1023/77/2
f 1023/77/445 1024/70/445 1018/71/445
f 1018/73/446 1024/72/446 1025/80/446
f 1025/80/5 1026/74/5 1020/67/5
f 1026/74/448 1021/75/448 1015/68/448
f 1021/75/449 1027/82/449 1028/76/449
f 1028/76/2 1029/84/2 1023/77/2
f 1023/77/450 1029/84/450 1030/78/450
f 1030/79/451 1031/87/451 1025/80/451
f 1025/80/5 1031/87/5 1032/81/5
f 1032/81/452 1027/82/452 1021/75/452
f 1027/82/453 1033/90/453 1034/83/453
f 1034/83/2 1035/85/2 1029/84/2
f 1029/84/454 1035/85/454 1036/93/454
f 1036/95/455 1037/86/455 1031/87/455
f 1031/87/5 1037/86/5 1038/88/5
f 1038/88/456 1033/90/456 1027/82/456
f 1039/89/457 1040/91/546 1034/83/457
f 1034/83/2 1040/91/2 1041/99/2
f 1041/99/458 1042/92/458 1036/93/458
f 1036/95/459 1042/94/459 1043/102/459
f 1043/102/5 1044/96/5 1038/88/5
f 1038/88/460 1044/96/461 1039/89/461
f 1045/97/462 1046/98/462 1040/91/462
f 1040/91/2 1046/98/2 1047/105/2
f 1047/105/464 1048/100/464 1042/92/464
f 1042/94/466 1048/101/466 1049/108/466
f 1049/108/5 1050/103/5 1044/96/5
f 1044/96/467 1050/103/478 1045/97/467
f 1045/97/468 1051/110/468 1052/104/468
f 1046/98/2 1052/104/2 1053/112/2
f 1047/105/469 1053/112/469 1054/106/469
f 1054/107/470 1055/115/470 1049/108/470
f 1055/115/5 1056/109/5 1050/103/5
f 1056/109/471 1051/110/471 1045/97/471
f 1057/231/472 1058/111/472 1052/104/472
f 1052/104/2 1058/111/2 1059/113/2
f 1053/112/473 1059/113/473 1060/229/473
f 1060/230/474 1061/114/474 1055/115/474
f 1061/114/5 1062/116/5 1056/109/5
f 1056/109/475 1062/116/475 1057/231/475
f 1063/128/406 1064/118/406 1058/119/406
f 1064/118/2 1065/121/2 1059/120/2
f 1059/120/405 1065/121/405 1066/131/405
f 1066/132/408 1067/124/408 1061/125/408
f 1061/125/5 1067/124/5 1068/126/5
f 1062/127/407 1068/126/407 1063/128/407
f 1069/136/410 1070/129/410 1064/118/410
f 1070/129/2 1071/130/2 1065/121/2
f 1065/121/409 1071/130/409 1072/138/409
f 1072/139/412 1073/133/412 1067/124/412
f 1067/124/5 1073/133/5 1074/134/5
f 1068/126/411 1074/134/411 1069/136/411
f 1075/135/415 1076/142/415 1070/129/415
f 1076/142/2 1077/137/2 1071/130/2
f 1071/130/414 1077/137/414 1078/145/414
f 1078/147/417 1079/140/417 1073/133/417
f 1073/133/5 1079/140/5 1080/149/5
f 1074/134/416 1080/149/416 1075/135/416
f 1081/141/419 1082/151/419 1076/142/419
f 1082/151/2 1083/143/2 1077/137/2
f 1077/137/418 1083/143/418 1084/144/418
f 1078/147/421 1084/146/421 1085/148/421
f 1085/148/5 1086/156/5 1080/149/5
f 1080/149/420 1086/156/420 1081/141/420
f 1087/150/423 1088/152/423 1082/151/423
f 1088/152/2 1089/158/2 1083/143/2
f 1083/143/422 1089/158/422 1090/153/422
f 1084/146/425 1090/154/425 1091/161/425
f 1091/161/5 1092/155/5 1086/156/5
f 1086/156/424 1092/155/424 1087/150/424
f 1093/163/428 1094/157/428 1088/152/428
f 1088/152/2 1094/157/2 1095/159/2
f 1095/159/427 1096/166/427 1090/153/427
f 1090/154/430 1096/168/430 1097/160/430
f 1097/160/5 1098/162/5 1092/155/5
f 1092/155/429 1098/162/429 1093/163/429
f 1099/170/432 1100/164/432 1094/157/432
f 1094/157/2 1100/164/2 1101/172/2
f 1095/159/431 1101/172/431 1102/165/431
f 1102/167/434 1103/175/434 1097/160/434
f 1103/175/5 1104/169/5 1098/162/5
f 1098/162/433 1104/169/433 1099/170/433
f 1099/170/436 1105/177/436 1106/171/436
f 1100/164/2 1106/171/2 1107/179/2
f 1101/172/435 1107/179/435 1108/173/435
f 1108/174/438 1109/182/438 1103/175/438
f 1109/182/5 1110/176/5 1104/169/5
f 1110/176/437 1105/177/437 1099/170/437
f 1105/177/440 1111/184/441 1112/178/441
f 1112/178/2 1113/186/2 1107/179/2
f 1107/179/439 1113/186/439 1114/180/439
f 1114/181/443 1115/189/443 1109/182/443
f 1109/182/5 1115/189/5 1116/183/5
f 1116/183/476 1111/184/476 1105/177/442
f 1117/191/445 1118/185/445 1112/178/445
f 1118/185/2 1119/193/2 1113/186/2
f 1113/186/444 1119/193/444 1120/187/444
f 1120/188/448 1121/196/448 1115/189/448
f 1115/189/5 1121/196/5 1122/190/5
f 1116/183/446 1122/190/446 1117/191/446
f 1123/198/450 1124/192/450 1118/185/450
f 1118/185/2 1124/192/2 1125/200/2
f 1119/193/449 1125/200/449 1126/194/449
f 1126/195/452 1127/203/452 1121/196/452
f 1127/203/5 1128/197/5 1122/190/5
f 1122/190/451 1128/197/451 1123/198/451
f 1129/206/454 1130/199/454 1124/192/454
f 1124/192/2 1130/199/2 1131/208/2
f 1125/200/453 1131/208/453 1132/201/453
f 1132/202/456 1133/211/456 1127/203/456
f 1133/211/5 1134/204/5 1128/197/5
f 1128/197/455 1134/204/455 1129/206/455
f 1135/205/458 1136/207/458 1130/199/458
f 1130/199/2 1136/207/2 1137/215/2
f 1137/215/457 1138/209/457 1132/201/457
f 1132/202/460 1138/210/460 1139/218/460
f 1139/218/5 1140/212/5 1134/204/5
f 1134/204/459 1140/212/459 1135/205/459
f 1141/213/464 1142/214/464 1136/207/464
f 1136/207/2 1142/214/2 1143/221/2
f 1143/221/477 1144/216/547 1138/209/477
f 1138/210/478 1144/217/548 1145/224/479
f 1145/224/5 1146/219/5 1140/212/5
f 1140/212/466 1146/219/466 1141/213/466
f 1147/226/469 1148/220/469 1142/214/469
f 1142/214/2 1148/220/2 1149/227/2
f 1149/227/468 1150/222/468 1144/216/468
f 1144/217/471 1150/223/471 1151/228/471
f 1151/228/5 1152/225/5 1146/219/5
f 1146/219/470 1152/225/470 1147/226/470
f 1147/226/473 961/1/473 962/3/473
f 1148/220/2 962/3/2 963/4/2
f 1149/227/472 963/4/472 964/6/472
f 964/7/475 965/9/475 1151/228/475
f 965/9/5 966/11/5 1152/225/5
f 966/11/474 961/1/474 1147/226/474
usemtl Material.024
f 1153/202/480 1154/39/480 1155/232/480
f 1155/34/481 1157/233/481 1156/234/481
f 1153/235/482 1160/234/482 1158/235/482
f 1155/206/483 1156/234/483 1153/235/483
f 1155/90/484 1154/236/484 1157/233/484
f 1159/236/485 1165/233/485 1161/233/485
f 1154/39/486 1158/202/486 1159/39/486
f 1157/233/487 1159/236/487 1161/233/487
f 1156/234/488 1161/233/488 1160/234/488
f 1165/233/2 1162/201/2 1164/234/2
f 1161/233/489 1164/234/489 1160/234/489
f 1158/235/490 1164/234/490 1162/235/490
f 1159/39/491 1162/202/491 1163/39/491
f 1153/235/482 1156/234/482 1160/234/482
f 1159/236/485 1163/236/485 1165/233/485
f 1154/39/486 1153/202/486 1158/202/486
f 1157/233/487 1154/236/487 1159/236/487
f 1156/234/488 1157/233/488 1161/233/488
f 1165/233/2 1163/37/2 1162/201/2
f 1161/233/489 1165/233/489 1164/234/489
f 1158/235/490 1160/234/490 1164/234/490
f 1159/39/491 1158/202/491 1162/202/491
usemtl マテリアル.001
f 1166/202/492 1167/39/492 1168/232/492
f 1168/34/493 1170/233/493 1169/234/493
f 1170/233/494 1166/201/494 1169/234/494
f 1168/206/495 1169/234/495 1166/235/495
f 1168/90/496 1167/236/496 1170/233/496
f 1171/202/497 1172/39/497 1173/232/497
f 1173/34/498 1175/233/498 1174/234/498
f 1175/233/499 1171/201/499 1174/234/499
f 1173/206/500 1174/234/500 1171/235/500
f 1173/90/501 1172/236/501 1175/233/501
f 1176/202/502 1177/39/502 1178/232/502
f 1178/34/503 1180/233/503 1179/234/503
f 1180/233/504 1176/201/504 1179/234/504
f 1178/206/505 1179/234/505 1176/235/505
f 1178/90/506 1177/236/506 1180/233/506
f 1181/202/507 1182/39/507 1183/232/507
f 1183/34/508 1185/233/508 1184/234/508
f 1185/233/509 1181/201/509 1184/234/509
f 1183/206/510 1184/234/510 1181/235/510
f 1183/90/511 1182/236/511 1185/233/511
f 1186/202/512 1187/39/512 1188/232/512
f 1188/34/513 1190/233/513 1189/234/513
f 1190/233/514 1186/201/514 1189/234/514
f 1188/206/515 1189/234/515 1186/235/515
f 1188/90/516 1187/236/516 1190/233/516
f 1191/202/517 1192/39/517 1193/232/517
f 1193/34/518 1195/233/518 1194/234/518
f 1195/233/519 1191/201/519 1194/234/519
f 1193/206/520 1194/234/520 1191/235/520
f 1193/90/521 1192/236/521 1195/233/521
f 1196/202/522 1197/39/522 1198/232/522
f 1198/34/523 1200/233/523 1199/234/523
f 1200/233/524 1196/201/524 1199/234/524
f 1198/206/525 1199/234/525 1196/235/525
f 1198/90/526 1197/236/526 1200/233/526
f 1201/202/527 1202/39/527 1203/232/527
f 1203/34/528 1205/233/528 1204/234/528
f 1205/233/529 1201/201/529 1204/234/529
f 1203/206/530 1204/234/530 1201/235/530
f 1203/90/531 1202/236/531 1205/233/531
f 1170/233/494 1167/37/494 1166/201/494
f 1175/233/499 1172/37/499 1171/201/499
f 1180/233/504 1177/37/504 1176/201/504
f 1185/233/509 1182/37/509 1181/201/509
f 1190/233/514 1187/37/514 1186/201/514
f 1195/233/519 1192/37/519 1191/201/519
f 1200/233/524 1197/37/524 1196/201/524
f 1205/233/529 1202/37/529 1201/201/529
o Text.002
v 7.673841 0.050000 0.304534
v 7.278580 0.050000 0.290734
v 7.281569 0.050000 0.236456
v 7.676832 0.050000 0.251176
v 7.581754 0.050000 0.463687
v 7.218184 0.050000 0.463687
v 7.220576 0.050000 0.409409
v 7.716299 0.050000 0.409409
v 7.694173 0.050000 0.777395
v 7.255259 0.050000 0.777395
v 7.258248 0.050000 0.723117
v 7.566207 0.050000 0.723117
v 6.849234 0.050000 0.333053
v 6.620209 0.050000 0.333053
v 6.623199 0.050000 0.278775
v 6.852222 0.050000 0.278775
v 6.854615 0.050000 0.236456
v 6.976603 0.050000 0.236456
v 6.974211 0.050000 0.278775
v 7.108755 0.050000 0.278775
v 7.105766 0.050000 0.333053
v 6.971220 0.050000 0.333053
v 6.966437 0.050000 0.415849
v 7.100384 0.050000 0.415849
v 7.097394 0.050000 0.470127
v 6.963447 0.050000 0.470127
v 6.957467 0.050000 0.572243
v 7.098590 0.050000 0.572243
v 7.095600 0.050000 0.625601
v 6.954477 0.050000 0.625601
v 6.946106 0.050000 0.777395
v 6.610641 0.050000 0.777395
v 6.622601 0.050000 0.572243
v 6.835480 0.050000 0.572243
v 6.841460 0.050000 0.470127
v 6.611837 0.050000 0.470127
v 6.614827 0.050000 0.415849
v 6.844449 0.050000 0.415849
v 6.735619 0.050000 0.723117
v 6.827108 0.050000 0.723117
v 6.832491 0.050000 0.625601
v 6.741597 0.050000 0.625601
v 6.445600 0.050000 0.777395
v 6.012067 0.050000 0.777395
v 6.042564 0.050000 0.236456
v 6.174120 0.050000 0.236456
v 6.146612 0.050000 0.723117
v 6.448590 0.050000 0.723117
v 5.662850 0.050000 0.326613
v 5.379409 0.050000 0.326613
v 5.382400 0.050000 0.273255
v 5.900247 0.050000 0.273255
v 5.897256 0.050000 0.326613
v 5.817726 0.050000 0.326613
v 5.569566 0.050000 0.704718
v 5.846429 0.050000 0.724037
v 5.843439 0.050000 0.777395
v 5.416483 0.050000 0.748876
v 5.419474 0.050000 0.694598
v 5.206595 0.050000 0.777395
v 4.866945 0.050000 0.777395
v 4.869934 0.050000 0.724037
v 5.087598 0.050000 0.724037
v 5.104939 0.050000 0.425049
v 4.812529 0.050000 0.425049
v 4.816116 0.050000 0.371691
v 5.229916 0.050000 0.371691
v 4.338334 0.050000 0.777395
v 4.247441 0.050000 0.777395
v 4.289299 0.050000 0.247496
v 4.331756 0.050000 0.247496
v 4.380192 0.050000 0.247496
v 4.535666 0.050000 0.247496
v 4.534470 0.050000 0.225417
v 4.630146 0.050000 0.225417
v 4.631342 0.050000 0.247496
v 4.654065 0.050000 0.247496
v 4.655261 0.050000 0.225417
v 4.687551 0.050000 0.225417
v 4.686356 0.050000 0.247496
v 4.683366 0.050000 0.302694
v 4.651075 0.050000 0.302694
v 4.633734 0.050000 0.302694
v 4.643899 0.050000 0.510605
v 4.673799 0.050000 0.471967
v 4.667818 0.050000 0.571323
v 4.648086 0.050000 0.597082
v 4.656457 0.050000 0.777395
v 4.560781 0.050000 0.777395
v 4.557791 0.050000 0.712077
v 4.506963 0.050000 0.777395
v 4.509355 0.050000 0.741516
v 4.492014 0.050000 0.741516
v 4.448361 0.050000 0.741516
v 4.429226 0.050000 0.741516
v 4.377202 0.050000 0.741516
v 4.362253 0.050000 0.741516
v 4.379594 0.050000 0.438848
v 4.391554 0.050000 0.438848
v 4.446567 0.050000 0.438848
v 4.465702 0.050000 0.438848
v 4.506365 0.050000 0.438848
v 4.530284 0.050000 0.438848
v 4.517128 0.050000 0.673439
v 4.553605 0.050000 0.625601
v 4.538057 0.050000 0.302694
v 4.376006 0.050000 0.302694
v 4.265381 0.050000 0.295334
v 4.147579 0.050000 0.280615
v 4.150569 0.050000 0.225417
v 4.268371 0.050000 0.240136
v 4.257607 0.050000 0.432409
v 4.139806 0.050000 0.417689
v 4.142796 0.050000 0.362491
v 4.260597 0.050000 0.377211
v 4.213955 0.050000 0.777395
v 4.118279 0.050000 0.777395
v 4.158342 0.050000 0.512445
v 4.254019 0.050000 0.512445
v 4.531480 0.050000 0.405730
v 4.380192 0.050000 0.405730
v 4.383182 0.050000 0.350532
v 4.534470 0.050000 0.350532
v 4.443577 0.050000 0.494046
v 4.432216 0.050000 0.686318
v 4.451351 0.050000 0.686318
v 4.462712 0.050000 0.494046
v 3.618370 0.050000 0.357892
v 3.537045 0.050000 0.357892
v 3.540035 0.050000 0.303614
v 3.629732 0.050000 0.303614
v 3.643485 0.050000 0.235536
v 3.765472 0.050000 0.235536
v 3.751719 0.050000 0.303614
v 3.943669 0.050000 0.303614
v 3.917358 0.050000 0.777395
v 3.795371 0.050000 0.777395
v 3.818692 0.050000 0.357892
v 3.740357 0.050000 0.357892
v 3.654847 0.050000 0.777395
v 3.532860 0.050000 0.777395
v 4.043531 0.050000 0.709317
v 3.967588 0.050000 0.709317
v 3.966393 0.050000 0.326613
v 3.993301 0.050000 0.326613
v 3.998683 0.050000 0.236456
v 4.024396 0.050000 0.236456
v 4.019612 0.050000 0.326613
v 4.038149 0.050000 0.326613
v 4.043531 0.050000 0.236456
v 4.069244 0.050000 0.236456
v 4.063862 0.050000 0.326613
v 4.041738 0.050000 0.326613
v 3.432998 0.050000 0.571323
v 2.918738 0.050000 0.571323
v 2.921728 0.050000 0.516125
v 3.435987 0.050000 0.516125
v 2.849971 0.050000 0.225417
v 2.844589 0.050000 0.317413
v 2.835022 0.050000 0.317413
v 2.833227 0.050000 0.350532
v 2.636494 0.050000 0.350532
v 2.632308 0.050000 0.530845
v 2.826650 0.050000 0.530845
v 2.823660 0.050000 0.586042
v 2.631112 0.050000 0.586042
v 2.626925 0.050000 0.777395
v 2.493577 0.050000 0.777395
v 2.497764 0.050000 0.586042
v 2.304617 0.050000 0.586042
v 2.307607 0.050000 0.530845
v 2.498959 0.050000 0.530845
v 2.502547 0.050000 0.350532
v 2.314184 0.050000 0.350532
v 2.317174 0.050000 0.295334
v 2.503743 0.050000 0.295334
v 2.505537 0.050000 0.225417
v 2.639483 0.050000 0.225417
v 2.637690 0.050000 0.295334
v 2.753696 0.050000 0.295334
v 2.752501 0.050000 0.317413
v 2.772832 0.050000 0.317413
v 2.778214 0.050000 0.225417
v 2.804525 0.050000 0.225417
v 2.799143 0.050000 0.317413
v 2.818278 0.050000 0.317413
v 2.823660 0.050000 0.225417
v 1.802915 0.050000 0.777395
v 1.678535 0.050000 0.777395
v 1.738333 0.050000 0.287974
v 1.862712 0.050000 0.287974
v 2.207745 0.050000 0.777395
v 1.920118 0.050000 0.777395
v 1.951213 0.050000 0.225417
v 2.085159 0.050000 0.225417
v 2.056457 0.050000 0.722197
v 2.210734 0.050000 0.722197
v 1.375362 0.050000 0.332133
v 1.111056 0.050000 0.332133
v 1.114046 0.050000 0.276935
v 1.287459 0.050000 0.276935
v 1.289851 0.050000 0.225417
v 1.423798 0.050000 0.225417
v 1.421406 0.050000 0.276935
v 1.430974 0.050000 0.276935
v 1.432169 0.050000 0.276015
v 1.594819 0.050000 0.276015
v 1.593623 0.050000 0.276935
v 1.594819 0.050000 0.276935
v 1.582262 0.050000 0.287974
v 1.436954 0.050000 0.432409
v 1.603190 0.050000 0.639400
v 1.469842 0.050000 0.639400
v 1.413632 0.050000 0.565803
v 1.401673 0.050000 0.777395
v 1.268324 0.050000 0.777395
v 1.279088 0.050000 0.587882
v 1.227064 0.050000 0.639400
v 1.065012 0.050000 0.639400
v 0.673337 0.050000 0.306374
v 0.510688 0.050000 0.306374
v 0.513678 0.050000 0.251176
v 0.975316 0.050000 0.251176
v 0.972326 0.050000 0.306374
v 0.807284 0.050000 0.306374
v 0.783365 0.050000 0.722197
v 0.972924 0.050000 0.722197
v 0.969934 0.050000 0.777395
v 0.456273 0.050000 0.777395
v 0.459262 0.050000 0.722197
v 0.650017 0.050000 0.722197
v 0.343255 0.050000 0.777395
v -0.134528 0.050000 0.777395
v -0.118382 0.050000 0.495886
v -0.114197 0.050000 0.495886
v -0.003571 0.050000 0.467367
v -0.065761 0.050000 0.236456
v 0.065794 0.050000 0.236456
v 0.119014 0.050000 0.436088
v 0.362988 0.050000 0.373531
v 0.359998 0.050000 0.427809
v 0.011378 0.050000 0.517045
v 0.000017 0.050000 0.723117
v 0.346245 0.050000 0.723117
v -0.433516 0.050000 0.305454
v -0.681675 0.050000 0.305454
v -0.678686 0.050000 0.251176
v -0.283423 0.050000 0.251176
v -0.346809 0.050000 0.438848
v -0.247545 0.050000 0.438848
v -0.267278 0.050000 0.777395
v -0.727122 0.050000 0.777395
v -0.715761 0.050000 0.572243
v -0.461620 0.050000 0.572243
v -0.469993 0.050000 0.723117
v -0.395245 0.050000 0.723117
v -0.382090 0.050000 0.492206
v -0.739679 0.050000 0.492206
v -0.736690 0.050000 0.438848
v -0.478364 0.050000 0.438848
v -0.625466 0.050000 0.626521
v -0.558493 0.050000 0.626521
v -0.563875 0.050000 0.723117
v -0.630250 0.050000 0.723117
v -1.059597 0.050000 0.331213
v -1.349017 0.050000 0.331213
v -1.346027 0.050000 0.276935
v -1.056009 0.050000 0.276935
v -1.053617 0.050000 0.234616
v -0.932228 0.050000 0.234616
v -0.934620 0.050000 0.276935
v -0.842531 0.050000 0.276935
v -0.845521 0.050000 0.331213
v -0.937610 0.050000 0.331213
v -0.955549 0.050000 0.640320
v -0.974086 0.050000 0.777395
v -1.096073 0.050000 0.777395
v -1.077536 0.050000 0.640320
v -1.323304 0.050000 0.640320
v -1.311345 0.050000 0.420449
v -1.064381 0.050000 0.420449
v -1.074546 0.050000 0.586042
v -1.067968 0.050000 0.474727
v -1.192348 0.050000 0.474727
v -1.198327 0.050000 0.586042
v -1.880618 0.050000 0.387330
v -1.975098 0.050000 0.387330
v -1.967922 0.050000 0.262215
v -1.867463 0.050000 0.262215
v -1.761023 0.050000 0.262215
v -1.758631 0.050000 0.225417
v -1.648603 0.050000 0.225417
v -1.650995 0.050000 0.262215
v -1.546947 0.050000 0.262215
v -1.448281 0.050000 0.262215
v -1.446487 0.050000 0.262215
v -1.453663 0.050000 0.387330
v -1.554123 0.050000 0.387330
v -1.549937 0.050000 0.317413
v -1.579238 0.050000 0.317413
v -1.585218 0.050000 0.427809
v -1.458447 0.050000 0.427809
v -1.461437 0.050000 0.483007
v -1.588207 0.050000 0.483007
v -1.688667 0.050000 0.483007
v -1.703019 0.050000 0.483007
v -1.694049 0.050000 0.317413
v -1.870452 0.050000 0.317413
v -1.874040 0.050000 0.379051
v -1.843544 0.050000 0.339492
v -1.719164 0.050000 0.339492
v -1.846533 0.050000 0.505086
v -1.970912 0.050000 0.505086
v -1.842945 0.050000 0.597082
v -1.994233 0.050000 0.597082
v -1.991243 0.050000 0.541884
v -1.789725 0.050000 0.541884
v -1.787333 0.050000 0.498646
v -1.653387 0.050000 0.498646
v -1.655779 0.050000 0.541884
v -1.454859 0.050000 0.541884
v -1.457849 0.050000 0.597082
v -1.607941 0.050000 0.597082
v -1.466818 0.050000 0.777395
v -1.610333 0.050000 0.777395
v -1.727536 0.050000 0.628361
v -1.861483 0.050000 0.777395
v -2.004997 0.050000 0.777395
v -2.585034 0.050000 0.597082
v -2.607159 0.050000 0.597082
v -2.551547 0.050000 0.390090
v -2.455871 0.050000 0.390090
v -2.483378 0.050000 0.493126
v -2.499523 0.050000 0.777395
v -2.595199 0.050000 0.777395
v -2.488760 0.050000 0.363411
v -2.594004 0.050000 0.363411
v -2.557527 0.050000 0.225417
v -2.452283 0.050000 0.225417
v -2.185586 0.050000 0.446208
v -2.208907 0.050000 0.446208
v -2.205917 0.050000 0.391010
v -2.182596 0.050000 0.391010
v -2.077352 0.050000 0.391010
v -2.057619 0.050000 0.391010
v -2.060609 0.050000 0.446208
v -2.080342 0.050000 0.446208
v -2.099477 0.050000 0.777395
v -2.204721 0.050000 0.777395
v -2.055227 0.050000 0.291654
v -2.198741 0.050000 0.291654
v -2.195751 0.050000 0.236456
v -2.052237 0.050000 0.236456
v -2.370959 0.050000 0.366171
v -2.442118 0.050000 0.366171
v -2.439128 0.050000 0.310973
v -2.367968 0.050000 0.310973
v -2.366773 0.050000 0.286134
v -2.438530 0.050000 0.288894
v -2.435540 0.050000 0.233697
v -2.214288 0.050000 0.226337
v -2.217278 0.050000 0.281535
v -2.285448 0.050000 0.283375
v -2.286644 0.050000 0.310973
v -2.214887 0.050000 0.310973
v -2.218474 0.050000 0.366171
v -2.289634 0.050000 0.366171
v -2.291427 0.050000 0.388250
v -2.276478 0.050000 0.388250
v -2.248373 0.050000 0.388250
v -2.219073 0.050000 0.388250
v -2.231032 0.050000 0.609041
v -2.252559 0.050000 0.609041
v -2.288438 0.050000 0.609041
v -2.303387 0.050000 0.609041
v -2.304583 0.050000 0.634800
v -2.234022 0.050000 0.634800
v -2.237610 0.050000 0.689998
v -2.307573 0.050000 0.689998
v -2.309367 0.050000 0.720357
v -2.238806 0.050000 0.719437
v -2.242394 0.050000 0.774635
v -2.466037 0.050000 0.778315
v -2.463047 0.050000 0.723117
v -2.390692 0.050000 0.722197
v -2.388898 0.050000 0.689998
v -2.456469 0.050000 0.689998
v -2.453479 0.050000 0.634800
v -2.385908 0.050000 0.634800
v -2.384712 0.050000 0.609041
v -2.398465 0.050000 0.609041
v -2.410425 0.050000 0.609041
v -2.455871 0.050000 0.609041
v -2.443912 0.050000 0.388250
v -2.398465 0.050000 0.388250
v -2.386506 0.050000 0.388250
v -2.372752 0.050000 0.388250
v -2.285448 0.050000 0.553844
v -2.283654 0.050000 0.524405
v -2.298603 0.050000 0.524405
v -2.300397 0.050000 0.553844
v -2.280664 0.050000 0.469207
v -2.279468 0.050000 0.443448
v -2.294417 0.050000 0.443448
v -2.295613 0.050000 0.469207
v -2.375742 0.050000 0.443448
v -2.389496 0.050000 0.443448
v -2.390692 0.050000 0.469207
v -2.376938 0.050000 0.469207
v -2.395475 0.050000 0.553844
v -2.381722 0.050000 0.553844
v -2.379928 0.050000 0.524405
v -2.393681 0.050000 0.524405
v -3.071786 0.050000 0.777395
v -3.202743 0.050000 0.777395
v -3.172844 0.050000 0.251176
v -3.041289 0.050000 0.251176
v -2.713001 0.050000 0.777395
v -2.998833 0.050000 0.734156
v -2.995843 0.050000 0.666079
v -2.709413 0.050000 0.709317
v -2.706423 0.050000 0.341332
v -2.968934 0.050000 0.341332
v -2.966542 0.050000 0.287054
v -2.704031 0.050000 0.287054
v -3.670360 0.050000 0.777395
v -3.803709 0.050000 0.777395
v -3.772614 0.050000 0.225417
v -3.638668 0.050000 0.225417
v -3.651225 0.050000 0.446208
v -3.313967 0.050000 0.446208
v -3.316957 0.050000 0.501406
v -3.654215 0.050000 0.501406
v -4.292255 0.050000 0.571323
v -4.401685 0.050000 0.571323
v -4.400489 0.050000 0.361571
v -4.290462 0.050000 0.361571
v -3.997453 0.050000 0.777395
v -4.126616 0.050000 0.777395
v -4.036322 0.050000 0.361571
v -3.907159 0.050000 0.361571
v -4.129606 0.050000 0.571323
v -4.239036 0.050000 0.571323
v -4.237840 0.050000 0.361571
v -4.127812 0.050000 0.361571
v -4.645659 0.050000 0.777395
v -4.779606 0.050000 0.777395
v -4.712633 0.050000 0.346852
v -4.887840 0.050000 0.346852
v -4.906377 0.050000 0.501406
v -5.040323 0.050000 0.501406
v -5.007435 0.050000 0.229097
v -4.873488 0.050000 0.229097
v -4.881262 0.050000 0.291654
v -4.500949 0.050000 0.291654
v -4.503939 0.050000 0.346852
v -4.578686 0.050000 0.346852
v -5.153341 0.050000 0.777395
v -5.667003 0.050000 0.777395
v -5.635908 0.050000 0.254856
v -5.121648 0.050000 0.254856
v -5.258585 0.050000 0.310053
v -5.505549 0.050000 0.310053
v -5.530066 0.050000 0.722197
v -5.283700 0.050000 0.722197
v 7.673841 -0.050000 0.304534
v 7.278580 -0.050000 0.290734
v 7.281569 -0.050000 0.236456
v 7.676832 -0.050000 0.251176
v 7.581754 -0.050000 0.463687
v 7.218184 -0.050000 0.463687
v 7.220576 -0.050000 0.409409
v 7.716299 -0.050000 0.409409
v 7.694173 -0.050000 0.777395
v 7.255259 -0.050000 0.777395
v 7.258248 -0.050000 0.723117
v 7.566207 -0.050000 0.723117
v 6.849234 -0.050000 0.333053
v 6.620209 -0.050000 0.333053
v 6.623199 -0.050000 0.278775
v 6.852222 -0.050000 0.278775
v 6.854615 -0.050000 0.236456
v 6.976603 -0.050000 0.236456
v 6.974211 -0.050000 0.278775
v 7.108755 -0.050000 0.278775
v 7.105766 -0.050000 0.333053
v 6.971220 -0.050000 0.333053
v 6.966437 -0.050000 0.415849
v 7.100384 -0.050000 0.415849
v 7.097394 -0.050000 0.470127
v 6.963447 -0.050000 0.470127
v 6.957467 -0.050000 0.572243
v 7.098590 -0.050000 0.572243
v 7.095600 -0.050000 0.625601
v 6.954477 -0.050000 0.625601
v 6.946106 -0.050000 0.777395
v 6.610641 -0.050000 0.777395
v 6.622601 -0.050000 0.572243
v 6.835480 -0.050000 0.572243
v 6.841460 -0.050000 0.470127
v 6.611837 -0.050000 0.470127
v 6.614827 -0.050000 0.415849
v 6.844449 -0.050000 0.415849
v 6.735619 -0.050000 0.723117
v 6.827108 -0.050000 0.723117
v 6.832491 -0.050000 0.625601
v 6.741597 -0.050000 0.625601
v 6.445600 -0.050000 0.777395
v 6.012067 -0.050000 0.777395
v 6.042564 -0.050000 0.236456
v 6.174120 -0.050000 0.236456
v 6.146612 -0.050000 0.723117
v 6.448590 -0.050000 0.723117
v 5.662850 -0.050000 0.326613
v 5.379409 -0.050000 0.326613
v 5.382400 -0.050000 0.273255
v 5.900247 -0.050000 0.273255
v 5.897256 -0.050000 0.326613
v 5.817726 -0.050000 0.326613
v 5.569566 -0.050000 0.704718
v 5.846429 -0.050000 0.724037
v 5.843439 -0.050000 0.777395
v 5.416483 -0.050000 0.748876
v 5.419474 -0.050000 0.694598
v 5.206595 -0.050000 0.777395
v 4.866945 -0.050000 0.777395
v 4.869934 -0.050000 0.724037
v 5.087598 -0.050000 0.724037
v 5.104939 -0.050000 0.425049
v 4.812529 -0.050000 0.425049
v 4.816116 -0.050000 0.371691
v 5.229916 -0.050000 0.371691
v 4.338334 -0.050000 0.777395
v 4.247441 -0.050000 0.777395
v 4.289299 -0.050000 0.247496
v 4.331756 -0.050000 0.247496
v 4.380192 -0.050000 0.247496
v 4.535666 -0.050000 0.247496
v 4.534470 -0.050000 0.225417
v 4.630146 -0.050000 0.225417
v 4.631342 -0.050000 0.247496
v 4.654065 -0.050000 0.247496
v 4.655261 -0.050000 0.225417
v 4.687551 -0.050000 0.225417
v 4.686356 -0.050000 0.247496
v 4.683366 -0.050000 0.302694
v 4.651075 -0.050000 0.302694
v 4.633734 -0.050000 0.302694
v 4.643899 -0.050000 0.510605
v 4.673799 -0.050000 0.471967
v 4.667818 -0.050000 0.571323
v 4.648086 -0.050000 0.597082
v 4.656457 -0.050000 0.777395
v 4.560781 -0.050000 0.777395
v 4.557791 -0.050000 0.712077
v 4.506963 -0.050000 0.777395
v 4.509355 -0.050000 0.741516
v 4.492014 -0.050000 0.741516
v 4.448361 -0.050000 0.741516
v 4.429226 -0.050000 0.741516
v 4.377202 -0.050000 0.741516
v 4.362253 -0.050000 0.741516
v 4.379594 -0.050000 0.438848
v 4.391554 -0.050000 0.438848
v 4.446567 -0.050000 0.438848
v 4.465702 -0.050000 0.438848
v 4.506365 -0.050000 0.438848
v 4.530284 -0.050000 0.438848
v 4.517128 -0.050000 0.673439
v 4.553605 -0.050000 0.625601
v 4.538057 -0.050000 0.302694
v 4.376006 -0.050000 0.302694
v 4.265381 -0.050000 0.295334
v 4.147579 -0.050000 0.280615
v 4.150569 -0.050000 0.225417
v 4.268371 -0.050000 0.240136
v 4.257607 -0.050000 0.432409
v 4.139806 -0.050000 0.417689
v 4.142796 -0.050000 0.362491
v 4.260597 -0.050000 0.377211
v 4.213955 -0.050000 0.777395
v 4.118279 -0.050000 0.777395
v 4.158342 -0.050000 0.512445
v 4.254019 -0.050000 0.512445
v 4.531480 -0.050000 0.405730
v 4.380192 -0.050000 0.405730
v 4.383182 -0.050000 0.350532
v 4.534470 -0.050000 0.350532
v 4.443577 -0.050000 0.494046
v 4.432216 -0.050000 0.686318
v 4.451351 -0.050000 0.686318
v 4.462712 -0.050000 0.494046
v 3.618370 -0.050000 0.357892
v 3.537045 -0.050000 0.357892
v 3.540035 -0.050000 0.303614
v 3.629732 -0.050000 0.303614
v 3.643485 -0.050000 0.235536
v 3.765472 -0.050000 0.235536
v 3.751719 -0.050000 0.303614
v 3.943669 -0.050000 0.303614
v 3.917358 -0.050000 0.777395
v 3.795371 -0.050000 0.777395
v 3.818692 -0.050000 0.357892
v 3.740357 -0.050000 0.357892
v 3.654847 -0.050000 0.777395
v 3.532860 -0.050000 0.777395
v 4.043531 -0.050000 0.709317
v 3.967588 -0.050000 0.709317
v 3.966393 -0.050000 0.326613
v 3.993301 -0.050000 0.326613
v 3.998683 -0.050000 0.236456
v 4.024396 -0.050000 0.236456
v 4.019612 -0.050000 0.326613
v 4.038149 -0.050000 0.326613
v 4.043531 -0.050000 0.236456
v 4.069244 -0.050000 0.236456
v 4.063862 -0.050000 0.326613
v 4.041738 -0.050000 0.326613
v 3.432998 -0.050000 0.571323
v 2.918738 -0.050000 0.571323
v 2.921728 -0.050000 0.516125
v 3.435987 -0.050000 0.516125
v 2.849971 -0.050000 0.225417
v 2.844589 -0.050000 0.317413
v 2.835022 -0.050000 0.317413
v 2.833227 -0.050000 0.350532
v 2.636494 -0.050000 0.350532
v 2.632308 -0.050000 0.530845
v 2.826650 -0.050000 0.530845
v 2.823660 -0.050000 0.586042
v 2.631112 -0.050000 0.586042
v 2.626925 -0.050000 0.777395
v 2.493577 -0.050000 0.777395
v 2.497764 -0.050000 0.586042
v 2.304617 -0.050000 0.586042
v 2.307607 -0.050000 0.530845
v 2.498959 -0.050000 0.530845
v 2.502547 -0.050000 0.350532
v 2.314184 -0.050000 0.350532
v 2.317174 -0.050000 0.295334
v 2.503743 -0.050000 0.295334
v 2.505537 -0.050000 0.225417
v 2.639483 -0.050000 0.225417
v 2.637690 -0.050000 0.295334
v 2.753696 -0.050000 0.295334
v 2.752501 -0.050000 0.317413
v 2.772832 -0.050000 0.317413
v 2.778214 -0.050000 0.225417
v 2.804525 -0.050000 0.225417
v 2.799143 -0.050000 0.317413
v 2.818278 -0.050000 0.317413
v 2.823660 -0.050000 0.225417
v 1.802915 -0.050000 0.777395
v 1.678535 -0.050000 0.777395
v 1.738333 -0.050000 0.287974
v 1.862712 -0.050000 0.287974
v 2.207745 -0.050000 0.777395
v 1.920118 -0.050000 0.777395
v 1.951213 -0.050000 0.225417
v 2.085159 -0.050000 0.225417
v 2.056457 -0.050000 0.722197
v 2.210734 -0.050000 0.722197
v 1.375362 -0.050000 0.332133
v 1.111056 -0.050000 0.332133
v 1.114046 -0.050000 0.276935
v 1.287459 -0.050000 0.276935
v 1.289851 -0.050000 0.225417
v 1.423798 -0.050000 0.225417
v 1.421406 -0.050000 0.276935
v 1.430974 -0.050000 0.276935
v 1.432169 -0.050000 0.276015
v 1.594819 -0.050000 0.276015
v 1.593623 -0.050000 0.276935
v 1.594819 -0.050000 0.276935
v 1.582262 -0.050000 0.287974
v 1.436954 -0.050000 0.432409
v 1.603190 -0.050000 0.639400
v 1.469842 -0.050000 0.639400
v 1.413632 -0.050000 0.565803
v 1.401673 -0.050000 0.777395
v 1.268324 -0.050000 0.777395
v 1.279088 -0.050000 0.587882
v 1.227064 -0.050000 0.639400
v 1.065012 -0.050000 0.639400
v 0.673337 -0.050000 0.306374
v 0.510688 -0.050000 0.306374
v 0.513678 -0.050000 0.251176
v 0.975316 -0.050000 0.251176
v 0.972326 -0.050000 0.306374
v 0.807284 -0.050000 0.306374
v 0.783365 -0.050000 0.722197
v 0.972924 -0.050000 0.722197
v 0.969934 -0.050000 0.777395
v 0.456273 -0.050000 0.777395
v 0.459262 -0.050000 0.722197
v 0.650017 -0.050000 0.722197
v 0.343255 -0.050000 0.777395
v -0.134528 -0.050000 0.777395
v -0.118382 -0.050000 0.495886
v -0.114197 -0.050000 0.495886
v -0.003571 -0.050000 0.467367
v -0.065761 -0.050000 0.236456
v 0.065794 -0.050000 0.236456
v 0.119014 -0.050000 0.436088
v 0.362988 -0.050000 0.373531
v 0.359998 -0.050000 0.427809
v 0.011378 -0.050000 0.517045
v 0.000017 -0.050000 0.723117
v 0.346245 -0.050000 0.723117
v -0.433516 -0.050000 0.305454
v -0.681675 -0.050000 0.305454
v -0.678686 -0.050000 0.251176
v -0.283423 -0.050000 0.251176
v -0.346809 -0.050000 0.438848
v -0.247545 -0.050000 0.438848
v -0.267278 -0.050000 0.777395
v -0.727122 -0.050000 0.777395
v -0.715761 -0.050000 0.572243
v -0.461620 -0.050000 0.572243
v -0.469993 -0.050000 0.723117
v -0.395245 -0.050000 0.723117
v -0.382090 -0.050000 0.492206
v -0.739679 -0.050000 0.492206
v -0.736690 -0.050000 0.438848
v -0.478364 -0.050000 0.438848
v -0.625466 -0.050000 0.626521
v -0.558493 -0.050000 0.626521
v -0.563875 -0.050000 0.723117
v -0.630250 -0.050000 0.723117
v -1.059597 -0.050000 0.331213
v -1.349017 -0.050000 0.331213
v -1.346027 -0.050000 0.276935
v -1.056009 -0.050000 0.276935
v -1.053617 -0.050000 0.234616
v -0.932228 -0.050000 0.234616
v -0.934620 -0.050000 0.276935
v -0.842531 -0.050000 0.276935
v -0.845521 -0.050000 0.331213
v -0.937610 -0.050000 0.331213
v -0.955549 -0.050000 0.640320
v -0.974086 -0.050000 0.777395
v -1.096073 -0.050000 0.777395
v -1.077536 -0.050000 0.640320
v -1.323304 -0.050000 0.640320
v -1.311345 -0.050000 0.420449
v -1.064381 -0.050000 0.420449
v -1.074546 -0.050000 0.586042
v -1.067968 -0.050000 0.474727
v -1.192348 -0.050000 0.474727
v -1.198327 -0.050000 0.586042
v -1.880618 -0.050000 0.387330
v -1.975098 -0.050000 0.387330
v -1.967922 -0.050000 0.262215
v -1.867463 -0.050000 0.262215
v -1.761023 -0.050000 0.262215
v -1.758631 -0.050000 0.225417
v -1.648603 -0.050000 0.225417
v -1.650995 -0.050000 0.262215
v -1.546947 -0.050000 0.262215
v -1.448281 -0.050000 0.262215
v -1.446487 -0.050000 0.262215
v -1.453663 -0.050000 0.387330
v -1.554123 -0.050000 0.387330
v -1.549937 -0.050000 0.317413
v -1.579238 -0.050000 0.317413
v -1.585218 -0.050000 0.427809
v -1.458447 -0.050000 0.427809
v -1.461437 -0.050000 0.483007
v -1.588207 -0.050000 0.483007
v -1.688667 -0.050000 0.483007
v -1.703019 -0.050000 0.483007
v -1.694049 -0.050000 0.317413
v -1.870452 -0.050000 0.317413
v -1.874040 -0.050000 0.379051
v -1.843544 -0.050000 0.339492
v -1.719164 -0.050000 0.339492
v -1.846533 -0.050000 0.505086
v -1.970912 -0.050000 0.505086
v -1.842945 -0.050000 0.597082
v -1.994233 -0.050000 0.597082
v -1.991243 -0.050000 0.541884
v -1.789725 -0.050000 0.541884
v -1.787333 -0.050000 0.498646
v -1.653387 -0.050000 0.498646
v -1.655779 -0.050000 0.541884
v -1.454859 -0.050000 0.541884
v -1.457849 -0.050000 0.597082
v -1.607941 -0.050000 0.597082
v -1.466818 -0.050000 0.777395
v -1.610333 -0.050000 0.777395
v -1.727536 -0.050000 0.628361
v -1.861483 -0.050000 0.777395
v -2.004997 -0.050000 0.777395
v -2.585034 -0.050000 0.597082
v -2.607159 -0.050000 0.597082
v -2.551547 -0.050000 0.390090
v -2.455871 -0.050000 0.390090
v -2.483378 -0.050000 0.493126
v -2.499523 -0.050000 0.777395
v -2.595199 -0.050000 0.777395
v -2.488760 -0.050000 0.363411
v -2.594004 -0.050000 0.363411
v -2.557527 -0.050000 0.225417
v -2.452283 -0.050000 0.225417
v -2.185586 -0.050000 0.446208
v -2.208907 -0.050000 0.446208
v -2.205917 -0.050000 0.391010
v -2.182596 -0.050000 0.391010
v -2.077352 -0.050000 0.391010
v -2.057619 -0.050000 0.391010
v -2.060609 -0.050000 0.446208
v -2.080342 -0.050000 0.446208
v -2.099477 -0.050000 0.777395
v -2.204721 -0.050000 0.777395
v -2.055227 -0.050000 0.291654
v -2.198741 -0.050000 0.291654
v -2.195751 -0.050000 0.236456
v -2.052237 -0.050000 0.236456
v -2.370959 -0.050000 0.366171
v -2.442118 -0.050000 0.366171
v -2.439128 -0.050000 0.310973
v -2.367968 -0.050000 0.310973
v -2.366773 -0.050000 0.286134
v -2.438530 -0.050000 0.288894
v -2.435540 -0.050000 0.233697
v -2.214288 -0.050000 0.226337
v -2.217278 -0.050000 0.281535
v -2.285448 -0.050000 0.283375
v -2.286644 -0.050000 0.310973
v -2.214887 -0.050000 0.310973
v -2.218474 -0.050000 0.366171
v -2.289634 -0.050000 0.366171
v -2.291427 -0.050000 0.388250
v -2.276478 -0.050000 0.388250
v -2.248373 -0.050000 0.388250
v -2.219073 -0.050000 0.388250
v -2.231032 -0.050000 0.609041
v -2.252559 -0.050000 0.609041
v -2.288438 -0.050000 0.609041
v -2.303387 -0.050000 0.609041
v -2.304583 -0.050000 0.634800
v -2.234022 -0.050000 0.634800
v -2.237610 -0.050000 0.689998
v -2.307573 -0.050000 0.689998
v -2.309367 -0.050000 0.720357
v -2.238806 -0.050000 0.719437
v -2.242394 -0.050000 0.774635
v -2.466037 -0.050000 0.778315
v -2.463047 -0.050000 0.723117
v -2.390692 -0.050000 0.722197
v -2.388898 -0.050000 0.689998
v -2.456469 -0.050000 0.689998
v -2.453479 -0.050000 0.634800
v -2.385908 -0.050000 0.634800
v -2.384712 -0.050000 0.609041
v -2.398465 -0.050000 0.609041
v -2.410425 -0.050000 0.609041
v -2.455871 -0.050000 0.609041
v -2.443912 -0.050000 0.388250
v -2.398465 -0.050000 0.388250
v -2.386506 -0.050000 0.388250
v -2.372752 -0.050000 0.388250
v -2.285448 -0.050000 0.553844
v -2.283654 -0.050000 0.524405
v -2.298603 -0.050000 0.524405
v -2.300397 -0.050000 0.553844
v -2.280664 -0.050000 0.469207
v -2.279468 -0.050000 0.443448
v -2.294417 -0.050000 0.443448
v -2.295613 -0.050000 0.469207
v -2.375742 -0.050000 0.443448
v -2.389496 -0.050000 0.443448
v -2.390692 -0.050000 0.469207
v -2.376938 -0.050000 0.469207
v -2.395475 -0.050000 0.553844
v -2.381722 -0.050000 0.553844
v -2.379928 -0.050000 0.524405
v -2.393681 -0.050000 0.524405
v -3.071786 -0.050000 0.777395
v -3.202743 -0.050000 0.777395
v -3.172844 -0.050000 0.251176
v -3.041289 -0.050000 0.251176
v -2.713001 -0.050000 0.777395
v -2.998833 -0.050000 0.734156
v -2.995843 -0.050000 0.666079
v -2.709413 -0.050000 0.709317
v -2.706423 -0.050000 0.341332
v -2.968934 -0.050000 0.341332
v -2.966542 -0.050000 0.287054
v -2.704031 -0.050000 0.287054
v -3.670360 -0.050000 0.777395
v -3.803709 -0.050000 0.777395
v -3.772614 -0.050000 0.225417
v -3.638668 -0.050000 0.225417
v -3.651225 -0.050000 0.446208
v -3.313967 -0.050000 0.446208
v -3.316957 -0.050000 0.501406
v -3.654215 -0.050000 0.501406
v -4.292255 -0.050000 0.571323
v -4.401685 -0.050000 0.571323
v -4.400489 -0.050000 0.361571
v -4.290462 -0.050000 0.361571
v -3.997453 -0.050000 0.777395
v -4.126616 -0.050000 0.777395
v -4.036322 -0.050000 0.361571
v -3.907159 -0.050000 0.361571
v -4.129606 -0.050000 0.571323
v -4.239036 -0.050000 0.571323
v -4.237840 -0.050000 0.361571
v -4.127812 -0.050000 0.361571
v -4.645659 -0.050000 0.777395
v -4.779606 -0.050000 0.777395
v -4.712633 -0.050000 0.346852
v -4.887840 -0.050000 0.346852
v -4.906377 -0.050000 0.501406
v -5.040323 -0.050000 0.501406
v -5.007435 -0.050000 0.229097
v -4.873488 -0.050000 0.229097
v -4.881262 -0.050000 0.291654
v -4.500949 -0.050000 0.291654
v -4.503939 -0.050000 0.346852
v -4.578686 -0.050000 0.346852
v -5.153341 -0.050000 0.777395
v -5.667003 -0.050000 0.777395
v -5.635908 -0.050000 0.254856
v -5.121648 -0.050000 0.254856
v -5.258585 -0.050000 0.310053
v -5.505549 -0.050000 0.310053
v -5.530066 -0.050000 0.722197
v -5.283700 -0.050000 0.722197
v -5.153341 -0.050000 0.777395
v -5.153341 0.050000 0.777395
v -5.667003 -0.050000 0.777395
v -5.667003 0.050000 0.777395
v -5.635908 -0.050000 0.254856
v -5.635908 0.050000 0.254856
v -5.121648 -0.050000 0.254856
v -5.121648 0.050000 0.254856
v -5.258585 -0.050000 0.310053
v -5.258585 0.050000 0.310053
v -5.505549 -0.050000 0.310053
v -5.505549 0.050000 0.310053
v -5.530066 -0.050000 0.722197
v -5.530066 0.050000 0.722197
v -5.283700 -0.050000 0.722197
v -5.283700 0.050000 0.722197
v -4.645659 -0.050000 0.777395
v -4.645659 0.050000 0.777395
v -4.779606 -0.050000 0.777395
v -4.779606 0.050000 0.777395
v -4.712633 -0.050000 0.346852
v -4.712633 0.050000 0.346852
v -4.887840 -0.050000 0.346852
v -4.887840 0.050000 0.346852
v -4.906377 -0.050000 0.501406
v -4.906377 0.050000 0.501406
v -5.040323 -0.050000 0.501406
v -5.040323 0.050000 0.501406
v -5.007435 -0.050000 0.229097
v -5.007435 0.050000 0.229097
v -4.873488 -0.050000 0.229097
v -4.873488 0.050000 0.229097
v -4.881262 -0.050000 0.291654
v -4.881262 0.050000 0.291654
v -4.500949 -0.050000 0.291654
v -4.500949 0.050000 0.291654
v -4.503939 -0.050000 0.346852
v -4.503939 0.050000 0.346852
v -4.578686 -0.050000 0.346852
v -4.578686 0.050000 0.346852
v -4.292255 -0.050000 0.571323
v -4.292255 0.050000 0.571323
v -4.401685 -0.050000 0.571323
v -4.401685 0.050000 0.571323
v -4.400489 -0.050000 0.361571
v -4.400489 0.050000 0.361571
v -4.290462 -0.050000 0.361571
v -4.290462 0.050000 0.361571
v -3.997453 -0.050000 0.777395
v -3.997453 0.050000 0.777395
v -4.126616 -0.050000 0.777395
v -4.126616 0.050000 0.777395
v -4.036322 -0.050000 0.361571
v -4.036322 0.050000 0.361571
v -3.907159 -0.050000 0.361571
v -3.907159 0.050000 0.361571
v -4.129606 -0.050000 0.571323
v -4.129606 0.050000 0.571323
v -4.239036 -0.050000 0.571323
v -4.239036 0.050000 0.571323
v -4.237840 -0.050000 0.361571
v -4.237840 0.050000 0.361571
v -4.127812 -0.050000 0.361571
v -4.127812 0.050000 0.361571
v -3.670360 -0.050000 0.777395
v -3.670360 0.050000 0.777395
v -3.803709 -0.050000 0.777395
v -3.803709 0.050000 0.777395
v -3.772614 -0.050000 0.225417
v -3.772614 0.050000 0.225417
v -3.638668 -0.050000 0.225417
v -3.638668 0.050000 0.225417
v -3.651225 -0.050000 0.446208
v -3.651225 0.050000 0.446208
v -3.313967 -0.050000 0.446208
v -3.313967 0.050000 0.446208
v -3.316957 -0.050000 0.501406
v -3.316957 0.050000 0.501406
v -3.654215 -0.050000 0.501406
v -3.654215 0.050000 0.501406
v -3.071786 -0.050000 0.777395
v -3.071786 0.050000 0.777395
v -3.202743 -0.050000 0.777395
v -3.202743 0.050000 0.777395
v -3.172844 -0.050000 0.251176
v -3.172844 0.050000 0.251176
v -3.041289 -0.050000 0.251176
v -3.041289 0.050000 0.251176
v -2.713001 -0.050000 0.777395
v -2.713001 0.050000 0.777395
v -2.998833 -0.050000 0.734156
v -2.998833 0.050000 0.734156
v -2.995843 -0.050000 0.666079
v -2.995843 0.050000 0.666079
v -2.709413 -0.050000 0.709317
v -2.709413 0.050000 0.709317
v -2.706423 -0.050000 0.341332
v -2.706423 0.050000 0.341332
v -2.968934 -0.050000 0.341332
v -2.968934 0.050000 0.341332
v -2.966542 -0.050000 0.287054
v -2.966542 0.050000 0.287054
v -2.704031 -0.050000 0.287054
v -2.704031 0.050000 0.287054
v -2.585034 -0.050000 0.597082
v -2.585034 0.050000 0.597082
v -2.607159 -0.050000 0.597082
v -2.607159 0.050000 0.597082
v -2.551547 -0.050000 0.390090
v -2.551547 0.050000 0.390090
v -2.455871 -0.050000 0.390090
v -2.455871 0.050000 0.390090
v -2.483378 -0.050000 0.493126
v -2.483378 0.050000 0.493126
v -2.499523 -0.050000 0.777395
v -2.499523 0.050000 0.777395
v -2.595199 -0.050000 0.777395
v -2.595199 0.050000 0.777395
v -2.488760 -0.050000 0.363411
v -2.488760 0.050000 0.363411
v -2.594004 -0.050000 0.363411
v -2.594004 0.050000 0.363411
v -2.557527 -0.050000 0.225417
v -2.557527 0.050000 0.225417
v -2.452283 -0.050000 0.225417
v -2.452283 0.050000 0.225417
v -2.185586 -0.050000 0.446208
v -2.185586 0.050000 0.446208
v -2.208907 -0.050000 0.446208
v -2.208907 0.050000 0.446208
v -2.205917 -0.050000 0.391010
v -2.205917 0.050000 0.391010
v -2.182596 -0.050000 0.391010
v -2.182596 0.050000 0.391010
v -2.077352 -0.050000 0.391010
v -2.077352 0.050000 0.391010
v -2.057619 -0.050000 0.391010
v -2.057619 0.050000 0.391010
v -2.060609 -0.050000 0.446208
v -2.060609 0.050000 0.446208
v -2.080342 -0.050000 0.446208
v -2.080342 0.050000 0.446208
v -2.099477 -0.050000 0.777395
v -2.099477 0.050000 0.777395
v -2.204721 -0.050000 0.777395
v -2.204721 0.050000 0.777395
v -2.055227 -0.050000 0.291654
v -2.055227 0.050000 0.291654
v -2.198741 -0.050000 0.291654
v -2.198741 0.050000 0.291654
v -2.195751 -0.050000 0.236456
v -2.195751 0.050000 0.236456
v -2.052237 -0.050000 0.236456
v -2.052237 0.050000 0.236456
v -2.370959 -0.050000 0.366171
v -2.370959 0.050000 0.366171
v -2.442118 -0.050000 0.366171
v -2.442118 0.050000 0.366171
v -2.439128 -0.050000 0.310973
v -2.439128 0.050000 0.310973
v -2.367968 -0.050000 0.310973
v -2.367968 0.050000 0.310973
v -2.366773 -0.050000 0.286134
v -2.366773 0.050000 0.286134
v -2.438530 -0.050000 0.288894
v -2.438530 0.050000 0.288894
v -2.435540 -0.050000 0.233697
v -2.435540 0.050000 0.233697
v -2.214288 -0.050000 0.226337
v -2.214288 0.050000 0.226337
v -2.217278 -0.050000 0.281535
v -2.217278 0.050000 0.281535
v -2.285448 -0.050000 0.283375
v -2.285448 0.050000 0.283375
v -2.286644 -0.050000 0.310973
v -2.286644 0.050000 0.310973
v -2.214887 -0.050000 0.310973
v -2.214887 0.050000 0.310973
v -2.218474 -0.050000 0.366171
v -2.218474 0.050000 0.366171
v -2.289634 -0.050000 0.366171
v -2.289634 0.050000 0.366171
v -2.291427 -0.050000 0.388250
v -2.291427 0.050000 0.388250
v -2.276478 -0.050000 0.388250
v -2.276478 0.050000 0.388250
v -2.248373 -0.050000 0.388250
v -2.248373 0.050000 0.388250
v -2.219073 -0.050000 0.388250
v -2.219073 0.050000 0.388250
v -2.231032 -0.050000 0.609041
v -2.231032 0.050000 0.609041
v -2.252559 -0.050000 0.609041
v -2.252559 0.050000 0.609041
v -2.288438 -0.050000 0.609041
v -2.288438 0.050000 0.609041
v -2.303387 -0.050000 0.609041
v -2.303387 0.050000 0.609041
v -2.304583 -0.050000 0.634800
v -2.304583 0.050000 0.634800
v -2.234022 -0.050000 0.634800
v -2.234022 0.050000 0.634800
v -2.237610 -0.050000 0.689998
v -2.237610 0.050000 0.689998
v -2.307573 -0.050000 0.689998
v -2.307573 0.050000 0.689998
v -2.309367 -0.050000 0.720357
v -2.309367 0.050000 0.720357
v -2.238806 -0.050000 0.719437
v -2.238806 0.050000 0.719437
v -2.242394 -0.050000 0.774635
v -2.242394 0.050000 0.774635
v -2.466037 -0.050000 0.778315
v -2.466037 0.050000 0.778315
v -2.463047 -0.050000 0.723117
v -2.463047 0.050000 0.723117
v -2.390692 -0.050000 0.722197
v -2.390692 0.050000 0.722197
v -2.388898 -0.050000 0.689998
v -2.388898 0.050000 0.689998
v -2.456469 -0.050000 0.689998
v -2.456469 0.050000 0.689998
v -2.453479 -0.050000 0.634800
v -2.453479 0.050000 0.634800
v -2.385908 -0.050000 0.634800
v -2.385908 0.050000 0.634800
v -2.384712 -0.050000 0.609041
v -2.384712 0.050000 0.609041
v -2.398465 -0.050000 0.609041
v -2.398465 0.050000 0.609041
v -2.410425 -0.050000 0.609041
v -2.410425 0.050000 0.609041
v -2.455871 -0.050000 0.609041
v -2.455871 0.050000 0.609041
v -2.443912 -0.050000 0.388250
v -2.443912 0.050000 0.388250
v -2.398465 -0.050000 0.388250
v -2.398465 0.050000 0.388250
v -2.386506 -0.050000 0.388250
v -2.386506 0.050000 0.388250
v -2.372752 -0.050000 0.388250
v -2.372752 0.050000 0.388250
v -2.285448 -0.050000 0.553844
v -2.285448 0.050000 0.553844
v -2.283654 -0.050000 0.524405
v -2.283654 0.050000 0.524405
v -2.298603 -0.050000 0.524405
v -2.298603 0.050000 0.524405
v -2.300397 -0.050000 0.553844
v -2.300397 0.050000 0.553844
v -2.280664 -0.050000 0.469207
v -2.280664 0.050000 0.469207
v -2.279468 -0.050000 0.443448
v -2.279468 0.050000 0.443448
v -2.294417 -0.050000 0.443448
v -2.294417 0.050000 0.443448
v -2.295613 -0.050000 0.469207
v -2.295613 0.050000 0.469207
v -2.375742 -0.050000 0.443448
v -2.375742 0.050000 0.443448
v -2.389496 -0.050000 0.443448
v -2.389496 0.050000 0.443448
v -2.390692 -0.050000 0.469207
v -2.390692 0.050000 0.469207
v -2.376938 -0.050000 0.469207
v -2.376938 0.050000 0.469207
v -2.395475 -0.050000 0.553844
v -2.395475 0.050000 0.553844
v -2.381722 -0.050000 0.553844
v -2.381722 0.050000 0.553844
v -2.379928 -0.050000 0.524405
v -2.379928 0.050000 0.524405
v -2.393681 -0.050000 0.524405
v -2.393681 0.050000 0.524405
v -1.880618 -0.050000 0.387330
v -1.880618 0.050000 0.387330
v -1.975098 -0.050000 0.387330
v -1.975098 0.050000 0.387330
v -1.967922 -0.050000 0.262215
v -1.967922 0.050000 0.262215
v -1.867463 -0.050000 0.262215
v -1.867463 0.050000 0.262215
v -1.761023 -0.050000 0.262215
v -1.761023 0.050000 0.262215
v -1.758631 -0.050000 0.225417
v -1.758631 0.050000 0.225417
v -1.648603 -0.050000 0.225417
v -1.648603 0.050000 0.225417
v -1.650995 -0.050000 0.262215
v -1.650995 0.050000 0.262215
v -1.546947 -0.050000 0.262215
v -1.546947 0.050000 0.262215
v -1.448281 -0.050000 0.262215
v -1.448281 0.050000 0.262215
v -1.446487 -0.050000 0.262215
v -1.446487 0.050000 0.262215
v -1.453663 -0.050000 0.387330
v -1.453663 0.050000 0.387330
v -1.554123 -0.050000 0.387330
v -1.554123 0.050000 0.387330
v -1.549937 -0.050000 0.317413
v -1.549937 0.050000 0.317413
v -1.579238 -0.050000 0.317413
v -1.579238 0.050000 0.317413
v -1.585218 -0.050000 0.427809
v -1.585218 0.050000 0.427809
v -1.458447 -0.050000 0.427809
v -1.458447 0.050000 0.427809
v -1.461437 -0.050000 0.483007
v -1.461437 0.050000 0.483007
v -1.588207 -0.050000 0.483007
v -1.588207 0.050000 0.483007
v -1.688667 -0.050000 0.483007
v -1.688667 0.050000 0.483007
v -1.703019 -0.050000 0.483007
v -1.703019 0.050000 0.483007
v -1.694049 -0.050000 0.317413
v -1.694049 0.050000 0.317413
v -1.870452 -0.050000 0.317413
v -1.870452 0.050000 0.317413
v -1.874040 -0.050000 0.379051
v -1.874040 0.050000 0.379051
v -1.843544 -0.050000 0.339492
v -1.843544 0.050000 0.339492
v -1.719164 -0.050000 0.339492
v -1.719164 0.050000 0.339492
v -1.846533 -0.050000 0.505086
v -1.846533 0.050000 0.505086
v -1.970912 -0.050000 0.505086
v -1.970912 0.050000 0.505086
v -1.842945 -0.050000 0.597082
v -1.842945 0.050000 0.597082
v -1.994233 -0.050000 0.597082
v -1.994233 0.050000 0.597082
v -1.991243 -0.050000 0.541884
v -1.991243 0.050000 0.541884
v -1.789725 -0.050000 0.541884
v -1.789725 0.050000 0.541884
v -1.787333 -0.050000 0.498646
v -1.787333 0.050000 0.498646
v -1.653387 -0.050000 0.498646
v -1.653387 0.050000 0.498646
v -1.655779 -0.050000 0.541884
v -1.655779 0.050000 0.541884
v -1.454859 -0.050000 0.541884
v -1.454859 0.050000 0.541884
v -1.457849 -0.050000 0.597082
v -1.457849 0.050000 0.597082
v -1.607941 -0.050000 0.597082
v -1.607941 0.050000 0.597082
v -1.466818 -0.050000 0.777395
v -1.466818 0.050000 0.777395
v -1.610333 -0.050000 0.777395
v -1.610333 0.050000 0.777395
v -1.727536 -0.050000 0.628361
v -1.727536 0.050000 0.628361
v -1.861483 -0.050000 0.777395
v -1.861483 0.050000 0.777395
v -2.004997 -0.050000 0.777395
v -2.004997 0.050000 0.777395
v -1.059597 -0.050000 0.331213
v -1.059597 0.050000 0.331213
v -1.349017 -0.050000 0.331213
v -1.349017 0.050000 0.331213
v -1.346027 -0.050000 0.276935
v -1.346027 0.050000 0.276935
v -1.056009 -0.050000 0.276935
v -1.056009 0.050000 0.276935
v -1.053617 -0.050000 0.234616
v -1.053617 0.050000 0.234616
v -0.932228 -0.050000 0.234616
v -0.932228 0.050000 0.234616
v -0.934620 -0.050000 0.276935
v -0.934620 0.050000 0.276935
v -0.842531 -0.050000 0.276935
v -0.842531 0.050000 0.276935
v -0.845521 -0.050000 0.331213
v -0.845521 0.050000 0.331213
v -0.937610 -0.050000 0.331213
v -0.937610 0.050000 0.331213
v -0.955549 -0.050000 0.640320
v -0.955549 0.050000 0.640320
v -0.974086 -0.050000 0.777395
v -0.974086 0.050000 0.777395
v -1.096073 -0.050000 0.777395
v -1.096073 0.050000 0.777395
v -1.077536 -0.050000 0.640320
v -1.077536 0.050000 0.640320
v -1.323304 -0.050000 0.640320
v -1.323304 0.050000 0.640320
v -1.311345 -0.050000 0.420449
v -1.311345 0.050000 0.420449
v -1.064381 -0.050000 0.420449
v -1.064381 0.050000 0.420449
v -1.074546 -0.050000 0.586042
v -1.074546 0.050000 0.586042
v -1.067968 -0.050000 0.474727
v -1.067968 0.050000 0.474727
v -1.192348 -0.050000 0.474727
v -1.192348 0.050000 0.474727
v -1.198327 -0.050000 0.586042
v -1.198327 0.050000 0.586042
v -0.433516 -0.050000 0.305454
v -0.433516 0.050000 0.305454
v -0.681675 -0.050000 0.305454
v -0.681675 0.050000 0.305454
v -0.678686 -0.050000 0.251176
v -0.678686 0.050000 0.251176
v -0.283423 -0.050000 0.251176
v -0.283423 0.050000 0.251176
v -0.346809 -0.050000 0.438848
v -0.346809 0.050000 0.438848
v -0.247545 -0.050000 0.438848
v -0.247545 0.050000 0.438848
v -0.267278 -0.050000 0.777395
v -0.267278 0.050000 0.777395
v -0.727122 -0.050000 0.777395
v -0.727122 0.050000 0.777395
v -0.715761 -0.050000 0.572243
v -0.715761 0.050000 0.572243
v -0.461620 -0.050000 0.572243
v -0.461620 0.050000 0.572243
v -0.469993 -0.050000 0.723117
v -0.469993 0.050000 0.723117
v -0.395245 -0.050000 0.723117
v -0.395245 0.050000 0.723117
v -0.382090 -0.050000 0.492206
v -0.382090 0.050000 0.492206
v -0.739679 -0.050000 0.492206
v -0.739679 0.050000 0.492206
v -0.736690 -0.050000 0.438848
v -0.736690 0.050000 0.438848
v -0.478364 -0.050000 0.438848
v -0.478364 0.050000 0.438848
v -0.625466 -0.050000 0.626521
v -0.625466 0.050000 0.626521
v -0.558493 -0.050000 0.626521
v -0.558493 0.050000 0.626521
v -0.563875 -0.050000 0.723117
v -0.563875 0.050000 0.723117
v -0.630250 -0.050000 0.723117
v -0.630250 0.050000 0.723117
v 0.343255 -0.050000 0.777395
v 0.343255 0.050000 0.777395
v -0.134528 -0.050000 0.777395
v -0.134528 0.050000 0.777395
v -0.118382 -0.050000 0.495886
v -0.118382 0.050000 0.495886
v -0.114197 -0.050000 0.495886
v -0.114197 0.050000 0.495886
v -0.003571 -0.050000 0.467367
v -0.003571 0.050000 0.467367
v -0.065761 -0.050000 0.236456
v -0.065761 0.050000 0.236456
v 0.065794 -0.050000 0.236456
v 0.065794 0.050000 0.236456
v 0.119014 -0.050000 0.436088
v 0.119014 0.050000 0.436088
v 0.362988 -0.050000 0.373531
v 0.362988 0.050000 0.373531
v 0.359998 -0.050000 0.427809
v 0.359998 0.050000 0.427809
v 0.011378 -0.050000 0.517045
v 0.011378 0.050000 0.517045
v 0.000017 -0.050000 0.723117
v 0.000017 0.050000 0.723117
v 0.346245 -0.050000 0.723117
v 0.346245 0.050000 0.723117
v 0.673337 -0.050000 0.306374
v 0.673337 0.050000 0.306374
v 0.510688 -0.050000 0.306374
v 0.510688 0.050000 0.306374
v 0.513678 -0.050000 0.251176
v 0.513678 0.050000 0.251176
v 0.975316 -0.050000 0.251176
v 0.975316 0.050000 0.251176
v 0.972326 -0.050000 0.306374
v 0.972326 0.050000 0.306374
v 0.807284 -0.050000 0.306374
v 0.807284 0.050000 0.306374
v 0.783365 -0.050000 0.722197
v 0.783365 0.050000 0.722197
v 0.972924 -0.050000 0.722197
v 0.972924 0.050000 0.722197
v 0.969934 -0.050000 0.777395
v 0.969934 0.050000 0.777395
v 0.456273 -0.050000 0.777395
v 0.456273 0.050000 0.777395
v 0.459262 -0.050000 0.722197
v 0.459262 0.050000 0.722197
v 0.650017 -0.050000 0.722197
v 0.650017 0.050000 0.722197
v 1.375362 -0.050000 0.332133
v 1.375362 0.050000 0.332133
v 1.111056 -0.050000 0.332133
v 1.111056 0.050000 0.332133
v 1.114046 -0.050000 0.276935
v 1.114046 0.050000 0.276935
v 1.287459 -0.050000 0.276935
v 1.287459 0.050000 0.276935
v 1.289851 -0.050000 0.225417
v 1.289851 0.050000 0.225417
v 1.423798 -0.050000 0.225417
v 1.423798 0.050000 0.225417
v 1.421406 -0.050000 0.276935
v 1.421406 0.050000 0.276935
v 1.430974 -0.050000 0.276935
v 1.430974 0.050000 0.276935
v 1.432169 -0.050000 0.276015
v 1.432169 0.050000 0.276015
v 1.594819 -0.050000 0.276015
v 1.594819 0.050000 0.276015
v 1.593623 -0.050000 0.276935
v 1.593623 0.050000 0.276935
v 1.594819 -0.050000 0.276935
v 1.594819 0.050000 0.276935
v 1.582262 -0.050000 0.287974
v 1.582262 0.050000 0.287974
v 1.436954 -0.050000 0.432409
v 1.436954 0.050000 0.432409
v 1.603190 -0.050000 0.639400
v 1.603190 0.050000 0.639400
v 1.469842 -0.050000 0.639400
v 1.469842 0.050000 0.639400
v 1.413632 -0.050000 0.565803
v 1.413632 0.050000 0.565803
v 1.401673 -0.050000 0.777395
v 1.401673 0.050000 0.777395
v 1.268324 -0.050000 0.777395
v 1.268324 0.050000 0.777395
v 1.279088 -0.050000 0.587882
v 1.279088 0.050000 0.587882
v 1.227064 -0.050000 0.639400
v 1.227064 0.050000 0.639400
v 1.065012 -0.050000 0.639400
v 1.065012 0.050000 0.639400
v 1.802915 -0.050000 0.777395
v 1.802915 0.050000 0.777395
v 1.678535 -0.050000 0.777395
v 1.678535 0.050000 0.777395
v 1.738333 -0.050000 0.287974
v 1.738333 0.050000 0.287974
v 1.862712 -0.050000 0.287974
v 1.862712 0.050000 0.287974
v 2.207745 -0.050000 0.777395
v 2.207745 0.050000 0.777395
v 1.920118 -0.050000 0.777395
v 1.920118 0.050000 0.777395
v 1.951213 -0.050000 0.225417
v 1.951213 0.050000 0.225417
v 2.085159 -0.050000 0.225417
v 2.085159 0.050000 0.225417
v 2.056457 -0.050000 0.722197
v 2.056457 0.050000 0.722197
v 2.210734 -0.050000 0.722197
v 2.210734 0.050000 0.722197
v 2.849971 -0.050000 0.225417
v 2.849971 0.050000 0.225417
v 2.844589 -0.050000 0.317413
v 2.844589 0.050000 0.317413
v 2.835022 -0.050000 0.317413
v 2.835022 0.050000 0.317413
v 2.833227 -0.050000 0.350532
v 2.833227 0.050000 0.350532
v 2.636494 -0.050000 0.350532
v 2.636494 0.050000 0.350532
v 2.632308 -0.050000 0.530845
v 2.632308 0.050000 0.530845
v 2.826650 -0.050000 0.530845
v 2.826650 0.050000 0.530845
v 2.823660 -0.050000 0.586042
v 2.823660 0.050000 0.586042
v 2.631112 -0.050000 0.586042
v 2.631112 0.050000 0.586042
v 2.626925 -0.050000 0.777395
v 2.626925 0.050000 0.777395
v 2.493577 -0.050000 0.777395
v 2.493577 0.050000 0.777395
v 2.497764 -0.050000 0.586042
v 2.497764 0.050000 0.586042
v 2.304617 -0.050000 0.586042
v 2.304617 0.050000 0.586042
v 2.307607 -0.050000 0.530845
v 2.307607 0.050000 0.530845
v 2.498959 -0.050000 0.530845
v 2.498959 0.050000 0.530845
v 2.502547 -0.050000 0.350532
v 2.502547 0.050000 0.350532
v 2.314184 -0.050000 0.350532
v 2.314184 0.050000 0.350532
v 2.317174 -0.050000 0.295334
v 2.317174 0.050000 0.295334
v 2.503743 -0.050000 0.295334
v 2.503743 0.050000 0.295334
v 2.505537 -0.050000 0.225417
v 2.505537 0.050000 0.225417
v 2.639483 -0.050000 0.225417
v 2.639483 0.050000 0.225417
v 2.637690 -0.050000 0.295334
v 2.637690 0.050000 0.295334
v 2.753696 -0.050000 0.295334
v 2.753696 0.050000 0.295334
v 2.752501 -0.050000 0.317413
v 2.752501 0.050000 0.317413
v 2.772832 -0.050000 0.317413
v 2.772832 0.050000 0.317413
v 2.778214 -0.050000 0.225417
v 2.778214 0.050000 0.225417
v 2.804525 -0.050000 0.225417
v 2.804525 0.050000 0.225417
v 2.799143 -0.050000 0.317413
v 2.799143 0.050000 0.317413
v 2.818278 -0.050000 0.317413
v 2.818278 0.050000 0.317413
v 2.823660 -0.050000 0.225417
v 2.823660 0.050000 0.225417
v 3.432998 -0.050000 0.571323
v 3.432998 0.050000 0.571323
v 2.918738 -0.050000 0.571323
v 2.918738 0.050000 0.571323
v 2.921728 -0.050000 0.516125
v 2.921728 0.050000 0.516125
v 3.435987 -0.050000 0.516125
v 3.435987 0.050000 0.516125
v 3.618370 -0.050000 0.357892
v 3.618370 0.050000 0.357892
v 3.537045 -0.050000 0.357892
v 3.537045 0.050000 0.357892
v 3.540035 -0.050000 0.303614
v 3.540035 0.050000 0.303614
v 3.629732 -0.050000 0.303614
v 3.629732 0.050000 0.303614
v 3.643485 -0.050000 0.235536
v 3.643485 0.050000 0.235536
v 3.765472 -0.050000 0.235536
v 3.765472 0.050000 0.235536
v 3.751719 -0.050000 0.303614
v 3.751719 0.050000 0.303614
v 3.943669 -0.050000 0.303614
v 3.943669 0.050000 0.303614
v 3.917358 -0.050000 0.777395
v 3.917358 0.050000 0.777395
v 3.795371 -0.050000 0.777395
v 3.795371 0.050000 0.777395
v 3.818692 -0.050000 0.357892
v 3.818692 0.050000 0.357892
v 3.740357 -0.050000 0.357892
v 3.740357 0.050000 0.357892
v 3.654847 -0.050000 0.777395
v 3.654847 0.050000 0.777395
v 3.532860 -0.050000 0.777395
v 3.532860 0.050000 0.777395
v 4.043531 -0.050000 0.709317
v 4.043531 0.050000 0.709317
v 3.967588 -0.050000 0.709317
v 3.967588 0.050000 0.709317
v 3.966393 -0.050000 0.326613
v 3.966393 0.050000 0.326613
v 3.993301 -0.050000 0.326613
v 3.993301 0.050000 0.326613
v 3.998683 -0.050000 0.236456
v 3.998683 0.050000 0.236456
v 4.024396 -0.050000 0.236456
v 4.024396 0.050000 0.236456
v 4.019612 -0.050000 0.326613
v 4.019612 0.050000 0.326613
v 4.038149 -0.050000 0.326613
v 4.038149 0.050000 0.326613
v 4.043531 -0.050000 0.236456
v 4.043531 0.050000 0.236456
v 4.069244 -0.050000 0.236456
v 4.069244 0.050000 0.236456
v 4.063862 -0.050000 0.326613
v 4.063862 0.050000 0.326613
v 4.041738 -0.050000 0.326613
v 4.041738 0.050000 0.326613
v 4.338334 -0.050000 0.777395
v 4.338334 0.050000 0.777395
v 4.247441 -0.050000 0.777395
v 4.247441 0.050000 0.777395
v 4.289299 -0.050000 0.247496
v 4.289299 0.050000 0.247496
v 4.331756 -0.050000 0.247496
v 4.331756 0.050000 0.247496
v 4.380192 -0.050000 0.247496
v 4.380192 0.050000 0.247496
v 4.535666 -0.050000 0.247496
v 4.535666 0.050000 0.247496
v 4.534470 -0.050000 0.225417
v 4.534470 0.050000 0.225417
v 4.630146 -0.050000 0.225417
v 4.630146 0.050000 0.225417
v 4.631342 -0.050000 0.247496
v 4.631342 0.050000 0.247496
v 4.654065 -0.050000 0.247496
v 4.654065 0.050000 0.247496
v 4.655261 -0.050000 0.225417
v 4.655261 0.050000 0.225417
v 4.687551 -0.050000 0.225417
v 4.687551 0.050000 0.225417
v 4.686356 -0.050000 0.247496
v 4.686356 0.050000 0.247496
v 4.683366 -0.050000 0.302694
v 4.683366 0.050000 0.302694
v 4.651075 -0.050000 0.302694
v 4.651075 0.050000 0.302694
v 4.633734 -0.050000 0.302694
v 4.633734 0.050000 0.302694
v 4.643899 -0.050000 0.510605
v 4.643899 0.050000 0.510605
v 4.673799 -0.050000 0.471967
v 4.673799 0.050000 0.471967
v 4.667818 -0.050000 0.571323
v 4.667818 0.050000 0.571323
v 4.648086 -0.050000 0.597082
v 4.648086 0.050000 0.597082
v 4.656457 -0.050000 0.777395
v 4.656457 0.050000 0.777395
v 4.560781 -0.050000 0.777395
v 4.560781 0.050000 0.777395
v 4.557791 -0.050000 0.712077
v 4.557791 0.050000 0.712077
v 4.506963 -0.050000 0.777395
v 4.506963 0.050000 0.777395
v 4.509355 -0.050000 0.741516
v 4.509355 0.050000 0.741516
v 4.492014 -0.050000 0.741516
v 4.492014 0.050000 0.741516
v 4.448361 -0.050000 0.741516
v 4.448361 0.050000 0.741516
v 4.429226 -0.050000 0.741516
v 4.429226 0.050000 0.741516
v 4.377202 -0.050000 0.741516
v 4.377202 0.050000 0.741516
v 4.362253 -0.050000 0.741516
v 4.362253 0.050000 0.741516
v 4.379594 -0.050000 0.438848
v 4.379594 0.050000 0.438848
v 4.391554 -0.050000 0.438848
v 4.391554 0.050000 0.438848
v 4.446567 -0.050000 0.438848
v 4.446567 0.050000 0.438848
v 4.465702 -0.050000 0.438848
v 4.465702 0.050000 0.438848
v 4.506365 -0.050000 0.438848
v 4.506365 0.050000 0.438848
v 4.530284 -0.050000 0.438848
v 4.530284 0.050000 0.438848
v 4.517128 -0.050000 0.673439
v 4.517128 0.050000 0.673439
v 4.553605 -0.050000 0.625601
v 4.553605 0.050000 0.625601
v 4.538057 -0.050000 0.302694
v 4.538057 0.050000 0.302694
v 4.376006 -0.050000 0.302694
v 4.376006 0.050000 0.302694
v 4.265381 -0.050000 0.295334
v 4.265381 0.050000 0.295334
v 4.147579 -0.050000 0.280615
v 4.147579 0.050000 0.280615
v 4.150569 -0.050000 0.225417
v 4.150569 0.050000 0.225417
v 4.268371 -0.050000 0.240136
v 4.268371 0.050000 0.240136
v 4.257607 -0.050000 0.432409
v 4.257607 0.050000 0.432409
v 4.139806 -0.050000 0.417689
v 4.139806 0.050000 0.417689
v 4.142796 -0.050000 0.362491
v 4.142796 0.050000 0.362491
v 4.260597 -0.050000 0.377211
v 4.260597 0.050000 0.377211
v 4.213955 -0.050000 0.777395
v 4.213955 0.050000 0.777395
v 4.118279 -0.050000 0.777395
v 4.118279 0.050000 0.777395
v 4.158342 -0.050000 0.512445
v 4.158342 0.050000 0.512445
v 4.254019 -0.050000 0.512445
v 4.254019 0.050000 0.512445
v 4.531480 -0.050000 0.405730
v 4.531480 0.050000 0.405730
v 4.380192 -0.050000 0.405730
v 4.380192 0.050000 0.405730
v 4.383182 -0.050000 0.350532
v 4.383182 0.050000 0.350532
v 4.534470 -0.050000 0.350532
v 4.534470 0.050000 0.350532
v 4.443577 -0.050000 0.494046
v 4.443577 0.050000 0.494046
v 4.432216 -0.050000 0.686318
v 4.432216 0.050000 0.686318
v 4.451351 -0.050000 0.686318
v 4.451351 0.050000 0.686318
v 4.462712 -0.050000 0.494046
v 4.462712 0.050000 0.494046
v 5.206595 -0.050000 0.777395
v 5.206595 0.050000 0.777395
v 4.866945 -0.050000 0.777395
v 4.866945 0.050000 0.777395
v 4.869934 -0.050000 0.724037
v 4.869934 0.050000 0.724037
v 5.087598 -0.050000 0.724037
v 5.087598 0.050000 0.724037
v 5.104939 -0.050000 0.425049
v 5.104939 0.050000 0.425049
v 4.812529 -0.050000 0.425049
v 4.812529 0.050000 0.425049
v 4.816116 -0.050000 0.371691
v 4.816116 0.050000 0.371691
v 5.229916 -0.050000 0.371691
v 5.229916 0.050000 0.371691
v 5.662850 -0.050000 0.326613
v 5.662850 0.050000 0.326613
v 5.379409 -0.050000 0.326613
v 5.379409 0.050000 0.326613
v 5.382400 -0.050000 0.273255
v 5.382400 0.050000 0.273255
v 5.900247 -0.050000 0.273255
v 5.900247 0.050000 0.273255
v 5.897256 -0.050000 0.326613
v 5.897256 0.050000 0.326613
v 5.817726 -0.050000 0.326613
v 5.817726 0.050000 0.326613
v 5.569566 -0.050000 0.704718
v 5.569566 0.050000 0.704718
v 5.846429 -0.050000 0.724037
v 5.846429 0.050000 0.724037
v 5.843439 -0.050000 0.777395
v 5.843439 0.050000 0.777395
v 5.416483 -0.050000 0.748876
v 5.416483 0.050000 0.748876
v 5.419474 -0.050000 0.694598
v 5.419474 0.050000 0.694598
v 6.445600 -0.050000 0.777395
v 6.445600 0.050000 0.777395
v 6.012067 -0.050000 0.777395
v 6.012067 0.050000 0.777395
v 6.042564 -0.050000 0.236456
v 6.042564 0.050000 0.236456
v 6.174120 -0.050000 0.236456
v 6.174120 0.050000 0.236456
v 6.146612 -0.050000 0.723117
v 6.146612 0.050000 0.723117
v 6.448590 -0.050000 0.723117
v 6.448590 0.050000 0.723117
v 6.849234 -0.050000 0.333053
v 6.849234 0.050000 0.333053
v 6.620209 -0.050000 0.333053
v 6.620209 0.050000 0.333053
v 6.623199 -0.050000 0.278775
v 6.623199 0.050000 0.278775
v 6.852222 -0.050000 0.278775
v 6.852222 0.050000 0.278775
v 6.854615 -0.050000 0.236456
v 6.854615 0.050000 0.236456
v 6.976603 -0.050000 0.236456
v 6.976603 0.050000 0.236456
v 6.974211 -0.050000 0.278775
v 6.974211 0.050000 0.278775
v 7.108755 -0.050000 0.278775
v 7.108755 0.050000 0.278775
v 7.105766 -0.050000 0.333053
v 7.105766 0.050000 0.333053
v 6.971220 -0.050000 0.333053
v 6.971220 0.050000 0.333053
v 6.966437 -0.050000 0.415849
v 6.966437 0.050000 0.415849
v 7.100384 -0.050000 0.415849
v 7.100384 0.050000 0.415849
v 7.097394 -0.050000 0.470127
v 7.097394 0.050000 0.470127
v 6.963447 -0.050000 0.470127
v 6.963447 0.050000 0.470127
v 6.957467 -0.050000 0.572243
v 6.957467 0.050000 0.572243
v 7.098590 -0.050000 0.572243
v 7.098590 0.050000 0.572243
v 7.095600 -0.050000 0.625601
v 7.095600 0.050000 0.625601
v 6.954477 -0.050000 0.625601
v 6.954477 0.050000 0.625601
v 6.946106 -0.050000 0.777395
v 6.946106 0.050000 0.777395
v 6.610641 -0.050000 0.777395
v 6.610641 0.050000 0.777395
v 6.622601 -0.050000 0.572243
v 6.622601 0.050000 0.572243
v 6.835480 -0.050000 0.572243
v 6.835480 0.050000 0.572243
v 6.841460 -0.050000 0.470127
v 6.841460 0.050000 0.470127
v 6.611837 -0.050000 0.470127
v 6.611837 0.050000 0.470127
v 6.614827 -0.050000 0.415849
v 6.614827 0.050000 0.415849
v 6.844449 -0.050000 0.415849
v 6.844449 0.050000 0.415849
v 6.735619 -0.050000 0.723117
v 6.735619 0.050000 0.723117
v 6.827108 -0.050000 0.723117
v 6.827108 0.050000 0.723117
v 6.832491 -0.050000 0.625601
v 6.832491 0.050000 0.625601
v 6.741597 -0.050000 0.625601
v 6.741597 0.050000 0.625601
v 7.673841 -0.050000 0.304534
v 7.673841 0.050000 0.304534
v 7.278580 -0.050000 0.290734
v 7.278580 0.050000 0.290734
v 7.281569 -0.050000 0.236456
v 7.281569 0.050000 0.236456
v 7.676832 -0.050000 0.251176
v 7.676832 0.050000 0.251176
v 7.581754 -0.050000 0.463687
v 7.581754 0.050000 0.463687
v 7.218184 -0.050000 0.463687
v 7.218184 0.050000 0.463687
v 7.220576 -0.050000 0.409409
v 7.220576 0.050000 0.409409
v 7.716299 -0.050000 0.409409
v 7.716299 0.050000 0.409409
v 7.694173 -0.050000 0.777395
v 7.694173 0.050000 0.777395
v 7.255259 -0.050000 0.777395
v 7.255259 0.050000 0.777395
v 7.258248 -0.050000 0.723117
v 7.258248 0.050000 0.723117
v 7.566207 -0.050000 0.723117
v 7.566207 0.050000 0.723117
vn -0.0000 1.0000 -0.0000
vn -0.0000 -1.0000 -0.0000
vn -0.8600 -0.0000 0.5102
vn 0.8140 -0.0000 0.5808
vn -0.8145 -0.0000 -0.5801
vn 0.8604 -0.0000 -0.5096
vn -0.8145 -0.0000 -0.5802
vn 0.8604 -0.0000 -0.5095
vn 0.8145 -0.0000 0.5802
vn -0.8605 -0.0000 0.5094
vn -0.8605 -0.0000 0.5095
vn 0.8600 -0.0000 -0.5103
vn 0.8145 -0.0000 0.5801
vn -0.8139 -0.0000 -0.5810
vn 0.8601 -0.0000 -0.5102
vn -0.8898 -0.0000 0.4564
vn 0.7718 -0.0000 0.6359
vn 0.7881 -0.0000 0.6155
vn 0.7882 -0.0000 0.6155
vn -0.8797 -0.0000 0.4754
vn -0.7877 -0.0000 -0.6160
vn -0.8798 -0.0000 0.4754
vn 0.8808 -0.0000 -0.4735
vn -0.7878 -0.0000 -0.6160
vn 0.8582 -0.0000 -0.5133
vn 0.8167 -0.0000 0.5770
vn 0.8582 -0.0000 -0.5134
vn 0.7717 -0.0000 0.6359
vn 0.8167 -0.0000 0.5771
vn -0.8406 -0.0000 0.5417
vn 0.8351 -0.0000 0.5501
vn -0.8362 -0.0000 -0.5485
vn -0.8406 0.0001 0.5417
vn 0.8417 -0.0000 -0.5399
vn -0.8363 -0.0000 -0.5483
vn 0.8417 -0.0000 -0.5400
vn -0.9056 -0.0000 0.4240
vn 0.7424 -0.0000 0.6700
vn 0.7423 -0.0000 0.6700
vn -0.7423 -0.0000 -0.6700
vn -0.9057 -0.0000 0.4240
vn 0.9056 -0.0000 -0.4240
vn -0.7424 -0.0000 -0.6700
vn 0.9057 -0.0000 -0.4240
vn -0.8590 -0.0000 0.5120
vn 0.8149 -0.0000 0.5795
vn 0.8149 -0.0000 0.5796
vn -0.8158 -0.0000 -0.5783
vn 0.8592 -0.0000 -0.5117
vn -0.8159 -0.0000 -0.5782
vn 0.8591 -0.0000 -0.5118
vn 0.8591 -0.0000 -0.5117
vn 0.8150 -0.0000 0.5795
vn -0.8591 -0.0000 0.5117
vn 0.8152 -0.0000 0.5792
vn -0.8156 -0.0000 -0.5786
vn -0.8591 0.0001 0.5118
vn 0.8595 -0.0000 -0.5111
vn -0.8157 -0.0000 -0.5785
vn 0.8595 0.0001 -0.5111
vn -0.8761 -0.0000 0.4822
vn 0.7892 -0.0000 0.6142
vn 0.7892 -0.0000 0.6141
vn -0.7933 -0.0000 -0.6089
vn -0.8760 -0.0000 0.4822
vn 0.8788 -0.0000 -0.4772
vn -0.7933 -0.0000 -0.6088
vn 0.8787 -0.0000 -0.4773
vn -0.8547 -0.0000 0.5191
vn 0.8209 -0.0000 0.5711
vn 0.8209 -0.0001 0.5711
vn -0.8209 -0.0000 -0.5711
vn -0.8547 -0.0000 0.5192
vn 0.8547 -0.0000 -0.5191
vn -0.8209 -0.0000 -0.5710
vn 0.8547 0.0001 -0.5192
vn -0.9171 -0.0000 0.3986
vn -0.7170 -0.0000 -0.6970
vn -0.9171 -0.0000 0.3988
vn 0.9167 -0.0000 -0.3995
vn -0.7171 -0.0000 -0.6970
vn 0.9877 -0.0000 0.1561
vn 0.9168 -0.0000 -0.3994
vn 0.8156 -0.0000 0.5786
vn 0.8157 -0.0000 0.5785
vn -0.8590 0.0001 0.5120
vn -0.9162 -0.0000 0.4008
vn 0.7192 -0.0000 0.6948
vn 0.7192 -0.0001 0.6948
vn -0.7192 -0.0000 -0.6948
vn -0.9162 0.0001 0.4008
vn 0.9162 -0.0000 -0.4008
vn -0.8582 -0.0000 0.5134
vn -0.8594 -0.0000 0.5112
vn -0.8595 -0.0000 0.5112
vn -0.8167 -0.0000 -0.5770
vn -0.0000 -0.0000 -1.0000
vn 0.8152 -0.0000 0.5791
vn 0.8152 -0.0001 0.5792
vn 0.8153 -0.0000 0.5791
vn -0.8582 -0.0000 0.5133
vn -0.8673 0.0001 0.4977
vn -0.8673 -0.0000 0.4978
vn -0.8193 -0.0000 -0.5734
vn -0.8503 -0.0000 0.5263
vn -0.8192 -0.0000 -0.5735
vn -0.8524 -0.0000 0.5228
vn -0.8226 -0.0000 -0.5686
vn 0.8532 -0.0000 -0.5215
vn 0.8215 -0.0000 0.5702
vn 0.8259 -0.0000 0.5638
vn 0.8544 -0.0000 -0.5196
vn 0.8619 -0.0000 -0.5070
vn 0.8122 -0.0000 0.5834
vn 0.8619 -0.0000 -0.5071
vn 0.8052 -0.0000 0.5930
vn 0.8673 -0.0000 -0.4977
vn 0.8053 -0.0000 0.5929
vn 0.8673 -0.0000 -0.4978
vn -0.0000 -0.0000 1.0000
vn 0.8200 -0.0000 0.5724
vn 0.8555 -0.0000 -0.5179
vn 0.8555 0.0001 -0.5178
vn 0.8619 0.0001 -0.5071
vn 0.8147 -0.0000 0.5799
vn 0.8580 -0.0000 -0.5137
vn 0.8579 0.0001 -0.5137
vn -0.8558 -0.0000 0.5173
vn -0.8190 -0.0000 -0.5738
vn -0.8557 -0.0000 0.5174
vn -0.8183 -0.0001 -0.5747
vn -0.8587 -0.0000 0.5125
vn -0.8183 -0.0000 -0.5747
vn -0.8587 -0.0000 0.5124
vn -0.8200 -0.0000 -0.5724
vn -0.8167 -0.0000 -0.5771
vn -0.8555 -0.0000 0.5178
vn -0.8053 -0.0000 -0.5929
vn -0.8052 -0.0000 -0.5930
vn 0.8139 -0.0000 0.5810
vn 0.8605 -0.0000 -0.5094
vn 0.8555 -0.0000 -0.5178
vn -0.8555 -0.0000 0.5179
vn -0.8199 -0.0000 -0.5724
vn -0.8139 -0.0001 -0.5810
vn 0.8139 -0.0001 0.5810
vn -0.8593 -0.0000 0.5115
vn -0.9727 -0.0000 0.2319
vn -0.8154 -0.0000 -0.5788
vn -0.8593 -0.0000 0.5114
vn -0.8154 -0.0000 -0.5789
vn -0.8122 -0.0000 -0.5834
vn 0.8593 -0.0000 -0.5114
vn 0.8154 -0.0000 0.5788
vn -0.8602 -0.0000 0.5100
vn 0.8154 -0.0000 0.5789
vn 0.8167 -0.0001 0.5770
vn 0.8151 -0.0000 0.5793
vn 0.6249 -0.0000 -0.7807
vn 0.8150 -0.0000 0.5794
vn -0.4899 -0.0000 -0.8718
vn 0.9728 -0.0000 -0.2315
vn 0.4906 -0.0000 0.8714
vn 0.9728 0.0001 -0.2316
vn -0.9727 -0.0000 0.2320
vn -0.9786 -0.0000 0.2059
vn -0.9785 -0.0000 0.2060
vn -0.8163 -0.0000 -0.5777
vn -0.8168 -0.0000 -0.5770
vn -0.8162 -0.0000 -0.5777
vn 0.8586 -0.0000 -0.5126
vn -0.8163 -0.0000 -0.5776
vn 0.8586 -0.0000 -0.5127
vn 0.9735 -0.0000 0.2285
vn 0.9735 -0.0000 0.2287
vn -0.4843 -0.0000 0.8749
vn -0.0496 -0.0000 0.9988
vn 0.4458 -0.0000 0.8951
vn -0.0497 -0.0000 0.9988
vn -0.9785 -0.0000 0.2061
vn -0.8585 -0.0000 0.5128
vn -0.8580 -0.0000 0.5136
vn -0.8164 -0.0000 -0.5775
vn -0.8158 -0.0000 -0.5784
vn -0.8164 -0.0000 -0.5776
vn -0.8157 -0.0000 -0.5784
vn 0.8590 -0.0000 -0.5119
vn 0.8590 -0.0000 -0.5120
vn 0.8585 -0.0000 -0.5129
vn 0.8590 0.0001 -0.5120
vn 0.8164 -0.0000 0.5775
vn 0.8585 -0.0000 -0.5128
vn 0.9954 -0.0000 0.0960
vn 0.7812 -0.0000 0.6243
vn -0.8840 -0.0000 0.4674
vn 0.7811 -0.0000 0.6243
vn -0.8840 0.0001 0.4674
vn -0.8583 -0.0000 0.5132
vn -0.8166 -0.0000 -0.5771
vn -0.8170 -0.0000 -0.5766
vn -0.8170 -0.0000 -0.5767
vn -0.8599 -0.0000 0.5105
vn -0.8147 -0.0000 -0.5799
vn 0.8169 -0.0001 0.5767
vn -0.8599 0.0001 0.5105
vn 0.8581 -0.0000 -0.5135
vn 0.8170 -0.0000 0.5767
vn -0.9299 0.0001 0.3678
vn -0.9298 -0.0000 0.3679
vn -0.8164 -0.0001 -0.5775
vn -0.8585 -0.0000 0.5129
vn 0.9301 -0.0000 -0.3673
vn 0.8596 -0.0000 -0.5109
vn 0.9301 -0.0000 -0.3672
vn 0.8596 0.0001 -0.5109
vn -0.8586 -0.0000 0.5126
vn 0.8587 -0.0000 -0.5125
vn -0.8156 -0.0001 -0.5786
vn -0.8592 -0.0000 0.5117
vn -0.8588 -0.0000 0.5122
vn -0.8159 -0.0000 -0.5781
vn -0.8589 -0.0000 0.5122
vn -0.6835 -0.0000 -0.7300
vn -0.8160 -0.0000 -0.5781
vn -0.6834 -0.0000 -0.7300
vn -0.8186 -0.0000 -0.5743
vn -0.8187 -0.0001 -0.5742
vn 0.8161 -0.0001 0.5780
vn 0.8587 -0.0000 -0.5124
vn -0.8566 -0.0000 0.5160
vn 0.8161 -0.0000 0.5779
vn -0.8566 -0.0000 0.5161
vn -0.1270 -0.0000 -0.9919
vn -0.8154 -0.0000 -0.5790
vn -0.9408 -0.0000 -0.3388
vn -0.1269 -0.0000 -0.9919
vn -0.9172 -0.0001 -0.3984
vn -0.9408 -0.0000 -0.3389
vn 0.7181 -0.0000 -0.6959
vn -0.9173 -0.0000 -0.3983
vn 0.6507 -0.0000 -0.7593
vn 0.7181 -0.0000 -0.6960
vn 0.8175 -0.0000 -0.5760
vn 0.6507 0.0001 -0.7593
vn 0.8575 -0.0000 0.5144
vn 0.8174 -0.0000 -0.5760
vn 0.8576 -0.0000 0.5144
vn 0.8585 -0.0000 -0.5127
vn 0.8154 -0.0001 0.5789
vn 0.8168 -0.0000 0.5770
vn 0.8153 -0.0000 0.5790
vn 0.8594 -0.0000 -0.5113
vn -0.9822 0.0001 0.1876
vn -0.9822 -0.0000 0.1877
vn -0.3413 -0.0000 -0.9400
vn -0.3416 -0.0000 -0.9398
vn 0.9884 -0.0000 -0.1517
vn -0.3416 -0.0000 -0.9399
vn 0.9884 -0.0000 -0.1516
vn 0.9884 -0.0000 -0.1518
vn 0.9854 -0.0000 -0.1701
vn 0.9884 0.0001 -0.1518
vn 0.6833 -0.0000 0.7302
vn 0.9854 -0.0000 -0.1702
vn 0.9994 -0.0000 0.0347
vn 0.6832 -0.0000 0.7303
vn 0.9745 -0.0000 0.2243
vn -0.4926 -0.0000 0.8703
vn 0.9745 -0.0000 0.2242
vn 0.5338 -0.0000 0.8456
vn 0.8157 -0.0001 0.5784
vn -0.8591 -0.0000 0.5118
vn 0.8157 -0.0000 0.5784
vn -0.6804 -0.0000 0.7328
vn 0.4121 -0.0000 0.9111
vn -0.6803 -0.0000 0.7329
vn -0.9822 -0.0000 0.1878
vn -0.8802 -0.0000 0.4746
vn 0.7871 -0.0000 0.6169
vn -0.7871 -0.0000 -0.6169
vn 0.8802 -0.0000 -0.4746
vn -0.8590 -0.0000 0.5121
vn 0.8168 -0.0000 0.5769
vn 0.8594 -0.0000 -0.5112
vn 0.8595 -0.0000 -0.5112
vn 0.8150 -0.0001 0.5795
vn 0.8597 -0.0000 -0.5109
vn 0.8597 -0.0000 -0.5108
vn 0.8294 -0.0001 0.5587
vn 0.8472 -0.0000 -0.5313
vn 0.8294 -0.0000 0.5587
vn 0.8299 -0.0000 0.5579
vn 0.8299 -0.0000 0.5580
vn -0.8467 -0.0000 0.5321
vn -0.8307 -0.0000 -0.5567
vn -0.8459 -0.0000 0.5333
vn -0.8582 0.0001 0.5133
vn -0.8284 -0.0000 -0.5602
vn 0.8481 -0.0000 -0.5299
vn -0.8284 -0.0000 -0.5601
vn 0.8480 -0.0000 -0.5299
vn -0.8150 -0.0000 -0.5795
vn -0.8150 -0.0001 -0.5795
vn -0.8149 -0.0000 -0.5795
vn -0.9024 -0.0000 0.4309
vn -0.7497 -0.0000 -0.6618
vn 0.9020 -0.0000 -0.4317
vn 0.9020 -0.0000 -0.4318
vn 0.8162 -0.0001 0.5778
vn 0.8587 -0.0000 -0.5126
vn 0.8162 -0.0000 0.5778
vn 0.7488 -0.0000 0.6628
vn -0.8587 0.0001 0.5125
vn -0.9024 -0.0000 0.4308
vn -0.8372 -0.0000 0.5469
vn 0.8402 -0.0000 0.5422
vn 0.8402 -0.0001 0.5422
vn -0.8396 -0.0000 -0.5432
vn -0.8372 -0.0000 0.5468
vn -0.8145 -0.0001 -0.5802
vn -0.8397 -0.0000 -0.5431
vn 0.8578 -0.0000 -0.5140
vn 0.8578 0.0001 -0.5140
vn 0.8578 -0.0000 -0.5139
vn 0.8402 -0.0000 0.5423
vn 0.8144 -0.0000 0.5802
vn -0.8666 -0.0000 0.4991
vn 0.8061 -0.0000 0.5918
vn 0.8060 -0.0000 0.5918
vn -0.8062 -0.0000 -0.5917
vn -0.8666 -0.0000 0.4990
vn -0.8062 -0.0000 -0.5916
vn -0.8582 -0.0000 -0.5133
vn -0.8582 -0.0000 -0.5134
vn 0.8167 -0.0000 -0.5771
vn 0.8167 -0.0000 -0.5770
vn 0.9985 -0.0000 0.0541
vn 0.8564 -0.0000 0.5164
vn 0.5436 -0.0000 -0.8394
vn 0.8563 -0.0000 0.5164
vn 0.6272 -0.0000 -0.7789
vn 0.5437 0.0001 -0.8393
vn 0.9473 -0.0000 0.3204
vn 0.6273 -0.0000 -0.7788
vn 0.9646 -0.0000 0.2636
vn 0.8555 -0.0000 0.5179
vn -0.8202 -0.0000 0.5720
vn -0.5476 -0.0000 0.8367
vn -0.8202 -0.0000 0.5721
vn -0.6329 -0.0000 0.7742
vn -0.5477 0.0001 0.8367
vn -0.8625 -0.0000 0.5061
vn -0.8625 -0.0000 0.5060
vn -0.8155 -0.0000 -0.5788
vn 0.8588 -0.0000 -0.5122
vn 0.6209 -0.0000 -0.7839
vn -0.9651 -0.0000 -0.2619
vn -0.8192 -0.0000 0.5735
vn -0.8193 -0.0000 0.5734
vn -0.8758 -0.0000 0.4827
vn 0.7936 -0.0000 0.6085
vn -0.7936 -0.0000 -0.6085
vn 0.8758 -0.0000 -0.4827
vn -0.7936 -0.0000 -0.6084
vn 0.7936 -0.0001 0.6085
vn -0.7936 -0.0001 -0.6085
vn -0.8886 -0.0000 0.4587
vn 0.7738 -0.0000 0.6335
vn 0.7738 -0.0000 0.6334
vn -0.7738 -0.0000 -0.6334
vn 0.8886 -0.0000 -0.4587
vn -0.7738 -0.0000 -0.6335
vn -0.8167 -0.0001 -0.5770
vn 0.8599 -0.0000 -0.5104
vn 0.8599 0.0001 -0.5105
vn -0.8599 -0.0000 0.5104
vn -0.8159 -0.0001 -0.5781
vn -0.8152 -0.0001 -0.5792
vn -0.8151 -0.0000 -0.5793
vn -0.8627 -0.0000 0.5057
vn -0.8595 -0.0000 0.5111
vn -0.8113 -0.0000 -0.5847
vn -0.8112 -0.0000 -0.5847
vn -0.9664 -0.0000 0.2570
vn 0.8589 -0.0000 -0.5122
vn 0.8160 -0.0000 0.5781
vn 0.5348 -0.0000 0.8450
vn 0.9700 -0.0000 -0.2429
vn 0.8689 -0.0000 -0.4951
vn 0.9701 -0.0000 -0.2428
vn 0.8038 -0.0000 0.5949
vn 0.8688 -0.0000 -0.4951
vn -0.8681 -0.0000 0.4964
vn -0.9564 -0.0000 -0.2921
vn 0.8164 -0.0001 0.5775
vn -0.8157 -0.0001 -0.5784
vn 0.8164 -0.0000 0.5776
vn 0.8585 0.0001 -0.5128
vn 0.8149 -0.0001 0.5796
vn 0.8159 -0.0000 0.5781
vn 0.8163 -0.0000 0.5776
vn -0.8596 -0.0000 0.5110
vn -0.8150 -0.0000 -0.5794
vn -0.8149 -0.0000 -0.5796
vn -0.8597 -0.0000 0.5108
vn -0.8152 -0.0000 -0.5791
vn 0.8606 0.0001 -0.5092
vn 0.8607 -0.0000 -0.5091
vn -0.8585 -0.0000 0.5127
vn 0.8138 -0.0000 0.5812
vn -0.8586 -0.0000 0.5127
vn -0.8636 -0.0000 0.5041
vn 0.8097 -0.0000 0.5868
vn 0.8096 -0.0000 0.5869
vn -0.8096 -0.0000 -0.5869
vn -0.8636 0.0001 0.5042
vn 0.8643 -0.0000 -0.5030
vn 0.8642 0.0001 -0.5031
vn -0.8602 -0.0000 0.5099
vn 0.8603 -0.0000 -0.5098
vn 0.8143 -0.0000 0.5805
vn 0.8602 -0.0000 -0.5099
vn -0.8143 -0.0001 -0.5804
vn -0.8143 -0.0000 -0.5804
vt 0.545455 0.000000
vt 0.454545 0.000000
vt 0.363636 0.000000
vt 1.000000 0.000000
vt 0.727273 0.000000
vt 0.636364 0.000000
vt 0.000000 0.000000
vt 0.272727 0.000000
vt 0.181818 0.000000
vt 0.818182 0.000000
vt 0.909091 0.000000
vt 0.090909 0.000000
vt 0.896552 0.000000
vt 0.689655 0.000000
vt 0.655172 0.000000
vt 0.965517 0.000000
vt 0.724138 0.000000
vt 0.758621 0.000000
vt 0.862069 0.000000
vt 0.827586 0.000000
vt 0.068966 0.000000
vt 0.034483 0.000000
vt 0.103448 0.000000
vt 0.275862 0.000000
vt 0.241379 0.000000
vt 0.206897 0.000000
vt 0.482759 0.000000
vt 0.586207 0.000000
vt 0.551724 0.000000
vt 0.517241 0.000000
vt 0.344828 0.000000
vt 0.448276 0.000000
vt 0.413793 0.000000
vt 0.379310 0.000000
vt 0.310345 0.000000
vt 0.172414 0.000000
vt 0.137931 0.000000
vt 0.620690 0.000000
vt 0.931035 0.000000
vt 0.793103 0.000000
vt 0.400000 0.000000
vt 0.200000 0.000000
vt 0.800000 0.000000
vt 0.600000 0.000000
vt 0.900000 0.000000
vt 0.500000 0.000000
vt 0.300000 0.000000
vt 0.700000 0.000000
vt 0.100000 0.000000
vt 0.571429 0.000000
vt 0.428571 0.000000
vt 0.142857 0.000000
vt 0.285714 0.000000
vt 0.857143 0.000000
vt 0.714286 0.000000
vt 0.813559 0.000000
vt 0.847458 0.000000
vt 0.830508 0.000000
vt 0.864407 0.000000
vt 0.779661 0.000000
vt 0.762712 0.000000
vt 0.745763 0.000000
vt 0.796610 0.000000
vt 0.711864 0.000000
vt 0.694915 0.000000
vt 0.677966 0.000000
vt 0.728814 0.000000
vt 0.966102 0.000000
vt 0.457627 0.000000
vt 0.440678 0.000000
vt 0.983051 0.000000
vt 0.949153 0.000000
vt 0.542373 0.000000
vt 0.525424 0.000000
vt 0.474576 0.000000
vt 0.491525 0.000000
vt 0.508475 0.000000
vt 0.661017 0.000000
vt 0.067797 0.000000
vt 0.050847 0.000000
vt 0.406780 0.000000
vt 0.610169 0.000000
vt 0.423729 0.000000
vt 0.559322 0.000000
vt 0.576271 0.000000
vt 0.372881 0.000000
vt 0.627119 0.000000
vt 0.593220 0.000000
vt 0.881356 0.000000
vt 0.932203 0.000000
vt 0.915254 0.000000
vt 0.254237 0.000000
vt 0.237288 0.000000
vt 0.135593 0.000000
vt 0.220339 0.000000
vt 0.203390 0.000000
vt 0.152542 0.000000
vt 0.169492 0.000000
vt 0.186441 0.000000
vt 0.271186 0.000000
vt 0.322034 0.000000
vt 0.305085 0.000000
vt 0.288136 0.000000
vt 0.389830 0.000000
vt 0.355932 0.000000
vt 0.338983 0.000000
vt 0.644068 0.000000
vt 0.084746 0.000000
vt 0.118644 0.000000
vt 0.101695 0.000000
vt 0.033898 0.000000
vt 0.016949 0.000000
vt 0.898305 0.000000
vt 0.080000 0.000000
vt 0.040000 0.000000
vt 0.120000 0.000000
vt 0.240000 0.000000
vt 0.440000 0.000000
vt 0.280000 0.000000
vt 0.520000 0.000000
vt 0.480000 0.000000
vt 0.160000 0.000000
vt 0.720000 0.000000
vt 0.680000 0.000000
vt 0.640000 0.000000
vt 0.960000 0.000000
vt 0.920000 0.000000
vt 0.880000 0.000000
vt 0.840000 0.000000
vt 0.560000 0.000000
vt 0.760000 0.000000
vt 0.360000 0.000000
vt 0.320000 0.000000
vt 0.666667 0.000000
vt 0.333333 0.000000
vt 0.222222 0.000000
vt 0.111111 0.000000
vt 0.444444 0.000000
vt 0.888889 0.000000
vt 0.777778 0.000000
vt 0.555556 0.000000
vt 0.952381 0.000000
vt 0.904762 0.000000
vt 0.809524 0.000000
vt 0.761905 0.000000
vt 0.047619 0.000000
vt 0.190476 0.000000
vt 0.095238 0.000000
vt 0.380952 0.000000
vt 0.619048 0.000000
vt 0.476190 0.000000
vt 0.523810 0.000000
vt 0.238095 0.000000
vt 0.166667 0.000000
vt 0.083333 0.000000
vt 0.250000 0.000000
vt 0.916667 0.000000
vt 0.583333 0.000000
vt 0.833333 0.000000
vt 0.750000 0.000000
vt 0.416667 0.000000
vt 0.947368 0.000000
vt 0.368421 0.000000
vt 0.421053 0.000000
vt 0.842105 0.000000
vt 0.894737 0.000000
vt 0.315789 0.000000
vt 0.263158 0.000000
vt 0.631579 0.000000
vt 0.210526 0.000000
vt 0.578947 0.000000
vt 0.526316 0.000000
vt 0.789474 0.000000
vt 0.157895 0.000000
vt 0.473684 0.000000
vt 0.105263 0.000000
vt 0.052632 0.000000
vt 0.684211 0.000000
vt 0.736842 0.000000
vt 0.650000 0.000000
vt 0.850000 0.000000
vt 0.950000 0.000000
vt 0.450000 0.000000
vt 0.350000 0.000000
vt 0.150000 0.000000
vt 0.550000 0.000000
vt 0.050000 0.000000
vt 0.690476 0.000000
vt 0.547619 0.000000
vt 0.071429 0.000000
vt 0.023810 0.000000
vt 0.976190 0.000000
vt 0.738095 0.000000
vt 0.595238 0.000000
vt 0.642857 0.000000
vt 0.880952 0.000000
vt 0.452381 0.000000
vt 0.357143 0.000000
vt 0.214286 0.000000
vt 0.261905 0.000000
vt 0.309524 0.000000
vt 0.928571 0.000000
vt 0.404762 0.000000
vt 0.119048 0.000000
vt 0.785714 0.000000
vt 0.035714 0.000000
vt 0.059524 0.000000
vt 0.011905 0.000000
vt 0.107143 0.000000
vt 0.964286 0.000000
vt 0.797619 0.000000
vt 0.678571 0.000000
vt 0.607143 0.000000
vt 0.726190 0.000000
vt 0.940476 0.000000
vt 0.988095 0.000000
vt 0.297619 0.000000
vt 0.321429 0.000000
vt 0.654762 0.000000
vt 0.702381 0.000000
vt 0.773810 0.000000
vt 0.369048 0.000000
vt 0.345238 0.000000
vt 0.535714 0.000000
vt 0.488095 0.000000
vt 0.821429 0.000000
vt 0.845238 0.000000
vt 0.869048 0.000000
vt 0.464286 0.000000
vt 0.892857 0.000000
vt 0.178571 0.000000
vt 0.202381 0.000000
vt 0.130952 0.000000
vt 0.273810 0.000000
vt 0.226190 0.000000
vt 0.154762 0.000000
vt 0.559524 0.000000
vt 0.511905 0.000000
vt 0.440476 0.000000
vt 0.392857 0.000000
vt 0.630952 0.000000
vt 0.250000 1.000000
vt 0.000000 1.000000
vt 0.500000 1.000000
vt 0.750000 1.000000
vt 1.000000 1.000000
vt 0.083333 1.000000
vt 0.166667 1.000000
vt 0.333333 1.000000
vt 0.416667 1.000000
vt 0.583333 1.000000
vt 0.666667 1.000000
vt 0.833333 1.000000
vt 0.916667 1.000000
vt 0.125000 1.000000
vt 0.125000 0.000000
vt 0.375000 1.000000
vt 0.375000 0.000000
vt 0.625000 1.000000
vt 0.625000 0.000000
vt 0.875000 1.000000
vt 0.875000 0.000000
vt 0.142857 1.000000
vt 0.285714 1.000000
vt 0.428571 1.000000
vt 0.571429 1.000000
vt 0.714286 1.000000
vt 0.857143 1.000000
vt 0.100000 1.000000
vt 0.200000 1.000000
vt 0.300000 1.000000
vt 0.400000 1.000000
vt 0.600000 1.000000
vt 0.700000 1.000000
vt 0.800000 1.000000
vt 0.900000 1.000000
vt 0.022727 1.000000
vt 0.045455 1.000000
vt 0.022727 0.000000
vt 0.068182 1.000000
vt 0.045455 0.000000
vt 0.090909 1.000000
vt 0.068182 0.000000
vt 0.113636 1.000000
vt 0.136364 1.000000
vt 0.113636 0.000000
vt 0.159091 1.000000
vt 0.136364 0.000000
vt 0.181818 1.000000
vt 0.159091 0.000000
vt 0.204545 1.000000
vt 0.227273 1.000000
vt 0.204545 0.000000
vt 0.227273 0.000000
vt 0.272727 1.000000
vt 0.295455 1.000000
vt 0.318182 1.000000
vt 0.295455 0.000000
vt 0.340909 1.000000
vt 0.318182 0.000000
vt 0.363636 1.000000
vt 0.340909 0.000000
vt 0.386364 1.000000
vt 0.409091 1.000000
vt 0.386364 0.000000
vt 0.431818 1.000000
vt 0.409091 0.000000
vt 0.454545 1.000000
vt 0.431818 0.000000
vt 0.477273 1.000000
vt 0.477273 0.000000
vt 0.522727 1.000000
vt 0.545455 1.000000
vt 0.522727 0.000000
vt 0.568182 1.000000
vt 0.590909 1.000000
vt 0.568182 0.000000
vt 0.613636 1.000000
vt 0.590909 0.000000
vt 0.636364 1.000000
vt 0.613636 0.000000
vt 0.659091 1.000000
vt 0.681818 1.000000
vt 0.659091 0.000000
vt 0.704545 1.000000
vt 0.681818 0.000000
vt 0.727273 1.000000
vt 0.704545 0.000000
vt 0.772727 1.000000
vt 0.795455 1.000000
vt 0.772727 0.000000
vt 0.818182 1.000000
vt 0.795455 0.000000
vt 0.840909 1.000000
vt 0.863636 1.000000
vt 0.840909 0.000000
vt 0.886364 1.000000
vt 0.863636 0.000000
vt 0.909091 1.000000
vt 0.886364 0.000000
vt 0.931818 1.000000
vt 0.954545 1.000000
vt 0.931818 0.000000
vt 0.977273 1.000000
vt 0.954545 0.000000
vt 0.977273 0.000000
vt 0.035714 1.000000
vt 0.071429 1.000000
vt 0.107143 1.000000
vt 0.178571 1.000000
vt 0.214286 1.000000
vt 0.321429 1.000000
vt 0.357143 1.000000
vt 0.392857 1.000000
vt 0.464286 1.000000
vt 0.535714 1.000000
vt 0.607143 1.000000
vt 0.642857 1.000000
vt 0.678571 1.000000
vt 0.785714 1.000000
vt 0.821429 1.000000
vt 0.892857 1.000000
vt 0.928571 1.000000
vt 0.964286 1.000000
vt 0.066667 1.000000
vt 0.133333 1.000000
vt 0.066667 0.000000
vt 0.133333 0.000000
vt 0.266667 1.000000
vt 0.266667 0.000000
vt 0.466667 1.000000
vt 0.533333 1.000000
vt 0.466667 0.000000
vt 0.533333 0.000000
vt 0.733333 1.000000
vt 0.733333 0.000000
vt 0.866667 1.000000
vt 0.933333 1.000000
vt 0.866667 0.000000
vt 0.933333 0.000000
vt 0.058824 1.000000
vt 0.117647 1.000000
vt 0.058824 0.000000
vt 0.176471 1.000000
vt 0.117647 0.000000
vt 0.235294 1.000000
vt 0.176471 0.000000
vt 0.294118 1.000000
vt 0.235294 0.000000
vt 0.352941 1.000000
vt 0.294118 0.000000
vt 0.411765 1.000000
vt 0.352941 0.000000
vt 0.470588 1.000000
vt 0.411765 0.000000
vt 0.529412 1.000000
vt 0.470588 0.000000
vt 0.588235 1.000000
vt 0.529412 0.000000
vt 0.647059 1.000000
vt 0.588235 0.000000
vt 0.705882 1.000000
vt 0.647059 0.000000
vt 0.764706 1.000000
vt 0.705882 0.000000
vt 0.823529 1.000000
vt 0.764706 0.000000
vt 0.882353 1.000000
vt 0.823529 0.000000
vt 0.941176 1.000000
vt 0.882353 0.000000
vt 0.941176 0.000000
vt 0.062500 1.000000
vt 0.062500 0.000000
vt 0.187500 1.000000
vt 0.187500 0.000000
vt 0.312500 1.000000
vt 0.312500 0.000000
vt 0.437500 1.000000
vt 0.437500 0.000000
vt 0.562500 1.000000
vt 0.562500 0.000000
vt 0.687500 1.000000
vt 0.687500 0.000000
vt 0.812500 1.000000
vt 0.812500 0.000000
vt 0.937500 1.000000
vt 0.937500 0.000000
vt 0.076923 1.000000
vt 0.153846 1.000000
vt 0.076923 0.000000
vt 0.230769 1.000000
vt 0.153846 0.000000
vt 0.307692 1.000000
vt 0.230769 0.000000
vt 0.384615 1.000000
vt 0.307692 0.000000
vt 0.461538 1.000000
vt 0.384615 0.000000
vt 0.538462 1.000000
vt 0.461538 0.000000
vt 0.615385 1.000000
vt 0.538462 0.000000
vt 0.692308 1.000000
vt 0.615385 0.000000
vt 0.769231 1.000000
vt 0.692308 0.000000
vt 0.846154 1.000000
vt 0.769231 0.000000
vt 0.923077 1.000000
vt 0.846154 0.000000
vt 0.923077 0.000000
vt 0.033333 1.000000
vt 0.033333 0.000000
vt 0.233333 1.000000
vt 0.233333 0.000000
vt 0.366667 1.000000
vt 0.366667 0.000000
vt 0.433333 1.000000
vt 0.433333 0.000000
vt 0.566667 1.000000
vt 0.566667 0.000000
vt 0.633333 1.000000
vt 0.633333 0.000000
vt 0.766667 1.000000
vt 0.766667 0.000000
vt 0.966667 1.000000
vt 0.966667 0.000000
vt 0.025000 1.000000
vt 0.050000 1.000000
vt 0.025000 0.000000
vt 0.075000 1.000000
vt 0.075000 0.000000
vt 0.150000 1.000000
vt 0.175000 1.000000
vt 0.175000 0.000000
vt 0.225000 1.000000
vt 0.225000 0.000000
vt 0.275000 1.000000
vt 0.275000 0.000000
vt 0.325000 1.000000
vt 0.350000 1.000000
vt 0.325000 0.000000
vt 0.425000 1.000000
vt 0.450000 1.000000
vt 0.425000 0.000000
vt 0.475000 1.000000
vt 0.475000 0.000000
vt 0.525000 1.000000
vt 0.550000 1.000000
vt 0.525000 0.000000
vt 0.575000 1.000000
vt 0.575000 0.000000
vt 0.650000 1.000000
vt 0.675000 1.000000
vt 0.675000 0.000000
vt 0.725000 1.000000
vt 0.725000 0.000000
vt 0.775000 1.000000
vt 0.775000 0.000000
vt 0.825000 1.000000
vt 0.850000 1.000000
vt 0.825000 0.000000
vt 0.925000 1.000000
vt 0.950000 1.000000
vt 0.925000 0.000000
vt 0.975000 1.000000
vt 0.975000 0.000000
vt 0.038462 1.000000
vt 0.038462 0.000000
vt 0.115385 1.000000
vt 0.115385 0.000000
vt 0.192308 1.000000
vt 0.192308 0.000000
vt 0.269231 1.000000
vt 0.269231 0.000000
vt 0.346154 1.000000
vt 0.346154 0.000000
vt 0.423077 1.000000
vt 0.423077 0.000000
vt 0.576923 1.000000
vt 0.576923 0.000000
vt 0.653846 1.000000
vt 0.653846 0.000000
vt 0.730769 1.000000
vt 0.730769 0.000000
vt 0.807692 1.000000
vt 0.807692 0.000000
vt 0.884615 1.000000
vt 0.884615 0.000000
vt 0.961538 1.000000
vt 0.961538 0.000000
s 1
usemtl Material.029
f 1212/237/549 1211/238/549 1210/239/549
f 1210/239/549 1217/240/549 1214/241/549
f 1214/241/549 1213/242/549 1210/239/549
f 1206/243/549 1209/244/549 1208/245/549
f 1214/241/549 1217/240/549 1215/246/549
f 1216/247/549 1215/246/549 1217/240/549
f 1208/245/549 1207/248/549 1206/243/549
f 1210/239/549 1213/242/549 1212/237/549
f 1244/249/549 1238/250/549 1237/251/549
f 1246/252/549 1239/253/549 1247/240/549
f 1238/250/549 1244/249/549 1247/240/549
f 1247/240/549 1239/253/549 1238/250/549
f 1240/254/549 1243/255/549 1242/256/549
f 1220/257/549 1219/258/549 1218/243/549
f 1218/243/549 1221/259/549 1220/257/549
f 1226/260/549 1225/261/549 1224/262/549
f 1232/263/549 1235/264/549 1234/265/549
f 1234/265/549 1233/266/549 1232/263/549
f 1228/267/549 1231/268/549 1230/269/549
f 1230/269/549 1229/270/549 1228/267/549
f 1226/260/549 1224/262/549 1227/271/549
f 1224/262/549 1223/272/549 1222/273/549
f 1244/249/549 1237/251/549 1236/274/549
f 1245/275/549 1244/249/549 1236/274/549
f 1236/274/549 1235/264/549 1245/275/549
f 1246/252/549 1245/275/549 1235/264/549
f 1239/253/549 1246/252/549 1235/264/549
f 1235/264/549 1232/263/549 1239/253/549
f 1240/254/549 1239/253/549 1232/263/549
f 1232/263/549 1231/268/549 1240/254/549
f 1243/255/549 1240/254/549 1231/268/549
f 1231/268/549 1228/267/549 1243/255/549
f 1218/243/549 1243/255/549 1228/267/549
f 1228/267/549 1227/271/549 1218/243/549
f 1221/259/549 1218/243/549 1227/271/549
f 1227/271/549 1224/262/549 1221/259/549
f 1224/262/549 1222/273/549 1221/259/549
f 1242/256/549 1241/276/549 1240/254/549
f 1250/277/549 1249/278/549 1252/279/549
f 1252/279/549 1249/278/549 1248/243/549
f 1248/243/549 1253/240/549 1252/279/549
f 1250/277/549 1252/279/549 1251/280/549
f 1264/240/549 1263/281/549 1260/280/549
f 1264/240/549 1260/280/549 1254/243/549
f 1259/282/549 1254/243/549 1260/280/549
f 1258/277/549 1257/283/549 1259/282/549
f 1254/243/549 1259/282/549 1257/283/549
f 1260/280/549 1263/281/549 1262/279/549
f 1262/279/549 1261/284/549 1260/280/549
f 1256/278/549 1255/285/549 1254/243/549
f 1254/243/549 1257/283/549 1256/278/549
f 1269/286/549 1268/287/549 1265/243/549
f 1265/243/549 1272/240/549 1269/286/549
f 1265/243/549 1268/287/549 1266/288/549
f 1267/289/549 1266/288/549 1268/287/549
f 1271/290/549 1270/291/549 1269/286/549
f 1269/286/549 1272/240/549 1271/290/549
f 1321/292/549 1323/293/549 1322/294/549
f 1323/293/549 1321/292/549 1324/295/549
f 1319/296/549 1318/297/549 1317/298/549
f 1317/298/549 1320/299/549 1319/296/549
f 1315/300/549 1314/301/549 1313/302/549
f 1313/302/549 1316/303/549 1315/300/549
f 1330/304/549 1300/305/549 1299/306/549
f 1299/306/549 1331/307/549 1330/304/549
f 1329/308/549 1305/309/549 1304/310/549
f 1300/305/549 1330/304/549 1301/311/549
f 1302/312/549 1301/311/549 1330/304/549
f 1303/313/549 1302/312/549 1330/304/549
f 1330/304/549 1329/308/549 1303/313/549
f 1329/308/549 1304/310/549 1303/313/549
f 1312/314/549 1277/315/549 1276/316/549
f 1297/317/549 1309/318/549 1298/319/549
f 1306/320/549 1332/240/549 1307/321/549
f 1309/318/549 1297/317/549 1295/322/549
f 1295/322/549 1310/323/549 1309/318/549
f 1332/240/549 1309/318/549 1308/324/549
f 1307/321/549 1332/240/549 1308/324/549
f 1325/325/549 1328/326/549 1327/327/549
f 1288/328/549 1287/329/549 1281/330/549
f 1286/331/549 1285/332/549 1282/333/549
f 1283/334/549 1282/333/549 1285/332/549
f 1285/332/549 1284/335/549 1283/334/549
f 1289/336/549 1292/337/549 1291/338/549
f 1291/338/549 1290/339/549 1289/336/549
f 1286/331/549 1282/333/549 1287/329/549
f 1281/330/549 1287/329/549 1282/333/549
f 1297/317/549 1296/340/549 1295/322/549
f 1294/341/549 1293/342/549 1295/322/549
f 1293/342/549 1292/337/549 1295/322/549
f 1310/323/549 1295/322/549 1292/337/549
f 1292/337/549 1289/336/549 1310/323/549
f 1289/336/549 1288/328/549 1311/343/549
f 1288/328/549 1281/330/549 1311/343/549
f 1278/344/549 1311/343/549 1281/330/549
f 1281/330/549 1280/345/549 1278/344/549
f 1279/346/549 1278/344/549 1280/345/549
f 1331/307/549 1299/306/549 1298/319/549
f 1298/319/549 1309/318/549 1331/307/549
f 1309/318/549 1332/240/549 1331/307/549
f 1305/309/549 1329/308/549 1332/240/549
f 1332/240/549 1306/320/549 1305/309/549
f 1277/315/549 1312/314/549 1311/343/549
f 1311/343/549 1278/344/549 1277/315/549
f 1276/316/549 1275/347/549 1312/314/549
f 1310/323/549 1289/336/549 1311/343/549
f 1274/348/549 1273/243/549 1312/314/549
f 1275/347/549 1274/348/549 1312/314/549
f 1327/327/549 1326/349/549 1325/325/549
f 1335/350/549 1334/351/549 1333/243/549
f 1333/243/549 1336/352/549 1335/350/549
f 1339/353/549 1344/354/549 1343/277/549
f 1339/353/549 1343/277/549 1340/355/549
f 1333/243/549 1346/356/549 1345/357/549
f 1345/357/549 1344/354/549 1333/243/549
f 1336/352/549 1333/243/549 1344/354/549
f 1344/354/549 1339/353/549 1336/352/549
f 1337/358/549 1336/352/549 1339/353/549
f 1339/353/549 1338/278/549 1337/358/549
f 1351/359/549 1350/360/549 1353/279/549
f 1349/361/549 1348/280/549 1350/360/549
f 1357/362/549 1356/363/549 1355/364/549
f 1358/240/549 1354/365/549 1347/366/549
f 1357/362/549 1355/364/549 1358/240/549
f 1354/365/549 1358/240/549 1355/364/549
f 1350/360/549 1348/280/549 1347/366/549
f 1353/279/549 1350/360/549 1347/366/549
f 1347/366/549 1354/365/549 1353/279/549
f 1351/359/549 1353/279/549 1352/367/549
f 1342/368/549 1341/369/549 1343/277/549
f 1340/355/549 1343/277/549 1341/369/549
f 1361/370/549 1360/371/549 1359/243/549
f 1359/243/549 1362/240/549 1361/370/549
f 1376/268/549 1375/269/549 1374/270/549
f 1374/270/549 1377/263/549 1376/268/549
f 1368/272/549 1367/273/549 1378/266/549
f 1381/274/549 1378/266/549 1367/273/549
f 1367/273/549 1384/253/549 1381/274/549
f 1382/251/549 1381/274/549 1384/253/549
f 1374/270/549 1373/267/549 1372/271/549
f 1372/271/549 1371/260/549 1374/270/549
f 1377/263/549 1374/270/549 1371/260/549
f 1371/260/549 1368/272/549 1377/263/549
f 1368/272/549 1378/266/549 1377/263/549
f 1380/264/549 1379/265/549 1378/266/549
f 1378/266/549 1381/274/549 1380/264/549
f 1388/255/549 1387/256/549 1390/275/549
f 1390/275/549 1389/249/549 1388/255/549
f 1364/258/549 1363/243/549 1365/257/549
f 1366/259/549 1365/257/549 1391/252/549
f 1392/240/549 1391/252/549 1365/257/549
f 1365/257/549 1363/243/549 1392/240/549
f 1387/256/549 1386/276/549 1366/259/549
f 1390/275/549 1387/256/549 1366/259/549
f 1366/259/549 1391/252/549 1390/275/549
f 1368/272/549 1371/260/549 1370/261/549
f 1370/261/549 1369/262/549 1368/272/549
f 1384/253/549 1367/273/549 1386/276/549
f 1386/276/549 1385/254/549 1384/253/549
f 1382/251/549 1384/253/549 1383/250/549
f 1386/276/549 1367/273/549 1366/259/549
f 1395/372/549 1394/373/549 1393/243/549
f 1393/243/549 1396/371/549 1395/372/549
f 1397/374/549 1402/240/549 1401/375/549
f 1399/370/549 1401/375/549 1400/376/549
f 1397/374/549 1401/375/549 1398/377/549
f 1401/375/549 1399/370/549 1398/377/549
f 1424/240/549 1423/378/549 1422/379/549
f 1420/380/549 1419/381/549 1422/379/549
f 1419/381/549 1403/243/549 1422/379/549
f 1403/243/549 1406/288/549 1404/382/549
f 1407/383/549 1406/288/549 1403/243/549
f 1420/380/549 1422/379/549 1421/290/549
f 1405/384/549 1404/382/549 1406/288/549
f 1411/385/549 1410/371/549 1416/386/549
f 1416/386/549 1410/371/549 1409/289/549
f 1413/387/549 1415/286/549 1414/388/549
f 1418/291/549 1417/370/549 1416/386/549
f 1411/385/549 1416/386/549 1415/286/549
f 1415/286/549 1413/387/549 1411/385/549
f 1418/291/549 1416/386/549 1419/381/549
f 1403/243/549 1419/381/549 1416/386/549
f 1416/386/549 1409/289/549 1403/243/549
f 1409/289/549 1408/389/549 1403/243/549
f 1407/383/549 1403/243/549 1408/389/549
f 1413/387/549 1412/287/549 1411/385/549
f 1422/379/549 1403/243/549 1424/240/549
f 1435/247/549 1434/246/549 1436/240/549
f 1425/243/549 1427/245/549 1426/248/549
f 1431/237/549 1433/241/549 1432/242/549
f 1429/239/549 1428/244/549 1430/238/549
f 1436/240/549 1434/246/549 1433/241/549
f 1433/241/549 1431/237/549 1436/240/549
f 1425/243/549 1436/240/549 1431/237/549
f 1431/237/549 1430/238/549 1425/243/549
f 1427/245/549 1425/243/549 1430/238/549
f 1430/238/549 1428/244/549 1427/245/549
f 1439/390/549 1438/391/549 1440/392/549
f 1440/392/549 1438/391/549 1448/393/549
f 1444/394/549 1447/395/549 1446/396/549
f 1446/396/549 1445/370/549 1444/394/549
f 1448/393/549 1438/391/549 1437/243/549
f 1437/243/549 1449/240/549 1448/393/549
f 1440/392/549 1448/393/549 1447/395/549
f 1441/371/549 1440/392/549 1447/395/549
f 1447/395/549 1444/394/549 1441/371/549
f 1444/394/549 1443/282/549 1441/371/549
f 1442/397/549 1441/371/549 1443/282/549
f 1468/398/549 1469/240/549 1457/399/549
f 1458/400/549 1457/399/549 1469/240/549
f 1469/240/549 1466/401/549 1458/400/549
f 1466/401/549 1467/402/549 1458/400/549
f 1456/403/549 1455/404/549 1462/405/549
f 1454/406/549 1462/405/549 1455/404/549
f 1461/407/549 1460/408/549 1456/403/549
f 1456/403/549 1462/405/549 1461/407/549
f 1450/243/549 1465/409/549 1462/405/549
f 1462/405/549 1454/406/549 1450/243/549
f 1454/406/549 1453/410/549 1450/243/549
f 1456/403/549 1460/408/549 1457/399/549
f 1468/398/549 1457/399/549 1460/408/549
f 1467/402/549 1468/398/549 1460/408/549
f 1460/408/549 1459/411/549 1467/402/549
f 1452/412/549 1451/413/549 1450/243/549
f 1450/243/549 1453/410/549 1452/412/549
f 1467/402/549 1459/411/549 1458/400/549
f 1462/405/549 1465/409/549 1463/414/549
f 1464/415/549 1463/414/549 1465/409/549
f 1485/396/549 1484/284/549 1490/240/549
f 1490/240/549 1484/284/549 1483/416/549
f 1483/416/549 1487/417/549 1490/240/549
f 1485/396/549 1490/240/549 1489/418/549
f 1476/283/549 1479/419/549 1478/277/549
f 1478/277/549 1477/420/549 1476/283/549
f 1470/243/549 1486/279/549 1479/419/549
f 1473/421/549 1470/243/549 1479/419/549
f 1479/419/549 1476/283/549 1473/421/549
f 1474/278/549 1473/421/549 1476/283/549
f 1476/283/549 1475/392/549 1474/278/549
f 1483/416/549 1482/280/549 1481/422/549
f 1481/422/549 1480/282/549 1483/416/549
f 1487/417/549 1483/416/549 1480/282/549
f 1488/281/549 1487/417/549 1480/282/549
f 1480/282/549 1479/419/549 1488/281/549
f 1479/419/549 1486/279/549 1488/281/549
f 1489/418/549 1488/281/549 1486/279/549
f 1470/243/549 1473/421/549 1472/285/549
f 1485/396/549 1489/418/549 1486/279/549
f 1472/285/549 1471/423/549 1470/243/549
f 1521/291/549 1520/424/549 1519/370/549
f 1514/425/549 1513/388/549 1491/243/549
f 1513/388/549 1494/426/549 1493/382/549
f 1491/243/549 1513/388/549 1492/427/549
f 1513/388/549 1493/382/549 1492/427/549
f 1519/370/549 1532/428/549 1531/378/549
f 1522/429/549 1519/370/549 1531/378/549
f 1522/429/549 1531/378/549 1523/381/549
f 1515/286/549 1517/386/549 1516/430/549
f 1532/428/549 1519/370/549 1533/240/549
f 1491/243/549 1518/431/549 1517/386/549
f 1514/425/549 1491/243/549 1517/386/549
f 1517/386/549 1515/286/549 1514/425/549
f 1527/290/549 1526/395/549 1528/432/549
f 1512/282/549 1510/433/549 1506/434/549
f 1506/434/549 1505/371/549 1512/282/549
f 1498/390/549 1512/282/549 1505/371/549
f 1498/390/549 1505/371/549 1499/383/549
f 1512/282/549 1498/390/549 1497/288/549
f 1500/435/549 1502/436/549 1501/389/549
f 1504/437/549 1503/289/549 1502/436/549
f 1502/436/549 1500/435/549 1504/437/549
f 1499/383/549 1504/437/549 1500/435/549
f 1528/432/549 1530/438/549 1529/379/549
f 1506/434/549 1509/287/549 1508/439/549
f 1504/437/549 1499/383/549 1505/371/549
f 1530/438/549 1528/432/549 1531/378/549
f 1528/432/549 1525/380/549 1531/378/549
f 1510/433/549 1512/282/549 1511/387/549
f 1494/426/549 1513/388/549 1495/384/549
f 1496/440/549 1495/384/549 1512/282/549
f 1512/282/549 1497/288/549 1496/440/549
f 1508/439/549 1507/385/549 1506/434/549
f 1509/287/549 1506/434/549 1510/433/549
f 1512/282/549 1495/384/549 1513/388/549
f 1519/370/549 1522/429/549 1521/291/549
f 1525/380/549 1524/441/549 1523/381/549
f 1531/378/549 1525/380/549 1523/381/549
f 1525/380/549 1528/432/549 1526/395/549
f 1536/427/549 1538/382/549 1537/442/549
f 1534/243/549 1540/426/549 1539/443/549
f 1538/382/549 1536/427/549 1534/243/549
f 1535/444/549 1534/243/549 1536/427/549
f 1543/445/549 1542/384/549 1541/391/549
f 1534/243/549 1539/443/549 1538/382/549
f 1543/445/549 1541/391/549 1544/440/549
f 1597/396/549 1596/429/549 1615/446/549
f 1612/438/549 1601/447/549 1600/441/549
f 1591/448/549 1590/370/549 1585/449/549
f 1615/446/549 1596/429/549 1595/450/549
f 1595/450/549 1616/428/549 1615/446/549
f 1613/451/549 1618/240/549 1617/452/549
f 1617/452/549 1614/378/549 1613/451/549
f 1601/447/549 1612/438/549 1611/393/549
f 1611/393/549 1602/380/549 1601/447/549
f 1559/453/549 1562/371/549 1561/454/549
f 1589/455/549 1588/431/549 1590/370/549
f 1593/456/549 1592/424/549 1591/448/549
f 1591/448/549 1594/291/549 1593/456/549
f 1597/396/549 1615/446/549 1598/381/549
f 1615/446/549 1618/240/549 1598/381/549
f 1613/451/549 1612/438/549 1599/457/549
f 1612/438/549 1600/441/549 1599/457/549
f 1565/458/549 1564/434/549 1563/459/549
f 1606/290/549 1580/425/549 1579/460/549
f 1574/387/549 1608/432/549 1575/461/549
f 1604/395/549 1603/462/549 1578/388/549
f 1578/388/549 1603/462/549 1579/460/549
f 1606/290/549 1579/460/549 1603/462/549
f 1610/379/549 1605/463/549 1604/395/549
f 1604/395/549 1607/464/549 1610/379/549
f 1573/465/549 1609/466/549 1608/432/549
f 1608/432/549 1574/387/549 1573/465/549
f 1549/467/549 1552/435/549 1551/468/549
f 1549/467/549 1551/468/549 1550/383/549
f 1548/390/549 1545/469/549 1552/435/549
f 1552/435/549 1549/467/549 1548/390/549
f 1557/470/549 1556/436/549 1555/392/549
f 1555/392/549 1558/289/549 1557/470/549
f 1553/471/549 1552/435/549 1545/469/549
f 1547/472/549 1546/288/549 1545/469/549
f 1545/469/549 1548/390/549 1547/472/549
f 1581/473/549 1584/430/549 1583/394/549
f 1583/394/549 1582/286/549 1581/473/549
f 1604/395/549 1578/388/549 1577/474/549
f 1575/461/549 1608/432/549 1576/282/549
f 1571/475/549 1570/287/549 1569/397/549
f 1567/476/549 1566/385/549 1568/439/549
f 1590/370/549 1588/431/549 1587/477/549
f 1585/449/549 1590/370/549 1587/477/549
f 1587/477/549 1586/386/549 1585/449/549
f 1591/448/549 1585/449/549 1584/430/549
f 1594/291/549 1591/448/549 1584/430/549
f 1584/430/549 1581/473/549 1594/291/549
f 1595/450/549 1594/291/549 1581/473/549
f 1581/473/549 1580/425/549 1595/450/549
f 1616/428/549 1595/450/549 1580/425/549
f 1580/425/549 1606/290/549 1616/428/549
f 1617/452/549 1616/428/549 1606/290/549
f 1606/290/549 1605/463/549 1617/452/549
f 1614/378/549 1617/452/549 1605/463/549
f 1605/463/549 1610/379/549 1614/378/549
f 1611/393/549 1614/378/549 1610/379/549
f 1610/379/549 1609/466/549 1611/393/549
f 1602/380/549 1611/393/549 1609/466/549
f 1609/466/549 1573/465/549 1602/380/549
f 1559/453/549 1602/380/549 1573/465/549
f 1573/465/549 1572/433/549 1559/453/549
f 1562/371/549 1559/453/549 1572/433/549
f 1572/433/549 1569/397/549 1562/371/549
f 1563/459/549 1562/371/549 1569/397/549
f 1569/397/549 1568/439/549 1563/459/549
f 1565/458/549 1563/459/549 1568/439/549
f 1568/439/549 1566/385/549 1565/458/549
f 1554/389/549 1553/471/549 1545/469/549
f 1561/454/549 1560/437/549 1559/453/549
f 1569/397/549 1572/433/549 1571/475/549
f 1607/464/549 1604/395/549 1577/474/549
f 1577/474/549 1576/282/549 1607/464/549
f 1608/432/549 1607/464/549 1576/282/549
f 1618/240/549 1613/451/549 1599/457/549
f 1599/457/549 1598/381/549 1618/240/549
f 1621/245/549 1620/248/549 1619/243/549
f 1629/247/549 1628/246/549 1627/241/549
f 1627/241/549 1630/240/549 1629/247/549
f 1623/239/549 1626/242/549 1624/238/549
f 1625/237/549 1624/238/549 1626/242/549
f 1622/244/549 1621/245/549 1619/243/549
f 1631/243/549 1638/240/549 1632/288/549
f 1633/289/549 1632/288/549 1638/240/549
f 1637/290/549 1636/291/549 1635/286/549
f 1637/290/549 1635/286/549 1638/240/549
f 1633/289/549 1638/240/549 1635/286/549
f 1635/286/549 1634/287/549 1633/289/549
f 1641/245/549 1640/248/549 1639/243/549
f 1641/245/549 1639/243/549 1642/244/549
f 1645/237/549 1643/239/549 1646/242/549
f 1643/239/549 1645/237/549 1644/238/549
f 1649/247/549 1648/246/549 1647/241/549
f 1647/241/549 1650/240/549 1649/247/549
f 1656/238/549 1655/239/549 1654/244/549
f 1657/237/549 1656/238/549 1654/244/549
f 1654/244/549 1659/241/549 1657/237/549
f 1659/241/549 1658/242/549 1657/237/549
f 1653/245/549 1652/248/549 1651/243/549
f 1662/240/549 1661/247/549 1660/246/549
f 1653/245/549 1651/243/549 1662/240/549
f 1662/240/549 1660/246/549 1653/245/549
f 1659/241/549 1654/244/549 1653/245/549
f 1653/245/549 1660/246/549 1659/241/549
f 1665/289/549 1664/288/549 1669/290/549
f 1669/290/549 1668/291/549 1665/289/549
f 1667/286/549 1670/240/549 1663/243/549
f 1663/243/549 1666/287/549 1667/286/549
f 1669/290/549 1664/288/549 1663/243/549
f 1663/243/549 1670/240/549 1669/290/549
f 1665/289/549 1668/291/549 1667/286/549
f 1667/286/549 1666/287/549 1665/289/549
f 1677/237/550 1675/239/550 1676/238/550
f 1675/239/550 1679/241/550 1682/240/550
f 1679/241/550 1675/239/550 1678/242/550
f 1671/243/550 1673/245/550 1674/244/550
f 1679/241/550 1680/246/550 1682/240/550
f 1681/247/550 1682/240/550 1680/246/550
f 1673/245/550 1671/243/550 1672/248/550
f 1675/239/550 1677/237/550 1678/242/550
f 1709/249/550 1702/251/550 1703/250/550
f 1711/252/550 1712/240/550 1704/253/550
f 1703/250/550 1712/240/550 1709/249/550
f 1712/240/550 1703/250/550 1704/253/550
f 1705/254/550 1707/256/550 1708/255/550
f 1685/257/550 1683/243/550 1684/258/550
f 1683/243/550 1685/257/550 1686/259/550
f 1691/260/550 1689/262/550 1690/261/550
f 1697/263/550 1699/265/550 1700/264/550
f 1699/265/550 1697/263/550 1698/266/550
f 1693/267/550 1695/269/550 1696/268/550
f 1695/269/550 1693/267/550 1694/270/550
f 1691/260/550 1692/271/550 1689/262/550
f 1689/262/550 1687/273/550 1688/272/550
f 1709/249/550 1701/274/550 1702/251/550
f 1710/275/550 1701/274/550 1709/249/550
f 1701/274/550 1710/275/550 1700/264/550
f 1711/252/550 1700/264/550 1710/275/550
f 1704/253/550 1700/264/550 1711/252/550
f 1700/264/550 1704/253/550 1697/263/550
f 1705/254/550 1697/263/550 1704/253/550
f 1697/263/550 1705/254/550 1696/268/550
f 1708/255/550 1696/268/550 1705/254/550
f 1696/268/550 1708/255/550 1693/267/550
f 1683/243/550 1693/267/550 1708/255/550
f 1693/267/550 1683/243/550 1692/271/550
f 1686/259/550 1692/271/550 1683/243/550
f 1692/271/550 1686/259/550 1689/262/550
f 1689/262/550 1686/259/550 1687/273/550
f 1707/256/550 1705/254/550 1706/276/550
f 1715/277/550 1717/279/550 1714/278/550
f 1717/279/550 1713/243/550 1714/278/550
f 1713/243/550 1717/279/550 1718/240/550
f 1715/277/550 1716/280/550 1717/279/550
f 1729/240/550 1725/280/550 1728/281/550
f 1729/240/550 1719/243/550 1725/280/550
f 1724/282/550 1725/280/550 1719/243/550
f 1723/277/550 1724/282/550 1722/283/550
f 1719/243/550 1722/283/550 1724/282/550
f 1725/280/550 1727/279/550 1728/281/550
f 1727/279/550 1725/280/550 1726/284/550
f 1721/278/550 1719/243/550 1720/285/550
f 1719/243/550 1721/278/550 1722/283/550
f 1734/286/550 1730/243/550 1733/287/550
f 1730/243/550 1734/286/550 1737/240/550
f 1730/243/550 1731/288/550 1733/287/550
f 1732/289/550 1733/287/550 1731/288/550
f 1736/290/550 1734/286/550 1735/291/550
f 1734/286/550 1736/290/550 1737/240/550
f 1786/292/550 1787/294/550 1788/293/550
f 1788/293/550 1789/295/550 1786/292/550
f 1784/296/550 1782/298/550 1783/297/550
f 1782/298/550 1784/296/550 1785/299/550
f 1780/300/550 1778/302/550 1779/301/550
f 1778/302/550 1780/300/550 1781/303/550
f 1795/304/550 1764/306/550 1765/305/550
f 1764/306/550 1795/304/550 1796/307/550
f 1794/308/550 1769/310/550 1770/309/550
f 1765/305/550 1766/311/550 1795/304/550
f 1767/312/550 1795/304/550 1766/311/550
f 1768/313/550 1795/304/550 1767/312/550
f 1795/304/550 1768/313/550 1794/308/550
f 1794/308/550 1768/313/550 1769/310/550
f 1777/314/550 1741/316/550 1742/315/550
f 1762/317/550 1763/319/550 1774/318/550
f 1771/320/550 1772/321/550 1797/240/550
f 1774/318/550 1760/322/550 1762/317/550
f 1760/322/550 1774/318/550 1775/323/550
f 1797/240/550 1773/324/550 1774/318/550
f 1772/321/550 1773/324/550 1797/240/550
f 1790/325/550 1792/327/550 1793/326/550
f 1753/328/550 1746/330/550 1752/329/550
f 1751/331/550 1747/333/550 1750/332/550
f 1748/334/550 1750/332/550 1747/333/550
f 1750/332/550 1748/334/550 1749/335/550
f 1754/336/550 1756/338/550 1757/337/550
f 1756/338/550 1754/336/550 1755/339/550
f 1751/331/550 1752/329/550 1747/333/550
f 1746/330/550 1747/333/550 1752/329/550
f 1762/317/550 1760/322/550 1761/340/550
f 1759/341/550 1760/322/550 1758/342/550
f 1758/342/550 1760/322/550 1757/337/550
f 1775/323/550 1757/337/550 1760/322/550
f 1757/337/550 1775/323/550 1754/336/550
f 1754/336/550 1776/343/550 1753/328/550
f 1753/328/550 1776/343/550 1746/330/550
f 1743/344/550 1746/330/550 1776/343/550
f 1746/330/550 1743/344/550 1745/345/550
f 1744/346/550 1745/345/550 1743/344/550
f 1796/307/550 1763/319/550 1764/306/550
f 1763/319/550 1796/307/550 1774/318/550
f 1774/318/550 1796/307/550 1797/240/550
f 1770/309/550 1797/240/550 1794/308/550
f 1797/240/550 1770/309/550 1771/320/550
f 1742/315/550 1776/343/550 1777/314/550
f 1776/343/550 1742/315/550 1743/344/550
f 1741/316/550 1777/314/550 1740/347/550
f 1775/323/550 1776/343/550 1754/336/550
f 1739/348/550 1777/314/550 1738/243/550
f 1740/347/550 1777/314/550 1739/348/550
f 1792/327/550 1790/325/550 1791/349/550
f 1800/350/550 1798/243/550 1799/351/550
f 1798/243/550 1800/350/550 1801/352/550
f 1804/353/550 1808/277/550 1809/354/550
f 1804/353/550 1805/355/550 1808/277/550
f 1798/243/550 1810/357/550 1811/356/550
f 1810/357/550 1798/243/550 1809/354/550
f 1801/352/550 1809/354/550 1798/243/550
f 1809/354/550 1801/352/550 1804/353/550
f 1802/358/550 1804/353/550 1801/352/550
f 1804/353/550 1802/358/550 1803/278/550
f 1816/359/550 1818/279/550 1815/360/550
f 1814/361/550 1815/360/550 1813/280/550
f 1822/362/550 1820/364/550 1821/363/550
f 1823/240/550 1812/366/550 1819/365/550
f 1822/362/550 1823/240/550 1820/364/550
f 1819/365/550 1820/364/550 1823/240/550
f 1815/360/550 1812/366/550 1813/280/550
f 1818/279/550 1812/366/550 1815/360/550
f 1812/366/550 1818/279/550 1819/365/550
f 1816/359/550 1817/367/550 1818/279/550
f 1807/368/550 1808/277/550 1806/369/550
f 1805/355/550 1806/369/550 1808/277/550
f 1826/370/550 1824/243/550 1825/371/550
f 1824/243/550 1826/370/550 1827/240/550
f 1841/268/550 1839/270/550 1840/269/550
f 1839/270/550 1841/268/550 1842/263/550
f 1833/272/550 1843/266/550 1832/273/550
f 1846/274/550 1832/273/550 1843/266/550
f 1832/273/550 1846/274/550 1849/253/550
f 1847/251/550 1849/253/550 1846/274/550
f 1839/270/550 1837/271/550 1838/267/550
f 1837/271/550 1839/270/550 1836/260/550
f 1842/263/550 1836/260/550 1839/270/550
f 1836/260/550 1842/263/550 1833/272/550
f 1833/272/550 1842/263/550 1843/266/550
f 1845/264/550 1843/266/550 1844/265/550
f 1843/266/550 1845/264/550 1846/274/550
f 1853/255/550 1855/275/550 1852/256/550
f 1855/275/550 1853/255/550 1854/249/550
f 1829/258/550 1830/257/550 1828/243/550
f 1831/259/550 1856/252/550 1830/257/550
f 1857/240/550 1830/257/550 1856/252/550
f 1830/257/550 1857/240/550 1828/243/550
f 1852/256/550 1831/259/550 1851/276/550
f 1855/275/550 1831/259/550 1852/256/550
f 1831/259/550 1855/275/550 1856/252/550
f 1833/272/550 1835/261/550 1836/260/550
f 1835/261/550 1833/272/550 1834/262/550
f 1849/253/550 1851/276/550 1832/273/550
f 1851/276/550 1849/253/550 1850/254/550
f 1847/251/550 1848/250/550 1849/253/550
f 1851/276/550 1831/259/550 1832/273/550
f 1860/372/550 1858/243/550 1859/373/550
f 1858/243/550 1860/372/550 1861/371/550
f 1862/374/550 1866/375/550 1867/240/550
f 1864/370/550 1865/376/550 1866/375/550
f 1862/374/550 1863/377/550 1866/375/550
f 1866/375/550 1863/377/550 1864/370/550
f 1889/240/550 1887/379/550 1888/378/550
f 1885/380/550 1887/379/550 1884/381/550
f 1884/381/550 1887/379/550 1868/243/550
f 1868/243/550 1869/382/550 1871/288/550
f 1872/383/550 1868/243/550 1871/288/550
f 1885/380/550 1886/290/550 1887/379/550
f 1870/384/550 1871/288/550 1869/382/550
f 1876/385/550 1881/386/550 1875/371/550
f 1881/386/550 1874/289/550 1875/371/550
f 1878/387/550 1879/388/550 1880/286/550
f 1883/291/550 1881/386/550 1882/370/550
f 1876/385/550 1880/286/550 1881/386/550
f 1880/286/550 1876/385/550 1878/387/550
f 1883/291/550 1884/381/550 1881/386/550
f 1868/243/550 1881/386/550 1884/381/550
f 1881/386/550 1868/243/550 1874/289/550
f 1874/289/550 1868/243/550 1873/389/550
f 1872/383/550 1873/389/550 1868/243/550
f 1878/387/550 1876/385/550 1877/287/550
f 1887/379/550 1889/240/550 1868/243/550
f 1900/247/550 1901/240/550 1899/246/550
f 1890/243/550 1891/248/550 1892/245/550
f 1896/237/550 1897/242/550 1898/241/550
f 1894/239/550 1895/238/550 1893/244/550
f 1901/240/550 1898/241/550 1899/246/550
f 1898/241/550 1901/240/550 1896/237/550
f 1890/243/550 1896/237/550 1901/240/550
f 1896/237/550 1890/243/550 1895/238/550
f 1892/245/550 1895/238/550 1890/243/550
f 1895/238/550 1892/245/550 1893/244/550
f 1904/390/550 1905/392/550 1903/391/550
f 1905/392/550 1913/393/550 1903/391/550
f 1909/394/550 1911/396/550 1912/395/550
f 1911/396/550 1909/394/550 1910/370/550
f 1913/393/550 1902/243/550 1903/391/550
f 1902/243/550 1913/393/550 1914/240/550
f 1905/392/550 1912/395/550 1913/393/550
f 1906/371/550 1912/395/550 1905/392/550
f 1912/395/550 1906/371/550 1909/394/550
f 1909/394/550 1906/371/550 1908/282/550
f 1907/397/550 1908/282/550 1906/371/550
f 1933/398/550 1922/399/550 1934/240/550
f 1923/400/550 1934/240/550 1922/399/550
f 1934/240/550 1923/400/550 1931/401/550
f 1931/401/550 1923/400/550 1932/402/550
f 1921/403/550 1927/405/550 1920/404/550
f 1919/406/550 1920/404/550 1927/405/550
f 1926/407/550 1921/403/550 1925/408/550
f 1921/403/550 1926/407/550 1927/405/550
f 1915/243/550 1927/405/550 1930/409/550
f 1927/405/550 1915/243/550 1919/406/550
f 1919/406/550 1915/243/550 1918/410/550
f 1921/403/550 1922/399/550 1925/408/550
f 1933/398/550 1925/408/550 1922/399/550
f 1932/402/550 1925/408/550 1933/398/550
f 1925/408/550 1932/402/550 1924/411/550
f 1917/412/550 1915/243/550 1916/413/550
f 1915/243/550 1917/412/550 1918/410/550
f 1932/402/550 1923/400/550 1924/411/550
f 1927/405/550 1928/414/550 1930/409/550
f 1929/415/550 1930/409/550 1928/414/550
f 1950/396/550 1955/240/550 1949/284/550
f 1955/240/550 1948/416/550 1949/284/550
f 1948/416/550 1955/240/550 1952/417/550
f 1950/396/550 1954/418/550 1955/240/550
f 1941/283/550 1943/277/550 1944/419/550
f 1943/277/550 1941/283/550 1942/420/550
f 1935/243/550 1944/419/550 1951/279/550
f 1938/421/550 1944/419/550 1935/243/550
f 1944/419/550 1938/421/550 1941/283/550
f 1939/278/550 1941/283/550 1938/421/550
f 1941/283/550 1939/278/550 1940/392/550
f 1948/416/550 1946/422/550 1947/280/550
f 1946/422/550 1948/416/550 1945/282/550
f 1952/417/550 1945/282/550 1948/416/550
f 1953/281/550 1945/282/550 1952/417/550
f 1945/282/550 1953/281/550 1944/419/550
f 1944/419/550 1953/281/550 1951/279/550
f 1954/418/550 1951/279/550 1953/281/550
f 1935/243/550 1937/285/550 1938/421/550
f 1950/396/550 1951/279/550 1954/418/550
f 1937/285/550 1935/243/550 1936/423/550
f 1986/291/550 1984/370/550 1985/424/550
f 1979/425/550 1956/243/550 1978/388/550
f 1978/388/550 1958/382/550 1959/426/550
f 1956/243/550 1957/427/550 1978/388/550
f 1978/388/550 1957/427/550 1958/382/550
f 1984/370/550 1996/378/550 1997/428/550
f 1987/429/550 1996/378/550 1984/370/550
f 1987/429/550 1988/381/550 1996/378/550
f 1980/286/550 1981/430/550 1982/386/550
f 1997/428/550 1998/240/550 1984/370/550
f 1956/243/550 1982/386/550 1983/431/550
f 1979/425/550 1982/386/550 1956/243/550
f 1982/386/550 1979/425/550 1980/286/550
f 1992/290/550 1993/432/550 1991/395/550
f 1977/282/550 1971/434/550 1975/433/550
f 1971/434/550 1977/282/550 1970/371/550
f 1963/390/550 1970/371/550 1977/282/550
f 1963/390/550 1964/383/550 1970/371/550
f 1977/282/550 1962/288/550 1963/390/550
f 1965/435/550 1966/389/550 1967/436/550
f 1969/437/550 1967/436/550 1968/289/550
f 1967/436/550 1969/437/550 1965/435/550
f 1964/383/550 1965/435/550 1969/437/550
f 1993/432/550 1994/379/550 1995/438/550
f 1971/434/550 1973/439/550 1974/287/550
f 1969/437/550 1970/371/550 1964/383/550
f 1995/438/550 1996/378/550 1993/432/550
f 1993/432/550 1996/378/550 1990/380/550
f 1975/433/550 1976/387/550 1977/282/550
f 1959/426/550 1960/384/550 1978/388/550
f 1961/440/550 1977/282/550 1960/384/550
f 1977/282/550 1961/440/550 1962/288/550
f 1973/439/550 1971/434/550 1972/385/550
f 1974/287/550 1975/433/550 1971/434/550
f 1977/282/550 1978/388/550 1960/384/550
f 1984/370/550 1986/291/550 1987/429/550
f 1990/380/550 1988/381/550 1989/441/550
f 1996/378/550 1988/381/550 1990/380/550
f 1990/380/550 1991/395/550 1993/432/550
f 2001/427/550 2002/442/550 2003/382/550
f 1999/243/550 2004/443/550 2005/426/550
f 2003/382/550 1999/243/550 2001/427/550
f 2000/444/550 2001/427/550 1999/243/550
f 2008/445/550 2006/391/550 2007/384/550
f 1999/243/550 2003/382/550 2004/443/550
f 2008/445/550 2009/440/550 2006/391/550
f 2062/396/550 2080/446/550 2061/429/550
f 2077/438/550 2065/441/550 2066/447/550
f 2056/448/550 2050/449/550 2055/370/550
f 2080/446/550 2060/450/550 2061/429/550
f 2060/450/550 2080/446/550 2081/428/550
f 2078/451/550 2082/452/550 2083/240/550
f 2082/452/550 2078/451/550 2079/378/550
f 2066/447/550 2076/393/550 2077/438/550
f 2076/393/550 2066/447/550 2067/380/550
f 2024/453/550 2026/454/550 2027/371/550
f 2054/455/550 2055/370/550 2053/431/550
f 2058/456/550 2056/448/550 2057/424/550
f 2056/448/550 2058/456/550 2059/291/550
f 2062/396/550 2063/381/550 2080/446/550
f 2080/446/550 2063/381/550 2083/240/550
f 2078/451/550 2064/457/550 2077/438/550
f 2077/438/550 2064/457/550 2065/441/550
f 2030/458/550 2028/459/550 2029/434/550
f 2071/290/550 2044/460/550 2045/425/550
f 2039/387/550 2040/461/550 2073/432/550
f 2069/395/550 2043/388/550 2068/462/550
f 2043/388/550 2044/460/550 2068/462/550
f 2071/290/550 2068/462/550 2044/460/550
f 2075/379/550 2069/395/550 2070/463/550
f 2069/395/550 2075/379/550 2072/464/550
f 2038/465/550 2073/432/550 2074/466/550
f 2073/432/550 2038/465/550 2039/387/550
f 2014/467/550 2016/468/550 2017/435/550
f 2014/467/550 2015/383/550 2016/468/550
f 2013/390/550 2017/435/550 2010/469/550
f 2017/435/550 2013/390/550 2014/467/550
f 2022/470/550 2020/392/550 2021/436/550
f 2020/392/550 2022/470/550 2023/289/550
f 2018/471/550 2010/469/550 2017/435/550
f 2012/472/550 2010/469/550 2011/288/550
f 2010/469/550 2012/472/550 2013/390/550
f 2046/473/550 2048/394/550 2049/430/550
f 2048/394/550 2046/473/550 2047/286/550
f 2069/395/550 2042/474/550 2043/388/550
f 2040/461/550 2041/282/550 2073/432/550
f 2036/475/550 2034/397/550 2035/287/550
f 2032/476/550 2033/439/550 2031/385/550
f 2055/370/550 2052/477/550 2053/431/550
f 2050/449/550 2052/477/550 2055/370/550
f 2052/477/550 2050/449/550 2051/386/550
f 2056/448/550 2049/430/550 2050/449/550
f 2059/291/550 2049/430/550 2056/448/550
f 2049/430/550 2059/291/550 2046/473/550
f 2060/450/550 2046/473/550 2059/291/550
f 2046/473/550 2060/450/550 2045/425/550
f 2081/428/550 2045/425/550 2060/450/550
f 2045/425/550 2081/428/550 2071/290/550
f 2082/452/550 2071/290/550 2081/428/550
f 2071/290/550 2082/452/550 2070/463/550
f 2079/378/550 2070/463/550 2082/452/550
f 2070/463/550 2079/378/550 2075/379/550
f 2076/393/550 2075/379/550 2079/378/550
f 2075/379/550 2076/393/550 2074/466/550
f 2067/380/550 2074/466/550 2076/393/550
f 2074/466/550 2067/380/550 2038/465/550
f 2024/453/550 2038/465/550 2067/380/550
f 2038/465/550 2024/453/550 2037/433/550
f 2027/371/550 2037/433/550 2024/453/550
f 2037/433/550 2027/371/550 2034/397/550
f 2028/459/550 2034/397/550 2027/371/550
f 2034/397/550 2028/459/550 2033/439/550
f 2030/458/550 2033/439/550 2028/459/550
f 2033/439/550 2030/458/550 2031/385/550
f 2019/389/550 2010/469/550 2018/471/550
f 2026/454/550 2024/453/550 2025/437/550
f 2034/397/550 2036/475/550 2037/433/550
f 2072/464/550 2042/474/550 2069/395/550
f 2042/474/550 2072/464/550 2041/282/550
f 2073/432/550 2041/282/550 2072/464/550
f 2083/240/550 2064/457/550 2078/451/550
f 2064/457/550 2083/240/550 2063/381/550
f 2086/245/550 2084/243/550 2085/248/550
f 2094/247/550 2092/241/550 2093/246/550
f 2092/241/550 2094/247/550 2095/240/550
f 2088/239/550 2089/238/550 2091/242/550
f 2090/237/550 2091/242/550 2089/238/550
f 2087/244/550 2084/243/550 2086/245/550
f 2096/243/550 2097/288/550 2103/240/550
f 2098/289/550 2103/240/550 2097/288/550
f 2102/290/550 2100/286/550 2101/291/550
f 2102/290/550 2103/240/550 2100/286/550
f 2098/289/550 2100/286/550 2103/240/550
f 2100/286/550 2098/289/550 2099/287/550
f 2106/245/550 2104/243/550 2105/248/550
f 2106/245/550 2107/244/550 2104/243/550
f 2110/237/550 2111/242/550 2108/239/550
f 2108/239/550 2109/238/550 2110/237/550
f 2114/247/550 2112/241/550 2113/246/550
f 2112/241/550 2114/247/550 2115/240/550
f 2121/238/550 2119/244/550 2120/239/550
f 2122/237/550 2119/244/550 2121/238/550
f 2119/244/550 2122/237/550 2124/241/550
f 2124/241/550 2122/237/550 2123/242/550
f 2118/245/550 2116/243/550 2117/248/550
f 2127/240/550 2125/246/550 2126/247/550
f 2118/245/550 2127/240/550 2116/243/550
f 2127/240/550 2118/245/550 2125/246/550
f 2124/241/550 2118/245/550 2119/244/550
f 2118/245/550 2124/241/550 2125/246/550
f 2130/289/550 2134/290/550 2129/288/550
f 2134/290/550 2130/289/550 2133/291/550
f 2132/286/550 2128/243/550 2135/240/550
f 2128/243/550 2132/286/550 2131/287/550
f 2134/290/550 2128/243/550 2129/288/550
f 2128/243/550 2134/290/550 2135/240/550
f 2130/289/550 2132/286/550 2133/291/550
f 2132/286/550 2130/289/550 2131/287/550
f 2139/478/551 2136/243/552 2137/479/552
f 2141/480/553 2138/392/551 2139/478/551
f 2143/481/554 2140/282/555 2141/480/553
f 2137/482/552 2142/396/556 2143/481/554
f 2147/478/557 2144/243/558 2145/479/559
f 2149/480/560 2146/392/561 2147/478/557
f 2151/481/562 2148/282/563 2149/480/560
f 2145/482/559 2150/396/562 2151/481/562
f 2155/483/564 2152/243/565 2153/479/565
f 2157/484/564 2154/391/564 2155/483/564
f 2159/478/566 2156/390/564 2157/484/564
f 2161/485/567 2158/392/566 2159/478/566
f 2163/486/568 2160/371/566 2161/485/567
f 2165/480/569 2162/397/570 2163/486/568
f 2167/487/571 2164/282/572 2165/480/569
f 2169/488/571 2166/394/571 2167/487/571
f 2171/481/573 2168/370/571 2169/488/571
f 2173/489/574 2170/396/575 2171/481/573
f 2175/490/576 2172/395/577 2173/489/574
f 2153/482/565 2174/393/565 2175/490/576
f 2179/478/578 2176/243/579 2177/479/579
f 2181/480/580 2178/392/581 2179/478/578
f 2183/481/582 2180/282/583 2181/480/580
f 2177/482/579 2182/396/584 2183/481/582
f 2187/478/585 2184/243/586 2185/479/587
f 2189/480/588 2186/392/589 2187/478/585
f 2191/481/590 2188/282/591 2189/480/588
f 2185/482/587 2190/396/592 2191/481/590
f 2195/478/578 2192/243/579 2193/479/579
f 2197/480/580 2194/392/578 2195/478/578
f 2199/481/582 2196/282/583 2197/480/580
f 2193/482/579 2198/396/584 2199/481/582
f 2203/491/593 2200/243/594 2201/479/595
f 2205/478/596 2202/492/593 2203/491/593
f 2207/493/597 2204/392/598 2205/478/596
f 2209/480/599 2206/494/599 2207/493/597
f 2211/495/575 2208/282/600 2209/480/599
f 2213/481/574 2210/496/575 2211/495/575
f 2215/497/601 2212/396/574 2213/481/574
f 2201/482/595 2214/498/595 2215/497/601
f 2219/478/602 2216/243/603 2217/479/603
f 2221/480/604 2218/392/605 2219/478/602
f 2223/481/606 2220/282/607 2221/480/604
f 2217/482/603 2222/396/608 2223/481/606
f 2227/478/609 2224/243/610 2225/479/611
f 2229/480/612 2226/392/613 2227/478/609
f 2231/481/614 2228/282/615 2229/480/612
f 2225/482/611 2230/396/616 2231/481/614
f 2235/478/617 2232/243/618 2233/479/619
f 2237/480/620 2234/392/621 2235/478/617
f 2239/481/622 2236/282/623 2237/480/620
f 2233/482/619 2238/396/624 2239/481/622
f 2243/499/625 2240/243/593 2241/479/593
f 2245/500/626 2242/288/627 2243/499/625
f 2247/501/628 2244/289/629 2245/500/626
f 2249/502/630 2246/287/631 2247/501/628
f 2251/503/632 2248/286/630 2249/502/630
f 2253/504/593 2250/291/633 2251/503/632
f 2241/482/593 2252/290/634 2253/504/593
f 2257/478/635 2254/243/636 2255/479/637
f 2259/480/638 2256/392/639 2257/478/635
f 2261/481/640 2258/282/638 2259/480/638
f 2255/482/637 2260/396/640 2261/481/640
f 2265/505/641 2262/243/642 2263/479/643
f 2267/506/644 2264/285/641 2265/505/641
f 2269/507/645 2266/278/644 2267/506/644
f 2271/508/645 2268/283/645 2269/507/645
f 2273/480/575 2270/277/645 2271/508/645
f 2275/509/574 2272/282/575 2273/480/575
f 2277/510/646 2274/280/574 2275/509/574
f 2279/511/647 2276/284/603 2277/510/646
f 2281/512/642 2278/279/648 2279/511/647
f 2263/482/643 2280/281/643 2281/512/642
f 2285/478/649 2282/243/574 2283/479/574
f 2287/480/644 2284/392/649 2285/478/649
f 2289/481/573 2286/282/644 2287/480/644
f 2283/482/574 2288/396/573 2289/481/573
f 2293/513/649 2290/243/650 2291/479/651
f 2295/514/644 2292/515/641 2293/513/649
f 2297/516/652 2294/517/644 2295/514/644
f 2299/518/653 2296/519/654 2297/516/652
f 2301/520/655 2298/248/653 2299/518/653
f 2303/521/656 2300/522/655 2301/520/655
f 2305/523/657 2302/524/656 2303/521/656
f 2307/525/658 2304/526/657 2305/523/657
f 2309/527/659 2306/245/658 2307/525/658
f 2311/528/660 2308/529/659 2309/527/659
f 2313/478/661 2310/530/660 2311/528/660
f 2315/531/662 2312/392/663 2313/478/661
f 2317/532/664 2314/244/662 2315/531/662
f 2319/533/665 2316/534/666 2317/532/664
f 2321/535/645 2318/536/667 2319/533/665
f 2323/537/645 2320/538/645 2321/535/645
f 2325/539/573 2322/239/645 2323/537/645
f 2327/540/577 2324/541/575 2325/539/573
f 2329/542/668 2326/543/574 2327/540/577
f 2331/544/668 2328/545/668 2329/542/668
f 2333/546/669 2330/238/668 2331/544/668
f 2335/480/670 2332/547/669 2333/546/669
f 2337/548/661 2334/282/671 2335/480/670
f 2339/549/662 2336/550/672 2337/548/661
f 2341/551/673 2338/237/662 2339/549/662
f 2343/552/674 2340/553/673 2341/551/673
f 2345/554/560 2342/555/675 2343/552/674
f 2347/556/603 2344/557/560 2345/554/560
f 2349/558/676 2346/242/603 2347/556/603
f 2351/559/677 2348/560/678 2349/558/676
f 2353/561/679 2350/562/677 2351/559/677
f 2355/563/680 2352/564/681 2353/561/679
f 2357/481/649 2354/241/682 2355/563/680
f 2359/565/644 2356/396/641 2357/481/649
f 2361/566/683 2358/567/684 2359/565/644
f 2363/568/685 2360/569/683 2361/566/683
f 2365/570/668 2362/246/685 2363/568/685
f 2367/571/668 2364/572/668 2365/570/668
f 2369/573/649 2366/574/668 2367/571/668
f 2371/575/684 2368/576/641 2369/573/649
f 2373/577/645 2370/247/644 2371/575/684
f 2375/578/645 2372/579/645 2373/577/645
f 2377/580/686 2374/581/645 2375/578/645
f 2291/482/651 2376/582/687 2377/580/686
f 2381/478/559 2378/243/562 2379/479/562
f 2383/480/688 2380/392/558 2381/478/559
f 2385/481/689 2382/282/688 2383/480/688
f 2379/482/562 2384/396/689 2385/481/689
f 2389/478/685 2386/243/683 2387/479/683
f 2391/480/669 2388/392/685 2389/478/685
f 2393/481/670 2390/282/669 2391/480/669
f 2387/482/683 2392/396/690 2393/481/670
f 2397/478/669 2394/243/685 2395/479/691
f 2399/480/690 2396/392/669 2397/478/669
f 2401/481/692 2398/282/690 2399/480/690
f 2395/482/691 2400/396/683 2401/481/692
f 2405/478/693 2402/243/689 2403/479/689
f 2407/480/558 2404/392/562 2405/478/693
f 2409/481/694 2406/282/558 2407/480/558
f 2403/482/689 2408/396/688 2409/481/694
f 2413/583/695 2410/243/696 2411/479/696
f 2415/584/697 2412/442/698 2413/583/695
f 2417/585/645 2414/426/699 2415/584/697
f 2419/499/700 2416/445/645 2417/585/645
f 2421/586/700 2418/288/700 2419/499/700
f 2423/587/663 2420/467/700 2421/586/700
f 2425/478/661 2422/435/663 2423/587/663
f 2427/500/645 2424/392/663 2425/478/661
f 2429/588/645 2426/289/645 2427/500/645
f 2431/589/701 2428/454/645 2429/588/645
f 2433/590/702 2430/434/701 2431/589/701
f 2435/501/703 2432/476/704 2433/590/702
f 2437/591/703 2434/287/703 2435/501/703
f 2439/480/705 2436/465/703 2437/591/703
f 2441/592/573 2438/282/574 2439/480/705
f 2443/502/573 2440/460/575 2441/592/573
f 2445/593/574 2442/286/575 2443/502/573
f 2447/594/668 2444/449/574 2445/593/574
f 2449/595/668 2446/431/668 2447/594/668
f 2451/503/641 2448/448/668 2449/595/668
f 2453/481/649 2450/291/649 2451/503/641
f 2455/596/706 2452/396/649 2453/481/649
f 2457/597/707 2454/441/708 2455/596/706
f 2459/504/709 2456/462/707 2457/597/707
f 2461/598/710 2458/290/709 2459/504/709
f 2463/599/711 2460/466/712 2461/598/710
f 2465/600/696 2462/438/711 2463/599/711
f 2411/482/696 2464/446/713 2465/600/696
f 2469/601/649 2466/243/714 2467/479/715
f 2471/602/644 2468/603/641 2469/601/649
f 2473/506/716 2470/604/717 2471/602/644
f 2475/605/716 2472/278/718 2473/506/716
f 2477/485/719 2474/606/720 2475/605/716
f 2479/508/719 2476/371/719 2477/485/719
f 2481/607/575 2478/277/721 2479/508/719
f 2483/608/574 2480/609/575 2481/607/575
f 2485/509/722 2482/610/574 2483/608/574
f 2487/488/723 2484/280/723 2485/509/722
f 2489/611/724 2486/370/722 2487/488/723
f 2491/511/725 2488/612/724 2489/611/724
f 2493/613/726 2490/279/727 2491/511/725
f 2495/614/714 2492/615/726 2493/613/726
f 2467/482/715 2494/616/728 2495/614/714
f 2499/617/729 2496/243/730 2497/479/730
f 2501/618/731 2498/619/729 2499/617/729
f 2503/620/732 2500/621/733 2501/618/731
f 2505/622/734 2502/623/734 2503/620/732
f 2507/624/735 2504/625/734 2505/622/734
f 2509/626/735 2506/627/736 2507/624/735
f 2511/628/737 2508/629/738 2509/626/735
f 2513/630/739 2510/631/740 2511/628/737
f 2515/632/706 2512/633/739 2513/630/739
f 2517/634/741 2514/635/706 2515/632/706
f 2519/636/742 2516/637/741 2517/634/741
f 2521/638/743 2518/639/744 2519/636/742
f 2523/640/743 2520/641/745 2521/638/743
f 2525/642/746 2522/643/743 2523/640/743
f 2527/644/747 2524/645/746 2525/642/746
f 2529/646/748 2526/647/747 2527/644/747
f 2497/482/730 2528/648/749 2529/646/748
f 2533/478/750 2530/243/751 2531/479/751
f 2535/480/752 2532/392/753 2533/478/750
f 2537/481/754 2534/282/755 2535/480/752
f 2531/482/751 2536/396/754 2537/481/754
f 2541/649/729 2538/243/756 2539/479/757
f 2543/491/758 2540/650/759 2541/649/729
f 2545/651/760 2542/492/731 2543/491/758
f 2547/478/760 2544/652/760 2545/651/760
f 2549/653/761 2546/392/762 2547/478/760
f 2551/493/708 2548/654/763 2549/653/761
f 2553/655/764 2550/494/601 2551/493/708
f 2555/480/718 2552/656/764 2553/655/764
f 2557/657/765 2554/282/718 2555/480/718
f 2559/495/765 2556/658/765 2557/657/765
f 2561/659/766 2558/496/765 2559/495/765
f 2563/481/767 2560/660/604 2561/659/766
f 2565/661/768 2562/396/602 2563/481/767
f 2567/497/769 2564/662/770 2565/661/768
f 2569/663/771 2566/498/772 2567/497/769
f 2539/482/757 2568/664/773 2569/663/771
f 2573/478/765 2570/243/774 2571/479/775
f 2575/480/776 2572/392/777 2573/478/765
f 2577/481/778 2574/282/779 2575/480/776
f 2571/482/775 2576/396/780 2577/481/778
f 2581/665/695 2578/243/739 2579/479/739
f 2583/666/699 2580/667/695 2581/665/695
f 2585/668/781 2582/669/782 2583/666/699
f 2587/670/783 2584/671/784 2585/668/781
f 2589/672/785 2586/673/786 2587/670/783
f 2591/674/787 2588/675/788 2589/672/785
f 2593/676/789 2590/677/790 2591/674/787
f 2595/678/791 2592/679/792 2593/676/789
f 2597/680/793 2594/681/794 2595/678/791
f 2599/682/793 2596/683/793 2597/680/793
f 2601/684/740 2598/685/795 2599/682/793
f 2603/686/740 2600/687/796 2601/684/740
f 2579/482/739 2602/688/740 2603/686/740
f 2607/483/649 2604/243/770 2605/479/770
f 2609/484/644 2606/391/641 2607/483/649
f 2611/478/575 2608/390/644 2609/484/644
f 2613/485/574 2610/392/575 2611/478/575
f 2615/486/797 2612/371/798 2613/485/574
f 2617/480/701 2614/397/799 2615/486/797
f 2619/487/575 2616/282/800 2617/480/701
f 2621/488/574 2618/394/575 2619/487/575
f 2623/481/649 2620/370/574 2621/488/574
f 2625/489/644 2622/396/649 2623/481/649
f 2627/490/772 2624/395/644 2625/489/644
f 2605/482/770 2626/393/769 2627/490/772
f 2631/514/641 2628/243/801 2629/479/802
f 2633/518/644 2630/517/641 2631/514/641
f 2635/521/683 2632/248/644 2633/518/644
f 2637/525/683 2634/524/683 2635/521/683
f 2639/528/690 2636/245/683 2637/525/683
f 2641/531/670 2638/530/690 2639/528/690
f 2643/533/803 2640/244/690 2641/531/670
f 2645/537/803 2642/536/804 2643/533/803
f 2647/540/805 2644/239/806 2645/537/803
f 2649/544/807 2646/543/808 2647/540/805
f 2651/480/809 2648/238/810 2649/544/807
f 2653/549/811 2650/282/812 2651/480/809
f 2655/552/813 2652/237/814 2653/549/811
f 2657/556/815 2654/555/813 2655/552/813
f 2659/559/816 2656/242/817 2657/556/815
f 2661/563/818 2658/562/816 2659/559/816
f 2663/565/819 2660/241/818 2661/563/818
f 2665/568/820 2662/567/821 2663/565/819
f 2667/571/822 2664/246/820 2665/568/820
f 2669/575/823 2666/574/824 2667/571/822
f 2671/578/802 2668/247/823 2669/575/823
f 2629/482/802 2670/581/825 2671/578/802
f 2675/478/826 2672/243/827 2673/479/827
f 2677/480/828 2674/392/826 2675/478/826
f 2679/481/829 2676/282/828 2677/480/828
f 2673/482/827 2678/396/829 2679/481/829
f 2683/484/830 2680/243/831 2681/479/574
f 2685/485/596 2682/390/593 2683/484/830
f 2687/480/832 2684/371/598 2685/485/596
f 2689/488/832 2686/282/833 2687/480/832
f 2691/489/575 2688/370/833 2689/488/832
f 2681/482/574 2690/395/573 2691/489/575
f 2695/689/834 2692/243/835 2693/479/836
f 2697/601/705 2694/690/595 2695/689/834
f 2699/505/577 2696/603/574 2697/601/705
f 2701/602/837 2698/285/831 2699/505/577
f 2703/484/838 2700/604/839 2701/602/837
f 2705/506/573 2702/390/838 2703/484/838
f 2707/691/574 2704/278/575 2705/506/573
f 2709/605/840 2706/692/574 2707/691/574
f 2711/507/841 2708/606/840 2709/605/840
f 2713/485/842 2710/283/841 2711/507/841
f 2715/693/842 2712/371/842 2713/485/842
f 2717/508/641 2714/694/842 2715/693/842
f 2719/695/644 2716/277/641 2717/508/641
f 2721/607/843 2718/696/644 2719/695/644
f 2723/480/844 2720/609/843 2721/607/843
f 2725/608/649 2722/282/844 2723/480/844
f 2727/697/644 2724/610/845 2725/608/649
f 2729/509/846 2726/698/644 2727/697/644
f 2731/699/846 2728/280/846 2729/509/846
f 2733/488/847 2730/700/848 2731/699/846
f 2735/510/849 2732/370/849 2733/488/847
f 2737/611/573 2734/284/847 2735/510/849
f 2739/701/573 2736/612/573 2737/611/573
f 2741/511/850 2738/702/573 2739/701/573
f 2743/489/851 2740/279/850 2741/511/850
f 2745/613/836 2742/395/852 2743/489/851
f 2747/512/836 2744/615/835 2745/613/836
f 2749/614/850 2746/281/836 2747/512/836
f 2751/703/850 2748/616/850 2749/614/850
f 2693/482/836 2750/704/852 2751/703/850
f 2755/478/649 2752/243/574 2753/479/574
f 2757/480/644 2754/392/641 2755/478/649
f 2759/481/573 2756/282/644 2757/480/644
f 2753/482/574 2758/396/573 2759/481/573
f 2763/584/729 2760/243/853 2761/479/853
f 2765/499/731 2762/426/729 2763/584/729
f 2767/587/854 2764/288/731 2765/499/731
f 2769/500/854 2766/435/854 2767/587/854
f 2771/589/855 2768/289/854 2769/500/854
f 2773/501/855 2770/434/856 2771/589/855
f 2775/480/765 2772/287/855 2773/501/855
f 2777/502/857 2774/282/858 2775/480/765
f 2779/594/680 2776/286/859 2777/502/857
f 2781/503/680 2778/431/680 2779/594/680
f 2783/596/860 2780/291/861 2781/503/680
f 2785/504/860 2782/441/860 2783/596/860
f 2787/599/862 2784/290/860 2785/504/860
f 2761/482/853 2786/438/853 2787/599/862
f 2791/483/863 2788/243/864 2789/479/865
f 2793/484/866 2790/391/867 2791/483/863
f 2795/478/868 2792/390/869 2793/484/866
f 2797/485/555 2794/392/555 2795/478/868
f 2799/486/870 2796/371/555 2797/485/555
f 2801/480/870 2798/397/871 2799/486/870
f 2803/487/555 2800/282/872 2801/480/870
f 2805/488/555 2802/394/555 2803/487/555
f 2807/481/563 2804/370/555 2805/488/555
f 2809/489/557 2806/396/563 2807/481/563
f 2811/490/873 2808/395/874 2809/489/557
f 2789/482/865 2810/393/873 2811/490/873
f 2815/705/875 2812/243/876 2813/479/877
f 2817/706/878 2814/707/879 2815/705/875
f 2819/708/645 2816/423/880 2817/706/878
f 2821/505/645 2818/709/645 2819/708/645
f 2823/491/881 2820/285/645 2821/505/645
f 2825/710/881 2822/492/882 2823/491/881
f 2827/711/883 2824/421/881 2825/710/881
f 2829/506/884 2826/712/883 2827/711/883
f 2831/713/644 2828/278/884 2829/506/884
f 2833/478/684 2830/714/644 2831/713/644
f 2835/715/573 2832/392/644 2833/478/684
f 2837/507/885 2834/716/573 2835/715/573
f 2839/717/705 2836/283/885 2837/507/885
f 2841/718/668 2838/719/798 2839/717/705
f 2843/493/886 2840/420/668 2841/718/668
f 2845/508/887 2842/494/888 2843/493/886
f 2847/720/889 2844/277/890 2845/508/887
f 2849/721/891 2846/722/892 2847/720/889
f 2851/723/893 2848/419/891 2849/721/891
f 2853/480/894 2850/724/893 2851/723/893
f 2855/725/895 2852/282/894 2853/480/894
f 2857/726/896 2854/727/897 2855/725/895
f 2859/728/898 2856/422/899 2857/726/896
f 2861/509/900 2858/729/898 2859/728/898
f 2863/495/668 2860/280/901 2861/509/900
f 2865/730/668 2862/496/668 2863/495/668
f 2867/731/668 2864/416/668 2865/730/668
f 2869/510/668 2866/732/668 2867/731/668
f 2871/733/695 2868/284/668 2869/510/668
f 2873/481/697 2870/734/695 2871/733/695
f 2875/735/645 2872/396/902 2873/481/697
f 2877/511/645 2874/736/645 2875/735/645
f 2879/737/645 2876/279/645 2877/511/645
f 2881/738/645 2878/739/645 2879/737/645
f 2883/497/903 2880/417/645 2881/738/645
f 2885/512/904 2882/498/903 2883/497/903
f 2887/740/905 2884/281/904 2885/512/904
f 2889/741/906 2886/742/905 2887/740/905
f 2891/743/876 2888/418/907 2889/741/906
f 2813/482/877 2890/744/876 2891/743/876
f 2895/478/908 2892/243/909 2893/479/909
f 2897/480/910 2894/392/908 2895/478/908
f 2899/481/911 2896/282/912 2897/480/910
f 2893/482/909 2898/396/911 2899/481/911
f 2903/478/908 2900/243/909 2901/479/913
f 2905/480/914 2902/392/908 2903/478/908
f 2907/481/911 2904/282/910 2905/480/914
f 2901/482/913 2906/396/911 2907/481/911
f 2911/478/915 2908/243/916 2909/479/917
f 2913/480/918 2910/392/915 2911/478/915
f 2915/481/919 2912/282/920 2913/480/918
f 2909/482/917 2914/396/919 2915/481/919
f 2919/478/649 2916/243/574 2917/479/705
f 2921/480/921 2918/392/641 2919/478/649
f 2923/481/573 2920/282/644 2921/480/921
f 2917/482/705 2922/396/575 2923/481/573
f 2927/478/922 2924/243/673 2925/479/673
f 2929/480/751 2926/392/923 2927/478/922
f 2931/481/924 2928/282/751 2929/480/751
f 2925/482/673 2930/396/750 2931/481/924
f 2935/491/770 2932/243/704 2933/479/704
f 2937/478/925 2934/492/770 2935/491/770
f 2939/493/926 2936/392/772 2937/478/925
f 2941/480/643 2938/494/927 2939/493/926
f 2943/495/928 2940/282/929 2941/480/643
f 2945/481/930 2942/496/928 2943/495/928
f 2947/497/701 2944/396/931 2945/481/930
f 2933/482/704 2946/498/701 2947/497/701
f 2951/518/770 2948/243/932 2949/479/932
f 2953/525/772 2950/248/768 2951/518/770
f 2955/531/933 2952/245/772 2953/525/772
f 2957/537/934 2954/244/903 2955/531/933
f 2959/544/935 2956/239/934 2957/537/934
f 2961/549/936 2958/238/935 2959/544/935
f 2963/556/937 2960/237/938 2961/549/936
f 2965/563/939 2962/242/940 2963/556/937
f 2967/568/941 2964/241/939 2965/563/939
f 2969/575/942 2966/246/941 2967/568/941
f 2949/482/932 2968/247/942 2969/575/942
f 2973/484/593 2970/243/739 2971/479/943
f 2975/485/596 2972/390/830 2973/484/593
f 2977/480/736 2974/371/596 2975/485/596
f 2979/488/736 2976/282/736 2977/480/736
f 2981/489/796 2978/370/736 2979/488/736
f 2971/482/943 2980/395/740 2981/489/796
f 2985/745/729 2982/243/643 2983/479/643
f 2987/665/731 2984/746/729 2985/745/729
f 2989/747/734 2986/667/731 2987/665/731
f 2991/666/944 2988/748/732 2989/747/734
f 2993/749/736 2990/669/732 2991/666/944
f 2995/668/736 2992/750/736 2993/749/736
f 2997/751/740 2994/671/736 2995/668/736
f 2999/670/739 2996/752/737 2997/751/740
f 3001/753/646 2998/673/945 2999/670/739
f 3003/672/833 3000/754/646 3001/753/646
f 3005/755/796 3002/675/833 3003/672/833
f 3007/674/943 3004/756/946 3005/755/796
f 3009/480/947 3006/677/739 3007/674/943
f 3011/676/836 3008/282/595 3009/480/947
f 3013/757/903 3010/679/836 3011/676/836
f 3015/678/948 3012/758/933 3013/757/903
f 3017/759/739 3014/681/934 3015/678/948
f 3019/680/739 3016/760/949 3017/759/739
f 3021/761/950 3018/683/739 3019/680/739
f 3023/682/951 3020/762/950 3021/761/950
f 3025/763/952 3022/685/850 3023/682/951
f 3027/684/953 3024/764/952 3025/763/952
f 3029/765/729 3026/687/953 3027/684/953
f 3031/686/731 3028/766/729 3029/765/729
f 3033/767/954 3030/688/731 3031/686/731
f 2983/482/643 3032/768/954 3033/767/954
f 3037/478/716 3034/243/955 3035/479/956
f 3039/480/957 3036/392/720 3037/478/716
f 3041/481/958 3038/282/959 3039/480/957
f 3035/482/956 3040/396/958 3041/481/958
f 3045/478/960 3042/243/961 3043/479/962
f 3047/480/963 3044/392/964 3045/478/960
f 3049/481/965 3046/282/963 3047/480/963
f 3043/482/962 3048/396/966 3049/481/965
f 3053/491/617 3050/243/967 3051/479/703
f 3055/478/620 3052/492/621 3053/491/617
f 3057/493/968 3054/392/620 3055/478/620
f 3059/480/969 3056/494/970 3057/493/968
f 3061/495/729 3058/282/969 3059/480/969
f 3063/481/731 3060/496/759 3061/495/729
f 3065/497/971 3062/396/731 3063/481/731
f 3051/482/703 3064/498/972 3065/497/971
f 2139/478/551 2138/392/551 2136/243/552
f 2141/480/553 2140/282/555 2138/392/551
f 2143/481/554 2142/396/556 2140/282/555
f 2137/482/552 2136/240/552 2142/396/556
f 2147/478/557 2146/392/561 2144/243/558
f 2149/480/560 2148/282/563 2146/392/561
f 2151/481/562 2150/396/562 2148/282/563
f 2145/482/559 2144/240/558 2150/396/562
f 2155/483/564 2154/391/564 2152/243/565
f 2157/484/564 2156/390/564 2154/391/564
f 2159/478/566 2158/392/566 2156/390/564
f 2161/485/567 2160/371/566 2158/392/566
f 2163/486/568 2162/397/570 2160/371/566
f 2165/480/569 2164/282/572 2162/397/570
f 2167/487/571 2166/394/571 2164/282/572
f 2169/488/571 2168/370/571 2166/394/571
f 2171/481/573 2170/396/575 2168/370/571
f 2173/489/574 2172/395/577 2170/396/575
f 2175/490/576 2174/393/565 2172/395/577
f 2153/482/565 2152/240/565 2174/393/565
f 2179/478/578 2178/392/581 2176/243/579
f 2181/480/580 2180/282/583 2178/392/581
f 2183/481/582 2182/396/584 2180/282/583
f 2177/482/579 2176/240/579 2182/396/584
f 2187/478/585 2186/392/589 2184/243/586
f 2189/480/588 2188/282/591 2186/392/589
f 2191/481/590 2190/396/592 2188/282/591
f 2185/482/587 2184/240/586 2190/396/592
f 2195/478/578 2194/392/578 2192/243/579
f 2197/480/580 2196/282/583 2194/392/578
f 2199/481/582 2198/396/584 2196/282/583
f 2193/482/579 2192/240/579 2198/396/584
f 2203/491/593 2202/492/593 2200/243/594
f 2205/478/596 2204/392/598 2202/492/593
f 2207/493/597 2206/494/599 2204/392/598
f 2209/480/599 2208/282/600 2206/494/599
f 2211/495/575 2210/496/575 2208/282/600
f 2213/481/574 2212/396/574 2210/496/575
f 2215/497/601 2214/498/595 2212/396/574
f 2201/482/595 2200/240/594 2214/498/595
f 2219/478/602 2218/392/605 2216/243/603
f 2221/480/604 2220/282/607 2218/392/605
f 2223/481/606 2222/396/608 2220/282/607
f 2217/482/603 2216/240/603 2222/396/608
f 2227/478/609 2226/392/613 2224/243/610
f 2229/480/612 2228/282/615 2226/392/613
f 2231/481/614 2230/396/616 2228/282/615
f 2225/482/611 2224/240/610 2230/396/616
f 2235/478/617 2234/392/621 2232/243/618
f 2237/480/620 2236/282/623 2234/392/621
f 2239/481/622 2238/396/624 2236/282/623
f 2233/482/619 2232/240/618 2238/396/624
f 2243/499/625 2242/288/627 2240/243/593
f 2245/500/626 2244/289/629 2242/288/627
f 2247/501/628 2246/287/631 2244/289/629
f 2249/502/630 2248/286/630 2246/287/631
f 2251/503/632 2250/291/633 2248/286/630
f 2253/504/593 2252/290/634 2250/291/633
f 2241/482/593 2240/240/593 2252/290/634
f 2257/478/635 2256/392/639 2254/243/636
f 2259/480/638 2258/282/638 2256/392/639
f 2261/481/640 2260/396/640 2258/282/638
f 2255/482/637 2254/240/636 2260/396/640
f 2265/505/641 2264/285/641 2262/243/642
f 2267/506/644 2266/278/644 2264/285/641
f 2269/507/645 2268/283/645 2266/278/644
f 2271/508/645 2270/277/645 2268/283/645
f 2273/480/575 2272/282/575 2270/277/645
f 2275/509/574 2274/280/574 2272/282/575
f 2277/510/646 2276/284/603 2274/280/574
f 2279/511/647 2278/279/648 2276/284/603
f 2281/512/642 2280/281/643 2278/279/648
f 2263/482/643 2262/240/642 2280/281/643
f 2285/478/649 2284/392/649 2282/243/574
f 2287/480/644 2286/282/644 2284/392/649
f 2289/481/573 2288/396/573 2286/282/644
f 2283/482/574 2282/240/574 2288/396/573
f 2293/513/649 2292/515/641 2290/243/650
f 2295/514/644 2294/517/644 2292/515/641
f 2297/516/652 2296/519/654 2294/517/644
f 2299/518/653 2298/248/653 2296/519/654
f 2301/520/655 2300/522/655 2298/248/653
f 2303/521/656 2302/524/656 2300/522/655
f 2305/523/657 2304/526/657 2302/524/656
f 2307/525/658 2306/245/658 2304/526/657
f 2309/527/659 2308/529/659 2306/245/658
f 2311/528/660 2310/530/660 2308/529/659
f 2313/478/661 2312/392/663 2310/530/660
f 2315/531/662 2314/244/662 2312/392/663
f 2317/532/664 2316/534/666 2314/244/662
f 2319/533/665 2318/536/667 2316/534/666
f 2321/535/645 2320/538/645 2318/536/667
f 2323/537/645 2322/239/645 2320/538/645
f 2325/539/573 2324/541/575 2322/239/645
f 2327/540/577 2326/543/574 2324/541/575
f 2329/542/668 2328/545/668 2326/543/574
f 2331/544/668 2330/238/668 2328/545/668
f 2333/546/669 2332/547/669 2330/238/668
f 2335/480/670 2334/282/671 2332/547/669
f 2337/548/661 2336/550/672 2334/282/671
f 2339/549/662 2338/237/662 2336/550/672
f 2341/551/673 2340/553/673 2338/237/662
f 2343/552/674 2342/555/675 2340/553/673
f 2345/554/560 2344/557/560 2342/555/675
f 2347/556/603 2346/242/603 2344/557/560
f 2349/558/676 2348/560/678 2346/242/603
f 2351/559/677 2350/562/677 2348/560/678
f 2353/561/679 2352/564/681 2350/562/677
f 2355/563/680 2354/241/682 2352/564/681
f 2357/481/649 2356/396/641 2354/241/682
f 2359/565/644 2358/567/684 2356/396/641
f 2361/566/683 2360/569/683 2358/567/684
f 2363/568/685 2362/246/685 2360/569/683
f 2365/570/668 2364/572/668 2362/246/685
f 2367/571/668 2366/574/668 2364/572/668
f 2369/573/649 2368/576/641 2366/574/668
f 2371/575/684 2370/247/644 2368/576/641
f 2373/577/645 2372/579/645 2370/247/644
f 2375/578/645 2374/581/645 2372/579/645
f 2377/580/686 2376/582/687 2374/581/645
f 2291/482/651 2290/240/650 2376/582/687
f 2381/478/559 2380/392/558 2378/243/562
f 2383/480/688 2382/282/688 2380/392/558
f 2385/481/689 2384/396/689 2382/282/688
f 2379/482/562 2378/240/562 2384/396/689
f 2389/478/685 2388/392/685 2386/243/683
f 2391/480/669 2390/282/669 2388/392/685
f 2393/481/670 2392/396/690 2390/282/669
f 2387/482/683 2386/240/683 2392/396/690
f 2397/478/669 2396/392/669 2394/243/685
f 2399/480/690 2398/282/690 2396/392/669
f 2401/481/692 2400/396/683 2398/282/690
f 2395/482/691 2394/240/685 2400/396/683
f 2405/478/693 2404/392/562 2402/243/689
f 2407/480/558 2406/282/558 2404/392/562
f 2409/481/694 2408/396/688 2406/282/558
f 2403/482/689 2402/240/689 2408/396/688
f 2413/583/695 2412/442/698 2410/243/696
f 2415/584/697 2414/426/699 2412/442/698
f 2417/585/645 2416/445/645 2414/426/699
f 2419/499/700 2418/288/700 2416/445/645
f 2421/586/700 2420/467/700 2418/288/700
f 2423/587/663 2422/435/663 2420/467/700
f 2425/478/661 2424/392/663 2422/435/663
f 2427/500/645 2426/289/645 2424/392/663
f 2429/588/645 2428/454/645 2426/289/645
f 2431/589/701 2430/434/701 2428/454/645
f 2433/590/702 2432/476/704 2430/434/701
f 2435/501/703 2434/287/703 2432/476/704
f 2437/591/703 2436/465/703 2434/287/703
f 2439/480/705 2438/282/574 2436/465/703
f 2441/592/573 2440/460/575 2438/282/574
f 2443/502/573 2442/286/575 2440/460/575
f 2445/593/574 2444/449/574 2442/286/575
f 2447/594/668 2446/431/668 2444/449/574
f 2449/595/668 2448/448/668 2446/431/668
f 2451/503/641 2450/291/649 2448/448/668
f 2453/481/649 2452/396/649 2450/291/649
f 2455/596/706 2454/441/708 2452/396/649
f 2457/597/707 2456/462/707 2454/441/708
f 2459/504/709 2458/290/709 2456/462/707
f 2461/598/710 2460/466/712 2458/290/709
f 2463/599/711 2462/438/711 2460/466/712
f 2465/600/696 2464/446/713 2462/438/711
f 2411/482/696 2410/240/696 2464/446/713
f 2469/601/649 2468/603/641 2466/243/714
f 2471/602/644 2470/604/717 2468/603/641
f 2473/506/716 2472/278/718 2470/604/717
f 2475/605/716 2474/606/720 2472/278/718
f 2477/485/719 2476/371/719 2474/606/720
f 2479/508/719 2478/277/721 2476/371/719
f 2481/607/575 2480/609/575 2478/277/721
f 2483/608/574 2482/610/574 2480/609/575
f 2485/509/722 2484/280/723 2482/610/574
f 2487/488/723 2486/370/722 2484/280/723
f 2489/611/724 2488/612/724 2486/370/722
f 2491/511/725 2490/279/727 2488/612/724
f 2493/613/726 2492/615/726 2490/279/727
f 2495/614/714 2494/616/728 2492/615/726
f 2467/482/715 2466/240/714 2494/616/728
f 2499/617/729 2498/619/729 2496/243/730
f 2501/618/731 2500/621/733 2498/619/729
f 2503/620/732 2502/623/734 2500/621/733
f 2505/622/734 2504/625/734 2502/623/734
f 2507/624/735 2506/627/736 2504/625/734
f 2509/626/735 2508/629/738 2506/627/736
f 2511/628/737 2510/631/740 2508/629/738
f 2513/630/739 2512/633/739 2510/631/740
f 2515/632/706 2514/635/706 2512/633/739
f 2517/634/741 2516/637/741 2514/635/706
f 2519/636/742 2518/639/744 2516/637/741
f 2521/638/743 2520/641/745 2518/639/744
f 2523/640/743 2522/643/743 2520/641/745
f 2525/642/746 2524/645/746 2522/643/743
f 2527/644/747 2526/647/747 2524/645/746
f 2529/646/748 2528/648/749 2526/647/747
f 2497/482/730 2496/240/730 2528/648/749
f 2533/478/750 2532/392/753 2530/243/751
f 2535/480/752 2534/282/755 2532/392/753
f 2537/481/754 2536/396/754 2534/282/755
f 2531/482/751 2530/240/751 2536/396/754
f 2541/649/729 2540/650/759 2538/243/756
f 2543/491/758 2542/492/731 2540/650/759
f 2545/651/760 2544/652/760 2542/492/731
f 2547/478/760 2546/392/762 2544/652/760
f 2549/653/761 2548/654/763 2546/392/762
f 2551/493/708 2550/494/601 2548/654/763
f 2553/655/764 2552/656/764 2550/494/601
f 2555/480/718 2554/282/718 2552/656/764
f 2557/657/765 2556/658/765 2554/282/718
f 2559/495/765 2558/496/765 2556/658/765
f 2561/659/766 2560/660/604 2558/496/765
f 2563/481/767 2562/396/602 2560/660/604
f 2565/661/768 2564/662/770 2562/396/602
f 2567/497/769 2566/498/772 2564/662/770
f 2569/663/771 2568/664/773 2566/498/772
f 2539/482/757 2538/240/756 2568/664/773
f 2573/478/765 2572/392/777 2570/243/774
f 2575/480/776 2574/282/779 2572/392/777
f 2577/481/778 2576/396/780 2574/282/779
f 2571/482/775 2570/240/774 2576/396/780
f 2581/665/695 2580/667/695 2578/243/739
f 2583/666/699 2582/669/782 2580/667/695
f 2585/668/781 2584/671/784 2582/669/782
f 2587/670/783 2586/673/786 2584/671/784
f 2589/672/785 2588/675/788 2586/673/786
f 2591/674/787 2590/677/790 2588/675/788
f 2593/676/789 2592/679/792 2590/677/790
f 2595/678/791 2594/681/794 2592/679/792
f 2597/680/793 2596/683/793 2594/681/794
f 2599/682/793 2598/685/795 2596/683/793
f 2601/684/740 2600/687/796 2598/685/795
f 2603/686/740 2602/688/740 2600/687/796
f 2579/482/739 2578/240/739 2602/688/740
f 2607/483/649 2606/391/641 2604/243/770
f 2609/484/644 2608/390/644 2606/391/641
f 2611/478/575 2610/392/575 2608/390/644
f 2613/485/574 2612/371/798 2610/392/575
f 2615/486/797 2614/397/799 2612/371/798
f 2617/480/701 2616/282/800 2614/397/799
f 2619/487/575 2618/394/575 2616/282/800
f 2621/488/574 2620/370/574 2618/394/575
f 2623/481/649 2622/396/649 2620/370/574
f 2625/489/644 2624/395/644 2622/396/649
f 2627/490/772 2626/393/769 2624/395/644
f 2605/482/770 2604/240/770 2626/393/769
f 2631/514/641 2630/517/641 2628/243/801
f 2633/518/644 2632/248/644 2630/517/641
f 2635/521/683 2634/524/683 2632/248/644
f 2637/525/683 2636/245/683 2634/524/683
f 2639/528/690 2638/530/690 2636/245/683
f 2641/531/670 2640/244/690 2638/530/690
f 2643/533/803 2642/536/804 2640/244/690
f 2645/537/803 2644/239/806 2642/536/804
f 2647/540/805 2646/543/808 2644/239/806
f 2649/544/807 2648/238/810 2646/543/808
f 2651/480/809 2650/282/812 2648/238/810
f 2653/549/811 2652/237/814 2650/282/812
f 2655/552/813 2654/555/813 2652/237/814
f 2657/556/815 2656/242/817 2654/555/813
f 2659/559/816 2658/562/816 2656/242/817
f 2661/563/818 2660/241/818 2658/562/816
f 2663/565/819 2662/567/821 2660/241/818
f 2665/568/820 2664/246/820 2662/567/821
f 2667/571/822 2666/574/824 2664/246/820
f 2669/575/823 2668/247/823 2666/574/824
f 2671/578/802 2670/581/825 2668/247/823
f 2629/482/802 2628/240/801 2670/581/825
f 2675/478/826 2674/392/826 2672/243/827
f 2677/480/828 2676/282/828 2674/392/826
f 2679/481/829 2678/396/829 2676/282/828
f 2673/482/827 2672/240/827 2678/396/829
f 2683/484/830 2682/390/593 2680/243/831
f 2685/485/596 2684/371/598 2682/390/593
f 2687/480/832 2686/282/833 2684/371/598
f 2689/488/832 2688/370/833 2686/282/833
f 2691/489/575 2690/395/573 2688/370/833
f 2681/482/574 2680/240/831 2690/395/573
f 2695/689/834 2694/690/595 2692/243/835
f 2697/601/705 2696/603/574 2694/690/595
f 2699/505/577 2698/285/831 2696/603/574
f 2701/602/837 2700/604/839 2698/285/831
f 2703/484/838 2702/390/838 2700/604/839
f 2705/506/573 2704/278/575 2702/390/838
f 2707/691/574 2706/692/574 2704/278/575
f 2709/605/840 2708/606/840 2706/692/574
f 2711/507/841 2710/283/841 2708/606/840
f 2713/485/842 2712/371/842 2710/283/841
f 2715/693/842 2714/694/842 2712/371/842
f 2717/508/641 2716/277/641 2714/694/842
f 2719/695/644 2718/696/644 2716/277/641
f 2721/607/843 2720/609/843 2718/696/644
f 2723/480/844 2722/282/844 2720/609/843
f 2725/608/649 2724/610/845 2722/282/844
f 2727/697/644 2726/698/644 2724/610/845
f 2729/509/846 2728/280/846 2726/698/644
f 2731/699/846 2730/700/848 2728/280/846
f 2733/488/847 2732/370/849 2730/700/848
f 2735/510/849 2734/284/847 2732/370/849
f 2737/611/573 2736/612/573 2734/284/847
f 2739/701/573 2738/702/573 2736/612/573
f 2741/511/850 2740/279/850 2738/702/573
f 2743/489/851 2742/395/852 2740/279/850
f 2745/613/836 2744/615/835 2742/395/852
f 2747/512/836 2746/281/836 2744/615/835
f 2749/614/850 2748/616/850 2746/281/836
f 2751/703/850 2750/704/852 2748/616/850
f 2693/482/836 2692/240/835 2750/704/852
f 2755/478/649 2754/392/641 2752/243/574
f 2757/480/644 2756/282/644 2754/392/641
f 2759/481/573 2758/396/573 2756/282/644
f 2753/482/574 2752/240/574 2758/396/573
f 2763/584/729 2762/426/729 2760/243/853
f 2765/499/731 2764/288/731 2762/426/729
f 2767/587/854 2766/435/854 2764/288/731
f 2769/500/854 2768/289/854 2766/435/854
f 2771/589/855 2770/434/856 2768/289/854
f 2773/501/855 2772/287/855 2770/434/856
f 2775/480/765 2774/282/858 2772/287/855
f 2777/502/857 2776/286/859 2774/282/858
f 2779/594/680 2778/431/680 2776/286/859
f 2781/503/680 2780/291/861 2778/431/680
f 2783/596/860 2782/441/860 2780/291/861
f 2785/504/860 2784/290/860 2782/441/860
f 2787/599/862 2786/438/853 2784/290/860
f 2761/482/853 2760/240/853 2786/438/853
f 2791/483/863 2790/391/867 2788/243/864
f 2793/484/866 2792/390/869 2790/391/867
f 2795/478/868 2794/392/555 2792/390/869
f 2797/485/555 2796/371/555 2794/392/555
f 2799/486/870 2798/397/871 2796/371/555
f 2801/480/870 2800/282/872 2798/397/871
f 2803/487/555 2802/394/555 2800/282/872
f 2805/488/555 2804/370/555 2802/394/555
f 2807/481/563 2806/396/563 2804/370/555
f 2809/489/557 2808/395/874 2806/396/563
f 2811/490/873 2810/393/873 2808/395/874
f 2789/482/865 2788/240/864 2810/393/873
f 2815/705/875 2814/707/879 2812/243/876
f 2817/706/878 2816/423/880 2814/707/879
f 2819/708/645 2818/709/645 2816/423/880
f 2821/505/645 2820/285/645 2818/709/645
f 2823/491/881 2822/492/882 2820/285/645
f 2825/710/881 2824/421/881 2822/492/882
f 2827/711/883 2826/712/883 2824/421/881
f 2829/506/884 2828/278/884 2826/712/883
f 2831/713/644 2830/714/644 2828/278/884
f 2833/478/684 2832/392/644 2830/714/644
f 2835/715/573 2834/716/573 2832/392/644
f 2837/507/885 2836/283/885 2834/716/573
f 2839/717/705 2838/719/798 2836/283/885
f 2841/718/668 2840/420/668 2838/719/798
f 2843/493/886 2842/494/888 2840/420/668
f 2845/508/887 2844/277/890 2842/494/888
f 2847/720/889 2846/722/892 2844/277/890
f 2849/721/891 2848/419/891 2846/722/892
f 2851/723/893 2850/724/893 2848/419/891
f 2853/480/894 2852/282/894 2850/724/893
f 2855/725/895 2854/727/897 2852/282/894
f 2857/726/896 2856/422/899 2854/727/897
f 2859/728/898 2858/729/898 2856/422/899
f 2861/509/900 2860/280/901 2858/729/898
f 2863/495/668 2862/496/668 2860/280/901
f 2865/730/668 2864/416/668 2862/496/668
f 2867/731/668 2866/732/668 2864/416/668
f 2869/510/668 2868/284/668 2866/732/668
f 2871/733/695 2870/734/695 2868/284/668
f 2873/481/697 2872/396/902 2870/734/695
f 2875/735/645 2874/736/645 2872/396/902
f 2877/511/645 2876/279/645 2874/736/645
f 2879/737/645 2878/739/645 2876/279/645
f 2881/738/645 2880/417/645 2878/739/645
f 2883/497/903 2882/498/903 2880/417/645
f 2885/512/904 2884/281/904 2882/498/903
f 2887/740/905 2886/742/905 2884/281/904
f 2889/741/906 2888/418/907 2886/742/905
f 2891/743/876 2890/744/876 2888/418/907
f 2813/482/877 2812/240/876 2890/744/876
f 2895/478/908 2894/392/908 2892/243/909
f 2897/480/910 2896/282/912 2894/392/908
f 2899/481/911 2898/396/911 2896/282/912
f 2893/482/909 2892/240/909 2898/396/911
f 2903/478/908 2902/392/908 2900/243/909
f 2905/480/914 2904/282/910 2902/392/908
f 2907/481/911 2906/396/911 2904/282/910
f 2901/482/913 2900/240/909 2906/396/911
f 2911/478/915 2910/392/915 2908/243/916
f 2913/480/918 2912/282/920 2910/392/915
f 2915/481/919 2914/396/919 2912/282/920
f 2909/482/917 2908/240/916 2914/396/919
f 2919/478/649 2918/392/641 2916/243/574
f 2921/480/921 2920/282/644 2918/392/641
f 2923/481/573 2922/396/575 2920/282/644
f 2917/482/705 2916/240/574 2922/396/575
f 2927/478/922 2926/392/923 2924/243/673
f 2929/480/751 2928/282/751 2926/392/923
f 2931/481/924 2930/396/750 2928/282/751
f 2925/482/673 2924/240/673 2930/396/750
f 2935/491/770 2934/492/770 2932/243/704
f 2937/478/925 2936/392/772 2934/492/770
f 2939/493/926 2938/494/927 2936/392/772
f 2941/480/643 2940/282/929 2938/494/927
f 2943/495/928 2942/496/928 2940/282/929
f 2945/481/930 2944/396/931 2942/496/928
f 2947/497/701 2946/498/701 2944/396/931
f 2933/482/704 2932/240/704 2946/498/701
f 2951/518/770 2950/248/768 2948/243/932
f 2953/525/772 2952/245/772 2950/248/768
f 2955/531/933 2954/244/903 2952/245/772
f 2957/537/934 2956/239/934 2954/244/903
f 2959/544/935 2958/238/935 2956/239/934
f 2961/549/936 2960/237/938 2958/238/935
f 2963/556/937 2962/242/940 2960/237/938
f 2965/563/939 2964/241/939 2962/242/940
f 2967/568/941 2966/246/941 2964/241/939
f 2969/575/942 2968/247/942 2966/246/941
f 2949/482/932 2948/240/932 2968/247/942
f 2973/484/593 2972/390/830 2970/243/739
f 2975/485/596 2974/371/596 2972/390/830
f 2977/480/736 2976/282/736 2974/371/596
f 2979/488/736 2978/370/736 2976/282/736
f 2981/489/796 2980/395/740 2978/370/736
f 2971/482/943 2970/240/739 2980/395/740
f 2985/745/729 2984/746/729 2982/243/643
f 2987/665/731 2986/667/731 2984/746/729
f 2989/747/734 2988/748/732 2986/667/731
f 2991/666/944 2990/669/732 2988/748/732
f 2993/749/736 2992/750/736 2990/669/732
f 2995/668/736 2994/671/736 2992/750/736
f 2997/751/740 2996/752/737 2994/671/736
f 2999/670/739 2998/673/945 2996/752/737
f 3001/753/646 3000/754/646 2998/673/945
f 3003/672/833 3002/675/833 3000/754/646
f 3005/755/796 3004/756/946 3002/675/833
f 3007/674/943 3006/677/739 3004/756/946
f 3009/480/947 3008/282/595 3006/677/739
f 3011/676/836 3010/679/836 3008/282/595
f 3013/757/903 3012/758/933 3010/679/836
f 3015/678/948 3014/681/934 3012/758/933
f 3017/759/739 3016/760/949 3014/681/934
f 3019/680/739 3018/683/739 3016/760/949
f 3021/761/950 3020/762/950 3018/683/739
f 3023/682/951 3022/685/850 3020/762/950
f 3025/763/952 3024/764/952 3022/685/850
f 3027/684/953 3026/687/953 3024/764/952
f 3029/765/729 3028/766/729 3026/687/953
f 3031/686/731 3030/688/731 3028/766/729
f 3033/767/954 3032/768/954 3030/688/731
f 2983/482/643 2982/240/643 3032/768/954
f 3037/478/716 3036/392/720 3034/243/955
f 3039/480/957 3038/282/959 3036/392/720
f 3041/481/958 3040/396/958 3038/282/959
f 3035/482/956 3034/240/955 3040/396/958
f 3045/478/960 3044/392/964 3042/243/961
f 3047/480/963 3046/282/963 3044/392/964
f 3049/481/965 3048/396/966 3046/282/963
f 3043/482/962 3042/240/961 3048/396/966
f 3053/491/617 3052/492/621 3050/243/967
f 3055/478/620 3054/392/620 3052/492/621
f 3057/493/968 3056/494/970 3054/392/620
f 3059/480/969 3058/282/969 3056/494/970
f 3061/495/729 3060/496/759 3058/282/969
f 3063/481/731 3062/396/731 3060/496/759
f 3065/497/971 3064/498/972 3062/396/731
f 3051/482/703 3050/240/967 3064/498/972
o Text.003
v -6.740708 0.050000 -1.241829
v -6.784866 0.050000 -1.241829
v -6.776587 0.050000 -1.387413
v -6.732429 0.050000 -1.387413
v -6.689190 0.050000 -1.241829
v -6.733348 0.050000 -1.241829
v -6.725069 0.050000 -1.387413
v -6.680910 0.050000 -1.387413
v -7.089834 0.050000 -1.293577
v -7.234728 0.050000 -1.293577
v -7.232429 0.050000 -1.334975
v -7.088914 0.050000 -1.334975
v -7.087534 0.050000 -1.387413
v -6.984498 0.050000 -1.387413
v -6.985878 0.050000 -1.334975
v -6.833164 0.050000 -1.334975
v -6.835464 0.050000 -1.293577
v -6.986798 0.050000 -1.293577
v -6.990018 0.050000 -1.158342
v -6.840524 0.050000 -1.158342
v -6.842824 0.050000 -1.116944
v -6.990938 0.050000 -1.116944
v -6.994158 0.050000 -0.973430
v -7.096734 0.050000 -0.973430
v -7.093514 0.050000 -1.116944
v -7.242088 0.050000 -1.116944
v -7.239788 0.050000 -1.158342
v -7.092594 0.050000 -1.158342
v -7.303266 0.050000 -1.343255
v -7.698850 0.050000 -1.343255
v -7.696550 0.050000 -1.384653
v -7.300966 0.050000 -1.384653
v -7.545216 0.050000 -1.205260
v -7.714949 0.050000 -1.205260
v -7.712649 0.050000 -1.246659
v -7.302345 0.050000 -1.246659
v -7.304646 0.050000 -1.205260
v -7.442180 0.050000 -1.205260
v -7.495538 0.050000 -0.973430
v -7.598574 0.050000 -0.973430
v -7.824425 0.050000 -1.241829
v -7.868583 0.050000 -1.241829
v -7.860303 0.050000 -1.387413
v -7.816145 0.050000 -1.387413
v -7.772907 0.050000 -1.241829
v -7.817065 0.050000 -1.241829
v -7.808785 0.050000 -1.387413
v -7.764627 0.050000 -1.387413
v -6.740708 -0.050000 -1.241829
v -6.784866 -0.050000 -1.241829
v -6.776587 -0.050000 -1.387413
v -6.732429 -0.050000 -1.387413
v -6.689190 -0.050000 -1.241829
v -6.733348 -0.050000 -1.241829
v -6.725069 -0.050000 -1.387413
v -6.680910 -0.050000 -1.387413
v -7.089834 -0.050000 -1.293577
v -7.234728 -0.050000 -1.293577
v -7.232429 -0.050000 -1.334975
v -7.088914 -0.050000 -1.334975
v -7.087534 -0.050000 -1.387413
v -6.984498 -0.050000 -1.387413
v -6.985878 -0.050000 -1.334975
v -6.833164 -0.050000 -1.334975
v -6.835464 -0.050000 -1.293577
v -6.986798 -0.050000 -1.293577
v -6.990018 -0.050000 -1.158342
v -6.840524 -0.050000 -1.158342
v -6.842824 -0.050000 -1.116944
v -6.990938 -0.050000 -1.116944
v -6.994158 -0.050000 -0.973430
v -7.096734 -0.050000 -0.973430
v -7.093514 -0.050000 -1.116944
v -7.242088 -0.050000 -1.116944
v -7.239788 -0.050000 -1.158342
v -7.092594 -0.050000 -1.158342
v -7.303266 -0.050000 -1.343255
v -7.698850 -0.050000 -1.343255
v -7.696550 -0.050000 -1.384653
v -7.300966 -0.050000 -1.384653
v -7.545216 -0.050000 -1.205260
v -7.714949 -0.050000 -1.205260
v -7.712649 -0.050000 -1.246659
v -7.302345 -0.050000 -1.246659
v -7.304646 -0.050000 -1.205260
v -7.442180 -0.050000 -1.205260
v -7.495538 -0.050000 -0.973430
v -7.598574 -0.050000 -0.973430
v -7.824425 -0.050000 -1.241829
v -7.868583 -0.050000 -1.241829
v -7.860303 -0.050000 -1.387413
v -7.816145 -0.050000 -1.387413
v -7.772907 -0.050000 -1.241829
v -7.817065 -0.050000 -1.241829
v -7.808785 -0.050000 -1.387413
v -7.764627 -0.050000 -1.387413
v -7.824425 -0.050000 -1.241829
v -7.824425 0.050000 -1.241829
v -7.868583 -0.050000 -1.241829
v -7.868583 0.050000 -1.241829
v -7.860303 -0.050000 -1.387413
v -7.860303 0.050000 -1.387413
v -7.816145 -0.050000 -1.387413
v -7.816145 0.050000 -1.387413
v -7.772907 -0.050000 -1.241829
v -7.772907 0.050000 -1.241829
v -7.817065 -0.050000 -1.241829
v -7.817065 0.050000 -1.241829
v -7.808785 -0.050000 -1.387413
v -7.808785 0.050000 -1.387413
v -7.764627 -0.050000 -1.387413
v -7.764627 0.050000 -1.387413
v -7.303266 -0.050000 -1.343255
v -7.303266 0.050000 -1.343255
v -7.698850 -0.050000 -1.343255
v -7.698850 0.050000 -1.343255
v -7.696550 -0.050000 -1.384653
v -7.696550 0.050000 -1.384653
v -7.300966 -0.050000 -1.384653
v -7.300966 0.050000 -1.384653
v -7.545216 -0.050000 -1.205260
v -7.545216 0.050000 -1.205260
v -7.714949 -0.050000 -1.205260
v -7.714949 0.050000 -1.205260
v -7.712649 -0.050000 -1.246659
v -7.712649 0.050000 -1.246659
v -7.302345 -0.050000 -1.246659
v -7.302345 0.050000 -1.246659
v -7.304646 -0.050000 -1.205260
v -7.304646 0.050000 -1.205260
v -7.442180 -0.050000 -1.205260
v -7.442180 0.050000 -1.205260
v -7.495538 -0.050000 -0.973430
v -7.495538 0.050000 -0.973430
v -7.598574 -0.050000 -0.973430
v -7.598574 0.050000 -0.973430
v -7.089834 -0.050000 -1.293577
v -7.089834 0.050000 -1.293577
v -7.234728 -0.050000 -1.293577
v -7.234728 0.050000 -1.293577
v -7.232429 -0.050000 -1.334975
v -7.232429 0.050000 -1.334975
v -7.088914 -0.050000 -1.334975
v -7.088914 0.050000 -1.334975
v -7.087534 -0.050000 -1.387413
v -7.087534 0.050000 -1.387413
v -6.984498 -0.050000 -1.387413
v -6.984498 0.050000 -1.387413
v -6.985878 -0.050000 -1.334975
v -6.985878 0.050000 -1.334975
v -6.833164 -0.050000 -1.334975
v -6.833164 0.050000 -1.334975
v -6.835464 -0.050000 -1.293577
v -6.835464 0.050000 -1.293577
v -6.986798 -0.050000 -1.293577
v -6.986798 0.050000 -1.293577
v -6.990018 -0.050000 -1.158342
v -6.990018 0.050000 -1.158342
v -6.840524 -0.050000 -1.158342
v -6.840524 0.050000 -1.158342
v -6.842824 -0.050000 -1.116944
v -6.842824 0.050000 -1.116944
v -6.990938 -0.050000 -1.116944
v -6.990938 0.050000 -1.116944
v -6.994158 -0.050000 -0.973430
v -6.994158 0.050000 -0.973430
v -7.096734 -0.050000 -0.973430
v -7.096734 0.050000 -0.973430
v -7.093514 -0.050000 -1.116944
v -7.093514 0.050000 -1.116944
v -7.242088 -0.050000 -1.116944
v -7.242088 0.050000 -1.116944
v -7.239788 -0.050000 -1.158342
v -7.239788 0.050000 -1.158342
v -7.092594 -0.050000 -1.158342
v -7.092594 0.050000 -1.158342
v -6.740708 -0.050000 -1.241829
v -6.740708 0.050000 -1.241829
v -6.784866 -0.050000 -1.241829
v -6.784866 0.050000 -1.241829
v -6.776587 -0.050000 -1.387413
v -6.776587 0.050000 -1.387413
v -6.732429 -0.050000 -1.387413
v -6.732429 0.050000 -1.387413
v -6.689190 -0.050000 -1.241829
v -6.689190 0.050000 -1.241829
v -6.733348 -0.050000 -1.241829
v -6.733348 0.050000 -1.241829
v -6.725069 -0.050000 -1.387413
v -6.725069 0.050000 -1.387413
v -6.680910 -0.050000 -1.387413
v -6.680910 0.050000 -1.387413
vn -0.0000 1.0000 -0.0000
vn -0.0000 -1.0000 -0.0000
vn -0.8528 -0.0000 0.5222
vn 0.8092 -0.0000 0.5875
vn -0.8092 -0.0000 -0.5875
vn -0.8529 -0.0000 0.5221
vn 0.8528 -0.0000 -0.5222
vn 0.8529 -0.0000 -0.5221
vn -0.8524 -0.0000 0.5229
vn 0.8098 -0.0000 0.5867
vn 0.8098 -0.0000 0.5868
vn -0.8098 -0.0000 -0.5868
vn 0.8524 -0.0000 -0.5229
vn -0.8098 -0.0000 -0.5867
vn -0.8524 -0.0000 0.5230
vn -0.9032 -0.0000 0.4292
vn 0.7303 -0.0000 0.6831
vn 0.7302 -0.0000 0.6832
vn -0.9032 -0.0000 0.4291
vn -0.8398 0.0001 0.5429
vn -0.8397 -0.0000 0.5430
vn -0.8217 -0.0000 -0.5700
vn -0.8217 -0.0000 -0.5699
vn 0.8419 -0.0000 -0.5397
vn 0.8419 -0.0000 -0.5396
vn 0.8419 0.0001 -0.5396
vn 0.8524 -0.0000 -0.5230
vn 0.8227 -0.0000 0.5685
vn 0.8410 -0.0000 -0.5410
vn 0.8227 -0.0000 0.5684
vn 0.8233 -0.0000 0.5676
vn -0.8405 -0.0000 0.5419
vn -0.8405 -0.0000 0.5418
vn -0.8241 -0.0000 -0.5664
vn -0.8240 -0.0000 -0.5665
vt 0.285714 0.000000
vt 0.142857 0.000000
vt 0.000000 0.000000
vt 0.571429 0.000000
vt 1.000000 0.000000
vt 0.857143 0.000000
vt 0.714286 0.000000
vt 0.428571 0.000000
vt 0.947368 0.000000
vt 0.894737 0.000000
vt 0.842105 0.000000
vt 0.105263 0.000000
vt 0.052632 0.000000
vt 0.157895 0.000000
vt 0.526316 0.000000
vt 0.684211 0.000000
vt 0.631579 0.000000
vt 0.578947 0.000000
vt 0.315789 0.000000
vt 0.473684 0.000000
vt 0.421053 0.000000
vt 0.368421 0.000000
vt 0.789474 0.000000
vt 0.736842 0.000000
vt 0.210526 0.000000
vt 0.263158 0.000000
vt 0.545455 0.000000
vt 0.454545 0.000000
vt 0.363636 0.000000
vt 0.818182 0.000000
vt 0.636364 0.000000
vt 0.727273 0.000000
vt 0.272727 0.000000
vt 0.181818 0.000000
vt 0.909091 0.000000
vt 0.090909 0.000000
vt 0.250000 1.000000
vt 0.000000 1.000000
vt 0.500000 1.000000
vt 0.250000 0.000000
vt 0.750000 1.000000
vt 0.500000 0.000000
vt 1.000000 1.000000
vt 0.750000 0.000000
vt 0.125000 1.000000
vt 0.125000 0.000000
vt 0.375000 1.000000
vt 0.375000 0.000000
vt 0.625000 1.000000
vt 0.625000 0.000000
vt 0.875000 1.000000
vt 0.875000 0.000000
vt 0.050000 1.000000
vt 0.100000 1.000000
vt 0.050000 0.000000
vt 0.150000 1.000000
vt 0.100000 0.000000
vt 0.200000 1.000000
vt 0.150000 0.000000
vt 0.200000 0.000000
vt 0.300000 1.000000
vt 0.350000 1.000000
vt 0.300000 0.000000
vt 0.400000 1.000000
vt 0.350000 0.000000
vt 0.450000 1.000000
vt 0.400000 0.000000
vt 0.450000 0.000000
vt 0.550000 1.000000
vt 0.600000 1.000000
vt 0.550000 0.000000
vt 0.650000 1.000000
vt 0.600000 0.000000
vt 0.700000 1.000000
vt 0.650000 0.000000
vt 0.700000 0.000000
vt 0.800000 1.000000
vt 0.850000 1.000000
vt 0.800000 0.000000
vt 0.900000 1.000000
vt 0.850000 0.000000
vt 0.950000 1.000000
vt 0.900000 0.000000
vt 0.950000 0.000000
s 1
usemtl Material.029
f 3068/769/973 3067/770/973 3066/771/973
f 3070/772/973 3073/773/973 3072/774/973
f 3070/772/973 3072/774/973 3071/775/973
f 3068/769/973 3066/771/973 3069/776/973
f 3092/777/973 3091/778/973 3090/779/973
f 3090/779/973 3093/773/973 3092/777/973
f 3076/780/973 3075/781/973 3074/771/973
f 3074/771/973 3077/782/973 3076/780/973
f 3084/783/973 3087/784/973 3086/785/973
f 3086/785/973 3085/786/973 3084/783/973
f 3080/787/973 3083/788/973 3082/789/973
f 3082/789/973 3081/790/973 3080/787/973
f 3090/779/973 3089/791/973 3088/792/973
f 3088/792/973 3087/784/973 3090/779/973
f 3093/773/973 3090/779/973 3087/784/973
f 3087/784/973 3084/783/973 3093/773/973
f 3074/771/973 3093/773/973 3084/783/973
f 3084/783/973 3083/788/973 3074/771/973
f 3077/782/973 3074/771/973 3083/788/973
f 3083/788/973 3080/787/973 3077/782/973
f 3078/793/973 3077/782/973 3080/787/973
f 3080/787/973 3079/794/973 3078/793/973
f 3100/795/973 3099/796/973 3098/797/973
f 3103/798/973 3101/799/973 3098/797/973
f 3103/798/973 3102/800/973 3101/799/973
f 3094/771/973 3097/801/973 3096/802/973
f 3098/797/973 3105/773/973 3104/803/973
f 3104/803/973 3103/798/973 3098/797/973
f 3096/802/973 3095/804/973 3094/771/973
f 3100/795/973 3098/797/973 3101/799/973
f 3108/769/973 3107/770/973 3106/771/973
f 3110/772/973 3113/773/973 3112/774/973
f 3110/772/973 3112/774/973 3111/775/973
f 3108/769/973 3106/771/973 3109/776/973
f 3116/769/974 3114/771/974 3115/770/974
f 3118/772/974 3120/774/974 3121/773/974
f 3118/772/974 3119/775/974 3120/774/974
f 3116/769/974 3117/776/974 3114/771/974
f 3140/777/974 3138/779/974 3139/778/974
f 3138/779/974 3140/777/974 3141/773/974
f 3124/780/974 3122/771/974 3123/781/974
f 3122/771/974 3124/780/974 3125/782/974
f 3132/783/974 3134/785/974 3135/784/974
f 3134/785/974 3132/783/974 3133/786/974
f 3128/787/974 3130/789/974 3131/788/974
f 3130/789/974 3128/787/974 3129/790/974
f 3138/779/974 3136/792/974 3137/791/974
f 3136/792/974 3138/779/974 3135/784/974
f 3141/773/974 3135/784/974 3138/779/974
f 3135/784/974 3141/773/974 3132/783/974
f 3122/771/974 3132/783/974 3141/773/974
f 3132/783/974 3122/771/974 3131/788/974
f 3125/782/974 3131/788/974 3122/771/974
f 3131/788/974 3125/782/974 3128/787/974
f 3126/793/974 3128/787/974 3125/782/974
f 3128/787/974 3126/793/974 3127/794/974
f 3148/795/974 3146/797/974 3147/796/974
f 3151/798/974 3146/797/974 3149/799/974
f 3151/798/974 3149/799/974 3150/800/974
f 3142/771/974 3144/802/974 3145/801/974
f 3146/797/974 3152/803/974 3153/773/974
f 3152/803/974 3146/797/974 3151/798/974
f 3144/802/974 3142/771/974 3143/804/974
f 3148/795/974 3149/799/974 3146/797/974
f 3156/769/974 3154/771/974 3155/770/974
f 3158/772/974 3160/774/974 3161/773/974
f 3158/772/974 3159/775/974 3160/774/974
f 3156/769/974 3157/776/974 3154/771/974
f 3165/805/975 3162/771/976 3163/806/976
f 3167/807/977 3164/808/978 3165/805/975
f 3169/809/979 3166/810/977 3167/807/977
f 3163/811/976 3168/812/980 3169/809/979
f 3173/805/975 3170/771/976 3171/806/976
f 3175/807/977 3172/808/978 3173/805/975
f 3177/809/979 3174/810/977 3175/807/977
f 3171/811/976 3176/812/980 3177/809/979
f 3181/805/981 3178/771/982 3179/806/983
f 3183/807/984 3180/808/981 3181/805/981
f 3185/809/985 3182/810/986 3183/807/984
f 3179/811/983 3184/812/985 3185/809/985
f 3189/813/987 3186/771/988 3187/806/988
f 3191/805/984 3188/814/981 3189/813/987
f 3193/815/985 3190/808/986 3191/805/984
f 3195/807/982 3192/816/985 3193/815/985
f 3197/817/989 3194/810/982 3195/807/982
f 3199/809/990 3196/818/990 3197/817/989
f 3201/819/991 3198/812/989 3199/809/990
f 3187/811/988 3200/820/988 3201/819/991
f 3205/821/981 3202/771/992 3203/806/993
f 3207/822/986 3204/823/981 3205/821/981
f 3209/824/994 3206/825/986 3207/822/986
f 3211/826/995 3208/827/995 3209/824/994
f 3213/805/996 3210/828/994 3211/826/995
f 3215/829/997 3212/808/997 3213/805/996
f 3217/830/985 3214/831/998 3215/829/997
f 3219/832/982 3216/833/999 3217/830/985
f 3221/834/1000 3218/835/982 3219/832/982
f 3223/807/1001 3220/836/1002 3221/834/1000
f 3225/837/985 3222/810/1001 3223/807/1001
f 3227/838/982 3224/839/999 3225/837/985
f 3229/840/1003 3226/841/982 3227/838/982
f 3231/842/1003 3228/843/1003 3229/840/1003
f 3233/809/1004 3230/844/1003 3231/842/1003
f 3235/845/1004 3232/812/1005 3233/809/1004
f 3237/846/981 3234/847/1005 3235/845/1004
f 3239/848/986 3236/849/987 3237/846/981
f 3241/850/1006 3238/851/986 3239/848/986
f 3203/811/993 3240/852/1007 3241/850/1006
f 3245/805/975 3242/771/976 3243/806/976
f 3247/807/977 3244/808/978 3245/805/975
f 3249/809/979 3246/810/977 3247/807/977
f 3243/811/976 3248/812/980 3249/809/979
f 3253/805/975 3250/771/976 3251/806/976
f 3255/807/977 3252/808/978 3253/805/975
f 3257/809/979 3254/810/977 3255/807/977
f 3251/811/976 3256/812/980 3257/809/979
f 3165/805/975 3164/808/978 3162/771/976
f 3167/807/977 3166/810/977 3164/808/978
f 3169/809/979 3168/812/980 3166/810/977
f 3163/811/976 3162/773/976 3168/812/980
f 3173/805/975 3172/808/978 3170/771/976
f 3175/807/977 3174/810/977 3172/808/978
f 3177/809/979 3176/812/980 3174/810/977
f 3171/811/976 3170/773/976 3176/812/980
f 3181/805/981 3180/808/981 3178/771/982
f 3183/807/984 3182/810/986 3180/808/981
f 3185/809/985 3184/812/985 3182/810/986
f 3179/811/983 3178/773/982 3184/812/985
f 3189/813/987 3188/814/981 3186/771/988
f 3191/805/984 3190/808/986 3188/814/981
f 3193/815/985 3192/816/985 3190/808/986
f 3195/807/982 3194/810/982 3192/816/985
f 3197/817/989 3196/818/990 3194/810/982
f 3199/809/990 3198/812/989 3196/818/990
f 3201/819/991 3200/820/988 3198/812/989
f 3187/811/988 3186/773/988 3200/820/988
f 3205/821/981 3204/823/981 3202/771/992
f 3207/822/986 3206/825/986 3204/823/981
f 3209/824/994 3208/827/995 3206/825/986
f 3211/826/995 3210/828/994 3208/827/995
f 3213/805/996 3212/808/997 3210/828/994
f 3215/829/997 3214/831/998 3212/808/997
f 3217/830/985 3216/833/999 3214/831/998
f 3219/832/982 3218/835/982 3216/833/999
f 3221/834/1000 3220/836/1002 3218/835/982
f 3223/807/1001 3222/810/1001 3220/836/1002
f 3225/837/985 3224/839/999 3222/810/1001
f 3227/838/982 3226/841/982 3224/839/999
f 3229/840/1003 3228/843/1003 3226/841/982
f 3231/842/1003 3230/844/1003 3228/843/1003
f 3233/809/1004 3232/812/1005 3230/844/1003
f 3235/845/1004 3234/847/1005 3232/812/1005
f 3237/846/981 3236/849/987 3234/847/1005
f 3239/848/986 3238/851/986 3236/849/987
f 3241/850/1006 3240/852/1007 3238/851/986
f 3203/811/993 3202/773/992 3240/852/1007
f 3245/805/975 3244/808/978 3242/771/976
f 3247/807/977 3246/810/977 3244/808/978
f 3249/809/979 3248/812/980 3246/810/977
f 3243/811/976 3242/773/976 3248/812/980
f 3253/805/975 3252/808/978 3250/771/976
f 3255/807/977 3254/810/977 3252/808/978
f 3257/809/979 3256/812/980 3254/810/977
f 3251/811/976 3250/773/976 3256/812/980
o Text.004
v 5.787221 0.050000 -0.656494
v 5.539062 0.050000 -0.656494
v 5.542051 0.050000 -0.710772
v 5.937313 0.050000 -0.710772
v 5.873928 0.050000 -0.523099
v 5.973192 0.050000 -0.523099
v 5.953459 0.050000 -0.184553
v 5.493614 0.050000 -0.184553
v 5.504977 0.050000 -0.389705
v 5.759116 0.050000 -0.389705
v 5.750744 0.050000 -0.238831
v 5.825492 0.050000 -0.238831
v 5.838647 0.050000 -0.469742
v 5.481058 0.050000 -0.469742
v 5.484047 0.050000 -0.523099
v 5.742373 0.050000 -0.523099
v 5.595271 0.050000 -0.335427
v 5.662244 0.050000 -0.335427
v 5.656862 0.050000 -0.238831
v 5.590487 0.050000 -0.238831
v 5.036164 0.050000 -0.479861
v 5.345318 0.050000 -0.184553
v 5.159945 0.050000 -0.184553
v 4.869328 0.050000 -0.477101
v 5.225722 0.050000 -0.725491
v 5.382392 0.050000 -0.725491
v 4.535659 0.050000 -0.635335
v 4.252217 0.050000 -0.635335
v 4.255208 0.050000 -0.688693
v 4.773055 0.050000 -0.688693
v 4.770064 0.050000 -0.635335
v 4.690535 0.050000 -0.635335
v 4.442374 0.050000 -0.257230
v 4.719237 0.050000 -0.237911
v 4.716248 0.050000 -0.184553
v 4.289291 0.050000 -0.213072
v 4.292282 0.050000 -0.267350
v 4.079404 0.050000 -0.184553
v 3.739754 0.050000 -0.184553
v 3.742743 0.050000 -0.237911
v 3.960406 0.050000 -0.237911
v 3.977747 0.050000 -0.536899
v 3.685337 0.050000 -0.536899
v 3.688925 0.050000 -0.590257
v 4.102724 0.050000 -0.590257
v 3.103506 0.050000 -0.604056
v 3.022182 0.050000 -0.604056
v 3.024573 0.050000 -0.658334
v 3.114868 0.050000 -0.658334
v 3.128621 0.050000 -0.726411
v 3.250608 0.050000 -0.726411
v 3.236856 0.050000 -0.658334
v 3.428805 0.050000 -0.658334
v 3.402494 0.050000 -0.184553
v 3.280507 0.050000 -0.184553
v 3.303828 0.050000 -0.604056
v 3.225493 0.050000 -0.604056
v 3.139983 0.050000 -0.184553
v 3.017996 0.050000 -0.184553
v 3.528069 0.050000 -0.252630
v 3.452724 0.050000 -0.252630
v 3.450931 0.050000 -0.683173
v 3.526276 0.050000 -0.683173
v 2.498953 0.050000 -0.184553
v 2.388925 0.050000 -0.184553
v 2.417627 0.050000 -0.682253
v 2.427794 0.050000 -0.682253
v 2.489385 0.050000 -0.682253
v 2.501943 0.050000 -0.737451
v 2.616754 0.050000 -0.737451
v 2.604196 0.050000 -0.682253
v 2.825447 0.050000 -0.682253
v 2.924712 0.050000 -0.682253
v 2.935475 0.050000 -0.682253
v 2.906773 0.050000 -0.184553
v 2.796744 0.050000 -0.184553
v 2.822457 0.050000 -0.627055
v 2.524666 0.050000 -0.627055
v 2.539615 0.050000 -0.261830
v 2.529449 0.050000 -0.261830
v 2.547388 0.050000 -0.574617
v 2.569514 0.050000 -0.574617
v 2.643064 0.050000 -0.574617
v 2.695686 0.050000 -0.574617
v 2.787177 0.050000 -0.574617
v 2.791363 0.050000 -0.574617
v 2.773424 0.050000 -0.261830
v 2.757278 0.050000 -0.261830
v 2.677747 0.050000 -0.261830
v 2.625125 0.050000 -0.261830
v 2.640075 0.050000 -0.519420
v 2.628115 0.050000 -0.317028
v 2.680737 0.050000 -0.317028
v 2.692697 0.050000 -0.519420
v 1.924297 0.050000 -0.184553
v 1.793341 0.050000 -0.184553
v 1.823239 0.050000 -0.710772
v 1.954794 0.050000 -0.710772
v 2.283083 0.050000 -0.184553
v 1.997251 0.050000 -0.227791
v 2.000240 0.050000 -0.295868
v 2.286671 0.050000 -0.252630
v 2.289661 0.050000 -0.620615
v 2.027149 0.050000 -0.620615
v 2.029541 0.050000 -0.674893
v 2.292052 0.050000 -0.674893
v 1.325724 0.050000 -0.184553
v 1.192375 0.050000 -0.184553
v 1.223469 0.050000 -0.736531
v 1.357416 0.050000 -0.736531
v 1.344859 0.050000 -0.515740
v 1.682117 0.050000 -0.515740
v 1.679128 0.050000 -0.460542
v 1.341868 0.050000 -0.460542
v 0.703828 0.050000 -0.390625
v 0.594398 0.050000 -0.390625
v 0.595594 0.050000 -0.600376
v 0.705622 0.050000 -0.600376
v 0.998630 0.050000 -0.184553
v 0.869468 0.050000 -0.184553
v 0.959762 0.050000 -0.600376
v 1.088925 0.050000 -0.600376
v 0.866478 0.050000 -0.390625
v 0.757048 0.050000 -0.390625
v 0.758244 0.050000 -0.600376
v 0.868271 0.050000 -0.600376
v 0.350424 0.050000 -0.184553
v 0.216477 0.050000 -0.184553
v 0.283451 0.050000 -0.615096
v 0.108244 0.050000 -0.615096
v 0.089706 0.050000 -0.460542
v -0.044240 0.050000 -0.460542
v -0.011352 0.050000 -0.732851
v 0.122595 0.050000 -0.732851
v 0.114822 0.050000 -0.670294
v 0.495134 0.050000 -0.670294
v 0.492145 0.050000 -0.615096
v 0.417397 0.050000 -0.615096
v -0.157258 0.050000 -0.184553
v -0.670919 0.050000 -0.184553
v -0.639824 0.050000 -0.707092
v -0.125565 0.050000 -0.707092
v -0.262501 0.050000 -0.651894
v -0.509465 0.050000 -0.651894
v -0.533982 0.050000 -0.239751
v -0.287617 0.050000 -0.239751
v -0.920275 0.050000 -0.604056
v -1.092492 0.050000 -0.604056
v -1.089502 0.050000 -0.658334
v -0.917285 0.050000 -0.658334
v -0.913099 0.050000 -0.725491
v -0.791112 0.050000 -0.725491
v -0.795298 0.050000 -0.658334
v -0.735501 0.050000 -0.658334
v -0.738491 0.050000 -0.604056
v -0.798288 0.050000 -0.604056
v -0.809649 0.050000 -0.404424
v -0.749852 0.050000 -0.404424
v -0.752841 0.050000 -0.350146
v -0.813237 0.050000 -0.350146
v -0.822805 0.050000 -0.184553
v -1.111030 0.050000 -0.184553
v -1.099070 0.050000 -0.404424
v -0.931636 0.050000 -0.404424
v -1.148702 0.050000 -0.184553
v -1.280257 0.050000 -0.184553
v -1.249162 0.050000 -0.725491
v -1.117608 0.050000 -0.725491
v -1.005188 0.050000 -0.238831
v -0.941802 0.050000 -0.238831
v -0.935225 0.050000 -0.350146
v -0.998610 0.050000 -0.350146
v -1.442906 0.050000 -0.646374
v -1.743090 0.050000 -0.671213
v -1.740100 0.050000 -0.725491
v -1.439916 0.050000 -0.700652
v -1.404037 0.050000 -0.184553
v -1.857304 0.050000 -0.184553
v -1.854313 0.050000 -0.238831
v -1.536190 0.050000 -0.238831
v -1.524829 0.050000 -0.426503
v -1.861489 0.050000 -0.415464
v -1.848334 0.050000 -0.620615
v -1.712593 0.050000 -0.620615
v -1.720367 0.050000 -0.473421
v -1.386098 0.050000 -0.483541
v -2.006199 0.050000 -0.184553
v -2.383522 0.050000 -0.184553
v -2.380533 0.050000 -0.237911
v -2.125197 0.050000 -0.237911
v -2.101876 0.050000 -0.634415
v -2.469631 0.050000 -0.634415
v -2.466043 0.050000 -0.687773
v -1.976899 0.050000 -0.687773
v -2.921103 0.050000 -0.184553
v -3.110063 0.050000 -0.184553
v -3.080762 0.050000 -0.703412
v -2.954589 0.050000 -0.703412
v -2.980901 0.050000 -0.238831
v -2.918113 0.050000 -0.238831
v -2.617331 0.050000 -0.238831
v -2.744102 0.050000 -0.238831
v -2.728555 0.050000 -0.676733
v -2.602382 0.050000 -0.676733
v -3.228463 0.050000 -0.635335
v -3.681130 0.050000 -0.635335
v -3.678141 0.050000 -0.688693
v -3.225473 0.050000 -0.688693
v -3.586052 0.050000 -0.237911
v -3.234442 0.050000 -0.237911
v -3.237432 0.050000 -0.184553
v -3.720597 0.050000 -0.184553
v -3.712823 0.050000 -0.319788
v -3.581269 0.050000 -0.319788
v -4.274323 0.050000 -0.631655
v -4.316181 0.050000 -0.631655
v -4.313191 0.050000 -0.685933
v -4.268343 0.050000 -0.685933
v -4.264157 0.050000 -0.725491
v -4.133201 0.050000 -0.725491
v -4.137386 0.050000 -0.685933
v -3.851554 0.050000 -0.685933
v -3.853945 0.050000 -0.631655
v -4.143366 0.050000 -0.631655
v -4.191802 0.050000 -0.184553
v -4.322759 0.050000 -0.184553
v -3.823449 0.050000 -0.184553
v -4.109879 0.050000 -0.213072
v -4.106889 0.050000 -0.267350
v -3.821057 0.050000 -0.238831
v -3.830624 0.050000 -0.469742
v -4.084167 0.050000 -0.469742
v -4.081176 0.050000 -0.523099
v -3.827635 0.050000 -0.523099
v -4.665998 0.050000 -0.642695
v -4.918941 0.050000 -0.642695
v -4.915951 0.050000 -0.696972
v -4.672575 0.050000 -0.696972
v -4.676163 0.050000 -0.725491
v -4.544608 0.050000 -0.725491
v -4.541020 0.050000 -0.696972
v -4.416641 0.050000 -0.696972
v -4.419631 0.050000 -0.642695
v -4.535040 0.050000 -0.642695
v -4.525473 0.050000 -0.563578
v -4.423219 0.050000 -0.563578
v -4.426208 0.050000 -0.509300
v -4.518895 0.050000 -0.509300
v -4.502151 0.050000 -0.368546
v -4.783798 0.050000 -0.368546
v -4.790376 0.050000 -0.238831
v -4.481820 0.050000 -0.238831
v -4.484810 0.050000 -0.184553
v -4.924323 0.050000 -0.184553
v -4.912363 0.050000 -0.422823
v -4.639686 0.050000 -0.422823
v -4.649852 0.050000 -0.509300
v -4.925519 0.050000 -0.509300
v -4.922529 0.050000 -0.563578
v -4.656429 0.050000 -0.563578
v -5.261581 0.050000 -0.635335
v -5.545022 0.050000 -0.635335
v -5.542032 0.050000 -0.688693
v -5.024185 0.050000 -0.688693
v -5.027174 0.050000 -0.635335
v -5.106706 0.050000 -0.635335
v -5.354866 0.050000 -0.257230
v -5.078003 0.050000 -0.237911
v -5.080993 0.050000 -0.184553
v -5.507947 0.050000 -0.213072
v -5.504958 0.050000 -0.267350
v -5.962409 0.050000 -0.526779
v -5.950450 0.050000 -0.736531
v -5.835638 0.050000 -0.736531
v -5.847598 0.050000 -0.526779
v -5.769861 0.050000 -0.526779
v -5.759696 0.050000 -0.707092
v -5.649668 0.050000 -0.707092
v -5.662823 0.050000 -0.471581
v -5.772851 0.050000 -0.471581
v -5.850588 0.050000 -0.471581
v -5.864341 0.050000 -0.239751
v -5.778831 0.050000 -0.239751
v -5.768665 0.050000 -0.420063
v -5.653853 0.050000 -0.420063
v -5.667009 0.050000 -0.184553
v -5.781820 0.050000 -0.184553
v -5.867331 0.050000 -0.184553
v -5.982142 0.050000 -0.184553
v -6.067055 0.050000 -0.184553
v -6.181867 0.050000 -0.184553
v -6.168711 0.050000 -0.420063
v -6.053900 0.050000 -0.420063
v -6.064065 0.050000 -0.239751
v -5.979153 0.050000 -0.239751
v -5.965399 0.050000 -0.471581
v -6.043136 0.050000 -0.471581
v -6.153163 0.050000 -0.471581
v -6.140008 0.050000 -0.707092
v -6.029981 0.050000 -0.707092
v -6.040146 0.050000 -0.526779
v -6.693734 0.050000 -0.604056
v -6.775059 0.050000 -0.604056
v -6.772069 0.050000 -0.658334
v -6.682373 0.050000 -0.658334
v -6.668619 0.050000 -0.726411
v -6.546632 0.050000 -0.726411
v -6.560385 0.050000 -0.658334
v -6.368435 0.050000 -0.658334
v -6.394746 0.050000 -0.184553
v -6.516733 0.050000 -0.184553
v -6.493412 0.050000 -0.604056
v -6.571747 0.050000 -0.604056
v -6.657258 0.050000 -0.184553
v -6.779244 0.050000 -0.184553
v -6.268573 0.050000 -0.252630
v -6.344516 0.050000 -0.252630
v -6.345712 0.050000 -0.635335
v -6.318803 0.050000 -0.635335
v -6.313421 0.050000 -0.725491
v -6.287708 0.050000 -0.725491
v -6.292492 0.050000 -0.635335
v -6.273955 0.050000 -0.635335
v -6.268573 0.050000 -0.725491
v -6.242860 0.050000 -0.725491
v -6.248242 0.050000 -0.635335
v -6.270367 0.050000 -0.635335
v 5.787221 -0.050000 -0.656494
v 5.539062 -0.050000 -0.656494
v 5.542051 -0.050000 -0.710772
v 5.937313 -0.050000 -0.710772
v 5.873928 -0.050000 -0.523099
v 5.973192 -0.050000 -0.523099
v 5.953459 -0.050000 -0.184553
v 5.493614 -0.050000 -0.184553
v 5.504977 -0.050000 -0.389705
v 5.759116 -0.050000 -0.389705
v 5.750744 -0.050000 -0.238831
v 5.825492 -0.050000 -0.238831
v 5.838647 -0.050000 -0.469742
v 5.481058 -0.050000 -0.469742
v 5.484047 -0.050000 -0.523099
v 5.742373 -0.050000 -0.523099
v 5.595271 -0.050000 -0.335427
v 5.662244 -0.050000 -0.335427
v 5.656862 -0.050000 -0.238831
v 5.590487 -0.050000 -0.238831
v 5.036164 -0.050000 -0.479861
v 5.345318 -0.050000 -0.184553
v 5.159945 -0.050000 -0.184553
v 4.869328 -0.050000 -0.477101
v 5.225722 -0.050000 -0.725491
v 5.382392 -0.050000 -0.725491
v 4.535659 -0.050000 -0.635335
v 4.252217 -0.050000 -0.635335
v 4.255208 -0.050000 -0.688693
v 4.773055 -0.050000 -0.688693
v 4.770064 -0.050000 -0.635335
v 4.690535 -0.050000 -0.635335
v 4.442374 -0.050000 -0.257230
v 4.719237 -0.050000 -0.237911
v 4.716248 -0.050000 -0.184553
v 4.289291 -0.050000 -0.213072
v 4.292282 -0.050000 -0.267350
v 4.079404 -0.050000 -0.184553
v 3.739754 -0.050000 -0.184553
v 3.742743 -0.050000 -0.237911
v 3.960406 -0.050000 -0.237911
v 3.977747 -0.050000 -0.536899
v 3.685337 -0.050000 -0.536899
v 3.688925 -0.050000 -0.590257
v 4.102724 -0.050000 -0.590257
v 3.103506 -0.050000 -0.604056
v 3.022182 -0.050000 -0.604056
v 3.024573 -0.050000 -0.658334
v 3.114868 -0.050000 -0.658334
v 3.128621 -0.050000 -0.726411
v 3.250608 -0.050000 -0.726411
v 3.236856 -0.050000 -0.658334
v 3.428805 -0.050000 -0.658334
v 3.402494 -0.050000 -0.184553
v 3.280507 -0.050000 -0.184553
v 3.303828 -0.050000 -0.604056
v 3.225493 -0.050000 -0.604056
v 3.139983 -0.050000 -0.184553
v 3.017996 -0.050000 -0.184553
v 3.528069 -0.050000 -0.252630
v 3.452724 -0.050000 -0.252630
v 3.450931 -0.050000 -0.683173
v 3.526276 -0.050000 -0.683173
v 2.498953 -0.050000 -0.184553
v 2.388925 -0.050000 -0.184553
v 2.417627 -0.050000 -0.682253
v 2.427794 -0.050000 -0.682253
v 2.489385 -0.050000 -0.682253
v 2.501943 -0.050000 -0.737451
v 2.616754 -0.050000 -0.737451
v 2.604196 -0.050000 -0.682253
v 2.825447 -0.050000 -0.682253
v 2.924712 -0.050000 -0.682253
v 2.935475 -0.050000 -0.682253
v 2.906773 -0.050000 -0.184553
v 2.796744 -0.050000 -0.184553
v 2.822457 -0.050000 -0.627055
v 2.524666 -0.050000 -0.627055
v 2.539615 -0.050000 -0.261830
v 2.529449 -0.050000 -0.261830
v 2.547388 -0.050000 -0.574617
v 2.569514 -0.050000 -0.574617
v 2.643064 -0.050000 -0.574617
v 2.695686 -0.050000 -0.574617
v 2.787177 -0.050000 -0.574617
v 2.791363 -0.050000 -0.574617
v 2.773424 -0.050000 -0.261830
v 2.757278 -0.050000 -0.261830
v 2.677747 -0.050000 -0.261830
v 2.625125 -0.050000 -0.261830
v 2.640075 -0.050000 -0.519420
v 2.628115 -0.050000 -0.317028
v 2.680737 -0.050000 -0.317028
v 2.692697 -0.050000 -0.519420
v 1.924297 -0.050000 -0.184553
v 1.793341 -0.050000 -0.184553
v 1.823239 -0.050000 -0.710772
v 1.954794 -0.050000 -0.710772
v 2.283083 -0.050000 -0.184553
v 1.997251 -0.050000 -0.227791
v 2.000240 -0.050000 -0.295868
v 2.286671 -0.050000 -0.252630
v 2.289661 -0.050000 -0.620615
v 2.027149 -0.050000 -0.620615
v 2.029541 -0.050000 -0.674893
v 2.292052 -0.050000 -0.674893
v 1.325724 -0.050000 -0.184553
v 1.192375 -0.050000 -0.184553
v 1.223469 -0.050000 -0.736531
v 1.357416 -0.050000 -0.736531
v 1.344859 -0.050000 -0.515740
v 1.682117 -0.050000 -0.515740
v 1.679128 -0.050000 -0.460542
v 1.341868 -0.050000 -0.460542
v 0.703828 -0.050000 -0.390625
v 0.594398 -0.050000 -0.390625
v 0.595594 -0.050000 -0.600376
v 0.705622 -0.050000 -0.600376
v 0.998630 -0.050000 -0.184553
v 0.869468 -0.050000 -0.184553
v 0.959762 -0.050000 -0.600376
v 1.088925 -0.050000 -0.600376
v 0.866478 -0.050000 -0.390625
v 0.757048 -0.050000 -0.390625
v 0.758244 -0.050000 -0.600376
v 0.868271 -0.050000 -0.600376
v 0.350424 -0.050000 -0.184553
v 0.216477 -0.050000 -0.184553
v 0.283451 -0.050000 -0.615096
v 0.108244 -0.050000 -0.615096
v 0.089706 -0.050000 -0.460542
v -0.044240 -0.050000 -0.460542
v -0.011352 -0.050000 -0.732851
v 0.122595 -0.050000 -0.732851
v 0.114822 -0.050000 -0.670294
v 0.495134 -0.050000 -0.670294
v 0.492145 -0.050000 -0.615096
v 0.417397 -0.050000 -0.615096
v -0.157258 -0.050000 -0.184553
v -0.670919 -0.050000 -0.184553
v -0.639824 -0.050000 -0.707092
v -0.125565 -0.050000 -0.707092
v -0.262501 -0.050000 -0.651894
v -0.509465 -0.050000 -0.651894
v -0.533982 -0.050000 -0.239751
v -0.287617 -0.050000 -0.239751
v -0.920275 -0.050000 -0.604056
v -1.092492 -0.050000 -0.604056
v -1.089502 -0.050000 -0.658334
v -0.917285 -0.050000 -0.658334
v -0.913099 -0.050000 -0.725491
v -0.791112 -0.050000 -0.725491
v -0.795298 -0.050000 -0.658334
v -0.735501 -0.050000 -0.658334
v -0.738491 -0.050000 -0.604056
v -0.798288 -0.050000 -0.604056
v -0.809649 -0.050000 -0.404424
v -0.749852 -0.050000 -0.404424
v -0.752841 -0.050000 -0.350146
v -0.813237 -0.050000 -0.350146
v -0.822805 -0.050000 -0.184553
v -1.111030 -0.050000 -0.184553
v -1.099070 -0.050000 -0.404424
v -0.931636 -0.050000 -0.404424
v -1.148702 -0.050000 -0.184553
v -1.280257 -0.050000 -0.184553
v -1.249162 -0.050000 -0.725491
v -1.117608 -0.050000 -0.725491
v -1.005188 -0.050000 -0.238831
v -0.941802 -0.050000 -0.238831
v -0.935225 -0.050000 -0.350146
v -0.998610 -0.050000 -0.350146
v -1.442906 -0.050000 -0.646374
v -1.743090 -0.050000 -0.671213
v -1.740100 -0.050000 -0.725491
v -1.439916 -0.050000 -0.700652
v -1.404037 -0.050000 -0.184553
v -1.857304 -0.050000 -0.184553
v -1.854313 -0.050000 -0.238831
v -1.536190 -0.050000 -0.238831
v -1.524829 -0.050000 -0.426503
v -1.861489 -0.050000 -0.415464
v -1.848334 -0.050000 -0.620615
v -1.712593 -0.050000 -0.620615
v -1.720367 -0.050000 -0.473421
v -1.386098 -0.050000 -0.483541
v -2.006199 -0.050000 -0.184553
v -2.383522 -0.050000 -0.184553
v -2.380533 -0.050000 -0.237911
v -2.125197 -0.050000 -0.237911
v -2.101876 -0.050000 -0.634415
v -2.469631 -0.050000 -0.634415
v -2.466043 -0.050000 -0.687773
v -1.976899 -0.050000 -0.687773
v -2.921103 -0.050000 -0.184553
v -3.110063 -0.050000 -0.184553
v -3.080762 -0.050000 -0.703412
v -2.954589 -0.050000 -0.703412
v -2.980901 -0.050000 -0.238831
v -2.918113 -0.050000 -0.238831
v -2.617331 -0.050000 -0.238831
v -2.744102 -0.050000 -0.238831
v -2.728555 -0.050000 -0.676733
v -2.602382 -0.050000 -0.676733
v -3.228463 -0.050000 -0.635335
v -3.681130 -0.050000 -0.635335
v -3.678141 -0.050000 -0.688693
v -3.225473 -0.050000 -0.688693
v -3.586052 -0.050000 -0.237911
v -3.234442 -0.050000 -0.237911
v -3.237432 -0.050000 -0.184553
v -3.720597 -0.050000 -0.184553
v -3.712823 -0.050000 -0.319788
v -3.581269 -0.050000 -0.319788
v -4.274323 -0.050000 -0.631655
v -4.316181 -0.050000 -0.631655
v -4.313191 -0.050000 -0.685933
v -4.268343 -0.050000 -0.685933
v -4.264157 -0.050000 -0.725491
v -4.133201 -0.050000 -0.725491
v -4.137386 -0.050000 -0.685933
v -3.851554 -0.050000 -0.685933
v -3.853945 -0.050000 -0.631655
v -4.143366 -0.050000 -0.631655
v -4.191802 -0.050000 -0.184553
v -4.322759 -0.050000 -0.184553
v -3.823449 -0.050000 -0.184553
v -4.109879 -0.050000 -0.213072
v -4.106889 -0.050000 -0.267350
v -3.821057 -0.050000 -0.238831
v -3.830624 -0.050000 -0.469742
v -4.084167 -0.050000 -0.469742
v -4.081176 -0.050000 -0.523099
v -3.827635 -0.050000 -0.523099
v -4.665998 -0.050000 -0.642695
v -4.918941 -0.050000 -0.642695
v -4.915951 -0.050000 -0.696972
v -4.672575 -0.050000 -0.696972
v -4.676163 -0.050000 -0.725491
v -4.544608 -0.050000 -0.725491
v -4.541020 -0.050000 -0.696972
v -4.416641 -0.050000 -0.696972
v -4.419631 -0.050000 -0.642695
v -4.535040 -0.050000 -0.642695
v -4.525473 -0.050000 -0.563578
v -4.423219 -0.050000 -0.563578
v -4.426208 -0.050000 -0.509300
v -4.518895 -0.050000 -0.509300
v -4.502151 -0.050000 -0.368546
v -4.783798 -0.050000 -0.368546
v -4.790376 -0.050000 -0.238831
v -4.481820 -0.050000 -0.238831
v -4.484810 -0.050000 -0.184553
v -4.924323 -0.050000 -0.184553
v -4.912363 -0.050000 -0.422823
v -4.639686 -0.050000 -0.422823
v -4.649852 -0.050000 -0.509300
v -4.925519 -0.050000 -0.509300
v -4.922529 -0.050000 -0.563578
v -4.656429 -0.050000 -0.563578
v -5.261581 -0.050000 -0.635335
v -5.545022 -0.050000 -0.635335
v -5.542032 -0.050000 -0.688693
v -5.024185 -0.050000 -0.688693
v -5.027174 -0.050000 -0.635335
v -5.106706 -0.050000 -0.635335
v -5.354866 -0.050000 -0.257230
v -5.078003 -0.050000 -0.237911
v -5.080993 -0.050000 -0.184553
v -5.507947 -0.050000 -0.213072
v -5.504958 -0.050000 -0.267350
v -5.962409 -0.050000 -0.526779
v -5.950450 -0.050000 -0.736531
v -5.835638 -0.050000 -0.736531
v -5.847598 -0.050000 -0.526779
v -5.769861 -0.050000 -0.526779
v -5.759696 -0.050000 -0.707092
v -5.649668 -0.050000 -0.707092
v -5.662823 -0.050000 -0.471581
v -5.772851 -0.050000 -0.471581
v -5.850588 -0.050000 -0.471581
v -5.864341 -0.050000 -0.239751
v -5.778831 -0.050000 -0.239751
v -5.768665 -0.050000 -0.420063
v -5.653853 -0.050000 -0.420063
v -5.667009 -0.050000 -0.184553
v -5.781820 -0.050000 -0.184553
v -5.867331 -0.050000 -0.184553
v -5.982142 -0.050000 -0.184553
v -6.067055 -0.050000 -0.184553
v -6.181867 -0.050000 -0.184553
v -6.168711 -0.050000 -0.420063
v -6.053900 -0.050000 -0.420063
v -6.064065 -0.050000 -0.239751
v -5.979153 -0.050000 -0.239751
v -5.965399 -0.050000 -0.471581
v -6.043136 -0.050000 -0.471581
v -6.153163 -0.050000 -0.471581
v -6.140008 -0.050000 -0.707092
v -6.029981 -0.050000 -0.707092
v -6.040146 -0.050000 -0.526779
v -6.693734 -0.050000 -0.604056
v -6.775059 -0.050000 -0.604056
v -6.772069 -0.050000 -0.658334
v -6.682373 -0.050000 -0.658334
v -6.668619 -0.050000 -0.726411
v -6.546632 -0.050000 -0.726411
v -6.560385 -0.050000 -0.658334
v -6.368435 -0.050000 -0.658334
v -6.394746 -0.050000 -0.184553
v -6.516733 -0.050000 -0.184553
v -6.493412 -0.050000 -0.604056
v -6.571747 -0.050000 -0.604056
v -6.657258 -0.050000 -0.184553
v -6.779244 -0.050000 -0.184553
v -6.268573 -0.050000 -0.252630
v -6.344516 -0.050000 -0.252630
v -6.345712 -0.050000 -0.635335
v -6.318803 -0.050000 -0.635335
v -6.313421 -0.050000 -0.725491
v -6.287708 -0.050000 -0.725491
v -6.292492 -0.050000 -0.635335
v -6.273955 -0.050000 -0.635335
v -6.268573 -0.050000 -0.725491
v -6.242860 -0.050000 -0.725491
v -6.248242 -0.050000 -0.635335
v -6.270367 -0.050000 -0.635335
v -6.693734 -0.050000 -0.604056
v -6.693734 0.050000 -0.604056
v -6.775059 -0.050000 -0.604056
v -6.775059 0.050000 -0.604056
v -6.772069 -0.050000 -0.658334
v -6.772069 0.050000 -0.658334
v -6.682373 -0.050000 -0.658334
v -6.682373 0.050000 -0.658334
v -6.668619 -0.050000 -0.726411
v -6.668619 0.050000 -0.726411
v -6.546632 -0.050000 -0.726411
v -6.546632 0.050000 -0.726411
v -6.560385 -0.050000 -0.658334
v -6.560385 0.050000 -0.658334
v -6.368435 -0.050000 -0.658334
v -6.368435 0.050000 -0.658334
v -6.394746 -0.050000 -0.184553
v -6.394746 0.050000 -0.184553
v -6.516733 -0.050000 -0.184553
v -6.516733 0.050000 -0.184553
v -6.493412 -0.050000 -0.604056
v -6.493412 0.050000 -0.604056
v -6.571747 -0.050000 -0.604056
v -6.571747 0.050000 -0.604056
v -6.657258 -0.050000 -0.184553
v -6.657258 0.050000 -0.184553
v -6.779244 -0.050000 -0.184553
v -6.779244 0.050000 -0.184553
v -6.268573 -0.050000 -0.252630
v -6.268573 0.050000 -0.252630
v -6.344516 -0.050000 -0.252630
v -6.344516 0.050000 -0.252630
v -6.345712 -0.050000 -0.635335
v -6.345712 0.050000 -0.635335
v -6.318803 -0.050000 -0.635335
v -6.318803 0.050000 -0.635335
v -6.313421 -0.050000 -0.725491
v -6.313421 0.050000 -0.725491
v -6.287708 -0.050000 -0.725491
v -6.287708 0.050000 -0.725491
v -6.292492 -0.050000 -0.635335
v -6.292492 0.050000 -0.635335
v -6.273955 -0.050000 -0.635335
v -6.273955 0.050000 -0.635335
v -6.268573 -0.050000 -0.725491
v -6.268573 0.050000 -0.725491
v -6.242860 -0.050000 -0.725491
v -6.242860 0.050000 -0.725491
v -6.248242 -0.050000 -0.635335
v -6.248242 0.050000 -0.635335
v -6.270367 -0.050000 -0.635335
v -6.270367 0.050000 -0.635335
v -5.962409 -0.050000 -0.526779
v -5.962409 0.050000 -0.526779
v -5.950450 -0.050000 -0.736531
v -5.950450 0.050000 -0.736531
v -5.835638 -0.050000 -0.736531
v -5.835638 0.050000 -0.736531
v -5.847598 -0.050000 -0.526779
v -5.847598 0.050000 -0.526779
v -5.769861 -0.050000 -0.526779
v -5.769861 0.050000 -0.526779
v -5.759696 -0.050000 -0.707092
v -5.759696 0.050000 -0.707092
v -5.649668 -0.050000 -0.707092
v -5.649668 0.050000 -0.707092
v -5.662823 -0.050000 -0.471581
v -5.662823 0.050000 -0.471581
v -5.772851 -0.050000 -0.471581
v -5.772851 0.050000 -0.471581
v -5.850588 -0.050000 -0.471581
v -5.850588 0.050000 -0.471581
v -5.864341 -0.050000 -0.239751
v -5.864341 0.050000 -0.239751
v -5.778831 -0.050000 -0.239751
v -5.778831 0.050000 -0.239751
v -5.768665 -0.050000 -0.420063
v -5.768665 0.050000 -0.420063
v -5.653853 -0.050000 -0.420063
v -5.653853 0.050000 -0.420063
v -5.667009 -0.050000 -0.184553
v -5.667009 0.050000 -0.184553
v -5.781820 -0.050000 -0.184553
v -5.781820 0.050000 -0.184553
v -5.867331 -0.050000 -0.184553
v -5.867331 0.050000 -0.184553
v -5.982142 -0.050000 -0.184553
v -5.982142 0.050000 -0.184553
v -6.067055 -0.050000 -0.184553
v -6.067055 0.050000 -0.184553
v -6.181867 -0.050000 -0.184553
v -6.181867 0.050000 -0.184553
v -6.168711 -0.050000 -0.420063
v -6.168711 0.050000 -0.420063
v -6.053900 -0.050000 -0.420063
v -6.053900 0.050000 -0.420063
v -6.064065 -0.050000 -0.239751
v -6.064065 0.050000 -0.239751
v -5.979153 -0.050000 -0.239751
v -5.979153 0.050000 -0.239751
v -5.965399 -0.050000 -0.471581
v -5.965399 0.050000 -0.471581
v -6.043136 -0.050000 -0.471581
v -6.043136 0.050000 -0.471581
v -6.153163 -0.050000 -0.471581
v -6.153163 0.050000 -0.471581
v -6.140008 -0.050000 -0.707092
v -6.140008 0.050000 -0.707092
v -6.029981 -0.050000 -0.707092
v -6.029981 0.050000 -0.707092
v -6.040146 -0.050000 -0.526779
v -6.040146 0.050000 -0.526779
v -5.261581 -0.050000 -0.635335
v -5.261581 0.050000 -0.635335
v -5.545022 -0.050000 -0.635335
v -5.545022 0.050000 -0.635335
v -5.542032 -0.050000 -0.688693
v -5.542032 0.050000 -0.688693
v -5.024185 -0.050000 -0.688693
v -5.024185 0.050000 -0.688693
v -5.027174 -0.050000 -0.635335
v -5.027174 0.050000 -0.635335
v -5.106706 -0.050000 -0.635335
v -5.106706 0.050000 -0.635335
v -5.354866 -0.050000 -0.257230
v -5.354866 0.050000 -0.257230
v -5.078003 -0.050000 -0.237911
v -5.078003 0.050000 -0.237911
v -5.080993 -0.050000 -0.184553
v -5.080993 0.050000 -0.184553
v -5.507947 -0.050000 -0.213072
v -5.507947 0.050000 -0.213072
v -5.504958 -0.050000 -0.267350
v -5.504958 0.050000 -0.267350
v -4.665998 -0.050000 -0.642695
v -4.665998 0.050000 -0.642695
v -4.918941 -0.050000 -0.642695
v -4.918941 0.050000 -0.642695
v -4.915951 -0.050000 -0.696972
v -4.915951 0.050000 -0.696972
v -4.672575 -0.050000 -0.696972
v -4.672575 0.050000 -0.696972
v -4.676163 -0.050000 -0.725491
v -4.676163 0.050000 -0.725491
v -4.544608 -0.050000 -0.725491
v -4.544608 0.050000 -0.725491
v -4.541020 -0.050000 -0.696972
v -4.541020 0.050000 -0.696972
v -4.416641 -0.050000 -0.696972
v -4.416641 0.050000 -0.696972
v -4.419631 -0.050000 -0.642695
v -4.419631 0.050000 -0.642695
v -4.535040 -0.050000 -0.642695
v -4.535040 0.050000 -0.642695
v -4.525473 -0.050000 -0.563578
v -4.525473 0.050000 -0.563578
v -4.423219 -0.050000 -0.563578
v -4.423219 0.050000 -0.563578
v -4.426208 -0.050000 -0.509300
v -4.426208 0.050000 -0.509300
v -4.518895 -0.050000 -0.509300
v -4.518895 0.050000 -0.509300
v -4.502151 -0.050000 -0.368546
v -4.502151 0.050000 -0.368546
v -4.783798 -0.050000 -0.368546
v -4.783798 0.050000 -0.368546
v -4.790376 -0.050000 -0.238831
v -4.790376 0.050000 -0.238831
v -4.481820 -0.050000 -0.238831
v -4.481820 0.050000 -0.238831
v -4.484810 -0.050000 -0.184553
v -4.484810 0.050000 -0.184553
v -4.924323 -0.050000 -0.184553
v -4.924323 0.050000 -0.184553
v -4.912363 -0.050000 -0.422823
v -4.912363 0.050000 -0.422823
v -4.639686 -0.050000 -0.422823
v -4.639686 0.050000 -0.422823
v -4.649852 -0.050000 -0.509300
v -4.649852 0.050000 -0.509300
v -4.925519 -0.050000 -0.509300
v -4.925519 0.050000 -0.509300
v -4.922529 -0.050000 -0.563578
v -4.922529 0.050000 -0.563578
v -4.656429 -0.050000 -0.563578
v -4.656429 0.050000 -0.563578
v -4.274323 -0.050000 -0.631655
v -4.274323 0.050000 -0.631655
v -4.316181 -0.050000 -0.631655
v -4.316181 0.050000 -0.631655
v -4.313191 -0.050000 -0.685933
v -4.313191 0.050000 -0.685933
v -4.268343 -0.050000 -0.685933
v -4.268343 0.050000 -0.685933
v -4.264157 -0.050000 -0.725491
v -4.264157 0.050000 -0.725491
v -4.133201 -0.050000 -0.725491
v -4.133201 0.050000 -0.725491
v -4.137386 -0.050000 -0.685933
v -4.137386 0.050000 -0.685933
v -3.851554 -0.050000 -0.685933
v -3.851554 0.050000 -0.685933
v -3.853945 -0.050000 -0.631655
v -3.853945 0.050000 -0.631655
v -4.143366 -0.050000 -0.631655
v -4.143366 0.050000 -0.631655
v -4.191802 -0.050000 -0.184553
v -4.191802 0.050000 -0.184553
v -4.322759 -0.050000 -0.184553
v -4.322759 0.050000 -0.184553
v -3.823449 -0.050000 -0.184553
v -3.823449 0.050000 -0.184553
v -4.109879 -0.050000 -0.213072
v -4.109879 0.050000 -0.213072
v -4.106889 -0.050000 -0.267350
v -4.106889 0.050000 -0.267350
v -3.821057 -0.050000 -0.238831
v -3.821057 0.050000 -0.238831
v -3.830624 -0.050000 -0.469742
v -3.830624 0.050000 -0.469742
v -4.084167 -0.050000 -0.469742
v -4.084167 0.050000 -0.469742
v -4.081176 -0.050000 -0.523099
v -4.081176 0.050000 -0.523099
v -3.827635 -0.050000 -0.523099
v -3.827635 0.050000 -0.523099
v -3.228463 -0.050000 -0.635335
v -3.228463 0.050000 -0.635335
v -3.681130 -0.050000 -0.635335
v -3.681130 0.050000 -0.635335
v -3.678141 -0.050000 -0.688693
v -3.678141 0.050000 -0.688693
v -3.225473 -0.050000 -0.688693
v -3.225473 0.050000 -0.688693
v -3.586052 -0.050000 -0.237911
v -3.586052 0.050000 -0.237911
v -3.234442 -0.050000 -0.237911
v -3.234442 0.050000 -0.237911
v -3.237432 -0.050000 -0.184553
v -3.237432 0.050000 -0.184553
v -3.720597 -0.050000 -0.184553
v -3.720597 0.050000 -0.184553
v -3.712823 -0.050000 -0.319788
v -3.712823 0.050000 -0.319788
v -3.581269 -0.050000 -0.319788
v -3.581269 0.050000 -0.319788
v -2.921103 -0.050000 -0.184553
v -2.921103 0.050000 -0.184553
v -3.110063 -0.050000 -0.184553
v -3.110063 0.050000 -0.184553
v -3.080762 -0.050000 -0.703412
v -3.080762 0.050000 -0.703412
v -2.954589 -0.050000 -0.703412
v -2.954589 0.050000 -0.703412
v -2.980901 -0.050000 -0.238831
v -2.980901 0.050000 -0.238831
v -2.918113 -0.050000 -0.238831
v -2.918113 0.050000 -0.238831
v -2.617331 -0.050000 -0.238831
v -2.617331 0.050000 -0.238831
v -2.744102 -0.050000 -0.238831
v -2.744102 0.050000 -0.238831
v -2.728555 -0.050000 -0.676733
v -2.728555 0.050000 -0.676733
v -2.602382 -0.050000 -0.676733
v -2.602382 0.050000 -0.676733
v -2.006199 -0.050000 -0.184553
v -2.006199 0.050000 -0.184553
v -2.383522 -0.050000 -0.184553
v -2.383522 0.050000 -0.184553
v -2.380533 -0.050000 -0.237911
v -2.380533 0.050000 -0.237911
v -2.125197 -0.050000 -0.237911
v -2.125197 0.050000 -0.237911
v -2.101876 -0.050000 -0.634415
v -2.101876 0.050000 -0.634415
v -2.469631 -0.050000 -0.634415
v -2.469631 0.050000 -0.634415
v -2.466043 -0.050000 -0.687773
v -2.466043 0.050000 -0.687773
v -1.976899 -0.050000 -0.687773
v -1.976899 0.050000 -0.687773
v -1.442906 -0.050000 -0.646374
v -1.442906 0.050000 -0.646374
v -1.743090 -0.050000 -0.671213
v -1.743090 0.050000 -0.671213
v -1.740100 -0.050000 -0.725491
v -1.740100 0.050000 -0.725491
v -1.439916 -0.050000 -0.700652
v -1.439916 0.050000 -0.700652
v -1.404037 -0.050000 -0.184553
v -1.404037 0.050000 -0.184553
v -1.857304 -0.050000 -0.184553
v -1.857304 0.050000 -0.184553
v -1.854313 -0.050000 -0.238831
v -1.854313 0.050000 -0.238831
v -1.536190 -0.050000 -0.238831
v -1.536190 0.050000 -0.238831
v -1.524829 -0.050000 -0.426503
v -1.524829 0.050000 -0.426503
v -1.861489 -0.050000 -0.415464
v -1.861489 0.050000 -0.415464
v -1.848334 -0.050000 -0.620615
v -1.848334 0.050000 -0.620615
v -1.712593 -0.050000 -0.620615
v -1.712593 0.050000 -0.620615
v -1.720367 -0.050000 -0.473421
v -1.720367 0.050000 -0.473421
v -1.386098 -0.050000 -0.483541
v -1.386098 0.050000 -0.483541
v -0.920275 -0.050000 -0.604056
v -0.920275 0.050000 -0.604056
v -1.092492 -0.050000 -0.604056
v -1.092492 0.050000 -0.604056
v -1.089502 -0.050000 -0.658334
v -1.089502 0.050000 -0.658334
v -0.917285 -0.050000 -0.658334
v -0.917285 0.050000 -0.658334
v -0.913099 -0.050000 -0.725491
v -0.913099 0.050000 -0.725491
v -0.791112 -0.050000 -0.725491
v -0.791112 0.050000 -0.725491
v -0.795298 -0.050000 -0.658334
v -0.795298 0.050000 -0.658334
v -0.735501 -0.050000 -0.658334
v -0.735501 0.050000 -0.658334
v -0.738491 -0.050000 -0.604056
v -0.738491 0.050000 -0.604056
v -0.798288 -0.050000 -0.604056
v -0.798288 0.050000 -0.604056
v -0.809649 -0.050000 -0.404424
v -0.809649 0.050000 -0.404424
v -0.749852 -0.050000 -0.404424
v -0.749852 0.050000 -0.404424
v -0.752841 -0.050000 -0.350146
v -0.752841 0.050000 -0.350146
v -0.813237 -0.050000 -0.350146
v -0.813237 0.050000 -0.350146
v -0.822805 -0.050000 -0.184553
v -0.822805 0.050000 -0.184553
v -1.111030 -0.050000 -0.184553
v -1.111030 0.050000 -0.184553
v -1.099070 -0.050000 -0.404424
v -1.099070 0.050000 -0.404424
v -0.931636 -0.050000 -0.404424
v -0.931636 0.050000 -0.404424
v -1.148702 -0.050000 -0.184553
v -1.148702 0.050000 -0.184553
v -1.280257 -0.050000 -0.184553
v -1.280257 0.050000 -0.184553
v -1.249162 -0.050000 -0.725491
v -1.249162 0.050000 -0.725491
v -1.117608 -0.050000 -0.725491
v -1.117608 0.050000 -0.725491
v -1.005188 -0.050000 -0.238831
v -1.005188 0.050000 -0.238831
v -0.941802 -0.050000 -0.238831
v -0.941802 0.050000 -0.238831
v -0.935225 -0.050000 -0.350146
v -0.935225 0.050000 -0.350146
v -0.998610 -0.050000 -0.350146
v -0.998610 0.050000 -0.350146
v -0.157258 -0.050000 -0.184553
v -0.157258 0.050000 -0.184553
v -0.670919 -0.050000 -0.184553
v -0.670919 0.050000 -0.184553
v -0.639824 -0.050000 -0.707092
v -0.639824 0.050000 -0.707092
v -0.125565 -0.050000 -0.707092
v -0.125565 0.050000 -0.707092
v -0.262501 -0.050000 -0.651894
v -0.262501 0.050000 -0.651894
v -0.509465 -0.050000 -0.651894
v -0.509465 0.050000 -0.651894
v -0.533982 -0.050000 -0.239751
v -0.533982 0.050000 -0.239751
v -0.287617 -0.050000 -0.239751
v -0.287617 0.050000 -0.239751
v 0.350424 -0.050000 -0.184553
v 0.350424 0.050000 -0.184553
v 0.216477 -0.050000 -0.184553
v 0.216477 0.050000 -0.184553
v 0.283451 -0.050000 -0.615096
v 0.283451 0.050000 -0.615096
v 0.108244 -0.050000 -0.615096
v 0.108244 0.050000 -0.615096
v 0.089706 -0.050000 -0.460542
v 0.089706 0.050000 -0.460542
v -0.044240 -0.050000 -0.460542
v -0.044240 0.050000 -0.460542
v -0.011352 -0.050000 -0.732851
v -0.011352 0.050000 -0.732851
v 0.122595 -0.050000 -0.732851
v 0.122595 0.050000 -0.732851
v 0.114822 -0.050000 -0.670294
v 0.114822 0.050000 -0.670294
v 0.495134 -0.050000 -0.670294
v 0.495134 0.050000 -0.670294
v 0.492145 -0.050000 -0.615096
v 0.492145 0.050000 -0.615096
v 0.417397 -0.050000 -0.615096
v 0.417397 0.050000 -0.615096
v 0.703828 -0.050000 -0.390625
v 0.703828 0.050000 -0.390625
v 0.594398 -0.050000 -0.390625
v 0.594398 0.050000 -0.390625
v 0.595594 -0.050000 -0.600376
v 0.595594 0.050000 -0.600376
v 0.705622 -0.050000 -0.600376
v 0.705622 0.050000 -0.600376
v 0.998630 -0.050000 -0.184553
v 0.998630 0.050000 -0.184553
v 0.869468 -0.050000 -0.184553
v 0.869468 0.050000 -0.184553
v 0.959762 -0.050000 -0.600376
v 0.959762 0.050000 -0.600376
v 1.088925 -0.050000 -0.600376
v 1.088925 0.050000 -0.600376
v 0.866478 -0.050000 -0.390625
v 0.866478 0.050000 -0.390625
v 0.757048 -0.050000 -0.390625
v 0.757048 0.050000 -0.390625
v 0.758244 -0.050000 -0.600376
v 0.758244 0.050000 -0.600376
v 0.868271 -0.050000 -0.600376
v 0.868271 0.050000 -0.600376
v 1.325724 -0.050000 -0.184553
v 1.325724 0.050000 -0.184553
v 1.192375 -0.050000 -0.184553
v 1.192375 0.050000 -0.184553
v 1.223469 -0.050000 -0.736531
v 1.223469 0.050000 -0.736531
v 1.357416 -0.050000 -0.736531
v 1.357416 0.050000 -0.736531
v 1.344859 -0.050000 -0.515740
v 1.344859 0.050000 -0.515740
v 1.682117 -0.050000 -0.515740
v 1.682117 0.050000 -0.515740
v 1.679128 -0.050000 -0.460542
v 1.679128 0.050000 -0.460542
v 1.341868 -0.050000 -0.460542
v 1.341868 0.050000 -0.460542
v 1.924297 -0.050000 -0.184553
v 1.924297 0.050000 -0.184553
v 1.793341 -0.050000 -0.184553
v 1.793341 0.050000 -0.184553
v 1.823239 -0.050000 -0.710772
v 1.823239 0.050000 -0.710772
v 1.954794 -0.050000 -0.710772
v 1.954794 0.050000 -0.710772
v 2.283083 -0.050000 -0.184553
v 2.283083 0.050000 -0.184553
v 1.997251 -0.050000 -0.227791
v 1.997251 0.050000 -0.227791
v 2.000240 -0.050000 -0.295868
v 2.000240 0.050000 -0.295868
v 2.286671 -0.050000 -0.252630
v 2.286671 0.050000 -0.252630
v 2.289661 -0.050000 -0.620615
v 2.289661 0.050000 -0.620615
v 2.027149 -0.050000 -0.620615
v 2.027149 0.050000 -0.620615
v 2.029541 -0.050000 -0.674893
v 2.029541 0.050000 -0.674893
v 2.292052 -0.050000 -0.674893
v 2.292052 0.050000 -0.674893
v 2.498953 -0.050000 -0.184553
v 2.498953 0.050000 -0.184553
v 2.388925 -0.050000 -0.184553
v 2.388925 0.050000 -0.184553
v 2.417627 -0.050000 -0.682253
v 2.417627 0.050000 -0.682253
v 2.427794 -0.050000 -0.682253
v 2.427794 0.050000 -0.682253
v 2.489385 -0.050000 -0.682253
v 2.489385 0.050000 -0.682253
v 2.501943 -0.050000 -0.737451
v 2.501943 0.050000 -0.737451
v 2.616754 -0.050000 -0.737451
v 2.616754 0.050000 -0.737451
v 2.604196 -0.050000 -0.682253
v 2.604196 0.050000 -0.682253
v 2.825447 -0.050000 -0.682253
v 2.825447 0.050000 -0.682253
v 2.924712 -0.050000 -0.682253
v 2.924712 0.050000 -0.682253
v 2.935475 -0.050000 -0.682253
v 2.935475 0.050000 -0.682253
v 2.906773 -0.050000 -0.184553
v 2.906773 0.050000 -0.184553
v 2.796744 -0.050000 -0.184553
v 2.796744 0.050000 -0.184553
v 2.822457 -0.050000 -0.627055
v 2.822457 0.050000 -0.627055
v 2.524666 -0.050000 -0.627055
v 2.524666 0.050000 -0.627055
v 2.539615 -0.050000 -0.261830
v 2.539615 0.050000 -0.261830
v 2.529449 -0.050000 -0.261830
v 2.529449 0.050000 -0.261830
v 2.547388 -0.050000 -0.574617
v 2.547388 0.050000 -0.574617
v 2.569514 -0.050000 -0.574617
v 2.569514 0.050000 -0.574617
v 2.643064 -0.050000 -0.574617
v 2.643064 0.050000 -0.574617
v 2.695686 -0.050000 -0.574617
v 2.695686 0.050000 -0.574617
v 2.787177 -0.050000 -0.574617
v 2.787177 0.050000 -0.574617
v 2.791363 -0.050000 -0.574617
v 2.791363 0.050000 -0.574617
v 2.773424 -0.050000 -0.261830
v 2.773424 0.050000 -0.261830
v 2.757278 -0.050000 -0.261830
v 2.757278 0.050000 -0.261830
v 2.677747 -0.050000 -0.261830
v 2.677747 0.050000 -0.261830
v 2.625125 -0.050000 -0.261830
v 2.625125 0.050000 -0.261830
v 2.640075 -0.050000 -0.519420
v 2.640075 0.050000 -0.519420
v 2.628115 -0.050000 -0.317028
v 2.628115 0.050000 -0.317028
v 2.680737 -0.050000 -0.317028
v 2.680737 0.050000 -0.317028
v 2.692697 -0.050000 -0.519420
v 2.692697 0.050000 -0.519420
v 3.103506 -0.050000 -0.604056
v 3.103506 0.050000 -0.604056
v 3.022182 -0.050000 -0.604056
v 3.022182 0.050000 -0.604056
v 3.024573 -0.050000 -0.658334
v 3.024573 0.050000 -0.658334
v 3.114868 -0.050000 -0.658334
v 3.114868 0.050000 -0.658334
v 3.128621 -0.050000 -0.726411
v 3.128621 0.050000 -0.726411
v 3.250608 -0.050000 -0.726411
v 3.250608 0.050000 -0.726411
v 3.236856 -0.050000 -0.658334
v 3.236856 0.050000 -0.658334
v 3.428805 -0.050000 -0.658334
v 3.428805 0.050000 -0.658334
v 3.402494 -0.050000 -0.184553
v 3.402494 0.050000 -0.184553
v 3.280507 -0.050000 -0.184553
v 3.280507 0.050000 -0.184553
v 3.303828 -0.050000 -0.604056
v 3.303828 0.050000 -0.604056
v 3.225493 -0.050000 -0.604056
v 3.225493 0.050000 -0.604056
v 3.139983 -0.050000 -0.184553
v 3.139983 0.050000 -0.184553
v 3.017996 -0.050000 -0.184553
v 3.017996 0.050000 -0.184553
v 3.528069 -0.050000 -0.252630
v 3.528069 0.050000 -0.252630
v 3.452724 -0.050000 -0.252630
v 3.452724 0.050000 -0.252630
v 3.450931 -0.050000 -0.683173
v 3.450931 0.050000 -0.683173
v 3.526276 -0.050000 -0.683173
v 3.526276 0.050000 -0.683173
v 4.079404 -0.050000 -0.184553
v 4.079404 0.050000 -0.184553
v 3.739754 -0.050000 -0.184553
v 3.739754 0.050000 -0.184553
v 3.742743 -0.050000 -0.237911
v 3.742743 0.050000 -0.237911
v 3.960406 -0.050000 -0.237911
v 3.960406 0.050000 -0.237911
v 3.977747 -0.050000 -0.536899
v 3.977747 0.050000 -0.536899
v 3.685337 -0.050000 -0.536899
v 3.685337 0.050000 -0.536899
v 3.688925 -0.050000 -0.590257
v 3.688925 0.050000 -0.590257
v 4.102724 -0.050000 -0.590257
v 4.102724 0.050000 -0.590257
v 4.535659 -0.050000 -0.635335
v 4.535659 0.050000 -0.635335
v 4.252217 -0.050000 -0.635335
v 4.252217 0.050000 -0.635335
v 4.255208 -0.050000 -0.688693
v 4.255208 0.050000 -0.688693
v 4.773055 -0.050000 -0.688693
v 4.773055 0.050000 -0.688693
v 4.770064 -0.050000 -0.635335
v 4.770064 0.050000 -0.635335
v 4.690535 -0.050000 -0.635335
v 4.690535 0.050000 -0.635335
v 4.442374 -0.050000 -0.257230
v 4.442374 0.050000 -0.257230
v 4.719237 -0.050000 -0.237911
v 4.719237 0.050000 -0.237911
v 4.716248 -0.050000 -0.184553
v 4.716248 0.050000 -0.184553
v 4.289291 -0.050000 -0.213072
v 4.289291 0.050000 -0.213072
v 4.292282 -0.050000 -0.267350
v 4.292282 0.050000 -0.267350
v 5.036164 -0.050000 -0.479861
v 5.036164 0.050000 -0.479861
v 5.345318 -0.050000 -0.184553
v 5.345318 0.050000 -0.184553
v 5.159945 -0.050000 -0.184553
v 5.159945 0.050000 -0.184553
v 4.869328 -0.050000 -0.477101
v 4.869328 0.050000 -0.477101
v 5.225722 -0.050000 -0.725491
v 5.225722 0.050000 -0.725491
v 5.382392 -0.050000 -0.725491
v 5.382392 0.050000 -0.725491
v 5.787221 -0.050000 -0.656494
v 5.787221 0.050000 -0.656494
v 5.539062 -0.050000 -0.656494
v 5.539062 0.050000 -0.656494
v 5.542051 -0.050000 -0.710772
v 5.542051 0.050000 -0.710772
v 5.937313 -0.050000 -0.710772
v 5.937313 0.050000 -0.710772
v 5.873928 -0.050000 -0.523099
v 5.873928 0.050000 -0.523099
v 5.973192 -0.050000 -0.523099
v 5.973192 0.050000 -0.523099
v 5.953459 -0.050000 -0.184553
v 5.953459 0.050000 -0.184553
v 5.493614 -0.050000 -0.184553
v 5.493614 0.050000 -0.184553
v 5.504977 -0.050000 -0.389705
v 5.504977 0.050000 -0.389705
v 5.759116 -0.050000 -0.389705
v 5.759116 0.050000 -0.389705
v 5.750744 -0.050000 -0.238831
v 5.750744 0.050000 -0.238831
v 5.825492 -0.050000 -0.238831
v 5.825492 0.050000 -0.238831
v 5.838647 -0.050000 -0.469742
v 5.838647 0.050000 -0.469742
v 5.481058 -0.050000 -0.469742
v 5.481058 0.050000 -0.469742
v 5.484047 -0.050000 -0.523099
v 5.484047 0.050000 -0.523099
v 5.742373 -0.050000 -0.523099
v 5.742373 0.050000 -0.523099
v 5.595271 -0.050000 -0.335427
v 5.595271 0.050000 -0.335427
v 5.662244 -0.050000 -0.335427
v 5.662244 0.050000 -0.335427
v 5.656862 -0.050000 -0.238831
v 5.656862 0.050000 -0.238831
v 5.590487 -0.050000 -0.238831
v 5.590487 0.050000 -0.238831
vn -0.0000 1.0000 -0.0000
vn -0.0000 -1.0000 -0.0000
vn -0.8585 -0.0000 0.5128
vn -0.9024 -0.0000 0.4309
vn -0.8164 -0.0000 -0.5775
vn -0.7497 -0.0000 -0.6618
vn -0.7497 -0.0001 -0.6618
vn 0.9020 -0.0000 -0.4317
vn 0.9020 -0.0000 -0.4318
vn 0.8587 -0.0000 -0.5125
vn 0.8162 -0.0001 0.5778
vn 0.8587 -0.0000 -0.5126
vn -0.8587 -0.0000 0.5125
vn 0.8162 -0.0000 0.5778
vn 0.7488 -0.0001 0.6628
vn 0.7488 -0.0000 0.6628
vn -0.9024 -0.0000 0.4308
vn -0.8372 -0.0000 0.5468
vn 0.8402 -0.0000 0.5422
vn -0.8396 -0.0001 -0.5432
vn -0.8145 -0.0000 -0.5802
vn -0.8396 -0.0000 -0.5432
vn 0.8578 -0.0000 -0.5140
vn 0.8601 -0.0000 -0.5102
vn 0.8145 -0.0000 0.5802
vn 0.8402 -0.0000 0.5423
vn 0.8144 -0.0000 0.5802
vn -0.8155 -0.0000 -0.5787
vn 0.8592 -0.0000 -0.5116
vn 0.8591 -0.0000 -0.5117
vn 0.8592 -0.0000 -0.5117
vn -0.8158 -0.0000 -0.5784
vn -0.8158 -0.0000 -0.5783
vn 0.8588 -0.0000 -0.5123
vn 0.8160 -0.0000 0.5781
vn 0.8588 0.0001 -0.5123
vn -0.0000 -0.0000 1.0000
vn 0.8160 -0.0000 0.5780
vn 0.8146 -0.0000 0.5800
vn 0.8600 -0.0000 -0.5103
vn -0.8588 -0.0000 0.5123
vn -0.8160 -0.0000 -0.5780
vn 0.8590 -0.0000 -0.5120
vn -0.8146 -0.0000 -0.5800
vn 0.8590 0.0001 -0.5120
vn -0.8600 -0.0000 0.5103
vn -0.8160 -0.0000 -0.5781
vn -0.8588 0.0001 0.5123
vn -0.8589 -0.0000 0.5122
vn -0.9664 0.0001 0.2570
vn -0.9664 -0.0000 0.2570
vn 0.8588 -0.0000 -0.5122
vn -0.8159 -0.0000 -0.5781
vn 0.8159 -0.0000 0.5781
vn 0.8589 0.0001 -0.5122
vn 0.5348 -0.0000 0.8450
vn 0.9700 -0.0000 -0.2429
vn 0.8688 -0.0000 -0.4951
vn 0.9701 -0.0000 -0.2428
vn 0.8038 -0.0000 0.5949
vn -0.8681 -0.0000 0.4963
vn -0.9564 -0.0000 -0.2921
vn -0.8681 0.0001 0.4964
vn -0.7877 -0.0000 0.6161
vn -0.7877 -0.0000 0.6160
vn -0.8813 -0.0000 -0.4726
vn 0.7855 -0.0000 -0.6189
vn 0.7854 -0.0000 -0.6189
vn 0.7854 0.0001 -0.6189
vn 0.8585 -0.0000 -0.5128
vn 0.8164 -0.0000 0.5775
vn 0.8585 0.0001 -0.5128
vn 0.8798 -0.0000 0.4753
vn 0.7877 -0.0000 -0.6161
vn 0.8798 -0.0000 0.4754
vn 0.7877 0.0001 -0.6161
vn 0.8585 -0.0000 -0.5129
vn 0.8792 -0.0000 0.4764
vn 0.8792 -0.0000 0.4765
vn 0.8182 -0.0000 0.5749
vn 0.8570 -0.0000 -0.5153
vn -0.8568 -0.0000 0.5156
vn -0.8184 -0.0000 -0.5746
vn -0.8568 -0.0000 0.5157
vn -0.8788 -0.0000 -0.4772
vn -0.7892 -0.0000 0.6142
vn -0.7892 -0.0000 0.6141
vn -0.8585 0.0001 0.5128
vn -0.8798 -0.0000 -0.4753
vn -0.8585 -0.0000 0.5129
vn -0.8760 -0.0000 0.4824
vn -0.8759 -0.0000 0.4824
vn -0.7945 -0.0000 -0.6073
vn -0.7945 -0.0001 -0.6073
vn 0.8752 -0.0000 -0.4838
vn -0.7944 -0.0000 -0.6073
vn 0.8547 -0.0000 -0.5192
vn 0.8752 -0.0000 -0.4837
vn 0.8209 -0.0000 0.5710
vn 0.8546 0.0001 -0.5192
vn 0.7934 -0.0000 0.6087
vn 0.7933 -0.0000 0.6088
vn -0.8760 -0.0000 0.4823
vn -0.8726 -0.0000 0.4884
vn 0.8029 -0.0000 0.5961
vn 0.8030 -0.0000 0.5960
vn -0.7980 -0.0000 -0.6026
vn -0.8726 0.0001 0.4885
vn 0.8691 -0.0000 -0.4946
vn -0.8588 0.0001 0.5122
vn 0.8589 -0.0000 -0.5122
vn -0.8588 -0.0000 0.5122
vn 0.8159 -0.0001 0.5781
vn -0.8589 0.0001 0.5122
vn 0.8597 -0.0000 -0.5108
vn -0.8593 -0.0000 0.5114
vn -0.8154 -0.0000 -0.5789
vn -0.8590 -0.0000 0.5119
vn -0.8590 -0.0000 0.5120
vn 0.8591 -0.0000 -0.5118
vn 0.8590 -0.0000 -0.5119
vn 0.8590 0.0001 -0.5119
vn -0.8516 -0.0000 0.5242
vn 0.8250 -0.0000 0.5651
vn 0.8249 -0.0000 0.5652
vn -0.8244 -0.0000 -0.5660
vn -0.8516 -0.0000 0.5243
vn 0.8511 -0.0000 -0.5250
vn 0.8150 -0.0000 0.5794
vn 0.8151 -0.0000 0.5794
vn -0.8159 -0.0001 -0.5781
vn -0.8148 -0.0000 -0.5797
vn -0.8598 -0.0000 0.5106
vn -0.8148 -0.0000 -0.5798
vn -0.8627 -0.0000 0.5057
vn -0.8112 -0.0001 -0.5847
vn 0.8596 -0.0000 -0.5109
vn -0.8112 -0.0000 -0.5847
vn 0.8596 -0.0000 -0.5110
vn -0.8703 -0.0000 0.4925
vn 0.8012 -0.0000 0.5983
vn 0.8013 -0.0000 0.5983
vn -0.8013 -0.0000 -0.5983
vn 0.8703 -0.0000 -0.4924
vn -0.8012 -0.0000 -0.5983
vn 0.8703 0.0001 -0.4925
vn 0.8143 -0.0000 0.5804
vn 0.8143 -0.0001 0.5805
vn -0.8141 -0.0000 -0.5807
vn -0.8556 -0.0000 0.5177
vn -0.8556 0.0001 0.5177
vn -0.8125 -0.0000 -0.5829
vn 0.8577 -0.0000 -0.5141
vn -0.8126 -0.0000 -0.5828
vn 0.8532 -0.0000 -0.5215
vn 0.8557 -0.0000 -0.5174
vn 0.8532 -0.0000 -0.5216
vn -0.8585 -0.0000 0.5127
vn -0.8591 0.0001 0.5117
vn -0.8591 -0.0000 0.5117
vn -0.8133 -0.0000 -0.5818
vn -0.8133 -0.0000 -0.5819
vn 0.8610 -0.0000 -0.5086
vn 0.8610 0.0001 -0.5087
vn 0.8156 -0.0000 0.5786
vn 0.8152 -0.0000 0.5792
vn 0.8152 -0.0000 0.5791
vn -0.8583 -0.0000 0.5132
vn 0.8153 -0.0000 0.5791
vn -0.8166 -0.0000 -0.5771
vn -0.8156 -0.0000 -0.5786
vn 0.8154 -0.0000 0.5789
vn -0.8154 -0.0001 -0.5789
vn 0.8593 -0.0000 -0.5114
vn 0.8593 0.0001 -0.5114
vn -0.8147 -0.0001 -0.5799
vn 0.8599 -0.0000 -0.5105
vn -0.8599 -0.0000 0.5105
vn -0.8147 -0.0000 -0.5799
vn 0.8147 -0.0000 0.5799
vn -0.8600 -0.0000 0.5102
vn 0.8140 -0.0000 0.5808
vn -0.8145 -0.0000 -0.5801
vn 0.8604 -0.0000 -0.5095
vn -0.8606 -0.0000 0.5093
vn -0.8605 -0.0000 0.5095
vn 0.8145 -0.0000 0.5801
vn -0.8139 -0.0000 -0.5810
vn -0.8898 -0.0000 0.4564
vn 0.7718 -0.0000 0.6359
vn 0.7881 -0.0000 0.6155
vn -0.8797 -0.0000 0.4754
vn -0.7877 -0.0000 -0.6160
vn -0.8798 -0.0000 0.4754
vn 0.8808 -0.0000 -0.4735
vn -0.7878 -0.0000 -0.6159
vn 0.8808 -0.0000 -0.4734
vn 0.8808 0.0001 -0.4735
vn 0.8582 -0.0000 -0.5134
vn 0.8167 -0.0000 0.5770
vn 0.8582 -0.0000 -0.5133
vn 0.7717 -0.0000 0.6359
vn 0.8167 -0.0000 0.5771
vn -0.8406 -0.0000 0.5417
vn 0.8351 -0.0000 0.5501
vn 0.8351 -0.0001 0.5501
vn -0.8362 -0.0000 -0.5485
vn -0.8406 0.0001 0.5417
vn 0.8417 -0.0000 -0.5399
vn -0.8363 -0.0000 -0.5483
vn 0.8417 -0.0000 -0.5400
vn -0.9056 -0.0000 0.4240
vn 0.7424 -0.0000 0.6700
vn -0.7423 -0.0001 -0.6700
vn -0.9057 -0.0000 0.4240
vn 0.9056 -0.0000 -0.4240
vn -0.7424 -0.0000 -0.6700
vn 0.9057 -0.0000 -0.4240
vn -0.8362 -0.0000 -0.5484
vn 0.8149 -0.0000 0.5795
vn 0.8149 -0.0000 0.5796
vn -0.8159 -0.0000 -0.5782
vn 0.8150 -0.0000 0.5795
vn 0.8168 -0.0000 0.5770
vn -0.8591 -0.0000 0.5118
vn 0.8595 -0.0000 -0.5111
vn -0.8157 -0.0000 -0.5785
vn -0.8761 -0.0000 0.4822
vn 0.7892 -0.0000 0.6142
vn 0.7892 -0.0000 0.6141
vn -0.7933 -0.0000 -0.6089
vn -0.8760 -0.0000 0.4822
vn 0.8787 -0.0000 -0.4773
vn -0.7933 -0.0000 -0.6088
vn 0.8787 0.0001 -0.4773
vn -0.8547 -0.0000 0.5191
vn -0.8209 -0.0000 -0.5711
vn -0.8547 0.0001 0.5192
vn 0.8547 -0.0000 -0.5191
vn 0.8546 -0.0000 -0.5192
vn -0.8594 -0.0000 0.5113
vn 0.8151 -0.0000 0.5793
vn -0.8153 -0.0001 -0.5791
vn -0.8594 -0.0000 0.5114
vn -0.0000 -0.0000 -1.0000
vn -0.8153 -0.0000 -0.5790
vn -0.7373 -0.0000 -0.6756
vn -0.7373 -0.0001 -0.6755
vn 0.9081 -0.0000 -0.4188
vn -0.7373 -0.0000 -0.6755
vn 0.8594 -0.0000 -0.5113
vn 0.8594 -0.0000 -0.5114
vn -0.8596 -0.0000 0.5110
vn 0.8153 -0.0000 0.5790
vn -0.8593 -0.0000 0.5115
vn -0.8154 -0.0000 -0.5788
vn 0.8593 -0.0000 -0.5115
vn 0.8599 0.0001 -0.5105
vn -0.8599 0.0001 0.5105
vn -0.8546 -0.0000 0.5192
vn -0.8209 -0.0000 -0.5710
vn -0.8587 0.0001 0.5125
vn -0.9024 0.0001 0.4309
vn -0.8368 -0.0000 0.5476
vn 0.8400 -0.0000 0.5426
vn -0.8400 -0.0000 -0.5426
vn 0.8368 -0.0000 -0.5476
vn -0.8152 -0.0001 -0.5792
vn -0.8595 -0.0000 0.5112
vn -0.8151 -0.0000 -0.5793
vn -0.8595 -0.0000 0.5111
vn -0.8113 -0.0000 -0.5847
vn 0.8160 -0.0001 0.5781
vn 0.8689 -0.0000 -0.4951
vn 0.8688 -0.0000 -0.4952
vn -0.8681 -0.0000 0.4964
vn 0.8038 -0.0000 0.5950
vn 0.9832 -0.0000 0.1824
vn 0.9992 -0.0000 0.0402
vn -0.4169 -0.0000 0.9090
vn 0.9833 -0.0000 0.1822
vn -0.9987 -0.0000 -0.0501
vn -0.3153 -0.0000 -0.9490
vn 0.9900 -0.0000 -0.1411
vn 0.9900 -0.0000 -0.1412
vn -0.8586 -0.0000 0.5127
vn -0.9299 -0.0000 0.3678
vn -0.9298 -0.0000 0.3679
vn 0.9301 -0.0000 -0.3673
vn -0.8164 -0.0000 -0.5776
vn -0.8586 -0.0000 0.5126
vn -0.8162 -0.0001 -0.5778
vn -0.8162 -0.0000 -0.5777
vn -0.8592 -0.0000 0.5117
vn -0.6835 -0.0000 -0.7300
vn -0.6834 -0.0000 -0.7300
vn -0.8186 -0.0000 -0.5743
vn -0.8187 -0.0001 -0.5742
vn 0.8161 -0.0000 0.5780
vn 0.8587 -0.0000 -0.5124
vn -0.8566 -0.0000 0.5160
vn 0.8161 -0.0000 0.5779
vn -0.8566 -0.0000 0.5161
vt 0.947368 0.000000
vt 1.000000 0.000000
vt 0.368421 0.000000
vt 0.421053 0.000000
vt 0.842105 0.000000
vt 0.894737 0.000000
vt 0.315789 0.000000
vt 0.263158 0.000000
vt 0.631579 0.000000
vt 0.210526 0.000000
vt 0.578947 0.000000
vt 0.526316 0.000000
vt 0.000000 0.000000
vt 0.789474 0.000000
vt 0.157895 0.000000
vt 0.473684 0.000000
vt 0.105263 0.000000
vt 0.052632 0.000000
vt 0.684211 0.000000
vt 0.736842 0.000000
vt 0.600000 0.000000
vt 0.400000 0.000000
vt 0.800000 0.000000
vt 0.200000 0.000000
vt 0.900000 0.000000
vt 0.500000 0.000000
vt 0.300000 0.000000
vt 0.700000 0.000000
vt 0.100000 0.000000
vt 0.571429 0.000000
vt 0.428571 0.000000
vt 0.142857 0.000000
vt 0.285714 0.000000
vt 0.857143 0.000000
vt 0.714286 0.000000
vt 0.117647 0.000000
vt 0.058824 0.000000
vt 0.647059 0.000000
vt 0.352941 0.000000
vt 0.176471 0.000000
vt 0.235294 0.000000
vt 0.764706 0.000000
vt 0.705882 0.000000
vt 0.823529 0.000000
vt 0.882353 0.000000
vt 0.529412 0.000000
vt 0.470588 0.000000
vt 0.588235 0.000000
vt 0.411765 0.000000
vt 0.294118 0.000000
vt 0.941176 0.000000
vt 0.466667 0.000000
vt 0.166667 0.000000
vt 0.133333 0.000000
vt 0.533333 0.000000
vt 0.566667 0.000000
vt 0.866667 0.000000
vt 0.933333 0.000000
vt 0.066667 0.000000
vt 0.233333 0.000000
vt 0.766667 0.000000
vt 0.966667 0.000000
vt 0.833333 0.000000
vt 0.633333 0.000000
vt 0.666667 0.000000
vt 0.333333 0.000000
vt 0.366667 0.000000
vt 0.266667 0.000000
vt 0.433333 0.000000
vt 0.733333 0.000000
vt 0.033333 0.000000
vt 0.181818 0.000000
vt 0.090909 0.000000
vt 0.909091 0.000000
vt 0.818182 0.000000
vt 0.727273 0.000000
vt 0.363636 0.000000
vt 0.636364 0.000000
vt 0.454545 0.000000
vt 0.545455 0.000000
vt 0.272727 0.000000
vt 0.960000 0.000000
vt 0.680000 0.000000
vt 0.920000 0.000000
vt 0.880000 0.000000
vt 0.640000 0.000000
vt 0.760000 0.000000
vt 0.720000 0.000000
vt 0.240000 0.000000
vt 0.360000 0.000000
vt 0.320000 0.000000
vt 0.280000 0.000000
vt 0.520000 0.000000
vt 0.480000 0.000000
vt 0.440000 0.000000
vt 0.120000 0.000000
vt 0.160000 0.000000
vt 0.560000 0.000000
vt 0.080000 0.000000
vt 0.040000 0.000000
vt 0.840000 0.000000
vt 0.923077 0.000000
vt 0.769231 0.000000
vt 0.692308 0.000000
vt 0.615385 0.000000
vt 0.538462 0.000000
vt 0.307692 0.000000
vt 0.230769 0.000000
vt 0.153846 0.000000
vt 0.384615 0.000000
vt 0.461538 0.000000
vt 0.846154 0.000000
vt 0.076923 0.000000
vt 0.444444 0.000000
vt 0.111111 0.000000
vt 0.222222 0.000000
vt 0.888889 0.000000
vt 0.777778 0.000000
vt 0.555556 0.000000
vt 0.620690 0.000000
vt 0.758621 0.000000
vt 0.655172 0.000000
vt 0.689655 0.000000
vt 0.724138 0.000000
vt 0.862069 0.000000
vt 0.827586 0.000000
vt 0.586207 0.000000
vt 0.793103 0.000000
vt 0.896552 0.000000
vt 0.931035 0.000000
vt 0.965517 0.000000
vt 0.344828 0.000000
vt 0.551724 0.000000
vt 0.517241 0.000000
vt 0.379310 0.000000
vt 0.137931 0.000000
vt 0.275862 0.000000
vt 0.241379 0.000000
vt 0.206897 0.000000
vt 0.172414 0.000000
vt 0.482759 0.000000
vt 0.448276 0.000000
vt 0.413793 0.000000
vt 0.103448 0.000000
vt 0.310345 0.000000
vt 0.034483 0.000000
vt 0.068966 0.000000
vt 0.071429 1.000000
vt 0.000000 1.000000
vt 0.142857 1.000000
vt 0.071429 0.000000
vt 0.214286 1.000000
vt 0.285714 1.000000
vt 0.214286 0.000000
vt 0.357143 1.000000
vt 0.428571 1.000000
vt 0.357143 0.000000
vt 0.500000 1.000000
vt 0.571429 1.000000
vt 0.642857 1.000000
vt 0.714286 1.000000
vt 0.642857 0.000000
vt 0.785714 1.000000
vt 0.857143 1.000000
vt 0.785714 0.000000
vt 0.928571 1.000000
vt 1.000000 1.000000
vt 0.928571 0.000000
vt 0.083333 1.000000
vt 0.166667 1.000000
vt 0.083333 0.000000
vt 0.250000 1.000000
vt 0.333333 1.000000
vt 0.250000 0.000000
vt 0.416667 1.000000
vt 0.416667 0.000000
vt 0.583333 1.000000
vt 0.666667 1.000000
vt 0.583333 0.000000
vt 0.750000 1.000000
vt 0.833333 1.000000
vt 0.750000 0.000000
vt 0.916667 1.000000
vt 0.916667 0.000000
vt 0.033333 1.000000
vt 0.066667 1.000000
vt 0.100000 1.000000
vt 0.133333 1.000000
vt 0.200000 1.000000
vt 0.233333 1.000000
vt 0.266667 1.000000
vt 0.300000 1.000000
vt 0.366667 1.000000
vt 0.400000 1.000000
vt 0.433333 1.000000
vt 0.466667 1.000000
vt 0.533333 1.000000
vt 0.566667 1.000000
vt 0.600000 1.000000
vt 0.633333 1.000000
vt 0.700000 1.000000
vt 0.733333 1.000000
vt 0.766667 1.000000
vt 0.800000 1.000000
vt 0.866667 1.000000
vt 0.900000 1.000000
vt 0.933333 1.000000
vt 0.966667 1.000000
vt 0.090909 1.000000
vt 0.181818 1.000000
vt 0.272727 1.000000
vt 0.363636 1.000000
vt 0.454545 1.000000
vt 0.545455 1.000000
vt 0.636364 1.000000
vt 0.727273 1.000000
vt 0.818182 1.000000
vt 0.909091 1.000000
vt 0.038462 1.000000
vt 0.076923 1.000000
vt 0.038462 0.000000
vt 0.115385 1.000000
vt 0.153846 1.000000
vt 0.115385 0.000000
vt 0.192308 1.000000
vt 0.230769 1.000000
vt 0.192308 0.000000
vt 0.269231 1.000000
vt 0.307692 1.000000
vt 0.269231 0.000000
vt 0.346154 1.000000
vt 0.384615 1.000000
vt 0.346154 0.000000
vt 0.423077 1.000000
vt 0.461538 1.000000
vt 0.423077 0.000000
vt 0.538462 1.000000
vt 0.576923 1.000000
vt 0.615385 1.000000
vt 0.576923 0.000000
vt 0.653846 1.000000
vt 0.692308 1.000000
vt 0.653846 0.000000
vt 0.730769 1.000000
vt 0.769231 1.000000
vt 0.730769 0.000000
vt 0.807692 1.000000
vt 0.846154 1.000000
vt 0.807692 0.000000
vt 0.884615 1.000000
vt 0.923077 1.000000
vt 0.884615 0.000000
vt 0.961538 1.000000
vt 0.961538 0.000000
vt 0.125000 1.000000
vt 0.125000 0.000000
vt 0.375000 1.000000
vt 0.375000 0.000000
vt 0.625000 1.000000
vt 0.625000 0.000000
vt 0.875000 1.000000
vt 0.875000 0.000000
vt 0.055556 1.000000
vt 0.111111 1.000000
vt 0.055556 0.000000
vt 0.222222 1.000000
vt 0.277778 1.000000
vt 0.277778 0.000000
vt 0.388889 1.000000
vt 0.444444 1.000000
vt 0.388889 0.000000
vt 0.555556 1.000000
vt 0.611111 1.000000
vt 0.611111 0.000000
vt 0.722222 1.000000
vt 0.777778 1.000000
vt 0.722222 0.000000
vt 0.888889 1.000000
vt 0.944444 1.000000
vt 0.944444 0.000000
vt 0.062500 1.000000
vt 0.062500 0.000000
vt 0.187500 1.000000
vt 0.187500 0.000000
vt 0.312500 1.000000
vt 0.312500 0.000000
vt 0.437500 1.000000
vt 0.437500 0.000000
vt 0.562500 1.000000
vt 0.562500 0.000000
vt 0.687500 1.000000
vt 0.687500 0.000000
vt 0.812500 1.000000
vt 0.812500 0.000000
vt 0.937500 1.000000
vt 0.937500 0.000000
s 1
usemtl Material.030
f 3276/853/1008 3277/854/1008 3265/855/1008
f 3266/856/1008 3265/855/1008 3277/854/1008
f 3277/854/1008 3274/857/1008 3266/856/1008
f 3274/857/1008 3275/858/1008 3266/856/1008
f 3264/859/1008 3263/860/1008 3270/861/1008
f 3262/862/1008 3270/861/1008 3263/860/1008
f 3269/863/1008 3268/864/1008 3264/859/1008
f 3264/859/1008 3270/861/1008 3269/863/1008
f 3258/865/1008 3273/866/1008 3270/861/1008
f 3270/861/1008 3262/862/1008 3258/865/1008
f 3262/862/1008 3261/867/1008 3258/865/1008
f 3264/859/1008 3268/864/1008 3265/855/1008
f 3276/853/1008 3265/855/1008 3268/864/1008
f 3275/858/1008 3276/853/1008 3268/864/1008
f 3268/864/1008 3267/868/1008 3275/858/1008
f 3260/869/1008 3259/870/1008 3258/865/1008
f 3258/865/1008 3261/867/1008 3260/869/1008
f 3275/858/1008 3267/868/1008 3266/856/1008
f 3270/861/1008 3273/866/1008 3271/871/1008
f 3272/872/1008 3271/871/1008 3273/866/1008
f 3278/865/1008 3281/873/1008 3280/874/1008
f 3283/854/1008 3282/875/1008 3278/865/1008
f 3278/865/1008 3280/874/1008 3279/876/1008
f 3281/873/1008 3278/865/1008 3282/875/1008
f 3294/854/1008 3293/877/1008 3290/873/1008
f 3294/854/1008 3290/873/1008 3284/865/1008
f 3289/878/1008 3284/865/1008 3290/873/1008
f 3288/874/1008 3287/879/1008 3289/878/1008
f 3284/865/1008 3289/878/1008 3287/879/1008
f 3290/873/1008 3293/877/1008 3292/875/1008
f 3292/875/1008 3291/880/1008 3290/873/1008
f 3286/876/1008 3285/881/1008 3284/865/1008
f 3284/865/1008 3287/879/1008 3286/876/1008
f 3299/882/1008 3298/883/1008 3295/865/1008
f 3295/865/1008 3302/854/1008 3299/882/1008
f 3295/865/1008 3298/883/1008 3296/884/1008
f 3297/885/1008 3296/884/1008 3298/883/1008
f 3301/886/1008 3300/887/1008 3299/882/1008
f 3299/882/1008 3302/854/1008 3301/886/1008
f 3303/865/1008 3305/888/1008 3304/889/1008
f 3314/890/1008 3309/891/1008 3306/892/1008
f 3307/893/1008 3306/892/1008 3309/891/1008
f 3303/865/1008 3316/894/1008 3315/895/1008
f 3315/895/1008 3314/890/1008 3303/865/1008
f 3314/890/1008 3306/892/1008 3303/865/1008
f 3305/888/1008 3303/865/1008 3306/892/1008
f 3317/896/1008 3320/854/1008 3318/897/1008
f 3312/898/1008 3311/899/1008 3313/900/1008
f 3309/891/1008 3314/890/1008 3313/900/1008
f 3313/900/1008 3310/901/1008 3309/891/1008
f 3307/893/1008 3309/891/1008 3308/902/1008
f 3310/901/1008 3313/900/1008 3311/899/1008
f 3320/854/1008 3319/903/1008 3318/897/1008
f 3335/904/1008 3326/905/1008 3325/906/1008
f 3335/904/1008 3325/906/1008 3324/881/1008
f 3337/907/1008 3336/878/1008 3338/908/1008
f 3347/909/1008 3349/910/1008 3336/878/1008
f 3338/908/1008 3336/878/1008 3349/910/1008
f 3339/873/1008 3338/908/1008 3349/910/1008
f 3324/881/1008 3323/911/1008 3335/904/1008
f 3326/905/1008 3335/904/1008 3328/912/1008
f 3328/912/1008 3327/876/1008 3326/905/1008
f 3345/875/1008 3344/913/1008 3351/854/1008
f 3350/914/1008 3346/915/1008 3345/875/1008
f 3345/875/1008 3351/854/1008 3350/914/1008
f 3340/916/1008 3348/877/1008 3351/854/1008
f 3351/854/1008 3341/917/1008 3340/916/1008
f 3331/918/1008 3330/879/1008 3332/919/1008
f 3330/879/1008 3329/920/1008 3334/921/1008
f 3334/921/1008 3329/920/1008 3328/912/1008
f 3332/919/1008 3330/879/1008 3334/921/1008
f 3343/922/1008 3342/880/1008 3344/913/1008
f 3351/854/1008 3344/913/1008 3342/880/1008
f 3341/917/1008 3351/854/1008 3342/880/1008
f 3349/910/1008 3347/909/1008 3346/915/1008
f 3346/915/1008 3350/914/1008 3349/910/1008
f 3339/873/1008 3349/910/1008 3348/877/1008
f 3348/877/1008 3340/916/1008 3339/873/1008
f 3333/874/1008 3332/919/1008 3334/921/1008
f 3328/912/1008 3335/904/1008 3334/921/1008
f 3322/923/1008 3321/865/1008 3335/904/1008
f 3323/911/1008 3322/923/1008 3335/904/1008
f 3354/924/1008 3353/925/1008 3352/865/1008
f 3362/926/1008 3361/927/1008 3360/928/1008
f 3360/928/1008 3363/854/1008 3362/926/1008
f 3356/929/1008 3359/930/1008 3357/931/1008
f 3358/932/1008 3357/931/1008 3359/930/1008
f 3355/933/1008 3354/924/1008 3352/865/1008
f 3364/865/1008 3371/854/1008 3365/884/1008
f 3366/885/1008 3365/884/1008 3371/854/1008
f 3370/886/1008 3369/887/1008 3368/882/1008
f 3370/886/1008 3368/882/1008 3371/854/1008
f 3366/885/1008 3371/854/1008 3368/882/1008
f 3368/882/1008 3367/883/1008 3366/885/1008
f 3374/924/1008 3373/925/1008 3372/865/1008
f 3374/924/1008 3372/865/1008 3375/933/1008
f 3378/932/1008 3376/929/1008 3379/930/1008
f 3376/929/1008 3378/932/1008 3377/931/1008
f 3382/926/1008 3381/927/1008 3380/928/1008
f 3380/928/1008 3383/854/1008 3382/926/1008
f 3389/931/1008 3388/929/1008 3387/933/1008
f 3390/932/1008 3389/931/1008 3387/933/1008
f 3387/933/1008 3392/928/1008 3390/932/1008
f 3392/928/1008 3391/930/1008 3390/932/1008
f 3386/924/1008 3385/925/1008 3384/865/1008
f 3395/854/1008 3394/926/1008 3393/927/1008
f 3386/924/1008 3384/865/1008 3395/854/1008
f 3395/854/1008 3393/927/1008 3386/924/1008
f 3392/928/1008 3387/933/1008 3386/924/1008
f 3386/924/1008 3393/927/1008 3392/928/1008
f 3398/885/1008 3397/884/1008 3402/886/1008
f 3402/886/1008 3401/887/1008 3398/885/1008
f 3400/882/1008 3403/854/1008 3396/865/1008
f 3396/865/1008 3399/883/1008 3400/882/1008
f 3402/886/1008 3397/884/1008 3396/865/1008
f 3396/865/1008 3403/854/1008 3402/886/1008
f 3398/885/1008 3401/887/1008 3400/882/1008
f 3400/882/1008 3399/883/1008 3398/885/1008
f 3428/934/1008 3421/935/1008 3429/854/1008
f 3427/936/1008 3426/937/1008 3419/873/1008
f 3420/938/1008 3419/873/1008 3426/937/1008
f 3426/937/1008 3429/854/1008 3420/938/1008
f 3429/854/1008 3421/935/1008 3420/938/1008
f 3424/875/1008 3423/939/1008 3422/940/1008
f 3410/941/1008 3413/942/1008 3412/943/1008
f 3412/943/1008 3411/944/1008 3410/941/1008
f 3414/874/1008 3417/945/1008 3416/946/1008
f 3416/946/1008 3415/947/1008 3414/874/1008
f 3404/865/1008 3414/874/1008 3413/942/1008
f 3407/948/1008 3404/865/1008 3413/942/1008
f 3413/942/1008 3410/941/1008 3407/948/1008
f 3408/949/1008 3407/948/1008 3410/941/1008
f 3410/941/1008 3409/876/1008 3408/949/1008
f 3427/936/1008 3419/873/1008 3418/950/1008
f 3418/950/1008 3417/945/1008 3427/936/1008
f 3428/934/1008 3427/936/1008 3417/945/1008
f 3421/935/1008 3428/934/1008 3417/945/1008
f 3417/945/1008 3414/874/1008 3421/935/1008
f 3414/874/1008 3404/865/1008 3421/935/1008
f 3406/951/1008 3405/952/1008 3404/865/1008
f 3404/865/1008 3407/948/1008 3406/951/1008
f 3425/953/1008 3424/875/1008 3422/940/1008
f 3442/954/1008 3440/955/1008 3439/956/1008
f 3438/957/1008 3437/958/1008 3434/959/1008
f 3434/959/1008 3443/854/1008 3438/957/1008
f 3430/865/1008 3433/960/1008 3432/961/1008
f 3434/959/1008 3437/958/1008 3435/962/1008
f 3436/963/1008 3435/962/1008 3437/958/1008
f 3442/954/1008 3439/956/1008 3438/957/1008
f 3438/957/1008 3443/854/1008 3442/954/1008
f 3440/955/1008 3442/954/1008 3441/964/1008
f 3432/961/1008 3431/965/1008 3430/865/1008
f 3448/882/1008 3447/883/1008 3444/865/1008
f 3444/865/1008 3451/854/1008 3448/882/1008
f 3444/865/1008 3447/883/1008 3445/884/1008
f 3446/885/1008 3445/884/1008 3447/883/1008
f 3450/886/1008 3449/887/1008 3448/882/1008
f 3448/882/1008 3451/854/1008 3450/886/1008
f 3452/865/1008 3456/966/1008 3453/967/1008
f 3454/968/1008 3453/967/1008 3456/966/1008
f 3456/966/1008 3455/918/1008 3454/968/1008
f 3460/969/1008 3458/917/1008 3461/854/1008
f 3458/917/1008 3460/969/1008 3459/970/1008
f 3456/966/1008 3452/865/1008 3457/971/1008
f 3470/969/1008 3469/970/1008 3466/966/1008
f 3466/966/1008 3469/970/1008 3468/917/1008
f 3468/917/1008 3467/971/1008 3466/966/1008
f 3470/969/1008 3466/966/1008 3471/854/1008
f 3464/968/1008 3463/967/1008 3462/865/1008
f 3462/865/1008 3465/918/1008 3464/968/1008
f 3474/869/1008 3472/865/1008 3475/867/1008
f 3472/865/1008 3474/869/1008 3473/870/1008
f 3478/859/1008 3477/860/1008 3476/862/1008
f 3472/865/1008 3483/863/1008 3482/864/1008
f 3475/867/1008 3472/865/1008 3481/868/1008
f 3481/868/1008 3478/859/1008 3475/867/1008
f 3478/859/1008 3476/862/1008 3475/867/1008
f 3486/872/1008 3485/871/1008 3484/861/1008
f 3484/861/1008 3487/866/1008 3486/872/1008
f 3490/853/1008 3489/858/1008 3488/857/1008
f 3488/857/1008 3491/854/1008 3490/853/1008
f 3480/856/1008 3479/855/1008 3478/859/1008
f 3472/865/1008 3482/864/1008 3481/868/1008
f 3478/859/1008 3481/868/1008 3480/856/1008
f 3512/875/1008 3511/939/1008 3508/938/1008
f 3508/938/1008 3507/873/1008 3512/875/1008
f 3512/875/1008 3507/873/1008 3513/953/1008
f 3492/865/1008 3495/948/1008 3493/952/1008
f 3494/951/1008 3493/952/1008 3495/948/1008
f 3506/950/1008 3513/953/1008 3507/873/1008
f 3505/945/1008 3513/953/1008 3506/950/1008
f 3504/946/1008 3503/947/1008 3505/945/1008
f 3502/874/1008 3505/945/1008 3503/947/1008
f 3500/943/1008 3499/944/1008 3501/942/1008
f 3498/941/1008 3501/942/1008 3499/944/1008
f 3508/938/1008 3511/939/1008 3510/940/1008
f 3513/953/1008 3505/945/1008 3514/937/1008
f 3505/945/1008 3502/874/1008 3514/937/1008
f 3517/854/1008 3514/937/1008 3502/874/1008
f 3502/874/1008 3501/942/1008 3517/854/1008
f 3492/865/1008 3517/854/1008 3501/942/1008
f 3501/942/1008 3498/941/1008 3492/865/1008
f 3495/948/1008 3492/865/1008 3498/941/1008
f 3498/941/1008 3497/876/1008 3495/948/1008
f 3496/949/1008 3495/948/1008 3497/876/1008
f 3510/940/1008 3509/935/1008 3508/938/1008
f 3514/937/1008 3517/854/1008 3515/936/1008
f 3516/934/1008 3515/936/1008 3517/854/1008
f 3528/854/1008 3527/877/1008 3524/873/1008
f 3528/854/1008 3524/873/1008 3518/865/1008
f 3523/878/1008 3518/865/1008 3524/873/1008
f 3522/874/1008 3521/879/1008 3523/878/1008
f 3518/865/1008 3523/878/1008 3521/879/1008
f 3524/873/1008 3527/877/1008 3526/875/1008
f 3526/875/1008 3525/880/1008 3524/873/1008
f 3520/876/1008 3519/881/1008 3518/865/1008
f 3518/865/1008 3521/879/1008 3520/876/1008
f 3547/972/1008 3551/973/1008 3548/974/1008
f 3549/975/1008 3548/974/1008 3551/973/1008
f 3551/973/1008 3550/976/1008 3549/975/1008
f 3558/854/1008 3554/977/1008 3553/978/1008
f 3553/978/1008 3529/865/1008 3558/854/1008
f 3551/973/1008 3547/972/1008 3546/979/1008
f 3546/979/1008 3552/980/1008 3551/973/1008
f 3554/977/1008 3558/854/1008 3555/981/1008
f 3556/982/1008 3555/981/1008 3558/854/1008
f 3558/854/1008 3557/983/1008 3556/982/1008
f 3539/984/1008 3545/985/1008 3544/986/1008
f 3544/986/1008 3540/987/1008 3539/984/1008
f 3533/988/1008 3537/989/1008 3536/990/1008
f 3536/990/1008 3535/991/1008 3533/988/1008
f 3534/992/1008 3533/988/1008 3535/991/1008
f 3540/987/1008 3544/986/1008 3543/993/1008
f 3543/993/1008 3542/994/1008 3540/987/1008
f 3542/994/1008 3541/995/1008 3540/987/1008
f 3532/996/1008 3538/997/1008 3537/989/1008
f 3537/989/1008 3533/988/1008 3532/996/1008
f 3552/980/1008 3546/979/1008 3545/985/1008
f 3545/985/1008 3539/984/1008 3552/980/1008
f 3553/978/1008 3552/980/1008 3539/984/1008
f 3539/984/1008 3538/997/1008 3553/978/1008
f 3529/865/1008 3553/978/1008 3538/997/1008
f 3538/997/1008 3532/996/1008 3529/865/1008
f 3530/998/1008 3529/865/1008 3532/996/1008
f 3532/996/1008 3531/999/1008 3530/998/1008
f 3561/951/1008 3560/952/1008 3559/865/1008
f 3559/865/1008 3562/948/1008 3561/951/1008
f 3565/941/1008 3570/947/1008 3569/874/1008
f 3565/941/1008 3569/874/1008 3566/944/1008
f 3559/865/1008 3572/945/1008 3571/946/1008
f 3571/946/1008 3570/947/1008 3559/865/1008
f 3562/948/1008 3559/865/1008 3570/947/1008
f 3570/947/1008 3565/941/1008 3562/948/1008
f 3563/949/1008 3562/948/1008 3565/941/1008
f 3565/941/1008 3564/876/1008 3563/949/1008
f 3577/940/1008 3576/935/1008 3579/875/1008
f 3575/938/1008 3574/873/1008 3576/935/1008
f 3583/934/1008 3582/936/1008 3581/937/1008
f 3584/854/1008 3580/953/1008 3573/950/1008
f 3583/934/1008 3581/937/1008 3584/854/1008
f 3580/953/1008 3584/854/1008 3581/937/1008
f 3576/935/1008 3574/873/1008 3573/950/1008
f 3579/875/1008 3576/935/1008 3573/950/1008
f 3573/950/1008 3580/953/1008 3579/875/1008
f 3577/940/1008 3579/875/1008 3578/939/1008
f 3568/942/1008 3567/943/1008 3569/874/1008
f 3566/944/1008 3569/874/1008 3567/943/1008
f 3603/853/1009 3592/855/1009 3604/854/1009
f 3593/856/1009 3604/854/1009 3592/855/1009
f 3604/854/1009 3593/856/1009 3601/857/1009
f 3601/857/1009 3593/856/1009 3602/858/1009
f 3591/859/1009 3597/861/1009 3590/860/1009
f 3589/862/1009 3590/860/1009 3597/861/1009
f 3596/863/1009 3591/859/1009 3595/864/1009
f 3591/859/1009 3596/863/1009 3597/861/1009
f 3585/865/1009 3597/861/1009 3600/866/1009
f 3597/861/1009 3585/865/1009 3589/862/1009
f 3589/862/1009 3585/865/1009 3588/867/1009
f 3591/859/1009 3592/855/1009 3595/864/1009
f 3603/853/1009 3595/864/1009 3592/855/1009
f 3602/858/1009 3595/864/1009 3603/853/1009
f 3595/864/1009 3602/858/1009 3594/868/1009
f 3587/869/1009 3585/865/1009 3586/870/1009
f 3585/865/1009 3587/869/1009 3588/867/1009
f 3602/858/1009 3593/856/1009 3594/868/1009
f 3597/861/1009 3598/871/1009 3600/866/1009
f 3599/872/1009 3600/866/1009 3598/871/1009
f 3605/865/1009 3607/874/1009 3608/873/1009
f 3610/854/1009 3605/865/1009 3609/875/1009
f 3605/865/1009 3606/876/1009 3607/874/1009
f 3608/873/1009 3609/875/1009 3605/865/1009
f 3621/854/1009 3617/873/1009 3620/877/1009
f 3621/854/1009 3611/865/1009 3617/873/1009
f 3616/878/1009 3617/873/1009 3611/865/1009
f 3615/874/1009 3616/878/1009 3614/879/1009
f 3611/865/1009 3614/879/1009 3616/878/1009
f 3617/873/1009 3619/875/1009 3620/877/1009
f 3619/875/1009 3617/873/1009 3618/880/1009
f 3613/876/1009 3611/865/1009 3612/881/1009
f 3611/865/1009 3613/876/1009 3614/879/1009
f 3626/882/1009 3622/865/1009 3625/883/1009
f 3622/865/1009 3626/882/1009 3629/854/1009
f 3622/865/1009 3623/884/1009 3625/883/1009
f 3624/885/1009 3625/883/1009 3623/884/1009
f 3628/886/1009 3626/882/1009 3627/887/1009
f 3626/882/1009 3628/886/1009 3629/854/1009
f 3630/865/1009 3631/889/1009 3632/888/1009
f 3641/890/1009 3633/892/1009 3636/891/1009
f 3634/893/1009 3636/891/1009 3633/892/1009
f 3630/865/1009 3642/895/1009 3643/894/1009
f 3642/895/1009 3630/865/1009 3641/890/1009
f 3641/890/1009 3630/865/1009 3633/892/1009
f 3632/888/1009 3633/892/1009 3630/865/1009
f 3644/896/1009 3645/897/1009 3647/854/1009
f 3639/898/1009 3640/900/1009 3638/899/1009
f 3636/891/1009 3640/900/1009 3641/890/1009
f 3640/900/1009 3636/891/1009 3637/901/1009
f 3634/893/1009 3635/902/1009 3636/891/1009
f 3637/901/1009 3638/899/1009 3640/900/1009
f 3647/854/1009 3645/897/1009 3646/903/1009
f 3662/904/1009 3652/906/1009 3653/905/1009
f 3662/904/1009 3651/881/1009 3652/906/1009
f 3664/907/1009 3665/908/1009 3663/878/1009
f 3674/909/1009 3663/878/1009 3676/910/1009
f 3665/908/1009 3676/910/1009 3663/878/1009
f 3666/873/1009 3676/910/1009 3665/908/1009
f 3651/881/1009 3662/904/1009 3650/911/1009
f 3653/905/1009 3655/912/1009 3662/904/1009
f 3655/912/1009 3653/905/1009 3654/876/1009
f 3672/875/1009 3678/854/1009 3671/913/1009
f 3677/914/1009 3672/875/1009 3673/915/1009
f 3672/875/1009 3677/914/1009 3678/854/1009
f 3667/916/1009 3678/854/1009 3675/877/1009
f 3678/854/1009 3667/916/1009 3668/917/1009
f 3658/918/1009 3659/919/1009 3657/879/1009
f 3657/879/1009 3661/921/1009 3656/920/1009
f 3661/921/1009 3655/912/1009 3656/920/1009
f 3659/919/1009 3661/921/1009 3657/879/1009
f 3670/922/1009 3671/913/1009 3669/880/1009
f 3678/854/1009 3669/880/1009 3671/913/1009
f 3668/917/1009 3669/880/1009 3678/854/1009
f 3676/910/1009 3673/915/1009 3674/909/1009
f 3673/915/1009 3676/910/1009 3677/914/1009
f 3666/873/1009 3675/877/1009 3676/910/1009
f 3675/877/1009 3666/873/1009 3667/916/1009
f 3660/874/1009 3661/921/1009 3659/919/1009
f 3655/912/1009 3661/921/1009 3662/904/1009
f 3649/923/1009 3662/904/1009 3648/865/1009
f 3650/911/1009 3662/904/1009 3649/923/1009
f 3681/924/1009 3679/865/1009 3680/925/1009
f 3689/926/1009 3687/928/1009 3688/927/1009
f 3687/928/1009 3689/926/1009 3690/854/1009
f 3683/929/1009 3684/931/1009 3686/930/1009
f 3685/932/1009 3686/930/1009 3684/931/1009
f 3682/933/1009 3679/865/1009 3681/924/1009
f 3691/865/1009 3692/884/1009 3698/854/1009
f 3693/885/1009 3698/854/1009 3692/884/1009
f 3697/886/1009 3695/882/1009 3696/887/1009
f 3697/886/1009 3698/854/1009 3695/882/1009
f 3693/885/1009 3695/882/1009 3698/854/1009
f 3695/882/1009 3693/885/1009 3694/883/1009
f 3701/924/1009 3699/865/1009 3700/925/1009
f 3701/924/1009 3702/933/1009 3699/865/1009
f 3705/932/1009 3706/930/1009 3703/929/1009
f 3703/929/1009 3704/931/1009 3705/932/1009
f 3709/926/1009 3707/928/1009 3708/927/1009
f 3707/928/1009 3709/926/1009 3710/854/1009
f 3716/931/1009 3714/933/1009 3715/929/1009
f 3717/932/1009 3714/933/1009 3716/931/1009
f 3714/933/1009 3717/932/1009 3719/928/1009
f 3719/928/1009 3717/932/1009 3718/930/1009
f 3713/924/1009 3711/865/1009 3712/925/1009
f 3722/854/1009 3720/927/1009 3721/926/1009
f 3713/924/1009 3722/854/1009 3711/865/1009
f 3722/854/1009 3713/924/1009 3720/927/1009
f 3719/928/1009 3713/924/1009 3714/933/1009
f 3713/924/1009 3719/928/1009 3720/927/1009
f 3725/885/1009 3729/886/1009 3724/884/1009
f 3729/886/1009 3725/885/1009 3728/887/1009
f 3727/882/1009 3723/865/1009 3730/854/1009
f 3723/865/1009 3727/882/1009 3726/883/1009
f 3729/886/1009 3723/865/1009 3724/884/1009
f 3723/865/1009 3729/886/1009 3730/854/1009
f 3725/885/1009 3727/882/1009 3728/887/1009
f 3727/882/1009 3725/885/1009 3726/883/1009
f 3755/934/1009 3756/854/1009 3748/935/1009
f 3754/936/1009 3746/873/1009 3753/937/1009
f 3747/938/1009 3753/937/1009 3746/873/1009
f 3753/937/1009 3747/938/1009 3756/854/1009
f 3756/854/1009 3747/938/1009 3748/935/1009
f 3751/875/1009 3749/940/1009 3750/939/1009
f 3737/941/1009 3739/943/1009 3740/942/1009
f 3739/943/1009 3737/941/1009 3738/944/1009
f 3741/874/1009 3743/946/1009 3744/945/1009
f 3743/946/1009 3741/874/1009 3742/947/1009
f 3731/865/1009 3740/942/1009 3741/874/1009
f 3734/948/1009 3740/942/1009 3731/865/1009
f 3740/942/1009 3734/948/1009 3737/941/1009
f 3735/949/1009 3737/941/1009 3734/948/1009
f 3737/941/1009 3735/949/1009 3736/876/1009
f 3754/936/1009 3745/950/1009 3746/873/1009
f 3745/950/1009 3754/936/1009 3744/945/1009
f 3755/934/1009 3744/945/1009 3754/936/1009
f 3748/935/1009 3744/945/1009 3755/934/1009
f 3744/945/1009 3748/935/1009 3741/874/1009
f 3741/874/1009 3748/935/1009 3731/865/1009
f 3733/951/1009 3731/865/1009 3732/952/1009
f 3731/865/1009 3733/951/1009 3734/948/1009
f 3752/953/1009 3749/940/1009 3751/875/1009
f 3769/954/1009 3766/956/1009 3767/955/1009
f 3765/957/1009 3761/959/1009 3764/958/1009
f 3761/959/1009 3765/957/1009 3770/854/1009
f 3757/865/1009 3759/961/1009 3760/960/1009
f 3761/959/1009 3762/962/1009 3764/958/1009
f 3763/963/1009 3764/958/1009 3762/962/1009
f 3769/954/1009 3765/957/1009 3766/956/1009
f 3765/957/1009 3769/954/1009 3770/854/1009
f 3767/955/1009 3768/964/1009 3769/954/1009
f 3759/961/1009 3757/865/1009 3758/965/1009
f 3775/882/1009 3771/865/1009 3774/883/1009
f 3771/865/1009 3775/882/1009 3778/854/1009
f 3771/865/1009 3772/884/1009 3774/883/1009
f 3773/885/1009 3774/883/1009 3772/884/1009
f 3777/886/1009 3775/882/1009 3776/887/1009
f 3775/882/1009 3777/886/1009 3778/854/1009
f 3779/865/1009 3780/967/1009 3783/966/1009
f 3781/968/1009 3783/966/1009 3780/967/1009
f 3783/966/1009 3781/968/1009 3782/918/1009
f 3787/969/1009 3788/854/1009 3785/917/1009
f 3785/917/1009 3786/970/1009 3787/969/1009
f 3783/966/1009 3784/971/1009 3779/865/1009
f 3797/969/1009 3793/966/1009 3796/970/1009
f 3793/966/1009 3795/917/1009 3796/970/1009
f 3795/917/1009 3793/966/1009 3794/971/1009
f 3797/969/1009 3798/854/1009 3793/966/1009
f 3791/968/1009 3789/865/1009 3790/967/1009
f 3789/865/1009 3791/968/1009 3792/918/1009
f 3801/869/1009 3802/867/1009 3799/865/1009
f 3799/865/1009 3800/870/1009 3801/869/1009
f 3805/859/1009 3803/862/1009 3804/860/1009
f 3799/865/1009 3809/864/1009 3810/863/1009
f 3802/867/1009 3808/868/1009 3799/865/1009
f 3808/868/1009 3802/867/1009 3805/859/1009
f 3805/859/1009 3802/867/1009 3803/862/1009
f 3813/872/1009 3811/861/1009 3812/871/1009
f 3811/861/1009 3813/872/1009 3814/866/1009
f 3817/853/1009 3815/857/1009 3816/858/1009
f 3815/857/1009 3817/853/1009 3818/854/1009
f 3807/856/1009 3805/859/1009 3806/855/1009
f 3799/865/1009 3808/868/1009 3809/864/1009
f 3805/859/1009 3807/856/1009 3808/868/1009
f 3839/875/1009 3835/938/1009 3838/939/1009
f 3835/938/1009 3839/875/1009 3834/873/1009
f 3839/875/1009 3840/953/1009 3834/873/1009
f 3819/865/1009 3820/952/1009 3822/948/1009
f 3821/951/1009 3822/948/1009 3820/952/1009
f 3833/950/1009 3834/873/1009 3840/953/1009
f 3832/945/1009 3833/950/1009 3840/953/1009
f 3831/946/1009 3832/945/1009 3830/947/1009
f 3829/874/1009 3830/947/1009 3832/945/1009
f 3827/943/1009 3828/942/1009 3826/944/1009
f 3825/941/1009 3826/944/1009 3828/942/1009
f 3835/938/1009 3837/940/1009 3838/939/1009
f 3840/953/1009 3841/937/1009 3832/945/1009
f 3832/945/1009 3841/937/1009 3829/874/1009
f 3844/854/1009 3829/874/1009 3841/937/1009
f 3829/874/1009 3844/854/1009 3828/942/1009
f 3819/865/1009 3828/942/1009 3844/854/1009
f 3828/942/1009 3819/865/1009 3825/941/1009
f 3822/948/1009 3825/941/1009 3819/865/1009
f 3825/941/1009 3822/948/1009 3824/876/1009
f 3823/949/1009 3824/876/1009 3822/948/1009
f 3837/940/1009 3835/938/1009 3836/935/1009
f 3841/937/1009 3842/936/1009 3844/854/1009
f 3843/934/1009 3844/854/1009 3842/936/1009
f 3855/854/1009 3851/873/1009 3854/877/1009
f 3855/854/1009 3845/865/1009 3851/873/1009
f 3850/878/1009 3851/873/1009 3845/865/1009
f 3849/874/1009 3850/878/1009 3848/879/1009
f 3845/865/1009 3848/879/1009 3850/878/1009
f 3851/873/1009 3853/875/1009 3854/877/1009
f 3853/875/1009 3851/873/1009 3852/880/1009
f 3847/876/1009 3845/865/1009 3846/881/1009
f 3845/865/1009 3847/876/1009 3848/879/1009
f 3874/972/1009 3875/974/1009 3878/973/1009
f 3876/975/1009 3878/973/1009 3875/974/1009
f 3878/973/1009 3876/975/1009 3877/976/1009
f 3885/854/1009 3880/978/1009 3881/977/1009
f 3880/978/1009 3885/854/1009 3856/865/1009
f 3878/973/1009 3873/979/1009 3874/972/1009
f 3873/979/1009 3878/973/1009 3879/980/1009
f 3881/977/1009 3882/981/1009 3885/854/1009
f 3883/982/1009 3885/854/1009 3882/981/1009
f 3885/854/1009 3883/982/1009 3884/983/1009
f 3866/984/1009 3871/986/1009 3872/985/1009
f 3871/986/1009 3866/984/1009 3867/987/1009
f 3860/988/1009 3863/990/1009 3864/989/1009
f 3863/990/1009 3860/988/1009 3862/991/1009
f 3861/992/1009 3862/991/1009 3860/988/1009
f 3867/987/1009 3870/993/1009 3871/986/1009
f 3870/993/1009 3867/987/1009 3869/994/1009
f 3869/994/1009 3867/987/1009 3868/995/1009
f 3859/996/1009 3864/989/1009 3865/997/1009
f 3864/989/1009 3859/996/1009 3860/988/1009
f 3879/980/1009 3872/985/1009 3873/979/1009
f 3872/985/1009 3879/980/1009 3866/984/1009
f 3880/978/1009 3866/984/1009 3879/980/1009
f 3866/984/1009 3880/978/1009 3865/997/1009
f 3856/865/1009 3865/997/1009 3880/978/1009
f 3865/997/1009 3856/865/1009 3859/996/1009
f 3857/998/1009 3859/996/1009 3856/865/1009
f 3859/996/1009 3857/998/1009 3858/999/1009
f 3888/951/1009 3886/865/1009 3887/952/1009
f 3886/865/1009 3888/951/1009 3889/948/1009
f 3892/941/1009 3896/874/1009 3897/947/1009
f 3892/941/1009 3893/944/1009 3896/874/1009
f 3886/865/1009 3898/946/1009 3899/945/1009
f 3898/946/1009 3886/865/1009 3897/947/1009
f 3889/948/1009 3897/947/1009 3886/865/1009
f 3897/947/1009 3889/948/1009 3892/941/1009
f 3890/949/1009 3892/941/1009 3889/948/1009
f 3892/941/1009 3890/949/1009 3891/876/1009
f 3904/940/1009 3906/875/1009 3903/935/1009
f 3902/938/1009 3903/935/1009 3901/873/1009
f 3910/934/1009 3908/937/1009 3909/936/1009
f 3911/854/1009 3900/950/1009 3907/953/1009
f 3910/934/1009 3911/854/1009 3908/937/1009
f 3907/953/1009 3908/937/1009 3911/854/1009
f 3903/935/1009 3900/950/1009 3901/873/1009
f 3906/875/1009 3900/950/1009 3903/935/1009
f 3900/950/1009 3906/875/1009 3907/953/1009
f 3904/940/1009 3905/939/1009 3906/875/1009
f 3895/942/1009 3896/874/1009 3894/943/1009
f 3893/944/1009 3894/943/1009 3896/874/1009
f 3915/1000/1010 3912/865/1011 3913/1001/1011
f 3917/1002/1012 3914/1003/1010 3915/1000/1010
f 3919/1004/1013 3916/884/1012 3917/1002/1012
f 3921/1005/1014 3918/1006/1013 3919/1004/1013
f 3923/1007/1015 3920/885/1013 3921/1005/1014
f 3925/1008/1015 3922/1009/1016 3923/1007/1015
f 3927/1010/1017 3924/883/1016 3925/1008/1015
f 3929/1011/1018 3926/878/1019 3927/1010/1017
f 3931/1012/1020 3928/882/1021 3929/1011/1018
f 3933/1013/1020 3930/1014/1020 3931/1012/1020
f 3935/1015/1022 3932/887/1020 3933/1013/1020
f 3937/1016/1023 3934/1017/1023 3935/1015/1022
f 3939/1018/1024 3936/886/1023 3937/1016/1023
f 3913/1019/1011 3938/1020/1011 3939/1018/1024
f 3943/1021/1025 3940/865/1026 3941/1001/1026
f 3945/1022/1027 3942/1023/1025 3943/1021/1025
f 3947/1024/1028 3944/905/1029 3945/1022/1027
f 3949/1025/1028 3946/1026/1028 3947/1024/1028
f 3951/1027/1030 3948/918/1028 3949/1025/1028
f 3953/1010/1030 3950/1028/1030 3951/1027/1030
f 3955/1029/1028 3952/878/1030 3953/1010/1030
f 3957/1030/1028 3954/1031/1028 3955/1029/1028
f 3959/1032/1031 3956/917/1028 3957/1030/1028
f 3961/1033/1032 3958/1034/1031 3959/1032/1031
f 3963/1035/1033 3960/915/1034 3961/1033/1032
f 3941/1019/1026 3962/1036/1033 3963/1035/1033
f 3967/1037/1035 3964/865/1035 3965/1001/1035
f 3969/1038/1036 3966/923/1035 3967/1037/1035
f 3971/1039/1037 3968/911/1038 3969/1038/1036
f 3973/1040/1039 3970/881/1037 3971/1039/1037
f 3975/1022/1039 3972/906/1040 3973/1040/1039
f 3977/1041/1041 3974/905/1040 3975/1022/1039
f 3979/1042/1042 3976/876/1043 3977/1041/1041
f 3981/1043/1044 3978/912/1045 3979/1042/1042
f 3983/1044/1046 3980/920/1044 3981/1043/1044
f 3985/1025/1047 3982/879/1046 3983/1044/1046
f 3987/1045/1040 3984/918/1047 3985/1025/1047
f 3989/1046/1039 3986/919/1040 3987/1045/1040
f 3991/1047/1041 3988/874/1039 3989/1046/1039
f 3993/1048/1045 3990/921/1041 3991/1047/1041
f 3995/1010/1044 3992/904/1045 3993/1048/1045
f 3997/1049/1044 3994/878/1044 3995/1010/1044
f 3999/1050/1044 3996/907/1044 3997/1049/1044
f 4001/1051/1044 3998/908/1044 3999/1050/1044
f 4003/1052/1048 4000/873/1044 4001/1051/1044
f 4005/1030/1049 4002/916/1048 4003/1052/1048
f 4007/1053/1050 4004/917/1049 4005/1030/1049
f 4009/1054/1050 4006/880/1050 4007/1053/1050
f 4011/1055/1051 4008/922/1052 4009/1054/1050
f 4013/1056/1053 4010/913/1051 4011/1055/1051
f 4015/1033/1044 4012/875/1053 4013/1056/1053
f 4017/1057/1048 4014/915/1044 4015/1033/1044
f 4019/1058/1054 4016/909/1055 4017/1057/1048
f 4021/1059/1050 4018/877/1049 4019/1058/1054
f 4023/1060/1050 4020/910/1050 4021/1059/1050
f 3965/1019/1035 4022/914/1050 4023/1060/1050
f 4027/1061/1056 4024/865/1057 4025/1001/1058
f 4029/1062/1054 4026/925/1056 4027/1061/1056
f 4031/1063/1059 4028/924/1060 4029/1062/1054
f 4033/1064/1061 4030/933/1062 4031/1063/1059
f 4035/1065/1063 4032/929/1061 4033/1064/1061
f 4037/1066/1064 4034/931/1063 4035/1065/1063
f 4039/1067/1065 4036/932/1066 4037/1066/1064
f 4041/1068/1067 4038/930/1065 4039/1067/1065
f 4043/1069/1068 4040/928/1067 4041/1068/1067
f 4045/1070/1069 4042/927/1070 4043/1069/1068
f 4025/1019/1058 4044/926/1069 4045/1070/1069
f 4049/1071/1010 4046/865/1071 4047/1001/1072
f 4051/1072/1012 4048/1073/1010 4049/1071/1010
f 4053/1074/1073 4050/965/1012 4051/1072/1012
f 4055/1075/1073 4052/1076/1073 4053/1074/1073
f 4057/1077/1074 4054/961/1073 4055/1075/1073
f 4059/1078/1075 4056/1079/1076 4057/1077/1074
f 4061/1080/1077 4058/960/1074 4059/1078/1075
f 4063/1081/1078 4060/1082/1079 4061/1080/1077
f 4065/1083/1080 4062/959/1078 4063/1081/1078
f 4067/1084/1081 4064/1085/1082 4065/1083/1080
f 4069/1086/1077 4066/962/1083 4067/1084/1081
f 4071/1087/1078 4068/1088/1084 4069/1086/1077
f 4073/1010/1085 4070/963/1078 4071/1087/1078
f 4075/1089/1085 4072/878/1086 4073/1010/1085
f 4077/1090/1087 4074/958/1085 4075/1089/1085
f 4079/1091/1088 4076/1092/1087 4077/1090/1087
f 4081/1093/1077 4078/957/1088 4079/1091/1088
f 4083/1094/1078 4080/1095/1079 4081/1093/1077
f 4085/1096/1089 4082/956/1078 4083/1094/1078
f 4087/1097/1090 4084/1098/1091 4085/1096/1089
f 4089/1099/1092 4086/955/1090 4087/1097/1090
f 4091/1100/1093 4088/1101/1092 4089/1099/1092
f 4093/1102/1010 4090/964/1094 4091/1100/1093
f 4095/1103/1012 4092/1104/1095 4093/1102/1010
f 4097/1105/1096 4094/954/1012 4095/1103/1012
f 4047/1019/1072 4096/1106/1096 4097/1105/1096
f 4101/1021/1097 4098/865/1098 4099/1001/1099
f 4103/1022/1012 4100/1023/1010 4101/1021/1097
f 4105/1024/1100 4102/905/1012 4103/1022/1012
f 4107/1025/1101 4104/1026/1100 4105/1024/1100
f 4109/1027/1102 4106/918/1103 4107/1025/1101
f 4111/1010/1102 4108/1028/1102 4109/1027/1102
f 4113/1029/1104 4110/878/1105 4111/1010/1102
f 4115/1030/1106 4112/1031/1107 4113/1029/1104
f 4117/1032/1108 4114/917/1106 4115/1030/1106
f 4119/1033/1109 4116/1034/1109 4117/1032/1108
f 4121/1035/1110 4118/915/1108 4119/1033/1109
f 4099/1019/1099 4120/1036/1099 4121/1035/1110
f 4125/1024/1111 4122/865/1112 4123/1001/1113
f 4127/1010/1114 4124/1026/1115 4125/1024/1111
f 4129/1032/1116 4126/878/1114 4127/1010/1114
f 4123/1019/1113 4128/1034/1116 4129/1032/1116
f 4133/1024/1056 4130/865/1042 4131/1001/1061
f 4135/1010/1054 4132/1026/1117 4133/1024/1056
f 4137/1032/1118 4134/878/1060 4135/1010/1054
f 4131/1019/1061 4136/1034/1118 4137/1032/1118
f 4141/1024/1119 4138/865/1061 4139/1001/1120
f 4143/1010/1060 4140/1026/1121 4141/1024/1119
f 4145/1032/1059 4142/878/1054 4143/1010/1060
f 4139/1019/1120 4144/1034/1118 4145/1032/1059
f 4149/1022/1118 4146/865/1122 4147/1001/1122
f 4151/1025/1120 4148/905/1062 4149/1022/1118
f 4153/1010/1123 4150/918/1061 4151/1025/1120
f 4155/1030/1124 4152/878/1123 4153/1010/1123
f 4157/1033/1122 4154/917/1124 4155/1030/1124
f 4147/1019/1122 4156/915/1122 4157/1033/1122
f 4161/1022/1125 4158/865/1078 4159/1001/1078
f 4163/1025/1040 4160/905/1126 4161/1022/1125
f 4165/1010/1127 4162/918/1039 4163/1025/1040
f 4167/1030/1128 4164/878/1129 4165/1010/1127
f 4169/1033/1084 4166/917/1128 4167/1030/1128
f 4159/1019/1078 4168/915/1077 4169/1033/1084
f 4173/1024/1130 4170/865/1131 4171/1001/1132
f 4175/1010/1133 4172/1026/1134 4173/1024/1130
f 4177/1032/1135 4174/878/1133 4175/1010/1133
f 4171/1019/1132 4176/1034/1135 4177/1032/1135
f 4181/1107/1056 4178/865/1136 4179/1001/1137
f 4183/1024/1138 4180/1108/1056 4181/1107/1056
f 4185/1109/1139 4182/1026/1054 4183/1024/1138
f 4187/1010/1140 4184/1110/1141 4185/1109/1139
f 4189/1111/1142 4186/878/1140 4187/1010/1140
f 4191/1032/1143 4188/1112/1142 4189/1111/1142
f 4193/1113/1144 4190/1034/1145 4191/1032/1143
f 4179/1019/1137 4192/1114/1146 4193/1113/1144
f 4197/1024/1147 4194/865/1148 4195/1001/1149
f 4199/1010/1150 4196/1026/1147 4197/1024/1147
f 4201/1032/1151 4198/878/1152 4199/1010/1150
f 4195/1019/1149 4200/1034/1153 4201/1032/1151
f 4205/1039/1010 4202/865/1154 4203/1001/1155
f 4207/1041/1012 4204/881/1095 4205/1039/1010
f 4209/1044/1156 4206/876/1012 4207/1041/1012
f 4211/1046/1157 4208/879/1156 4209/1044/1156
f 4213/1010/1089 4210/874/1158 4211/1046/1157
f 4215/1051/1159 4212/878/1091 4213/1010/1089
f 4217/1053/1160 4214/873/1161 4215/1051/1159
f 4219/1056/1162 4216/880/1160 4217/1053/1160
f 4221/1058/1163 4218/875/1164 4219/1056/1162
f 4203/1019/1155 4220/877/1163 4221/1058/1163
f 4225/1115/1165 4222/865/1166 4223/1001/1167
f 4227/1116/1012 4224/1117/1010 4225/1115/1165
f 4229/1022/1168 4226/967/1012 4227/1116/1012
f 4231/1118/1169 4228/905/1169 4229/1022/1168
f 4233/1119/1170 4230/968/1168 4231/1118/1169
f 4235/1025/1170 4232/1120/1170 4233/1119/1170
f 4237/1121/1084 4234/918/1171 4235/1025/1170
f 4239/1122/1078 4236/1123/1077 4237/1121/1084
f 4241/1010/1172 4238/966/1078 4239/1122/1078
f 4243/1124/1037 4240/878/1172 4241/1010/1172
f 4245/1125/1084 4242/971/1037 4243/1124/1037
f 4247/1030/1078 4244/1126/1084 4245/1125/1084
f 4249/1127/1173 4246/917/1078 4247/1030/1078
f 4251/1128/1174 4248/1129/1173 4249/1127/1173
f 4253/1033/1175 4250/970/1176 4251/1128/1174
f 4255/1130/1177 4252/915/1175 4253/1033/1175
f 4257/1131/1178 4254/969/1177 4255/1130/1177
f 4223/1019/1167 4256/1132/1178 4257/1131/1178
f 4261/1024/1123 4258/865/1179 4259/1001/1179
f 4263/1010/1180 4260/1026/1123 4261/1024/1123
f 4265/1032/1181 4262/878/1124 4263/1010/1180
f 4259/1019/1179 4264/1034/1182 4265/1032/1181
f 4269/1024/1183 4266/865/1184 4267/1001/1184
f 4271/1010/1185 4268/1026/1186 4269/1024/1183
f 4273/1032/1187 4270/878/1185 4271/1010/1185
f 4267/1019/1184 4272/1034/1187 4273/1032/1187
f 4277/1024/1188 4274/865/1189 4275/1001/1189
f 4279/1010/1190 4276/1026/1188 4277/1024/1188
f 4281/1032/1191 4278/878/1028 4279/1010/1190
f 4275/1019/1189 4280/1034/1191 4281/1032/1191
f 4285/1024/1032 4282/865/1192 4283/1001/1193
f 4287/1010/1047 4284/1026/1194 4285/1024/1032
f 4289/1032/1195 4286/878/1031 4287/1010/1047
f 4283/1019/1193 4288/1034/1195 4289/1032/1195
f 4293/1021/1196 4290/865/1197 4291/1001/1197
f 4295/1022/1196 4292/1023/1196 4293/1021/1196
f 4297/1024/1198 4294/905/1196 4295/1022/1196
f 4299/1025/1198 4296/1026/1198 4297/1024/1198
f 4301/1027/1199 4298/918/1198 4299/1025/1198
f 4303/1010/1200 4300/1028/1201 4301/1027/1199
f 4305/1029/1202 4302/878/1203 4303/1010/1200
f 4307/1030/1204 4304/1031/1205 4305/1029/1202
f 4309/1032/1206 4306/917/1202 4307/1030/1204
f 4311/1033/1207 4308/1034/1208 4309/1032/1206
f 4313/1035/1209 4310/915/1210 4311/1033/1207
f 4291/1019/1197 4312/1036/1197 4313/1035/1209
f 4317/1024/1211 4314/865/1212 4315/1001/1213
f 4319/1010/1214 4316/1026/1215 4317/1024/1211
f 4321/1032/1216 4318/878/1217 4319/1010/1214
f 4315/1019/1213 4320/1034/1218 4321/1032/1216
f 4325/1024/1219 4322/865/1220 4323/1001/1220
f 4327/1010/1221 4324/1026/1222 4325/1024/1219
f 4329/1032/1223 4326/878/1224 4327/1010/1221
f 4323/1019/1220 4328/1034/1225 4329/1032/1223
f 4333/1024/1211 4330/865/1212 4331/1001/1213
f 4335/1010/1214 4332/1026/1211 4333/1024/1211
f 4337/1032/1216 4334/878/1226 4335/1010/1214
f 4331/1019/1213 4336/1034/1218 4337/1032/1216
f 4341/1107/1126 4338/865/1227 4339/1001/1228
f 4343/1024/1040 4340/1108/1126 4341/1107/1126
f 4345/1109/1038 4342/1026/1229 4343/1024/1040
f 4347/1010/1127 4344/1110/1127 4345/1109/1038
f 4349/1111/1208 4346/878/1037 4347/1010/1127
f 4351/1032/1207 4348/1112/1208 4349/1111/1208
f 4353/1113/1230 4350/1034/1231 4351/1032/1207
f 4339/1019/1228 4352/1114/1228 4353/1113/1230
f 4357/1024/1232 4354/865/1173 4355/1001/1173
f 4359/1010/1178 4356/1026/1232 4357/1024/1232
f 4361/1032/1233 4358/878/1234 4359/1010/1178
f 4355/1019/1173 4360/1034/1233 4361/1032/1233
f 4365/1024/1235 4362/865/1236 4363/1001/1237
f 4367/1010/1238 4364/1026/1239 4365/1024/1235
f 4369/1032/1240 4366/878/1241 4367/1010/1238
f 4363/1019/1237 4368/1034/1242 4369/1032/1240
f 4373/1024/1243 4370/865/1106 4371/1001/1106
f 4375/1010/1244 4372/1026/1245 4373/1024/1243
f 4377/1032/1246 4374/878/1244 4375/1010/1244
f 4371/1019/1106 4376/1034/1247 4377/1032/1246
f 4381/1038/1248 4378/865/1249 4379/1001/1249
f 4383/1040/1250 4380/911/1251 4381/1038/1248
f 4385/1041/1252 4382/906/1253 4383/1040/1250
f 4387/1043/1254 4384/876/1252 4385/1041/1252
f 4389/1025/1255 4386/920/1254 4387/1043/1254
f 4391/1046/1256 4388/918/1257 4389/1025/1255
f 4393/1048/1256 4390/874/1256 4391/1046/1256
f 4395/1049/1252 4392/904/1256 4393/1048/1256
f 4397/1051/1252 4394/907/1252 4395/1049/1252
f 4399/1030/1258 4396/873/1252 4397/1051/1252
f 4401/1054/1176 4398/917/1259 4399/1030/1258
f 4403/1056/1260 4400/922/1261 4401/1054/1176
f 4405/1057/1260 4402/875/1260 4403/1056/1260
f 4407/1059/1137 4404/909/1260 4405/1057/1260
f 4379/1019/1249 4406/910/1249 4407/1059/1137
f 4411/1021/1262 4408/865/1044 4409/1001/1044
f 4413/1022/1124 4410/1023/1262 4411/1021/1262
f 4415/1024/1252 4412/905/1263 4413/1022/1124
f 4417/1025/1252 4414/1026/1252 4415/1024/1252
f 4419/1027/1252 4416/918/1252 4417/1025/1252
f 4421/1010/1252 4418/1028/1252 4419/1027/1252
f 4423/1029/1264 4420/878/1252 4421/1010/1252
f 4425/1030/1179 4422/1031/1264 4423/1029/1264
f 4427/1032/1044 4424/917/1179 4425/1030/1179
f 4429/1033/1044 4426/1034/1044 4427/1032/1044
f 4431/1035/1044 4428/915/1044 4429/1033/1044
f 4409/1019/1044 4430/1036/1044 4431/1035/1044
f 4435/1024/1184 4432/865/1187 4433/1001/1187
f 4437/1010/1186 4434/1026/1265 4435/1024/1184
f 4439/1032/1185 4436/878/1186 4437/1010/1186
f 4433/1019/1187 4438/1034/1266 4439/1032/1185
f 4443/1000/1267 4440/865/1011 4441/1001/1011
f 4445/1002/1268 4442/1003/1267 4443/1000/1267
f 4447/1004/1013 4444/884/1268 4445/1002/1268
f 4449/1005/1013 4446/1006/1013 4447/1004/1013
f 4451/1007/1015 4448/885/1013 4449/1005/1013
f 4453/1008/1015 4450/1009/1016 4451/1007/1015
f 4455/1010/1017 4452/883/1015 4453/1008/1015
f 4457/1011/1021 4454/878/1019 4455/1010/1017
f 4459/1012/1020 4456/882/1021 4457/1011/1021
f 4461/1013/1020 4458/1014/1020 4459/1012/1020
f 4463/1015/1023 4460/887/1269 4461/1013/1020
f 4465/1016/1023 4462/1017/1023 4463/1015/1023
f 4467/1018/1024 4464/886/1023 4465/1016/1023
f 4441/1019/1011 4466/1020/1270 4467/1018/1024
f 4471/1024/1271 4468/865/1272 4469/1001/1272
f 4473/1010/1273 4470/1026/1271 4471/1024/1271
f 4475/1032/1274 4472/878/1273 4473/1010/1273
f 4469/1019/1272 4474/1034/1274 4475/1032/1274
f 4479/1107/1056 4476/865/1179 4477/1001/1179
f 4481/1024/1138 4478/1108/1056 4479/1107/1056
f 4483/1109/1275 4480/1026/1054 4481/1024/1138
f 4485/1010/1276 4482/1110/1277 4483/1109/1275
f 4487/1111/1142 4484/878/1278 4485/1010/1276
f 4489/1032/1143 4486/1112/1142 4487/1111/1142
f 4491/1113/1181 4488/1034/1279 4489/1032/1143
f 4477/1019/1179 4490/1114/1181 4491/1113/1181
f 4495/1061/1056 4492/865/1058 4493/1001/1058
f 4497/1062/1054 4494/925/1119 4495/1061/1056
f 4499/1063/1118 4496/924/1054 4497/1062/1054
f 4501/1064/1280 4498/933/1059 4499/1063/1118
f 4503/1065/1063 4500/929/1042 4501/1064/1280
f 4505/1066/1064 4502/931/1063 4503/1065/1063
f 4507/1067/1281 4504/932/1066 4505/1066/1064
f 4509/1068/1067 4506/930/1282 4507/1067/1281
f 4511/1069/1283 4508/928/1284 4509/1068/1067
f 4513/1070/1069 4510/927/1283 4511/1069/1283
f 4493/1019/1058 4512/926/1069 4513/1070/1069
f 4517/1022/1285 4514/865/1286 4515/1001/1286
f 4519/1025/1287 4516/905/1288 4517/1022/1285
f 4521/1010/1289 4518/918/1287 4519/1025/1287
f 4523/1030/1290 4520/878/1289 4521/1010/1289
f 4525/1033/1291 4522/917/1290 4523/1030/1290
f 4515/1019/1286 4524/915/1292 4525/1033/1291
f 4529/1133/1293 4526/865/1294 4527/1001/1295
f 4531/1107/1012 4528/1134/1097 4529/1133/1293
f 4533/1135/1296 4530/1108/1297 4531/1107/1012
f 4535/1024/1296 4532/1136/1296 4533/1135/1296
f 4537/1137/1144 4534/1026/1296 4535/1024/1296
f 4539/1109/1136 4536/1138/1144 4537/1137/1144
f 4541/1139/1298 4538/1110/1230 4539/1109/1136
f 4543/1010/1299 4540/1140/1298 4541/1139/1298
f 4545/1141/1017 4542/878/1300 4543/1010/1299
f 4547/1111/1017 4544/1142/1017 4545/1141/1017
f 4549/1143/1178 4546/1112/1017 4547/1111/1017
f 4551/1032/1301 4548/1144/1178 4549/1143/1178
f 4553/1145/1119 4550/1034/1167 4551/1032/1301
f 4555/1113/1060 4552/1146/1056 4553/1145/1119
f 4557/1147/1302 4554/1114/1054 4555/1113/1060
f 4527/1019/1295 4556/1148/1303 4557/1147/1302
f 4561/1024/1017 4558/865/1304 4559/1001/1305
f 4563/1010/1306 4560/1026/1307 4561/1024/1017
f 4565/1032/1308 4562/878/1309 4563/1010/1306
f 4559/1019/1305 4564/1034/1310 4565/1032/1308
f 3915/1000/1010 3914/1003/1010 3912/865/1011
f 3917/1002/1012 3916/884/1012 3914/1003/1010
f 3919/1004/1013 3918/1006/1013 3916/884/1012
f 3921/1005/1014 3920/885/1013 3918/1006/1013
f 3923/1007/1015 3922/1009/1016 3920/885/1013
f 3925/1008/1015 3924/883/1016 3922/1009/1016
f 3927/1010/1017 3926/878/1019 3924/883/1016
f 3929/1011/1018 3928/882/1021 3926/878/1019
f 3931/1012/1020 3930/1014/1020 3928/882/1021
f 3933/1013/1020 3932/887/1020 3930/1014/1020
f 3935/1015/1022 3934/1017/1023 3932/887/1020
f 3937/1016/1023 3936/886/1023 3934/1017/1023
f 3939/1018/1024 3938/1020/1011 3936/886/1023
f 3913/1019/1011 3912/854/1011 3938/1020/1011
f 3943/1021/1025 3942/1023/1025 3940/865/1026
f 3945/1022/1027 3944/905/1029 3942/1023/1025
f 3947/1024/1028 3946/1026/1028 3944/905/1029
f 3949/1025/1028 3948/918/1028 3946/1026/1028
f 3951/1027/1030 3950/1028/1030 3948/918/1028
f 3953/1010/1030 3952/878/1030 3950/1028/1030
f 3955/1029/1028 3954/1031/1028 3952/878/1030
f 3957/1030/1028 3956/917/1028 3954/1031/1028
f 3959/1032/1031 3958/1034/1031 3956/917/1028
f 3961/1033/1032 3960/915/1034 3958/1034/1031
f 3963/1035/1033 3962/1036/1033 3960/915/1034
f 3941/1019/1026 3940/854/1026 3962/1036/1033
f 3967/1037/1035 3966/923/1035 3964/865/1035
f 3969/1038/1036 3968/911/1038 3966/923/1035
f 3971/1039/1037 3970/881/1037 3968/911/1038
f 3973/1040/1039 3972/906/1040 3970/881/1037
f 3975/1022/1039 3974/905/1040 3972/906/1040
f 3977/1041/1041 3976/876/1043 3974/905/1040
f 3979/1042/1042 3978/912/1045 3976/876/1043
f 3981/1043/1044 3980/920/1044 3978/912/1045
f 3983/1044/1046 3982/879/1046 3980/920/1044
f 3985/1025/1047 3984/918/1047 3982/879/1046
f 3987/1045/1040 3986/919/1040 3984/918/1047
f 3989/1046/1039 3988/874/1039 3986/919/1040
f 3991/1047/1041 3990/921/1041 3988/874/1039
f 3993/1048/1045 3992/904/1045 3990/921/1041
f 3995/1010/1044 3994/878/1044 3992/904/1045
f 3997/1049/1044 3996/907/1044 3994/878/1044
f 3999/1050/1044 3998/908/1044 3996/907/1044
f 4001/1051/1044 4000/873/1044 3998/908/1044
f 4003/1052/1048 4002/916/1048 4000/873/1044
f 4005/1030/1049 4004/917/1049 4002/916/1048
f 4007/1053/1050 4006/880/1050 4004/917/1049
f 4009/1054/1050 4008/922/1052 4006/880/1050
f 4011/1055/1051 4010/913/1051 4008/922/1052
f 4013/1056/1053 4012/875/1053 4010/913/1051
f 4015/1033/1044 4014/915/1044 4012/875/1053
f 4017/1057/1048 4016/909/1055 4014/915/1044
f 4019/1058/1054 4018/877/1049 4016/909/1055
f 4021/1059/1050 4020/910/1050 4018/877/1049
f 4023/1060/1050 4022/914/1050 4020/910/1050
f 3965/1019/1035 3964/854/1035 4022/914/1050
f 4027/1061/1056 4026/925/1056 4024/865/1057
f 4029/1062/1054 4028/924/1060 4026/925/1056
f 4031/1063/1059 4030/933/1062 4028/924/1060
f 4033/1064/1061 4032/929/1061 4030/933/1062
f 4035/1065/1063 4034/931/1063 4032/929/1061
f 4037/1066/1064 4036/932/1066 4034/931/1063
f 4039/1067/1065 4038/930/1065 4036/932/1066
f 4041/1068/1067 4040/928/1067 4038/930/1065
f 4043/1069/1068 4042/927/1070 4040/928/1067
f 4045/1070/1069 4044/926/1069 4042/927/1070
f 4025/1019/1058 4024/854/1057 4044/926/1069
f 4049/1071/1010 4048/1073/1010 4046/865/1071
f 4051/1072/1012 4050/965/1012 4048/1073/1010
f 4053/1074/1073 4052/1076/1073 4050/965/1012
f 4055/1075/1073 4054/961/1073 4052/1076/1073
f 4057/1077/1074 4056/1079/1076 4054/961/1073
f 4059/1078/1075 4058/960/1074 4056/1079/1076
f 4061/1080/1077 4060/1082/1079 4058/960/1074
f 4063/1081/1078 4062/959/1078 4060/1082/1079
f 4065/1083/1080 4064/1085/1082 4062/959/1078
f 4067/1084/1081 4066/962/1083 4064/1085/1082
f 4069/1086/1077 4068/1088/1084 4066/962/1083
f 4071/1087/1078 4070/963/1078 4068/1088/1084
f 4073/1010/1085 4072/878/1086 4070/963/1078
f 4075/1089/1085 4074/958/1085 4072/878/1086
f 4077/1090/1087 4076/1092/1087 4074/958/1085
f 4079/1091/1088 4078/957/1088 4076/1092/1087
f 4081/1093/1077 4080/1095/1079 4078/957/1088
f 4083/1094/1078 4082/956/1078 4080/1095/1079
f 4085/1096/1089 4084/1098/1091 4082/956/1078
f 4087/1097/1090 4086/955/1090 4084/1098/1091
f 4089/1099/1092 4088/1101/1092 4086/955/1090
f 4091/1100/1093 4090/964/1094 4088/1101/1092
f 4093/1102/1010 4092/1104/1095 4090/964/1094
f 4095/1103/1012 4094/954/1012 4092/1104/1095
f 4097/1105/1096 4096/1106/1096 4094/954/1012
f 4047/1019/1072 4046/854/1071 4096/1106/1096
f 4101/1021/1097 4100/1023/1010 4098/865/1098
f 4103/1022/1012 4102/905/1012 4100/1023/1010
f 4105/1024/1100 4104/1026/1100 4102/905/1012
f 4107/1025/1101 4106/918/1103 4104/1026/1100
f 4109/1027/1102 4108/1028/1102 4106/918/1103
f 4111/1010/1102 4110/878/1105 4108/1028/1102
f 4113/1029/1104 4112/1031/1107 4110/878/1105
f 4115/1030/1106 4114/917/1106 4112/1031/1107
f 4117/1032/1108 4116/1034/1109 4114/917/1106
f 4119/1033/1109 4118/915/1108 4116/1034/1109
f 4121/1035/1110 4120/1036/1099 4118/915/1108
f 4099/1019/1099 4098/854/1098 4120/1036/1099
f 4125/1024/1111 4124/1026/1115 4122/865/1112
f 4127/1010/1114 4126/878/1114 4124/1026/1115
f 4129/1032/1116 4128/1034/1116 4126/878/1114
f 4123/1019/1113 4122/854/1112 4128/1034/1116
f 4133/1024/1056 4132/1026/1117 4130/865/1042
f 4135/1010/1054 4134/878/1060 4132/1026/1117
f 4137/1032/1118 4136/1034/1118 4134/878/1060
f 4131/1019/1061 4130/854/1042 4136/1034/1118
f 4141/1024/1119 4140/1026/1121 4138/865/1061
f 4143/1010/1060 4142/878/1054 4140/1026/1121
f 4145/1032/1059 4144/1034/1118 4142/878/1054
f 4139/1019/1120 4138/854/1061 4144/1034/1118
f 4149/1022/1118 4148/905/1062 4146/865/1122
f 4151/1025/1120 4150/918/1061 4148/905/1062
f 4153/1010/1123 4152/878/1123 4150/918/1061
f 4155/1030/1124 4154/917/1124 4152/878/1123
f 4157/1033/1122 4156/915/1122 4154/917/1124
f 4147/1019/1122 4146/854/1122 4156/915/1122
f 4161/1022/1125 4160/905/1126 4158/865/1078
f 4163/1025/1040 4162/918/1039 4160/905/1126
f 4165/1010/1127 4164/878/1129 4162/918/1039
f 4167/1030/1128 4166/917/1128 4164/878/1129
f 4169/1033/1084 4168/915/1077 4166/917/1128
f 4159/1019/1078 4158/854/1078 4168/915/1077
f 4173/1024/1130 4172/1026/1134 4170/865/1131
f 4175/1010/1133 4174/878/1133 4172/1026/1134
f 4177/1032/1135 4176/1034/1135 4174/878/1133
f 4171/1019/1132 4170/854/1131 4176/1034/1135
f 4181/1107/1056 4180/1108/1056 4178/865/1136
f 4183/1024/1138 4182/1026/1054 4180/1108/1056
f 4185/1109/1139 4184/1110/1141 4182/1026/1054
f 4187/1010/1140 4186/878/1140 4184/1110/1141
f 4189/1111/1142 4188/1112/1142 4186/878/1140
f 4191/1032/1143 4190/1034/1145 4188/1112/1142
f 4193/1113/1144 4192/1114/1146 4190/1034/1145
f 4179/1019/1137 4178/854/1136 4192/1114/1146
f 4197/1024/1147 4196/1026/1147 4194/865/1148
f 4199/1010/1150 4198/878/1152 4196/1026/1147
f 4201/1032/1151 4200/1034/1153 4198/878/1152
f 4195/1019/1149 4194/854/1148 4200/1034/1153
f 4205/1039/1010 4204/881/1095 4202/865/1154
f 4207/1041/1012 4206/876/1012 4204/881/1095
f 4209/1044/1156 4208/879/1156 4206/876/1012
f 4211/1046/1157 4210/874/1158 4208/879/1156
f 4213/1010/1089 4212/878/1091 4210/874/1158
f 4215/1051/1159 4214/873/1161 4212/878/1091
f 4217/1053/1160 4216/880/1160 4214/873/1161
f 4219/1056/1162 4218/875/1164 4216/880/1160
f 4221/1058/1163 4220/877/1163 4218/875/1164
f 4203/1019/1155 4202/854/1154 4220/877/1163
f 4225/1115/1165 4224/1117/1010 4222/865/1166
f 4227/1116/1012 4226/967/1012 4224/1117/1010
f 4229/1022/1168 4228/905/1169 4226/967/1012
f 4231/1118/1169 4230/968/1168 4228/905/1169
f 4233/1119/1170 4232/1120/1170 4230/968/1168
f 4235/1025/1170 4234/918/1171 4232/1120/1170
f 4237/1121/1084 4236/1123/1077 4234/918/1171
f 4239/1122/1078 4238/966/1078 4236/1123/1077
f 4241/1010/1172 4240/878/1172 4238/966/1078
f 4243/1124/1037 4242/971/1037 4240/878/1172
f 4245/1125/1084 4244/1126/1084 4242/971/1037
f 4247/1030/1078 4246/917/1078 4244/1126/1084
f 4249/1127/1173 4248/1129/1173 4246/917/1078
f 4251/1128/1174 4250/970/1176 4248/1129/1173
f 4253/1033/1175 4252/915/1175 4250/970/1176
f 4255/1130/1177 4254/969/1177 4252/915/1175
f 4257/1131/1178 4256/1132/1178 4254/969/1177
f 4223/1019/1167 4222/854/1166 4256/1132/1178
f 4261/1024/1123 4260/1026/1123 4258/865/1179
f 4263/1010/1180 4262/878/1124 4260/1026/1123
f 4265/1032/1181 4264/1034/1182 4262/878/1124
f 4259/1019/1179 4258/854/1179 4264/1034/1182
f 4269/1024/1183 4268/1026/1186 4266/865/1184
f 4271/1010/1185 4270/878/1185 4268/1026/1186
f 4273/1032/1187 4272/1034/1187 4270/878/1185
f 4267/1019/1184 4266/854/1184 4272/1034/1187
f 4277/1024/1188 4276/1026/1188 4274/865/1189
f 4279/1010/1190 4278/878/1028 4276/1026/1188
f 4281/1032/1191 4280/1034/1191 4278/878/1028
f 4275/1019/1189 4274/854/1189 4280/1034/1191
f 4285/1024/1032 4284/1026/1194 4282/865/1192
f 4287/1010/1047 4286/878/1031 4284/1026/1194
f 4289/1032/1195 4288/1034/1195 4286/878/1031
f 4283/1019/1193 4282/854/1192 4288/1034/1195
f 4293/1021/1196 4292/1023/1196 4290/865/1197
f 4295/1022/1196 4294/905/1196 4292/1023/1196
f 4297/1024/1198 4296/1026/1198 4294/905/1196
f 4299/1025/1198 4298/918/1198 4296/1026/1198
f 4301/1027/1199 4300/1028/1201 4298/918/1198
f 4303/1010/1200 4302/878/1203 4300/1028/1201
f 4305/1029/1202 4304/1031/1205 4302/878/1203
f 4307/1030/1204 4306/917/1202 4304/1031/1205
f 4309/1032/1206 4308/1034/1208 4306/917/1202
f 4311/1033/1207 4310/915/1210 4308/1034/1208
f 4313/1035/1209 4312/1036/1197 4310/915/1210
f 4291/1019/1197 4290/854/1197 4312/1036/1197
f 4317/1024/1211 4316/1026/1215 4314/865/1212
f 4319/1010/1214 4318/878/1217 4316/1026/1215
f 4321/1032/1216 4320/1034/1218 4318/878/1217
f 4315/1019/1213 4314/854/1212 4320/1034/1218
f 4325/1024/1219 4324/1026/1222 4322/865/1220
f 4327/1010/1221 4326/878/1224 4324/1026/1222
f 4329/1032/1223 4328/1034/1225 4326/878/1224
f 4323/1019/1220 4322/854/1220 4328/1034/1225
f 4333/1024/1211 4332/1026/1211 4330/865/1212
f 4335/1010/1214 4334/878/1226 4332/1026/1211
f 4337/1032/1216 4336/1034/1218 4334/878/1226
f 4331/1019/1213 4330/854/1212 4336/1034/1218
f 4341/1107/1126 4340/1108/1126 4338/865/1227
f 4343/1024/1040 4342/1026/1229 4340/1108/1126
f 4345/1109/1038 4344/1110/1127 4342/1026/1229
f 4347/1010/1127 4346/878/1037 4344/1110/1127
f 4349/1111/1208 4348/1112/1208 4346/878/1037
f 4351/1032/1207 4350/1034/1231 4348/1112/1208
f 4353/1113/1230 4352/1114/1228 4350/1034/1231
f 4339/1019/1228 4338/854/1227 4352/1114/1228
f 4357/1024/1232 4356/1026/1232 4354/865/1173
f 4359/1010/1178 4358/878/1234 4356/1026/1232
f 4361/1032/1233 4360/1034/1233 4358/878/1234
f 4355/1019/1173 4354/854/1173 4360/1034/1233
f 4365/1024/1235 4364/1026/1239 4362/865/1236
f 4367/1010/1238 4366/878/1241 4364/1026/1239
f 4369/1032/1240 4368/1034/1242 4366/878/1241
f 4363/1019/1237 4362/854/1236 4368/1034/1242
f 4373/1024/1243 4372/1026/1245 4370/865/1106
f 4375/1010/1244 4374/878/1244 4372/1026/1245
f 4377/1032/1246 4376/1034/1247 4374/878/1244
f 4371/1019/1106 4370/854/1106 4376/1034/1247
f 4381/1038/1248 4380/911/1251 4378/865/1249
f 4383/1040/1250 4382/906/1253 4380/911/1251
f 4385/1041/1252 4384/876/1252 4382/906/1253
f 4387/1043/1254 4386/920/1254 4384/876/1252
f 4389/1025/1255 4388/918/1257 4386/920/1254
f 4391/1046/1256 4390/874/1256 4388/918/1257
f 4393/1048/1256 4392/904/1256 4390/874/1256
f 4395/1049/1252 4394/907/1252 4392/904/1256
f 4397/1051/1252 4396/873/1252 4394/907/1252
f 4399/1030/1258 4398/917/1259 4396/873/1252
f 4401/1054/1176 4400/922/1261 4398/917/1259
f 4403/1056/1260 4402/875/1260 4400/922/1261
f 4405/1057/1260 4404/909/1260 4402/875/1260
f 4407/1059/1137 4406/910/1249 4404/909/1260
f 4379/1019/1249 4378/854/1249 4406/910/1249
f 4411/1021/1262 4410/1023/1262 4408/865/1044
f 4413/1022/1124 4412/905/1263 4410/1023/1262
f 4415/1024/1252 4414/1026/1252 4412/905/1263
f 4417/1025/1252 4416/918/1252 4414/1026/1252
f 4419/1027/1252 4418/1028/1252 4416/918/1252
f 4421/1010/1252 4420/878/1252 4418/1028/1252
f 4423/1029/1264 4422/1031/1264 4420/878/1252
f 4425/1030/1179 4424/917/1179 4422/1031/1264
f 4427/1032/1044 4426/1034/1044 4424/917/1179
f 4429/1033/1044 4428/915/1044 4426/1034/1044
f 4431/1035/1044 4430/1036/1044 4428/915/1044
f 4409/1019/1044 4408/854/1044 4430/1036/1044
f 4435/1024/1184 4434/1026/1265 4432/865/1187
f 4437/1010/1186 4436/878/1186 4434/1026/1265
f 4439/1032/1185 4438/1034/1266 4436/878/1186
f 4433/1019/1187 4432/854/1187 4438/1034/1266
f 4443/1000/1267 4442/1003/1267 4440/865/1011
f 4445/1002/1268 4444/884/1268 4442/1003/1267
f 4447/1004/1013 4446/1006/1013 4444/884/1268
f 4449/1005/1013 4448/885/1013 4446/1006/1013
f 4451/1007/1015 4450/1009/1016 4448/885/1013
f 4453/1008/1015 4452/883/1015 4450/1009/1016
f 4455/1010/1017 4454/878/1019 4452/883/1015
f 4457/1011/1021 4456/882/1021 4454/878/1019
f 4459/1012/1020 4458/1014/1020 4456/882/1021
f 4461/1013/1020 4460/887/1269 4458/1014/1020
f 4463/1015/1023 4462/1017/1023 4460/887/1269
f 4465/1016/1023 4464/886/1023 4462/1017/1023
f 4467/1018/1024 4466/1020/1270 4464/886/1023
f 4441/1019/1011 4440/854/1011 4466/1020/1270
f 4471/1024/1271 4470/1026/1271 4468/865/1272
f 4473/1010/1273 4472/878/1273 4470/1026/1271
f 4475/1032/1274 4474/1034/1274 4472/878/1273
f 4469/1019/1272 4468/854/1272 4474/1034/1274
f 4479/1107/1056 4478/1108/1056 4476/865/1179
f 4481/1024/1138 4480/1026/1054 4478/1108/1056
f 4483/1109/1275 4482/1110/1277 4480/1026/1054
f 4485/1010/1276 4484/878/1278 4482/1110/1277
f 4487/1111/1142 4486/1112/1142 4484/878/1278
f 4489/1032/1143 4488/1034/1279 4486/1112/1142
f 4491/1113/1181 4490/1114/1181 4488/1034/1279
f 4477/1019/1179 4476/854/1179 4490/1114/1181
f 4495/1061/1056 4494/925/1119 4492/865/1058
f 4497/1062/1054 4496/924/1054 4494/925/1119
f 4499/1063/1118 4498/933/1059 4496/924/1054
f 4501/1064/1280 4500/929/1042 4498/933/1059
f 4503/1065/1063 4502/931/1063 4500/929/1042
f 4505/1066/1064 4504/932/1066 4502/931/1063
f 4507/1067/1281 4506/930/1282 4504/932/1066
f 4509/1068/1067 4508/928/1284 4506/930/1282
f 4511/1069/1283 4510/927/1283 4508/928/1284
f 4513/1070/1069 4512/926/1069 4510/927/1283
f 4493/1019/1058 4492/854/1058 4512/926/1069
f 4517/1022/1285 4516/905/1288 4514/865/1286
f 4519/1025/1287 4518/918/1287 4516/905/1288
f 4521/1010/1289 4520/878/1289 4518/918/1287
f 4523/1030/1290 4522/917/1290 4520/878/1289
f 4525/1033/1291 4524/915/1292 4522/917/1290
f 4515/1019/1286 4514/854/1286 4524/915/1292
f 4529/1133/1293 4528/1134/1097 4526/865/1294
f 4531/1107/1012 4530/1108/1297 4528/1134/1097
f 4533/1135/1296 4532/1136/1296 4530/1108/1297
f 4535/1024/1296 4534/1026/1296 4532/1136/1296
f 4537/1137/1144 4536/1138/1144 4534/1026/1296
f 4539/1109/1136 4538/1110/1230 4536/1138/1144
f 4541/1139/1298 4540/1140/1298 4538/1110/1230
f 4543/1010/1299 4542/878/1300 4540/1140/1298
f 4545/1141/1017 4544/1142/1017 4542/878/1300
f 4547/1111/1017 4546/1112/1017 4544/1142/1017
f 4549/1143/1178 4548/1144/1178 4546/1112/1017
f 4551/1032/1301 4550/1034/1167 4548/1144/1178
f 4553/1145/1119 4552/1146/1056 4550/1034/1167
f 4555/1113/1060 4554/1114/1054 4552/1146/1056
f 4557/1147/1302 4556/1148/1303 4554/1114/1054
f 4527/1019/1295 4526/854/1294 4556/1148/1303
f 4561/1024/1017 4560/1026/1307 4558/865/1304
f 4563/1010/1306 4562/878/1309 4560/1026/1307
f 4565/1032/1308 4564/1034/1310 4562/878/1309
f 4559/1019/1305 4558/854/1304 4564/1034/1310
