# Blender 5.2.1 LTS
# www.blender.org
mtllib tutorialText0.mtl
o Text.003
v 5.120967 0.050000 -0.200318
v 4.725705 0.050000 -0.214118
v 4.728695 0.050000 -0.268396
v 5.123957 0.050000 -0.253676
v 5.028880 0.050000 -0.041165
v 4.665310 0.050000 -0.041165
v 4.667701 0.050000 -0.095443
v 5.163424 0.050000 -0.095443
v 5.141298 0.050000 0.272543
v 4.702384 0.050000 0.272543
v 4.705374 0.050000 0.218265
v 5.013332 0.050000 0.218265
v 4.369311 0.050000 0.272543
v 4.039229 0.050000 0.272543
v 4.050591 0.050000 0.067391
v 4.254500 0.050000 0.067391
v 4.273635 0.050000 -0.268396
v 4.399808 0.050000 -0.268396
v 4.395024 0.050000 -0.186519
v 4.545714 0.050000 -0.186519
v 4.542725 0.050000 -0.132241
v 4.392035 0.050000 -0.132241
v 4.380673 0.050000 0.067391
v 4.545116 0.050000 0.067391
v 4.542126 0.050000 0.120749
v 4.377683 0.050000 0.120749
v 4.159421 0.050000 0.218265
v 4.246129 0.050000 0.218265
v 4.251510 0.050000 0.120749
v 4.164804 0.050000 0.120749
v 3.689412 0.050000 0.272543
v 3.422117 0.050000 0.272543
v 3.439459 0.050000 -0.034725
v 3.585963 0.050000 -0.034725
v 3.595530 0.050000 -0.196638
v 3.449624 0.050000 -0.196638
v 3.452615 0.050000 -0.250916
v 3.720507 0.050000 -0.250916
v 3.707950 0.050000 -0.034725
v 3.785089 0.050000 -0.034725
v 3.795254 0.050000 -0.179159
v 3.917242 0.050000 -0.179159
v 3.907077 0.050000 -0.034725
v 3.943552 0.050000 -0.034725
v 3.940562 0.050000 0.019553
v 3.903488 0.050000 0.019553
v 3.886147 0.050000 0.272543
v 3.764160 0.050000 0.272543
v 3.781501 0.050000 0.019553
v 3.704362 0.050000 0.019553
v 3.525568 0.050000 0.218265
v 3.570415 0.050000 0.218265
v 3.582375 0.050000 0.019553
v 3.537527 0.050000 0.019553
v 3.109974 0.050000 -0.178239
v 2.826533 0.050000 -0.178239
v 2.829524 0.050000 -0.231597
v 3.347370 0.050000 -0.231597
v 3.344381 0.050000 -0.178239
v 3.264850 0.050000 -0.178239
v 3.016690 0.050000 0.199866
v 3.293553 0.050000 0.219185
v 3.290563 0.050000 0.272543
v 2.863607 0.050000 0.244024
v 2.866597 0.050000 0.189746
v 2.668069 0.050000 0.272543
v 2.234537 0.050000 0.272543
v 2.265033 0.050000 -0.268396
v 2.396588 0.050000 -0.268396
v 2.369081 0.050000 0.218265
v 2.671059 0.050000 0.218265
v 2.062918 0.050000 0.272543
v 1.928971 0.050000 0.272543
v 1.979799 0.050000 -0.205838
v 1.749578 0.050000 -0.205838
v 1.725659 0.050000 -0.003446
v 1.591713 0.050000 -0.003446
v 1.622210 0.050000 -0.261036
v 2.119726 0.050000 -0.261036
v 1.115126 0.050000 0.066471
v 1.005696 0.050000 0.066471
v 1.006892 0.050000 -0.143281
v 1.116920 0.050000 -0.143281
v 1.409927 0.050000 0.272543
v 1.280765 0.050000 0.272543
v 1.371059 0.050000 -0.143281
v 1.500222 0.050000 -0.143281
v 1.277775 0.050000 0.066471
v 1.168345 0.050000 0.066471
v 1.169542 0.050000 -0.143281
v 1.279569 0.050000 -0.143281
v 0.831087 0.050000 0.272543
v 0.697141 0.050000 0.272543
v 0.750959 0.050000 -0.224237
v 0.687573 0.050000 -0.224237
v 0.690563 0.050000 -0.279435
v 0.890885 0.050000 -0.279435
v 0.514757 0.050000 0.066471
v 0.380811 0.050000 0.066471
v 0.400544 0.050000 -0.279435
v 0.534491 0.050000 -0.279435
v 0.225935 0.050000 0.272543
v 0.091989 0.050000 0.272543
v 0.142817 0.050000 -0.205838
v -0.087404 0.050000 -0.205838
v -0.111323 0.050000 -0.003446
v -0.245270 0.050000 -0.003446
v -0.214773 0.050000 -0.261036
v 0.282743 0.050000 -0.261036
v -0.727238 0.050000 -0.175479
v -0.824110 0.050000 -0.175479
v -0.821121 0.050000 -0.229757
v -0.688968 0.050000 -0.229757
v -0.662059 0.050000 -0.268396
v -0.540670 0.050000 -0.268396
v -0.567579 0.050000 -0.229757
v -0.357091 0.050000 -0.229757
v -0.360081 0.050000 -0.175479
v -0.605251 0.050000 -0.175479
v -0.672225 0.050000 -0.079803
v -0.482068 0.050000 -0.079803
v -0.486852 0.050000 -0.002526
v -0.343936 0.050000 -0.011726
v -0.346926 0.050000 0.042552
v -0.489842 0.050000 0.051752
v -0.495224 0.050000 0.137308
v -0.617211 0.050000 0.137308
v -0.612427 0.050000 0.059111
v -0.684184 0.050000 0.063711
v -0.692555 0.050000 0.218265
v -0.384000 0.050000 0.218265
v -0.386990 0.050000 0.272543
v -0.817533 0.050000 0.272543
v -0.803780 0.050000 0.017713
v -0.608839 0.050000 0.004833
v -0.607045 0.050000 -0.025525
v -0.831884 0.050000 -0.025525
v -1.348536 0.050000 -0.216878
v -1.463945 0.050000 -0.216878
v -1.460955 0.050000 -0.272075
v -1.324019 0.050000 -0.272075
v -1.199639 0.050000 -0.272075
v -0.931746 0.050000 -0.272075
v -0.934736 0.050000 -0.216878
v -1.224157 0.050000 -0.216878
v -1.294717 0.050000 -0.058644
v -1.255251 0.050000 -0.058644
v -1.066888 0.050000 -0.058644
v -1.004699 0.050000 -0.058644
v -0.952078 0.050000 -0.058644
v -0.970614 0.050000 0.272543
v -1.022638 0.050000 0.272543
v -1.085426 0.050000 0.272543
v -1.274387 0.050000 0.272543
v -1.331792 0.050000 0.272543
v -1.389198 0.050000 0.272543
v -1.377238 0.050000 0.066471
v -1.474708 0.050000 0.066471
v -1.258241 0.050000 -0.003446
v -1.271397 0.050000 0.217345
v -1.082437 0.050000 0.217345
v -1.069878 0.050000 -0.003446
v -1.842464 0.050000 -0.187439
v -1.853825 0.050000 -0.187439
v -1.850835 0.050000 -0.242637
v -1.723467 0.050000 -0.242637
v -1.721074 0.050000 -0.279435
v -1.625398 0.050000 -0.279435
v -1.627790 0.050000 -0.242637
v -1.549456 0.050000 -0.242637
v -1.552446 0.050000 -0.187439
v -1.756355 0.050000 -0.187439
v -1.800007 0.050000 0.272543
v -1.886116 0.050000 0.272543
v -1.644534 0.050000 0.248624
v -1.787450 0.050000 0.272543
v -1.784460 0.050000 0.217345
v -1.773099 0.050000 0.215505
v -1.737220 0.050000 -0.154320
v -1.646328 0.050000 -0.154320
v -1.681010 0.050000 0.199866
v -1.645132 0.050000 0.194346
v -1.648720 0.050000 0.011273
v -1.576962 0.050000 0.011273
v -1.572178 0.050000 0.272543
v -1.643936 0.050000 0.272543
v -1.967441 0.050000 -0.198478
v -2.082850 0.050000 -0.165360
v -2.078066 0.050000 -0.246316
v -1.962657 0.050000 -0.279435
v -1.862197 0.050000 -0.261036
v -1.866981 0.050000 -0.180079
v -2.017073 0.050000 -0.099122
v -2.073282 0.050000 -0.099122
v -2.070293 0.050000 -0.154320
v -1.871765 0.050000 -0.154320
v -1.874755 0.050000 -0.099122
v -1.930964 0.050000 -0.099122
v -1.933356 0.050000 -0.051284
v -1.874157 0.050000 -0.051284
v -1.877147 0.050000 0.003913
v -1.936346 0.050000 0.003913
v -1.947109 0.050000 0.208145
v -1.892694 0.050000 0.206305
v -1.895684 0.050000 0.261503
v -2.106171 0.050000 0.268863
v -2.103181 0.050000 0.213665
v -2.033218 0.050000 0.210905
v -2.022455 0.050000 0.003913
v -2.092417 0.050000 0.003913
v -2.089428 0.050000 -0.051284
v -2.019465 0.050000 -0.051284
v -2.038600 0.050000 0.187906
v -2.086438 0.050000 0.187906
v -2.086438 0.050000 0.025993
v -2.038600 0.050000 0.025993
v -1.897478 0.050000 0.187906
v -1.935748 0.050000 0.187906
v -1.923789 0.050000 0.025993
v -1.885518 0.050000 0.025993
v -2.419510 0.050000 0.272543
v -2.695178 0.050000 0.272543
v -2.664083 0.050000 -0.242637
v -2.176134 0.050000 -0.242637
v -2.206631 0.050000 0.272543
v -2.323834 0.050000 0.272543
v -2.297524 0.050000 -0.188359
v -2.365693 0.050000 -0.188359
v -2.529538 0.050000 0.218265
v -2.482298 0.050000 -0.188359
v -2.550467 0.050000 -0.188359
v -2.574984 0.050000 0.218265
v -3.135288 0.050000 0.033352
v -3.318866 0.050000 0.033352
v -3.315877 0.050000 -0.021845
v -3.296741 0.050000 -0.021845
v -3.284184 0.050000 -0.235277
v -3.265049 0.050000 -0.235277
v -3.178940 0.050000 -0.235277
v -3.097018 0.050000 -0.235277
v -3.094625 0.050000 -0.279435
v -2.970247 0.050000 -0.279435
v -2.972638 0.050000 -0.235277
v -2.891314 0.050000 -0.235277
v -2.805206 0.050000 -0.235277
v -2.786070 0.050000 -0.235277
v -2.798628 0.050000 -0.021845
v -2.779492 0.050000 -0.021845
v -2.782482 0.050000 0.033352
v -2.965463 0.050000 0.033352
v -2.795040 0.050000 0.272543
v -2.928986 0.050000 0.272543
v -3.053963 0.050000 0.096830
v -3.199271 0.050000 0.272543
v -3.333218 0.050000 0.272543
v -3.191498 0.050000 -0.021845
v -3.109574 0.050000 -0.021845
v -3.100007 0.050000 -0.180079
v -3.181930 0.050000 -0.180079
v -2.985196 0.050000 -0.021845
v -2.903871 0.050000 -0.021845
v -2.894304 0.050000 -0.180079
v -2.975628 0.050000 -0.180079
v -3.866613 0.050000 0.106949
v -3.930596 0.050000 0.106949
v -3.912657 0.050000 -0.214118
v -3.849271 0.050000 -0.214118
v -3.797845 0.050000 -0.214118
v -3.710541 0.050000 -0.214118
v -3.706953 0.050000 -0.279435
v -3.582574 0.050000 -0.279435
v -3.586162 0.050000 -0.214118
v -3.500053 0.050000 -0.214118
v -3.394809 0.050000 -0.214118
v -3.385242 0.050000 -0.214118
v -3.403181 0.050000 0.106949
v -3.412151 0.050000 0.106949
v -3.517992 0.050000 0.106949
v -3.604699 0.050000 0.106949
v -3.614266 0.050000 0.272543
v -3.738646 0.050000 0.272543
v -3.729078 0.050000 0.106949
v -3.815785 0.050000 0.106949
v -3.515003 0.050000 0.051752
v -3.503043 0.050000 -0.158920
v -3.589750 0.050000 -0.158920
v -3.601709 0.050000 0.051752
v -3.714129 0.050000 -0.158920
v -3.800835 0.050000 -0.158920
v -3.812795 0.050000 0.051752
v -3.726088 0.050000 0.051752
v -4.526180 0.050000 0.272543
v -4.538139 0.050000 0.272543
v -4.513025 0.050000 -0.163520
v -4.496879 0.050000 -0.163520
v -4.410770 0.050000 -0.163520
v -4.395223 0.050000 -0.213198
v -4.529768 0.050000 -0.213198
v -4.526778 0.050000 -0.268396
v -3.989197 0.050000 -0.268396
v -3.992785 0.050000 -0.213198
v -4.285196 0.050000 -0.213198
v -4.300743 0.050000 -0.163520
v -4.119556 0.050000 -0.163520
v -4.026870 0.050000 -0.163520
v -4.014313 0.050000 -0.163520
v -4.039427 0.050000 0.272543
v -4.056171 0.050000 0.272543
v -4.144671 0.050000 0.272543
v -4.432896 0.050000 0.272543
v -4.410770 0.050000 -0.108322
v -4.429906 0.050000 0.217345
v -4.397615 0.050000 0.217345
v -4.379676 0.050000 -0.108322
v -4.301939 0.050000 0.217345
v -4.268453 0.050000 0.217345
v -4.263669 0.050000 0.127189
v -4.297156 0.050000 0.127189
v -4.172776 0.050000 0.217345
v -4.141682 0.050000 0.217345
v -4.122546 0.050000 -0.108322
v -4.154837 0.050000 -0.108322
v -4.250513 0.050000 -0.108322
v -4.283999 0.050000 -0.108322
v -4.286990 0.050000 -0.049444
v -4.253503 0.050000 -0.049444
v -4.289979 0.050000 0.005753
v -4.294166 0.050000 0.071991
v -4.260679 0.050000 0.071991
v -4.256493 0.050000 0.005753
v -5.032068 0.050000 0.187906
v -5.040440 0.050000 0.187906
v -5.021304 0.050000 -0.160760
v -5.012334 0.050000 -0.160760
v -4.949547 0.050000 -0.160760
v -4.928617 0.050000 -0.160760
v -4.925628 0.050000 -0.213198
v -5.142095 0.050000 -0.213198
v -5.139106 0.050000 -0.268396
v -4.602123 0.050000 -0.268396
v -4.605113 0.050000 -0.213198
v -4.829952 0.050000 -0.213198
v -4.832942 0.050000 -0.160760
v -4.808425 0.050000 -0.160760
v -4.744442 0.050000 -0.160760
v -4.736668 0.050000 -0.160760
v -4.755803 0.050000 0.187906
v -4.764175 0.050000 0.187906
v -4.827560 0.050000 0.187906
v -4.853273 0.050000 0.187906
v -4.948949 0.050000 0.187906
v -4.968682 0.050000 0.187906
v -5.154055 0.050000 0.272543
v -5.166015 0.050000 0.272543
v -5.140899 0.050000 -0.163520
v -5.040440 0.050000 -0.163520
v -5.062564 0.050000 0.217345
v -4.734873 0.050000 0.217345
v -4.712749 0.050000 -0.163520
v -4.612288 0.050000 -0.163520
v -4.637404 0.050000 0.272543
v -4.648168 0.050000 0.272543
v -4.737864 0.050000 0.272543
v -5.065555 0.050000 0.272543
v -4.952537 0.050000 -0.105562
v -4.957321 0.050000 -0.023685
v -4.936392 0.050000 -0.023685
v -4.931608 0.050000 -0.105562
v -4.960311 0.050000 0.031512
v -4.965692 0.050000 0.132708
v -4.945960 0.050000 0.132708
v -4.939980 0.050000 0.031512
v -4.824570 0.050000 0.132708
v -4.819188 0.050000 0.031512
v -4.844304 0.050000 0.031512
v -4.850283 0.050000 0.132708
v -4.816198 0.050000 -0.023685
v -4.811415 0.050000 -0.105562
v -4.835932 0.050000 -0.105562
v -4.840716 0.050000 -0.023685
v 5.120967 -0.050000 -0.200318
v 4.725705 -0.050000 -0.214118
v 4.728695 -0.050000 -0.268396
v 5.123957 -0.050000 -0.253676
v 5.028880 -0.050000 -0.041165
v 4.665310 -0.050000 -0.041165
v 4.667701 -0.050000 -0.095443
v 5.163424 -0.050000 -0.095443
v 5.141298 -0.050000 0.272543
v 4.702384 -0.050000 0.272543
v 4.705374 -0.050000 0.218265
v 5.013332 -0.050000 0.218265
v 4.369311 -0.050000 0.272543
v 4.039229 -0.050000 0.272543
v 4.050591 -0.050000 0.067391
v 4.254500 -0.050000 0.067391
v 4.273635 -0.050000 -0.268396
v 4.399808 -0.050000 -0.268396
v 4.395024 -0.050000 -0.186519
v 4.545714 -0.050000 -0.186519
v 4.542725 -0.050000 -0.132241
v 4.392035 -0.050000 -0.132241
v 4.380673 -0.050000 0.067391
v 4.545116 -0.050000 0.067391
v 4.542126 -0.050000 0.120749
v 4.377683 -0.050000 0.120749
v 4.159421 -0.050000 0.218265
v 4.246129 -0.050000 0.218265
v 4.251510 -0.050000 0.120749
v 4.164804 -0.050000 0.120749
v 3.689412 -0.050000 0.272543
v 3.422117 -0.050000 0.272543
v 3.439459 -0.050000 -0.034725
v 3.585963 -0.050000 -0.034725
v 3.595530 -0.050000 -0.196638
v 3.449624 -0.050000 -0.196638
v 3.452615 -0.050000 -0.250916
v 3.720507 -0.050000 -0.250916
v 3.707950 -0.050000 -0.034725
v 3.785089 -0.050000 -0.034725
v 3.795254 -0.050000 -0.179159
v 3.917242 -0.050000 -0.179159
v 3.907077 -0.050000 -0.034725
v 3.943552 -0.050000 -0.034725
v 3.940562 -0.050000 0.019553
v 3.903488 -0.050000 0.019553
v 3.886147 -0.050000 0.272543
v 3.764160 -0.050000 0.272543
v 3.781501 -0.050000 0.019553
v 3.704362 -0.050000 0.019553
v 3.525568 -0.050000 0.218265
v 3.570415 -0.050000 0.218265
v 3.582375 -0.050000 0.019553
v 3.537527 -0.050000 0.019553
v 3.109974 -0.050000 -0.178239
v 2.826533 -0.050000 -0.178239
v 2.829524 -0.050000 -0.231597
v 3.347370 -0.050000 -0.231597
v 3.344381 -0.050000 -0.178239
v 3.264850 -0.050000 -0.178239
v 3.016690 -0.050000 0.199866
v 3.293553 -0.050000 0.219185
v 3.290563 -0.050000 0.272543
v 2.863607 -0.050000 0.244024
v 2.866597 -0.050000 0.189746
v 2.668069 -0.050000 0.272543
v 2.234537 -0.050000 0.272543
v 2.265033 -0.050000 -0.268396
v 2.396588 -0.050000 -0.268396
v 2.369081 -0.050000 0.218265
v 2.671059 -0.050000 0.218265
v 2.062918 -0.050000 0.272543
v 1.928971 -0.050000 0.272543
v 1.979799 -0.050000 -0.205838
v 1.749578 -0.050000 -0.205838
v 1.725659 -0.050000 -0.003446
v 1.591713 -0.050000 -0.003446
v 1.622210 -0.050000 -0.261036
v 2.119726 -0.050000 -0.261036
v 1.115126 -0.050000 0.066471
v 1.005696 -0.050000 0.066471
v 1.006892 -0.050000 -0.143281
v 1.116920 -0.050000 -0.143281
v 1.409927 -0.050000 0.272543
v 1.280765 -0.050000 0.272543
v 1.371059 -0.050000 -0.143281
v 1.500222 -0.050000 -0.143281
v 1.277775 -0.050000 0.066471
v 1.168345 -0.050000 0.066471
v 1.169542 -0.050000 -0.143281
v 1.279569 -0.050000 -0.143281
v 0.831087 -0.050000 0.272543
v 0.697141 -0.050000 0.272543
v 0.750959 -0.050000 -0.224237
v 0.687573 -0.050000 -0.224237
v 0.690563 -0.050000 -0.279435
v 0.890885 -0.050000 -0.279435
v 0.514757 -0.050000 0.066471
v 0.380811 -0.050000 0.066471
v 0.400544 -0.050000 -0.279435
v 0.534491 -0.050000 -0.279435
v 0.225935 -0.050000 0.272543
v 0.091989 -0.050000 0.272543
v 0.142817 -0.050000 -0.205838
v -0.087404 -0.050000 -0.205838
v -0.111323 -0.050000 -0.003446
v -0.245270 -0.050000 -0.003446
v -0.214773 -0.050000 -0.261036
v 0.282743 -0.050000 -0.261036
v -0.727238 -0.050000 -0.175479
v -0.824110 -0.050000 -0.175479
v -0.821121 -0.050000 -0.229757
v -0.688968 -0.050000 -0.229757
v -0.662059 -0.050000 -0.268396
v -0.540670 -0.050000 -0.268396
v -0.567579 -0.050000 -0.229757
v -0.357091 -0.050000 -0.229757
v -0.360081 -0.050000 -0.175479
v -0.605251 -0.050000 -0.175479
v -0.672225 -0.050000 -0.079803
v -0.482068 -0.050000 -0.079803
v -0.486852 -0.050000 -0.002526
v -0.343936 -0.050000 -0.011726
v -0.346926 -0.050000 0.042552
v -0.489842 -0.050000 0.051752
v -0.495224 -0.050000 0.137308
v -0.617211 -0.050000 0.137308
v -0.612427 -0.050000 0.059111
v -0.684184 -0.050000 0.063711
v -0.692555 -0.050000 0.218265
v -0.384000 -0.050000 0.218265
v -0.386990 -0.050000 0.272543
v -0.817533 -0.050000 0.272543
v -0.803780 -0.050000 0.017713
v -0.608839 -0.050000 0.004833
v -0.607045 -0.050000 -0.025525
v -0.831884 -0.050000 -0.025525
v -1.348536 -0.050000 -0.216878
v -1.463945 -0.050000 -0.216878
v -1.460955 -0.050000 -0.272075
v -1.324019 -0.050000 -0.272075
v -1.199639 -0.050000 -0.272075
v -0.931746 -0.050000 -0.272075
v -0.934736 -0.050000 -0.216878
v -1.224157 -0.050000 -0.216878
v -1.294717 -0.050000 -0.058644
v -1.255251 -0.050000 -0.058644
v -1.066888 -0.050000 -0.058644
v -1.004699 -0.050000 -0.058644
v -0.952078 -0.050000 -0.058644
v -0.970614 -0.050000 0.272543
v -1.022638 -0.050000 0.272543
v -1.085426 -0.050000 0.272543
v -1.274387 -0.050000 0.272543
v -1.331792 -0.050000 0.272543
v -1.389198 -0.050000 0.272543
v -1.377238 -0.050000 0.066471
v -1.474708 -0.050000 0.066471
v -1.258241 -0.050000 -0.003446
v -1.271397 -0.050000 0.217345
v -1.082437 -0.050000 0.217345
v -1.069878 -0.050000 -0.003446
v -1.842464 -0.050000 -0.187439
v -1.853825 -0.050000 -0.187439
v -1.850835 -0.050000 -0.242637
v -1.723467 -0.050000 -0.242637
v -1.721074 -0.050000 -0.279435
v -1.625398 -0.050000 -0.279435
v -1.627790 -0.050000 -0.242637
v -1.549456 -0.050000 -0.242637
v -1.552446 -0.050000 -0.187439
v -1.756355 -0.050000 -0.187439
v -1.800007 -0.050000 0.272543
v -1.886116 -0.050000 0.272543
v -1.644534 -0.050000 0.248624
v -1.787450 -0.050000 0.272543
v -1.784460 -0.050000 0.217345
v -1.773099 -0.050000 0.215505
v -1.737220 -0.050000 -0.154320
v -1.646328 -0.050000 -0.154320
v -1.681010 -0.050000 0.199866
v -1.645132 -0.050000 0.194346
v -1.648720 -0.050000 0.011273
v -1.576962 -0.050000 0.011273
v -1.572178 -0.050000 0.272543
v -1.643936 -0.050000 0.272543
v -1.967441 -0.050000 -0.198478
v -2.082850 -0.050000 -0.165360
v -2.078066 -0.050000 -0.246316
v -1.962657 -0.050000 -0.279435
v -1.862197 -0.050000 -0.261036
v -1.866981 -0.050000 -0.180079
v -2.017073 -0.050000 -0.099122
v -2.073282 -0.050000 -0.099122
v -2.070293 -0.050000 -0.154320
v -1.871765 -0.050000 -0.154320
v -1.874755 -0.050000 -0.099122
v -1.930964 -0.050000 -0.099122
v -1.933356 -0.050000 -0.051284
v -1.874157 -0.050000 -0.051284
v -1.877147 -0.050000 0.003913
v -1.936346 -0.050000 0.003913
v -1.947109 -0.050000 0.208145
v -1.892694 -0.050000 0.206305
v -1.895684 -0.050000 0.261503
v -2.106171 -0.050000 0.268863
v -2.103181 -0.050000 0.213665
v -2.033218 -0.050000 0.210905
v -2.022455 -0.050000 0.003913
v -2.092417 -0.050000 0.003913
v -2.089428 -0.050000 -0.051284
v -2.019465 -0.050000 -0.051284
v -2.038600 -0.050000 0.187906
v -2.086438 -0.050000 0.187906
v -2.086438 -0.050000 0.025993
v -2.038600 -0.050000 0.025993
v -1.897478 -0.050000 0.187906
v -1.935748 -0.050000 0.187906
v -1.923789 -0.050000 0.025993
v -1.885518 -0.050000 0.025993
v -2.419510 -0.050000 0.272543
v -2.695178 -0.050000 0.272543
v -2.664083 -0.050000 -0.242637
v -2.176134 -0.050000 -0.242637
v -2.206631 -0.050000 0.272543
v -2.323834 -0.050000 0.272543
v -2.297524 -0.050000 -0.188359
v -2.365693 -0.050000 -0.188359
v -2.529538 -0.050000 0.218265
v -2.482298 -0.050000 -0.188359
v -2.550467 -0.050000 -0.188359
v -2.574984 -0.050000 0.218265
v -3.135288 -0.050000 0.033352
v -3.318866 -0.050000 0.033352
v -3.315877 -0.050000 -0.021845
v -3.296741 -0.050000 -0.021845
v -3.284184 -0.050000 -0.235277
v -3.265049 -0.050000 -0.235277
v -3.178940 -0.050000 -0.235277
v -3.097018 -0.050000 -0.235277
v -3.094625 -0.050000 -0.279435
v -2.970247 -0.050000 -0.279435
v -2.972638 -0.050000 -0.235277
v -2.891314 -0.050000 -0.235277
v -2.805206 -0.050000 -0.235277
v -2.786070 -0.050000 -0.235277
v -2.798628 -0.050000 -0.021845
v -2.779492 -0.050000 -0.021845
v -2.782482 -0.050000 0.033352
v -2.965463 -0.050000 0.033352
v -2.795040 -0.050000 0.272543
v -2.928986 -0.050000 0.272543
v -3.053963 -0.050000 0.096830
v -3.199271 -0.050000 0.272543
v -3.333218 -0.050000 0.272543
v -3.191498 -0.050000 -0.021845
v -3.109574 -0.050000 -0.021845
v -3.100007 -0.050000 -0.180079
v -3.181930 -0.050000 -0.180079
v -2.985196 -0.050000 -0.021845
v -2.903871 -0.050000 -0.021845
v -2.894304 -0.050000 -0.180079
v -2.975628 -0.050000 -0.180079
v -3.866613 -0.050000 0.106949
v -3.930596 -0.050000 0.106949
v -3.912657 -0.050000 -0.214118
v -3.849271 -0.050000 -0.214118
v -3.797845 -0.050000 -0.214118
v -3.710541 -0.050000 -0.214118
v -3.706953 -0.050000 -0.279435
v -3.582574 -0.050000 -0.279435
v -3.586162 -0.050000 -0.214118
v -3.500053 -0.050000 -0.214118
v -3.394809 -0.050000 -0.214118
v -3.385242 -0.050000 -0.214118
v -3.403181 -0.050000 0.106949
v -3.412151 -0.050000 0.106949
v -3.517992 -0.050000 0.106949
v -3.604699 -0.050000 0.106949
v -3.614266 -0.050000 0.272543
v -3.738646 -0.050000 0.272543
v -3.729078 -0.050000 0.106949
v -3.815785 -0.050000 0.106949
v -3.515003 -0.050000 0.051752
v -3.503043 -0.050000 -0.158920
v -3.589750 -0.050000 -0.158920
v -3.601709 -0.050000 0.051752
v -3.714129 -0.050000 -0.158920
v -3.800835 -0.050000 -0.158920
v -3.812795 -0.050000 0.051752
v -3.726088 -0.050000 0.051752
v -4.526180 -0.050000 0.272543
v -4.538139 -0.050000 0.272543
v -4.513025 -0.050000 -0.163520
v -4.496879 -0.050000 -0.163520
v -4.410770 -0.050000 -0.163520
v -4.395223 -0.050000 -0.213198
v -4.529768 -0.050000 -0.213198
v -4.526778 -0.050000 -0.268396
v -3.989197 -0.050000 -0.268396
v -3.992785 -0.050000 -0.213198
v -4.285196 -0.050000 -0.213198
v -4.300743 -0.050000 -0.163520
v -4.119556 -0.050000 -0.163520
v -4.026870 -0.050000 -0.163520
v -4.014313 -0.050000 -0.163520
v -4.039427 -0.050000 0.272543
v -4.056171 -0.050000 0.272543
v -4.144671 -0.050000 0.272543
v -4.432896 -0.050000 0.272543
v -4.410770 -0.050000 -0.108322
v -4.429906 -0.050000 0.217345
v -4.397615 -0.050000 0.217345
v -4.379676 -0.050000 -0.108322
v -4.301939 -0.050000 0.217345
v -4.268453 -0.050000 0.217345
v -4.263669 -0.050000 0.127189
v -4.297156 -0.050000 0.127189
v -4.172776 -0.050000 0.217345
v -4.141682 -0.050000 0.217345
v -4.122546 -0.050000 -0.108322
v -4.154837 -0.050000 -0.108322
v -4.250513 -0.050000 -0.108322
v -4.283999 -0.050000 -0.108322
v -4.286990 -0.050000 -0.049444
v -4.253503 -0.050000 -0.049444
v -4.289979 -0.050000 0.005753
v -4.294166 -0.050000 0.071991
v -4.260679 -0.050000 0.071991
v -4.256493 -0.050000 0.005753
v -5.032068 -0.050000 0.187906
v -5.040440 -0.050000 0.187906
v -5.021304 -0.050000 -0.160760
v -5.012334 -0.050000 -0.160760
v -4.949547 -0.050000 -0.160760
v -4.928617 -0.050000 -0.160760
v -4.925628 -0.050000 -0.213198
v -5.142095 -0.050000 -0.213198
v -5.139106 -0.050000 -0.268396
v -4.602123 -0.050000 -0.268396
v -4.605113 -0.050000 -0.213198
v -4.829952 -0.050000 -0.213198
v -4.832942 -0.050000 -0.160760
v -4.808425 -0.050000 -0.160760
v -4.744442 -0.050000 -0.160760
v -4.736668 -0.050000 -0.160760
v -4.755803 -0.050000 0.187906
v -4.764175 -0.050000 0.187906
v -4.827560 -0.050000 0.187906
v -4.853273 -0.050000 0.187906
v -4.948949 -0.050000 0.187906
v -4.968682 -0.050000 0.187906
v -5.154055 -0.050000 0.272543
v -5.166015 -0.050000 0.272543
v -5.140899 -0.050000 -0.163520
v -5.040440 -0.050000 -0.163520
v -5.062564 -0.050000 0.217345
v -4.734873 -0.050000 0.217345
v -4.712749 -0.050000 -0.163520
v -4.612288 -0.050000 -0.163520
v -4.637404 -0.050000 0.272543
v -4.648168 -0.050000 0.272543
v -4.737864 -0.050000 0.272543
v -5.065555 -0.050000 0.272543
v -4.952537 -0.050000 -0.105562
v -4.957321 -0.050000 -0.023685
v -4.936392 -0.050000 -0.023685
v -4.931608 -0.050000 -0.105562
v -4.960311 -0.050000 0.031512
v -4.965692 -0.050000 0.132708
v -4.945960 -0.050000 0.132708
v -4.939980 -0.050000 0.031512
v -4.824570 -0.050000 0.132708
v -4.819188 -0.050000 0.031512
v -4.844304 -0.050000 0.031512
v -4.850283 -0.050000 0.132708
v -4.816198 -0.050000 -0.023685
v -4.811415 -0.050000 -0.105562
v -4.835932 -0.050000 -0.105562
v -4.840716 -0.050000 -0.023685
v -5.032068 -0.050000 0.187906
v -5.032068 0.050000 0.187906
v -5.040440 -0.050000 0.187906
v -5.040440 0.050000 0.187906
v -5.021304 -0.050000 -0.160760
v -5.021304 0.050000 -0.160760
v -5.012334 -0.050000 -0.160760
v -5.012334 0.050000 -0.160760
v -4.949547 -0.050000 -0.160760
v -4.949547 0.050000 -0.160760
v -4.928617 -0.050000 -0.160760
v -4.928617 0.050000 -0.160760
v -4.925628 -0.050000 -0.213198
v -4.925628 0.050000 -0.213198
v -5.142095 -0.050000 -0.213198
v -5.142095 0.050000 -0.213198
v -5.139106 -0.050000 -0.268396
v -5.139106 0.050000 -0.268396
v -4.602123 -0.050000 -0.268396
v -4.602123 0.050000 -0.268396
v -4.605113 -0.050000 -0.213198
v -4.605113 0.050000 -0.213198
v -4.829952 -0.050000 -0.213198
v -4.829952 0.050000 -0.213198
v -4.832942 -0.050000 -0.160760
v -4.832942 0.050000 -0.160760
v -4.808425 -0.050000 -0.160760
v -4.808425 0.050000 -0.160760
v -4.744442 -0.050000 -0.160760
v -4.744442 0.050000 -0.160760
v -4.736668 -0.050000 -0.160760
v -4.736668 0.050000 -0.160760
v -4.755803 -0.050000 0.187906
v -4.755803 0.050000 0.187906
v -4.764175 -0.050000 0.187906
v -4.764175 0.050000 0.187906
v -4.827560 -0.050000 0.187906
v -4.827560 0.050000 0.187906
v -4.853273 -0.050000 0.187906
v -4.853273 0.050000 0.187906
v -4.948949 -0.050000 0.187906
v -4.948949 0.050000 0.187906
v -4.968682 -0.050000 0.187906
v -4.968682 0.050000 0.187906
v -5.154055 -0.050000 0.272543
v -5.154055 0.050000 0.272543
v -5.166015 -0.050000 0.272543
v -5.166015 0.050000 0.272543
v -5.140899 -0.050000 -0.163520
v -5.140899 0.050000 -0.163520
v -5.040440 -0.050000 -0.163520
v -5.040440 0.050000 -0.163520
v -5.062564 -0.050000 0.217345
v -5.062564 0.050000 0.217345
v -4.734873 -0.050000 0.217345
v -4.734873 0.050000 0.217345
v -4.712749 -0.050000 -0.163520
v -4.712749 0.050000 -0.163520
v -4.612288 -0.050000 -0.163520
v -4.612288 0.050000 -0.163520
v -4.637404 -0.050000 0.272543
v -4.637404 0.050000 0.272543
v -4.648168 -0.050000 0.272543
v -4.648168 0.050000 0.272543
v -4.737864 -0.050000 0.272543
v -4.737864 0.050000 0.272543
v -5.065555 -0.050000 0.272543
v -5.065555 0.050000 0.272543
v -4.952537 -0.050000 -0.105562
v -4.952537 0.050000 -0.105562
v -4.957321 -0.050000 -0.023685
v -4.957321 0.050000 -0.023685
v -4.936392 -0.050000 -0.023685
v -4.936392 0.050000 -0.023685
v -4.931608 -0.050000 -0.105562
v -4.931608 0.050000 -0.105562
v -4.960311 -0.050000 0.031512
v -4.960311 0.050000 0.031512
v -4.965692 -0.050000 0.132708
v -4.965692 0.050000 0.132708
v -4.945960 -0.050000 0.132708
v -4.945960 0.050000 0.132708
v -4.939980 -0.050000 0.031512
v -4.939980 0.050000 0.031512
v -4.824570 -0.050000 0.132708
v -4.824570 0.050000 0.132708
v -4.819188 -0.050000 0.031512
v -4.819188 0.050000 0.031512
v -4.844304 -0.050000 0.031512
v -4.844304 0.050000 0.031512
v -4.850283 -0.050000 0.132708
v -4.850283 0.050000 0.132708
v -4.816198 -0.050000 -0.023685
v -4.816198 0.050000 -0.023685
v -4.811415 -0.050000 -0.105562
v -4.811415 0.050000 -0.105562
v -4.835932 -0.050000 -0.105562
v -4.835932 0.050000 -0.105562
v -4.840716 -0.050000 -0.023685
v -4.840716 0.050000 -0.023685
v -4.526180 -0.050000 0.272543
v -4.526180 0.050000 0.272543
v -4.538139 -0.050000 0.272543
v -4.538139 0.050000 0.272543
v -4.513025 -0.050000 -0.163520
v -4.513025 0.050000 -0.163520
v -4.496879 -0.050000 -0.163520
v -4.496879 0.050000 -0.163520
v -4.410770 -0.050000 -0.163520
v -4.410770 0.050000 -0.163520
v -4.395223 -0.050000 -0.213198
v -4.395223 0.050000 -0.213198
v -4.529768 -0.050000 -0.213198
v -4.529768 0.050000 -0.213198
v -4.526778 -0.050000 -0.268396
v -4.526778 0.050000 -0.268396
v -3.989197 -0.050000 -0.268396
v -3.989197 0.050000 -0.268396
v -3.992785 -0.050000 -0.213198
v -3.992785 0.050000 -0.213198
v -4.285196 -0.050000 -0.213198
v -4.285196 0.050000 -0.213198
v -4.300743 -0.050000 -0.163520
v -4.300743 0.050000 -0.163520
v -4.119556 -0.050000 -0.163520
v -4.119556 0.050000 -0.163520
v -4.026870 -0.050000 -0.163520
v -4.026870 0.050000 -0.163520
v -4.014313 -0.050000 -0.163520
v -4.014313 0.050000 -0.163520
v -4.039427 -0.050000 0.272543
v -4.039427 0.050000 0.272543
v -4.056171 -0.050000 0.272543
v -4.056171 0.050000 0.272543
v -4.144671 -0.050000 0.272543
v -4.144671 0.050000 0.272543
v -4.432896 -0.050000 0.272543
v -4.432896 0.050000 0.272543
v -4.410770 -0.050000 -0.108322
v -4.410770 0.050000 -0.108322
v -4.429906 -0.050000 0.217345
v -4.429906 0.050000 0.217345
v -4.397615 -0.050000 0.217345
v -4.397615 0.050000 0.217345
v -4.379676 -0.050000 -0.108322
v -4.379676 0.050000 -0.108322
v -4.301939 -0.050000 0.217345
v -4.301939 0.050000 0.217345
v -4.268453 -0.050000 0.217345
v -4.268453 0.050000 0.217345
v -4.263669 -0.050000 0.127189
v -4.263669 0.050000 0.127189
v -4.297156 -0.050000 0.127189
v -4.297156 0.050000 0.127189
v -4.172776 -0.050000 0.217345
v -4.172776 0.050000 0.217345
v -4.141682 -0.050000 0.217345
v -4.141682 0.050000 0.217345
v -4.122546 -0.050000 -0.108322
v -4.122546 0.050000 -0.108322
v -4.154837 -0.050000 -0.108322
v -4.154837 0.050000 -0.108322
v -4.250513 -0.050000 -0.108322
v -4.250513 0.050000 -0.108322
v -4.283999 -0.050000 -0.108322
v -4.283999 0.050000 -0.108322
v -4.286990 -0.050000 -0.049444
v -4.286990 0.050000 -0.049444
v -4.253503 -0.050000 -0.049444
v -4.253503 0.050000 -0.049444
v -4.289979 -0.050000 0.005753
v -4.289979 0.050000 0.005753
v -4.294166 -0.050000 0.071991
v -4.294166 0.050000 0.071991
v -4.260679 -0.050000 0.071991
v -4.260679 0.050000 0.071991
v -4.256493 -0.050000 0.005753
v -4.256493 0.050000 0.005753
v -3.866613 -0.050000 0.106949
v -3.866613 0.050000 0.106949
v -3.930596 -0.050000 0.106949
v -3.930596 0.050000 0.106949
v -3.912657 -0.050000 -0.214118
v -3.912657 0.050000 -0.214118
v -3.849271 -0.050000 -0.214118
v -3.849271 0.050000 -0.214118
v -3.797845 -0.050000 -0.214118
v -3.797845 0.050000 -0.214118
v -3.710541 -0.050000 -0.214118
v -3.710541 0.050000 -0.214118
v -3.706953 -0.050000 -0.279435
v -3.706953 0.050000 -0.279435
v -3.582574 -0.050000 -0.279435
v -3.582574 0.050000 -0.279435
v -3.586162 -0.050000 -0.214118
v -3.586162 0.050000 -0.214118
v -3.500053 -0.050000 -0.214118
v -3.500053 0.050000 -0.214118
v -3.394809 -0.050000 -0.214118
v -3.394809 0.050000 -0.214118
v -3.385242 -0.050000 -0.214118
v -3.385242 0.050000 -0.214118
v -3.403181 -0.050000 0.106949
v -3.403181 0.050000 0.106949
v -3.412151 -0.050000 0.106949
v -3.412151 0.050000 0.106949
v -3.517992 -0.050000 0.106949
v -3.517992 0.050000 0.106949
v -3.604699 -0.050000 0.106949
v -3.604699 0.050000 0.106949
v -3.614266 -0.050000 0.272543
v -3.614266 0.050000 0.272543
v -3.738646 -0.050000 0.272543
v -3.738646 0.050000 0.272543
v -3.729078 -0.050000 0.106949
v -3.729078 0.050000 0.106949
v -3.815785 -0.050000 0.106949
v -3.815785 0.050000 0.106949
v -3.515003 -0.050000 0.051752
v -3.515003 0.050000 0.051752
v -3.503043 -0.050000 -0.158920
v -3.503043 0.050000 -0.158920
v -3.589750 -0.050000 -0.158920
v -3.589750 0.050000 -0.158920
v -3.601709 -0.050000 0.051752
v -3.601709 0.050000 0.051752
v -3.714129 -0.050000 -0.158920
v -3.714129 0.050000 -0.158920
v -3.800835 -0.050000 -0.158920
v -3.800835 0.050000 -0.158920
v -3.812795 -0.050000 0.051752
v -3.812795 0.050000 0.051752
v -3.726088 -0.050000 0.051752
v -3.726088 0.050000 0.051752
v -3.135288 -0.050000 0.033352
v -3.135288 0.050000 0.033352
v -3.318866 -0.050000 0.033352
v -3.318866 0.050000 0.033352
v -3.315877 -0.050000 -0.021845
v -3.315877 0.050000 -0.021845
v -3.296741 -0.050000 -0.021845
v -3.296741 0.050000 -0.021845
v -3.284184 -0.050000 -0.235277
v -3.284184 0.050000 -0.235277
v -3.265049 -0.050000 -0.235277
v -3.265049 0.050000 -0.235277
v -3.178940 -0.050000 -0.235277
v -3.178940 0.050000 -0.235277
v -3.097018 -0.050000 -0.235277
v -3.097018 0.050000 -0.235277
v -3.094625 -0.050000 -0.279435
v -3.094625 0.050000 -0.279435
v -2.970247 -0.050000 -0.279435
v -2.970247 0.050000 -0.279435
v -2.972638 -0.050000 -0.235277
v -2.972638 0.050000 -0.235277
v -2.891314 -0.050000 -0.235277
v -2.891314 0.050000 -0.235277
v -2.805206 -0.050000 -0.235277
v -2.805206 0.050000 -0.235277
v -2.786070 -0.050000 -0.235277
v -2.786070 0.050000 -0.235277
v -2.798628 -0.050000 -0.021845
v -2.798628 0.050000 -0.021845
v -2.779492 -0.050000 -0.021845
v -2.779492 0.050000 -0.021845
v -2.782482 -0.050000 0.033352
v -2.782482 0.050000 0.033352
v -2.965463 -0.050000 0.033352
v -2.965463 0.050000 0.033352
v -2.795040 -0.050000 0.272543
v -2.795040 0.050000 0.272543
v -2.928986 -0.050000 0.272543
v -2.928986 0.050000 0.272543
v -3.053963 -0.050000 0.096830
v -3.053963 0.050000 0.096830
v -3.199271 -0.050000 0.272543
v -3.199271 0.050000 0.272543
v -3.333218 -0.050000 0.272543
v -3.333218 0.050000 0.272543
v -3.191498 -0.050000 -0.021845
v -3.191498 0.050000 -0.021845
v -3.109574 -0.050000 -0.021845
v -3.109574 0.050000 -0.021845
v -3.100007 -0.050000 -0.180079
v -3.100007 0.050000 -0.180079
v -3.181930 -0.050000 -0.180079
v -3.181930 0.050000 -0.180079
v -2.985196 -0.050000 -0.021845
v -2.985196 0.050000 -0.021845
v -2.903871 -0.050000 -0.021845
v -2.903871 0.050000 -0.021845
v -2.894304 -0.050000 -0.180079
v -2.894304 0.050000 -0.180079
v -2.975628 -0.050000 -0.180079
v -2.975628 0.050000 -0.180079
v -2.419510 -0.050000 0.272543
v -2.419510 0.050000 0.272543
v -2.695178 -0.050000 0.272543
v -2.695178 0.050000 0.272543
v -2.664083 -0.050000 -0.242637
v -2.664083 0.050000 -0.242637
v -2.176134 -0.050000 -0.242637
v -2.176134 0.050000 -0.242637
v -2.206631 -0.050000 0.272543
v -2.206631 0.050000 0.272543
v -2.323834 -0.050000 0.272543
v -2.323834 0.050000 0.272543
v -2.297524 -0.050000 -0.188359
v -2.297524 0.050000 -0.188359
v -2.365693 -0.050000 -0.188359
v -2.365693 0.050000 -0.188359
v -2.529538 -0.050000 0.218265
v -2.529538 0.050000 0.218265
v -2.482298 -0.050000 -0.188359
v -2.482298 0.050000 -0.188359
v -2.550467 -0.050000 -0.188359
v -2.550467 0.050000 -0.188359
v -2.574984 -0.050000 0.218265
v -2.574984 0.050000 0.218265
v -1.842464 -0.050000 -0.187439
v -1.842464 0.050000 -0.187439
v -1.853825 -0.050000 -0.187439
v -1.853825 0.050000 -0.187439
v -1.850835 -0.050000 -0.242637
v -1.850835 0.050000 -0.242637
v -1.723467 -0.050000 -0.242637
v -1.723467 0.050000 -0.242637
v -1.721074 -0.050000 -0.279435
v -1.721074 0.050000 -0.279435
v -1.625398 -0.050000 -0.279435
v -1.625398 0.050000 -0.279435
v -1.627790 -0.050000 -0.242637
v -1.627790 0.050000 -0.242637
v -1.549456 -0.050000 -0.242637
v -1.549456 0.050000 -0.242637
v -1.552446 -0.050000 -0.187439
v -1.552446 0.050000 -0.187439
v -1.756355 -0.050000 -0.187439
v -1.756355 0.050000 -0.187439
v -1.800007 -0.050000 0.272543
v -1.800007 0.050000 0.272543
v -1.886116 -0.050000 0.272543
v -1.886116 0.050000 0.272543
v -1.644534 -0.050000 0.248624
v -1.644534 0.050000 0.248624
v -1.787450 -0.050000 0.272543
v -1.787450 0.050000 0.272543
v -1.784460 -0.050000 0.217345
v -1.784460 0.050000 0.217345
v -1.773099 -0.050000 0.215505
v -1.773099 0.050000 0.215505
v -1.737220 -0.050000 -0.154320
v -1.737220 0.050000 -0.154320
v -1.646328 -0.050000 -0.154320
v -1.646328 0.050000 -0.154320
v -1.681010 -0.050000 0.199866
v -1.681010 0.050000 0.199866
v -1.645132 -0.050000 0.194346
v -1.645132 0.050000 0.194346
v -1.648720 -0.050000 0.011273
v -1.648720 0.050000 0.011273
v -1.576962 -0.050000 0.011273
v -1.576962 0.050000 0.011273
v -1.572178 -0.050000 0.272543
v -1.572178 0.050000 0.272543
v -1.643936 -0.050000 0.272543
v -1.643936 0.050000 0.272543
v -1.967441 -0.050000 -0.198478
v -1.967441 0.050000 -0.198478
v -2.082850 -0.050000 -0.165360
v -2.082850 0.050000 -0.165360
v -2.078066 -0.050000 -0.246316
v -2.078066 0.050000 -0.246316
v -1.962657 -0.050000 -0.279435
v -1.962657 0.050000 -0.279435
v -1.862197 -0.050000 -0.261036
v -1.862197 0.050000 -0.261036
v -1.866981 -0.050000 -0.180079
v -1.866981 0.050000 -0.180079
v -2.017073 -0.050000 -0.099122
v -2.017073 0.050000 -0.099122
v -2.073282 -0.050000 -0.099122
v -2.073282 0.050000 -0.099122
v -2.070293 -0.050000 -0.154320
v -2.070293 0.050000 -0.154320
v -1.871765 -0.050000 -0.154320
v -1.871765 0.050000 -0.154320
v -1.874755 -0.050000 -0.099122
v -1.874755 0.050000 -0.099122
v -1.930964 -0.050000 -0.099122
v -1.930964 0.050000 -0.099122
v -1.933356 -0.050000 -0.051284
v -1.933356 0.050000 -0.051284
v -1.874157 -0.050000 -0.051284
v -1.874157 0.050000 -0.051284
v -1.877147 -0.050000 0.003913
v -1.877147 0.050000 0.003913
v -1.936346 -0.050000 0.003913
v -1.936346 0.050000 0.003913
v -1.947109 -0.050000 0.208145
v -1.947109 0.050000 0.208145
v -1.892694 -0.050000 0.206305
v -1.892694 0.050000 0.206305
v -1.895684 -0.050000 0.261503
v -1.895684 0.050000 0.261503
v -2.106171 -0.050000 0.268863
v -2.106171 0.050000 0.268863
v -2.103181 -0.050000 0.213665
v -2.103181 0.050000 0.213665
v -2.033218 -0.050000 0.210905
v -2.033218 0.050000 0.210905
v -2.022455 -0.050000 0.003913
v -2.022455 0.050000 0.003913
v -2.092417 -0.050000 0.003913
v -2.092417 0.050000 0.003913
v -2.089428 -0.050000 -0.051284
v -2.089428 0.050000 -0.051284
v -2.019465 -0.050000 -0.051284
v -2.019465 0.050000 -0.051284
v -2.038600 -0.050000 0.187906
v -2.038600 0.050000 0.187906
v -2.086438 -0.050000 0.187906
v -2.086438 0.050000 0.187906
v -2.086438 -0.050000 0.025993
v -2.086438 0.050000 0.025993
v -2.038600 -0.050000 0.025993
v -2.038600 0.050000 0.025993
v -1.897478 -0.050000 0.187906
v -1.897478 0.050000 0.187906
v -1.935748 -0.050000 0.187906
v -1.935748 0.050000 0.187906
v -1.923789 -0.050000 0.025993
v -1.923789 0.050000 0.025993
v -1.885518 -0.050000 0.025993
v -1.885518 0.050000 0.025993
v -1.348536 -0.050000 -0.216878
v -1.348536 0.050000 -0.216878
v -1.463945 -0.050000 -0.216878
v -1.463945 0.050000 -0.216878
v -1.460955 -0.050000 -0.272075
v -1.460955 0.050000 -0.272075
v -1.324019 -0.050000 -0.272075
v -1.324019 0.050000 -0.272075
v -1.199639 -0.050000 -0.272075
v -1.199639 0.050000 -0.272075
v -0.931746 -0.050000 -0.272075
v -0.931746 0.050000 -0.272075
v -0.934736 -0.050000 -0.216878
v -0.934736 0.050000 -0.216878
v -1.224157 -0.050000 -0.216878
v -1.224157 0.050000 -0.216878
v -1.294717 -0.050000 -0.058644
v -1.294717 0.050000 -0.058644
v -1.255251 -0.050000 -0.058644
v -1.255251 0.050000 -0.058644
v -1.066888 -0.050000 -0.058644
v -1.066888 0.050000 -0.058644
v -1.004699 -0.050000 -0.058644
v -1.004699 0.050000 -0.058644
v -0.952078 -0.050000 -0.058644
v -0.952078 0.050000 -0.058644
v -0.970614 -0.050000 0.272543
v -0.970614 0.050000 0.272543
v -1.022638 -0.050000 0.272543
v -1.022638 0.050000 0.272543
v -1.085426 -0.050000 0.272543
v -1.085426 0.050000 0.272543
v -1.274387 -0.050000 0.272543
v -1.274387 0.050000 0.272543
v -1.331792 -0.050000 0.272543
v -1.331792 0.050000 0.272543
v -1.389198 -0.050000 0.272543
v -1.389198 0.050000 0.272543
v -1.377238 -0.050000 0.066471
v -1.377238 0.050000 0.066471
v -1.474708 -0.050000 0.066471
v -1.474708 0.050000 0.066471
v -1.258241 -0.050000 -0.003446
v -1.258241 0.050000 -0.003446
v -1.271397 -0.050000 0.217345
v -1.271397 0.050000 0.217345
v -1.082437 -0.050000 0.217345
v -1.082437 0.050000 0.217345
v -1.069878 -0.050000 -0.003446
v -1.069878 0.050000 -0.003446
v -0.727238 -0.050000 -0.175479
v -0.727238 0.050000 -0.175479
v -0.824110 -0.050000 -0.175479
v -0.824110 0.050000 -0.175479
v -0.821121 -0.050000 -0.229757
v -0.821121 0.050000 -0.229757
v -0.688968 -0.050000 -0.229757
v -0.688968 0.050000 -0.229757
v -0.662059 -0.050000 -0.268396
v -0.662059 0.050000 -0.268396
v -0.540670 -0.050000 -0.268396
v -0.540670 0.050000 -0.268396
v -0.567579 -0.050000 -0.229757
v -0.567579 0.050000 -0.229757
v -0.357091 -0.050000 -0.229757
v -0.357091 0.050000 -0.229757
v -0.360081 -0.050000 -0.175479
v -0.360081 0.050000 -0.175479
v -0.605251 -0.050000 -0.175479
v -0.605251 0.050000 -0.175479
v -0.672225 -0.050000 -0.079803
v -0.672225 0.050000 -0.079803
v -0.482068 -0.050000 -0.079803
v -0.482068 0.050000 -0.079803
v -0.486852 -0.050000 -0.002526
v -0.486852 0.050000 -0.002526
v -0.343936 -0.050000 -0.011726
v -0.343936 0.050000 -0.011726
v -0.346926 -0.050000 0.042552
v -0.346926 0.050000 0.042552
v -0.489842 -0.050000 0.051752
v -0.489842 0.050000 0.051752
v -0.495224 -0.050000 0.137308
v -0.495224 0.050000 0.137308
v -0.617211 -0.050000 0.137308
v -0.617211 0.050000 0.137308
v -0.612427 -0.050000 0.059111
v -0.612427 0.050000 0.059111
v -0.684184 -0.050000 0.063711
v -0.684184 0.050000 0.063711
v -0.692555 -0.050000 0.218265
v -0.692555 0.050000 0.218265
v -0.384000 -0.050000 0.218265
v -0.384000 0.050000 0.218265
v -0.386990 -0.050000 0.272543
v -0.386990 0.050000 0.272543
v -0.817533 -0.050000 0.272543
v -0.817533 0.050000 0.272543
v -0.803780 -0.050000 0.017713
v -0.803780 0.050000 0.017713
v -0.608839 -0.050000 0.004833
v -0.608839 0.050000 0.004833
v -0.607045 -0.050000 -0.025525
v -0.607045 0.050000 -0.025525
v -0.831884 -0.050000 -0.025525
v -0.831884 0.050000 -0.025525
v 0.225935 -0.050000 0.272543
v 0.225935 0.050000 0.272543
v 0.091989 -0.050000 0.272543
v 0.091989 0.050000 0.272543
v 0.142817 -0.050000 -0.205838
v 0.142817 0.050000 -0.205838
v -0.087404 -0.050000 -0.205838
v -0.087404 0.050000 -0.205838
v -0.111323 -0.050000 -0.003446
v -0.111323 0.050000 -0.003446
v -0.245270 -0.050000 -0.003446
v -0.245270 0.050000 -0.003446
v -0.214773 -0.050000 -0.261036
v -0.214773 0.050000 -0.261036
v 0.282743 -0.050000 -0.261036
v 0.282743 0.050000 -0.261036
v 0.831087 -0.050000 0.272543
v 0.831087 0.050000 0.272543
v 0.697141 -0.050000 0.272543
v 0.697141 0.050000 0.272543
v 0.750959 -0.050000 -0.224237
v 0.750959 0.050000 -0.224237
v 0.687573 -0.050000 -0.224237
v 0.687573 0.050000 -0.224237
v 0.690563 -0.050000 -0.279435
v 0.690563 0.050000 -0.279435
v 0.890885 -0.050000 -0.279435
v 0.890885 0.050000 -0.279435
v 0.514757 -0.050000 0.066471
v 0.514757 0.050000 0.066471
v 0.380811 -0.050000 0.066471
v 0.380811 0.050000 0.066471
v 0.400544 -0.050000 -0.279435
v 0.400544 0.050000 -0.279435
v 0.534491 -0.050000 -0.279435
v 0.534491 0.050000 -0.279435
v 1.115126 -0.050000 0.066471
v 1.115126 0.050000 0.066471
v 1.005696 -0.050000 0.066471
v 1.005696 0.050000 0.066471
v 1.006892 -0.050000 -0.143281
v 1.006892 0.050000 -0.143281
v 1.116920 -0.050000 -0.143281
v 1.116920 0.050000 -0.143281
v 1.409927 -0.050000 0.272543
v 1.409927 0.050000 0.272543
v 1.280765 -0.050000 0.272543
v 1.280765 0.050000 0.272543
v 1.371059 -0.050000 -0.143281
v 1.371059 0.050000 -0.143281
v 1.500222 -0.050000 -0.143281
v 1.500222 0.050000 -0.143281
v 1.277775 -0.050000 0.066471
v 1.277775 0.050000 0.066471
v 1.168345 -0.050000 0.066471
v 1.168345 0.050000 0.066471
v 1.169542 -0.050000 -0.143281
v 1.169542 0.050000 -0.143281
v 1.279569 -0.050000 -0.143281
v 1.279569 0.050000 -0.143281
v 2.062918 -0.050000 0.272543
v 2.062918 0.050000 0.272543
v 1.928971 -0.050000 0.272543
v 1.928971 0.050000 0.272543
v 1.979799 -0.050000 -0.205838
v 1.979799 0.050000 -0.205838
v 1.749578 -0.050000 -0.205838
v 1.749578 0.050000 -0.205838
v 1.725659 -0.050000 -0.003446
v 1.725659 0.050000 -0.003446
v 1.591713 -0.050000 -0.003446
v 1.591713 0.050000 -0.003446
v 1.622210 -0.050000 -0.261036
v 1.622210 0.050000 -0.261036
v 2.119726 -0.050000 -0.261036
v 2.119726 0.050000 -0.261036
v 2.668069 -0.050000 0.272543
v 2.668069 0.050000 0.272543
v 2.234537 -0.050000 0.272543
v 2.234537 0.050000 0.272543
v 2.265033 -0.050000 -0.268396
v 2.265033 0.050000 -0.268396
v 2.396588 -0.050000 -0.268396
v 2.396588 0.050000 -0.268396
v 2.369081 -0.050000 0.218265
v 2.369081 0.050000 0.218265
v 2.671059 -0.050000 0.218265
v 2.671059 0.050000 0.218265
v 3.109974 -0.050000 -0.178239
v 3.109974 0.050000 -0.178239
v 2.826533 -0.050000 -0.178239
v 2.826533 0.050000 -0.178239
v 2.829524 -0.050000 -0.231597
v 2.829524 0.050000 -0.231597
v 3.347370 -0.050000 -0.231597
v 3.347370 0.050000 -0.231597
v 3.344381 -0.050000 -0.178239
v 3.344381 0.050000 -0.178239
v 3.264850 -0.050000 -0.178239
v 3.264850 0.050000 -0.178239
v 3.016690 -0.050000 0.199866
v 3.016690 0.050000 0.199866
v 3.293553 -0.050000 0.219185
v 3.293553 0.050000 0.219185
v 3.290563 -0.050000 0.272543
v 3.290563 0.050000 0.272543
v 2.863607 -0.050000 0.244024
v 2.863607 0.050000 0.244024
v 2.866597 -0.050000 0.189746
v 2.866597 0.050000 0.189746
v 3.689412 -0.050000 0.272543
v 3.689412 0.050000 0.272543
v 3.422117 -0.050000 0.272543
v 3.422117 0.050000 0.272543
v 3.439459 -0.050000 -0.034725
v 3.439459 0.050000 -0.034725
v 3.585963 -0.050000 -0.034725
v 3.585963 0.050000 -0.034725
v 3.595530 -0.050000 -0.196638
v 3.595530 0.050000 -0.196638
v 3.449624 -0.050000 -0.196638
v 3.449624 0.050000 -0.196638
v 3.452615 -0.050000 -0.250916
v 3.452615 0.050000 -0.250916
v 3.720507 -0.050000 -0.250916
v 3.720507 0.050000 -0.250916
v 3.707950 -0.050000 -0.034725
v 3.707950 0.050000 -0.034725
v 3.785089 -0.050000 -0.034725
v 3.785089 0.050000 -0.034725
v 3.795254 -0.050000 -0.179159
v 3.795254 0.050000 -0.179159
v 3.917242 -0.050000 -0.179159
v 3.917242 0.050000 -0.179159
v 3.907077 -0.050000 -0.034725
v 3.907077 0.050000 -0.034725
v 3.943552 -0.050000 -0.034725
v 3.943552 0.050000 -0.034725
v 3.940562 -0.050000 0.019553
v 3.940562 0.050000 0.019553
v 3.903488 -0.050000 0.019553
v 3.903488 0.050000 0.019553
v 3.886147 -0.050000 0.272543
v 3.886147 0.050000 0.272543
v 3.764160 -0.050000 0.272543
v 3.764160 0.050000 0.272543
v 3.781501 -0.050000 0.019553
v 3.781501 0.050000 0.019553
v 3.704362 -0.050000 0.019553
v 3.704362 0.050000 0.019553
v 3.525568 -0.050000 0.218265
v 3.525568 0.050000 0.218265
v 3.570415 -0.050000 0.218265
v 3.570415 0.050000 0.218265
v 3.582375 -0.050000 0.019553
v 3.582375 0.050000 0.019553
v 3.537527 -0.050000 0.019553
v 3.537527 0.050000 0.019553
v 4.369311 -0.050000 0.272543
v 4.369311 0.050000 0.272543
v 4.039229 -0.050000 0.272543
v 4.039229 0.050000 0.272543
v 4.050591 -0.050000 0.067391
v 4.050591 0.050000 0.067391
v 4.254500 -0.050000 0.067391
v 4.254500 0.050000 0.067391
v 4.273635 -0.050000 -0.268396
v 4.273635 0.050000 -0.268396
v 4.399808 -0.050000 -0.268396
v 4.399808 0.050000 -0.268396
v 4.395024 -0.050000 -0.186519
v 4.395024 0.050000 -0.186519
v 4.545714 -0.050000 -0.186519
v 4.545714 0.050000 -0.186519
v 4.542725 -0.050000 -0.132241
v 4.542725 0.050000 -0.132241
v 4.392035 -0.050000 -0.132241
v 4.392035 0.050000 -0.132241
v 4.380673 -0.050000 0.067391
v 4.380673 0.050000 0.067391
v 4.545116 -0.050000 0.067391
v 4.545116 0.050000 0.067391
v 4.542126 -0.050000 0.120749
v 4.542126 0.050000 0.120749
v 4.377683 -0.050000 0.120749
v 4.377683 0.050000 0.120749
v 4.159421 -0.050000 0.218265
v 4.159421 0.050000 0.218265
v 4.246129 -0.050000 0.218265
v 4.246129 0.050000 0.218265
v 4.251510 -0.050000 0.120749
v 4.251510 0.050000 0.120749
v 4.164804 -0.050000 0.120749
v 4.164804 0.050000 0.120749
v 5.120967 -0.050000 -0.200318
v 5.120967 0.050000 -0.200318
v 4.725705 -0.050000 -0.214118
v 4.725705 0.050000 -0.214118
v 4.728695 -0.050000 -0.268396
v 4.728695 0.050000 -0.268396
v 5.123957 -0.050000 -0.253676
v 5.123957 0.050000 -0.253676
v 5.028880 -0.050000 -0.041165
v 5.028880 0.050000 -0.041165
v 4.665310 -0.050000 -0.041165
v 4.665310 0.050000 -0.041165
v 4.667701 -0.050000 -0.095443
v 4.667701 0.050000 -0.095443
v 5.163424 -0.050000 -0.095443
v 5.163424 0.050000 -0.095443
v 5.141298 -0.050000 0.272543
v 5.141298 0.050000 0.272543
v 4.702384 -0.050000 0.272543
v 4.702384 0.050000 0.272543
v 4.705374 -0.050000 0.218265
v 4.705374 0.050000 0.218265
v 5.013332 -0.050000 0.218265
v 5.013332 0.050000 0.218265
vn -0.0000 1.0000 -0.0000
vn -0.0000 -1.0000 -0.0000
vn -0.8585 -0.0000 0.5129
vn -0.0000 -0.0000 1.0000
vn -0.8165 -0.0000 -0.5774
vn -0.0000 -0.0000 -1.0000
vn -0.8156 -0.0000 -0.5786
vn -0.8592 -0.0000 0.5117
vn -0.8156 -0.0000 -0.5787
vn -0.8582 -0.0000 0.5133
vn -0.8592 -0.0000 0.5116
vn -0.8168 -0.0000 -0.5770
vn 0.8582 -0.0000 -0.5133
vn 0.8168 -0.0000 0.5770
vn 0.8156 -0.0000 0.5786
vn 0.8592 -0.0000 -0.5116
vn 0.8156 -0.0000 0.5787
vn 0.8585 -0.0000 -0.5129
vn 0.8165 -0.0000 0.5774
vn -0.8594 -0.0000 0.5113
vn -0.8153 -0.0000 -0.5790
vn 0.8596 -0.0000 -0.5110
vn -0.8151 -0.0000 -0.5793
vn 0.8594 -0.0000 -0.5113
vn 0.8153 -0.0000 0.5790
vn 0.8597 -0.0000 -0.5108
vn 0.8150 -0.0000 0.5795
vn -0.8150 -0.0000 -0.5795
vn -0.8597 -0.0000 0.5108
vn 0.8579 -0.0000 -0.5138
vn 0.8172 -0.0000 0.5764
vn -0.8147 -0.0000 -0.5799
vn -0.8599 -0.0000 0.5104
vn -0.8579 -0.0000 0.5138
vn -0.8172 -0.0000 -0.5764
vn 0.8147 -0.0000 0.5799
vn 0.8599 -0.0000 -0.5104
vn -0.6950 -0.0000 -0.7190
vn -0.9257 -0.0000 0.3781
vn -0.6951 -0.0000 -0.7190
vn -0.9258 -0.0000 0.3781
vn 0.8619 -0.0000 -0.5070
vn 0.8122 -0.0000 0.5834
vn 0.6951 -0.0000 0.7189
vn 0.9257 -0.0000 -0.3781
vn 0.6951 -0.0000 0.7190
vn 0.9258 -0.0000 -0.3781
vn 0.8598 -0.0000 -0.5107
vn 0.8148 -0.0000 0.5797
vn 0.8149 -0.0000 0.5797
vn -0.8164 -0.0000 -0.5775
vn 0.8598 -0.0000 -0.5106
vn -0.8585 -0.0000 0.5128
vn -0.8585 -0.0000 0.5127
vn -0.8172 -0.0000 -0.5763
vn 0.8578 -0.0000 -0.5139
vn -0.8578 -0.0000 0.5139
vn 0.8172 -0.0000 0.5763
vn -0.8149 -0.0000 -0.5797
vn 0.8585 -0.0000 -0.5127
vn 0.8585 -0.0000 -0.5128
vn -0.8598 -0.0000 0.5107
vn -0.8148 -0.0000 -0.5797
vn 0.8164 -0.0000 0.5775
vn -0.8598 -0.0000 0.5106
vn 0.8182 -0.0000 0.5750
vn -0.8570 -0.0000 0.5152
vn -0.8570 -0.0000 0.5153
vn 0.8570 -0.0000 -0.5153
vn -0.8182 -0.0000 -0.5750
vn 0.8570 -0.0000 -0.5152
vn 0.8613 -0.0000 -0.5081
vn 0.8130 -0.0000 0.5823
vn -0.8130 -0.0000 -0.5823
vn -0.8613 -0.0000 0.5081
vn -0.8588 -0.0000 0.5123
vn -0.8160 -0.0000 -0.5780
vn -0.8164 -0.0000 -0.5774
vn 0.8588 -0.0000 -0.5123
vn 0.8160 -0.0000 0.5780
vn 0.8152 -0.0000 0.5791
vn 0.8153 -0.0000 0.5791
vn -0.8595 -0.0000 0.5112
vn -0.8591 -0.0000 0.5118
vn -0.8157 -0.0000 -0.5785
vn 0.8157 -0.0000 0.5785
vn 0.8591 -0.0000 -0.5118
vn -0.9757 -0.0000 0.2192
vn -0.9757 -0.0000 0.2193
vn -0.8167 -0.0000 -0.5770
vn 0.9697 -0.0000 0.2443
vn 0.9697 -0.0000 0.2444
vn -0.5127 -0.0000 0.8586
vn -0.0570 -0.0000 0.9984
vn -0.5126 -0.0000 0.8586
vn 0.4698 -0.0000 0.8828
vn -0.0571 -0.0000 0.9984
vn 0.4699 -0.0000 0.8827
vn -0.8141 -0.0000 -0.5807
vn 0.8604 -0.0000 -0.5097
vn 0.8604 -0.0000 -0.5096
vn -0.8604 -0.0000 0.5096
vn 0.8141 -0.0000 0.5807
vn -0.8604 -0.0000 0.5097
vn 0.7896 -0.0000 0.6136
vn 0.7896 -0.0000 0.6137
vn -0.8142 -0.0000 -0.5806
vn -0.8603 -0.0000 0.5097
vn 0.8600 -0.0000 -0.5104
vn 0.8147 -0.0000 0.5800
vn -0.8784 -0.0000 0.4780
vn -0.7898 -0.0000 -0.6133
vn 0.8142 -0.0000 0.5806
vn 0.8603 -0.0000 -0.5098
vn -0.8718 -0.0000 0.4899
vn -0.8122 -0.0000 -0.5834
vn 0.7993 -0.0000 0.6009
vn -0.8321 -0.0000 0.5546
vn -0.7988 -0.0000 0.6016
vn -0.8438 -0.0000 -0.5367
vn -0.8321 -0.0000 0.5547
vn -0.8274 -0.0000 -0.5616
vn -0.7984 -0.0000 -0.6022
vn 0.8727 -0.0000 -0.4882
vn 0.8505 -0.0000 -0.5260
vn -0.8685 -0.0000 -0.4956
vn 0.8505 -0.0000 -0.5259
vn -0.8458 -0.0000 -0.5335
vn 0.8313 -0.0000 -0.5558
vn 0.8453 -0.0000 0.5342
vn -0.8286 -0.0000 0.5598
vn -0.8287 -0.0000 0.5598
vn -0.8139 -0.0000 0.5811
vn 0.0507 -0.0000 0.9987
vn -0.8606 -0.0000 -0.5093
vn -0.8139 -0.0000 0.5810
vn -0.0507 -0.0000 -0.9987
vn 0.8848 -0.0000 -0.4659
vn 0.7800 -0.0000 0.6258
vn 0.8849 -0.0000 -0.4659
vn 0.7799 -0.0000 0.6259
vn -0.8568 -0.0000 0.5157
vn 0.8185 -0.0000 0.5745
vn 0.8167 -0.0000 0.5770
vn 0.8568 -0.0000 -0.5157
vn 0.8174 -0.0000 0.5761
vn 0.8526 -0.0000 -0.5225
vn 0.8532 -0.0000 -0.5217
vn 0.8229 -0.0000 0.5682
vn 0.8532 -0.0000 -0.5216
vn -0.8530 -0.0000 0.5219
vn -0.8237 -0.0000 -0.5671
vn -0.8245 -0.0000 -0.5658
vn -0.8236 -0.0000 -0.5671
vn -0.8575 -0.0000 0.5146
vn -0.8574 -0.0000 0.5146
vn -0.8185 -0.0000 -0.5745
vn -0.8384 -0.0000 0.5450
vn 0.8384 -0.0000 0.5450
vn -0.8384 -0.0000 -0.5450
vn 0.8384 -0.0000 -0.5450
vn -0.8649 -0.0000 0.5019
vn 0.8084 -0.0000 0.5886
vn -0.8084 -0.0000 -0.5886
vn 0.8649 -0.0000 -0.5019
vn -0.9460 -0.0000 0.3241
vn 0.6295 -0.0000 0.7770
vn 0.9461 -0.0000 -0.3239
vn 0.8160 -0.0000 0.5781
vn -0.8595 -0.0000 0.5111
vn -0.8596 -0.0000 0.5111
vn 0.8601 -0.0000 -0.5102
vn 0.8145 -0.0000 0.5802
vn 0.8601 -0.0000 -0.5101
vn -0.8591 -0.0000 0.5117
vn -0.9688 -0.0000 0.2479
vn -0.5185 -0.0000 -0.8551
vn 0.9687 -0.0000 -0.2482
vn 0.9687 -0.0000 -0.2481
vn 0.5171 -0.0000 0.8559
vn 0.9689 -0.0000 -0.2473
vn 0.8609 -0.0000 -0.5088
vn 0.8513 -0.0000 -0.5247
vn 0.8488 -0.0000 -0.5286
vn 0.8275 -0.0000 0.5614
vn 0.8488 -0.0000 -0.5287
vn 0.8244 -0.0000 0.5660
vn 0.8276 -0.0000 0.5614
vn 0.8131 -0.0000 0.5821
vn -0.8606 -0.0000 0.5092
vn -0.8511 -0.0000 0.5250
vn 0.8279 -0.0000 0.5609
vn -0.8511 -0.0000 0.5251
vn -0.8582 -0.0000 0.5134
vn -0.8283 -0.0000 -0.5603
vn -0.8581 -0.0000 0.5134
vn -0.8262 -0.0000 -0.5633
vn -0.8599 -0.0000 0.5105
vn -0.9688 -0.0000 0.2478
vn -0.8753 -0.0000 0.4835
vn 0.7942 -0.0000 0.6076
vn 0.7942 -0.0000 0.6077
vn 0.7890 -0.0000 0.6144
vn 0.7889 -0.0000 0.6145
vn -0.8791 -0.0000 0.4767
vn -0.7888 -0.0000 -0.6146
vn -0.8790 -0.0000 0.4767
vn 0.8754 -0.0000 -0.4834
vn -0.7889 -0.0000 -0.6146
vn -0.8760 -0.0000 0.4823
vn 0.7934 -0.0000 0.6087
vn 0.7934 -0.0000 0.6088
vn -0.8760 -0.0000 0.4824
vn 0.8760 -0.0000 -0.4823
vn 0.8760 -0.0000 -0.4824
vn 0.8155 -0.0000 0.5787
vn -0.8155 -0.0000 -0.5787
vn -0.8406 -0.0000 0.5416
vn 0.8351 -0.0000 0.5500
vn -0.8362 -0.0000 -0.5484
vn 0.8417 -0.0000 -0.5399
vn -0.8363 -0.0000 -0.5483
vn 0.8417 -0.0000 -0.5400
vn -0.9057 -0.0000 0.4240
vn 0.7424 -0.0000 0.6700
vn -0.7424 -0.0000 -0.6700
vn 0.9057 -0.0000 -0.4240
vn -0.8362 -0.0000 -0.5483
vn -0.8590 -0.0000 0.5120
vn -0.8158 -0.0000 -0.5783
vn 0.8590 -0.0000 -0.5119
vn -0.8589 -0.0000 0.5122
vn -0.9664 -0.0000 0.2570
vn -0.8160 -0.0000 -0.5781
vn 0.8589 -0.0000 -0.5122
vn 0.5348 -0.0000 0.8450
vn 0.9701 -0.0000 -0.2429
vn 0.8689 -0.0000 -0.4951
vn 0.9701 -0.0000 -0.2428
vn 0.8038 -0.0000 0.5949
vn -0.8681 -0.0000 0.4963
vn -0.9564 -0.0000 -0.2921
vn -0.8681 -0.0000 0.4964
vn -0.8586 -0.0000 0.5127
vn -0.8099 -0.0000 -0.5865
vn 0.8638 -0.0000 -0.5039
vn 0.8107 -0.0000 0.5854
vn 0.8107 -0.0000 0.5855
vn -0.8631 -0.0000 0.5050
vn -0.8142 -0.0000 -0.5805
vn -0.8603 -0.0000 0.5098
vn 0.8142 -0.0000 0.5805
vn -0.8586 -0.0000 0.5126
vn 0.8164 -0.0000 0.5776
vn -0.8162 -0.0000 -0.5777
vn -0.8163 -0.0000 -0.5777
vn 0.8592 -0.0000 -0.5117
vn -0.8163 -0.0000 -0.5776
vn 0.8586 -0.0000 -0.5127
vn -0.8164 -0.0000 -0.5776
vn 0.8163 -0.0000 0.5776
vn -0.8636 -0.0000 0.5042
vn 0.8097 -0.0000 0.5868
vn 0.8097 -0.0000 0.5869
vn -0.8097 -0.0000 -0.5869
vn 0.8643 -0.0000 -0.5030
vn 0.8643 -0.0000 -0.5031
vn -0.8547 -0.0000 0.5192
vn -0.8602 -0.0000 0.5099
vn -0.8602 -0.0000 0.5100
vn -0.8209 -0.0000 -0.5710
vn 0.8143 -0.0000 0.5805
vn 0.8603 -0.0000 -0.5099
vn -0.8144 -0.0000 -0.5804
vn -0.8143 -0.0000 -0.5804
vt 0.545455 0.000000
vt 0.454545 0.000000
vt 0.363636 0.000000
vt 1.000000 0.000000
vt 0.727273 0.000000
vt 0.636364 0.000000
vt 0.000000 0.000000
vt 0.272727 0.000000
vt 0.181818 0.000000
vt 0.818182 0.000000
vt 0.909091 0.000000
vt 0.090909 0.000000
vt 0.117647 0.000000
vt 0.058824 0.000000
vt 0.823529 0.000000
vt 0.882353 0.000000
vt 0.941176 0.000000
vt 0.176471 0.000000
vt 0.588235 0.000000
vt 0.764706 0.000000
vt 0.705882 0.000000
vt 0.647059 0.000000
vt 0.352941 0.000000
vt 0.529412 0.000000
vt 0.470588 0.000000
vt 0.411765 0.000000
vt 0.235294 0.000000
vt 0.294118 0.000000
vt 0.086957 0.000000
vt 0.043478 0.000000
vt 0.869565 0.000000
vt 0.130435 0.000000
vt 0.826087 0.000000
vt 0.913043 0.000000
vt 0.956522 0.000000
vt 0.260870 0.000000
vt 0.217391 0.000000
vt 0.173913 0.000000
vt 0.782609 0.000000
vt 0.391304 0.000000
vt 0.347826 0.000000
vt 0.521739 0.000000
vt 0.652174 0.000000
vt 0.608696 0.000000
vt 0.565217 0.000000
vt 0.739130 0.000000
vt 0.695652 0.000000
vt 0.434783 0.000000
vt 0.478261 0.000000
vt 0.304348 0.000000
vt 0.900000 0.000000
vt 0.600000 0.000000
vt 0.500000 0.000000
vt 0.400000 0.000000
vt 0.300000 0.000000
vt 0.800000 0.000000
vt 0.700000 0.000000
vt 0.200000 0.000000
vt 0.100000 0.000000
vt 0.857143 0.000000
vt 0.714286 0.000000
vt 0.571429 0.000000
vt 0.428571 0.000000
vt 0.285714 0.000000
vt 0.142857 0.000000
vt 0.888889 0.000000
vt 0.777778 0.000000
vt 0.666667 0.000000
vt 0.222222 0.000000
vt 0.555556 0.000000
vt 0.111111 0.000000
vt 0.444444 0.000000
vt 0.333333 0.000000
vt 0.851852 0.000000
vt 0.740741 0.000000
vt 0.074074 0.000000
vt 0.037037 0.000000
vt 0.925926 0.000000
vt 0.703704 0.000000
vt 0.370370 0.000000
vt 0.296296 0.000000
vt 0.259259 0.000000
vt 0.518519 0.000000
vt 0.481481 0.000000
vt 0.962963 0.000000
vt 0.407407 0.000000
vt 0.814815 0.000000
vt 0.629630 0.000000
vt 0.592593 0.000000
vt 0.148148 0.000000
vt 0.185185 0.000000
vt 0.791667 0.000000
vt 0.833333 0.000000
vt 0.083333 0.000000
vt 0.041667 0.000000
vt 0.916667 0.000000
vt 0.708333 0.000000
vt 0.750000 0.000000
vt 0.875000 0.000000
vt 0.125000 0.000000
vt 0.541667 0.000000
vt 0.458333 0.000000
vt 0.250000 0.000000
vt 0.208333 0.000000
vt 0.166667 0.000000
vt 0.958333 0.000000
vt 0.625000 0.000000
vt 0.583333 0.000000
vt 0.416667 0.000000
vt 0.375000 0.000000
vt 0.291667 0.000000
vt 0.771930 0.000000
vt 0.754386 0.000000
vt 0.789474 0.000000
vt 0.912281 0.000000
vt 0.894737 0.000000
vt 0.877193 0.000000
vt 0.929825 0.000000
vt 0.842105 0.000000
vt 0.824561 0.000000
vt 0.807018 0.000000
vt 0.982456 0.000000
vt 0.947368 0.000000
vt 0.736842 0.000000
vt 0.719298 0.000000
vt 0.701754 0.000000
vt 0.964912 0.000000
vt 0.859649 0.000000
vt 0.684211 0.000000
vt 0.631579 0.000000
vt 0.526316 0.000000
vt 0.614035 0.000000
vt 0.561404 0.000000
vt 0.543860 0.000000
vt 0.456140 0.000000
vt 0.438596 0.000000
vt 0.421053 0.000000
vt 0.473684 0.000000
vt 0.245614 0.000000
vt 0.228070 0.000000
vt 0.263158 0.000000
vt 0.035088 0.000000
vt 0.157895 0.000000
vt 0.017544 0.000000
vt 0.315789 0.000000
vt 0.280702 0.000000
vt 0.210526 0.000000
vt 0.403509 0.000000
vt 0.385965 0.000000
vt 0.140351 0.000000
vt 0.122807 0.000000
vt 0.105263 0.000000
vt 0.368421 0.000000
vt 0.350877 0.000000
vt 0.052632 0.000000
vt 0.070175 0.000000
vt 0.087719 0.000000
vt 0.175439 0.000000
vt 0.649123 0.000000
vt 0.596491 0.000000
vt 0.578947 0.000000
vt 0.508772 0.000000
vt 0.491228 0.000000
vt 0.192982 0.000000
vt 0.298246 0.000000
vt 0.133333 0.000000
vt 0.733333 0.000000
vt 0.066667 0.000000
vt 0.033333 0.000000
vt 0.766667 0.000000
vt 0.866667 0.000000
vt 0.233333 0.000000
vt 0.633333 0.000000
vt 0.566667 0.000000
vt 0.933333 0.000000
vt 0.466667 0.000000
vt 0.966667 0.000000
vt 0.366667 0.000000
vt 0.533333 0.000000
vt 0.433333 0.000000
vt 0.266667 0.000000
vt 0.078947 0.000000
vt 0.026316 0.000000
vt 0.131579 0.000000
vt 0.552632 0.000000
vt 0.605263 0.000000
vt 0.921053 0.000000
vt 0.868421 0.000000
vt 0.289474 0.000000
vt 0.184211 0.000000
vt 0.815789 0.000000
vt 0.657895 0.000000
vt 0.710526 0.000000
vt 0.973684 0.000000
vt 0.447368 0.000000
vt 0.763158 0.000000
vt 0.342105 0.000000
vt 0.394737 0.000000
vt 0.236842 0.000000
vt 0.469388 0.000000
vt 0.448980 0.000000
vt 0.489796 0.000000
vt 0.530612 0.000000
vt 0.673469 0.000000
vt 0.653061 0.000000
vt 0.510204 0.000000
vt 0.795918 0.000000
vt 0.408163 0.000000
vt 0.816327 0.000000
vt 0.775510 0.000000
vt 0.836735 0.000000
vt 0.734694 0.000000
vt 0.081633 0.000000
vt 0.693878 0.000000
vt 0.755102 0.000000
vt 0.102041 0.000000
vt 0.020408 0.000000
vt 0.040816 0.000000
vt 0.061224 0.000000
vt 0.163265 0.000000
vt 0.122449 0.000000
vt 0.918367 0.000000
vt 0.387755 0.000000
vt 0.367347 0.000000
vt 0.897959 0.000000
vt 0.877551 0.000000
vt 0.938776 0.000000
vt 0.244898 0.000000
vt 0.979592 0.000000
vt 0.959184 0.000000
vt 0.551020 0.000000
vt 0.632653 0.000000
vt 0.612245 0.000000
vt 0.591837 0.000000
vt 0.204082 0.000000
vt 0.183673 0.000000
vt 0.224490 0.000000
vt 0.346939 0.000000
vt 0.326531 0.000000
vt 0.306122 0.000000
vt 0.265306 0.000000
vt 0.045455 1.000000
vt 0.000000 1.000000
vt 0.090909 1.000000
vt 0.045455 0.000000
vt 0.136364 1.000000
vt 0.181818 1.000000
vt 0.136364 0.000000
vt 0.227273 1.000000
vt 0.272727 1.000000
vt 0.227273 0.000000
vt 0.318182 1.000000
vt 0.363636 1.000000
vt 0.318182 0.000000
vt 0.409091 1.000000
vt 0.454545 1.000000
vt 0.409091 0.000000
vt 0.500000 1.000000
vt 0.545455 1.000000
vt 0.590909 1.000000
vt 0.636364 1.000000
vt 0.590909 0.000000
vt 0.681818 1.000000
vt 0.727273 1.000000
vt 0.681818 0.000000
vt 0.772727 1.000000
vt 0.818182 1.000000
vt 0.772727 0.000000
vt 0.863636 1.000000
vt 0.909091 1.000000
vt 0.863636 0.000000
vt 0.954545 1.000000
vt 1.000000 1.000000
vt 0.954545 0.000000
vt 0.083333 1.000000
vt 0.166667 1.000000
vt 0.250000 1.000000
vt 0.333333 1.000000
vt 0.416667 1.000000
vt 0.583333 1.000000
vt 0.666667 1.000000
vt 0.750000 1.000000
vt 0.833333 1.000000
vt 0.916667 1.000000
vt 0.052632 1.000000
vt 0.105263 1.000000
vt 0.157895 1.000000
vt 0.210526 1.000000
vt 0.263158 1.000000
vt 0.315789 1.000000
vt 0.368421 1.000000
vt 0.421053 1.000000
vt 0.473684 1.000000
vt 0.526316 1.000000
vt 0.578947 1.000000
vt 0.631579 1.000000
vt 0.684211 1.000000
vt 0.736842 1.000000
vt 0.789474 1.000000
vt 0.842105 1.000000
vt 0.894737 1.000000
vt 0.947368 1.000000
vt 0.050000 1.000000
vt 0.100000 1.000000
vt 0.050000 0.000000
vt 0.150000 1.000000
vt 0.200000 1.000000
vt 0.150000 0.000000
vt 0.300000 1.000000
vt 0.350000 1.000000
vt 0.400000 1.000000
vt 0.350000 0.000000
vt 0.450000 1.000000
vt 0.450000 0.000000
vt 0.550000 1.000000
vt 0.600000 1.000000
vt 0.550000 0.000000
vt 0.650000 1.000000
vt 0.700000 1.000000
vt 0.650000 0.000000
vt 0.800000 1.000000
vt 0.850000 1.000000
vt 0.900000 1.000000
vt 0.850000 0.000000
vt 0.950000 1.000000
vt 0.950000 0.000000
vt 0.043478 1.000000
vt 0.086957 1.000000
vt 0.130435 1.000000
vt 0.173913 1.000000
vt 0.217391 1.000000
vt 0.260870 1.000000
vt 0.304348 1.000000
vt 0.347826 1.000000
vt 0.391304 1.000000
vt 0.434783 1.000000
vt 0.478261 1.000000
vt 0.521739 1.000000
vt 0.565217 1.000000
vt 0.608696 1.000000
vt 0.652174 1.000000
vt 0.695652 1.000000
vt 0.739130 1.000000
vt 0.782609 1.000000
vt 0.826087 1.000000
vt 0.869565 1.000000
vt 0.913043 1.000000
vt 0.956522 1.000000
vt 0.125000 1.000000
vt 0.375000 1.000000
vt 0.625000 1.000000
vt 0.875000 1.000000
vt 0.047619 1.000000
vt 0.095238 1.000000
vt 0.047619 0.000000
vt 0.142857 1.000000
vt 0.095238 0.000000
vt 0.190476 1.000000
vt 0.238095 1.000000
vt 0.190476 0.000000
vt 0.285714 1.000000
vt 0.238095 0.000000
vt 0.380952 1.000000
vt 0.428571 1.000000
vt 0.380952 0.000000
vt 0.476190 1.000000
vt 0.523810 1.000000
vt 0.476190 0.000000
vt 0.571429 1.000000
vt 0.523810 0.000000
vt 0.619048 1.000000
vt 0.619048 0.000000
vt 0.714286 1.000000
vt 0.761905 1.000000
vt 0.809524 1.000000
vt 0.761905 0.000000
vt 0.857143 1.000000
vt 0.809524 0.000000
vt 0.904762 1.000000
vt 0.952381 1.000000
vt 0.904762 0.000000
vt 0.952381 0.000000
vt 0.035714 1.000000
vt 0.071429 1.000000
vt 0.035714 0.000000
vt 0.107143 1.000000
vt 0.071429 0.000000
vt 0.107143 0.000000
vt 0.178571 1.000000
vt 0.214286 1.000000
vt 0.178571 0.000000
vt 0.214286 0.000000
vt 0.321429 1.000000
vt 0.357143 1.000000
vt 0.321429 0.000000
vt 0.392857 1.000000
vt 0.357143 0.000000
vt 0.392857 0.000000
vt 0.464286 1.000000
vt 0.464286 0.000000
vt 0.535714 1.000000
vt 0.535714 0.000000
vt 0.607143 1.000000
vt 0.642857 1.000000
vt 0.607143 0.000000
vt 0.678571 1.000000
vt 0.642857 0.000000
vt 0.678571 0.000000
vt 0.785714 1.000000
vt 0.821429 1.000000
vt 0.785714 0.000000
vt 0.821429 0.000000
vt 0.892857 1.000000
vt 0.928571 1.000000
vt 0.892857 0.000000
vt 0.964286 1.000000
vt 0.928571 0.000000
vt 0.964286 0.000000
s 1
usemtl Material.012
f 7/1/1 6/2/1 5/3/1
f 5/3/1 12/4/1 9/5/1
f 9/5/1 8/6/1 5/3/1
f 1/7/1 4/8/1 3/9/1
f 9/5/1 12/4/1 10/10/1
f 11/11/1 10/10/1 12/4/1
f 3/9/1 2/12/1 1/7/1
f 5/3/1 8/6/1 7/1/1
f 15/13/1 14/14/1 27/15/1
f 27/15/1 30/4/1 15/13/1
f 13/7/1 28/16/1 14/14/1
f 27/15/1 14/14/1 28/16/1
f 29/17/1 16/18/1 30/4/1
f 15/13/1 30/4/1 16/18/1
f 23/19/1 26/20/1 25/21/1
f 25/21/1 24/22/1 23/19/1
f 19/23/1 22/24/1 21/25/1
f 21/25/1 20/26/1 19/23/1
f 28/16/1 13/7/1 26/20/1
f 29/17/1 28/16/1 26/20/1
f 16/18/1 29/17/1 26/20/1
f 26/20/1 23/19/1 16/18/1
f 23/19/1 22/24/1 16/18/1
f 17/27/1 16/18/1 22/24/1
f 22/24/1 19/23/1 17/27/1
f 19/23/1 18/28/1 17/27/1
f 33/29/1 32/30/1 51/31/1
f 51/31/1 54/4/1 33/29/1
f 33/29/1 54/4/1 34/32/1
f 31/7/1 50/33/1 52/34/1
f 53/35/1 52/34/1 50/33/1
f 34/32/1 53/35/1 50/33/1
f 31/7/1 52/34/1 32/30/1
f 51/31/1 32/30/1 52/34/1
f 53/35/1 34/32/1 54/4/1
f 37/36/1 36/37/1 35/38/1
f 49/39/1 40/40/1 39/41/1
f 43/42/1 46/43/1 45/44/1
f 45/44/1 44/45/1 43/42/1
f 49/39/1 48/46/1 47/47/1
f 47/47/1 46/43/1 49/39/1
f 40/40/1 49/39/1 46/43/1
f 46/43/1 43/42/1 40/40/1
f 41/48/1 40/40/1 43/42/1
f 43/42/1 42/49/1 41/48/1
f 49/39/1 39/41/1 50/33/1
f 34/32/1 50/33/1 39/41/1
f 35/38/1 34/32/1 39/41/1
f 39/41/1 38/50/1 35/38/1
f 37/36/1 35/38/1 38/50/1
f 65/4/1 64/51/1 61/52/1
f 65/4/1 61/52/1 55/7/1
f 60/53/1 55/7/1 61/52/1
f 59/54/1 58/55/1 60/53/1
f 55/7/1 60/53/1 58/55/1
f 61/52/1 64/51/1 63/56/1
f 63/56/1 62/57/1 61/52/1
f 57/58/1 56/59/1 55/7/1
f 55/7/1 58/55/1 57/58/1
f 68/54/1 67/58/1 70/56/1
f 70/56/1 67/58/1 66/7/1
f 66/7/1 71/4/1 70/56/1
f 68/54/1 70/56/1 69/52/1
f 78/60/1 77/61/1 76/62/1
f 76/62/1 75/63/1 78/60/1
f 74/64/1 73/65/1 72/7/1
f 72/7/1 79/4/1 74/64/1
f 78/60/1 75/63/1 74/64/1
f 74/64/1 79/4/1 78/60/1
f 82/9/1 81/12/1 80/7/1
f 82/9/1 80/7/1 83/8/1
f 86/1/1 84/3/1 87/6/1
f 84/3/1 86/1/1 85/2/1
f 90/11/1 89/10/1 88/5/1
f 88/5/1 91/4/1 90/11/1
f 100/66/1 99/67/1 98/68/1
f 98/68/1 101/4/1 100/66/1
f 94/69/1 92/7/1 97/70/1
f 92/7/1 94/69/1 93/71/1
f 94/69/1 97/70/1 96/72/1
f 94/69/1 96/72/1 95/73/1
f 108/60/1 107/61/1 106/62/1
f 106/62/1 105/63/1 108/60/1
f 104/64/1 103/65/1 102/7/1
f 102/7/1 109/4/1 104/64/1
f 108/60/1 105/63/1 104/64/1
f 104/64/1 109/4/1 108/60/1
f 134/66/1 133/74/1 130/75/1
f 112/76/1 111/77/1 110/7/1
f 128/68/1 135/78/1 129/79/1
f 134/66/1 130/75/1 129/79/1
f 129/79/1 135/78/1 134/66/1
f 120/80/1 113/71/1 110/7/1
f 112/76/1 110/7/1 113/71/1
f 118/81/1 117/82/1 116/69/1
f 122/72/1 125/70/1 124/83/1
f 124/83/1 123/84/1 122/72/1
f 136/85/1 122/72/1 121/86/1
f 130/75/1 133/74/1 132/87/1
f 132/87/1 131/67/1 130/75/1
f 128/68/1 127/88/1 126/89/1
f 126/89/1 125/70/1 128/68/1
f 135/78/1 128/68/1 125/70/1
f 125/70/1 122/72/1 135/78/1
f 122/72/1 136/85/1 135/78/1
f 110/7/1 137/4/1 120/80/1
f 136/85/1 121/86/1 120/80/1
f 113/71/1 120/80/1 119/73/1
f 114/90/1 113/71/1 119/73/1
f 119/73/1 116/69/1 114/90/1
f 116/69/1 115/91/1 114/90/1
f 116/69/1 119/73/1 118/81/1
f 136/85/1 120/80/1 137/4/1
f 157/92/1 138/7/1 158/93/1
f 140/94/1 139/95/1 138/7/1
f 154/68/1 160/96/1 155/97/1
f 157/92/1 156/98/1 155/97/1
f 155/97/1 160/96/1 157/92/1
f 160/96/1 159/99/1 157/92/1
f 159/99/1 146/73/1 157/92/1
f 138/7/1 157/92/1 146/73/1
f 140/94/1 138/7/1 141/100/1
f 151/101/1 150/53/1 149/102/1
f 144/103/1 143/104/1 142/105/1
f 161/106/1 153/107/1 152/108/1
f 162/4/1 161/106/1 152/108/1
f 152/108/1 151/101/1 162/4/1
f 151/101/1 149/102/1 162/4/1
f 149/102/1 148/109/1 162/4/1
f 147/110/1 162/4/1 148/109/1
f 160/96/1 154/68/1 153/107/1
f 153/107/1 161/106/1 160/96/1
f 162/4/1 147/110/1 159/99/1
f 146/73/1 159/99/1 147/110/1
f 138/7/1 146/73/1 145/111/1
f 141/100/1 138/7/1 145/111/1
f 145/111/1 142/105/1 141/100/1
f 142/105/1 145/111/1 144/103/1
f 207/112/1 206/113/1 208/114/1
f 215/115/1 214/116/1 213/117/1
f 213/117/1 216/118/1 215/115/1
f 211/119/1 210/120/1 209/121/1
f 219/122/1 217/123/1 220/4/1
f 205/124/1 204/125/1 203/126/1
f 217/123/1 219/122/1 218/127/1
f 212/128/1 202/129/1 199/130/1
f 193/131/1 212/128/1 199/130/1
f 199/130/1 198/132/1 193/131/1
f 208/114/1 206/113/1 205/124/1
f 205/124/1 203/126/1 208/114/1
f 208/114/1 203/126/1 209/121/1
f 202/129/1 212/128/1 209/121/1
f 211/119/1 209/121/1 212/128/1
f 195/133/1 194/134/1 193/131/1
f 193/131/1 198/132/1 195/133/1
f 189/135/1 188/136/1 187/137/1
f 187/137/1 190/138/1 189/135/1
f 177/139/1 176/140/1 178/141/1
f 165/142/1 163/7/1 172/143/1
f 163/7/1 165/142/1 164/144/1
f 178/141/1 181/145/1 179/146/1
f 175/147/1 186/148/1 185/149/1
f 171/150/1 170/151/1 169/152/1
f 175/147/1 181/145/1 176/140/1
f 182/73/1 181/145/1 175/147/1
f 175/147/1 185/149/1 182/73/1
f 185/149/1 184/153/1 182/73/1
f 183/154/1 182/73/1 184/153/1
f 169/152/1 166/155/1 172/143/1
f 167/156/1 166/155/1 169/152/1
f 169/152/1 168/157/1 167/156/1
f 178/141/1 176/140/1 181/145/1
f 165/142/1 172/143/1 166/155/1
f 172/143/1 163/7/1 173/158/1
f 199/130/1 202/129/1 201/68/1
f 201/68/1 200/159/1 199/130/1
f 197/160/1 196/161/1 198/132/1
f 192/162/1 191/163/1 187/137/1
f 190/138/1 187/137/1 191/163/1
f 171/150/1 169/152/1 172/143/1
f 174/164/1 173/158/1 163/7/1
f 180/165/1 179/146/1 181/145/1
f 198/132/1 196/161/1 195/133/1
f 202/129/1 209/121/1 203/126/1
f 223/9/1 222/12/1 232/4/1
f 223/9/1 232/4/1 231/11/1
f 231/11/1 230/10/1 223/9/1
f 227/1/1 225/3/1 224/8/1
f 225/3/1 227/1/1 226/2/1
f 227/1/1 224/8/1 228/6/1
f 232/4/1 222/12/1 221/7/1
f 229/5/1 232/4/1 221/7/1
f 230/10/1 229/5/1 221/7/1
f 221/7/1 228/6/1 230/10/1
f 223/9/1 230/10/1 228/6/1
f 228/6/1 224/8/1 223/9/1
f 237/166/1 236/59/1 238/105/1
f 255/167/1 254/57/1 233/7/1
f 235/168/1 234/169/1 236/59/1
f 256/170/1 233/7/1 257/56/1
f 239/58/1 259/171/1 258/93/1
f 258/93/1 240/172/1 239/58/1
f 233/7/1 256/170/1 234/169/1
f 236/59/1 234/169/1 256/170/1
f 256/170/1 259/171/1 236/59/1
f 238/105/1 236/59/1 259/171/1
f 259/171/1 239/58/1 238/105/1
f 252/173/1 250/174/1 253/68/1
f 260/51/1 253/68/1 250/174/1
f 250/174/1 261/175/1 260/51/1
f 247/176/1 245/54/1 262/177/1
f 244/178/1 262/177/1 245/54/1
f 249/179/1 248/53/1 247/176/1
f 245/54/1 247/176/1 246/180/1
f 261/175/1 250/174/1 249/179/1
f 249/179/1 247/176/1 261/175/1
f 247/176/1 262/177/1 261/175/1
f 243/73/1 263/4/1 262/177/1
f 262/177/1 244/178/1 243/73/1
f 233/7/1 254/57/1 253/68/1
f 257/56/1 233/7/1 253/68/1
f 253/68/1 260/51/1 257/56/1
f 258/93/1 257/56/1 260/51/1
f 260/51/1 263/4/1 258/93/1
f 240/172/1 258/93/1 263/4/1
f 263/4/1 243/73/1 240/172/1
f 241/181/1 240/172/1 243/73/1
f 243/73/1 242/55/1 241/181/1
f 250/174/1 252/173/1 251/52/1
f 266/76/1 265/77/1 264/7/1
f 283/79/1 290/85/1 264/7/1
f 266/76/1 264/7/1 290/85/1
f 290/85/1 289/78/1 266/76/1
f 289/78/1 267/71/1 266/76/1
f 288/66/1 269/91/1 268/90/1
f 290/85/1 283/79/1 282/68/1
f 282/68/1 291/4/1 290/85/1
f 288/66/1 268/90/1 289/78/1
f 267/71/1 289/78/1 268/90/1
f 287/74/1 279/70/1 278/83/1
f 275/86/1 274/80/1 276/72/1
f 277/84/1 276/72/1 274/80/1
f 285/67/1 284/75/1 277/84/1
f 277/84/1 274/80/1 285/67/1
f 273/73/1 285/67/1 274/80/1
f 277/84/1 284/75/1 278/83/1
f 287/74/1 278/83/1 284/75/1
f 272/81/1 286/87/1 285/67/1
f 285/67/1 273/73/1 272/81/1
f 282/68/1 281/88/1 280/89/1
f 280/89/1 279/70/1 282/68/1
f 291/4/1 282/68/1 279/70/1
f 279/70/1 287/74/1 291/4/1
f 288/66/1 291/4/1 287/74/1
f 287/74/1 286/87/1 288/66/1
f 269/91/1 288/66/1 286/87/1
f 286/87/1 272/81/1 269/91/1
f 270/69/1 269/91/1 272/81/1
f 272/81/1 271/82/1 270/69/1
f 295/182/1 294/155/1 312/131/1
f 312/131/1 311/53/1 295/182/1
f 310/138/1 312/131/1 292/7/1
f 312/131/1 294/155/1 292/7/1
f 293/183/1 292/7/1 294/155/1
f 314/161/1 297/184/1 296/152/1
f 313/185/1 315/186/1 318/129/1
f 318/129/1 328/123/1 313/185/1
f 328/123/1 327/187/1 314/161/1
f 327/187/1 325/188/1 314/161/1
f 297/184/1 314/161/1 303/189/1
f 315/186/1 313/185/1 310/138/1
f 312/131/1 310/138/1 313/185/1
f 313/185/1 328/123/1 314/161/1
f 314/161/1 296/152/1 311/53/1
f 295/182/1 311/53/1 296/152/1
f 299/190/1 298/143/1 297/184/1
f 326/116/1 330/4/1 322/114/1
f 322/114/1 323/191/1 326/116/1
f 317/192/1 316/130/1 319/193/1
f 329/194/1 317/192/1 319/193/1
f 322/114/1 330/4/1 329/194/1
f 320/124/1 309/195/1 308/137/1
f 308/137/1 321/196/1 320/124/1
f 305/197/1 307/198/1 306/153/1
f 301/199/1 300/147/1 302/141/1
f 321/196/1 308/137/1 307/198/1
f 307/198/1 305/197/1 321/196/1
f 304/145/1 321/196/1 305/197/1
f 319/193/1 316/130/1 309/195/1
f 309/195/1 320/124/1 319/193/1
f 329/194/1 319/193/1 322/114/1
f 321/196/1 304/145/1 322/114/1
f 315/186/1 310/138/1 309/195/1
f 309/195/1 316/130/1 315/186/1
f 328/123/1 318/129/1 317/192/1
f 317/192/1 329/194/1 328/123/1
f 325/188/1 327/187/1 330/4/1
f 330/4/1 326/116/1 325/188/1
f 314/161/1 325/188/1 324/119/1
f 303/189/1 314/161/1 324/119/1
f 324/119/1 323/191/1 303/189/1
f 323/191/1 322/114/1 304/145/1
f 297/184/1 303/189/1 302/141/1
f 299/190/1 297/184/1 302/141/1
f 302/141/1 300/147/1 299/190/1
f 303/189/1 323/191/1 304/145/1
f 354/200/1 353/201/1 355/202/1
f 357/203/1 364/204/1 363/205/1
f 353/201/1 364/204/1 357/203/1
f 355/202/1 353/201/1 357/203/1
f 355/202/1 357/203/1 356/206/1
f 370/207/1 352/63/1 351/208/1
f 351/208/1 371/209/1 370/207/1
f 366/61/1 369/210/1 372/211/1
f 372/211/1 367/212/1 366/61/1
f 335/213/1 365/214/1 368/215/1
f 368/215/1 336/216/1 335/213/1
f 352/63/1 370/207/1 331/7/1
f 370/207/1 369/210/1 331/7/1
f 332/217/1 331/7/1 369/210/1
f 369/210/1 366/61/1 333/218/1
f 334/219/1 333/218/1 366/61/1
f 366/61/1 365/214/1 334/219/1
f 365/214/1 335/213/1 334/219/1
f 339/220/1 338/65/1 337/221/1
f 376/222/1 350/223/1 349/224/1
f 349/224/1 373/60/1 376/222/1
f 380/4/1 375/225/1 374/226/1
f 374/226/1 377/227/1 380/4/1
f 343/228/1 379/229/1 378/230/1
f 358/231/1 362/232/1 361/233/1
f 361/233/1 360/234/1 358/231/1
f 341/235/1 340/236/1 342/237/1
f 362/232/1 358/231/1 363/205/1
f 358/231/1 360/234/1 359/62/1
f 373/60/1 349/224/1 348/238/1
f 374/226/1 373/60/1 348/238/1
f 348/238/1 347/239/1 374/226/1
f 377/227/1 374/226/1 346/240/1
f 346/240/1 345/64/1 377/227/1
f 378/230/1 377/227/1 345/64/1
f 345/64/1 344/241/1 378/230/1
f 343/228/1 378/230/1 344/241/1
f 371/209/1 351/208/1 350/223/1
f 350/223/1 376/222/1 371/209/1
f 372/211/1 371/209/1 376/222/1
f 376/222/1 375/225/1 372/211/1
f 367/212/1 372/211/1 375/225/1
f 375/225/1 380/4/1 367/212/1
f 368/215/1 367/212/1 380/4/1
f 380/4/1 379/229/1 368/215/1
f 336/216/1 368/215/1 379/229/1
f 379/229/1 343/228/1 336/216/1
f 337/221/1 336/216/1 343/228/1
f 343/228/1 342/237/1 337/221/1
f 339/220/1 337/221/1 342/237/1
f 342/237/1 340/236/1 339/220/1
f 332/217/1 369/210/1 333/218/1
f 374/226/1 347/239/1 346/240/1
f 363/205/1 358/231/1 357/203/1
f 387/1/2 385/3/2 386/2/2
f 385/3/2 389/5/2 392/4/2
f 389/5/2 385/3/2 388/6/2
f 381/7/2 383/9/2 384/8/2
f 389/5/2 390/10/2 392/4/2
f 391/11/2 392/4/2 390/10/2
f 383/9/2 381/7/2 382/12/2
f 385/3/2 387/1/2 388/6/2
f 395/13/2 407/15/2 394/14/2
f 407/15/2 395/13/2 410/4/2
f 393/7/2 394/14/2 408/16/2
f 407/15/2 408/16/2 394/14/2
f 409/17/2 410/4/2 396/18/2
f 395/13/2 396/18/2 410/4/2
f 403/19/2 405/21/2 406/20/2
f 405/21/2 403/19/2 404/22/2
f 399/23/2 401/25/2 402/24/2
f 401/25/2 399/23/2 400/26/2
f 408/16/2 406/20/2 393/7/2
f 409/17/2 406/20/2 408/16/2
f 396/18/2 406/20/2 409/17/2
f 406/20/2 396/18/2 403/19/2
f 403/19/2 396/18/2 402/24/2
f 397/27/2 402/24/2 396/18/2
f 402/24/2 397/27/2 399/23/2
f 399/23/2 397/27/2 398/28/2
f 413/29/2 431/31/2 412/30/2
f 431/31/2 413/29/2 434/4/2
f 413/29/2 414/32/2 434/4/2
f 411/7/2 432/34/2 430/33/2
f 433/35/2 430/33/2 432/34/2
f 414/32/2 430/33/2 433/35/2
f 411/7/2 412/30/2 432/34/2
f 431/31/2 432/34/2 412/30/2
f 433/35/2 434/4/2 414/32/2
f 417/36/2 415/38/2 416/37/2
f 429/39/2 419/41/2 420/40/2
f 423/42/2 425/44/2 426/43/2
f 425/44/2 423/42/2 424/45/2
f 429/39/2 427/47/2 428/46/2
f 427/47/2 429/39/2 426/43/2
f 420/40/2 426/43/2 429/39/2
f 426/43/2 420/40/2 423/42/2
f 421/48/2 423/42/2 420/40/2
f 423/42/2 421/48/2 422/49/2
f 429/39/2 430/33/2 419/41/2
f 414/32/2 419/41/2 430/33/2
f 415/38/2 419/41/2 414/32/2
f 419/41/2 415/38/2 418/50/2
f 417/36/2 418/50/2 415/38/2
f 445/4/2 441/52/2 444/51/2
f 445/4/2 435/7/2 441/52/2
f 440/53/2 441/52/2 435/7/2
f 439/54/2 440/53/2 438/55/2
f 435/7/2 438/55/2 440/53/2
f 441/52/2 443/56/2 444/51/2
f 443/56/2 441/52/2 442/57/2
f 437/58/2 435/7/2 436/59/2
f 435/7/2 437/58/2 438/55/2
f 448/54/2 450/56/2 447/58/2
f 450/56/2 446/7/2 447/58/2
f 446/7/2 450/56/2 451/4/2
f 448/54/2 449/52/2 450/56/2
f 458/60/2 456/62/2 457/61/2
f 456/62/2 458/60/2 455/63/2
f 454/64/2 452/7/2 453/65/2
f 452/7/2 454/64/2 459/4/2
f 458/60/2 454/64/2 455/63/2
f 454/64/2 458/60/2 459/4/2
f 462/9/2 460/7/2 461/12/2
f 462/9/2 463/8/2 460/7/2
f 466/1/2 467/6/2 464/3/2
f 464/3/2 465/2/2 466/1/2
f 470/11/2 468/5/2 469/10/2
f 468/5/2 470/11/2 471/4/2
f 480/66/2 478/68/2 479/67/2
f 478/68/2 480/66/2 481/4/2
f 474/69/2 477/70/2 472/7/2
f 472/7/2 473/71/2 474/69/2
f 474/69/2 476/72/2 477/70/2
f 474/69/2 475/73/2 476/72/2
f 488/60/2 486/62/2 487/61/2
f 486/62/2 488/60/2 485/63/2
f 484/64/2 482/7/2 483/65/2
f 482/7/2 484/64/2 489/4/2
f 488/60/2 484/64/2 485/63/2
f 484/64/2 488/60/2 489/4/2
f 514/66/2 510/75/2 513/74/2
f 492/76/2 490/7/2 491/77/2
f 508/68/2 509/79/2 515/78/2
f 514/66/2 509/79/2 510/75/2
f 509/79/2 514/66/2 515/78/2
f 500/80/2 490/7/2 493/71/2
f 492/76/2 493/71/2 490/7/2
f 498/81/2 496/69/2 497/82/2
f 502/72/2 504/83/2 505/70/2
f 504/83/2 502/72/2 503/84/2
f 516/85/2 501/86/2 502/72/2
f 510/75/2 512/87/2 513/74/2
f 512/87/2 510/75/2 511/67/2
f 508/68/2 506/89/2 507/88/2
f 506/89/2 508/68/2 505/70/2
f 515/78/2 505/70/2 508/68/2
f 505/70/2 515/78/2 502/72/2
f 502/72/2 515/78/2 516/85/2
f 490/7/2 500/80/2 517/4/2
f 516/85/2 500/80/2 501/86/2
f 493/71/2 499/73/2 500/80/2
f 494/90/2 499/73/2 493/71/2
f 499/73/2 494/90/2 496/69/2
f 496/69/2 494/90/2 495/91/2
f 496/69/2 498/81/2 499/73/2
f 516/85/2 517/4/2 500/80/2
f 537/92/2 538/93/2 518/7/2
f 520/94/2 518/7/2 519/95/2
f 534/68/2 535/97/2 540/96/2
f 537/92/2 535/97/2 536/98/2
f 535/97/2 537/92/2 540/96/2
f 540/96/2 537/92/2 539/99/2
f 539/99/2 537/92/2 526/73/2
f 518/7/2 526/73/2 537/92/2
f 520/94/2 521/100/2 518/7/2
f 531/101/2 529/102/2 530/53/2
f 524/103/2 522/105/2 523/104/2
f 541/106/2 532/108/2 533/107/2
f 542/4/2 532/108/2 541/106/2
f 532/108/2 542/4/2 531/101/2
f 531/101/2 542/4/2 529/102/2
f 529/102/2 542/4/2 528/109/2
f 527/110/2 528/109/2 542/4/2
f 540/96/2 533/107/2 534/68/2
f 533/107/2 540/96/2 541/106/2
f 542/4/2 539/99/2 527/110/2
f 526/73/2 527/110/2 539/99/2
f 518/7/2 525/111/2 526/73/2
f 521/100/2 525/111/2 518/7/2
f 525/111/2 521/100/2 522/105/2
f 522/105/2 524/103/2 525/111/2
f 587/112/2 588/114/2 586/113/2
f 595/115/2 593/117/2 594/116/2
f 593/117/2 595/115/2 596/118/2
f 591/119/2 589/121/2 590/120/2
f 599/122/2 600/4/2 597/123/2
f 585/124/2 583/126/2 584/125/2
f 597/123/2 598/127/2 599/122/2
f 592/128/2 579/130/2 582/129/2
f 573/131/2 579/130/2 592/128/2
f 579/130/2 573/131/2 578/132/2
f 588/114/2 585/124/2 586/113/2
f 585/124/2 588/114/2 583/126/2
f 588/114/2 589/121/2 583/126/2
f 582/129/2 589/121/2 592/128/2
f 591/119/2 592/128/2 589/121/2
f 575/133/2 573/131/2 574/134/2
f 573/131/2 575/133/2 578/132/2
f 569/135/2 567/137/2 568/136/2
f 567/137/2 569/135/2 570/138/2
f 557/139/2 558/141/2 556/140/2
f 545/142/2 552/143/2 543/7/2
f 543/7/2 544/144/2 545/142/2
f 558/141/2 559/146/2 561/145/2
f 555/147/2 565/149/2 566/148/2
f 551/150/2 549/152/2 550/151/2
f 555/147/2 556/140/2 561/145/2
f 562/73/2 555/147/2 561/145/2
f 555/147/2 562/73/2 565/149/2
f 565/149/2 562/73/2 564/153/2
f 563/154/2 564/153/2 562/73/2
f 549/152/2 552/143/2 546/155/2
f 547/156/2 549/152/2 546/155/2
f 549/152/2 547/156/2 548/157/2
f 558/141/2 561/145/2 556/140/2
f 545/142/2 546/155/2 552/143/2
f 552/143/2 553/158/2 543/7/2
f 579/130/2 581/68/2 582/129/2
f 581/68/2 579/130/2 580/159/2
f 577/160/2 578/132/2 576/161/2
f 572/162/2 567/137/2 571/163/2
f 570/138/2 571/163/2 567/137/2
f 551/150/2 552/143/2 549/152/2
f 554/164/2 543/7/2 553/158/2
f 560/165/2 561/145/2 559/146/2
f 578/132/2 575/133/2 576/161/2
f 582/129/2 583/126/2 589/121/2
f 603/9/2 612/4/2 602/12/2
f 603/9/2 611/11/2 612/4/2
f 611/11/2 603/9/2 610/10/2
f 607/1/2 604/8/2 605/3/2
f 605/3/2 606/2/2 607/1/2
f 607/1/2 608/6/2 604/8/2
f 612/4/2 601/7/2 602/12/2
f 609/5/2 601/7/2 612/4/2
f 610/10/2 601/7/2 609/5/2
f 601/7/2 610/10/2 608/6/2
f 603/9/2 608/6/2 610/10/2
f 608/6/2 603/9/2 604/8/2
f 617/166/2 618/105/2 616/59/2
f 635/167/2 613/7/2 634/57/2
f 615/168/2 616/59/2 614/169/2
f 636/170/2 637/56/2 613/7/2
f 619/58/2 638/93/2 639/171/2
f 638/93/2 619/58/2 620/172/2
f 613/7/2 614/169/2 636/170/2
f 616/59/2 636/170/2 614/169/2
f 636/170/2 616/59/2 639/171/2
f 618/105/2 639/171/2 616/59/2
f 639/171/2 618/105/2 619/58/2
f 632/173/2 633/68/2 630/174/2
f 640/51/2 630/174/2 633/68/2
f 630/174/2 640/51/2 641/175/2
f 627/176/2 642/177/2 625/54/2
f 624/178/2 625/54/2 642/177/2
f 629/179/2 627/176/2 628/53/2
f 625/54/2 626/180/2 627/176/2
f 641/175/2 629/179/2 630/174/2
f 629/179/2 641/175/2 627/176/2
f 627/176/2 641/175/2 642/177/2
f 623/73/2 642/177/2 643/4/2
f 642/177/2 623/73/2 624/178/2
f 613/7/2 633/68/2 634/57/2
f 637/56/2 633/68/2 613/7/2
f 633/68/2 637/56/2 640/51/2
f 638/93/2 640/51/2 637/56/2
f 640/51/2 638/93/2 643/4/2
f 620/172/2 643/4/2 638/93/2
f 643/4/2 620/172/2 623/73/2
f 621/181/2 623/73/2 620/172/2
f 623/73/2 621/181/2 622/55/2
f 630/174/2 631/52/2 632/173/2
f 646/76/2 644/7/2 645/77/2
f 663/79/2 644/7/2 670/85/2
f 646/76/2 670/85/2 644/7/2
f 670/85/2 646/76/2 669/78/2
f 669/78/2 646/76/2 647/71/2
f 668/66/2 648/90/2 649/91/2
f 670/85/2 662/68/2 663/79/2
f 662/68/2 670/85/2 671/4/2
f 668/66/2 669/78/2 648/90/2
f 647/71/2 648/90/2 669/78/2
f 667/74/2 658/83/2 659/70/2
f 655/86/2 656/72/2 654/80/2
f 657/84/2 654/80/2 656/72/2
f 665/67/2 657/84/2 664/75/2
f 657/84/2 665/67/2 654/80/2
f 653/73/2 654/80/2 665/67/2
f 657/84/2 658/83/2 664/75/2
f 667/74/2 664/75/2 658/83/2
f 652/81/2 665/67/2 666/87/2
f 665/67/2 652/81/2 653/73/2
f 662/68/2 660/89/2 661/88/2
f 660/89/2 662/68/2 659/70/2
f 671/4/2 659/70/2 662/68/2
f 659/70/2 671/4/2 667/74/2
f 668/66/2 667/74/2 671/4/2
f 667/74/2 668/66/2 666/87/2
f 649/91/2 666/87/2 668/66/2
f 666/87/2 649/91/2 652/81/2
f 650/69/2 652/81/2 649/91/2
f 652/81/2 650/69/2 651/82/2
f 675/182/2 692/131/2 674/155/2
f 692/131/2 675/182/2 691/53/2
f 690/138/2 672/7/2 692/131/2
f 692/131/2 672/7/2 674/155/2
f 673/183/2 674/155/2 672/7/2
f 694/161/2 676/152/2 677/184/2
f 693/185/2 698/129/2 695/186/2
f 698/129/2 693/185/2 708/123/2
f 708/123/2 694/161/2 707/187/2
f 707/187/2 694/161/2 705/188/2
f 677/184/2 683/189/2 694/161/2
f 695/186/2 690/138/2 693/185/2
f 692/131/2 693/185/2 690/138/2
f 693/185/2 694/161/2 708/123/2
f 694/161/2 691/53/2 676/152/2
f 675/182/2 676/152/2 691/53/2
f 679/190/2 677/184/2 678/143/2
f 706/116/2 702/114/2 710/4/2
f 702/114/2 706/116/2 703/191/2
f 697/192/2 699/193/2 696/130/2
f 709/194/2 699/193/2 697/192/2
f 702/114/2 709/194/2 710/4/2
f 700/124/2 688/137/2 689/195/2
f 688/137/2 700/124/2 701/196/2
f 685/197/2 686/153/2 687/198/2
f 681/199/2 682/141/2 680/147/2
f 701/196/2 687/198/2 688/137/2
f 687/198/2 701/196/2 685/197/2
f 684/145/2 685/197/2 701/196/2
f 699/193/2 689/195/2 696/130/2
f 689/195/2 699/193/2 700/124/2
f 709/194/2 702/114/2 699/193/2
f 701/196/2 702/114/2 684/145/2
f 695/186/2 689/195/2 690/138/2
f 689/195/2 695/186/2 696/130/2
f 708/123/2 697/192/2 698/129/2
f 697/192/2 708/123/2 709/194/2
f 705/188/2 710/4/2 707/187/2
f 710/4/2 705/188/2 706/116/2
f 694/161/2 704/119/2 705/188/2
f 683/189/2 704/119/2 694/161/2
f 704/119/2 683/189/2 703/191/2
f 703/191/2 684/145/2 702/114/2
f 677/184/2 682/141/2 683/189/2
f 679/190/2 682/141/2 677/184/2
f 682/141/2 679/190/2 680/147/2
f 683/189/2 684/145/2 703/191/2
f 734/200/2 735/202/2 733/201/2
f 737/203/2 743/205/2 744/204/2
f 733/201/2 737/203/2 744/204/2
f 735/202/2 737/203/2 733/201/2
f 735/202/2 736/206/2 737/203/2
f 750/207/2 731/208/2 732/63/2
f 731/208/2 750/207/2 751/209/2
f 746/61/2 752/211/2 749/210/2
f 752/211/2 746/61/2 747/212/2
f 715/213/2 748/215/2 745/214/2
f 748/215/2 715/213/2 716/216/2
f 732/63/2 711/7/2 750/207/2
f 750/207/2 711/7/2 749/210/2
f 712/217/2 749/210/2 711/7/2
f 749/210/2 713/218/2 746/61/2
f 714/219/2 746/61/2 713/218/2
f 746/61/2 714/219/2 745/214/2
f 745/214/2 714/219/2 715/213/2
f 719/220/2 717/221/2 718/65/2
f 756/222/2 729/224/2 730/223/2
f 729/224/2 756/222/2 753/60/2
f 760/4/2 754/226/2 755/225/2
f 754/226/2 760/4/2 757/227/2
f 723/228/2 758/230/2 759/229/2
f 738/231/2 741/233/2 742/232/2
f 741/233/2 738/231/2 740/234/2
f 721/235/2 722/237/2 720/236/2
f 742/232/2 743/205/2 738/231/2
f 738/231/2 739/62/2 740/234/2
f 753/60/2 728/238/2 729/224/2
f 754/226/2 728/238/2 753/60/2
f 728/238/2 754/226/2 727/239/2
f 757/227/2 726/240/2 754/226/2
f 726/240/2 757/227/2 725/64/2
f 758/230/2 725/64/2 757/227/2
f 725/64/2 758/230/2 724/241/2
f 723/228/2 724/241/2 758/230/2
f 751/209/2 730/223/2 731/208/2
f 730/223/2 751/209/2 756/222/2
f 752/211/2 756/222/2 751/209/2
f 756/222/2 752/211/2 755/225/2
f 747/212/2 755/225/2 752/211/2
f 755/225/2 747/212/2 760/4/2
f 748/215/2 760/4/2 747/212/2
f 760/4/2 748/215/2 759/229/2
f 716/216/2 759/229/2 748/215/2
f 759/229/2 716/216/2 723/228/2
f 717/221/2 723/228/2 716/216/2
f 723/228/2 717/221/2 722/237/2
f 719/220/2 722/237/2 717/221/2
f 722/237/2 719/220/2 720/236/2
f 712/217/2 713/218/2 749/210/2
f 754/226/2 726/240/2 727/239/2
f 743/205/2 737/203/2 738/231/2
f 764/242/3 761/7/4 762/243/4
f 766/244/5 763/245/3 764/242/3
f 768/246/6 765/12/5 766/244/5
f 770/247/6 767/248/6 768/246/6
f 772/249/7 769/9/6 770/247/6
f 774/250/8 771/251/9 772/249/7
f 776/252/10 773/8/11 774/250/8
f 778/253/12 775/254/10 776/252/10
f 780/255/13 777/3/12 778/253/12
f 782/256/14 779/257/13 780/255/13
f 784/258/15 781/2/14 782/256/14
f 786/259/16 783/53/17 784/258/15
f 788/260/6 785/1/16 786/259/16
f 790/261/6 787/262/6 788/260/6
f 792/263/18 789/6/6 790/261/6
f 794/264/19 791/265/18 792/263/18
f 796/266/4 793/5/19 794/264/19
f 798/267/4 795/268/4 796/266/4
f 800/269/4 797/10/4 798/267/4
f 802/270/4 799/271/4 800/269/4
f 804/272/4 801/11/4 802/270/4
f 762/273/4 803/274/4 804/272/4
f 808/275/20 805/7/4 806/243/4
f 810/276/21 807/94/20 808/275/20
f 812/277/22 809/105/21 810/276/21
f 814/278/22 811/103/22 812/277/22
f 816/279/23 813/73/22 814/278/22
f 818/258/23 815/109/23 816/279/23
f 820/280/24 817/53/23 818/258/23
f 822/281/25 819/108/24 820/280/24
f 824/282/4 821/68/25 822/281/25
f 826/283/4 823/98/4 824/282/4
f 828/284/4 825/93/4 826/283/4
f 806/273/4 827/96/4 828/284/4
f 832/277/26 829/7/27 830/243/27
f 834/258/28 831/103/26 832/277/26
f 836/282/29 833/53/28 834/258/28
f 830/273/27 835/98/29 836/282/29
f 840/277/30 837/7/31 838/243/31
f 842/258/32 839/103/30 840/277/30
f 844/282/33 841/53/32 842/258/32
f 838/273/31 843/98/33 844/282/33
f 848/277/34 845/7/35 846/243/35
f 850/258/36 847/103/34 848/277/34
f 852/282/37 849/53/36 850/258/36
f 846/273/35 851/98/37 852/282/37
f 856/277/29 853/7/28 854/243/28
f 858/258/27 855/103/29 856/277/29
f 860/282/26 857/53/27 858/258/27
f 854/273/28 859/98/26 860/282/26
f 864/285/20 861/7/4 862/243/4
f 866/286/21 863/155/20 864/285/20
f 868/287/6 865/152/21 866/286/21
f 870/288/38 867/143/6 868/287/6
f 872/289/39 869/147/40 870/288/38
f 874/290/10 871/141/41 872/289/39
f 876/291/12 873/145/10 874/290/10
f 878/292/42 875/153/12 876/291/12
f 880/293/43 877/137/42 878/292/42
f 882/294/44 879/138/43 880/293/43
f 884/295/45 881/131/46 882/294/44
f 886/296/6 883/161/47 884/295/45
f 888/297/6 885/130/6 886/296/6
f 890/298/24 887/129/6 888/297/6
f 892/299/25 889/124/24 890/298/24
f 894/300/4 891/114/25 892/299/25
f 896/301/4 893/119/4 894/300/4
f 898/302/4 895/116/4 896/301/4
f 862/273/4 897/123/4 898/302/4
f 902/277/48 899/7/49 900/243/50
f 904/258/51 901/103/52 902/277/48
f 906/282/53 903/53/51 904/258/51
f 900/273/50 905/98/54 906/282/53
f 910/277/55 907/7/56 908/243/56
f 912/258/57 909/103/55 910/277/55
f 914/282/58 911/53/57 912/258/57
f 908/273/56 913/98/58 914/282/58
f 918/277/59 915/7/60 916/243/61
f 920/258/62 917/103/63 918/277/59
f 922/282/64 919/53/65 920/258/62
f 916/273/61 921/98/64 922/282/64
f 926/277/66 923/7/67 924/243/68
f 928/258/69 925/103/66 926/277/66
f 930/282/70 927/53/71 928/258/69
f 924/273/68 929/98/70 930/282/70
f 934/277/72 931/7/73 932/243/73
f 936/258/74 933/103/72 934/277/72
f 938/282/75 935/53/74 936/258/74
f 932/273/73 937/98/75 938/282/75
f 942/303/76 939/7/4 940/243/4
f 944/304/77 941/305/76 942/303/76
f 946/306/6 943/59/77 944/304/77
f 948/307/6 945/308/6 946/306/6
f 950/277/78 947/58/6 948/307/6
f 952/309/78 949/103/78 950/277/78
f 954/310/61 951/55/78 952/309/78
f 956/311/61 953/312/61 954/310/61
f 958/313/6 955/54/18 956/311/61
f 960/258/6 957/314/6 958/313/6
f 962/315/79 959/53/6 960/258/6
f 964/316/80 961/317/79 962/315/79
f 966/318/4 963/52/80 964/316/80
f 968/319/4 965/320/4 966/318/4
f 970/282/81 967/57/4 968/319/4
f 972/321/82 969/98/82 970/282/81
f 974/322/83 971/56/82 972/321/82
f 976/323/83 973/324/83 974/322/83
f 978/325/4 975/51/83 976/323/83
f 940/273/4 977/326/4 978/325/4
f 982/277/84 979/7/85 980/243/85
f 984/258/86 981/103/84 982/277/84
f 986/282/87 983/53/86 984/258/86
f 980/273/85 985/98/87 986/282/87
f 990/277/86 987/7/84 988/243/84
f 992/258/87 989/103/86 990/277/86
f 994/282/85 991/53/87 992/258/87
f 988/273/84 993/98/85 994/282/85
f 998/327/10 995/7/88 996/243/89
f 1000/328/12 997/30/10 998/327/10
f 1002/329/63 999/29/12 1000/328/12
f 1004/330/63 1001/32/63 1002/329/63
f 1006/331/6 1003/38/63 1004/330/63
f 1008/332/6 1005/37/6 1006/331/6
f 1010/333/90 1007/36/6 1008/332/6
f 1012/334/90 1009/50/90 1010/333/90
f 1014/335/13 1011/41/12 1012/334/90
f 1016/336/13 1013/40/13 1014/335/13
f 1018/337/6 1015/48/13 1016/336/13
f 1020/338/6 1017/49/6 1018/337/6
f 1022/339/52 1019/42/6 1020/338/6
f 1024/340/52 1021/45/52 1022/339/52
f 1026/341/13 1023/44/52 1024/340/52
f 1028/342/14 1025/43/13 1026/341/13
f 1030/343/91 1027/47/14 1028/342/14
f 1032/344/92 1029/46/92 1030/343/91
f 1034/345/93 1031/39/91 1032/344/92
f 1036/346/94 1033/33/95 1034/345/93
f 1038/347/96 1035/31/97 1036/346/94
f 1040/348/89 1037/34/98 1038/347/96
f 996/273/89 1039/35/89 1040/348/89
f 1044/277/99 1041/7/100 1042/243/101
f 1046/258/102 1043/103/99 1044/277/99
f 1048/282/103 1045/53/104 1046/258/102
f 1042/273/101 1047/98/103 1048/282/103
f 1052/277/99 1049/7/100 1050/243/101
f 1054/258/102 1051/103/99 1052/277/99
f 1056/282/103 1053/53/104 1054/258/102
f 1050/273/101 1055/98/103 1056/282/103
f 1060/349/104 1057/7/105 1058/243/106
f 1062/277/107 1059/100/108 1060/349/104
f 1064/350/109 1061/103/107 1062/277/107
f 1066/258/110 1063/110/37 1064/350/109
f 1068/351/11 1065/53/36 1066/258/110
f 1070/282/11 1067/107/11 1068/351/11
f 1072/352/106 1069/98/11 1070/282/11
f 1058/273/106 1071/99/106 1072/352/106
f 1076/277/111 1073/7/112 1074/243/112
f 1078/258/113 1075/103/111 1076/277/111
f 1080/282/114 1077/53/113 1078/258/113
f 1074/273/112 1079/98/114 1080/282/114
f 1084/275/10 1081/7/115 1082/243/115
f 1086/276/12 1083/94/10 1084/275/10
f 1088/277/116 1085/105/12 1086/276/12
f 1090/278/116 1087/103/116 1088/277/116
f 1092/279/42 1089/73/116 1090/278/116
f 1094/258/42 1091/109/42 1092/279/42
f 1096/280/13 1093/53/42 1094/258/42
f 1098/281/14 1095/108/13 1096/280/13
f 1100/282/117 1097/68/14 1098/281/14
f 1102/283/117 1099/98/117 1100/282/117
f 1104/284/115 1101/93/117 1102/283/117
f 1082/273/115 1103/96/115 1104/284/115
f 1108/275/118 1105/7/119 1106/243/119
f 1110/276/120 1107/94/121 1108/275/118
f 1112/277/122 1109/105/120 1110/276/120
f 1114/278/123 1111/103/122 1112/277/122
f 1116/279/124 1113/73/123 1114/278/123
f 1118/258/125 1115/109/124 1116/279/124
f 1120/280/126 1117/53/127 1118/258/125
f 1122/281/128 1119/108/126 1120/280/126
f 1124/282/129 1121/68/128 1122/281/128
f 1126/283/130 1123/98/129 1124/282/129
f 1128/284/131 1125/93/130 1126/283/130
f 1106/273/119 1127/96/132 1128/284/131
f 1132/276/133 1129/7/134 1130/243/134
f 1134/278/135 1131/105/136 1132/276/133
f 1136/258/137 1133/73/135 1134/278/135
f 1138/281/138 1135/53/137 1136/258/137
f 1140/283/139 1137/68/140 1138/281/138
f 1130/273/134 1139/93/141 1140/283/139
f 1144/303/10 1141/7/142 1142/243/142
f 1146/304/12 1143/305/10 1144/303/10
f 1148/306/13 1145/59/12 1146/304/12
f 1150/307/14 1147/308/13 1148/306/13
f 1152/277/143 1149/58/144 1150/307/14
f 1154/309/145 1151/103/143 1152/277/143
f 1156/310/13 1153/55/145 1154/309/145
f 1158/311/14 1155/312/13 1156/310/13
f 1160/313/146 1157/54/144 1158/311/14
f 1162/258/147 1159/314/146 1160/313/146
f 1164/315/148 1161/53/147 1162/258/147
f 1166/316/149 1163/317/150 1164/315/148
f 1168/318/151 1165/52/149 1166/316/149
f 1170/319/152 1167/320/151 1168/318/151
f 1172/282/153 1169/57/154 1170/319/152
f 1174/321/155 1171/98/153 1172/282/153
f 1176/322/10 1173/56/156 1174/321/155
f 1178/323/12 1175/324/10 1176/322/10
f 1180/325/157 1177/51/12 1178/323/12
f 1142/273/142 1179/326/157 1180/325/157
f 1184/277/158 1181/7/159 1182/243/159
f 1186/258/160 1183/103/158 1184/277/158
f 1188/282/161 1185/53/160 1186/258/160
f 1182/273/159 1187/98/161 1188/282/161
f 1192/277/162 1189/7/163 1190/243/163
f 1194/258/164 1191/103/162 1192/277/162
f 1196/282/165 1193/53/164 1194/258/164
f 1190/273/163 1195/98/165 1196/282/165
f 1200/353/10 1197/7/166 1198/243/166
f 1202/354/12 1199/355/10 1200/353/10
f 1204/356/6 1201/357/12 1202/354/12
f 1206/358/6 1203/65/6 1204/356/6
f 1208/359/13 1205/360/6 1206/358/6
f 1210/361/14 1207/362/13 1208/359/13
f 1212/278/167 1209/64/14 1210/361/14
f 1214/363/168 1211/73/167 1212/278/167
f 1216/364/6 1213/365/168 1214/363/168
f 1218/366/6 1215/63/6 1216/364/6
f 1220/367/6 1217/368/6 1218/366/6
f 1222/369/79 1219/370/6 1220/367/6
f 1224/371/169 1221/62/79 1222/369/79
f 1226/281/4 1223/372/169 1224/371/169
f 1228/373/4 1225/68/4 1226/281/4
f 1230/374/4 1227/61/4 1228/373/4
f 1232/375/4 1229/376/4 1230/374/4
f 1234/377/170 1231/378/4 1232/375/4
f 1236/379/170 1233/60/170 1234/377/170
f 1238/380/166 1235/381/171 1236/379/170
f 1198/273/166 1237/382/166 1238/380/166
f 1242/277/172 1239/7/173 1240/243/173
f 1244/258/7 1241/103/174 1242/277/172
f 1246/282/175 1243/53/7 1244/258/7
f 1240/273/173 1245/98/8 1246/282/175
f 1250/383/53 1247/7/176 1248/243/176
f 1252/384/51 1249/385/53 1250/383/53
f 1254/386/177 1251/387/51 1252/384/51
f 1256/356/177 1253/388/177 1254/386/177
f 1258/389/178 1255/65/177 1256/356/177
f 1260/390/178 1257/391/178 1258/389/178
f 1262/277/60 1259/392/179 1260/390/178
f 1264/361/64 1261/103/61 1262/277/60
f 1266/393/180 1263/64/64 1264/361/64
f 1268/394/181 1265/395/180 1266/393/180
f 1270/396/182 1267/397/181 1268/394/181
f 1272/364/183 1269/398/182 1270/396/182
f 1274/399/184 1271/63/183 1272/364/183
f 1276/258/185 1273/400/186 1274/399/184
f 1278/401/187 1275/53/188 1276/258/185
f 1280/369/189 1277/402/187 1278/401/187
f 1282/403/190 1279/62/189 1280/369/189
f 1284/404/191 1281/405/190 1282/403/190
f 1286/406/192 1283/407/193 1284/404/191
f 1288/373/13 1285/408/192 1286/406/192
f 1290/282/60 1287/61/13 1288/373/13
f 1292/409/64 1289/98/61 1290/282/60
f 1294/410/194 1291/411/64 1292/409/64
f 1296/377/195 1293/412/196 1294/410/194
f 1298/413/197 1295/60/195 1296/377/195
f 1300/414/198 1297/415/197 1298/413/197
f 1302/416/199 1299/417/33 1300/414/198
f 1248/273/176 1301/418/176 1302/416/199
f 1306/349/200 1303/7/201 1304/243/202
f 1308/277/200 1305/100/200 1306/349/200
f 1310/350/203 1307/103/200 1308/277/200
f 1312/258/204 1309/110/204 1310/350/203
f 1314/351/205 1311/53/203 1312/258/204
f 1316/282/206 1313/107/207 1314/351/205
f 1318/352/208 1315/98/209 1316/282/206
f 1304/273/202 1317/99/208 1318/352/208
f 1322/276/210 1319/7/211 1320/243/212
f 1324/278/213 1321/105/213 1322/276/210
f 1326/258/10 1323/73/213 1324/278/213
f 1328/281/12 1325/53/10 1326/258/10
f 1330/283/214 1327/68/12 1328/281/12
f 1320/273/212 1329/93/215 1330/283/214
f 1334/277/11 1331/7/17 1332/243/216
f 1336/258/217 1333/103/11 1334/277/11
f 1338/282/16 1335/53/9 1336/258/217
f 1332/273/216 1337/98/16 1338/282/16
f 1342/277/218 1339/7/219 1340/243/219
f 1344/258/220 1341/103/218 1342/277/218
f 1346/282/221 1343/53/222 1344/258/220
f 1340/273/219 1345/98/223 1346/282/221
f 1350/277/224 1347/7/225 1348/243/225
f 1352/258/226 1349/103/224 1350/277/224
f 1354/282/227 1351/53/226 1352/258/226
f 1348/273/225 1353/98/227 1354/282/227
f 1358/277/218 1355/7/219 1356/243/219
f 1360/258/220 1357/103/218 1358/277/218
f 1362/282/223 1359/53/228 1360/258/220
f 1356/273/219 1361/98/223 1362/282/223
f 1366/349/200 1363/7/201 1364/243/202
f 1368/277/200 1365/100/200 1366/349/200
f 1370/350/203 1367/103/200 1368/277/200
f 1372/258/204 1369/110/204 1370/350/203
f 1374/351/205 1371/53/203 1372/258/204
f 1376/282/206 1373/107/207 1374/351/205
f 1378/352/208 1375/98/209 1376/282/206
f 1364/273/202 1377/99/208 1378/352/208
f 1382/276/229 1379/7/64 1380/243/64
f 1384/278/230 1381/105/229 1382/276/229
f 1386/258/231 1383/73/230 1384/278/230
f 1388/281/231 1385/53/231 1386/258/231
f 1390/283/60 1387/68/231 1388/281/231
f 1380/273/64 1389/93/61 1390/283/60
f 1394/244/232 1391/7/233 1392/243/233
f 1396/247/234 1393/12/232 1394/244/232
f 1398/250/235 1395/9/234 1396/247/234
f 1400/253/169 1397/8/235 1398/250/235
f 1402/256/236 1399/3/169 1400/253/169
f 1404/259/237 1401/2/236 1402/256/236
f 1406/261/238 1403/1/239 1404/259/237
f 1408/264/240 1405/6/238 1406/261/238
f 1410/267/241 1407/5/240 1408/264/240
f 1412/270/242 1409/10/243 1410/267/241
f 1392/273/233 1411/11/242 1412/270/242
f 1416/303/229 1413/7/36 1414/243/36
f 1418/304/230 1415/305/229 1416/303/229
f 1420/306/32 1417/59/230 1418/304/230
f 1422/307/33 1419/308/32 1420/306/32
f 1424/277/244 1421/58/33 1422/307/33
f 1426/309/51 1423/103/53 1424/277/244
f 1428/310/22 1425/55/51 1426/309/51
f 1430/311/22 1427/312/22 1428/310/22
f 1432/313/245 1429/54/22 1430/311/22
f 1434/258/245 1431/314/245 1432/313/245
f 1436/315/246 1433/53/245 1434/258/245
f 1438/316/246 1435/317/246 1436/315/246
f 1440/318/60 1437/52/246 1438/316/246
f 1442/319/64 1439/320/61 1440/318/60
f 1444/282/247 1441/57/64 1442/319/64
f 1446/321/248 1443/98/248 1444/282/247
f 1448/322/249 1445/56/247 1446/321/248
f 1450/323/249 1447/324/249 1448/322/249
f 1452/325/36 1449/51/249 1450/323/249
f 1414/273/36 1451/326/36 1452/325/36
f 1456/277/250 1453/7/114 1454/243/114
f 1458/258/251 1455/103/250 1456/277/250
f 1460/282/252 1457/53/251 1458/258/251
f 1454/273/114 1459/98/252 1460/282/252
f 1464/384/253 1461/7/64 1462/243/254
f 1466/356/255 1463/387/253 1464/384/253
f 1468/390/7 1465/65/256 1466/356/255
f 1470/361/9 1467/392/9 1468/390/7
f 1472/394/26 1469/64/7 1470/361/9
f 1474/364/26 1471/397/26 1472/394/26
f 1476/258/60 1473/63/26 1474/364/26
f 1478/369/64 1475/53/61 1476/258/60
f 1480/404/15 1477/62/64 1478/369/64
f 1482/373/257 1479/407/15 1480/404/15
f 1484/409/235 1481/61/257 1482/373/257
f 1486/377/169 1483/411/235 1484/409/235
f 1488/414/64 1485/60/169 1486/377/169
f 1462/273/254 1487/417/254 1488/414/64
f 1492/277/258 1489/7/259 1490/243/259
f 1494/258/244 1491/103/260 1492/277/258
f 1496/282/261 1493/53/244 1494/258/244
f 1490/273/259 1495/98/261 1496/282/261
f 1500/277/262 1497/7/263 1498/243/264
f 1502/258/265 1499/103/262 1500/277/262
f 1504/282/266 1501/53/265 1502/258/265
f 1498/273/264 1503/98/267 1504/282/266
f 1508/349/268 1505/7/269 1506/243/270
f 1510/277/271 1507/100/268 1508/349/268
f 1512/350/114 1509/103/271 1510/277/271
f 1514/258/272 1511/110/273 1512/350/114
f 1516/351/53 1513/53/272 1514/258/272
f 1518/282/51 1515/107/53 1516/351/53
f 1520/352/274 1517/98/51 1518/282/51
f 1506/273/270 1519/99/275 1520/352/274
f 764/242/3 763/245/3 761/7/4
f 766/244/5 765/12/5 763/245/3
f 768/246/6 767/248/6 765/12/5
f 770/247/6 769/9/6 767/248/6
f 772/249/7 771/251/9 769/9/6
f 774/250/8 773/8/11 771/251/9
f 776/252/10 775/254/10 773/8/11
f 778/253/12 777/3/12 775/254/10
f 780/255/13 779/257/13 777/3/12
f 782/256/14 781/2/14 779/257/13
f 784/258/15 783/53/17 781/2/14
f 786/259/16 785/1/16 783/53/17
f 788/260/6 787/262/6 785/1/16
f 790/261/6 789/6/6 787/262/6
f 792/263/18 791/265/18 789/6/6
f 794/264/19 793/5/19 791/265/18
f 796/266/4 795/268/4 793/5/19
f 798/267/4 797/10/4 795/268/4
f 800/269/4 799/271/4 797/10/4
f 802/270/4 801/11/4 799/271/4
f 804/272/4 803/274/4 801/11/4
f 762/273/4 761/4/4 803/274/4
f 808/275/20 807/94/20 805/7/4
f 810/276/21 809/105/21 807/94/20
f 812/277/22 811/103/22 809/105/21
f 814/278/22 813/73/22 811/103/22
f 816/279/23 815/109/23 813/73/22
f 818/258/23 817/53/23 815/109/23
f 820/280/24 819/108/24 817/53/23
f 822/281/25 821/68/25 819/108/24
f 824/282/4 823/98/4 821/68/25
f 826/283/4 825/93/4 823/98/4
f 828/284/4 827/96/4 825/93/4
f 806/273/4 805/4/4 827/96/4
f 832/277/26 831/103/26 829/7/27
f 834/258/28 833/53/28 831/103/26
f 836/282/29 835/98/29 833/53/28
f 830/273/27 829/4/27 835/98/29
f 840/277/30 839/103/30 837/7/31
f 842/258/32 841/53/32 839/103/30
f 844/282/33 843/98/33 841/53/32
f 838/273/31 837/4/31 843/98/33
f 848/277/34 847/103/34 845/7/35
f 850/258/36 849/53/36 847/103/34
f 852/282/37 851/98/37 849/53/36
f 846/273/35 845/4/35 851/98/37
f 856/277/29 855/103/29 853/7/28
f 858/258/27 857/53/27 855/103/29
f 860/282/26 859/98/26 857/53/27
f 854/273/28 853/4/28 859/98/26
f 864/285/20 863/155/20 861/7/4
f 866/286/21 865/152/21 863/155/20
f 868/287/6 867/143/6 865/152/21
f 870/288/38 869/147/40 867/143/6
f 872/289/39 871/141/41 869/147/40
f 874/290/10 873/145/10 871/141/41
f 876/291/12 875/153/12 873/145/10
f 878/292/42 877/137/42 875/153/12
f 880/293/43 879/138/43 877/137/42
f 882/294/44 881/131/46 879/138/43
f 884/295/45 883/161/47 881/131/46
f 886/296/6 885/130/6 883/161/47
f 888/297/6 887/129/6 885/130/6
f 890/298/24 889/124/24 887/129/6
f 892/299/25 891/114/25 889/124/24
f 894/300/4 893/119/4 891/114/25
f 896/301/4 895/116/4 893/119/4
f 898/302/4 897/123/4 895/116/4
f 862/273/4 861/4/4 897/123/4
f 902/277/48 901/103/52 899/7/49
f 904/258/51 903/53/51 901/103/52
f 906/282/53 905/98/54 903/53/51
f 900/273/50 899/4/49 905/98/54
f 910/277/55 909/103/55 907/7/56
f 912/258/57 911/53/57 909/103/55
f 914/282/58 913/98/58 911/53/57
f 908/273/56 907/4/56 913/98/58
f 918/277/59 917/103/63 915/7/60
f 920/258/62 919/53/65 917/103/63
f 922/282/64 921/98/64 919/53/65
f 916/273/61 915/4/60 921/98/64
f 926/277/66 925/103/66 923/7/67
f 928/258/69 927/53/71 925/103/66
f 930/282/70 929/98/70 927/53/71
f 924/273/68 923/4/67 929/98/70
f 934/277/72 933/103/72 931/7/73
f 936/258/74 935/53/74 933/103/72
f 938/282/75 937/98/75 935/53/74
f 932/273/73 931/4/73 937/98/75
f 942/303/76 941/305/76 939/7/4
f 944/304/77 943/59/77 941/305/76
f 946/306/6 945/308/6 943/59/77
f 948/307/6 947/58/6 945/308/6
f 950/277/78 949/103/78 947/58/6
f 952/309/78 951/55/78 949/103/78
f 954/310/61 953/312/61 951/55/78
f 956/311/61 955/54/18 953/312/61
f 958/313/6 957/314/6 955/54/18
f 960/258/6 959/53/6 957/314/6
f 962/315/79 961/317/79 959/53/6
f 964/316/80 963/52/80 961/317/79
f 966/318/4 965/320/4 963/52/80
f 968/319/4 967/57/4 965/320/4
f 970/282/81 969/98/82 967/57/4
f 972/321/82 971/56/82 969/98/82
f 974/322/83 973/324/83 971/56/82
f 976/323/83 975/51/83 973/324/83
f 978/325/4 977/326/4 975/51/83
f 940/273/4 939/4/4 977/326/4
f 982/277/84 981/103/84 979/7/85
f 984/258/86 983/53/86 981/103/84
f 986/282/87 985/98/87 983/53/86
f 980/273/85 979/4/85 985/98/87
f 990/277/86 989/103/86 987/7/84
f 992/258/87 991/53/87 989/103/86
f 994/282/85 993/98/85 991/53/87
f 988/273/84 987/4/84 993/98/85
f 998/327/10 997/30/10 995/7/88
f 1000/328/12 999/29/12 997/30/10
f 1002/329/63 1001/32/63 999/29/12
f 1004/330/63 1003/38/63 1001/32/63
f 1006/331/6 1005/37/6 1003/38/63
f 1008/332/6 1007/36/6 1005/37/6
f 1010/333/90 1009/50/90 1007/36/6
f 1012/334/90 1011/41/12 1009/50/90
f 1014/335/13 1013/40/13 1011/41/12
f 1016/336/13 1015/48/13 1013/40/13
f 1018/337/6 1017/49/6 1015/48/13
f 1020/338/6 1019/42/6 1017/49/6
f 1022/339/52 1021/45/52 1019/42/6
f 1024/340/52 1023/44/52 1021/45/52
f 1026/341/13 1025/43/13 1023/44/52
f 1028/342/14 1027/47/14 1025/43/13
f 1030/343/91 1029/46/92 1027/47/14
f 1032/344/92 1031/39/91 1029/46/92
f 1034/345/93 1033/33/95 1031/39/91
f 1036/346/94 1035/31/97 1033/33/95
f 1038/347/96 1037/34/98 1035/31/97
f 1040/348/89 1039/35/89 1037/34/98
f 996/273/89 995/4/88 1039/35/89
f 1044/277/99 1043/103/99 1041/7/100
f 1046/258/102 1045/53/104 1043/103/99
f 1048/282/103 1047/98/103 1045/53/104
f 1042/273/101 1041/4/100 1047/98/103
f 1052/277/99 1051/103/99 1049/7/100
f 1054/258/102 1053/53/104 1051/103/99
f 1056/282/103 1055/98/103 1053/53/104
f 1050/273/101 1049/4/100 1055/98/103
f 1060/349/104 1059/100/108 1057/7/105
f 1062/277/107 1061/103/107 1059/100/108
f 1064/350/109 1063/110/37 1061/103/107
f 1066/258/110 1065/53/36 1063/110/37
f 1068/351/11 1067/107/11 1065/53/36
f 1070/282/11 1069/98/11 1067/107/11
f 1072/352/106 1071/99/106 1069/98/11
f 1058/273/106 1057/4/105 1071/99/106
f 1076/277/111 1075/103/111 1073/7/112
f 1078/258/113 1077/53/113 1075/103/111
f 1080/282/114 1079/98/114 1077/53/113
f 1074/273/112 1073/4/112 1079/98/114
f 1084/275/10 1083/94/10 1081/7/115
f 1086/276/12 1085/105/12 1083/94/10
f 1088/277/116 1087/103/116 1085/105/12
f 1090/278/116 1089/73/116 1087/103/116
f 1092/279/42 1091/109/42 1089/73/116
f 1094/258/42 1093/53/42 1091/109/42
f 1096/280/13 1095/108/13 1093/53/42
f 1098/281/14 1097/68/14 1095/108/13
f 1100/282/117 1099/98/117 1097/68/14
f 1102/283/117 1101/93/117 1099/98/117
f 1104/284/115 1103/96/115 1101/93/117
f 1082/273/115 1081/4/115 1103/96/115
f 1108/275/118 1107/94/121 1105/7/119
f 1110/276/120 1109/105/120 1107/94/121
f 1112/277/122 1111/103/122 1109/105/120
f 1114/278/123 1113/73/123 1111/103/122
f 1116/279/124 1115/109/124 1113/73/123
f 1118/258/125 1117/53/127 1115/109/124
f 1120/280/126 1119/108/126 1117/53/127
f 1122/281/128 1121/68/128 1119/108/126
f 1124/282/129 1123/98/129 1121/68/128
f 1126/283/130 1125/93/130 1123/98/129
f 1128/284/131 1127/96/132 1125/93/130
f 1106/273/119 1105/4/119 1127/96/132
f 1132/276/133 1131/105/136 1129/7/134
f 1134/278/135 1133/73/135 1131/105/136
f 1136/258/137 1135/53/137 1133/73/135
f 1138/281/138 1137/68/140 1135/53/137
f 1140/283/139 1139/93/141 1137/68/140
f 1130/273/134 1129/4/134 1139/93/141
f 1144/303/10 1143/305/10 1141/7/142
f 1146/304/12 1145/59/12 1143/305/10
f 1148/306/13 1147/308/13 1145/59/12
f 1150/307/14 1149/58/144 1147/308/13
f 1152/277/143 1151/103/143 1149/58/144
f 1154/309/145 1153/55/145 1151/103/143
f 1156/310/13 1155/312/13 1153/55/145
f 1158/311/14 1157/54/144 1155/312/13
f 1160/313/146 1159/314/146 1157/54/144
f 1162/258/147 1161/53/147 1159/314/146
f 1164/315/148 1163/317/150 1161/53/147
f 1166/316/149 1165/52/149 1163/317/150
f 1168/318/151 1167/320/151 1165/52/149
f 1170/319/152 1169/57/154 1167/320/151
f 1172/282/153 1171/98/153 1169/57/154
f 1174/321/155 1173/56/156 1171/98/153
f 1176/322/10 1175/324/10 1173/56/156
f 1178/323/12 1177/51/12 1175/324/10
f 1180/325/157 1179/326/157 1177/51/12
f 1142/273/142 1141/4/142 1179/326/157
f 1184/277/158 1183/103/158 1181/7/159
f 1186/258/160 1185/53/160 1183/103/158
f 1188/282/161 1187/98/161 1185/53/160
f 1182/273/159 1181/4/159 1187/98/161
f 1192/277/162 1191/103/162 1189/7/163
f 1194/258/164 1193/53/164 1191/103/162
f 1196/282/165 1195/98/165 1193/53/164
f 1190/273/163 1189/4/163 1195/98/165
f 1200/353/10 1199/355/10 1197/7/166
f 1202/354/12 1201/357/12 1199/355/10
f 1204/356/6 1203/65/6 1201/357/12
f 1206/358/6 1205/360/6 1203/65/6
f 1208/359/13 1207/362/13 1205/360/6
f 1210/361/14 1209/64/14 1207/362/13
f 1212/278/167 1211/73/167 1209/64/14
f 1214/363/168 1213/365/168 1211/73/167
f 1216/364/6 1215/63/6 1213/365/168
f 1218/366/6 1217/368/6 1215/63/6
f 1220/367/6 1219/370/6 1217/368/6
f 1222/369/79 1221/62/79 1219/370/6
f 1224/371/169 1223/372/169 1221/62/79
f 1226/281/4 1225/68/4 1223/372/169
f 1228/373/4 1227/61/4 1225/68/4
f 1230/374/4 1229/376/4 1227/61/4
f 1232/375/4 1231/378/4 1229/376/4
f 1234/377/170 1233/60/170 1231/378/4
f 1236/379/170 1235/381/171 1233/60/170
f 1238/380/166 1237/382/166 1235/381/171
f 1198/273/166 1197/4/166 1237/382/166
f 1242/277/172 1241/103/174 1239/7/173
f 1244/258/7 1243/53/7 1241/103/174
f 1246/282/175 1245/98/8 1243/53/7
f 1240/273/173 1239/4/173 1245/98/8
f 1250/383/53 1249/385/53 1247/7/176
f 1252/384/51 1251/387/51 1249/385/53
f 1254/386/177 1253/388/177 1251/387/51
f 1256/356/177 1255/65/177 1253/388/177
f 1258/389/178 1257/391/178 1255/65/177
f 1260/390/178 1259/392/179 1257/391/178
f 1262/277/60 1261/103/61 1259/392/179
f 1264/361/64 1263/64/64 1261/103/61
f 1266/393/180 1265/395/180 1263/64/64
f 1268/394/181 1267/397/181 1265/395/180
f 1270/396/182 1269/398/182 1267/397/181
f 1272/364/183 1271/63/183 1269/398/182
f 1274/399/184 1273/400/186 1271/63/183
f 1276/258/185 1275/53/188 1273/400/186
f 1278/401/187 1277/402/187 1275/53/188
f 1280/369/189 1279/62/189 1277/402/187
f 1282/403/190 1281/405/190 1279/62/189
f 1284/404/191 1283/407/193 1281/405/190
f 1286/406/192 1285/408/192 1283/407/193
f 1288/373/13 1287/61/13 1285/408/192
f 1290/282/60 1289/98/61 1287/61/13
f 1292/409/64 1291/411/64 1289/98/61
f 1294/410/194 1293/412/196 1291/411/64
f 1296/377/195 1295/60/195 1293/412/196
f 1298/413/197 1297/415/197 1295/60/195
f 1300/414/198 1299/417/33 1297/415/197
f 1302/416/199 1301/418/176 1299/417/33
f 1248/273/176 1247/4/176 1301/418/176
f 1306/349/200 1305/100/200 1303/7/201
f 1308/277/200 1307/103/200 1305/100/200
f 1310/350/203 1309/110/204 1307/103/200
f 1312/258/204 1311/53/203 1309/110/204
f 1314/351/205 1313/107/207 1311/53/203
f 1316/282/206 1315/98/209 1313/107/207
f 1318/352/208 1317/99/208 1315/98/209
f 1304/273/202 1303/4/201 1317/99/208
f 1322/276/210 1321/105/213 1319/7/211
f 1324/278/213 1323/73/213 1321/105/213
f 1326/258/10 1325/53/10 1323/73/213
f 1328/281/12 1327/68/12 1325/53/10
f 1330/283/214 1329/93/215 1327/68/12
f 1320/273/212 1319/4/211 1329/93/215
f 1334/277/11 1333/103/11 1331/7/17
f 1336/258/217 1335/53/9 1333/103/11
f 1338/282/16 1337/98/16 1335/53/9
f 1332/273/216 1331/4/17 1337/98/16
f 1342/277/218 1341/103/218 1339/7/219
f 1344/258/220 1343/53/222 1341/103/218
f 1346/282/221 1345/98/223 1343/53/222
f 1340/273/219 1339/4/219 1345/98/223
f 1350/277/224 1349/103/224 1347/7/225
f 1352/258/226 1351/53/226 1349/103/224
f 1354/282/227 1353/98/227 1351/53/226
f 1348/273/225 1347/4/225 1353/98/227
f 1358/277/218 1357/103/218 1355/7/219
f 1360/258/220 1359/53/228 1357/103/218
f 1362/282/223 1361/98/223 1359/53/228
f 1356/273/219 1355/4/219 1361/98/223
f 1366/349/200 1365/100/200 1363/7/201
f 1368/277/200 1367/103/200 1365/100/200
f 1370/350/203 1369/110/204 1367/103/200
f 1372/258/204 1371/53/203 1369/110/204
f 1374/351/205 1373/107/207 1371/53/203
f 1376/282/206 1375/98/209 1373/107/207
f 1378/352/208 1377/99/208 1375/98/209
f 1364/273/202 1363/4/201 1377/99/208
f 1382/276/229 1381/105/229 1379/7/64
f 1384/278/230 1383/73/230 1381/105/229
f 1386/258/231 1385/53/231 1383/73/230
f 1388/281/231 1387/68/231 1385/53/231
f 1390/283/60 1389/93/61 1387/68/231
f 1380/273/64 1379/4/64 1389/93/61
f 1394/244/232 1393/12/232 1391/7/233
f 1396/247/234 1395/9/234 1393/12/232
f 1398/250/235 1397/8/235 1395/9/234
f 1400/253/169 1399/3/169 1397/8/235
f 1402/256/236 1401/2/236 1399/3/169
f 1404/259/237 1403/1/239 1401/2/236
f 1406/261/238 1405/6/238 1403/1/239
f 1408/264/240 1407/5/240 1405/6/238
f 1410/267/241 1409/10/243 1407/5/240
f 1412/270/242 1411/11/242 1409/10/243
f 1392/273/233 1391/4/233 1411/11/242
f 1416/303/229 1415/305/229 1413/7/36
f 1418/304/230 1417/59/230 1415/305/229
f 1420/306/32 1419/308/32 1417/59/230
f 1422/307/33 1421/58/33 1419/308/32
f 1424/277/244 1423/103/53 1421/58/33
f 1426/309/51 1425/55/51 1423/103/53
f 1428/310/22 1427/312/22 1425/55/51
f 1430/311/22 1429/54/22 1427/312/22
f 1432/313/245 1431/314/245 1429/54/22
f 1434/258/245 1433/53/245 1431/314/245
f 1436/315/246 1435/317/246 1433/53/245
f 1438/316/246 1437/52/246 1435/317/246
f 1440/318/60 1439/320/61 1437/52/246
f 1442/319/64 1441/57/64 1439/320/61
f 1444/282/247 1443/98/248 1441/57/64
f 1446/321/248 1445/56/247 1443/98/248
f 1448/322/249 1447/324/249 1445/56/247
f 1450/323/249 1449/51/249 1447/324/249
f 1452/325/36 1451/326/36 1449/51/249
f 1414/273/36 1413/4/36 1451/326/36
f 1456/277/250 1455/103/250 1453/7/114
f 1458/258/251 1457/53/251 1455/103/250
f 1460/282/252 1459/98/252 1457/53/251
f 1454/273/114 1453/4/114 1459/98/252
f 1464/384/253 1463/387/253 1461/7/64
f 1466/356/255 1465/65/256 1463/387/253
f 1468/390/7 1467/392/9 1465/65/256
f 1470/361/9 1469/64/7 1467/392/9
f 1472/394/26 1471/397/26 1469/64/7
f 1474/364/26 1473/63/26 1471/397/26
f 1476/258/60 1475/53/61 1473/63/26
f 1478/369/64 1477/62/64 1475/53/61
f 1480/404/15 1479/407/15 1477/62/64
f 1482/373/257 1481/61/257 1479/407/15
f 1484/409/235 1483/411/235 1481/61/257
f 1486/377/169 1485/60/169 1483/411/235
f 1488/414/64 1487/417/254 1485/60/169
f 1462/273/254 1461/4/64 1487/417/254
f 1492/277/258 1491/103/260 1489/7/259
f 1494/258/244 1493/53/244 1491/103/260
f 1496/282/261 1495/98/261 1493/53/244
f 1490/273/259 1489/4/259 1495/98/261
f 1500/277/262 1499/103/262 1497/7/263
f 1502/258/265 1501/53/265 1499/103/262
f 1504/282/266 1503/98/267 1501/53/265
f 1498/273/264 1497/4/263 1503/98/267
f 1508/349/268 1507/100/268 1505/7/269
f 1510/277/271 1509/103/271 1507/100/268
f 1512/350/114 1511/110/273 1509/103/271
f 1514/258/272 1513/53/272 1511/110/273
f 1516/351/53 1515/107/53 1513/53/272
f 1518/282/51 1517/98/51 1515/107/53
f 1520/352/274 1519/99/275 1517/98/51
f 1506/273/270 1505/4/269 1519/99/275
