# Blender 5.2.1 LTS
# www.blender.org
mtllib tutorialText11.mtl
o トーラス.004
v -3.852657 -0.055010 0.130201
v -3.848755 -0.054144 0.137804
v -3.840953 -0.052411 0.137804
v -3.837051 -0.051545 0.130201
v -3.840953 -0.052411 0.122599
v -3.848755 -0.054144 0.122599
v -3.819993 -0.072542 0.130201
v -3.816607 -0.071399 0.137804
v -3.809833 -0.069114 0.137804
v -3.806446 -0.067972 0.130201
v -3.809833 -0.069114 0.122599
v -3.816607 -0.071399 0.122599
v -3.779065 -0.087285 0.130201
v -3.776323 -0.085911 0.137804
v -3.770838 -0.083162 0.137804
v -3.768096 -0.081787 0.130201
v -3.770838 -0.083162 0.122599
v -3.776323 -0.085911 0.122599
v -3.731445 -0.098675 0.130201
v -3.729453 -0.097121 0.137804
v -3.725468 -0.094013 0.137804
v -3.723475 -0.092459 0.130201
v -3.725468 -0.094013 0.122599
v -3.729453 -0.097121 0.122599
v -3.678963 -0.106272 0.130201
v -3.677797 -0.104598 0.137804
v -3.675465 -0.101251 0.137804
v -3.674299 -0.099577 0.130201
v -3.675465 -0.101251 0.122599
v -3.677797 -0.104598 0.122599
v -3.623635 -0.109785 0.130201
v -3.623341 -0.108056 0.137804
v -3.622751 -0.104598 0.137804
v -3.622457 -0.102870 0.130201
v -3.622751 -0.104598 0.122599
v -3.623341 -0.108056 0.122599
v -3.567589 -0.109080 0.130201
v -3.568177 -0.107362 0.137804
v -3.569353 -0.103926 0.137804
v -3.569941 -0.102208 0.130201
v -3.569353 -0.103926 0.122599
v -3.568177 -0.107362 0.122599
v -3.512978 -0.104182 0.130201
v -3.514426 -0.102541 0.137804
v -3.517322 -0.099260 0.137804
v -3.518770 -0.097619 0.130201
v -3.517322 -0.099260 0.122599
v -3.514426 -0.102541 0.122599
v -3.461900 -0.095281 0.130201
v -3.464152 -0.093780 0.137804
v -3.468657 -0.090779 0.137804
v -3.470909 -0.089279 0.130201
v -3.468657 -0.090779 0.122599
v -3.464152 -0.093780 0.122599
v -3.416318 -0.082718 0.130201
v -3.419289 -0.081415 0.137804
v -3.425229 -0.078810 0.137804
v -3.428199 -0.077507 0.130201
v -3.425229 -0.078810 0.122599
v -3.419289 -0.081415 0.122599
v -3.377985 -0.066976 0.130201
v -3.381559 -0.065922 0.137804
v -3.388706 -0.063812 0.137804
v -3.392280 -0.062757 0.130201
v -3.388706 -0.063812 0.122599
v -3.381559 -0.065922 0.122599
v -3.348373 -0.048661 0.130201
v -3.352413 -0.047895 0.137804
v -3.360493 -0.046362 0.137804
v -3.364534 -0.045596 0.130201
v -3.360493 -0.046362 0.122599
v -3.352413 -0.047895 0.122599
v -3.328620 -0.028475 0.130201
v -3.332971 -0.028027 0.137804
v -3.341673 -0.027130 0.137804
v -3.346025 -0.026682 0.130201
v -3.341673 -0.027130 0.122599
v -3.332971 -0.028027 0.122599
v -3.319485 -0.007196 0.130201
v -3.323980 -0.007082 0.137804
v -3.332971 -0.006856 0.137804
v -3.337466 -0.006742 0.130201
v -3.332971 -0.006856 0.122599
v -3.323980 -0.007082 0.122599
v -3.321320 0.014361 0.130201
v -3.325786 0.014134 0.137804
v -3.334719 0.013682 0.137804
v -3.339185 0.013456 0.130201
v -3.334719 0.013682 0.122599
v -3.325786 0.014134 0.122599
v -3.334054 0.035365 0.130201
v -3.338319 0.034808 0.137804
v -3.346851 0.033694 0.137804
v -3.351117 0.033137 0.130201
v -3.346851 0.033694 0.122599
v -3.338319 0.034808 0.122599
v -3.357197 0.055010 0.130201
v -3.361098 0.054144 0.137804
v -3.368901 0.052411 0.137804
v -3.372802 0.051545 0.130201
v -3.368901 0.052411 0.122599
v -3.361098 0.054144 0.122599
v -3.389860 0.072542 0.130201
v -3.393247 0.071399 0.137804
v -3.400021 0.069114 0.137804
v -3.403407 0.067972 0.130201
v -3.400021 0.069114 0.122599
v -3.393247 0.071399 0.122599
v -3.430788 0.087285 0.130201
v -3.433530 0.085911 0.137804
v -3.439015 0.083162 0.137804
v -3.441757 0.081787 0.130201
v -3.439015 0.083162 0.122599
v -3.433530 0.085911 0.122599
v -3.478408 0.098675 0.130201
v -3.480401 0.097121 0.137804
v -3.484385 0.094013 0.137804
v -3.486378 0.092459 0.130201
v -3.484385 0.094013 0.122599
v -3.480401 0.097121 0.122599
v -3.530890 0.106272 0.130201
v -3.532056 0.104598 0.137804
v -3.534388 0.101251 0.137804
v -3.535554 0.099578 0.130201
v -3.534388 0.101251 0.122599
v -3.532056 0.104598 0.122599
v -3.586217 0.109785 0.130201
v -3.586512 0.108056 0.137804
v -3.587101 0.104598 0.137804
v -3.587396 0.102870 0.130201
v -3.587101 0.104598 0.122599
v -3.586512 0.108056 0.122599
v -3.642264 0.109080 0.130201
v -3.641676 0.107362 0.137804
v -3.640500 0.103926 0.137804
v -3.639912 0.102208 0.130201
v -3.640500 0.103926 0.122599
v -3.641676 0.107362 0.122599
v -3.696875 0.104182 0.130201
v -3.695427 0.102541 0.137804
v -3.692532 0.099260 0.137804
v -3.691083 0.097619 0.130201
v -3.692532 0.099260 0.122599
v -3.695427 0.102541 0.122599
v -3.747954 0.095281 0.130201
v -3.745701 0.093780 0.137804
v -3.741196 0.090779 0.137804
v -3.738944 0.089279 0.130201
v -3.741196 0.090779 0.122599
v -3.745701 0.093780 0.122599
v -3.793535 0.082718 0.130201
v -3.790565 0.081415 0.137804
v -3.784624 0.078810 0.137804
v -3.781654 0.077507 0.130201
v -3.784624 0.078810 0.122599
v -3.790565 0.081415 0.122599
v -3.831868 0.066976 0.130201
v -3.828294 0.065922 0.137804
v -3.821147 0.063812 0.137804
v -3.817573 0.062757 0.130201
v -3.821147 0.063812 0.122599
v -3.828294 0.065922 0.122599
v -3.861480 0.048661 0.130201
v -3.857440 0.047895 0.137804
v -3.849360 0.046362 0.137804
v -3.845320 0.045596 0.130201
v -3.849360 0.046362 0.122599
v -3.857440 0.047895 0.122599
v -3.881233 0.028476 0.130201
v -3.876882 0.028027 0.137804
v -3.868180 0.027130 0.137804
v -3.863828 0.026682 0.130201
v -3.868180 0.027130 0.122599
v -3.876882 0.028027 0.122599
v -3.890368 0.007196 0.130201
v -3.885873 0.007082 0.137804
v -3.876883 0.006856 0.137804
v -3.872387 0.006743 0.130201
v -3.876883 0.006856 0.122599
v -3.885873 0.007082 0.122599
v -3.888533 -0.014361 0.130201
v -3.884067 -0.014134 0.137804
v -3.875134 -0.013682 0.137804
v -3.870668 -0.013456 0.130201
v -3.875134 -0.013682 0.122599
v -3.884067 -0.014134 0.122599
v -3.875799 -0.035365 0.130201
v -3.871534 -0.034808 0.137804
v -3.863003 -0.033694 0.137804
v -3.858737 -0.033137 0.130201
v -3.863003 -0.033694 0.122599
v -3.871534 -0.034808 0.122599
v -3.817974 -0.047309 0.013580
v -3.814619 -0.046564 0.021182
v -3.807909 -0.045074 0.021182
v -3.804554 -0.044329 0.013580
v -3.807909 -0.045074 0.005977
v -3.814619 -0.046564 0.005977
v -3.789884 -0.062386 0.013580
v -3.786971 -0.061403 0.021182
v -3.781146 -0.059439 0.021182
v -3.778233 -0.058456 0.013580
v -3.781146 -0.059439 0.005977
v -3.786971 -0.061403 0.005977
v -3.754686 -0.075065 0.013580
v -3.752327 -0.073883 0.021182
v -3.747610 -0.071519 0.021182
v -3.745252 -0.070337 0.013580
v -3.747610 -0.071519 0.005977
v -3.752327 -0.073883 0.005977
v -3.713732 -0.084860 0.013580
v -3.712019 -0.083524 0.021182
v -3.708592 -0.080851 0.021182
v -3.706878 -0.079515 0.013580
v -3.708592 -0.080851 0.005977
v -3.712019 -0.083524 0.005977
v -3.668598 -0.091394 0.013580
v -3.667595 -0.089955 0.021182
v -3.665590 -0.087076 0.021182
v -3.664587 -0.085637 0.013580
v -3.665590 -0.087076 0.005977
v -3.667595 -0.089955 0.005977
v -3.621016 -0.094415 0.013580
v -3.620763 -0.092928 0.021182
v -3.620256 -0.089955 0.021182
v -3.620003 -0.088468 0.013580
v -3.620256 -0.089955 0.005977
v -3.620763 -0.092928 0.005977
v -3.572816 -0.093808 0.013580
v -3.573322 -0.092331 0.021182
v -3.574333 -0.089376 0.021182
v -3.574839 -0.087899 0.013580
v -3.574333 -0.089376 0.005977
v -3.573322 -0.092331 0.005977
v -3.525851 -0.089596 0.013580
v -3.527096 -0.088185 0.021182
v -3.529586 -0.085364 0.021182
v -3.530832 -0.083953 0.013580
v -3.529586 -0.085364 0.005977
v -3.527096 -0.088185 0.005977
v -3.481923 -0.081941 0.013580
v -3.483860 -0.080651 0.021182
v -3.487735 -0.078070 0.021182
v -3.489672 -0.076780 0.013580
v -3.487735 -0.078070 0.005977
v -3.483860 -0.080651 0.005977
v -3.442723 -0.071137 0.013580
v -3.445278 -0.070017 0.021182
v -3.450386 -0.067777 0.021182
v -3.452941 -0.066656 0.013580
v -3.450386 -0.067777 0.005977
v -3.445278 -0.070017 0.005977
v -3.409757 -0.057600 0.013580
v -3.412830 -0.056693 0.021182
v -3.418977 -0.054878 0.021182
v -3.422051 -0.053971 0.013580
v -3.418977 -0.054878 0.005977
v -3.412830 -0.056693 0.005977
v -3.384290 -0.041848 0.013580
v -3.387765 -0.041189 0.021182
v -3.394714 -0.039871 0.021182
v -3.398189 -0.039212 0.013580
v -3.394714 -0.039871 0.005977
v -3.387765 -0.041189 0.005977
v -3.367303 -0.024489 0.013580
v -3.371045 -0.024103 0.021182
v -3.378529 -0.023332 0.021182
v -3.382271 -0.022946 0.013580
v -3.378529 -0.023332 0.005977
v -3.371045 -0.024103 0.005977
v -3.359447 -0.006188 0.013580
v -3.363313 -0.006091 0.021182
v -3.371044 -0.005896 0.021182
v -3.374910 -0.005799 0.013580
v -3.371044 -0.005896 0.005977
v -3.363313 -0.006091 0.005977
v -3.361025 0.012350 0.013580
v -3.364866 0.012156 0.021182
v -3.372548 0.011767 0.021182
v -3.376389 0.011572 0.013580
v -3.372548 0.011767 0.005977
v -3.364866 0.012156 0.005977
v -3.371976 0.030414 0.013580
v -3.375644 0.029935 0.021182
v -3.382981 0.028977 0.021182
v -3.386650 0.028498 0.013580
v -3.382981 0.028977 0.005977
v -3.375644 0.029935 0.005977
v -3.391879 0.047309 0.013580
v -3.395234 0.046564 0.021182
v -3.401944 0.045074 0.021182
v -3.405299 0.044329 0.013580
v -3.401944 0.045074 0.005977
v -3.395234 0.046564 0.005977
v -3.419969 0.062386 0.013580
v -3.422882 0.061403 0.021182
v -3.428707 0.059439 0.021182
v -3.431620 0.058456 0.013580
v -3.428707 0.059439 0.005977
v -3.422882 0.061403 0.005977
v -3.455167 0.075065 0.013580
v -3.457526 0.073883 0.021182
v -3.462242 0.071519 0.021182
v -3.464601 0.070337 0.013580
v -3.462242 0.071519 0.005977
v -3.457526 0.073883 0.005977
v -3.496121 0.084860 0.013580
v -3.497834 0.083524 0.021182
v -3.501261 0.080851 0.021182
v -3.502975 0.079515 0.013580
v -3.501261 0.080851 0.005977
v -3.497834 0.083524 0.005977
v -3.541255 0.091394 0.013580
v -3.542258 0.089955 0.021182
v -3.544263 0.087076 0.021182
v -3.545266 0.085637 0.013580
v -3.544263 0.087076 0.005977
v -3.542258 0.089955 0.005977
v -3.588837 0.094415 0.013580
v -3.589090 0.092928 0.021182
v -3.589597 0.089955 0.021182
v -3.589850 0.088468 0.013580
v -3.589597 0.089955 0.005977
v -3.589090 0.092928 0.005977
v -3.637037 0.093808 0.013580
v -3.636531 0.092331 0.021182
v -3.635520 0.089376 0.021182
v -3.635014 0.087899 0.013580
v -3.635520 0.089376 0.005977
v -3.636531 0.092331 0.005977
v -3.684003 0.089597 0.013580
v -3.682757 0.088185 0.021182
v -3.680267 0.085364 0.021182
v -3.679022 0.083953 0.013580
v -3.680267 0.085364 0.005977
v -3.682757 0.088185 0.005977
v -3.727930 0.081941 0.013580
v -3.725993 0.080651 0.021182
v -3.722118 0.078070 0.021182
v -3.720181 0.076780 0.013580
v -3.722118 0.078070 0.005977
v -3.725993 0.080651 0.005977
v -3.767129 0.071138 0.013580
v -3.764575 0.070017 0.021182
v -3.759466 0.067777 0.021182
v -3.756912 0.066656 0.013580
v -3.759466 0.067777 0.005977
v -3.764575 0.070017 0.005977
v -3.800097 0.057600 0.013580
v -3.797023 0.056693 0.021182
v -3.790876 0.054878 0.021182
v -3.787802 0.053971 0.013580
v -3.790876 0.054878 0.005977
v -3.797023 0.056693 0.005977
v -3.825563 0.041849 0.013580
v -3.822088 0.041189 0.021182
v -3.815139 0.039871 0.021182
v -3.811664 0.039212 0.013580
v -3.815139 0.039871 0.005977
v -3.822088 0.041189 0.005977
v -3.842551 0.024489 0.013580
v -3.838808 0.024103 0.021182
v -3.831324 0.023332 0.021182
v -3.827582 0.022946 0.013580
v -3.831324 0.023332 0.005977
v -3.838808 0.024103 0.005977
v -3.850406 0.006188 0.013580
v -3.846540 0.006091 0.021182
v -3.838809 0.005896 0.021182
v -3.834943 0.005799 0.013580
v -3.838809 0.005896 0.005977
v -3.846540 0.006091 0.005977
v -3.848828 -0.012350 0.013580
v -3.844987 -0.012156 0.021182
v -3.837305 -0.011767 0.021182
v -3.833464 -0.011572 0.013580
v -3.837305 -0.011767 0.005977
v -3.844987 -0.012156 0.005977
v -3.837878 -0.030414 0.013580
v -3.834209 -0.029935 0.021182
v -3.826872 -0.028977 0.021182
v -3.823203 -0.028498 0.013580
v -3.826872 -0.028977 0.005977
v -3.834209 -0.029935 0.005977
v -3.783292 -0.039608 -0.103042
v -3.780483 -0.038984 -0.095440
v -3.774866 -0.037736 -0.095440
v -3.772056 -0.037113 -0.103042
v -3.774866 -0.037736 -0.110645
v -3.780483 -0.038984 -0.110645
v -3.759774 -0.052230 -0.103042
v -3.757336 -0.051408 -0.095440
v -3.752459 -0.049763 -0.095440
v -3.750020 -0.048940 -0.103042
v -3.752459 -0.049763 -0.110645
v -3.757336 -0.051408 -0.110645
v -3.730307 -0.062845 -0.103042
v -3.728332 -0.061856 -0.095440
v -3.724383 -0.059876 -0.095440
v -3.722408 -0.058887 -0.103042
v -3.724383 -0.059876 -0.110645
v -3.728332 -0.061856 -0.110645
v -3.696020 -0.071046 -0.103042
v -3.694585 -0.069927 -0.095440
v -3.691716 -0.067689 -0.095440
v -3.690282 -0.066570 -0.103042
v -3.691716 -0.067689 -0.110645
v -3.694585 -0.069927 -0.110645
v -3.658232 -0.076516 -0.103042
v -3.657393 -0.075311 -0.095440
v -3.655714 -0.072901 -0.095440
v -3.654875 -0.071696 -0.103042
v -3.655714 -0.072901 -0.110645
v -3.657393 -0.075311 -0.110645
v -3.618397 -0.079045 -0.103042
v -3.618185 -0.077801 -0.095440
v -3.617761 -0.075311 -0.095440
v -3.617548 -0.074066 -0.103042
v -3.617761 -0.075311 -0.110645
v -3.618185 -0.077801 -0.110645
v -3.578043 -0.078537 -0.103042
v -3.578467 -0.077300 -0.095440
v -3.579314 -0.074827 -0.095440
v -3.579737 -0.073590 -0.103042
v -3.579314 -0.074827 -0.110645
v -3.578467 -0.077300 -0.110645
v -3.538723 -0.075011 -0.103042
v -3.539766 -0.073830 -0.095440
v -3.541851 -0.071467 -0.095440
v -3.542894 -0.070286 -0.103042
v -3.541851 -0.071467 -0.110645
v -3.539766 -0.073830 -0.110645
v -3.501947 -0.068602 -0.103042
v -3.503569 -0.067522 -0.095440
v -3.506812 -0.065361 -0.095440
v -3.508434 -0.064281 -0.103042
v -3.506812 -0.065361 -0.110645
v -3.503569 -0.067522 -0.110645
v -3.469129 -0.059557 -0.103042
v -3.471267 -0.058619 -0.095440
v -3.475544 -0.056743 -0.095440
v -3.477683 -0.055805 -0.103042
v -3.475544 -0.056743 -0.110645
v -3.471267 -0.058619 -0.110645
v -3.441528 -0.048223 -0.103042
v -3.444102 -0.047464 -0.095440
v -3.449248 -0.045945 -0.095440
v -3.451821 -0.045185 -0.103042
v -3.449248 -0.045945 -0.110645
v -3.444102 -0.047464 -0.110645
v -3.420208 -0.035036 -0.103042
v -3.423117 -0.034484 -0.095440
v -3.428935 -0.033381 -0.095440
v -3.431844 -0.032829 -0.103042
v -3.428935 -0.033381 -0.110645
v -3.423117 -0.034484 -0.110645
v -3.405986 -0.020502 -0.103042
v -3.409118 -0.020180 -0.095440
v -3.415384 -0.019534 -0.095440
v -3.418518 -0.019211 -0.103042
v -3.415384 -0.019534 -0.110645
v -3.409118 -0.020180 -0.110645
v -3.399409 -0.005181 -0.103042
v -3.402645 -0.005099 -0.095440
v -3.409118 -0.004936 -0.095440
v -3.412355 -0.004855 -0.103042
v -3.409118 -0.004936 -0.110645
v -3.402645 -0.005099 -0.110645
v -3.400730 0.010340 -0.103042
v -3.403945 0.010177 -0.095440
v -3.410377 0.009851 -0.095440
v -3.413593 0.009688 -0.103042
v -3.410377 0.009851 -0.110645
v -3.403945 0.010177 -0.110645
v -3.409898 0.025463 -0.103042
v -3.412969 0.025062 -0.095440
v -3.419112 0.024260 -0.095440
v -3.422183 0.023859 -0.103042
v -3.419112 0.024260 -0.110645
v -3.412969 0.025062 -0.110645
v -3.426561 0.039607 -0.103042
v -3.429370 0.038984 -0.095440
v -3.434988 0.037736 -0.095440
v -3.437797 0.037112 -0.103042
v -3.434988 0.037736 -0.110645
v -3.429370 0.038984 -0.110645
v -3.450079 0.052230 -0.103042
v -3.452517 0.051408 -0.095440
v -3.457394 0.049762 -0.095440
v -3.459833 0.048940 -0.103042
v -3.457394 0.049762 -0.110645
v -3.452517 0.051408 -0.110645
v -3.479547 0.062845 -0.103042
v -3.481521 0.061856 -0.095440
v -3.485470 0.059876 -0.095440
v -3.487445 0.058887 -0.103042
v -3.485470 0.059876 -0.110645
v -3.481521 0.061856 -0.110645
v -3.513834 0.071046 -0.103042
v -3.515268 0.069927 -0.095440
v -3.518137 0.067689 -0.095440
v -3.519572 0.066570 -0.103042
v -3.518137 0.067689 -0.110645
v -3.515268 0.069927 -0.110645
v -3.551621 0.076516 -0.103042
v -3.552460 0.075311 -0.095440
v -3.554139 0.072901 -0.095440
v -3.554978 0.071696 -0.103042
v -3.554139 0.072901 -0.110645
v -3.552460 0.075311 -0.110645
v -3.591456 0.079045 -0.103042
v -3.591668 0.077800 -0.095440
v -3.592093 0.075311 -0.095440
v -3.592305 0.074066 -0.103042
v -3.592093 0.075311 -0.110645
v -3.591668 0.077800 -0.110645
v -3.631810 0.078537 -0.103042
v -3.631386 0.077300 -0.095440
v -3.630539 0.074827 -0.095440
v -3.630116 0.073590 -0.103042
v -3.630539 0.074827 -0.110645
v -3.631386 0.077300 -0.110645
v -3.671130 0.075011 -0.103042
v -3.670087 0.073830 -0.095440
v -3.668002 0.071467 -0.095440
v -3.666960 0.070286 -0.103042
v -3.668002 0.071467 -0.110645
v -3.670087 0.073830 -0.110645
v -3.707906 0.068602 -0.103042
v -3.706284 0.067522 -0.095440
v -3.703041 0.065361 -0.095440
v -3.701419 0.064281 -0.103042
v -3.703041 0.065361 -0.110645
v -3.706284 0.067522 -0.110645
v -3.740725 0.059557 -0.103042
v -3.738586 0.058619 -0.095440
v -3.734309 0.056743 -0.095440
v -3.732170 0.055805 -0.103042
v -3.734309 0.056743 -0.110645
v -3.738586 0.058619 -0.110645
v -3.768324 0.048223 -0.103042
v -3.765751 0.047464 -0.095440
v -3.760605 0.045945 -0.095440
v -3.758032 0.045185 -0.103042
v -3.760605 0.045945 -0.110645
v -3.765751 0.047464 -0.110645
v -3.789645 0.035036 -0.103042
v -3.786736 0.034484 -0.095440
v -3.780918 0.033381 -0.095440
v -3.778009 0.032829 -0.103042
v -3.780918 0.033381 -0.110645
v -3.786736 0.034484 -0.110645
v -3.803868 0.020502 -0.103042
v -3.800735 0.020179 -0.095440
v -3.794469 0.019534 -0.095440
v -3.791336 0.019211 -0.103042
v -3.794469 0.019534 -0.110645
v -3.800735 0.020179 -0.110645
v -3.810445 0.005181 -0.103042
v -3.807208 0.005099 -0.095440
v -3.800735 0.004936 -0.095440
v -3.797498 0.004855 -0.103042
v -3.800735 0.004936 -0.110645
v -3.807208 0.005099 -0.110645
v -3.809123 -0.010340 -0.103042
v -3.805908 -0.010177 -0.095440
v -3.799476 -0.009851 -0.095440
v -3.796261 -0.009688 -0.103042
v -3.799476 -0.009851 -0.110645
v -3.805908 -0.010177 -0.110645
v -3.799955 -0.025463 -0.103042
v -3.796884 -0.025062 -0.095440
v -3.790741 -0.024260 -0.095440
v -3.787670 -0.023859 -0.103042
v -3.790741 -0.024260 -0.110645
v -3.796884 -0.025062 -0.110645
v -3.748610 -0.031906 -0.219663
v -3.746347 -0.031404 -0.212061
v -3.741822 -0.030399 -0.212061
v -3.739559 -0.029896 -0.219663
v -3.741822 -0.030399 -0.227266
v -3.746347 -0.031404 -0.227266
v -3.729665 -0.042074 -0.219663
v -3.727701 -0.041412 -0.212061
v -3.723772 -0.040086 -0.212061
v -3.721808 -0.039424 -0.219663
v -3.723772 -0.040086 -0.227266
v -3.727701 -0.041412 -0.227266
v -3.705927 -0.050625 -0.219663
v -3.704336 -0.049828 -0.212061
v -3.701155 -0.048234 -0.212061
v -3.699565 -0.047436 -0.219663
v -3.701155 -0.048234 -0.227266
v -3.704336 -0.049828 -0.227266
v -3.678307 -0.057231 -0.219663
v -3.677151 -0.056330 -0.212061
v -3.674840 -0.054527 -0.212061
v -3.673685 -0.053626 -0.219663
v -3.674840 -0.054527 -0.227266
v -3.677151 -0.056330 -0.227266
v -3.647867 -0.061638 -0.219663
v -3.647191 -0.060667 -0.212061
v -3.645839 -0.058726 -0.212061
v -3.645163 -0.057755 -0.219663
v -3.645839 -0.058726 -0.227266
v -3.647191 -0.060667 -0.227266
v -3.615777 -0.063675 -0.219663
v -3.615607 -0.062673 -0.212061
v -3.615265 -0.060667 -0.212061
v -3.615094 -0.059664 -0.219663
v -3.615265 -0.060667 -0.227266
v -3.615607 -0.062673 -0.227266
v -3.583271 -0.063266 -0.219663
v -3.583612 -0.062270 -0.212061
v -3.584294 -0.060277 -0.212061
v -3.584635 -0.059281 -0.219663
v -3.584294 -0.060277 -0.227266
v -3.583612 -0.062270 -0.227266
v -3.551596 -0.060426 -0.219663
v -3.552436 -0.059474 -0.212061
v -3.554116 -0.057571 -0.212061
v -3.554955 -0.056619 -0.219663
v -3.554116 -0.057571 -0.227266
v -3.552436 -0.059474 -0.227266
v -3.521971 -0.055263 -0.219663
v -3.523277 -0.054393 -0.212061
v -3.525890 -0.052652 -0.212061
v -3.527196 -0.051782 -0.219663
v -3.525890 -0.052652 -0.227266
v -3.523277 -0.054393 -0.227266
v -3.495533 -0.047976 -0.219663
v -3.497257 -0.047221 -0.212061
v -3.500702 -0.045710 -0.212061
v -3.502424 -0.044954 -0.219663
v -3.500702 -0.045710 -0.227266
v -3.497257 -0.047221 -0.227266
v -3.473300 -0.038846 -0.219663
v -3.475373 -0.038235 -0.212061
v -3.479519 -0.037011 -0.212061
v -3.481592 -0.036399 -0.219663
v -3.479519 -0.037011 -0.227266
v -3.475373 -0.038235 -0.227266
v -3.456125 -0.028223 -0.219663
v -3.458469 -0.027779 -0.212061
v -3.463155 -0.026890 -0.212061
v -3.465498 -0.026446 -0.219663
v -3.463155 -0.026890 -0.227266
v -3.458469 -0.027779 -0.227266
v -3.444669 -0.016516 -0.219663
v -3.447192 -0.016256 -0.212061
v -3.452240 -0.015735 -0.212061
v -3.454764 -0.015476 -0.219663
v -3.452240 -0.015735 -0.227266
v -3.447192 -0.016256 -0.227266
v -3.439370 -0.004174 -0.219663
v -3.441978 -0.004108 -0.212061
v -3.447192 -0.003976 -0.212061
v -3.449800 -0.003911 -0.219663
v -3.447192 -0.003976 -0.227266
v -3.441978 -0.004108 -0.227266
v -3.440435 0.008329 -0.219663
v -3.443025 0.008198 -0.212061
v -3.448206 0.007936 -0.212061
v -3.450796 0.007804 -0.219663
v -3.448206 0.007936 -0.227266
v -3.443025 0.008198 -0.227266
v -3.447820 0.020512 -0.219663
v -3.450294 0.020189 -0.212061
v -3.455243 0.019543 -0.212061
v -3.457717 0.019220 -0.219663
v -3.455243 0.019543 -0.227266
v -3.450294 0.020189 -0.227266
v -3.461243 0.031906 -0.219663
v -3.463506 0.031404 -0.212061
v -3.468031 0.030399 -0.212061
v -3.470294 0.029896 -0.219663
v -3.468031 0.030399 -0.227266
v -3.463506 0.031404 -0.227266
v -3.480188 0.042074 -0.219663
v -3.482152 0.041412 -0.212061
v -3.486081 0.040086 -0.212061
v -3.488045 0.039424 -0.219663
v -3.486081 0.040086 -0.227266
v -3.482152 0.041412 -0.227266
v -3.503926 0.050625 -0.219664
v -3.505517 0.049828 -0.212061
v -3.508698 0.048234 -0.212061
v -3.510288 0.047436 -0.219664
v -3.508698 0.048234 -0.227266
v -3.505517 0.049828 -0.227266
v -3.531546 0.057231 -0.219664
v -3.532701 0.056330 -0.212061
v -3.535013 0.054527 -0.212061
v -3.536168 0.053626 -0.219664
v -3.535013 0.054527 -0.227266
v -3.532701 0.056330 -0.227266
v -3.561986 0.061638 -0.219664
v -3.562662 0.060667 -0.212061
v -3.564014 0.058726 -0.212061
v -3.564690 0.057755 -0.219664
v -3.564014 0.058726 -0.227266
v -3.562662 0.060667 -0.227266
v -3.594075 0.063675 -0.219664
v -3.594246 0.062673 -0.212061
v -3.594588 0.060667 -0.212061
v -3.594759 0.059664 -0.219664
v -3.594588 0.060667 -0.227266
v -3.594246 0.062673 -0.227266
v -3.626582 0.063266 -0.219664
v -3.626241 0.062270 -0.212061
v -3.625559 0.060277 -0.212061
v -3.625218 0.059281 -0.219664
v -3.625559 0.060277 -0.227266
v -3.626241 0.062270 -0.227266
v -3.658257 0.060426 -0.219664
v -3.657417 0.059474 -0.212061
v -3.655737 0.057571 -0.212061
v -3.654897 0.056619 -0.219664
v -3.655737 0.057571 -0.227266
v -3.657417 0.059474 -0.227266
v -3.687882 0.055263 -0.219664
v -3.686576 0.054393 -0.212061
v -3.683963 0.052652 -0.212061
v -3.682657 0.051782 -0.219664
v -3.683963 0.052652 -0.227266
v -3.686576 0.054393 -0.227266
v -3.714319 0.047976 -0.219664
v -3.712597 0.047221 -0.212061
v -3.709151 0.045710 -0.212061
v -3.707428 0.044954 -0.219663
v -3.709151 0.045710 -0.227266
v -3.712597 0.047221 -0.227266
v -3.736553 0.038846 -0.219663
v -3.734480 0.038235 -0.212061
v -3.730334 0.037011 -0.212061
v -3.728261 0.036399 -0.219663
v -3.730334 0.037011 -0.227266
v -3.734480 0.038235 -0.227266
v -3.753728 0.028223 -0.219663
v -3.751384 0.027779 -0.212061
v -3.746698 0.026890 -0.212061
v -3.744354 0.026445 -0.219663
v -3.746698 0.026890 -0.227266
v -3.751384 0.027779 -0.227266
v -3.765185 0.016516 -0.219663
v -3.762661 0.016256 -0.212061
v -3.757613 0.015736 -0.212061
v -3.755090 0.015475 -0.219663
v -3.757613 0.015736 -0.227266
v -3.762661 0.016256 -0.227266
v -3.770482 0.004174 -0.219663
v -3.767875 0.004108 -0.212061
v -3.762661 0.003976 -0.212061
v -3.760054 0.003911 -0.219663
v -3.762661 0.003976 -0.227266
v -3.767875 0.004108 -0.227266
v -3.769418 -0.008329 -0.219663
v -3.766828 -0.008198 -0.212061
v -3.761647 -0.007936 -0.212061
v -3.759057 -0.007804 -0.219663
v -3.761647 -0.007936 -0.227266
v -3.766828 -0.008198 -0.227266
v -3.762033 -0.020512 -0.219663
v -3.759559 -0.020189 -0.212061
v -3.754611 -0.019543 -0.212061
v -3.752136 -0.019220 -0.219663
v -3.754611 -0.019543 -0.227266
v -3.759559 -0.020189 -0.227266
v -3.713928 -0.024205 -0.336285
v -3.712211 -0.023823 -0.328683
v -3.708778 -0.023061 -0.328683
v -3.707061 -0.022680 -0.336285
v -3.708778 -0.023061 -0.343888
v -3.712211 -0.023823 -0.343888
v -3.699556 -0.031918 -0.336285
v -3.698066 -0.031416 -0.328683
v -3.695085 -0.030410 -0.328683
v -3.693595 -0.029908 -0.336285
v -3.695085 -0.030410 -0.343888
v -3.698066 -0.031416 -0.343888
v -3.681548 -0.038406 -0.336285
v -3.680341 -0.037801 -0.328683
v -3.677927 -0.036591 -0.328683
v -3.676721 -0.035986 -0.336285
v -3.677927 -0.036591 -0.343888
v -3.680341 -0.037801 -0.343888
v -3.660594 -0.043417 -0.336285
v -3.659718 -0.042733 -0.328683
v -3.657965 -0.041366 -0.328683
v -3.657088 -0.040682 -0.336285
v -3.657965 -0.041366 -0.343888
v -3.659718 -0.042733 -0.343888
v -3.637502 -0.046760 -0.336285
v -3.636989 -0.046023 -0.328683
v -3.635964 -0.044551 -0.328683
v -3.635450 -0.043814 -0.336285
v -3.635964 -0.044551 -0.343888
v -3.636989 -0.046023 -0.343888
v -3.613158 -0.048306 -0.336285
v -3.613029 -0.047545 -0.328683
v -3.612770 -0.046023 -0.328683
v -3.612640 -0.045263 -0.336285
v -3.612770 -0.046023 -0.343888
v -3.613029 -0.047545 -0.343888
v -3.588498 -0.047995 -0.336285
v -3.588757 -0.047239 -0.328683
v -3.589274 -0.045728 -0.328683
v -3.589533 -0.044972 -0.336285
v -3.589274 -0.045728 -0.343888
v -3.588757 -0.047239 -0.343888
v -3.564469 -0.045840 -0.336285
v -3.565106 -0.045118 -0.328683
v -3.566380 -0.043674 -0.328683
v -3.567017 -0.042953 -0.336285
v -3.566380 -0.043674 -0.343888
v -3.565106 -0.045118 -0.343888
v -3.541995 -0.041924 -0.336285
v -3.542986 -0.041263 -0.328683
v -3.544968 -0.039943 -0.328683
v -3.545959 -0.039283 -0.336285
v -3.544968 -0.039943 -0.343888
v -3.542986 -0.041263 -0.343888
v -3.521939 -0.036396 -0.336285
v -3.523246 -0.035823 -0.328683
v -3.525860 -0.034676 -0.328683
v -3.527166 -0.034103 -0.336285
v -3.525860 -0.034676 -0.343888
v -3.523246 -0.035823 -0.343888
v -3.505072 -0.029470 -0.336285
v -3.506645 -0.029006 -0.328683
v -3.509790 -0.028077 -0.328683
v -3.511362 -0.027613 -0.336285
v -3.509790 -0.028077 -0.343888
v -3.506645 -0.029006 -0.343888
v -3.492043 -0.021411 -0.336285
v -3.493821 -0.021074 -0.328683
v -3.497376 -0.020399 -0.328683
v -3.499154 -0.020062 -0.336285
v -3.497376 -0.020399 -0.343888
v -3.493821 -0.021074 -0.343888
v -3.483351 -0.012529 -0.336285
v -3.485266 -0.012332 -0.328683
v -3.489095 -0.011937 -0.328683
v -3.491010 -0.011740 -0.336285
v -3.489095 -0.011937 -0.343888
v -3.485266 -0.012332 -0.343888
v -3.479332 -0.003166 -0.336285
v -3.481310 -0.003116 -0.328683
v -3.485266 -0.003017 -0.328683
v -3.487244 -0.002967 -0.336285
v -3.485266 -0.003017 -0.343888
v -3.481310 -0.003116 -0.343888
v -3.480139 0.006319 -0.336285
v -3.482105 0.006219 -0.328683
v -3.486035 0.006020 -0.328683
v -3.488000 0.005921 -0.336285
v -3.486035 0.006020 -0.343888
v -3.482105 0.006219 -0.343888
v -3.485743 0.015561 -0.336285
v -3.487619 0.015315 -0.328683
v -3.491373 0.014825 -0.328683
v -3.493250 0.014580 -0.336285
v -3.491373 0.014825 -0.343888
v -3.487619 0.015315 -0.343888
v -3.495925 0.024204 -0.336285
v -3.497642 0.023823 -0.328683
v -3.501075 0.023061 -0.328683
v -3.502791 0.022680 -0.336285
v -3.501075 0.023061 -0.343888
v -3.497642 0.023823 -0.343888
v -3.510297 0.031918 -0.336285
v -3.511788 0.031416 -0.328683
v -3.514768 0.030410 -0.328683
v -3.516258 0.029908 -0.336285
v -3.514768 0.030410 -0.343888
v -3.511788 0.031416 -0.343888
v -3.528306 0.038406 -0.336285
v -3.529512 0.037801 -0.328683
v -3.531926 0.036591 -0.328683
v -3.533132 0.035986 -0.336285
v -3.531926 0.036591 -0.343888
v -3.529512 0.037801 -0.343888
v -3.549258 0.043417 -0.336285
v -3.550135 0.042733 -0.328683
v -3.551888 0.041366 -0.328683
v -3.552765 0.040682 -0.336285
v -3.551888 0.041366 -0.343888
v -3.550135 0.042733 -0.343888
v -3.572351 0.046760 -0.336285
v -3.572864 0.046023 -0.328683
v -3.573889 0.044550 -0.328683
v -3.574403 0.043814 -0.336285
v -3.573889 0.044550 -0.343888
v -3.572864 0.046023 -0.343888
v -3.596694 0.048305 -0.336285
v -3.596824 0.047545 -0.328683
v -3.597083 0.046023 -0.328683
v -3.597213 0.045263 -0.336285
v -3.597083 0.046023 -0.343888
v -3.596824 0.047545 -0.343888
v -3.621355 0.047995 -0.336285
v -3.621096 0.047239 -0.328683
v -3.620579 0.045727 -0.328683
v -3.620320 0.044972 -0.336285
v -3.620579 0.045727 -0.343888
v -3.621096 0.047239 -0.343888
v -3.645384 0.045840 -0.336285
v -3.644747 0.045118 -0.328683
v -3.643473 0.043674 -0.328683
v -3.642835 0.042952 -0.336285
v -3.643473 0.043674 -0.343888
v -3.644747 0.045118 -0.343888
v -3.667859 0.041923 -0.336285
v -3.666867 0.041263 -0.328683
v -3.664885 0.039943 -0.328683
v -3.663894 0.039283 -0.336285
v -3.664885 0.039943 -0.343888
v -3.666867 0.041263 -0.343888
v -3.687914 0.036396 -0.336285
v -3.686607 0.035823 -0.328683
v -3.683994 0.034676 -0.328683
v -3.682687 0.034103 -0.336285
v -3.683994 0.034676 -0.343888
v -3.686607 0.035823 -0.343888
v -3.704781 0.029470 -0.336285
v -3.703208 0.029005 -0.328683
v -3.700063 0.028077 -0.328683
v -3.698491 0.027613 -0.336285
v -3.700063 0.028077 -0.343888
v -3.703208 0.029005 -0.343888
v -3.717810 0.021411 -0.336285
v -3.716033 0.021074 -0.328683
v -3.712477 0.020399 -0.328683
v -3.710699 0.020062 -0.336285
v -3.712477 0.020399 -0.343888
v -3.716033 0.021074 -0.343888
v -3.726501 0.012529 -0.336285
v -3.724587 0.012332 -0.328683
v -3.720758 0.011937 -0.328683
v -3.718843 0.011740 -0.336285
v -3.720758 0.011937 -0.343888
v -3.724587 0.012332 -0.343888
v -3.730521 0.003166 -0.336285
v -3.728543 0.003116 -0.328683
v -3.724587 0.003016 -0.328683
v -3.722609 0.002967 -0.336285
v -3.724587 0.003016 -0.343888
v -3.728543 0.003116 -0.343888
v -3.729713 -0.006319 -0.336285
v -3.727748 -0.006219 -0.328683
v -3.723818 -0.006020 -0.328683
v -3.721853 -0.005921 -0.336285
v -3.723818 -0.006020 -0.343888
v -3.727748 -0.006219 -0.343888
v -3.724111 -0.015561 -0.336285
v -3.722234 -0.015316 -0.328683
v -3.718480 -0.014825 -0.328683
v -3.716603 -0.014580 -0.336285
v -3.718480 -0.014825 -0.343888
v -3.722234 -0.015316 -0.343888
v -3.679245 -0.016503 -0.452907
v -3.678075 -0.016243 -0.445304
v -3.675734 -0.015724 -0.445304
v -3.674564 -0.015464 -0.452907
v -3.675734 -0.015724 -0.460509
v -3.678075 -0.016243 -0.460509
v -3.669446 -0.021763 -0.452907
v -3.668430 -0.021420 -0.445304
v -3.666398 -0.020734 -0.445304
v -3.665382 -0.020392 -0.452907
v -3.666398 -0.020734 -0.460509
v -3.668430 -0.021420 -0.460509
v -3.657168 -0.026186 -0.452907
v -3.656345 -0.025773 -0.445304
v -3.654700 -0.024949 -0.445304
v -3.653877 -0.024536 -0.452907
v -3.654700 -0.024949 -0.460509
v -3.656345 -0.025773 -0.460509
v -3.642882 -0.029602 -0.452907
v -3.642284 -0.029136 -0.445304
v -3.641089 -0.028204 -0.445304
v -3.640491 -0.027738 -0.452907
v -3.641089 -0.028204 -0.460509
v -3.642284 -0.029136 -0.460509
v -3.627137 -0.031882 -0.452907
v -3.626788 -0.031380 -0.445304
v -3.626088 -0.030375 -0.445304
v -3.625738 -0.029873 -0.452907
v -3.626088 -0.030375 -0.460509
v -3.626788 -0.031380 -0.460509
v -3.610539 -0.032936 -0.452907
v -3.610451 -0.032417 -0.445304
v -3.610274 -0.031380 -0.445304
v -3.610185 -0.030861 -0.452907
v -3.610274 -0.031380 -0.460509
v -3.610451 -0.032417 -0.460509
v -3.593725 -0.032724 -0.452907
v -3.593902 -0.032209 -0.445304
v -3.594254 -0.031178 -0.445304
v -3.594431 -0.030663 -0.452907
v -3.594254 -0.031178 -0.460509
v -3.593902 -0.032209 -0.460509
v -3.577342 -0.031255 -0.452907
v -3.577776 -0.030763 -0.445304
v -3.578645 -0.029778 -0.445304
v -3.579079 -0.029286 -0.452907
v -3.578645 -0.029778 -0.460509
v -3.577776 -0.030763 -0.460509
v -3.562018 -0.028584 -0.452907
v -3.562694 -0.028134 -0.445304
v -3.564046 -0.027234 -0.445304
v -3.564721 -0.026784 -0.452907
v -3.564046 -0.027234 -0.460509
v -3.562694 -0.028134 -0.460509
v -3.548344 -0.024815 -0.452907
v -3.549235 -0.024425 -0.445304
v -3.551017 -0.023643 -0.445304
v -3.551908 -0.023252 -0.452907
v -3.551017 -0.023643 -0.460509
v -3.549235 -0.024425 -0.460509
v -3.536844 -0.020093 -0.452907
v -3.537916 -0.019777 -0.445304
v -3.540061 -0.019144 -0.445304
v -3.541133 -0.018827 -0.452907
v -3.540061 -0.019144 -0.460509
v -3.537916 -0.019777 -0.460509
v -3.527961 -0.014598 -0.452907
v -3.529173 -0.014369 -0.445304
v -3.531596 -0.013909 -0.445304
v -3.532809 -0.013679 -0.452907
v -3.531596 -0.013909 -0.460509
v -3.529173 -0.014369 -0.460509
v -3.522034 -0.008543 -0.452907
v -3.523340 -0.008408 -0.445304
v -3.525951 -0.008139 -0.445304
v -3.527256 -0.008005 -0.452907
v -3.525951 -0.008139 -0.460509
v -3.523340 -0.008408 -0.460509
v -3.519294 -0.002159 -0.452907
v -3.520643 -0.002125 -0.445304
v -3.523340 -0.002057 -0.445304
v -3.524688 -0.002023 -0.452907
v -3.523340 -0.002057 -0.460509
v -3.520643 -0.002125 -0.460509
v -3.519845 0.004308 -0.452907
v -3.521184 0.004240 -0.445304
v -3.523864 0.004105 -0.445304
v -3.525204 0.004037 -0.452907
v -3.523864 0.004105 -0.460509
v -3.521184 0.004240 -0.460509
v -3.523665 0.010609 -0.452907
v -3.524944 0.010442 -0.445304
v -3.527504 0.010108 -0.445304
v -3.528783 0.009941 -0.452907
v -3.527504 0.010108 -0.460509
v -3.524944 0.010442 -0.460509
v -3.530607 0.016503 -0.452907
v -3.531778 0.016243 -0.445304
v -3.534119 0.015723 -0.445304
v -3.535289 0.015463 -0.452907
v -3.534119 0.015723 -0.460509
v -3.531778 0.016243 -0.460509
v -3.540406 0.021762 -0.452907
v -3.541423 0.021420 -0.445304
v -3.543455 0.020734 -0.445304
v -3.544471 0.020392 -0.452907
v -3.543455 0.020734 -0.460509
v -3.541423 0.021420 -0.460509
v -3.552685 0.026185 -0.452907
v -3.553508 0.025773 -0.445304
v -3.555153 0.024948 -0.445304
v -3.555976 0.024536 -0.452907
v -3.555153 0.024948 -0.460509
v -3.553508 0.025773 -0.460509
v -3.566971 0.029602 -0.452907
v -3.567569 0.029136 -0.445304
v -3.568764 0.028204 -0.445304
v -3.569362 0.027738 -0.452907
v -3.568764 0.028204 -0.460509
v -3.567569 0.029136 -0.460509
v -3.582716 0.031882 -0.452907
v -3.583066 0.031379 -0.445304
v -3.583765 0.030375 -0.445304
v -3.584115 0.029873 -0.452907
v -3.583765 0.030375 -0.460509
v -3.583066 0.031379 -0.460509
v -3.599314 0.032935 -0.452907
v -3.599402 0.032417 -0.445304
v -3.599579 0.031379 -0.445304
v -3.599668 0.030861 -0.452907
v -3.599579 0.031379 -0.460509
v -3.599402 0.032417 -0.460509
v -3.616128 0.032724 -0.452907
v -3.615952 0.032208 -0.445304
v -3.615598 0.031178 -0.445304
v -3.615422 0.030662 -0.452907
v -3.615598 0.031178 -0.460509
v -3.615952 0.032208 -0.460509
v -3.632511 0.031255 -0.452907
v -3.632077 0.030762 -0.445304
v -3.631208 0.029778 -0.445304
v -3.630774 0.029286 -0.452907
v -3.631208 0.029778 -0.460509
v -3.632077 0.030762 -0.460509
v -3.647835 0.028584 -0.452907
v -3.647159 0.028134 -0.445304
v -3.645808 0.027234 -0.445304
v -3.645132 0.026784 -0.452907
v -3.645808 0.027234 -0.460509
v -3.647159 0.028134 -0.460509
v -3.661509 0.024815 -0.452907
v -3.660618 0.024425 -0.445304
v -3.658836 0.023643 -0.445304
v -3.657945 0.023252 -0.452907
v -3.658836 0.023643 -0.460509
v -3.660618 0.024425 -0.460509
v -3.673009 0.020093 -0.452907
v -3.671937 0.019776 -0.445304
v -3.669793 0.019144 -0.445304
v -3.668720 0.018827 -0.452907
v -3.669793 0.019144 -0.460509
v -3.671937 0.019776 -0.460509
v -3.681893 0.014598 -0.452907
v -3.680681 0.014368 -0.445304
v -3.678256 0.013909 -0.445304
v -3.677044 0.013679 -0.452907
v -3.678256 0.013909 -0.460509
v -3.680681 0.014368 -0.460509
v -3.687818 0.008543 -0.452907
v -3.686513 0.008408 -0.445304
v -3.683902 0.008139 -0.445304
v -3.682597 0.008005 -0.452907
v -3.683902 0.008139 -0.460509
v -3.686513 0.008408 -0.460509
v -3.690559 0.002159 -0.452907
v -3.689210 0.002125 -0.445304
v -3.686513 0.002057 -0.445304
v -3.685165 0.002023 -0.452907
v -3.686513 0.002057 -0.460509
v -3.689210 0.002125 -0.460509
v -3.690009 -0.004308 -0.452907
v -3.688668 -0.004240 -0.445304
v -3.685989 -0.004105 -0.445304
v -3.684649 -0.004037 -0.452907
v -3.685989 -0.004105 -0.460509
v -3.688668 -0.004240 -0.460509
v -3.686188 -0.010610 -0.452907
v -3.684909 -0.010442 -0.445304
v -3.682349 -0.010108 -0.445304
v -3.681069 -0.009941 -0.452907
v -3.682349 -0.010108 -0.460509
v -3.684909 -0.010442 -0.460509
v -3.390168 -0.063381 0.194273
v -3.769717 -0.082600 0.194273
v -3.604927 -0.000000 -0.565727
v -3.440136 0.082600 0.194273
v -3.819685 0.063381 0.194273
v -3.347161 -0.076073 0.259141
v -3.802717 -0.099141 0.259141
v -3.407136 0.099141 0.259141
v -3.862692 0.076073 0.259141
v -3.501782 -0.030441 0.324950
v -3.684072 -0.039671 0.324950
v -3.525781 0.039671 0.324950
v -3.708071 0.030441 0.324950
v -3.243793 -0.032965 0.363244
v -3.106329 -0.058783 0.308710
v -3.313271 -0.054778 0.032278
v -3.315271 -0.089263 0.363244
v -3.177808 -0.115081 0.308710
v -3.288960 0.074905 0.363244
v -3.144293 0.094034 0.308710
v -3.297988 0.040586 0.032278
v -3.236000 0.015657 0.363244
v -3.091333 0.034786 0.308710
v -3.519216 0.138898 0.363244
v -3.452090 0.191768 0.308710
v -3.462504 0.112175 0.032278
v -3.372842 0.111406 0.363244
v -3.305715 0.164277 0.308710
v -3.799680 0.121526 0.363244
v -3.849416 0.177167 0.308710
v -3.710450 0.118053 0.032278
v -3.645635 0.141895 0.363244
v -3.695371 0.197536 0.308710
v -3.966060 0.032966 0.363244
v -4.103524 0.058783 0.308710
v -3.896582 0.054778 0.032278
v -3.894582 0.089264 0.363244
v -4.032046 0.115082 0.308710
v -3.920893 -0.074905 0.363244
v -4.065560 -0.094034 0.308710
v -3.911865 -0.040586 0.032278
v -3.973853 -0.015657 0.363244
v -4.118520 -0.034786 0.308710
v -3.690637 -0.138898 0.363244
v -3.757763 -0.191768 0.308710
v -3.747349 -0.112175 0.032278
v -3.837012 -0.111406 0.363244
v -3.904139 -0.164277 0.308710
v -3.410173 -0.121525 0.363244
v -3.360437 -0.177167 0.308710
v -3.499403 -0.118053 0.032278
v -3.564218 -0.141895 0.363244
v -3.514482 -0.197536 0.308710
vn -0.4473 -0.8334 0.3245
vn -0.0000 -0.0000 1.0000
vn 0.4473 0.8334 0.3245
vn 0.4473 0.8334 -0.3245
vn -0.0000 -0.0000 -1.0000
vn -0.4473 -0.8334 -0.3245
vn -0.3253 -0.9030 0.2806
vn 0.3253 0.9030 0.2806
vn 0.3253 0.9030 -0.2806
vn -0.3253 -0.9030 -0.2806
vn -0.2251 -0.9413 0.2514
vn 0.2251 0.9413 0.2514
vn 0.2251 0.9413 -0.2514
vn -0.2251 -0.9413 -0.2514
vn -0.1393 -0.9624 0.2332
vn 0.1393 0.9624 0.2332
vn 0.1393 0.9624 -0.2332
vn -0.1393 -0.9624 -0.2332
vn -0.0618 -0.9727 0.2236
vn 0.0618 0.9727 0.2236
vn 0.0618 0.9727 -0.2236
vn -0.0618 -0.9727 -0.2236
vn 0.0123 -0.9751 0.2213
vn -0.0123 0.9751 0.2213
vn -0.0123 0.9751 -0.2213
vn 0.0123 -0.9751 -0.2213
vn 0.0870 -0.9702 0.2259
vn 0.0870 -0.9702 0.2260
vn -0.0870 0.9702 0.2260
vn -0.0870 0.9702 -0.2260
vn 0.0870 -0.9702 -0.2260
vn 0.0870 -0.9702 -0.2259
vn 0.1667 -0.9568 0.2382
vn -0.1667 0.9568 0.2382
vn -0.1667 0.9568 -0.2382
vn 0.1667 -0.9568 -0.2382
vn 0.2566 -0.9310 0.2598
vn -0.2566 0.9310 0.2598
vn -0.2566 0.9310 -0.2597
vn 0.2566 -0.9310 -0.2597
vn 0.3631 -0.8843 0.2934
vn -0.3631 0.8843 0.2934
vn -0.3631 0.8843 -0.2934
vn -0.3632 0.8843 -0.2934
vn 0.3632 -0.8843 -0.2934
vn 0.3631 -0.8843 -0.2934
vn 0.4941 -0.7988 0.3431
vn -0.4941 0.7988 0.3431
vn -0.4941 0.7988 -0.3431
vn 0.4941 -0.7988 -0.3431
vn 0.6517 -0.6377 0.4106
vn -0.6517 0.6377 0.4106
vn -0.6517 0.6377 -0.4106
vn 0.6517 -0.6377 -0.4106
vn 0.8054 -0.3457 0.4814
vn -0.8054 0.3457 0.4814
vn -0.8054 0.3457 -0.4814
vn 0.8054 -0.3457 -0.4814
vn 0.8590 0.0731 0.5068
vn -0.8590 -0.0731 0.5068
vn -0.8590 -0.0731 -0.5068
vn 0.8590 0.0731 -0.5068
vn 0.7594 0.4604 0.4598
vn -0.7594 -0.4604 0.4598
vn -0.7594 -0.4604 -0.4598
vn 0.7594 0.4604 -0.4598
vn 0.5969 0.7032 0.3864
vn 0.5969 0.7031 0.3864
vn -0.5969 -0.7031 0.3864
vn -0.5969 -0.7032 -0.3864
vn 0.5969 0.7032 -0.3864
vn -0.0870 0.9702 0.2259
vn -0.0870 0.9702 -0.2259
vn 0.2566 -0.9310 -0.2598
vn -0.2566 0.9310 -0.2598
vn -0.4941 0.7989 0.3431
vn -0.5969 -0.7032 0.3864
vn -0.4536 -0.8451 0.2830
vn 0.4536 0.8451 0.2830
vn 0.4536 0.8451 -0.2830
vn -0.4536 -0.8451 -0.2830
vn -0.3287 -0.9124 0.2439
vn -0.3287 -0.9124 0.2438
vn 0.3287 0.9124 0.2438
vn 0.3287 0.9124 -0.2438
vn -0.3287 -0.9124 -0.2438
vn -0.2270 -0.9492 0.2180
vn 0.2270 0.9492 0.2180
vn 0.2270 0.9492 -0.2180
vn -0.2270 -0.9492 -0.2180
vn -0.1403 -0.9693 0.2020
vn 0.1403 0.9693 0.2020
vn 0.1403 0.9693 -0.2020
vn -0.1403 -0.9693 -0.2020
vn -0.0622 -0.9791 0.1936
vn 0.0622 0.9791 0.1936
vn 0.0622 0.9791 -0.1936
vn -0.0622 -0.9791 -0.1936
vn 0.0124 -0.9814 0.1915
vn -0.0124 0.9814 0.1915
vn -0.0124 0.9814 -0.1915
vn 0.0124 -0.9814 -0.1915
vn 0.0876 -0.9768 0.1956
vn -0.0876 0.9768 0.1956
vn -0.0876 0.9768 -0.1956
vn 0.0876 -0.9768 -0.1956
vn 0.1680 -0.9639 0.2064
vn -0.1680 0.9639 0.2064
vn -0.1680 0.9639 -0.2064
vn 0.1680 -0.9639 -0.2064
vn 0.2589 -0.9392 0.2254
vn 0.2589 -0.9393 0.2254
vn -0.2589 0.9392 0.2254
vn -0.2589 0.9393 -0.2254
vn 0.2589 -0.9392 -0.2254
vn 0.2589 -0.9393 -0.2254
vn 0.3673 -0.8944 0.2552
vn -0.3673 0.8944 0.2552
vn -0.3673 0.8944 -0.2552
vn 0.3673 -0.8944 -0.2552
vn 0.5018 -0.8114 0.2997
vn -0.5018 0.8114 0.2997
vn -0.5018 0.8114 -0.2997
vn 0.5018 -0.8114 -0.2997
vn 0.6665 -0.6522 0.3611
vn 0.6665 -0.6522 0.3612
vn -0.6665 0.6522 0.3612
vn -0.6665 0.6522 -0.3612
vn 0.6665 -0.6522 -0.3611
vn 0.8309 -0.3567 0.4271
vn -0.8309 0.3567 0.4271
vn -0.8309 0.3567 -0.4271
vn 0.8309 -0.3567 -0.4271
vn 0.8892 0.0757 0.4512
vn -0.8892 -0.0757 0.4512
vn -0.8892 -0.0757 -0.4512
vn 0.8892 0.0757 -0.4512
vn 0.7812 0.4736 0.4068
vn -0.7812 -0.4736 0.4068
vn -0.7812 -0.4736 -0.4068
vn 0.7812 0.4736 -0.4068
vn 0.6088 0.7172 0.3390
vn -0.6088 -0.7172 0.3390
vn -0.6088 -0.7172 -0.3390
vn 0.6088 0.7172 -0.3389
vn 0.6088 0.7172 -0.3390
vn 0.3287 0.9124 0.2439
vn -0.2589 0.9393 0.2254
vn -0.6665 0.6522 0.3611
vn 0.6665 -0.6522 -0.3612
vn -0.6665 0.6522 -0.3611
vn -0.4591 -0.8554 0.2398
vn 0.4591 0.8554 0.2398
vn 0.4591 0.8554 -0.2398
vn -0.4591 -0.8554 -0.2398
vn -0.3316 -0.9206 0.2060
vn 0.3316 0.9206 0.2060
vn 0.3316 0.9206 -0.2060
vn -0.3316 -0.9206 -0.2060
vn -0.2286 -0.9560 0.1838
vn 0.2286 0.9560 0.1838
vn 0.2286 0.9560 -0.1838
vn -0.2286 -0.9560 -0.1838
vn -0.1412 -0.9752 0.1702
vn -0.1412 -0.9753 0.1702
vn 0.1412 0.9752 0.1702
vn 0.1412 0.9753 0.1702
vn 0.1412 0.9753 -0.1702
vn 0.1412 0.9752 -0.1702
vn 0.1412 0.9753 -0.1701
vn -0.1412 -0.9753 -0.1702
vn -0.0625 -0.9846 0.1630
vn 0.0625 0.9846 0.1630
vn 0.0625 0.9846 -0.1630
vn -0.0625 -0.9846 -0.1630
vn 0.0124 -0.9868 0.1612
vn -0.0124 0.9868 0.1612
vn -0.0124 0.9868 -0.1612
vn 0.0124 -0.9868 -0.1612
vn 0.0881 -0.9824 0.1647
vn -0.0881 0.9824 0.1647
vn -0.0881 0.9824 -0.1647
vn 0.0881 -0.9824 -0.1647
vn 0.1691 -0.9701 0.1739
vn -0.1691 0.9701 0.1739
vn -0.1691 0.9701 -0.1739
vn 0.1691 -0.9701 -0.1739
vn 0.2609 -0.9465 0.1902
vn 0.2609 -0.9465 0.1901
vn -0.2609 0.9465 0.1902
vn -0.2609 0.9465 0.1901
vn -0.2609 0.9465 -0.1901
vn 0.2609 -0.9465 -0.1901
vn 0.2609 -0.9465 -0.1902
vn 0.3709 -0.9033 0.2158
vn -0.3709 0.9033 0.2158
vn -0.3709 0.9033 -0.2158
vn 0.3709 -0.9033 -0.2158
vn 0.3709 -0.9033 -0.2157
vn 0.5087 -0.8225 0.2544
vn -0.5087 0.8225 0.2543
vn -0.5087 0.8225 -0.2543
vn 0.5087 -0.8225 -0.2543
vn 0.5087 -0.8225 -0.2544
vn 0.6799 -0.6653 0.3084
vn -0.6799 0.6653 0.3085
vn -0.6799 0.6653 0.3084
vn -0.6799 0.6653 -0.3084
vn 0.6799 -0.6653 -0.3084
vn 0.8545 -0.3668 0.3677
vn -0.8545 0.3668 0.3677
vn -0.8545 0.3668 0.3678
vn -0.8545 0.3668 -0.3677
vn -0.8545 0.3668 -0.3678
vn 0.8545 -0.3668 -0.3677
vn 0.9176 0.0781 0.3898
vn -0.9176 -0.0781 0.3898
vn -0.9176 -0.0781 -0.3898
vn 0.9176 0.0781 -0.3898
vn 0.8013 0.4857 0.3494
vn 0.8013 0.4858 0.3493
vn -0.8013 -0.4857 0.3493
vn -0.8013 -0.4857 -0.3493
vn 0.8013 0.4858 -0.3493
vn 0.8013 0.4857 -0.3493
vn 0.6196 0.7299 0.2888
vn -0.6196 -0.7299 0.2888
vn -0.6196 -0.7299 -0.2888
vn 0.6196 0.7299 -0.2888
vn -0.1412 -0.9753 -0.1701
vn -0.2609 0.9465 -0.1902
vn -0.3709 0.9032 0.2158
vn -0.5087 0.8225 0.2544
vn 0.5087 -0.8225 0.2543
vn -0.5087 0.8225 -0.2544
vn 0.8013 0.4857 0.3493
vn -0.8013 -0.4858 -0.3493
vn -0.4638 -0.8642 0.1952
vn 0.4638 0.8642 0.1952
vn 0.4638 0.8642 -0.1952
vn -0.4638 -0.8642 -0.1952
vn -0.3341 -0.9276 0.1672
vn 0.3341 0.9276 0.1672
vn 0.3341 0.9276 -0.1672
vn -0.3341 -0.9276 -0.1672
vn -0.2300 -0.9617 0.1490
vn 0.2300 0.9617 0.1490
vn 0.2300 0.9617 -0.1490
vn -0.2300 -0.9617 -0.1490
vn -0.1419 -0.9802 0.1378
vn 0.1419 0.9802 0.1378
vn 0.1419 0.9802 -0.1378
vn -0.1419 -0.9802 -0.1378
vn -0.0628 -0.9893 0.1319
vn 0.0628 0.9893 0.1319
vn 0.0628 0.9893 -0.1319
vn -0.0628 -0.9893 -0.1319
vn 0.0125 -0.9914 0.1305
vn -0.0125 0.9914 0.1305
vn -0.0125 0.9914 -0.1305
vn 0.0125 -0.9914 -0.1305
vn 0.0885 -0.9871 0.1333
vn -0.0885 0.9871 0.1333
vn -0.0885 0.9871 -0.1333
vn 0.0885 -0.9871 -0.1333
vn 0.1700 -0.9753 0.1409
vn -0.1700 0.9753 0.1409
vn -0.1700 0.9753 0.1408
vn -0.1700 0.9753 -0.1408
vn -0.1700 0.9753 -0.1409
vn 0.1700 -0.9753 -0.1409
vn 0.2625 -0.9525 0.1542
vn -0.2625 0.9525 0.1541
vn -0.2625 0.9525 0.1542
vn -0.2625 0.9525 -0.1541
vn 0.2625 -0.9525 -0.1542
vn 0.3740 -0.9107 0.1753
vn -0.3740 0.9107 0.1753
vn -0.3740 0.9107 -0.1752
vn 0.3740 -0.9107 -0.1753
vn 0.5146 -0.8320 0.2073
vn -0.5146 0.8320 0.2073
vn -0.5146 0.8320 0.2072
vn -0.5146 0.8320 -0.2072
vn 0.5146 -0.8320 -0.2073
vn 0.6915 -0.6767 0.2527
vn -0.6915 0.6767 0.2527
vn -0.6915 0.6767 -0.2527
vn 0.6915 -0.6767 -0.2527
vn 0.8756 -0.3759 0.3035
vn -0.8756 0.3758 0.3035
vn -0.8756 0.3759 -0.3035
vn -0.8756 0.3758 -0.3035
vn 0.8756 -0.3759 -0.3035
vn 0.9431 0.0803 0.3227
vn -0.9431 -0.0802 0.3227
vn -0.9431 -0.0802 -0.3227
vn 0.9431 0.0803 -0.3227
vn 0.8190 0.4965 0.2876
vn -0.8190 -0.4965 0.2876
vn -0.8190 -0.4965 -0.2876
vn 0.8190 0.4965 -0.2876
vn 0.6288 0.7408 0.2361
vn -0.6289 -0.7408 0.2361
vn -0.6288 -0.7408 0.2361
vn -0.6288 -0.7408 -0.2361
vn -0.6289 -0.7408 -0.2361
vn 0.6288 0.7408 -0.2361
vn -0.4638 -0.8642 0.1951
vn -0.4638 -0.8642 -0.1951
vn 0.2625 -0.9525 0.1541
vn 0.2625 -0.9525 -0.1541
vn -0.2625 0.9525 -0.1542
vn 0.3740 -0.9107 -0.1752
vn 0.5146 -0.8320 -0.2072
vn -0.8756 0.3758 0.3036
vn 0.8756 -0.3758 0.3035
vn 0.8756 -0.3758 -0.3035
vn -0.9431 -0.0803 0.3227
vn -0.9431 -0.0803 -0.3227
vn -0.4676 -0.8712 0.1493
vn 0.4676 0.8712 0.1493
vn 0.4676 0.8712 -0.1493
vn -0.4676 -0.8712 -0.1493
vn -0.3361 -0.9331 0.1276
vn 0.3361 0.9331 0.1276
vn 0.3361 0.9331 -0.1276
vn -0.3361 -0.9331 -0.1276
vn -0.2311 -0.9663 0.1136
vn -0.2311 -0.9663 0.1135
vn 0.2311 0.9663 0.1136
vn 0.2311 0.9663 -0.1135
vn -0.2311 -0.9663 -0.1135
vn -0.1425 -0.9842 0.1049
vn 0.1425 0.9842 0.1049
vn 0.1425 0.9842 -0.1049
vn -0.1425 -0.9842 -0.1049
vn -0.0631 -0.9929 0.1004
vn 0.0631 0.9929 0.1004
vn 0.0631 0.9929 -0.1004
vn -0.0631 -0.9929 -0.1004
vn 0.0125 -0.9950 0.0994
vn -0.0125 0.9950 0.0993
vn -0.0125 0.9950 -0.0993
vn 0.0125 -0.9950 -0.0993
vn 0.0125 -0.9950 -0.0994
vn 0.0889 -0.9909 0.1015
vn -0.0889 0.9909 0.1015
vn -0.0889 0.9909 -0.1015
vn 0.0889 -0.9909 -0.1015
vn 0.1707 -0.9795 0.1073
vn -0.1707 0.9795 0.1073
vn -0.1707 0.9795 -0.1073
vn 0.1707 -0.9795 -0.1073
vn 0.2639 -0.9574 0.1176
vn 0.2639 -0.9574 0.1175
vn -0.2639 0.9574 0.1175
vn -0.2639 0.9574 -0.1175
vn 0.2639 -0.9574 -0.1175
vn 0.3764 -0.9167 0.1338
vn 0.3765 -0.9167 0.1338
vn -0.3764 0.9167 0.1338
vn -0.3764 0.9167 -0.1338
vn 0.3765 -0.9167 -0.1338
vn 0.5194 -0.8397 0.1587
vn -0.5194 0.8397 0.1587
vn -0.5194 0.8397 -0.1587
vn 0.5194 -0.8397 -0.1587
vn 0.7011 -0.6861 0.1944
vn -0.7011 0.6861 0.1944
vn -0.7011 0.6861 -0.1944
vn -0.7011 0.6861 -0.1943
vn 0.7011 -0.6861 -0.1944
vn 0.8932 -0.3834 0.2349
vn -0.8932 0.3834 0.2349
vn -0.8932 0.3834 -0.2349
vn 0.8932 -0.3834 -0.2349
vn 0.9646 0.0821 0.2504
vn 0.9646 0.0821 0.2505
vn -0.9646 -0.0821 0.2504
vn -0.9646 -0.0821 -0.2504
vn -0.9647 -0.0821 -0.2504
vn 0.9646 0.0821 -0.2504
vn 0.8338 0.5055 0.2221
vn -0.8338 -0.5055 0.2222
vn -0.8338 -0.5054 0.2221
vn -0.8338 -0.5054 -0.2221
vn -0.8338 -0.5055 -0.2221
vn 0.8338 0.5055 -0.2221
vn 0.6364 0.7497 0.1813
vn -0.6364 -0.7497 0.1813
vn -0.6364 -0.7497 -0.1813
vn 0.6364 0.7497 -0.1813
vn -0.4676 -0.8712 -0.1492
vn 0.4676 0.8712 -0.1492
vn 0.0630 0.9929 0.1004
vn 0.0630 0.9929 -0.1004
vn 0.0125 -0.9950 0.0993
vn -0.2639 0.9574 0.1176
vn -0.3765 0.9167 0.1338
vn -0.3765 0.9167 -0.1338
vn 0.5193 -0.8397 0.1587
vn -0.9647 -0.0821 0.2504
vn -0.8338 -0.5055 0.2221
vn -0.4704 -0.8765 0.1024
vn 0.4704 0.8765 0.1024
vn 0.4704 0.8765 -0.1024
vn -0.4704 -0.8765 -0.1024
vn -0.3376 -0.9372 0.0874
vn 0.3376 0.9372 0.0874
vn 0.3376 0.9372 -0.0874
vn -0.3376 -0.9372 -0.0874
vn -0.3376 -0.9372 -0.0873
vn -0.2319 -0.9696 0.0777
vn 0.2319 0.9696 0.0777
vn 0.2319 0.9696 -0.0777
vn -0.2319 -0.9696 -0.0777
vn -0.1429 -0.9871 0.0718
vn 0.1429 0.9871 0.0718
vn 0.1429 0.9871 -0.0718
vn -0.1429 -0.9871 -0.0718
vn -0.0632 -0.9956 0.0687
vn 0.0632 0.9956 0.0687
vn 0.0632 0.9956 -0.0687
vn -0.0632 -0.9956 -0.0687
vn -0.0632 -0.9956 -0.0686
vn 0.0126 -0.9976 0.0679
vn -0.0126 0.9976 0.0679
vn -0.0126 0.9976 -0.0679
vn 0.0126 -0.9976 -0.0679
vn 0.0891 -0.9936 0.0694
vn -0.0891 0.9936 0.0694
vn -0.0891 0.9936 -0.0694
vn 0.0891 -0.9936 -0.0694
vn 0.1712 -0.9825 0.0734
vn -0.1712 0.9825 0.0734
vn -0.1712 0.9825 -0.0734
vn 0.1712 -0.9825 -0.0734
vn 0.2648 -0.9609 0.0804
vn -0.2648 0.9609 0.0804
vn -0.2649 0.9609 0.0804
vn -0.2648 0.9609 -0.0804
vn 0.2648 -0.9609 -0.0804
vn 0.3783 -0.9211 0.0917
vn -0.3783 0.9211 0.0917
vn -0.3783 0.9211 -0.0917
vn -0.3783 0.9212 -0.0917
vn 0.3783 -0.9211 -0.0917
vn 0.5229 -0.8454 0.1089
vn -0.5229 0.8454 0.1089
vn -0.5229 0.8454 -0.1089
vn 0.5229 -0.8454 -0.1089
vn 0.7083 -0.6931 0.1339
vn -0.7083 0.6931 0.1339
vn -0.7083 0.6931 -0.1339
vn 0.7083 -0.6931 -0.1339
vn 0.9067 -0.3892 0.1626
vn -0.9067 0.3892 0.1626
vn -0.9067 0.3892 -0.1626
vn 0.9067 -0.3892 -0.1626
vn 0.9067 -0.3892 -0.1625
vn 0.9813 0.0835 0.1737
vn 0.9813 0.0835 0.1736
vn -0.9813 -0.0835 0.1737
vn -0.9812 -0.0835 0.1737
vn -0.9813 -0.0835 -0.1737
vn 0.9813 0.0835 -0.1736
vn 0.8450 0.5123 0.1535
vn -0.8450 -0.5123 0.1535
vn -0.8450 -0.5123 -0.1535
vn 0.8450 0.5123 -0.1535
vn 0.6421 0.7564 0.1247
vn -0.6421 -0.7564 0.1247
vn -0.6421 -0.7564 -0.1247
vn 0.6421 0.7564 -0.1247
vn -0.2649 0.9609 -0.0804
vn 0.9812 0.0835 0.1737
vn 0.9813 0.0835 -0.1737
vn 0.9812 0.0835 -0.1737
vn 0.0503 -0.9940 -0.0971
vn -0.0503 0.9940 -0.0971
vn 0.8241 0.2821 -0.4912
vn 0.9199 0.3149 -0.2337
vn -0.9199 -0.3149 -0.2337
vn -0.4234 -0.1449 0.8943
vn 0.0493 -0.9735 -0.2232
vn -0.8241 -0.2821 -0.4912
vn -0.0493 0.9735 -0.2232
vn -0.0393 0.7756 0.6301
vn 0.4234 0.1449 0.8943
vn 0.0393 -0.7756 0.6301
vn 0.1469 0.9845 -0.0957
vn -0.2227 -0.9695 -0.1024
vn 0.2845 -0.3612 0.8881
vn -0.6169 0.7832 0.0779
vn 0.5590 -0.7097 -0.4288
vn -0.1664 0.9813 -0.0972
vn 0.0961 -0.9910 -0.0927
vn 0.3072 0.2746 0.9112
vn -0.7426 -0.6638 0.0891
vn 0.6551 0.5856 -0.4775
vn -0.6931 0.6992 -0.1752
vn 0.5356 -0.8316 -0.1470
vn 0.1193 0.6354 0.7629
vn -0.1844 -0.9817 0.0477
vn 0.1773 0.9439 -0.2785
vn -0.6482 -0.7430 -0.1670
vn 0.8195 0.5373 -0.1992
vn -0.0868 0.6567 0.7492
vn 0.1310 -0.9903 0.0457
vn -0.1263 0.9552 -0.2678
vn -0.1469 -0.9845 -0.0957
vn 0.2227 0.9695 -0.1024
vn -0.2845 0.3612 0.8880
vn 0.6169 -0.7832 0.0779
vn -0.5590 0.7097 -0.4288
vn 0.1664 -0.9813 -0.0972
vn -0.0961 0.9910 -0.0927
vn -0.3072 -0.2746 0.9112
vn 0.7426 0.6638 0.0891
vn -0.6551 -0.5856 -0.4775
vn 0.6931 -0.6992 -0.1752
vn -0.5356 0.8316 -0.1470
vn -0.1193 -0.6354 0.7629
vn 0.1844 0.9817 0.0477
vn -0.1773 -0.9439 -0.2785
vn 0.6481 0.7430 -0.1670
vn -0.8195 -0.5373 -0.1992
vn 0.0868 -0.6567 0.7492
vn -0.1310 0.9903 0.0457
vn 0.1263 -0.9552 -0.2678
vn 0.5969 0.7031 -0.3864
vn 0.0622 0.9791 -0.1935
vn -0.2589 0.9392 -0.2254
vn 0.0124 -0.9868 0.1613
vn -0.0124 0.9868 0.1613
vn -0.6799 0.6653 -0.3085
vn 0.1700 -0.9753 -0.1408
vn -0.1425 -0.9842 0.1050
vn -0.0125 0.9950 0.0994
vn 0.2639 -0.9574 -0.1176
vn 0.3764 -0.9167 -0.1338
vn -0.2639 0.9574 -0.1176
vn 0.5193 -0.8397 -0.1587
vn -0.0632 -0.9956 0.0686
vn 0.9067 -0.3892 0.1625
vn 0.9812 0.0836 0.1737
vn 0.9812 0.0836 -0.1737
vt 0.500000 0.500000
vt 0.531250 0.666667
vt 0.500000 0.666667
vt 0.500000 0.833333
vt 0.531250 0.833333
vt 0.500000 1.000000
vt 0.500000 -0.000000
vt 0.531250 0.166667
vt 0.500000 0.166667
vt 0.531250 0.333333
vt 0.500000 0.333333
vt 0.531250 0.500000
vt 0.562500 0.666667
vt 0.562500 1.000000
vt 0.531250 1.000000
vt 0.562500 -0.000000
vt 0.531250 -0.000000
vt 0.562500 0.333333
vt 0.562500 0.500000
vt 0.593750 0.666667
vt 0.562500 0.833333
vt 0.593750 1.000000
vt 0.593750 -0.000000
vt 0.562500 0.166667
vt 0.593750 0.333333
vt 0.593750 0.500000
vt 0.625000 0.666667
vt 0.593750 0.833333
vt 0.625000 0.833333
vt 0.625000 0.166667
vt 0.593750 0.166667
vt 0.625000 0.333333
vt 0.656250 0.500000
vt 0.625000 0.500000
vt 0.656250 0.666667
vt 0.656250 1.000000
vt 0.625000 1.000000
vt 0.656250 -0.000000
vt 0.625000 -0.000000
vt 0.656250 0.333333
vt 0.687500 0.666667
vt 0.656250 0.833333
vt 0.687500 1.000000
vt 0.687500 -0.000000
vt 0.656250 0.166667
vt 0.687500 0.333333
vt 0.718750 0.500000
vt 0.687500 0.500000
vt 0.718750 0.666667
vt 0.687500 0.833333
vt 0.718750 1.000000
vt 0.718750 -0.000000
vt 0.687500 0.166667
vt 0.718750 0.333333
vt 0.750000 0.500000
vt 0.750000 0.666667
vt 0.718750 0.833333
vt 0.750000 0.833333
vt 0.750000 0.166667
vt 0.718750 0.166667
vt 0.750000 0.333333
vt 0.781250 0.666667
vt 0.781250 0.833333
vt 0.750000 1.000000
vt 0.750000 -0.000000
vt 0.781250 0.166667
vt 0.781250 0.333333
vt 0.781250 0.500000
vt 0.812500 0.666667
vt 0.812500 1.000000
vt 0.781250 1.000000
vt 0.812500 -0.000000
vt 0.781250 -0.000000
vt 0.812500 0.333333
vt 0.812500 0.500000
vt 0.843750 0.666667
vt 0.812500 0.833333
vt 0.843750 1.000000
vt 0.843750 -0.000000
vt 0.812500 0.166667
vt 0.843750 0.333333
vt 0.843750 0.500000
vt 0.875000 0.666667
vt 0.843750 0.833333
vt 0.875000 0.833333
vt 0.875000 0.166667
vt 0.843750 0.166667
vt 0.875000 0.333333
vt 0.906250 0.500000
vt 0.875000 0.500000
vt 0.906250 0.666667
vt 0.906250 1.000000
vt 0.875000 1.000000
vt 0.906250 -0.000000
vt 0.875000 -0.000000
vt 0.906250 0.333333
vt 0.937500 0.500000
vt 0.937500 0.666667
vt 0.906250 0.833333
vt 0.937500 1.000000
vt 0.937500 -0.000000
vt 0.906250 0.166667
vt 0.937500 0.333333
vt 0.968750 0.666667
vt 0.937500 0.833333
vt 0.968750 1.000000
vt 0.968750 -0.000000
vt 0.937500 0.166667
vt 0.968750 0.333333
vt 0.968750 0.500000
vt 1.000000 0.666667
vt 0.968750 0.833333
vt 1.000000 0.833333
vt 1.000000 0.166667
vt 0.968750 0.166667
vt 1.000000 0.333333
vt 0.000000 0.500000
vt 0.031250 0.666667
vt 0.000000 0.666667
vt 0.000000 0.833333
vt 0.031250 0.833333
vt 0.000000 1.000000
vt 0.000000 -0.000000
vt 0.031250 0.166667
vt 0.000000 0.166667
vt 0.031250 0.333333
vt 0.000000 0.333333
vt 0.031250 0.500000
vt 0.062500 0.666667
vt 0.062500 0.833333
vt 0.031250 1.000000
vt 0.031250 -0.000000
vt 0.062500 0.166667
vt 0.062500 0.333333
vt 0.093750 0.500000
vt 0.062500 0.500000
vt 0.093750 0.833333
vt 0.062500 1.000000
vt 0.062500 -0.000000
vt 0.093750 0.166667
vt 0.125000 0.500000
vt 0.093750 0.666667
vt 0.125000 0.833333
vt 0.125000 1.000000
vt 0.093750 1.000000
vt 0.125000 -0.000000
vt 0.093750 -0.000000
vt 0.125000 0.166667
vt 0.093750 0.333333
vt 0.156250 0.500000
vt 0.125000 0.666667
vt 0.156250 0.666667
vt 0.156250 1.000000
vt 0.156250 -0.000000
vt 0.156250 0.333333
vt 0.125000 0.333333
vt 0.187500 0.666667
vt 0.156250 0.833333
vt 0.187500 0.833333
vt 0.187500 0.166667
vt 0.156250 0.166667
vt 0.187500 0.333333
vt 0.187500 0.500000
vt 0.218750 0.666667
vt 0.218750 1.000000
vt 0.187500 1.000000
vt 0.218750 -0.000000
vt 0.187500 -0.000000
vt 0.218750 0.333333
vt 0.218750 0.500000
vt 0.250000 0.666667
vt 0.218750 0.833333
vt 0.250000 1.000000
vt 0.250000 -0.000000
vt 0.218750 0.166667
vt 0.250000 0.333333
vt 0.250000 0.500000
vt 0.281250 0.666667
vt 0.250000 0.833333
vt 0.281250 1.000000
vt 0.281250 -0.000000
vt 0.250000 0.166667
vt 0.281250 0.333333
vt 0.281250 0.500000
vt 0.312500 0.666667
vt 0.281250 0.833333
vt 0.312500 1.000000
vt 0.312500 -0.000000
vt 0.281250 0.166667
vt 0.312500 0.333333
vt 0.312500 0.500000
vt 0.343750 0.666667
vt 0.312500 0.833333
vt 0.343750 1.000000
vt 0.343750 -0.000000
vt 0.312500 0.166667
vt 0.343750 0.333333
vt 0.343750 0.500000
vt 0.375000 0.666667
vt 0.343750 0.833333
vt 0.375000 1.000000
vt 0.375000 -0.000000
vt 0.343750 0.166667
vt 0.375000 0.333333
vt 0.406250 0.500000
vt 0.375000 0.500000
vt 0.406250 0.666667
vt 0.375000 0.833333
vt 0.406250 1.000000
vt 0.406250 -0.000000
vt 0.375000 0.166667
vt 0.406250 0.333333
vt 0.437500 0.500000
vt 0.437500 0.666667
vt 0.406250 0.833333
vt 0.437500 1.000000
vt 0.437500 -0.000000
vt 0.406250 0.166667
vt 0.437500 0.333333
vt 0.468750 0.666667
vt 0.437500 0.833333
vt 0.468750 1.000000
vt 0.468750 -0.000000
vt 0.437500 0.166667
vt 0.468750 0.333333
vt 0.468750 0.500000
vt 0.468750 0.833333
vt 0.468750 0.166667
vt 1.000000 1.000000
vt 1.000000 -0.000000
vt 1.000000 0.500000
vt 0.375000 0.250000
vt 0.625000 0.750000
vt 0.375000 0.750000
vt 0.125000 0.750000
vt 0.875000 0.750000
s 1
usemtl Ring
f 1/1/1 8/2/1 2/3/1
f 8/2/2 3/4/2 2/3/2
f 9/5/3 4/6/3 3/4/3
f 4/7/4 11/8/4 5/9/4
f 5/9/5 12/10/5 6/11/5
f 12/10/6 1/1/6 6/11/6
f 7/12/7 14/13/7 8/2/7
f 14/13/2 9/5/2 8/2/2
f 9/5/8 16/14/8 10/15/8
f 16/16/9 11/8/9 10/17/9
f 11/8/5 18/18/5 12/10/5
f 18/18/10 7/12/10 12/10/10
f 13/19/11 20/20/11 14/13/11
f 20/20/2 15/21/2 14/13/2
f 15/21/12 22/22/12 16/14/12
f 22/23/13 17/24/13 16/16/13
f 17/24/5 24/25/5 18/18/5
f 24/25/14 13/19/14 18/18/14
f 19/26/15 26/27/15 20/20/15
f 26/27/2 21/28/2 20/20/2
f 27/29/16 22/22/16 21/28/16
f 22/23/17 29/30/17 23/31/17
f 23/31/5 30/32/5 24/25/5
f 30/32/18 19/26/18 24/25/18
f 31/33/19 26/27/19 25/34/19
f 32/35/2 27/29/2 26/27/2
f 27/29/20 34/36/20 28/37/20
f 34/38/21 29/30/21 28/39/21
f 29/30/5 36/40/5 30/32/5
f 30/32/22 31/33/22 25/34/22
f 31/33/23 38/41/23 32/35/23
f 38/41/2 33/42/2 32/35/2
f 33/42/24 40/43/24 34/36/24
f 40/44/25 35/45/25 34/38/25
f 35/45/5 42/46/5 36/40/5
f 42/46/26 31/33/26 36/40/26
f 43/47/27 38/41/28 37/48/28
f 44/49/2 39/50/2 38/41/2
f 39/50/29 46/51/29 40/43/29
f 46/52/30 41/53/30 40/44/30
f 41/53/5 48/54/5 42/46/5
f 42/46/31 43/47/32 37/48/31
f 49/55/33 44/49/33 43/47/33
f 50/56/2 45/57/2 44/49/2
f 51/58/34 46/51/34 45/57/34
f 46/52/35 53/59/35 47/60/35
f 47/60/5 54/61/5 48/54/5
f 48/54/36 49/55/36 43/47/36
f 49/55/37 56/62/37 50/56/37
f 56/62/2 51/58/2 50/56/2
f 57/63/38 52/64/38 51/58/38
f 52/65/39 59/66/39 53/59/39
f 53/59/5 60/67/5 54/61/5
f 60/67/40 49/55/40 54/61/40
f 55/68/41 62/69/41 56/62/41
f 62/69/2 57/63/2 56/62/2
f 57/63/42 64/70/42 58/71/42
f 64/72/43 59/66/44 58/73/44
f 59/66/5 66/74/5 60/67/5
f 66/74/45 55/68/46 60/67/46
f 61/75/47 68/76/47 62/69/47
f 68/76/2 63/77/2 62/69/2
f 63/77/48 70/78/48 64/70/48
f 70/79/49 65/80/49 64/72/49
f 65/80/5 72/81/5 66/74/5
f 72/81/50 61/75/50 66/74/50
f 67/82/51 74/83/51 68/76/51
f 74/83/2 69/84/2 68/76/2
f 75/85/52 70/78/52 69/84/52
f 70/79/53 77/86/53 71/87/53
f 71/87/5 78/88/5 72/81/5
f 78/88/54 67/82/54 72/81/54
f 79/89/55 74/83/55 73/90/55
f 80/91/2 75/85/2 74/83/2
f 75/85/56 82/92/56 76/93/56
f 82/94/57 77/86/57 76/95/57
f 77/86/5 84/96/5 78/88/5
f 84/96/58 73/90/58 78/88/58
f 85/97/59 80/91/59 79/89/59
f 86/98/2 81/99/2 80/91/2
f 81/99/60 88/100/60 82/92/60
f 88/101/61 83/102/61 82/94/61
f 83/102/5 90/103/5 84/96/5
f 84/96/62 85/97/62 79/89/62
f 85/97/63 92/104/63 86/98/63
f 92/104/2 87/105/2 86/98/2
f 87/105/64 94/106/64 88/100/64
f 94/107/65 89/108/65 88/101/65
f 89/108/5 96/109/5 90/103/5
f 96/109/66 85/97/66 90/103/66
f 91/110/67 98/111/68 92/104/67
f 98/111/2 93/112/2 92/104/2
f 99/113/69 94/106/69 93/112/69
f 94/107/70 101/114/70 95/115/70
f 95/115/5 102/116/5 96/109/5
f 102/116/71 91/110/71 96/109/71
f 97/117/3 104/118/3 98/119/3
f 104/118/2 99/120/2 98/119/2
f 105/121/1 100/122/1 99/120/1
f 100/123/6 107/124/6 101/125/6
f 101/125/5 108/126/5 102/127/5
f 108/126/4 97/117/4 102/127/4
f 103/128/8 110/129/8 104/118/8
f 104/118/2 111/130/2 105/121/2
f 111/130/7 106/131/7 105/121/7
f 106/132/10 113/133/10 107/124/10
f 113/133/5 108/126/5 107/124/5
f 114/134/9 103/128/9 108/126/9
f 115/135/12 110/129/12 109/136/12
f 110/129/2 117/137/2 111/130/2
f 117/137/11 112/138/11 111/130/11
f 112/139/14 119/140/14 113/133/14
f 119/140/5 114/134/5 113/133/5
f 114/134/13 115/135/13 109/136/13
f 121/141/16 116/142/16 115/135/16
f 116/142/2 123/143/2 117/137/2
f 117/137/15 124/144/15 118/145/15
f 124/146/18 119/140/18 118/147/18
f 125/148/5 120/149/5 119/140/5
f 120/149/17 121/141/17 115/135/17
f 127/150/20 122/151/20 121/141/20
f 128/152/2 123/143/2 122/151/2
f 123/143/19 130/153/19 124/144/19
f 130/154/22 125/148/22 124/146/22
f 125/148/5 132/155/5 126/156/5
f 132/155/21 121/141/21 126/156/21
f 127/150/24 134/157/24 128/152/24
f 134/157/2 129/158/2 128/152/2
f 135/159/23 130/153/23 129/158/23
f 130/154/26 137/160/26 131/161/26
f 131/161/5 138/162/5 132/155/5
f 138/162/25 127/150/25 132/155/25
f 133/163/29 140/164/72 134/157/29
f 140/164/2 135/159/2 134/157/2
f 135/159/28 142/165/28 136/166/28
f 142/167/32 137/160/31 136/168/31
f 137/160/5 144/169/5 138/162/5
f 144/169/73 133/163/30 138/162/30
f 139/170/34 146/171/34 140/164/34
f 146/171/2 141/172/2 140/164/2
f 141/172/33 148/173/33 142/165/33
f 148/174/36 143/175/36 142/167/36
f 143/175/5 150/176/5 144/169/5
f 150/176/35 139/170/35 144/169/35
f 145/177/38 152/178/38 146/171/38
f 152/178/2 147/179/2 146/171/2
f 147/179/37 154/180/37 148/173/37
f 154/181/74 149/182/74 148/174/74
f 149/182/5 156/183/5 150/176/5
f 156/183/75 145/177/75 150/176/75
f 151/184/42 158/185/42 152/178/42
f 158/185/2 153/186/2 152/178/2
f 153/186/41 160/187/41 154/180/41
f 160/188/46 155/189/46 154/181/46
f 155/189/5 162/190/5 156/183/5
f 162/190/43 151/184/43 156/183/43
f 157/191/48 164/192/76 158/185/48
f 164/192/2 159/193/2 158/185/2
f 159/193/47 166/194/47 160/187/47
f 166/195/50 161/196/50 160/188/50
f 161/196/5 168/197/5 162/190/5
f 168/197/49 157/191/49 162/190/49
f 163/198/52 170/199/52 164/192/52
f 170/199/2 165/200/2 164/192/2
f 165/200/51 172/201/51 166/194/51
f 172/202/54 167/203/54 166/195/54
f 167/203/5 174/204/5 168/197/5
f 174/204/53 163/198/53 168/197/53
f 175/205/56 170/199/56 169/206/56
f 176/207/2 171/208/2 170/199/2
f 171/208/55 178/209/55 172/201/55
f 178/210/58 173/211/58 172/202/58
f 173/211/5 180/212/5 174/204/5
f 174/204/57 175/205/57 169/206/57
f 181/213/60 176/207/60 175/205/60
f 182/214/2 177/215/2 176/207/2
f 177/215/59 184/216/59 178/209/59
f 184/217/62 179/218/62 178/210/62
f 179/218/5 186/219/5 180/212/5
f 180/212/61 181/213/61 175/205/61
f 181/213/64 188/220/64 182/214/64
f 188/220/2 183/221/2 182/214/2
f 183/221/63 190/222/63 184/216/63
f 190/223/66 185/224/66 184/217/66
f 185/224/5 192/225/5 186/219/5
f 192/225/65 181/213/65 186/219/65
f 187/226/77 2/3/69 188/220/77
f 2/3/2 189/227/2 188/220/2
f 3/4/68 190/222/68 189/227/68
f 190/223/71 5/9/71 191/228/71
f 191/228/5 6/11/5 192/225/5
f 6/11/70 187/226/70 192/225/70
f 193/1/78 200/2/78 194/3/78
f 194/3/2 201/5/2 195/4/2
f 195/4/79 202/15/79 196/6/79
f 202/17/80 197/9/80 196/7/80
f 203/8/5 198/11/5 197/9/5
f 204/10/81 193/1/81 198/11/81
f 199/12/82 206/13/83 200/2/82
f 206/13/2 201/5/2 200/2/2
f 201/5/84 208/14/84 202/15/84
f 208/16/85 203/8/85 202/17/85
f 203/8/5 210/18/5 204/10/5
f 210/18/86 199/12/86 204/10/86
f 205/19/87 212/20/87 206/13/87
f 212/20/2 207/21/2 206/13/2
f 207/21/88 214/22/88 208/14/88
f 214/23/89 209/24/89 208/16/89
f 209/24/5 216/25/5 210/18/5
f 216/25/90 205/19/90 210/18/90
f 211/26/91 218/27/91 212/20/91
f 218/27/2 213/28/2 212/20/2
f 213/28/92 220/37/92 214/22/92
f 220/39/93 215/31/93 214/23/93
f 215/31/5 222/32/5 216/25/5
f 222/32/94 211/26/94 216/25/94
f 217/34/95 224/35/95 218/27/95
f 224/35/2 219/29/2 218/27/2
f 219/29/96 226/36/96 220/37/96
f 226/38/97 221/30/97 220/39/97
f 221/30/5 228/40/5 222/32/5
f 228/40/98 217/34/98 222/32/98
f 223/33/99 230/41/99 224/35/99
f 230/41/2 225/42/2 224/35/2
f 225/42/100 232/43/100 226/36/100
f 232/44/101 227/45/101 226/38/101
f 227/45/5 234/46/5 228/40/5
f 234/46/102 223/33/102 228/40/102
f 229/48/103 236/49/103 230/41/103
f 236/49/2 231/50/2 230/41/2
f 231/50/104 238/51/104 232/43/104
f 238/52/105 233/53/105 232/44/105
f 233/53/5 240/54/5 234/46/5
f 240/54/106 229/48/106 234/46/106
f 235/47/107 242/56/107 236/49/107
f 236/49/2 243/58/2 237/57/2
f 243/58/108 238/51/108 237/57/108
f 238/52/109 245/59/109 239/60/109
f 245/59/5 240/54/5 239/60/5
f 246/61/110 235/47/110 240/54/110
f 241/55/111 248/62/111 242/56/112
f 248/62/2 243/58/2 242/56/2
f 243/58/113 250/71/113 244/64/113
f 250/73/114 245/59/114 244/65/114
f 245/59/5 252/67/5 246/61/5
f 252/67/115 241/55/116 246/61/116
f 247/68/117 254/69/117 248/62/117
f 254/69/2 249/63/2 248/62/2
f 249/63/118 256/70/118 250/71/118
f 256/72/119 251/66/119 250/73/119
f 251/66/5 258/74/5 252/67/5
f 258/74/120 247/68/120 252/67/120
f 259/82/121 254/69/121 253/75/121
f 260/76/2 255/77/2 254/69/2
f 255/77/122 262/78/122 256/70/122
f 262/79/123 257/80/123 256/72/123
f 257/80/5 264/81/5 258/74/5
f 258/74/124 259/82/124 253/75/124
f 265/90/125 260/76/126 259/82/126
f 266/83/2 261/84/2 260/76/2
f 261/84/127 268/93/127 262/78/127
f 268/95/128 263/87/128 262/79/128
f 263/87/5 270/88/5 264/81/5
f 264/81/129 265/90/129 259/82/129
f 271/89/130 266/83/130 265/90/130
f 266/83/2 273/99/2 267/85/2
f 273/99/131 268/93/131 267/85/131
f 268/95/132 275/102/132 269/86/132
f 275/102/5 270/88/5 269/86/5
f 270/88/133 271/89/133 265/90/133
f 271/89/134 278/98/134 272/91/134
f 272/91/2 279/105/2 273/99/2
f 273/99/135 280/100/135 274/92/135
f 280/101/136 275/102/136 274/94/136
f 281/108/5 276/96/5 275/102/5
f 282/103/137 271/89/137 276/96/137
f 277/97/138 284/104/138 278/98/138
f 284/104/2 279/105/2 278/98/2
f 279/105/139 286/106/139 280/100/139
f 286/107/140 281/108/140 280/101/140
f 281/108/5 288/109/5 282/103/5
f 288/109/141 277/97/141 282/103/141
f 283/110/142 290/111/142 284/104/142
f 284/104/2 291/113/2 285/112/2
f 291/113/143 286/106/143 285/112/143
f 286/107/144 293/114/144 287/115/144
f 293/114/5 288/109/5 287/115/5
f 294/116/145 283/110/146 288/109/146
f 289/117/79 296/118/79 290/119/79
f 296/118/2 291/120/2 290/119/2
f 291/120/78 298/131/78 292/122/78
f 298/132/81 293/125/81 292/123/81
f 293/125/5 300/126/5 294/127/5
f 300/126/80 289/117/80 294/127/80
f 295/128/147 302/129/84 296/118/147
f 296/118/2 303/130/2 297/121/2
f 297/121/83 304/138/82 298/131/83
f 304/139/86 299/124/86 298/132/86
f 305/133/5 300/126/5 299/124/5
f 306/134/85 295/128/85 300/126/85
f 301/136/88 308/142/88 302/129/88
f 302/129/2 309/137/2 303/130/2
f 309/137/87 304/138/87 303/130/87
f 304/139/90 311/140/90 305/133/90
f 311/140/5 306/134/5 305/133/5
f 312/149/89 301/136/89 306/134/89
f 307/135/92 314/151/92 308/142/92
f 314/151/2 309/137/2 308/142/2
f 315/143/91 310/145/91 309/137/91
f 310/147/94 317/148/94 311/140/94
f 311/140/5 318/156/5 312/149/5
f 318/156/93 307/135/93 312/149/93
f 319/150/96 314/151/96 313/141/96
f 314/151/2 321/158/2 315/143/2
f 321/158/95 316/144/95 315/143/95
f 316/146/98 323/161/98 317/148/98
f 323/161/5 318/156/5 317/148/5
f 318/156/97 319/150/97 313/141/97
f 319/150/100 326/157/100 320/152/100
f 320/152/2 327/159/2 321/158/2
f 321/158/99 328/166/99 322/153/99
f 328/168/102 323/161/102 322/154/102
f 329/160/5 324/155/5 323/161/5
f 330/162/101 319/150/101 324/155/101
f 325/163/104 332/164/104 326/157/104
f 332/164/2 327/159/2 326/157/2
f 327/159/103 334/165/103 328/166/103
f 334/167/106 329/160/106 328/168/106
f 329/160/5 336/169/5 330/162/5
f 336/169/105 325/163/105 330/162/105
f 331/170/108 338/171/108 332/164/108
f 332/164/2 339/179/2 333/172/2
f 339/179/107 334/165/107 333/172/107
f 334/167/110 341/182/110 335/175/110
f 341/182/5 336/169/5 335/175/5
f 342/176/109 331/170/109 336/169/109
f 343/184/113 338/171/148 337/177/148
f 338/171/2 345/186/2 339/179/2
f 345/186/112 340/173/111 339/179/111
f 340/174/116 347/189/116 341/182/115
f 347/189/5 342/176/5 341/182/5
f 342/176/114 343/184/114 337/177/114
f 349/191/118 344/178/118 343/184/118
f 344/178/2 351/193/2 345/186/2
f 345/186/117 352/187/117 346/180/117
f 352/188/120 347/189/120 346/181/120
f 353/196/5 348/183/5 347/189/5
f 348/183/119 349/191/119 343/184/119
f 355/198/122 350/185/122 349/191/122
f 356/192/2 351/193/2 350/185/2
f 351/193/121 358/194/121 352/187/121
f 358/195/124 353/196/124 352/188/124
f 353/196/5 360/197/5 354/190/5
f 354/190/123 355/198/123 349/191/123
f 361/206/149 356/192/127 355/198/127
f 362/199/2 357/200/2 356/192/2
f 363/208/126 358/194/126 357/200/126
f 358/195/150 365/211/129 359/203/150
f 365/211/5 360/197/5 359/203/5
f 360/197/151 361/206/151 355/198/151
f 367/205/131 362/199/131 361/206/131
f 368/207/2 363/208/2 362/199/2
f 363/208/130 370/209/130 364/201/130
f 370/210/133 365/211/133 364/202/133
f 365/211/5 372/212/5 366/204/5
f 366/204/132 367/205/132 361/206/132
f 367/205/135 374/214/135 368/207/135
f 374/214/2 369/215/2 368/207/2
f 369/215/134 376/216/134 370/209/134
f 376/217/137 371/218/137 370/210/137
f 371/218/5 378/219/5 372/212/5
f 378/219/136 367/205/136 372/212/136
f 373/213/139 380/220/139 374/214/139
f 380/220/2 375/221/2 374/214/2
f 375/221/138 382/222/138 376/216/138
f 382/223/141 377/224/141 376/217/141
f 377/224/5 384/225/5 378/219/5
f 384/225/140 373/213/140 378/219/140
f 193/1/143 380/220/143 379/226/143
f 380/220/2 195/4/2 381/227/2
f 381/227/142 196/6/142 382/222/142
f 196/7/146 383/228/146 382/223/146
f 197/9/5 384/225/5 383/228/5
f 384/225/144 193/1/144 379/226/144
f 385/1/152 392/2/152 386/3/152
f 392/2/2 387/4/2 386/3/2
f 393/5/153 388/6/153 387/4/153
f 388/7/154 395/8/154 389/9/154
f 395/8/5 390/11/5 389/9/5
f 396/10/155 385/1/155 390/11/155
f 397/19/156 392/2/156 391/12/156
f 398/13/2 393/5/2 392/2/2
f 393/5/157 400/14/157 394/15/157
f 400/16/158 395/8/158 394/17/158
f 395/8/5 402/18/5 396/10/5
f 396/10/159 397/19/159 391/12/159
f 397/19/160 404/20/160 398/13/160
f 404/20/2 399/21/2 398/13/2
f 405/28/161 400/14/161 399/21/161
f 400/16/162 407/31/162 401/24/162
f 401/24/5 408/25/5 402/18/5
f 408/25/163 397/19/163 402/18/163
f 403/26/164 410/27/165 404/20/164
f 404/20/2 411/29/2 405/28/2
f 411/29/166 406/22/167 405/28/167
f 406/23/168 413/30/169 407/31/170
f 413/30/5 408/25/5 407/31/5
f 414/32/171 403/26/171 408/25/171
f 409/34/172 416/35/172 410/27/172
f 410/27/2 417/42/2 411/29/2
f 417/42/173 412/37/173 411/29/173
f 412/39/174 419/45/174 413/30/174
f 419/45/5 414/32/5 413/30/5
f 420/40/175 409/34/175 414/32/175
f 415/33/176 422/41/176 416/35/176
f 416/35/2 423/50/2 417/42/2
f 423/50/177 418/36/177 417/42/177
f 418/38/178 425/53/178 419/45/178
f 425/53/5 420/40/5 419/45/5
f 426/46/179 415/33/179 420/40/179
f 421/48/180 428/49/180 422/41/180
f 422/41/2 429/57/2 423/50/2
f 429/57/181 424/43/181 423/50/181
f 424/44/182 431/60/182 425/53/182
f 431/60/5 426/46/5 425/53/5
f 432/54/183 421/48/183 426/46/183
f 427/47/184 434/56/184 428/49/184
f 428/49/2 435/58/2 429/57/2
f 435/58/185 430/51/185 429/57/185
f 430/52/186 437/59/186 431/60/186
f 437/59/5 432/54/5 431/60/5
f 438/61/187 427/47/187 432/54/187
f 433/55/188 440/62/189 434/56/188
f 440/62/2 435/58/2 434/56/2
f 435/58/190 442/71/191 436/64/190
f 442/73/192 437/59/192 436/65/192
f 437/59/5 444/67/5 438/61/5
f 444/67/193 433/55/194 438/61/194
f 439/68/195 446/69/195 440/62/195
f 446/69/2 441/63/2 440/62/2
f 441/63/196 448/70/196 442/71/196
f 448/72/197 443/66/197 442/73/197
f 443/66/5 450/74/5 444/67/5
f 450/74/198 439/68/199 444/67/199
f 451/82/200 446/69/200 445/75/200
f 446/69/2 453/84/2 447/77/2
f 447/77/201 454/78/201 448/70/201
f 454/79/202 449/80/202 448/72/202
f 455/87/5 450/74/5 449/80/5
f 450/74/203 451/82/204 445/75/203
f 457/90/205 452/76/205 451/82/205
f 452/76/2 459/85/2 453/84/2
f 459/85/206 454/78/207 453/84/207
f 454/79/208 461/86/208 455/87/208
f 461/86/5 456/81/5 455/87/5
f 456/81/209 457/90/209 451/82/209
f 457/90/210 464/91/210 458/83/210
f 464/91/2 459/85/2 458/83/2
f 465/99/211 460/93/212 459/85/212
f 460/95/213 467/102/213 461/86/214
f 461/86/5 468/96/5 462/88/5
f 468/96/215 457/90/215 462/88/215
f 463/89/216 470/98/216 464/91/216
f 470/98/2 465/99/2 464/91/2
f 465/99/217 472/100/217 466/92/217
f 472/101/218 467/102/218 466/94/218
f 467/102/5 474/103/5 468/96/5
f 474/103/219 463/89/219 468/96/219
f 469/97/220 476/104/221 470/98/220
f 470/98/2 477/112/2 471/105/2
f 471/105/222 478/106/222 472/100/222
f 478/107/223 473/108/223 472/101/223
f 479/115/5 474/103/5 473/108/5
f 480/109/224 469/97/224 474/103/225
f 475/110/226 482/111/226 476/104/226
f 476/104/2 483/113/2 477/112/2
f 477/112/227 484/229/227 478/106/227
f 484/230/228 479/115/228 478/107/228
f 485/114/5 480/109/5 479/115/5
f 486/116/229 475/110/229 480/109/229
f 481/117/153 488/118/153 482/119/153
f 488/118/2 483/120/2 482/119/2
f 483/120/152 490/131/152 484/122/152
f 490/132/155 485/125/155 484/123/155
f 485/125/5 492/126/5 486/127/5
f 492/126/154 481/117/154 486/127/154
f 493/136/157 488/118/157 487/128/157
f 494/129/2 489/121/2 488/118/2
f 489/121/156 496/138/156 490/131/156
f 496/139/159 491/124/159 490/132/159
f 497/133/5 492/126/5 491/124/5
f 498/134/158 487/128/158 492/126/158
f 493/136/161 500/142/161 494/129/161
f 494/129/2 501/137/2 495/130/2
f 501/137/160 496/138/160 495/130/160
f 496/139/163 503/140/163 497/133/163
f 503/140/5 498/134/5 497/133/5
f 504/149/162 493/136/162 498/134/162
f 499/135/166 506/151/167 500/142/166
f 500/142/2 507/143/2 501/137/2
f 507/143/165 502/145/165 501/137/165
f 502/147/230 509/148/171 503/140/230
f 509/148/5 504/149/5 503/140/5
f 510/156/168 499/135/168 504/149/168
f 505/141/173 512/152/173 506/151/173
f 506/151/2 513/158/2 507/143/2
f 507/143/172 514/153/172 508/144/172
f 514/154/175 509/148/175 508/146/175
f 515/161/5 510/156/5 509/148/5
f 516/155/174 505/141/174 510/156/174
f 511/150/177 518/157/177 512/152/177
f 518/157/2 513/158/2 512/152/2
f 513/158/176 520/166/176 514/153/176
f 520/168/179 515/161/179 514/154/179
f 515/161/5 522/162/5 516/155/5
f 522/162/178 511/150/178 516/155/178
f 517/163/181 524/164/181 518/157/181
f 524/164/2 519/159/2 518/157/2
f 519/159/180 526/165/180 520/166/180
f 526/167/183 521/160/183 520/168/183
f 521/160/5 528/169/5 522/162/5
f 528/169/182 517/163/182 522/162/182
f 523/170/185 530/171/185 524/164/185
f 530/171/2 525/172/2 524/164/2
f 531/179/184 526/165/184 525/172/184
f 526/167/187 533/182/187 527/175/187
f 527/175/5 534/176/5 528/169/5
f 534/176/186 523/170/186 528/169/186
f 529/177/190 536/178/191 530/171/190
f 536/178/2 531/179/2 530/171/2
f 531/179/188 538/180/189 532/173/188
f 532/174/193 539/189/193 533/182/193
f 533/182/5 540/183/5 534/176/5
f 540/183/192 529/177/231 534/176/231
f 535/184/196 542/185/232 536/178/196
f 542/185/2 537/186/2 536/178/2
f 537/186/195 544/187/195 538/180/195
f 544/188/198 539/189/199 538/181/199
f 539/189/5 546/190/5 540/183/5
f 546/190/197 535/184/197 540/183/197
f 547/198/233 542/185/233 541/191/233
f 548/192/2 543/193/2 542/185/2
f 543/193/234 550/194/200 544/187/234
f 550/195/204 545/196/203 544/188/203
f 545/196/5 552/197/5 546/190/5
f 546/190/202 547/198/235 541/191/202
f 553/206/207 548/192/207 547/198/207
f 548/192/2 555/208/2 549/200/2
f 555/208/205 550/194/205 549/200/205
f 550/195/209 557/211/209 551/203/209
f 557/211/5 552/197/5 551/203/5
f 552/197/208 553/206/208 547/198/208
f 559/205/211 554/199/211 553/206/211
f 554/199/2 561/215/2 555/208/2
f 555/208/210 562/209/210 556/201/210
f 562/210/215 557/211/215 556/202/215
f 563/218/5 558/204/5 557/211/5
f 558/204/213 559/205/213 553/206/213
f 565/213/217 560/207/217 559/205/217
f 566/214/2 561/215/2 560/207/2
f 561/215/216 568/216/216 562/209/216
f 568/217/219 563/218/219 562/210/219
f 563/218/5 570/219/5 564/212/5
f 564/212/218 565/213/218 559/205/218
f 571/226/222 566/214/222 565/213/222
f 566/214/2 573/227/2 567/221/2
f 567/221/236 574/222/236 568/216/236
f 574/223/225 569/224/225 568/217/225
f 575/228/5 570/219/5 569/224/5
f 570/219/237 571/226/237 565/213/237
f 571/226/227 386/3/227 572/220/227
f 572/220/2 387/4/2 573/227/2
f 387/4/226 574/222/226 573/227/226
f 574/223/229 389/9/229 575/228/229
f 389/9/5 576/225/5 575/228/5
f 390/11/228 571/226/228 576/225/228
f 583/12/238 578/3/238 577/1/238
f 584/2/2 579/4/2 578/3/2
f 585/5/239 580/6/239 579/4/239
f 580/7/240 587/8/240 581/9/240
f 581/9/5 588/10/5 582/11/5
f 582/11/241 583/12/241 577/1/241
f 589/19/242 584/2/242 583/12/242
f 590/13/2 585/5/2 584/2/2
f 591/21/243 586/15/243 585/5/243
f 586/17/244 593/24/244 587/8/244
f 587/8/5 594/18/5 588/10/5
f 594/18/245 583/12/245 588/10/245
f 589/19/246 596/20/246 590/13/246
f 596/20/2 591/21/2 590/13/2
f 591/21/247 598/22/247 592/14/247
f 598/23/248 593/24/248 592/16/248
f 593/24/5 600/25/5 594/18/5
f 600/25/249 589/19/249 594/18/249
f 595/26/250 602/27/250 596/20/250
f 596/20/2 603/29/2 597/28/2
f 603/29/251 598/22/251 597/28/251
f 598/23/252 605/30/252 599/31/252
f 605/30/5 600/25/5 599/31/5
f 606/32/253 595/26/253 600/25/253
f 601/34/254 608/35/254 602/27/254
f 602/27/2 609/42/2 603/29/2
f 603/29/255 610/36/255 604/37/255
f 610/38/256 605/30/256 604/39/256
f 611/45/5 606/32/5 605/30/5
f 612/40/257 601/34/257 606/32/257
f 607/33/258 614/41/258 608/35/258
f 608/35/2 615/50/2 609/42/2
f 615/50/259 610/36/259 609/42/259
f 610/38/260 617/53/260 611/45/260
f 617/53/5 612/40/5 611/45/5
f 618/46/261 607/33/261 612/40/261
f 613/48/262 620/49/262 614/41/262
f 614/41/2 621/57/2 615/50/2
f 621/57/263 616/43/263 615/50/263
f 616/44/264 623/60/264 617/53/264
f 623/60/5 618/46/5 617/53/5
f 624/54/265 613/48/265 618/46/265
f 619/47/266 626/56/266 620/49/266
f 626/56/2 621/57/2 620/49/2
f 621/57/267 628/64/268 622/51/267
f 628/65/269 623/60/269 622/52/270
f 623/60/5 630/61/5 624/54/5
f 630/61/271 619/47/271 624/54/271
f 625/55/272 632/62/272 626/56/272
f 632/62/2 627/58/2 626/56/2
f 627/58/273 634/71/274 628/64/273
f 634/73/275 629/59/275 628/65/275
f 629/59/5 636/67/5 630/61/5
f 636/67/276 625/55/276 630/61/276
f 637/75/277 632/62/277 631/68/277
f 638/69/2 633/63/2 632/62/2
f 639/77/278 634/71/278 633/63/278
f 634/73/279 641/80/279 635/66/279
f 635/66/5 642/74/5 636/67/5
f 636/67/280 637/75/280 631/68/280
f 643/82/281 638/69/281 637/75/281
f 638/69/2 645/84/2 639/77/2
f 639/77/282 646/78/283 640/70/282
f 646/79/284 641/80/284 640/72/284
f 647/87/5 642/74/5 641/80/5
f 642/74/285 643/82/285 637/75/285
f 643/82/286 650/83/286 644/76/286
f 644/76/2 651/85/2 645/84/2
f 645/84/287 652/93/287 646/78/287
f 652/95/288 647/87/288 646/79/288
f 653/86/5 648/81/5 647/87/5
f 654/88/289 643/82/289 648/81/289
f 649/90/290 656/91/290 650/83/290
f 656/91/2 651/85/2 650/83/2
f 651/85/291 658/92/291 652/93/291
f 658/94/292 653/86/293 652/95/293
f 653/86/5 660/96/5 654/88/5
f 660/96/294 649/90/294 654/88/294
f 661/97/295 656/91/295 655/89/295
f 662/98/2 657/99/2 656/91/2
f 663/105/296 658/92/296 657/99/296
f 658/94/297 665/108/297 659/102/297
f 659/102/5 666/103/5 660/96/5
f 660/96/298 661/97/298 655/89/298
f 667/110/299 662/98/299 661/97/299
f 662/98/2 669/112/2 663/105/2
f 669/112/300 664/100/300 663/105/300
f 664/101/301 671/115/301 665/108/301
f 671/115/5 666/103/5 665/108/5
f 666/103/302 667/110/302 661/97/302
f 673/231/303 668/104/303 667/110/303
f 668/104/2 675/113/2 669/112/2
f 675/113/304 670/106/305 669/112/305
f 670/107/306 677/114/307 671/115/306
f 677/114/5 672/109/5 671/115/5
f 672/109/308 673/231/308 667/110/308
f 679/128/239 674/119/239 673/117/239
f 680/118/2 675/120/2 674/119/2
f 675/120/309 682/131/238 676/122/309
f 682/132/241 677/125/310 676/123/310
f 677/125/5 684/126/5 678/127/5
f 678/127/240 679/128/240 673/117/240
f 685/136/243 680/118/243 679/128/243
f 680/118/2 687/130/2 681/121/2
f 681/121/242 688/138/242 682/131/242
f 688/139/245 683/124/245 682/132/245
f 689/133/5 684/126/5 683/124/5
f 684/126/244 685/136/244 679/128/244
f 691/135/247 686/129/247 685/136/247
f 692/142/2 687/130/2 686/129/2
f 693/137/246 688/138/246 687/130/246
f 688/139/249 695/140/249 689/133/249
f 689/133/5 696/149/5 690/134/5
f 690/134/248 691/135/248 685/136/248
f 691/135/251 698/151/251 692/142/251
f 692/142/2 699/143/2 693/137/2
f 699/143/250 694/145/250 693/137/250
f 694/147/253 701/148/253 695/140/253
f 701/148/5 696/149/5 695/140/5
f 702/156/252 691/135/252 696/149/252
f 697/141/255 704/152/255 698/151/255
f 698/151/2 705/158/2 699/143/2
f 699/143/254 706/153/254 700/144/254
f 706/154/257 701/148/257 700/146/257
f 707/161/5 702/156/5 701/148/5
f 708/155/256 697/141/256 702/156/256
f 709/163/259 704/152/259 703/150/259
f 710/157/2 705/158/2 704/152/2
f 711/159/258 706/153/258 705/158/258
f 706/154/261 713/160/261 707/161/261
f 707/161/5 714/162/5 708/155/5
f 708/155/260 709/163/260 703/150/260
f 715/170/263 710/157/263 709/163/263
f 710/157/2 717/172/2 711/159/2
f 717/172/262 712/166/262 711/159/262
f 712/168/265 719/175/265 713/160/265
f 719/175/5 714/162/5 713/160/5
f 714/162/264 715/170/264 709/163/264
f 721/177/267 716/164/267 715/170/267
f 716/164/2 723/179/2 717/172/2
f 723/179/266 718/165/266 717/172/266
f 718/167/271 725/182/271 719/175/271
f 725/182/5 720/169/5 719/175/5
f 720/169/270 721/177/270 715/170/270
f 727/184/274 722/171/274 721/177/274
f 728/178/2 723/179/2 722/171/2
f 729/186/272 724/173/272 723/179/311
f 724/174/312 731/189/276 725/182/312
f 725/182/5 732/183/5 726/176/5
f 726/176/313 727/184/275 721/177/313
f 733/191/278 728/178/278 727/184/278
f 734/185/2 729/186/2 728/178/2
f 729/186/277 736/187/277 730/180/277
f 736/188/314 731/189/280 730/181/280
f 731/189/5 738/190/5 732/183/5
f 738/190/279 727/184/279 732/183/279
f 733/191/282 740/192/283 734/185/282
f 734/185/2 741/200/2 735/193/2
f 741/200/281 736/187/281 735/193/281
f 736/188/285 743/203/285 737/196/315
f 743/203/5 738/190/5 737/196/5
f 744/197/284 733/191/284 738/190/284
f 739/198/287 746/199/287 740/192/287
f 746/199/2 741/200/2 740/192/2
f 747/208/286 742/194/286 741/200/286
f 742/195/289 749/211/289 743/203/289
f 743/203/5 750/204/5 744/197/5
f 750/204/288 739/198/288 744/197/288
f 751/205/291 746/199/316 745/206/316
f 746/199/2 753/215/2 747/208/2
f 747/208/317 754/209/317 748/201/317
f 754/210/318 749/211/318 748/202/318
f 755/218/5 750/204/5 749/211/5
f 750/204/293 751/205/293 745/206/293
f 757/213/319 752/207/319 751/205/319
f 752/207/2 759/221/2 753/215/2
f 753/215/295 760/216/295 754/209/295
f 760/217/298 755/218/298 754/210/298
f 761/224/5 756/212/5 755/218/5
f 756/212/320 757/213/320 751/205/320
f 757/213/300 764/220/300 758/214/300
f 758/214/2 765/227/2 759/221/2
f 759/221/299 766/222/299 760/216/299
f 766/223/302 761/224/302 760/217/302
f 767/228/5 762/219/5 761/224/5
f 768/225/301 757/213/301 762/219/301
f 763/226/305 578/3/305 764/220/305
f 764/220/2 579/4/2 765/227/2
f 579/4/303 766/222/303 765/227/303
f 766/223/308 581/9/308 767/228/308
f 581/9/5 768/225/5 767/228/5
f 582/11/306 763/226/306 768/225/306
f 769/1/321 776/2/321 770/3/321
f 770/3/2 777/5/2 771/4/2
f 777/5/322 772/6/322 771/4/322
f 772/7/323 779/8/323 773/9/323
f 779/8/5 774/11/5 773/9/5
f 780/10/324 769/1/324 774/11/324
f 781/19/325 776/2/325 775/12/325
f 782/13/2 777/5/2 776/2/2
f 783/21/326 778/15/326 777/5/326
f 778/17/327 785/24/327 779/8/327
f 779/8/5 786/18/5 780/10/5
f 786/18/328 775/12/328 780/10/328
f 781/19/329 788/20/330 782/13/329
f 788/20/2 783/21/2 782/13/2
f 789/28/331 784/14/331 783/21/331
f 784/16/332 791/31/332 785/24/332
f 785/24/5 792/25/5 786/18/5
f 792/25/333 781/19/333 786/18/333
f 787/26/334 794/27/334 788/20/334
f 788/20/2 795/29/2 789/28/2
f 795/29/335 790/22/335 789/28/335
f 790/23/336 797/30/336 791/31/336
f 797/30/5 792/25/5 791/31/5
f 798/32/337 787/26/337 792/25/337
f 799/33/338 794/27/338 793/34/338
f 794/27/2 801/42/2 795/29/2
f 801/42/339 796/37/339 795/29/339
f 796/39/340 803/45/340 797/30/340
f 803/45/5 798/32/5 797/30/5
f 798/32/341 799/33/341 793/34/341
f 799/33/342 806/41/342 800/35/342
f 800/35/2 807/50/2 801/42/2
f 801/42/343 808/43/343 802/36/343
f 808/44/344 803/45/344 802/38/344
f 809/53/5 804/40/5 803/45/5
f 810/46/345 799/33/346 804/40/346
f 811/47/347 806/41/347 805/48/347
f 806/41/2 813/57/2 807/50/2
f 813/57/348 808/43/348 807/50/348
f 808/44/349 815/60/349 809/53/349
f 815/60/5 810/46/5 809/53/5
f 810/46/350 811/47/350 805/48/350
f 817/55/351 812/49/351 811/47/351
f 812/49/2 819/58/2 813/57/2
f 813/57/352 820/64/352 814/51/352
f 820/65/353 815/60/353 814/52/353
f 821/59/5 816/54/5 815/60/5
f 816/54/354 817/55/354 811/47/354
f 823/68/355 818/56/356 817/55/356
f 818/56/2 825/63/2 819/58/2
f 819/58/357 826/71/357 820/64/357
f 826/73/358 821/59/358 820/65/358
f 827/66/5 822/61/5 821/59/5
f 822/61/359 823/68/359 817/55/359
f 829/75/360 824/62/361 823/68/361
f 824/62/2 831/77/2 825/63/2
f 825/63/362 832/70/362 826/71/362
f 832/72/363 827/66/363 826/73/363
f 833/80/5 828/67/5 827/66/5
f 828/67/364 829/75/364 823/68/364
f 829/75/365 836/76/365 830/69/365
f 836/76/2 831/77/2 830/69/2
f 831/77/366 838/78/366 832/70/366
f 838/79/367 833/80/367 832/72/367
f 839/87/5 834/74/5 833/80/5
f 840/81/368 829/75/368 834/74/368
f 835/82/369 842/83/369 836/76/369
f 842/83/2 837/84/2 836/76/2
f 837/84/370 844/93/370 838/78/370
f 844/95/371 839/87/372 838/79/372
f 839/87/5 846/88/5 840/81/5
f 846/88/373 835/82/373 840/81/373
f 847/89/374 842/83/374 841/90/374
f 848/91/2 843/85/2 842/83/2
f 843/85/375 850/92/375 844/93/375
f 850/94/376 845/86/376 844/95/376
f 845/86/5 852/96/5 846/88/5
f 846/88/377 847/89/377 841/90/377
f 853/97/378 848/91/379 847/89/379
f 848/91/2 855/105/2 849/99/2
f 849/99/380 856/100/380 850/92/380
f 856/101/381 851/102/382 850/94/382
f 857/108/5 852/96/5 851/102/5
f 852/96/383 853/97/383 847/89/383
f 859/110/384 854/98/384 853/97/384
f 860/104/2 855/105/2 854/98/2
f 861/112/385 856/100/386 855/105/386
f 856/101/387 863/115/388 857/108/387
f 863/115/5 858/103/5 857/108/5
f 864/109/389 853/97/389 858/103/389
f 859/110/390 866/111/390 860/104/390
f 866/111/2 861/112/2 860/104/2
f 861/112/391 868/229/391 862/106/391
f 868/230/392 863/115/392 862/107/392
f 863/115/5 870/116/5 864/109/5
f 870/116/393 859/110/393 864/109/393
f 865/117/322 872/118/322 866/119/322
f 872/118/2 867/120/2 866/119/2
f 867/120/321 874/131/321 868/122/321
f 874/132/324 869/125/324 868/123/394
f 869/125/5 876/126/5 870/127/5
f 876/126/323 865/117/323 870/127/395
f 877/136/326 872/118/326 871/128/326
f 872/118/2 879/130/2 873/121/2
f 873/121/325 880/138/325 874/131/325
f 880/139/328 875/124/328 874/132/328
f 881/133/5 876/126/5 875/124/5
f 882/134/327 871/128/327 876/126/327
f 883/135/331 878/129/331 877/136/331
f 878/129/2 885/137/2 879/130/2
f 879/130/330 886/145/329 880/138/330
f 886/147/333 881/133/333 880/139/333
f 887/140/5 882/134/5 881/133/5
f 882/134/332 883/135/332 877/136/332
f 883/135/335 890/151/335 884/142/335
f 890/151/2 885/137/2 884/142/2
f 885/137/334 892/144/334 886/145/334
f 892/146/337 887/140/337 886/147/337
f 887/140/5 894/156/5 888/149/5
f 894/156/336 883/135/336 888/149/336
f 895/150/396 890/151/396 889/141/396
f 890/151/2 897/158/2 891/143/2
f 897/158/338 892/144/338 891/143/338
f 892/146/341 899/161/341 893/148/341
f 899/161/5 894/156/5 893/148/5
f 894/156/397 895/150/397 889/141/397
f 901/163/343 896/152/343 895/150/343
f 896/152/2 903/159/2 897/158/2
f 903/159/398 898/153/398 897/158/398
f 898/154/345 905/160/345 899/161/345
f 905/160/5 900/155/5 899/161/5
f 900/155/344 901/163/344 895/150/344
f 901/163/348 908/164/348 902/157/348
f 908/164/2 903/159/2 902/157/2
f 909/172/347 904/166/347 903/159/347
f 904/168/350 911/175/350 905/160/350
f 911/175/5 906/162/5 905/160/5
f 912/169/349 901/163/349 906/162/349
f 907/170/352 914/171/352 908/164/352
f 914/171/2 909/172/2 908/164/2
f 909/172/351 916/173/351 910/165/351
f 916/174/354 911/175/354 910/167/354
f 911/175/5 918/176/5 912/169/5
f 918/176/353 907/170/353 912/169/353
f 913/177/357 920/178/399 914/171/357
f 920/178/2 915/179/2 914/171/2
f 915/179/356 922/180/356 916/173/356
f 922/181/359 917/182/359 916/174/359
f 917/182/5 924/183/5 918/176/5
f 924/183/358 913/177/358 918/176/358
f 925/191/362 920/178/400 919/184/400
f 920/178/2 927/193/2 921/186/2
f 927/193/361 922/180/361 921/186/361
f 922/181/364 929/196/364 923/189/364
f 929/196/5 924/183/5 923/189/5
f 924/183/401 925/191/401 919/184/401
f 931/198/366 926/185/366 925/191/366
f 926/185/2 933/200/2 927/193/2
f 927/193/402 934/194/402 928/187/365
f 934/195/368 929/196/368 928/188/368
f 935/203/5 930/190/5 929/196/5
f 930/190/367 931/198/367 925/191/367
f 931/198/370 938/199/370 932/192/370
f 938/199/2 933/200/2 932/192/2
f 933/200/369 940/201/369 934/194/369
f 940/202/373 935/203/373 934/195/373
f 935/203/5 942/204/5 936/197/5
f 942/204/371 931/198/371 936/197/371
f 943/205/375 938/199/375 937/206/375
f 944/207/2 939/208/2 938/199/2
f 939/208/374 946/209/374 940/201/374
f 946/210/377 941/211/377 940/202/377
f 941/211/5 948/212/5 942/204/5
f 942/204/376 943/205/376 937/206/376
f 949/213/380 944/207/403 943/205/403
f 944/207/2 951/221/2 945/215/2
f 945/215/379 952/216/378 946/209/379
f 952/217/383 947/218/383 946/210/383
f 953/224/5 948/212/5 947/218/5
f 948/212/382 949/213/381 943/205/382
f 955/226/404 950/214/404 949/213/404
f 950/214/2 957/227/2 951/221/2
f 957/227/384 952/216/384 951/221/384
f 952/217/389 959/228/389 953/224/389
f 959/228/5 954/219/5 953/224/5
f 954/219/388 955/226/388 949/213/388
f 769/1/391 956/220/391 955/226/391
f 956/220/2 771/4/2 957/227/2
f 771/4/390 958/222/390 957/227/390
f 958/223/393 773/9/393 959/228/393
f 773/9/5 960/225/5 959/228/5
f 960/225/392 769/1/392 955/226/392
f 967/12/405 962/3/405 961/1/405
f 962/3/2 969/5/2 963/4/2
f 963/4/406 970/15/406 964/6/406
f 970/17/407 965/9/407 964/7/407
f 971/8/5 966/11/5 965/9/5
f 966/11/408 967/12/408 961/1/408
f 967/12/409 974/13/409 968/2/409
f 968/2/2 975/21/2 969/5/2
f 975/21/410 970/15/410 969/5/410
f 970/17/411 977/24/411 971/8/411
f 977/24/5 972/10/5 971/8/5
f 978/18/412 967/12/412 972/10/413
f 973/19/414 980/20/414 974/13/414
f 980/20/2 975/21/2 974/13/2
f 981/28/415 976/14/415 975/21/415
f 976/16/416 983/31/416 977/24/416
f 977/24/5 984/25/5 978/18/5
f 984/25/417 973/19/417 978/18/417
f 979/26/418 986/27/418 980/20/418
f 986/27/2 981/28/2 980/20/2
f 987/29/419 982/22/419 981/28/419
f 982/23/420 989/30/420 983/31/420
f 983/31/5 990/32/5 984/25/5
f 990/32/421 979/26/421 984/25/421
f 991/33/422 986/27/422 985/34/422
f 986/27/2 993/42/2 987/29/2
f 993/42/423 988/37/423 987/29/423
f 988/39/424 995/45/424 989/30/424
f 995/45/5 990/32/5 989/30/5
f 990/32/425 991/33/426 985/34/425
f 997/48/427 992/35/427 991/33/427
f 998/41/2 993/42/2 992/35/2
f 993/42/428 1000/43/428 994/36/428
f 1000/44/429 995/45/429 994/38/429
f 995/45/5 1002/46/5 996/40/5
f 996/40/430 997/48/430 991/33/430
f 997/48/431 1004/49/431 998/41/431
f 1004/49/2 999/50/2 998/41/2
f 999/50/432 1006/51/432 1000/43/432
f 1006/52/433 1001/53/433 1000/44/433
f 1001/53/5 1008/54/5 1002/46/5
f 1008/54/434 997/48/434 1002/46/434
f 1003/47/435 1010/56/435 1004/49/435
f 1010/56/2 1005/57/2 1004/49/2
f 1011/58/436 1006/51/436 1005/57/436
f 1006/52/437 1013/59/437 1007/60/437
f 1007/60/5 1014/61/5 1008/54/5
f 1014/61/438 1003/47/438 1008/54/438
f 1009/55/439 1016/62/439 1010/56/439
f 1016/62/2 1011/58/2 1010/56/2
f 1017/63/440 1012/64/440 1011/58/441
f 1012/65/442 1019/66/442 1013/59/442
f 1013/59/5 1020/67/5 1014/61/5
f 1020/67/443 1009/55/443 1014/61/443
f 1015/68/444 1022/69/444 1016/62/444
f 1016/62/2 1023/77/2 1017/63/2
f 1023/77/445 1018/71/445 1017/63/445
f 1018/73/446 1025/80/446 1019/66/447
f 1025/80/5 1020/67/5 1019/66/5
f 1026/74/448 1015/68/448 1020/67/448
f 1021/75/449 1028/76/449 1022/69/449
f 1028/76/2 1023/77/2 1022/69/2
f 1023/77/450 1030/78/450 1024/70/450
f 1030/79/451 1025/80/451 1024/72/451
f 1025/80/5 1032/81/5 1026/74/5
f 1032/81/452 1021/75/452 1026/74/452
f 1027/82/453 1034/83/453 1028/76/453
f 1034/83/2 1029/84/2 1028/76/2
f 1029/84/454 1036/93/454 1030/78/454
f 1036/95/455 1031/87/455 1030/79/455
f 1031/87/5 1038/88/5 1032/81/5
f 1038/88/456 1027/82/456 1032/81/456
f 1039/89/457 1034/83/457 1033/90/457
f 1034/83/2 1041/99/2 1035/85/2
f 1041/99/458 1036/93/458 1035/85/458
f 1036/95/459 1043/102/459 1037/86/459
f 1043/102/5 1038/88/5 1037/86/5
f 1038/88/460 1039/89/461 1033/90/460
f 1045/97/462 1040/91/462 1039/89/463
f 1040/91/2 1047/105/2 1041/99/2
f 1047/105/464 1042/92/464 1041/99/465
f 1042/94/466 1049/108/466 1043/102/466
f 1049/108/5 1044/96/5 1043/102/5
f 1044/96/467 1045/97/467 1039/89/467
f 1045/97/468 1052/104/468 1046/98/468
f 1046/98/2 1053/112/2 1047/105/2
f 1047/105/469 1054/106/469 1048/100/469
f 1054/107/470 1049/108/470 1048/101/470
f 1055/115/5 1050/103/5 1049/108/5
f 1056/109/471 1045/97/471 1050/103/471
f 1057/231/472 1052/104/472 1051/110/472
f 1052/104/2 1059/113/2 1053/112/2
f 1053/112/473 1060/229/473 1054/106/473
f 1060/230/474 1055/115/474 1054/107/474
f 1061/114/5 1056/109/5 1055/115/5
f 1056/109/475 1057/231/475 1051/110/475
f 1063/128/406 1058/119/406 1057/117/406
f 1064/118/2 1059/120/2 1058/119/2
f 1059/120/405 1066/131/405 1060/122/405
f 1066/132/408 1061/125/408 1060/123/408
f 1061/125/5 1068/126/5 1062/127/5
f 1062/127/407 1063/128/407 1057/117/407
f 1069/136/410 1064/118/410 1063/128/410
f 1070/129/2 1065/121/2 1064/118/2
f 1065/121/409 1072/138/409 1066/131/409
f 1072/139/412 1067/124/412 1066/132/412
f 1067/124/5 1074/134/5 1068/126/5
f 1068/126/411 1069/136/411 1063/128/411
f 1075/135/415 1070/129/415 1069/136/415
f 1076/142/2 1071/130/2 1070/129/2
f 1071/130/414 1078/145/414 1072/138/414
f 1078/147/417 1073/133/417 1072/139/417
f 1073/133/5 1080/149/5 1074/134/5
f 1074/134/416 1075/135/416 1069/136/416
f 1081/141/419 1076/142/419 1075/135/419
f 1082/151/2 1077/137/2 1076/142/2
f 1077/137/418 1084/144/418 1078/145/418
f 1078/147/421 1085/148/421 1079/140/421
f 1085/148/5 1080/149/5 1079/140/5
f 1080/149/420 1081/141/420 1075/135/420
f 1087/150/423 1082/151/423 1081/141/423
f 1088/152/2 1083/143/2 1082/151/2
f 1083/143/422 1090/153/422 1084/144/422
f 1084/146/425 1091/161/425 1085/148/425
f 1091/161/5 1086/156/5 1085/148/5
f 1086/156/424 1087/150/424 1081/141/424
f 1093/163/428 1088/152/428 1087/150/428
f 1088/152/2 1095/159/2 1089/158/2
f 1095/159/427 1090/153/427 1089/158/427
f 1090/154/430 1097/160/430 1091/161/430
f 1097/160/5 1092/155/5 1091/161/5
f 1092/155/429 1093/163/429 1087/150/429
f 1099/170/432 1094/157/432 1093/163/432
f 1094/157/2 1101/172/2 1095/159/2
f 1095/159/431 1102/165/431 1096/166/431
f 1102/167/434 1097/160/434 1096/168/434
f 1103/175/5 1098/162/5 1097/160/5
f 1098/162/433 1099/170/433 1093/163/433
f 1099/170/436 1106/171/436 1100/164/436
f 1100/164/2 1107/179/2 1101/172/2
f 1101/172/435 1108/173/435 1102/165/435
f 1108/174/438 1103/175/438 1102/167/438
f 1109/182/5 1104/169/5 1103/175/5
f 1110/176/437 1099/170/437 1104/169/437
f 1105/177/440 1112/178/441 1106/171/440
f 1112/178/2 1107/179/2 1106/171/2
f 1107/179/439 1114/180/439 1108/173/439
f 1114/181/443 1109/182/443 1108/174/443
f 1109/182/5 1116/183/5 1110/176/5
f 1116/183/476 1105/177/442 1110/176/442
f 1117/191/445 1112/178/445 1111/184/445
f 1118/185/2 1113/186/2 1112/178/2
f 1113/186/444 1120/187/444 1114/180/444
f 1120/188/448 1115/189/448 1114/181/448
f 1115/189/5 1122/190/5 1116/183/5
f 1116/183/446 1117/191/446 1111/184/446
f 1123/198/450 1118/185/450 1117/191/450
f 1118/185/2 1125/200/2 1119/193/2
f 1119/193/449 1126/194/449 1120/187/449
f 1126/195/452 1121/196/452 1120/188/452
f 1127/203/5 1122/190/5 1121/196/5
f 1122/190/451 1123/198/451 1117/191/451
f 1129/206/454 1124/192/454 1123/198/454
f 1124/192/2 1131/208/2 1125/200/2
f 1125/200/453 1132/201/453 1126/194/453
f 1132/202/456 1127/203/456 1126/195/456
f 1133/211/5 1128/197/5 1127/203/5
f 1128/197/455 1129/206/455 1123/198/455
f 1135/205/458 1130/199/458 1129/206/458
f 1130/199/2 1137/215/2 1131/208/2
f 1137/215/457 1132/201/457 1131/208/457
f 1132/202/460 1139/218/460 1133/211/460
f 1139/218/5 1134/204/5 1133/211/5
f 1134/204/459 1135/205/459 1129/206/459
f 1141/213/464 1136/207/464 1135/205/464
f 1136/207/2 1143/221/2 1137/215/2
f 1143/221/477 1138/209/477 1137/215/477
f 1138/210/478 1145/224/479 1139/218/478
f 1145/224/5 1140/212/5 1139/218/5
f 1140/212/466 1141/213/466 1135/205/466
f 1147/226/469 1142/214/469 1141/213/469
f 1142/214/2 1149/227/2 1143/221/2
f 1149/227/468 1144/216/468 1143/221/468
f 1144/217/471 1151/228/471 1145/224/471
f 1151/228/5 1146/219/5 1145/224/5
f 1146/219/470 1147/226/470 1141/213/470
f 1147/226/473 962/3/473 1148/220/473
f 1148/220/2 963/4/2 1149/227/2
f 1149/227/472 964/6/472 1150/222/472
f 964/7/475 1151/228/475 1150/223/475
f 965/9/5 1152/225/5 1151/228/5
f 966/11/474 1147/226/474 1152/225/474
f 1/1/1 7/12/1 8/2/1
f 8/2/2 9/5/2 3/4/2
f 9/5/3 10/15/3 4/6/3
f 4/7/4 10/17/4 11/8/4
f 5/9/5 11/8/5 12/10/5
f 12/10/6 7/12/6 1/1/6
f 7/12/7 13/19/7 14/13/7
f 14/13/2 15/21/2 9/5/2
f 9/5/8 15/21/8 16/14/8
f 16/16/9 17/24/9 11/8/9
f 11/8/5 17/24/5 18/18/5
f 18/18/10 13/19/10 7/12/10
f 13/19/11 19/26/11 20/20/11
f 20/20/2 21/28/2 15/21/2
f 15/21/12 21/28/12 22/22/12
f 22/23/13 23/31/13 17/24/13
f 17/24/5 23/31/5 24/25/5
f 24/25/14 19/26/14 13/19/14
f 19/26/15 25/34/15 26/27/15
f 26/27/2 27/29/2 21/28/2
f 27/29/16 28/37/16 22/22/16
f 22/23/17 28/39/17 29/30/17
f 23/31/5 29/30/5 30/32/5
f 30/32/18 25/34/18 19/26/18
f 31/33/19 32/35/19 26/27/19
f 32/35/2 33/42/2 27/29/2
f 27/29/20 33/42/20 34/36/20
f 34/38/21 35/45/21 29/30/21
f 29/30/5 35/45/5 36/40/5
f 30/32/22 36/40/22 31/33/22
f 31/33/23 37/48/23 38/41/23
f 38/41/2 39/50/2 33/42/2
f 33/42/24 39/50/24 40/43/24
f 40/44/25 41/53/25 35/45/25
f 35/45/5 41/53/5 42/46/5
f 42/46/26 37/48/26 31/33/26
f 43/47/27 44/49/27 38/41/28
f 44/49/2 45/57/2 39/50/2
f 39/50/29 45/57/29 46/51/29
f 46/52/30 47/60/30 41/53/30
f 41/53/5 47/60/5 48/54/5
f 42/46/31 48/54/32 43/47/32
f 49/55/33 50/56/33 44/49/33
f 50/56/2 51/58/2 45/57/2
f 51/58/34 52/64/34 46/51/34
f 46/52/35 52/65/35 53/59/35
f 47/60/5 53/59/5 54/61/5
f 48/54/36 54/61/36 49/55/36
f 49/55/37 55/68/37 56/62/37
f 56/62/2 57/63/2 51/58/2
f 57/63/38 58/71/38 52/64/38
f 52/65/39 58/73/39 59/66/39
f 53/59/5 59/66/5 60/67/5
f 60/67/40 55/68/40 49/55/40
f 55/68/41 61/75/41 62/69/41
f 62/69/2 63/77/2 57/63/2
f 57/63/42 63/77/42 64/70/42
f 64/72/43 65/80/43 59/66/44
f 59/66/5 65/80/5 66/74/5
f 66/74/45 61/75/45 55/68/46
f 61/75/47 67/82/47 68/76/47
f 68/76/2 69/84/2 63/77/2
f 63/77/48 69/84/48 70/78/48
f 70/79/49 71/87/49 65/80/49
f 65/80/5 71/87/5 72/81/5
f 72/81/50 67/82/50 61/75/50
f 67/82/51 73/90/51 74/83/51
f 74/83/2 75/85/2 69/84/2
f 75/85/52 76/93/52 70/78/52
f 70/79/53 76/95/53 77/86/53
f 71/87/5 77/86/5 78/88/5
f 78/88/54 73/90/54 67/82/54
f 79/89/55 80/91/55 74/83/55
f 80/91/2 81/99/2 75/85/2
f 75/85/56 81/99/56 82/92/56
f 82/94/57 83/102/57 77/86/57
f 77/86/5 83/102/5 84/96/5
f 84/96/58 79/89/58 73/90/58
f 85/97/59 86/98/59 80/91/59
f 86/98/2 87/105/2 81/99/2
f 81/99/60 87/105/60 88/100/60
f 88/101/61 89/108/61 83/102/61
f 83/102/5 89/108/5 90/103/5
f 84/96/62 90/103/62 85/97/62
f 85/97/63 91/110/63 92/104/63
f 92/104/2 93/112/2 87/105/2
f 87/105/64 93/112/64 94/106/64
f 94/107/65 95/115/65 89/108/65
f 89/108/5 95/115/5 96/109/5
f 96/109/66 91/110/66 85/97/66
f 91/110/67 97/231/68 98/111/68
f 98/111/2 99/113/2 93/112/2
f 99/113/69 100/229/69 94/106/69
f 94/107/70 100/230/70 101/114/70
f 95/115/5 101/114/5 102/116/5
f 102/116/71 97/231/532 91/110/71
f 97/117/3 103/128/3 104/118/3
f 104/118/2 105/121/2 99/120/2
f 105/121/1 106/131/1 100/122/1
f 100/123/6 106/132/6 107/124/6
f 101/125/5 107/124/5 108/126/5
f 108/126/4 103/128/4 97/117/4
f 103/128/8 109/136/8 110/129/8
f 104/118/2 110/129/2 111/130/2
f 111/130/7 112/138/7 106/131/7
f 106/132/10 112/139/10 113/133/10
f 113/133/5 114/134/5 108/126/5
f 114/134/9 109/136/9 103/128/9
f 115/135/12 116/142/12 110/129/12
f 110/129/2 116/142/2 117/137/2
f 117/137/11 118/145/11 112/138/11
f 112/139/14 118/147/14 119/140/14
f 119/140/5 120/149/5 114/134/5
f 114/134/13 120/149/13 115/135/13
f 121/141/16 122/151/16 116/142/16
f 116/142/2 122/151/2 123/143/2
f 117/137/15 123/143/15 124/144/15
f 124/146/18 125/148/18 119/140/18
f 125/148/5 126/156/5 120/149/5
f 120/149/17 126/156/17 121/141/17
f 127/150/20 128/152/20 122/151/20
f 128/152/2 129/158/2 123/143/2
f 123/143/19 129/158/19 130/153/19
f 130/154/22 131/161/22 125/148/22
f 125/148/5 131/161/5 132/155/5
f 132/155/21 127/150/21 121/141/21
f 127/150/24 133/163/24 134/157/24
f 134/157/2 135/159/2 129/158/2
f 135/159/23 136/166/23 130/153/23
f 130/154/26 136/168/26 137/160/26
f 131/161/5 137/160/5 138/162/5
f 138/162/25 133/163/25 127/150/25
f 133/163/29 139/170/72 140/164/72
f 140/164/2 141/172/2 135/159/2
f 135/159/28 141/172/28 142/165/28
f 142/167/32 143/175/32 137/160/31
f 137/160/5 143/175/5 144/169/5
f 144/169/73 139/170/73 133/163/30
f 139/170/34 145/177/34 146/171/34
f 146/171/2 147/179/2 141/172/2
f 141/172/33 147/179/33 148/173/33
f 148/174/36 149/182/36 143/175/36
f 143/175/5 149/182/5 150/176/5
f 150/176/35 145/177/35 139/170/35
f 145/177/38 151/184/38 152/178/38
f 152/178/2 153/186/2 147/179/2
f 147/179/37 153/186/37 154/180/37
f 154/181/74 155/189/74 149/182/74
f 149/182/5 155/189/5 156/183/5
f 156/183/75 151/184/75 145/177/75
f 151/184/42 157/191/42 158/185/42
f 158/185/2 159/193/2 153/186/2
f 153/186/41 159/193/41 160/187/41
f 160/188/46 161/196/46 155/189/46
f 155/189/5 161/196/5 162/190/5
f 162/190/43 157/191/43 151/184/43
f 157/191/48 163/198/76 164/192/76
f 164/192/2 165/200/2 159/193/2
f 159/193/47 165/200/47 166/194/47
f 166/195/50 167/203/50 161/196/50
f 161/196/5 167/203/5 168/197/5
f 168/197/49 163/198/49 157/191/49
f 163/198/52 169/206/52 170/199/52
f 170/199/2 171/208/2 165/200/2
f 165/200/51 171/208/51 172/201/51
f 172/202/54 173/211/54 167/203/54
f 167/203/5 173/211/5 174/204/5
f 174/204/53 169/206/53 163/198/53
f 175/205/56 176/207/56 170/199/56
f 176/207/2 177/215/2 171/208/2
f 171/208/55 177/215/55 178/209/55
f 178/210/58 179/218/58 173/211/58
f 173/211/5 179/218/5 180/212/5
f 174/204/57 180/212/57 175/205/57
f 181/213/60 182/214/60 176/207/60
f 182/214/2 183/221/2 177/215/2
f 177/215/59 183/221/59 184/216/59
f 184/217/62 185/224/62 179/218/62
f 179/218/5 185/224/5 186/219/5
f 180/212/61 186/219/61 181/213/61
f 181/213/64 187/226/64 188/220/64
f 188/220/2 189/227/2 183/221/2
f 183/221/63 189/227/63 190/222/63
f 190/223/66 191/228/66 185/224/66
f 185/224/5 191/228/5 192/225/5
f 192/225/65 187/226/65 181/213/65
f 187/226/77 1/1/69 2/3/69
f 2/3/2 3/4/2 189/227/2
f 3/4/68 4/6/68 190/222/68
f 190/223/71 4/7/71 5/9/71
f 191/228/5 5/9/5 6/11/5
f 6/11/70 1/1/70 187/226/70
f 193/1/78 199/12/78 200/2/78
f 194/3/2 200/2/2 201/5/2
f 195/4/79 201/5/79 202/15/79
f 202/17/80 203/8/80 197/9/80
f 203/8/5 204/10/5 198/11/5
f 204/10/81 199/12/81 193/1/81
f 199/12/82 205/19/83 206/13/83
f 206/13/2 207/21/2 201/5/2
f 201/5/84 207/21/84 208/14/84
f 208/16/85 209/24/85 203/8/85
f 203/8/5 209/24/5 210/18/5
f 210/18/86 205/19/86 199/12/86
f 205/19/87 211/26/87 212/20/87
f 212/20/2 213/28/2 207/21/2
f 207/21/88 213/28/88 214/22/88
f 214/23/89 215/31/89 209/24/89
f 209/24/5 215/31/5 216/25/5
f 216/25/90 211/26/90 205/19/90
f 211/26/91 217/34/91 218/27/91
f 218/27/2 219/29/2 213/28/2
f 213/28/92 219/29/92 220/37/92
f 220/39/93 221/30/93 215/31/93
f 215/31/5 221/30/5 222/32/5
f 222/32/94 217/34/94 211/26/94
f 217/34/95 223/33/95 224/35/95
f 224/35/2 225/42/2 219/29/2
f 219/29/96 225/42/96 226/36/96
f 226/38/97 227/45/533 221/30/97
f 221/30/5 227/45/5 228/40/5
f 228/40/98 223/33/98 217/34/98
f 223/33/99 229/48/99 230/41/99
f 230/41/2 231/50/2 225/42/2
f 225/42/100 231/50/100 232/43/100
f 232/44/101 233/53/101 227/45/101
f 227/45/5 233/53/5 234/46/5
f 234/46/102 229/48/102 223/33/102
f 229/48/103 235/47/103 236/49/103
f 236/49/2 237/57/2 231/50/2
f 231/50/104 237/57/104 238/51/104
f 238/52/105 239/60/105 233/53/105
f 233/53/5 239/60/5 240/54/5
f 240/54/106 235/47/106 229/48/106
f 235/47/107 241/55/107 242/56/107
f 236/49/2 242/56/2 243/58/2
f 243/58/108 244/64/108 238/51/108
f 238/52/109 244/65/109 245/59/109
f 245/59/5 246/61/5 240/54/5
f 246/61/110 241/55/110 235/47/110
f 241/55/111 247/68/111 248/62/111
f 248/62/2 249/63/2 243/58/2
f 243/58/113 249/63/148 250/71/113
f 250/73/114 251/66/114 245/59/114
f 245/59/5 251/66/5 252/67/5
f 252/67/115 247/68/115 241/55/116
f 247/68/117 253/75/117 254/69/117
f 254/69/2 255/77/2 249/63/2
f 249/63/118 255/77/118 256/70/118
f 256/72/119 257/80/119 251/66/119
f 251/66/5 257/80/5 258/74/5
f 258/74/120 253/75/120 247/68/120
f 259/82/121 260/76/121 254/69/121
f 260/76/2 261/84/2 255/77/2
f 255/77/122 261/84/122 262/78/122
f 262/79/123 263/87/123 257/80/123
f 257/80/5 263/87/5 264/81/5
f 258/74/124 264/81/124 259/82/124
f 265/90/125 266/83/125 260/76/126
f 266/83/2 267/85/2 261/84/2
f 261/84/127 267/85/127 268/93/127
f 268/95/128 269/86/128 263/87/128
f 263/87/5 269/86/5 270/88/5
f 264/81/129 270/88/129 265/90/129
f 271/89/130 272/91/130 266/83/130
f 266/83/2 272/91/2 273/99/2
f 273/99/131 274/92/131 268/93/131
f 268/95/132 274/94/132 275/102/132
f 275/102/5 276/96/5 270/88/5
f 270/88/133 276/96/133 271/89/133
f 271/89/134 277/97/134 278/98/134
f 272/91/2 278/98/2 279/105/2
f 273/99/135 279/105/135 280/100/135
f 280/101/136 281/108/136 275/102/136
f 281/108/5 282/103/5 276/96/5
f 282/103/137 277/97/137 271/89/137
f 277/97/138 283/110/138 284/104/138
f 284/104/2 285/112/2 279/105/2
f 279/105/139 285/112/139 286/106/139
f 286/107/140 287/115/140 281/108/140
f 281/108/5 287/115/5 288/109/5
f 288/109/141 283/110/141 277/97/141
f 283/110/142 289/231/142 290/111/142
f 284/104/2 290/111/2 291/113/2
f 291/113/143 292/229/143 286/106/143
f 286/107/144 292/230/144 293/114/144
f 293/114/5 294/116/5 288/109/5
f 294/116/145 289/231/145 283/110/146
f 289/117/79 295/128/79 296/118/79
f 296/118/2 297/121/2 291/120/2
f 291/120/78 297/121/78 298/131/78
f 298/132/81 299/124/81 293/125/81
f 293/125/5 299/124/5 300/126/5
f 300/126/80 295/128/80 289/117/80
f 295/128/147 301/136/84 302/129/84
f 296/118/2 302/129/2 303/130/2
f 297/121/83 303/130/82 304/138/82
f 304/139/86 305/133/86 299/124/86
f 305/133/5 306/134/5 300/126/5
f 306/134/85 301/136/85 295/128/85
f 301/136/88 307/135/88 308/142/88
f 302/129/2 308/142/2 309/137/2
f 309/137/87 310/145/87 304/138/87
f 304/139/90 310/147/90 311/140/90
f 311/140/5 312/149/5 306/134/5
f 312/149/89 307/135/89 301/136/89
f 307/135/92 313/141/92 314/151/92
f 314/151/2 315/143/2 309/137/2
f 315/143/91 316/144/91 310/145/91
f 310/147/94 316/146/94 317/148/94
f 311/140/5 317/148/5 318/156/5
f 318/156/93 313/141/93 307/135/93
f 319/150/96 320/152/96 314/151/96
f 314/151/2 320/152/2 321/158/2
f 321/158/95 322/153/95 316/144/95
f 316/146/98 322/154/98 323/161/98
f 323/161/5 324/155/5 318/156/5
f 318/156/97 324/155/97 319/150/97
f 319/150/100 325/163/100 326/157/100
f 320/152/2 326/157/2 327/159/2
f 321/158/99 327/159/99 328/166/99
f 328/168/102 329/160/102 323/161/102
f 329/160/5 330/162/5 324/155/5
f 330/162/101 325/163/101 319/150/101
f 325/163/104 331/170/104 332/164/104
f 332/164/2 333/172/2 327/159/2
f 327/159/103 333/172/103 334/165/103
f 334/167/106 335/175/106 329/160/106
f 329/160/5 335/175/5 336/169/5
f 336/169/105 331/170/105 325/163/105
f 331/170/108 337/177/108 338/171/108
f 332/164/2 338/171/2 339/179/2
f 339/179/107 340/173/107 334/165/107
f 334/167/110 340/174/110 341/182/110
f 341/182/5 342/176/5 336/169/5
f 342/176/109 337/177/109 331/170/109
f 343/184/113 344/178/113 338/171/148
f 338/171/2 344/178/2 345/186/2
f 345/186/112 346/180/112 340/173/111
f 340/174/116 346/181/116 347/189/116
f 347/189/5 348/183/5 342/176/5
f 342/176/114 348/183/534 343/184/114
f 349/191/118 350/185/118 344/178/118
f 344/178/2 350/185/2 351/193/2
f 345/186/117 351/193/117 352/187/117
f 352/188/120 353/196/120 347/189/120
f 353/196/5 354/190/5 348/183/5
f 348/183/119 354/190/119 349/191/119
f 355/198/122 356/192/122 350/185/122
f 356/192/2 357/200/2 351/193/2
f 351/193/121 357/200/121 358/194/121
f 358/195/124 359/203/124 353/196/124
f 353/196/5 359/203/5 360/197/5
f 354/190/123 360/197/123 355/198/123
f 361/206/149 362/199/149 356/192/127
f 362/199/2 363/208/2 357/200/2
f 363/208/126 364/201/125 358/194/126
f 358/195/150 364/202/129 365/211/129
f 365/211/5 366/204/5 360/197/5
f 360/197/151 366/204/151 361/206/151
f 367/205/131 368/207/131 362/199/131
f 368/207/2 369/215/2 363/208/2
f 363/208/130 369/215/130 370/209/130
f 370/210/133 371/218/133 365/211/133
f 365/211/5 371/218/5 372/212/5
f 366/204/132 372/212/132 367/205/132
f 367/205/135 373/213/135 374/214/135
f 374/214/2 375/221/2 369/215/2
f 369/215/134 375/221/134 376/216/134
f 376/217/137 377/224/137 371/218/137
f 371/218/5 377/224/5 378/219/5
f 378/219/136 373/213/136 367/205/136
f 373/213/139 379/226/139 380/220/139
f 380/220/2 381/227/2 375/221/2
f 375/221/138 381/227/138 382/222/138
f 382/223/141 383/228/141 377/224/141
f 377/224/5 383/228/5 384/225/5
f 384/225/140 379/226/140 373/213/140
f 193/1/143 194/3/143 380/220/143
f 380/220/2 194/3/2 195/4/2
f 381/227/142 195/4/142 196/6/142
f 196/7/146 197/9/146 383/228/146
f 197/9/5 198/11/5 384/225/5
f 384/225/144 198/11/144 193/1/144
f 385/1/152 391/12/152 392/2/152
f 392/2/2 393/5/2 387/4/2
f 393/5/153 394/15/153 388/6/153
f 388/7/154 394/17/154 395/8/154
f 395/8/5 396/10/5 390/11/5
f 396/10/155 391/12/155 385/1/155
f 397/19/156 398/13/156 392/2/156
f 398/13/2 399/21/2 393/5/2
f 393/5/157 399/21/157 400/14/157
f 400/16/158 401/24/158 395/8/158
f 395/8/5 401/24/5 402/18/5
f 396/10/159 402/18/159 397/19/159
f 397/19/160 403/26/160 404/20/160
f 404/20/2 405/28/2 399/21/2
f 405/28/161 406/22/161 400/14/161
f 400/16/162 406/23/162 407/31/162
f 401/24/5 407/31/5 408/25/5
f 408/25/163 403/26/163 397/19/163
f 403/26/164 409/34/165 410/27/165
f 404/20/2 410/27/2 411/29/2
f 411/29/166 412/37/166 406/22/167
f 406/23/168 412/39/169 413/30/169
f 413/30/5 414/32/5 408/25/5
f 414/32/171 409/34/171 403/26/171
f 409/34/172 415/33/172 416/35/172
f 410/27/2 416/35/2 417/42/2
f 417/42/173 418/36/173 412/37/173
f 412/39/174 418/38/174 419/45/174
f 419/45/5 420/40/5 414/32/5
f 420/40/175 415/33/175 409/34/175
f 415/33/176 421/48/535 422/41/176
f 416/35/2 422/41/2 423/50/2
f 423/50/177 424/43/536 418/36/177
f 418/38/178 424/44/178 425/53/178
f 425/53/5 426/46/5 420/40/5
f 426/46/179 421/48/179 415/33/179
f 421/48/180 427/47/180 428/49/180
f 422/41/2 428/49/2 429/57/2
f 429/57/181 430/51/181 424/43/181
f 424/44/182 430/52/182 431/60/182
f 431/60/5 432/54/5 426/46/5
f 432/54/183 427/47/183 421/48/183
f 427/47/184 433/55/184 434/56/184
f 428/49/2 434/56/2 435/58/2
f 435/58/185 436/64/185 430/51/185
f 430/52/186 436/65/186 437/59/186
f 437/59/5 438/61/5 432/54/5
f 438/61/187 433/55/187 427/47/187
f 433/55/188 439/68/189 440/62/189
f 440/62/2 441/63/2 435/58/2
f 435/58/190 441/63/191 442/71/191
f 442/73/192 443/66/192 437/59/192
f 437/59/5 443/66/5 444/67/5
f 444/67/193 439/68/193 433/55/194
f 439/68/195 445/75/195 446/69/195
f 446/69/2 447/77/2 441/63/2
f 441/63/196 447/77/196 448/70/196
f 448/72/197 449/80/197 443/66/197
f 443/66/5 449/80/5 450/74/5
f 450/74/198 445/75/198 439/68/199
f 451/82/200 452/76/200 446/69/200
f 446/69/2 452/76/2 453/84/2
f 447/77/201 453/84/201 454/78/201
f 454/79/202 455/87/202 449/80/202
f 455/87/5 456/81/5 450/74/5
f 450/74/203 456/81/204 451/82/204
f 457/90/205 458/83/205 452/76/205
f 452/76/2 458/83/2 459/85/2
f 459/85/206 460/93/206 454/78/207
f 454/79/208 460/95/537 461/86/208
f 461/86/5 462/88/5 456/81/5
f 456/81/209 462/88/209 457/90/209
f 457/90/210 463/89/210 464/91/210
f 464/91/2 465/99/2 459/85/2
f 465/99/211 466/92/211 460/93/212
f 460/95/213 466/94/213 467/102/213
f 461/86/5 467/102/5 468/96/5
f 468/96/215 463/89/215 457/90/215
f 463/89/216 469/97/216 470/98/216
f 470/98/2 471/105/2 465/99/2
f 465/99/217 471/105/217 472/100/217
f 472/101/218 473/108/218 467/102/218
f 467/102/5 473/108/5 474/103/5
f 474/103/219 469/97/219 463/89/219
f 469/97/220 475/110/221 476/104/221
f 470/98/2 476/104/2 477/112/2
f 471/105/222 477/112/222 478/106/222
f 478/107/223 479/115/223 473/108/223
f 479/115/5 480/109/5 474/103/5
f 480/109/224 475/110/224 469/97/224
f 475/110/226 481/231/226 482/111/226
f 476/104/2 482/111/2 483/113/2
f 477/112/227 483/113/227 484/229/227
f 484/230/228 485/114/228 479/115/228
f 485/114/5 486/116/5 480/109/5
f 486/116/229 481/231/229 475/110/229
f 481/117/153 487/128/153 488/118/153
f 488/118/2 489/121/2 483/120/2
f 483/120/152 489/121/152 490/131/152
f 490/132/155 491/124/155 485/125/155
f 485/125/5 491/124/5 492/126/5
f 492/126/154 487/128/154 481/117/154
f 493/136/157 494/129/157 488/118/157
f 494/129/2 495/130/2 489/121/2
f 489/121/156 495/130/156 496/138/156
f 496/139/159 497/133/159 491/124/159
f 497/133/5 498/134/5 492/126/5
f 498/134/158 493/136/158 487/128/158
f 493/136/161 499/135/161 500/142/161
f 494/129/2 500/142/2 501/137/2
f 501/137/160 502/145/160 496/138/160
f 496/139/163 502/147/163 503/140/163
f 503/140/5 504/149/5 498/134/5
f 504/149/162 499/135/162 493/136/162
f 499/135/166 505/141/167 506/151/167
f 500/142/2 506/151/2 507/143/2
f 507/143/165 508/144/165 502/145/165
f 502/147/230 508/146/171 509/148/171
f 509/148/5 510/156/5 504/149/5
f 510/156/168 505/141/168 499/135/168
f 505/141/173 511/150/173 512/152/173
f 506/151/2 512/152/2 513/158/2
f 507/143/172 513/158/172 514/153/172
f 514/154/175 515/161/175 509/148/175
f 515/161/5 516/155/5 510/156/5
f 516/155/174 511/150/174 505/141/174
f 511/150/177 517/163/536 518/157/177
f 518/157/2 519/159/2 513/158/2
f 513/158/176 519/159/176 520/166/176
f 520/168/179 521/160/179 515/161/179
f 515/161/5 521/160/5 522/162/5
f 522/162/178 517/163/178 511/150/178
f 517/163/181 523/170/181 524/164/181
f 524/164/2 525/172/2 519/159/2
f 519/159/180 525/172/180 526/165/180
f 526/167/183 527/175/183 521/160/183
f 521/160/5 527/175/5 528/169/5
f 528/169/182 523/170/182 517/163/182
f 523/170/185 529/177/185 530/171/185
f 530/171/2 531/179/2 525/172/2
f 531/179/184 532/173/184 526/165/184
f 526/167/187 532/174/187 533/182/187
f 527/175/5 533/182/5 534/176/5
f 534/176/186 529/177/186 523/170/186
f 529/177/190 535/184/191 536/178/191
f 536/178/2 537/186/2 531/179/2
f 531/179/188 537/186/189 538/180/189
f 532/174/193 538/181/193 539/189/193
f 533/182/5 539/189/5 540/183/5
f 540/183/192 535/184/192 529/177/231
f 535/184/196 541/191/232 542/185/232
f 542/185/2 543/193/2 537/186/2
f 537/186/195 543/193/195 544/187/195
f 544/188/198 545/196/198 539/189/199
f 539/189/5 545/196/5 546/190/5
f 546/190/197 541/191/197 535/184/197
f 547/198/233 548/192/233 542/185/233
f 548/192/2 549/200/2 543/193/2
f 543/193/234 549/200/200 550/194/200
f 550/195/204 551/203/204 545/196/203
f 545/196/5 551/203/5 552/197/5
f 546/190/202 552/197/235 547/198/235
f 553/206/207 554/199/207 548/192/207
f 548/192/2 554/199/2 555/208/2
f 555/208/205 556/201/205 550/194/205
f 550/195/209 556/202/209 557/211/209
f 557/211/5 558/204/5 552/197/5
f 552/197/208 558/204/208 553/206/208
f 559/205/211 560/207/211 554/199/211
f 554/199/2 560/207/2 561/215/2
f 555/208/210 561/215/210 562/209/210
f 562/210/215 563/218/215 557/211/215
f 563/218/5 564/212/5 558/204/5
f 558/204/213 564/212/213 559/205/213
f 565/213/217 566/214/217 560/207/217
f 566/214/2 567/221/2 561/215/2
f 561/215/216 567/221/216 568/216/216
f 568/217/219 569/224/219 563/218/219
f 563/218/5 569/224/5 570/219/5
f 564/212/218 570/219/218 565/213/218
f 571/226/222 572/220/222 566/214/222
f 566/214/2 572/220/2 573/227/2
f 567/221/236 573/227/236 574/222/236
f 574/223/225 575/228/225 569/224/225
f 575/228/5 576/225/5 570/219/5
f 570/219/237 576/225/237 571/226/237
f 571/226/227 385/1/227 386/3/227
f 572/220/2 386/3/2 387/4/2
f 387/4/226 388/6/226 574/222/226
f 574/223/229 388/7/229 389/9/229
f 389/9/5 390/11/5 576/225/5
f 390/11/228 385/1/228 571/226/228
f 583/12/238 584/2/238 578/3/238
f 584/2/2 585/5/2 579/4/2
f 585/5/239 586/15/239 580/6/239
f 580/7/240 586/17/240 587/8/240
f 581/9/5 587/8/5 588/10/5
f 582/11/241 588/10/241 583/12/241
f 589/19/242 590/13/242 584/2/242
f 590/13/2 591/21/2 585/5/2
f 591/21/243 592/14/243 586/15/243
f 586/17/244 592/16/244 593/24/244
f 587/8/5 593/24/5 594/18/5
f 594/18/245 589/19/245 583/12/245
f 589/19/246 595/26/246 596/20/246
f 596/20/2 597/28/2 591/21/2
f 591/21/247 597/28/247 598/22/247
f 598/23/248 599/31/248 593/24/248
f 593/24/5 599/31/5 600/25/5
f 600/25/249 595/26/249 589/19/249
f 595/26/250 601/34/250 602/27/250
f 596/20/2 602/27/2 603/29/2
f 603/29/251 604/37/251 598/22/251
f 598/23/252 604/39/252 605/30/252
f 605/30/5 606/32/5 600/25/5
f 606/32/253 601/34/253 595/26/253
f 601/34/254 607/33/254 608/35/254
f 602/27/2 608/35/2 609/42/2
f 603/29/255 609/42/255 610/36/255
f 610/38/256 611/45/256 605/30/256
f 611/45/5 612/40/5 606/32/5
f 612/40/257 607/33/257 601/34/257
f 607/33/258 613/48/258 614/41/258
f 608/35/2 614/41/2 615/50/2
f 615/50/259 616/43/259 610/36/259
f 610/38/260 616/44/260 617/53/260
f 617/53/5 618/46/5 612/40/5
f 618/46/261 613/48/261 607/33/261
f 613/48/262 619/47/262 620/49/262
f 614/41/2 620/49/2 621/57/2
f 621/57/263 622/51/263 616/43/263
f 616/44/264 622/52/264 623/60/264
f 623/60/5 624/54/5 618/46/5
f 624/54/265 619/47/265 613/48/265
f 619/47/266 625/55/266 626/56/266
f 626/56/2 627/58/2 621/57/2
f 621/57/267 627/58/268 628/64/268
f 628/65/269 629/59/269 623/60/269
f 623/60/5 629/59/5 630/61/5
f 630/61/271 625/55/271 619/47/271
f 625/55/272 631/68/272 632/62/272
f 632/62/2 633/63/2 627/58/2
f 627/58/273 633/63/274 634/71/274
f 634/73/275 635/66/275 629/59/275
f 629/59/5 635/66/5 636/67/5
f 636/67/276 631/68/276 625/55/276
f 637/75/277 638/69/277 632/62/277
f 638/69/2 639/77/2 633/63/2
f 639/77/278 640/70/278 634/71/278
f 634/73/279 640/72/279 641/80/279
f 635/66/5 641/80/5 642/74/5
f 636/67/280 642/74/280 637/75/280
f 643/82/281 644/76/281 638/69/281
f 638/69/2 644/76/2 645/84/2
f 639/77/282 645/84/283 646/78/283
f 646/79/284 647/87/284 641/80/284
f 647/87/5 648/81/5 642/74/5
f 642/74/285 648/81/285 643/82/285
f 643/82/286 649/90/286 650/83/286
f 644/76/2 650/83/2 651/85/2
f 645/84/287 651/85/287 652/93/287
f 652/95/288 653/86/288 647/87/288
f 653/86/5 654/88/5 648/81/5
f 654/88/289 649/90/289 643/82/289
f 649/90/290 655/89/290 656/91/290
f 656/91/2 657/99/2 651/85/2
f 651/85/291 657/99/291 658/92/291
f 658/94/292 659/102/292 653/86/293
f 653/86/5 659/102/5 660/96/5
f 660/96/294 655/89/294 649/90/294
f 661/97/295 662/98/295 656/91/295
f 662/98/2 663/105/2 657/99/2
f 663/105/296 664/100/296 658/92/296
f 658/94/297 664/101/297 665/108/297
f 659/102/5 665/108/5 666/103/5
f 660/96/298 666/103/298 661/97/298
f 667/110/299 668/104/299 662/98/299
f 662/98/2 668/104/2 669/112/2
f 669/112/300 670/106/300 664/100/300
f 664/101/301 670/107/301 671/115/301
f 671/115/5 672/109/5 666/103/5
f 666/103/302 672/109/302 667/110/302
f 673/231/303 674/111/303 668/104/303
f 668/104/2 674/111/2 675/113/2
f 675/113/304 676/229/304 670/106/305
f 670/107/306 676/230/307 677/114/307
f 677/114/5 678/116/5 672/109/5
f 672/109/308 678/116/308 673/231/308
f 679/128/239 680/118/239 674/119/239
f 680/118/2 681/121/2 675/120/2
f 675/120/309 681/121/238 682/131/238
f 682/132/241 683/124/241 677/125/310
f 677/125/5 683/124/5 684/126/5
f 678/127/240 684/126/240 679/128/240
f 685/136/243 686/129/243 680/118/243
f 680/118/2 686/129/2 687/130/2
f 681/121/242 687/130/242 688/138/242
f 688/139/245 689/133/245 683/124/245
f 689/133/5 690/134/5 684/126/5
f 684/126/244 690/134/244 685/136/244
f 691/135/247 692/142/247 686/129/247
f 692/142/2 693/137/2 687/130/2
f 693/137/246 694/145/246 688/138/246
f 688/139/249 694/147/249 695/140/249
f 689/133/5 695/140/5 696/149/5
f 690/134/248 696/149/248 691/135/248
f 691/135/251 697/141/251 698/151/251
f 692/142/2 698/151/2 699/143/2
f 699/143/250 700/144/250 694/145/250
f 694/147/253 700/146/253 701/148/253
f 701/148/5 702/156/5 696/149/5
f 702/156/252 697/141/252 691/135/252
f 697/141/255 703/150/255 704/152/255
f 698/151/2 704/152/2 705/158/2
f 699/143/254 705/158/254 706/153/254
f 706/154/257 707/161/257 701/148/257
f 707/161/5 708/155/5 702/156/5
f 708/155/256 703/150/256 697/141/256
f 709/163/259 710/157/259 704/152/259
f 710/157/2 711/159/2 705/158/2
f 711/159/258 712/166/258 706/153/258
f 706/154/261 712/168/261 713/160/261
f 707/161/5 713/160/5 714/162/5
f 708/155/260 714/162/260 709/163/260
f 715/170/263 716/164/263 710/157/263
f 710/157/2 716/164/2 717/172/2
f 717/172/262 718/165/262 712/166/262
f 712/168/265 718/167/265 719/175/265
f 719/175/5 720/169/5 714/162/5
f 714/162/264 720/169/264 715/170/264
f 721/177/267 722/171/267 716/164/267
f 716/164/2 722/171/2 723/179/2
f 723/179/266 724/173/266 718/165/266
f 718/167/271 724/174/538 725/182/271
f 725/182/5 726/176/5 720/169/5
f 720/169/270 726/176/270 721/177/270
f 727/184/274 728/178/274 722/171/274
f 728/178/2 729/186/2 723/179/2
f 729/186/272 730/180/272 724/173/272
f 724/174/312 730/181/276 731/189/276
f 725/182/5 731/189/5 732/183/5
f 726/176/313 732/183/275 727/184/275
f 733/191/278 734/185/278 728/178/278
f 734/185/2 735/193/2 729/186/2
f 729/186/277 735/193/277 736/187/277
f 736/188/314 737/196/314 731/189/280
f 731/189/5 737/196/5 738/190/5
f 738/190/279 733/191/279 727/184/279
f 733/191/282 739/198/283 740/192/283
f 734/185/2 740/192/2 741/200/2
f 741/200/281 742/194/281 736/187/281
f 736/188/285 742/195/285 743/203/285
f 743/203/5 744/197/5 738/190/5
f 744/197/284 739/198/284 733/191/284
f 739/198/287 745/206/287 746/199/287
f 746/199/2 747/208/2 741/200/2
f 747/208/286 748/201/286 742/194/286
f 742/195/289 748/202/289 749/211/289
f 743/203/5 749/211/5 750/204/5
f 750/204/288 745/206/288 739/198/288
f 751/205/291 752/207/291 746/199/316
f 746/199/2 752/207/2 753/215/2
f 747/208/317 753/215/317 754/209/317
f 754/210/318 755/218/318 749/211/318
f 755/218/5 756/212/5 750/204/5
f 750/204/293 756/212/293 751/205/293
f 757/213/319 758/214/319 752/207/319
f 752/207/2 758/214/2 759/221/2
f 753/215/295 759/221/295 760/216/295
f 760/217/298 761/224/298 755/218/298
f 761/224/5 762/219/5 756/212/5
f 756/212/320 762/219/320 757/213/320
f 757/213/300 763/226/300 764/220/300
f 758/214/2 764/220/2 765/227/2
f 759/221/299 765/227/299 766/222/299
f 766/223/302 767/228/302 761/224/302
f 767/228/5 768/225/5 762/219/5
f 768/225/301 763/226/301 757/213/301
f 763/226/305 577/1/305 578/3/305
f 764/220/2 578/3/2 579/4/2
f 579/4/303 580/6/303 766/222/303
f 766/223/308 580/7/308 581/9/308
f 581/9/5 582/11/5 768/225/5
f 582/11/306 577/1/306 763/226/306
f 769/1/321 775/12/321 776/2/321
f 770/3/2 776/2/2 777/5/2
f 777/5/322 778/15/322 772/6/322
f 772/7/323 778/17/323 779/8/323
f 779/8/5 780/10/5 774/11/5
f 780/10/324 775/12/324 769/1/324
f 781/19/325 782/13/325 776/2/325
f 782/13/2 783/21/2 777/5/2
f 783/21/326 784/14/326 778/15/326
f 778/17/327 784/16/327 785/24/327
f 779/8/5 785/24/5 786/18/5
f 786/18/328 781/19/328 775/12/328
f 781/19/329 787/26/330 788/20/330
f 788/20/2 789/28/2 783/21/2
f 789/28/331 790/22/331 784/14/331
f 784/16/332 790/23/332 791/31/332
f 785/24/5 791/31/5 792/25/5
f 792/25/333 787/26/333 781/19/333
f 787/26/334 793/34/539 794/27/334
f 788/20/2 794/27/2 795/29/2
f 795/29/335 796/37/335 790/22/335
f 790/23/336 796/39/336 797/30/336
f 797/30/5 798/32/5 792/25/5
f 798/32/337 793/34/337 787/26/337
f 799/33/338 800/35/338 794/27/338
f 794/27/2 800/35/2 801/42/2
f 801/42/339 802/36/339 796/37/339
f 796/39/340 802/38/340 803/45/340
f 803/45/5 804/40/5 798/32/5
f 798/32/341 804/40/341 799/33/341
f 799/33/342 805/48/342 806/41/342
f 800/35/2 806/41/2 807/50/2
f 801/42/343 807/50/540 808/43/343
f 808/44/344 809/53/344 803/45/344
f 809/53/5 810/46/5 804/40/5
f 810/46/345 805/48/345 799/33/346
f 811/47/347 812/49/347 806/41/347
f 806/41/2 812/49/2 813/57/2
f 813/57/348 814/51/348 808/43/348
f 808/44/349 814/52/349 815/60/349
f 815/60/5 816/54/5 810/46/5
f 810/46/350 816/54/350 811/47/350
f 817/55/351 818/56/351 812/49/351
f 812/49/2 818/56/2 819/58/2
f 813/57/352 819/58/352 820/64/352
f 820/65/353 821/59/353 815/60/353
f 821/59/5 822/61/5 816/54/5
f 816/54/354 822/61/354 817/55/354
f 823/68/355 824/62/355 818/56/356
f 818/56/2 824/62/2 825/63/2
f 819/58/357 825/63/357 826/71/357
f 826/73/358 827/66/358 821/59/358
f 827/66/5 828/67/5 822/61/5
f 822/61/359 828/67/541 823/68/359
f 829/75/360 830/69/360 824/62/361
f 824/62/2 830/69/2 831/77/2
f 825/63/362 831/77/362 832/70/362
f 832/72/363 833/80/363 827/66/363
f 833/80/5 834/74/5 828/67/5
f 828/67/364 834/74/542 829/75/364
f 829/75/365 835/82/402 836/76/365
f 836/76/2 837/84/2 831/77/2
f 831/77/366 837/84/366 838/78/366
f 838/79/367 839/87/367 833/80/367
f 839/87/5 840/81/5 834/74/5
f 840/81/368 835/82/368 829/75/368
f 835/82/369 841/90/369 842/83/369
f 842/83/2 843/85/2 837/84/2
f 837/84/370 843/85/370 844/93/370
f 844/95/371 845/86/371 839/87/372
f 839/87/5 845/86/5 846/88/5
f 846/88/373 841/90/373 835/82/373
f 847/89/374 848/91/374 842/83/374
f 848/91/2 849/99/2 843/85/2
f 843/85/375 849/99/375 850/92/375
f 850/94/376 851/102/376 845/86/376
f 845/86/5 851/102/5 852/96/5
f 846/88/377 852/96/377 847/89/377
f 853/97/378 854/98/378 848/91/379
f 848/91/2 854/98/2 855/105/2
f 849/99/380 855/105/380 856/100/380
f 856/101/381 857/108/381 851/102/382
f 857/108/5 858/103/5 852/96/5
f 852/96/383 858/103/383 853/97/383
f 859/110/384 860/104/384 854/98/384
f 860/104/2 861/112/2 855/105/2
f 861/112/385 862/106/385 856/100/386
f 856/101/387 862/107/388 863/115/388
f 863/115/5 864/109/5 858/103/5
f 864/109/389 859/110/389 853/97/389
f 859/110/390 865/231/390 866/111/390
f 866/111/2 867/113/2 861/112/2
f 861/112/391 867/113/391 868/229/391
f 868/230/392 869/114/392 863/115/392
f 863/115/5 869/114/5 870/116/5
f 870/116/393 865/231/393 859/110/393
f 865/117/322 871/128/322 872/118/322
f 872/118/2 873/121/2 867/120/2
f 867/120/321 873/121/321 874/131/321
f 874/132/324 875/124/324 869/125/324
f 869/125/5 875/124/5 876/126/5
f 876/126/323 871/128/323 865/117/323
f 877/136/326 878/129/326 872/118/326
f 872/118/2 878/129/2 879/130/2
f 873/121/325 879/130/325 880/138/325
f 880/139/328 881/133/328 875/124/328
f 881/133/5 882/134/5 876/126/5
f 882/134/327 877/136/327 871/128/327
f 883/135/331 884/142/331 878/129/331
f 878/129/2 884/142/2 885/137/2
f 879/130/330 885/137/329 886/145/329
f 886/147/333 887/140/333 881/133/333
f 887/140/5 888/149/5 882/134/5
f 882/134/332 888/149/332 883/135/332
f 883/135/335 889/141/335 890/151/335
f 890/151/2 891/143/2 885/137/2
f 885/137/334 891/143/334 892/144/334
f 892/146/337 893/148/337 887/140/337
f 887/140/5 893/148/5 894/156/5
f 894/156/336 889/141/336 883/135/336
f 895/150/396 896/152/396 890/151/396
f 890/151/2 896/152/2 897/158/2
f 897/158/338 898/153/338 892/144/338
f 892/146/341 898/154/341 899/161/341
f 899/161/5 900/155/5 894/156/5
f 894/156/397 900/155/397 895/150/397
f 901/163/343 902/157/343 896/152/343
f 896/152/2 902/157/2 903/159/2
f 903/159/398 904/166/342 898/153/398
f 898/154/345 904/168/345 905/160/345
f 905/160/5 906/162/5 900/155/5
f 900/155/344 906/162/344 901/163/344
f 901/163/348 907/170/348 908/164/348
f 908/164/2 909/172/2 903/159/2
f 909/172/347 910/165/347 904/166/347
f 904/168/350 910/167/350 911/175/350
f 911/175/5 912/169/5 906/162/5
f 912/169/349 907/170/349 901/163/349
f 907/170/352 913/177/352 914/171/352
f 914/171/2 915/179/2 909/172/2
f 909/172/351 915/179/351 916/173/351
f 916/174/354 917/182/354 911/175/354
f 911/175/5 917/182/5 918/176/5
f 918/176/353 913/177/353 907/170/353
f 913/177/357 919/184/399 920/178/399
f 920/178/2 921/186/2 915/179/2
f 915/179/356 921/186/356 922/180/356
f 922/181/359 923/189/359 917/182/359
f 917/182/5 923/189/5 924/183/5
f 924/183/358 919/184/543 913/177/358
f 925/191/362 926/185/362 920/178/400
f 920/178/2 926/185/2 927/193/2
f 927/193/361 928/187/361 922/180/361
f 922/181/364 928/188/364 929/196/364
f 929/196/5 930/190/5 924/183/5
f 924/183/401 930/190/363 925/191/401
f 931/198/366 932/192/366 926/185/366
f 926/185/2 932/192/2 933/200/2
f 927/193/402 933/200/402 934/194/402
f 934/195/368 935/203/544 929/196/368
f 935/203/5 936/197/5 930/190/5
f 930/190/367 936/197/367 931/198/367
f 931/198/370 937/206/370 938/199/370
f 938/199/2 939/208/2 933/200/2
f 933/200/369 939/208/369 940/201/369
f 940/202/373 941/211/373 935/203/373
f 935/203/5 941/211/5 942/204/5
f 942/204/371 937/206/371 931/198/371
f 943/205/375 944/207/375 938/199/375
f 944/207/2 945/215/2 939/208/2
f 939/208/374 945/215/374 946/209/374
f 946/210/377 947/218/377 941/211/377
f 941/211/5 947/218/5 948/212/5
f 942/204/376 948/212/376 943/205/376
f 949/213/380 950/214/380 944/207/403
f 944/207/2 950/214/2 951/221/2
f 945/215/379 951/221/378 952/216/378
f 952/217/383 953/224/383 947/218/383
f 953/224/5 954/219/5 948/212/5
f 948/212/382 954/219/381 949/213/381
f 955/226/404 956/220/404 950/214/404
f 950/214/2 956/220/2 957/227/2
f 957/227/384 958/222/384 952/216/384
f 952/217/389 958/223/389 959/228/389
f 959/228/5 960/225/5 954/219/5
f 954/219/388 960/225/388 955/226/388
f 769/1/391 770/3/391 956/220/391
f 956/220/2 770/3/2 771/4/2
f 771/4/390 772/6/390 958/222/390
f 958/223/393 772/7/393 773/9/393
f 773/9/5 774/11/5 960/225/5
f 960/225/392 774/11/392 769/1/392
f 967/12/405 968/2/405 962/3/405
f 962/3/2 968/2/2 969/5/2
f 963/4/406 969/5/406 970/15/406
f 970/17/407 971/8/407 965/9/407
f 971/8/5 972/10/5 966/11/5
f 966/11/408 972/10/408 967/12/408
f 967/12/409 973/19/409 974/13/409
f 968/2/2 974/13/2 975/21/2
f 975/21/410 976/14/410 970/15/410
f 970/17/411 976/16/411 977/24/411
f 977/24/5 978/18/5 972/10/5
f 978/18/412 973/19/412 967/12/412
f 973/19/414 979/26/414 980/20/414
f 980/20/2 981/28/2 975/21/2
f 981/28/415 982/22/415 976/14/415
f 976/16/416 982/23/416 983/31/416
f 977/24/5 983/31/5 984/25/5
f 984/25/417 979/26/417 973/19/417
f 979/26/418 985/34/418 986/27/418
f 986/27/2 987/29/2 981/28/2
f 987/29/419 988/37/419 982/22/419
f 982/23/420 988/39/420 989/30/420
f 983/31/5 989/30/5 990/32/5
f 990/32/421 985/34/421 979/26/421
f 991/33/422 992/35/545 986/27/422
f 986/27/2 992/35/2 993/42/2
f 993/42/423 994/36/423 988/37/423
f 988/39/424 994/38/424 995/45/424
f 995/45/5 996/40/5 990/32/5
f 990/32/425 996/40/426 991/33/426
f 997/48/427 998/41/427 992/35/427
f 998/41/2 999/50/2 993/42/2
f 993/42/428 999/50/428 1000/43/428
f 1000/44/429 1001/53/429 995/45/429
f 995/45/5 1001/53/5 1002/46/5
f 996/40/430 1002/46/430 997/48/430
f 997/48/431 1003/47/431 1004/49/431
f 1004/49/2 1005/57/2 999/50/2
f 999/50/432 1005/57/432 1006/51/432
f 1006/52/433 1007/60/433 1001/53/433
f 1001/53/5 1007/60/5 1008/54/5
f 1008/54/434 1003/47/434 997/48/434
f 1003/47/435 1009/55/435 1010/56/435
f 1010/56/2 1011/58/2 1005/57/2
f 1011/58/436 1012/64/436 1006/51/436
f 1006/52/437 1012/65/437 1013/59/437
f 1007/60/5 1013/59/5 1014/61/5
f 1014/61/438 1009/55/438 1003/47/438
f 1009/55/439 1015/68/439 1016/62/439
f 1016/62/2 1017/63/2 1011/58/2
f 1017/63/440 1018/71/440 1012/64/440
f 1012/65/442 1018/73/442 1019/66/442
f 1013/59/5 1019/66/5 1020/67/5
f 1020/67/443 1015/68/443 1009/55/443
f 1015/68/444 1021/75/444 1022/69/444
f 1016/62/2 1022/69/2 1023/77/2
f 1023/77/445 1024/70/445 1018/71/445
f 1018/73/446 1024/72/446 1025/80/446
f 1025/80/5 1026/74/5 1020/67/5
f 1026/74/448 1021/75/448 1015/68/448
f 1021/75/449 1027/82/449 1028/76/449
f 1028/76/2 1029/84/2 1023/77/2
f 1023/77/450 1029/84/450 1030/78/450
f 1030/79/451 1031/87/451 1025/80/451
f 1025/80/5 1031/87/5 1032/81/5
f 1032/81/452 1027/82/452 1021/75/452
f 1027/82/453 1033/90/453 1034/83/453
f 1034/83/2 1035/85/2 1029/84/2
f 1029/84/454 1035/85/454 1036/93/454
f 1036/95/455 1037/86/455 1031/87/455
f 1031/87/5 1037/86/5 1038/88/5
f 1038/88/456 1033/90/456 1027/82/456
f 1039/89/457 1040/91/546 1034/83/457
f 1034/83/2 1040/91/2 1041/99/2
f 1041/99/458 1042/92/458 1036/93/458
f 1036/95/459 1042/94/459 1043/102/459
f 1043/102/5 1044/96/5 1038/88/5
f 1038/88/460 1044/96/461 1039/89/461
f 1045/97/462 1046/98/462 1040/91/462
f 1040/91/2 1046/98/2 1047/105/2
f 1047/105/464 1048/100/464 1042/92/464
f 1042/94/466 1048/101/466 1049/108/466
f 1049/108/5 1050/103/5 1044/96/5
f 1044/96/467 1050/103/478 1045/97/467
f 1045/97/468 1051/110/468 1052/104/468
f 1046/98/2 1052/104/2 1053/112/2
f 1047/105/469 1053/112/469 1054/106/469
f 1054/107/470 1055/115/470 1049/108/470
f 1055/115/5 1056/109/5 1050/103/5
f 1056/109/471 1051/110/471 1045/97/471
f 1057/231/472 1058/111/472 1052/104/472
f 1052/104/2 1058/111/2 1059/113/2
f 1053/112/473 1059/113/473 1060/229/473
f 1060/230/474 1061/114/474 1055/115/474
f 1061/114/5 1062/116/5 1056/109/5
f 1056/109/475 1062/116/475 1057/231/475
f 1063/128/406 1064/118/406 1058/119/406
f 1064/118/2 1065/121/2 1059/120/2
f 1059/120/405 1065/121/405 1066/131/405
f 1066/132/408 1067/124/408 1061/125/408
f 1061/125/5 1067/124/5 1068/126/5
f 1062/127/407 1068/126/407 1063/128/407
f 1069/136/410 1070/129/410 1064/118/410
f 1070/129/2 1071/130/2 1065/121/2
f 1065/121/409 1071/130/409 1072/138/409
f 1072/139/412 1073/133/412 1067/124/412
f 1067/124/5 1073/133/5 1074/134/5
f 1068/126/411 1074/134/411 1069/136/411
f 1075/135/415 1076/142/415 1070/129/415
f 1076/142/2 1077/137/2 1071/130/2
f 1071/130/414 1077/137/414 1078/145/414
f 1078/147/417 1079/140/417 1073/133/417
f 1073/133/5 1079/140/5 1080/149/5
f 1074/134/416 1080/149/416 1075/135/416
f 1081/141/419 1082/151/419 1076/142/419
f 1082/151/2 1083/143/2 1077/137/2
f 1077/137/418 1083/143/418 1084/144/418
f 1078/147/421 1084/146/421 1085/148/421
f 1085/148/5 1086/156/5 1080/149/5
f 1080/149/420 1086/156/420 1081/141/420
f 1087/150/423 1088/152/423 1082/151/423
f 1088/152/2 1089/158/2 1083/143/2
f 1083/143/422 1089/158/422 1090/153/422
f 1084/146/425 1090/154/425 1091/161/425
f 1091/161/5 1092/155/5 1086/156/5
f 1086/156/424 1092/155/424 1087/150/424
f 1093/163/428 1094/157/428 1088/152/428
f 1088/152/2 1094/157/2 1095/159/2
f 1095/159/427 1096/166/427 1090/153/427
f 1090/154/430 1096/168/430 1097/160/430
f 1097/160/5 1098/162/5 1092/155/5
f 1092/155/429 1098/162/429 1093/163/429
f 1099/170/432 1100/164/432 1094/157/432
f 1094/157/2 1100/164/2 1101/172/2
f 1095/159/431 1101/172/431 1102/165/431
f 1102/167/434 1103/175/434 1097/160/434
f 1103/175/5 1104/169/5 1098/162/5
f 1098/162/433 1104/169/433 1099/170/433
f 1099/170/436 1105/177/436 1106/171/436
f 1100/164/2 1106/171/2 1107/179/2
f 1101/172/435 1107/179/435 1108/173/435
f 1108/174/438 1109/182/438 1103/175/438
f 1109/182/5 1110/176/5 1104/169/5
f 1110/176/437 1105/177/437 1099/170/437
f 1105/177/440 1111/184/441 1112/178/441
f 1112/178/2 1113/186/2 1107/179/2
f 1107/179/439 1113/186/439 1114/180/439
f 1114/181/443 1115/189/443 1109/182/443
f 1109/182/5 1115/189/5 1116/183/5
f 1116/183/476 1111/184/476 1105/177/442
f 1117/191/445 1118/185/445 1112/178/445
f 1118/185/2 1119/193/2 1113/186/2
f 1113/186/444 1119/193/444 1120/187/444
f 1120/188/448 1121/196/448 1115/189/448
f 1115/189/5 1121/196/5 1122/190/5
f 1116/183/446 1122/190/446 1117/191/446
f 1123/198/450 1124/192/450 1118/185/450
f 1118/185/2 1124/192/2 1125/200/2
f 1119/193/449 1125/200/449 1126/194/449
f 1126/195/452 1127/203/452 1121/196/452
f 1127/203/5 1128/197/5 1122/190/5
f 1122/190/451 1128/197/451 1123/198/451
f 1129/206/454 1130/199/454 1124/192/454
f 1124/192/2 1130/199/2 1131/208/2
f 1125/200/453 1131/208/453 1132/201/453
f 1132/202/456 1133/211/456 1127/203/456
f 1133/211/5 1134/204/5 1128/197/5
f 1128/197/455 1134/204/455 1129/206/455
f 1135/205/458 1136/207/458 1130/199/458
f 1130/199/2 1136/207/2 1137/215/2
f 1137/215/457 1138/209/457 1132/201/457
f 1132/202/460 1138/210/460 1139/218/460
f 1139/218/5 1140/212/5 1134/204/5
f 1134/204/459 1140/212/459 1135/205/459
f 1141/213/464 1142/214/464 1136/207/464
f 1136/207/2 1142/214/2 1143/221/2
f 1143/221/477 1144/216/547 1138/209/477
f 1138/210/478 1144/217/548 1145/224/479
f 1145/224/5 1146/219/5 1140/212/5
f 1140/212/466 1146/219/466 1141/213/466
f 1147/226/469 1148/220/469 1142/214/469
f 1142/214/2 1148/220/2 1149/227/2
f 1149/227/468 1150/222/468 1144/216/468
f 1144/217/471 1150/223/471 1151/228/471
f 1151/228/5 1152/225/5 1146/219/5
f 1146/219/470 1152/225/470 1147/226/470
f 1147/226/473 961/1/473 962/3/473
f 1148/220/2 962/3/2 963/4/2
f 1149/227/472 963/4/472 964/6/472
f 964/7/475 965/9/475 1151/228/475
f 965/9/5 966/11/5 1152/225/5
f 966/11/474 961/1/474 1147/226/474
usemtl Material.024
f 1153/202/480 1154/39/480 1155/232/480
f 1155/34/481 1157/233/481 1156/234/481
f 1153/235/482 1160/234/482 1158/235/482
f 1155/206/483 1156/234/483 1153/235/483
f 1155/90/484 1154/236/484 1157/233/484
f 1159/236/485 1165/233/485 1161/233/485
f 1154/39/486 1158/202/486 1159/39/486
f 1157/233/487 1159/236/487 1161/233/487
f 1156/234/488 1161/233/488 1160/234/488
f 1165/233/2 1162/201/2 1164/234/2
f 1161/233/489 1164/234/489 1160/234/489
f 1158/235/490 1164/234/490 1162/235/490
f 1159/39/491 1162/202/491 1163/39/491
f 1153/235/482 1156/234/482 1160/234/482
f 1159/236/485 1163/236/485 1165/233/485
f 1154/39/486 1153/202/486 1158/202/486
f 1157/233/487 1154/236/487 1159/236/487
f 1156/234/488 1157/233/488 1161/233/488
f 1165/233/2 1163/37/2 1162/201/2
f 1161/233/489 1165/233/489 1164/234/489
f 1158/235/490 1160/234/490 1164/234/490
f 1159/39/491 1158/202/491 1162/202/491
usemtl マテリアル.001
f 1166/202/492 1167/39/492 1168/232/492
f 1168/34/493 1170/233/493 1169/234/493
f 1170/233/494 1166/201/494 1169/234/494
f 1168/206/495 1169/234/495 1166/235/495
f 1168/90/496 1167/236/496 1170/233/496
f 1171/202/497 1172/39/497 1173/232/497
f 1173/34/498 1175/233/498 1174/234/498
f 1175/233/499 1171/201/499 1174/234/499
f 1173/206/500 1174/234/500 1171/235/500
f 1173/90/501 1172/236/501 1175/233/501
f 1176/202/502 1177/39/502 1178/232/502
f 1178/34/503 1180/233/503 1179/234/503
f 1180/233/504 1176/201/504 1179/234/504
f 1178/206/505 1179/234/505 1176/235/505
f 1178/90/506 1177/236/506 1180/233/506
f 1181/202/507 1182/39/507 1183/232/507
f 1183/34/508 1185/233/508 1184/234/508
f 1185/233/509 1181/201/509 1184/234/509
f 1183/206/510 1184/234/510 1181/235/510
f 1183/90/511 1182/236/511 1185/233/511
f 1186/202/512 1187/39/512 1188/232/512
f 1188/34/513 1190/233/513 1189/234/513
f 1190/233/514 1186/201/514 1189/234/514
f 1188/206/515 1189/234/515 1186/235/515
f 1188/90/516 1187/236/516 1190/233/516
f 1191/202/517 1192/39/517 1193/232/517
f 1193/34/518 1195/233/518 1194/234/518
f 1195/233/519 1191/201/519 1194/234/519
f 1193/206/520 1194/234/520 1191/235/520
f 1193/90/521 1192/236/521 1195/233/521
f 1196/202/522 1197/39/522 1198/232/522
f 1198/34/523 1200/233/523 1199/234/523
f 1200/233/524 1196/201/524 1199/234/524
f 1198/206/525 1199/234/525 1196/235/525
f 1198/90/526 1197/236/526 1200/233/526
f 1201/202/527 1202/39/527 1203/232/527
f 1203/34/528 1205/233/528 1204/234/528
f 1205/233/529 1201/201/529 1204/234/529
f 1203/206/530 1204/234/530 1201/235/530
f 1203/90/531 1202/236/531 1205/233/531
f 1170/233/494 1167/37/494 1166/201/494
f 1175/233/499 1172/37/499 1171/201/499
f 1180/233/504 1177/37/504 1176/201/504
f 1185/233/509 1182/37/509 1181/201/509
f 1190/233/514 1187/37/514 1186/201/514
f 1195/233/519 1192/37/519 1191/201/519
f 1200/233/524 1197/37/524 1196/201/524
f 1205/233/529 1202/37/529 1201/201/529
o Sphere.001
v 0.560665 0.313279 -0.080008
v 0.560665 0.313279 -0.080008
v 0.560665 0.313279 -0.080008
v 0.560665 0.313279 -0.080008
v 0.560665 0.313279 -0.080008
v 0.560665 0.058147 -0.550385
v 0.560665 0.058147 -0.550385
v 0.560665 0.058147 -0.550385
v 0.560665 0.058147 -0.550385
v 0.878152 -0.012921 -0.160237
v 0.878152 -0.012921 -0.160237
v 0.878152 -0.012921 -0.160237
v 0.878152 -0.012921 -0.160237
v 0.878152 -0.012921 -0.160237
v 0.878152 -0.012921 -0.160237
v 0.878152 -0.012921 -0.160237
v 0.560665 -0.039473 0.472300
v 0.560665 -0.039473 0.472300
v 0.560665 -0.039473 0.472300
v 0.560665 -0.039473 0.472300
v 0.560665 -0.039473 0.472300
v 0.560665 -0.039473 0.472300
v 0.560665 -0.039473 0.472300
v 0.560665 -0.230890 -0.131951
v 0.560665 -0.230890 -0.131951
v 0.560665 -0.230890 -0.131951
v 0.560665 -0.230890 -0.131951
v 0.560665 -0.230890 -0.131951
v 0.560665 -0.230890 -0.131951
v 0.268483 0.153916 0.072603
v 0.268483 0.153916 0.072603
v 0.268483 0.153916 0.072603
v 0.268483 0.153916 0.072603
v 0.268483 0.153916 0.072603
v 0.755760 -0.199745 0.037070
v 0.755760 -0.199745 0.037070
v 0.755760 -0.199745 0.037070
v 0.822749 0.154633 0.063955
v 0.822749 0.154633 0.063955
v 0.822749 0.154633 0.063955
v 0.298977 -0.121592 -0.244407
v 0.298977 -0.121592 -0.244407
v 0.298977 -0.121592 -0.244407
v 0.298977 -0.121592 -0.244407
v 0.557627 0.058264 -0.546291
v 0.557627 0.058264 -0.546291
v 0.557627 0.058264 -0.546291
v 0.557627 0.058264 -0.546291
v 0.560665 0.059789 -0.547359
v 0.560665 0.059789 -0.547359
v 0.560665 0.059789 -0.547359
v 0.560665 0.059789 -0.547359
v 0.273332 -0.215878 0.113571
v 0.273332 -0.215878 0.113571
v 0.273332 -0.215878 0.113571
v 0.273332 -0.215878 0.113571
vn 0.6163 0.6922 -0.3755
vn 0.6164 0.6921 -0.3756
vn 0.2097 0.8240 0.5263
vn 0.4573 -0.7317 -0.5054
vn 0.8896 -0.1164 0.4416
vn -0.1045 -0.8159 -0.5686
vn -0.1045 -0.8159 -0.5687
vn -0.1045 -0.8158 -0.5687
vn -0.2733 -0.9252 -0.2633
vn -0.5197 0.7510 -0.4072
vn -0.1757 0.8297 0.5299
vn -0.1088 -0.9477 0.3002
vn 0.8630 -0.2786 0.4215
vn 0.6206 0.6939 -0.3652
vn 0.4874 -0.7646 -0.4217
vn -0.9968 -0.0216 -0.0771
vn -0.5881 0.7112 -0.3851
vn -0.5885 0.7108 -0.3853
vn -0.5882 0.7111 -0.3851
vn -0.7983 0.4145 -0.4370
vn 0.2039 -0.9333 0.2957
vn -0.7927 0.0568 0.6070
vt 0.750000 0.500212
vt 0.500000 0.500212
vt 0.625804 0.035351
vt 0.625000 0.032340
vt 0.750000 0.517319
vt 0.625000 0.977472
vt 0.637462 0.517319
vt 0.250000 0.500212
vt 0.375000 0.032340
vt 0.500000 0.517319
vt 0.375000 0.977472
vt 0.361167 0.517319
vt 0.125000 0.032340
vt 0.140581 0.500212
vt 0.124169 0.035452
vt 0.250000 0.517319
vt 0.136348 0.642329
vt 0.140581 0.517319
vt 0.875000 0.032340
vt 0.875831 0.035452
vt 0.874196 0.035351
vt 1.000000 0.517319
vt 0.875000 0.977472
vt 0.637462 0.500212
vt 0.361167 0.500212
vt 0.000000 0.517319
vt 1.000000 0.500212
vt 0.000000 0.500212
vt 0.125000 0.977472
s 1
usemtl マテリアル.004
f 1207/237/549 1217/238/549 1254/239/549
f 1218/238/550 1212/240/550 1255/239/550
f 1206/241/551 1223/242/551 1243/243/551
f 1215/238/552 1230/244/552 1211/245/552
f 1221/246/553 1225/247/553 1241/248/553
f 1213/249/554 1232/244/555 1246/250/555
f 1213/249/554 1246/250/555 1250/251/556
f 1234/252/557 1259/253/557 1247/254/557
f 1214/255/558 1251/256/558 1256/257/558
f 1235/258/559 1227/259/559 1209/241/559
f 1242/248/560 1226/247/560 1233/252/560
f 1245/243/561 1224/242/561 1220/246/561
f 1208/237/562 1244/260/562 1219/238/562
f 1216/238/563 1240/261/563 1231/244/563
f 1249/254/564 1261/253/564 1239/262/564
f 1257/257/565 1252/256/565 1236/263/566
f 1257/257/565 1236/263/566 1210/237/567
f 1253/251/568 1248/250/568 1238/264/568
f 1258/253/569 1229/252/569 1222/265/569
f 1237/262/570 1260/253/570 1228/265/570
o Text.002
v 3.927308 0.050000 -0.091495
v 3.680344 0.050000 -0.091495
v 3.683333 0.050000 -0.145773
v 3.837611 0.050000 -0.145773
v 3.947639 0.050000 -0.271808
v 3.757483 0.050000 -0.271808
v 3.760472 0.050000 -0.326086
v 4.124042 0.050000 -0.326086
v 4.124042 0.050000 -0.322406
v 4.121052 0.050000 -0.271808
v 4.088163 0.050000 -0.271808
v 3.978734 0.050000 -0.145773
v 4.201181 0.050000 -0.145773
v 4.198191 0.050000 -0.091495
v 4.082782 0.050000 -0.091495
v 3.893821 0.050000 0.144015
v 4.103113 0.050000 0.160575
v 4.100123 0.050000 0.214852
v 3.743131 0.050000 0.186334
v 3.746121 0.050000 0.132056
v 4.214336 0.050000 -0.326086
v 4.208954 0.050000 -0.235930
v 4.183241 0.050000 -0.235930
v 4.188623 0.050000 -0.326086
v 4.169488 0.050000 -0.326086
v 4.164704 0.050000 -0.235930
v 4.138393 0.050000 -0.235930
v 4.143775 0.050000 -0.326086
v 3.371788 0.050000 -0.231330
v 3.082367 0.050000 -0.231330
v 3.085357 0.050000 -0.285608
v 3.375376 0.050000 -0.285608
v 3.377768 0.050000 -0.327926
v 3.499157 0.050000 -0.327926
v 3.496765 0.050000 -0.285608
v 3.588853 0.050000 -0.285608
v 3.585863 0.050000 -0.231330
v 3.493775 0.050000 -0.231330
v 3.475836 0.050000 0.077778
v 3.457299 0.050000 0.214852
v 3.335311 0.050000 0.214852
v 3.353848 0.050000 0.077778
v 3.108080 0.050000 0.077778
v 3.120040 0.050000 -0.142093
v 3.367004 0.050000 -0.142093
v 3.356838 0.050000 0.023500
v 3.363416 0.050000 -0.087816
v 3.239037 0.050000 -0.087816
v 3.233057 0.050000 0.023500
v 2.937657 0.050000 0.214852
v 2.459874 0.050000 0.214852
v 2.476020 0.050000 -0.066656
v 2.480206 0.050000 -0.066656
v 2.590831 0.050000 -0.095175
v 2.528642 0.050000 -0.326086
v 2.660196 0.050000 -0.326086
v 2.713416 0.050000 -0.126454
v 2.957390 0.050000 -0.189011
v 2.954401 0.050000 -0.134734
v 2.605781 0.050000 -0.045497
v 2.594419 0.050000 0.160575
v 2.940647 0.050000 0.160575
v 2.134575 0.050000 -0.039057
v 1.996443 0.050000 -0.046417
v 2.000629 0.050000 -0.108975
v 2.168062 0.050000 -0.100695
v 2.200951 0.050000 -0.160493
v 2.129791 0.050000 -0.160493
v 2.108862 0.050000 -0.123694
v 1.998835 0.050000 -0.123694
v 2.051457 0.050000 -0.215690
v 2.073582 0.050000 -0.215690
v 2.161484 0.050000 -0.215690
v 2.230850 0.050000 -0.215690
v 2.279285 0.050000 -0.215690
v 2.350445 0.050000 -0.215690
v 2.284667 0.050000 -0.095175
v 2.368982 0.050000 -0.090575
v 2.364796 0.050000 -0.028018
v 2.251181 0.050000 -0.033538
v 2.232045 0.050000 0.001421
v 2.239221 0.050000 0.001421
v 2.340279 0.050000 0.001421
v 2.344465 0.050000 0.001421
v 2.333103 0.050000 0.214852
v 2.316958 0.050000 0.214852
v 2.227859 0.050000 0.214852
v 2.099893 0.050000 0.214852
v 2.004815 0.050000 0.214852
v 1.994649 0.050000 0.214852
v 2.006011 0.050000 0.001421
v 2.028136 0.050000 0.001421
v 2.111254 0.050000 0.001421
v 2.112450 0.050000 0.001421
v 1.979700 0.050000 -0.149453
v 1.838577 0.050000 -0.171532
v 1.841567 0.050000 -0.226730
v 1.982689 0.050000 -0.204651
v 1.971926 0.050000 -0.041817
v 1.830803 0.050000 -0.063896
v 1.833793 0.050000 -0.119094
v 1.974916 0.050000 -0.097015
v 1.914520 0.050000 0.214852
v 1.814060 0.050000 0.214852
v 1.869672 0.050000 0.008781
v 1.970132 0.050000 0.008781
v 1.927676 0.050000 -0.259849
v 1.842165 0.050000 -0.259849
v 1.845155 0.050000 -0.315046
v 1.931263 0.050000 -0.315046
v 1.932459 0.050000 -0.337126
v 2.037703 0.050000 -0.337126
v 2.036507 0.050000 -0.315046
v 2.190785 0.050000 -0.315046
v 2.191981 0.050000 -0.337126
v 2.297225 0.050000 -0.337126
v 2.296029 0.050000 -0.315046
v 2.383333 0.050000 -0.315046
v 2.380343 0.050000 -0.259849
v 2.292441 0.050000 -0.259849
v 2.291245 0.050000 -0.237770
v 2.187197 0.050000 -0.237770
v 2.188393 0.050000 -0.259849
v 2.032919 0.050000 -0.259849
v 2.031723 0.050000 -0.237770
v 1.926480 0.050000 -0.237770
v 2.108264 0.050000 0.056619
v 2.102883 0.050000 0.159655
v 2.230850 0.050000 0.159655
v 2.236231 0.050000 0.056619
v 1.358402 0.050000 -0.233170
v 1.261530 0.050000 -0.233170
v 1.264520 0.050000 -0.287448
v 1.396673 0.050000 -0.287448
v 1.423582 0.050000 -0.326086
v 1.544971 0.050000 -0.326086
v 1.518062 0.050000 -0.287448
v 1.728549 0.050000 -0.287448
v 1.725560 0.050000 -0.233170
v 1.480389 0.050000 -0.233170
v 1.413416 0.050000 -0.137494
v 1.603573 0.050000 -0.137494
v 1.598789 0.050000 -0.060217
v 1.741705 0.050000 -0.069416
v 1.738715 0.050000 -0.015138
v 1.595799 0.050000 -0.005939
v 1.590417 0.050000 0.079618
v 1.468430 0.050000 0.079618
v 1.473214 0.050000 0.001421
v 1.401457 0.050000 0.006021
v 1.393085 0.050000 0.160575
v 1.701641 0.050000 0.160575
v 1.698651 0.050000 0.214852
v 1.268108 0.050000 0.214852
v 1.281861 0.050000 -0.039977
v 1.476802 0.050000 -0.052857
v 1.478596 0.050000 -0.083216
v 1.253757 0.050000 -0.083216
v 3.927308 -0.050000 -0.091495
v 3.680344 -0.050000 -0.091495
v 3.683333 -0.050000 -0.145773
v 3.837611 -0.050000 -0.145773
v 3.947639 -0.050000 -0.271808
v 3.757483 -0.050000 -0.271808
v 3.760472 -0.050000 -0.326086
v 4.124042 -0.050000 -0.326086
v 4.124042 -0.050000 -0.322406
v 4.121052 -0.050000 -0.271808
v 4.088163 -0.050000 -0.271808
v 3.978734 -0.050000 -0.145773
v 4.201181 -0.050000 -0.145773
v 4.198191 -0.050000 -0.091495
v 4.082782 -0.050000 -0.091495
v 3.893821 -0.050000 0.144015
v 4.103113 -0.050000 0.160575
v 4.100123 -0.050000 0.214852
v 3.743131 -0.050000 0.186334
v 3.746121 -0.050000 0.132056
v 4.214336 -0.050000 -0.326086
v 4.208954 -0.050000 -0.235930
v 4.183241 -0.050000 -0.235930
v 4.188623 -0.050000 -0.326086
v 4.169488 -0.050000 -0.326086
v 4.164704 -0.050000 -0.235930
v 4.138393 -0.050000 -0.235930
v 4.143775 -0.050000 -0.326086
v 3.371788 -0.050000 -0.231330
v 3.082367 -0.050000 -0.231330
v 3.085357 -0.050000 -0.285608
v 3.375376 -0.050000 -0.285608
v 3.377768 -0.050000 -0.327926
v 3.499157 -0.050000 -0.327926
v 3.496765 -0.050000 -0.285608
v 3.588853 -0.050000 -0.285608
v 3.585863 -0.050000 -0.231330
v 3.493775 -0.050000 -0.231330
v 3.475836 -0.050000 0.077778
v 3.457299 -0.050000 0.214852
v 3.335311 -0.050000 0.214852
v 3.353848 -0.050000 0.077778
v 3.108080 -0.050000 0.077778
v 3.120040 -0.050000 -0.142093
v 3.367004 -0.050000 -0.142093
v 3.356838 -0.050000 0.023500
v 3.363416 -0.050000 -0.087816
v 3.239037 -0.050000 -0.087816
v 3.233057 -0.050000 0.023500
v 2.937657 -0.050000 0.214852
v 2.459874 -0.050000 0.214852
v 2.476020 -0.050000 -0.066656
v 2.480206 -0.050000 -0.066656
v 2.590831 -0.050000 -0.095175
v 2.528642 -0.050000 -0.326086
v 2.660196 -0.050000 -0.326086
v 2.713416 -0.050000 -0.126454
v 2.957390 -0.050000 -0.189011
v 2.954401 -0.050000 -0.134734
v 2.605781 -0.050000 -0.045497
v 2.594419 -0.050000 0.160575
v 2.940647 -0.050000 0.160575
v 2.134575 -0.050000 -0.039057
v 1.996443 -0.050000 -0.046417
v 2.000629 -0.050000 -0.108975
v 2.168062 -0.050000 -0.100695
v 2.200951 -0.050000 -0.160493
v 2.129791 -0.050000 -0.160493
v 2.108862 -0.050000 -0.123694
v 1.998835 -0.050000 -0.123694
v 2.051457 -0.050000 -0.215690
v 2.073582 -0.050000 -0.215690
v 2.161484 -0.050000 -0.215690
v 2.230850 -0.050000 -0.215690
v 2.279285 -0.050000 -0.215690
v 2.350445 -0.050000 -0.215690
v 2.284667 -0.050000 -0.095175
v 2.368982 -0.050000 -0.090575
v 2.364796 -0.050000 -0.028018
v 2.251181 -0.050000 -0.033538
v 2.232045 -0.050000 0.001421
v 2.239221 -0.050000 0.001421
v 2.340279 -0.050000 0.001421
v 2.344465 -0.050000 0.001421
v 2.333103 -0.050000 0.214852
v 2.316958 -0.050000 0.214852
v 2.227859 -0.050000 0.214852
v 2.099893 -0.050000 0.214852
v 2.004815 -0.050000 0.214852
v 1.994649 -0.050000 0.214852
v 2.006011 -0.050000 0.001421
v 2.028136 -0.050000 0.001421
v 2.111254 -0.050000 0.001421
v 2.112450 -0.050000 0.001421
v 1.979700 -0.050000 -0.149453
v 1.838577 -0.050000 -0.171532
v 1.841567 -0.050000 -0.226730
v 1.982689 -0.050000 -0.204651
v 1.971926 -0.050000 -0.041817
v 1.830803 -0.050000 -0.063896
v 1.833793 -0.050000 -0.119094
v 1.974916 -0.050000 -0.097015
v 1.914520 -0.050000 0.214852
v 1.814060 -0.050000 0.214852
v 1.869672 -0.050000 0.008781
v 1.970132 -0.050000 0.008781
v 1.927676 -0.050000 -0.259849
v 1.842165 -0.050000 -0.259849
v 1.845155 -0.050000 -0.315046
v 1.931263 -0.050000 -0.315046
v 1.932459 -0.050000 -0.337126
v 2.037703 -0.050000 -0.337126
v 2.036507 -0.050000 -0.315046
v 2.190785 -0.050000 -0.315046
v 2.191981 -0.050000 -0.337126
v 2.297225 -0.050000 -0.337126
v 2.296029 -0.050000 -0.315046
v 2.383333 -0.050000 -0.315046
v 2.380343 -0.050000 -0.259849
v 2.292441 -0.050000 -0.259849
v 2.291245 -0.050000 -0.237770
v 2.187197 -0.050000 -0.237770
v 2.188393 -0.050000 -0.259849
v 2.032919 -0.050000 -0.259849
v 2.031723 -0.050000 -0.237770
v 1.926480 -0.050000 -0.237770
v 2.108264 -0.050000 0.056619
v 2.102883 -0.050000 0.159655
v 2.230850 -0.050000 0.159655
v 2.236231 -0.050000 0.056619
v 1.358402 -0.050000 -0.233170
v 1.261530 -0.050000 -0.233170
v 1.264520 -0.050000 -0.287448
v 1.396673 -0.050000 -0.287448
v 1.423582 -0.050000 -0.326086
v 1.544971 -0.050000 -0.326086
v 1.518062 -0.050000 -0.287448
v 1.728549 -0.050000 -0.287448
v 1.725560 -0.050000 -0.233170
v 1.480389 -0.050000 -0.233170
v 1.413416 -0.050000 -0.137494
v 1.603573 -0.050000 -0.137494
v 1.598789 -0.050000 -0.060217
v 1.741705 -0.050000 -0.069416
v 1.738715 -0.050000 -0.015138
v 1.595799 -0.050000 -0.005939
v 1.590417 -0.050000 0.079618
v 1.468430 -0.050000 0.079618
v 1.473214 -0.050000 0.001421
v 1.401457 -0.050000 0.006021
v 1.393085 -0.050000 0.160575
v 1.701641 -0.050000 0.160575
v 1.698651 -0.050000 0.214852
v 1.268108 -0.050000 0.214852
v 1.281861 -0.050000 -0.039977
v 1.476802 -0.050000 -0.052857
v 1.478596 -0.050000 -0.083216
v 1.253757 -0.050000 -0.083216
v 1.358402 -0.050000 -0.233170
v 1.358402 0.050000 -0.233170
v 1.261530 -0.050000 -0.233170
v 1.261530 0.050000 -0.233170
v 1.264520 -0.050000 -0.287448
v 1.264520 0.050000 -0.287448
v 1.396673 -0.050000 -0.287448
v 1.396673 0.050000 -0.287448
v 1.423582 -0.050000 -0.326086
v 1.423582 0.050000 -0.326086
v 1.544971 -0.050000 -0.326086
v 1.544971 0.050000 -0.326086
v 1.518062 -0.050000 -0.287448
v 1.518062 0.050000 -0.287448
v 1.728549 -0.050000 -0.287448
v 1.728549 0.050000 -0.287448
v 1.725560 -0.050000 -0.233170
v 1.725560 0.050000 -0.233170
v 1.480389 -0.050000 -0.233170
v 1.480389 0.050000 -0.233170
v 1.413416 -0.050000 -0.137494
v 1.413416 0.050000 -0.137494
v 1.603573 -0.050000 -0.137494
v 1.603573 0.050000 -0.137494
v 1.598789 -0.050000 -0.060217
v 1.598789 0.050000 -0.060217
v 1.741705 -0.050000 -0.069416
v 1.741705 0.050000 -0.069416
v 1.738715 -0.050000 -0.015138
v 1.738715 0.050000 -0.015138
v 1.595799 -0.050000 -0.005939
v 1.595799 0.050000 -0.005939
v 1.590417 -0.050000 0.079618
v 1.590417 0.050000 0.079618
v 1.468430 -0.050000 0.079618
v 1.468430 0.050000 0.079618
v 1.473214 -0.050000 0.001421
v 1.473214 0.050000 0.001421
v 1.401457 -0.050000 0.006021
v 1.401457 0.050000 0.006021
v 1.393085 -0.050000 0.160575
v 1.393085 0.050000 0.160575
v 1.701641 -0.050000 0.160575
v 1.701641 0.050000 0.160575
v 1.698651 -0.050000 0.214852
v 1.698651 0.050000 0.214852
v 1.268108 -0.050000 0.214852
v 1.268108 0.050000 0.214852
v 1.281861 -0.050000 -0.039977
v 1.281861 0.050000 -0.039977
v 1.476802 -0.050000 -0.052857
v 1.476802 0.050000 -0.052857
v 1.478596 -0.050000 -0.083216
v 1.478596 0.050000 -0.083216
v 1.253757 -0.050000 -0.083216
v 1.253757 0.050000 -0.083216
v 2.134575 -0.050000 -0.039057
v 2.134575 0.050000 -0.039057
v 1.996443 -0.050000 -0.046417
v 1.996443 0.050000 -0.046417
v 2.000629 -0.050000 -0.108975
v 2.000629 0.050000 -0.108975
v 2.168062 -0.050000 -0.100695
v 2.168062 0.050000 -0.100695
v 2.200951 -0.050000 -0.160493
v 2.200951 0.050000 -0.160493
v 2.129791 -0.050000 -0.160493
v 2.129791 0.050000 -0.160493
v 2.108862 -0.050000 -0.123694
v 2.108862 0.050000 -0.123694
v 1.998835 -0.050000 -0.123694
v 1.998835 0.050000 -0.123694
v 2.051457 -0.050000 -0.215690
v 2.051457 0.050000 -0.215690
v 2.073582 -0.050000 -0.215690
v 2.073582 0.050000 -0.215690
v 2.161484 -0.050000 -0.215690
v 2.161484 0.050000 -0.215690
v 2.230850 -0.050000 -0.215690
v 2.230850 0.050000 -0.215690
v 2.279285 -0.050000 -0.215690
v 2.279285 0.050000 -0.215690
v 2.350445 -0.050000 -0.215690
v 2.350445 0.050000 -0.215690
v 2.284667 -0.050000 -0.095175
v 2.284667 0.050000 -0.095175
v 2.368982 -0.050000 -0.090575
v 2.368982 0.050000 -0.090575
v 2.364796 -0.050000 -0.028018
v 2.364796 0.050000 -0.028018
v 2.251181 -0.050000 -0.033538
v 2.251181 0.050000 -0.033538
v 2.232045 -0.050000 0.001421
v 2.232045 0.050000 0.001421
v 2.239221 -0.050000 0.001421
v 2.239221 0.050000 0.001421
v 2.340279 -0.050000 0.001421
v 2.340279 0.050000 0.001421
v 2.344465 -0.050000 0.001421
v 2.344465 0.050000 0.001421
v 2.333103 -0.050000 0.214852
v 2.333103 0.050000 0.214852
v 2.316958 -0.050000 0.214852
v 2.316958 0.050000 0.214852
v 2.227859 -0.050000 0.214852
v 2.227859 0.050000 0.214852
v 2.099893 -0.050000 0.214852
v 2.099893 0.050000 0.214852
v 2.004815 -0.050000 0.214852
v 2.004815 0.050000 0.214852
v 1.994649 -0.050000 0.214852
v 1.994649 0.050000 0.214852
v 2.006011 -0.050000 0.001421
v 2.006011 0.050000 0.001421
v 2.028136 -0.050000 0.001421
v 2.028136 0.050000 0.001421
v 2.111254 -0.050000 0.001421
v 2.111254 0.050000 0.001421
v 2.112450 -0.050000 0.001421
v 2.112450 0.050000 0.001421
v 1.979700 -0.050000 -0.149453
v 1.979700 0.050000 -0.149453
v 1.838577 -0.050000 -0.171532
v 1.838577 0.050000 -0.171532
v 1.841567 -0.050000 -0.226730
v 1.841567 0.050000 -0.226730
v 1.982689 -0.050000 -0.204651
v 1.982689 0.050000 -0.204651
v 1.971926 -0.050000 -0.041817
v 1.971926 0.050000 -0.041817
v 1.830803 -0.050000 -0.063896
v 1.830803 0.050000 -0.063896
v 1.833793 -0.050000 -0.119094
v 1.833793 0.050000 -0.119094
v 1.974916 -0.050000 -0.097015
v 1.974916 0.050000 -0.097015
v 1.914520 -0.050000 0.214852
v 1.914520 0.050000 0.214852
v 1.814060 -0.050000 0.214852
v 1.814060 0.050000 0.214852
v 1.869672 -0.050000 0.008781
v 1.869672 0.050000 0.008781
v 1.970132 -0.050000 0.008781
v 1.970132 0.050000 0.008781
v 1.927676 -0.050000 -0.259849
v 1.927676 0.050000 -0.259849
v 1.842165 -0.050000 -0.259849
v 1.842165 0.050000 -0.259849
v 1.845155 -0.050000 -0.315046
v 1.845155 0.050000 -0.315046
v 1.931263 -0.050000 -0.315046
v 1.931263 0.050000 -0.315046
v 1.932459 -0.050000 -0.337126
v 1.932459 0.050000 -0.337126
v 2.037703 -0.050000 -0.337126
v 2.037703 0.050000 -0.337126
v 2.036507 -0.050000 -0.315046
v 2.036507 0.050000 -0.315046
v 2.190785 -0.050000 -0.315046
v 2.190785 0.050000 -0.315046
v 2.191981 -0.050000 -0.337126
v 2.191981 0.050000 -0.337126
v 2.297225 -0.050000 -0.337126
v 2.297225 0.050000 -0.337126
v 2.296029 -0.050000 -0.315046
v 2.296029 0.050000 -0.315046
v 2.383333 -0.050000 -0.315046
v 2.383333 0.050000 -0.315046
v 2.380343 -0.050000 -0.259849
v 2.380343 0.050000 -0.259849
v 2.292441 -0.050000 -0.259849
v 2.292441 0.050000 -0.259849
v 2.291245 -0.050000 -0.237770
v 2.291245 0.050000 -0.237770
v 2.187197 -0.050000 -0.237770
v 2.187197 0.050000 -0.237770
v 2.188393 -0.050000 -0.259849
v 2.188393 0.050000 -0.259849
v 2.032919 -0.050000 -0.259849
v 2.032919 0.050000 -0.259849
v 2.031723 -0.050000 -0.237770
v 2.031723 0.050000 -0.237770
v 1.926480 -0.050000 -0.237770
v 1.926480 0.050000 -0.237770
v 2.108264 -0.050000 0.056619
v 2.108264 0.050000 0.056619
v 2.102883 -0.050000 0.159655
v 2.102883 0.050000 0.159655
v 2.230850 -0.050000 0.159655
v 2.230850 0.050000 0.159655
v 2.236231 -0.050000 0.056619
v 2.236231 0.050000 0.056619
v 2.937657 -0.050000 0.214852
v 2.937657 0.050000 0.214852
v 2.459874 -0.050000 0.214852
v 2.459874 0.050000 0.214852
v 2.476020 -0.050000 -0.066656
v 2.476020 0.050000 -0.066656
v 2.480206 -0.050000 -0.066656
v 2.480206 0.050000 -0.066656
v 2.590831 -0.050000 -0.095175
v 2.590831 0.050000 -0.095175
v 2.528642 -0.050000 -0.326086
v 2.528642 0.050000 -0.326086
v 2.660196 -0.050000 -0.326086
v 2.660196 0.050000 -0.326086
v 2.713416 -0.050000 -0.126454
v 2.713416 0.050000 -0.126454
v 2.957390 -0.050000 -0.189011
v 2.957390 0.050000 -0.189011
v 2.954401 -0.050000 -0.134734
v 2.954401 0.050000 -0.134734
v 2.605781 -0.050000 -0.045497
v 2.605781 0.050000 -0.045497
v 2.594419 -0.050000 0.160575
v 2.594419 0.050000 0.160575
v 2.940647 -0.050000 0.160575
v 2.940647 0.050000 0.160575
v 3.371788 -0.050000 -0.231330
v 3.371788 0.050000 -0.231330
v 3.082367 -0.050000 -0.231330
v 3.082367 0.050000 -0.231330
v 3.085357 -0.050000 -0.285608
v 3.085357 0.050000 -0.285608
v 3.375376 -0.050000 -0.285608
v 3.375376 0.050000 -0.285608
v 3.377768 -0.050000 -0.327926
v 3.377768 0.050000 -0.327926
v 3.499157 -0.050000 -0.327926
v 3.499157 0.050000 -0.327926
v 3.496765 -0.050000 -0.285608
v 3.496765 0.050000 -0.285608
v 3.588853 -0.050000 -0.285608
v 3.588853 0.050000 -0.285608
v 3.585863 -0.050000 -0.231330
v 3.585863 0.050000 -0.231330
v 3.493775 -0.050000 -0.231330
v 3.493775 0.050000 -0.231330
v 3.475836 -0.050000 0.077778
v 3.475836 0.050000 0.077778
v 3.457299 -0.050000 0.214852
v 3.457299 0.050000 0.214852
v 3.335311 -0.050000 0.214852
v 3.335311 0.050000 0.214852
v 3.353848 -0.050000 0.077778
v 3.353848 0.050000 0.077778
v 3.108080 -0.050000 0.077778
v 3.108080 0.050000 0.077778
v 3.120040 -0.050000 -0.142093
v 3.120040 0.050000 -0.142093
v 3.367004 -0.050000 -0.142093
v 3.367004 0.050000 -0.142093
v 3.356838 -0.050000 0.023500
v 3.356838 0.050000 0.023500
v 3.363416 -0.050000 -0.087816
v 3.363416 0.050000 -0.087816
v 3.239037 -0.050000 -0.087816
v 3.239037 0.050000 -0.087816
v 3.233057 -0.050000 0.023500
v 3.233057 0.050000 0.023500
v 3.927308 -0.050000 -0.091495
v 3.927308 0.050000 -0.091495
v 3.680344 -0.050000 -0.091495
v 3.680344 0.050000 -0.091495
v 3.683333 -0.050000 -0.145773
v 3.683333 0.050000 -0.145773
v 3.837611 -0.050000 -0.145773
v 3.837611 0.050000 -0.145773
v 3.947639 -0.050000 -0.271808
v 3.947639 0.050000 -0.271808
v 3.757483 -0.050000 -0.271808
v 3.757483 0.050000 -0.271808
v 3.760472 -0.050000 -0.326086
v 3.760472 0.050000 -0.326086
v 4.124042 -0.050000 -0.326086
v 4.124042 0.050000 -0.326086
v 4.124042 -0.050000 -0.322406
v 4.124042 0.050000 -0.322406
v 4.121052 -0.050000 -0.271808
v 4.121052 0.050000 -0.271808
v 4.088163 -0.050000 -0.271808
v 4.088163 0.050000 -0.271808
v 3.978734 -0.050000 -0.145773
v 3.978734 0.050000 -0.145773
v 4.201181 -0.050000 -0.145773
v 4.201181 0.050000 -0.145773
v 4.198191 -0.050000 -0.091495
v 4.198191 0.050000 -0.091495
v 4.082782 -0.050000 -0.091495
v 4.082782 0.050000 -0.091495
v 3.893821 -0.050000 0.144015
v 3.893821 0.050000 0.144015
v 4.103113 -0.050000 0.160575
v 4.103113 0.050000 0.160575
v 4.100123 -0.050000 0.214852
v 4.100123 0.050000 0.214852
v 3.743131 -0.050000 0.186334
v 3.743131 0.050000 0.186334
v 3.746121 -0.050000 0.132056
v 3.746121 0.050000 0.132056
v 4.214336 -0.050000 -0.326086
v 4.214336 0.050000 -0.326086
v 4.208954 -0.050000 -0.235930
v 4.208954 0.050000 -0.235930
v 4.183241 -0.050000 -0.235930
v 4.183241 0.050000 -0.235930
v 4.188623 -0.050000 -0.326086
v 4.188623 0.050000 -0.326086
v 4.169488 -0.050000 -0.326086
v 4.169488 0.050000 -0.326086
v 4.164704 -0.050000 -0.235930
v 4.164704 0.050000 -0.235930
v 4.138393 -0.050000 -0.235930
v 4.138393 0.050000 -0.235930
v 4.143775 -0.050000 -0.326086
v 4.143775 0.050000 -0.326086
vn -0.0000 1.0000 -0.0000
vn -0.0000 -1.0000 -0.0000
vn -0.8585 -0.0000 0.5128
vn -0.9688 0.0001 0.2480
vn -0.9688 -0.0000 0.2479
vn -0.8164 -0.0000 -0.5775
vn -0.5185 -0.0000 -0.8551
vn 0.9687 -0.0000 -0.2482
vn 0.9687 -0.0000 -0.2483
vn 0.8585 -0.0000 -0.5128
vn 0.9687 0.0001 -0.2482
vn 0.8164 -0.0000 0.5775
vn 0.8585 -0.0000 -0.5129
vn 0.5171 -0.0000 0.8559
vn 0.9689 -0.0000 -0.2474
vn 0.8609 -0.0000 -0.5088
vn 0.9689 0.0001 -0.2474
vn 0.8513 -0.0000 -0.5247
vn 0.8488 -0.0000 -0.5287
vn 0.8275 -0.0000 0.5614
vn 0.8244 -0.0000 0.5660
vn 0.8131 -0.0000 0.5821
vn -0.8606 -0.0000 0.5093
vn -0.8511 -0.0000 0.5250
vn -0.8606 0.0001 0.5093
vn 0.8279 -0.0000 0.5609
vn -0.8510 -0.0000 0.5251
vn 0.8582 -0.0000 -0.5133
vn 0.8582 -0.0000 -0.5134
vn -0.8581 -0.0000 0.5134
vn -0.8283 -0.0000 -0.5603
vn -0.8581 -0.0000 0.5135
vn -0.8262 -0.0000 -0.5634
vn -0.8599 -0.0000 0.5105
vn -0.9688 -0.0000 0.2478
vn -0.8701 -0.0000 0.4929
vn -0.9607 -0.0000 0.2777
vn -0.8023 -0.0000 -0.5969
vn -0.5644 -0.0000 -0.8255
vn -0.8023 -0.0000 -0.5970
vn -0.9574 -0.0000 0.2887
vn 0.5724 -0.0000 0.8200
vn -0.9594 -0.0000 0.2820
vn -0.5710 -0.0000 -0.8210
vn -0.9594 0.0001 0.2820
vn -0.0000 -0.0000 -1.0000
vn 0.9570 -0.0000 -0.2900
vn 0.9607 -0.0000 -0.2777
vn 0.8703 -0.0000 -0.4926
vn 0.8025 -0.0000 0.5967
vn 0.5659 -0.0000 0.8245
vn 0.8024 -0.0000 0.5967
vn 0.9572 -0.0000 -0.2895
vn 0.9572 -0.0000 -0.2896
vn 0.8579 -0.0000 -0.5138
vn 0.8171 -0.0000 0.5764
vn -0.0000 -0.0000 1.0000
vn 0.8172 -0.0000 0.5764
vn -0.8579 -0.0000 0.5139
vn -0.8171 -0.0001 -0.5764
vn -0.8579 -0.0000 0.5138
vn -0.8171 -0.0000 -0.5764
vn -0.5824 -0.0000 -0.8129
vn -0.8799 -0.0000 0.4752
vn 0.7876 -0.0000 0.6162
vn 0.7875 -0.0001 0.6163
vn -0.7875 -0.0000 -0.6163
vn -0.8799 -0.0000 0.4751
vn 0.8799 -0.0000 -0.4752
vn -0.7876 -0.0000 -0.6162
vn 0.8799 -0.0000 -0.4751
vn 0.7875 -0.0000 0.6163
vn -0.9173 -0.0000 0.3981
vn 0.7165 -0.0000 0.6976
vn -0.7165 -0.0000 -0.6976
vn -0.9173 0.0001 0.3982
vn 0.9173 -0.0000 -0.3981
vn 0.9173 0.0001 -0.3982
vn -0.8582 -0.0000 0.5133
vn -0.8582 0.0001 0.5133
vn -0.8167 -0.0000 -0.5770
vn -0.8582 -0.0000 0.5134
vn -0.8167 -0.0001 -0.5770
vn -0.8168 -0.0000 -0.5770
vn 0.8167 -0.0000 0.5770
vn 0.8168 -0.0000 0.5770
vn -0.8582 0.0001 0.5134
vn 0.8575 -0.0000 -0.5144
vn 0.8176 -0.0000 0.5758
vn 0.8176 -0.0001 0.5758
vn -0.8176 -0.0001 -0.5758
vn -0.8575 -0.0000 0.5144
vn -0.8176 -0.0000 -0.5758
vn -0.8593 -0.0000 0.5115
vn -0.8154 -0.0000 -0.5789
vn -0.1270 -0.0000 -0.9919
vn -0.8154 -0.0000 -0.5790
vn -0.9408 -0.0000 -0.3388
vn -0.1269 -0.0000 -0.9919
vn -0.9172 -0.0000 -0.3984
vn -0.9408 -0.0000 -0.3389
vn 0.7181 -0.0000 -0.6959
vn -0.9173 -0.0000 -0.3983
vn 0.6507 -0.0000 -0.7593
vn 0.7181 -0.0000 -0.6960
vn 0.8175 -0.0000 -0.5760
vn 0.8575 -0.0000 0.5144
vn 0.8174 0.0001 -0.5760
vn 0.8585 -0.0000 -0.5127
vn -0.8580 -0.0000 0.5136
vn -0.8158 -0.0000 -0.5784
vn -0.8164 -0.0000 -0.5776
vn -0.8157 -0.0000 -0.5784
vn 0.8590 -0.0000 -0.5119
vn 0.8590 0.0001 -0.5120
vn 0.8590 -0.0000 -0.5120
vn 0.8151 -0.0000 0.5794
vn 0.9954 -0.0000 0.0960
vn 0.8151 -0.0000 0.5793
vn 0.7812 -0.0000 0.6243
vn -0.8840 -0.0000 0.4674
vn 0.7811 -0.0000 0.6243
vn -0.8583 -0.0000 0.5132
vn -0.8166 -0.0000 -0.5771
vn -0.8170 -0.0000 -0.5766
vn -0.8170 -0.0000 -0.5767
vn -0.8147 -0.0000 -0.5799
vn 0.8169 -0.0000 0.5767
vn -0.8599 0.0001 0.5105
vn 0.8581 -0.0000 -0.5135
vn -0.9749 -0.0000 0.2227
vn -0.9749 -0.0000 0.2228
vn -0.8585 -0.0000 0.5129
vn -0.4542 -0.0000 -0.8909
vn -0.9776 -0.0000 0.2106
vn -0.9776 -0.0000 0.2105
vn 0.8384 -0.0000 -0.5450
vn 0.9996 -0.0000 0.0295
vn 0.8384 -0.0000 -0.5451
vn 0.8147 -0.0000 0.5799
vn 0.4558 -0.0000 0.8901
vn 0.9774 -0.0000 -0.2115
vn 0.8586 -0.0000 -0.5127
vn 0.9774 -0.0000 -0.2114
vn 0.8585 0.0001 -0.5128
vn 0.4785 -0.0000 0.8781
vn 0.9783 -0.0000 -0.2072
vn 0.8699 -0.0000 -0.4933
vn 0.9783 -0.0000 -0.2070
vn 0.8018 -0.0000 0.5976
vn 0.8698 0.0001 -0.4934
vn -0.8699 -0.0000 0.4931
vn 0.8018 -0.0000 0.5977
vn -0.9449 -0.0000 -0.3274
vn -0.8699 -0.0000 0.4933
vn 0.8145 -0.0000 0.5802
vn 0.8601 -0.0000 -0.5102
vn -0.8601 -0.0000 0.5102
vn -0.8145 -0.0001 -0.5802
vn -0.8145 -0.0000 -0.5802
vn 0.8578 -0.0000 -0.5140
vt 0.074074 0.000000
vt 0.037037 0.000000
vt 0.111111 0.000000
vt 0.407407 0.000000
vt 0.518519 0.000000
vt 0.444444 0.000000
vt 0.000000 0.000000
vt 0.148148 0.000000
vt 0.370370 0.000000
vt 0.629630 0.000000
vt 0.555556 0.000000
vt 0.666667 0.000000
vt 0.703704 0.000000
vt 0.222222 0.000000
vt 0.185185 0.000000
vt 0.925926 0.000000
vt 1.000000 0.000000
vt 0.962963 0.000000
vt 0.851852 0.000000
vt 0.814815 0.000000
vt 0.777778 0.000000
vt 0.740741 0.000000
vt 0.888889 0.000000
vt 0.592593 0.000000
vt 0.481481 0.000000
vt 0.333333 0.000000
vt 0.296296 0.000000
vt 0.259259 0.000000
vt 0.750000 0.000000
vt 0.700000 0.000000
vt 0.650000 0.000000
vt 0.850000 0.000000
vt 0.950000 0.000000
vt 0.300000 0.000000
vt 0.450000 0.000000
vt 0.400000 0.000000
vt 0.350000 0.000000
vt 0.800000 0.000000
vt 0.150000 0.000000
vt 0.200000 0.000000
vt 0.250000 0.000000
vt 0.600000 0.000000
vt 0.550000 0.000000
vt 0.500000 0.000000
vt 0.900000 0.000000
vt 0.100000 0.000000
vt 0.050000 0.000000
vt 0.166667 0.000000
vt 0.083333 0.000000
vt 0.916667 0.000000
vt 0.583333 0.000000
vt 0.833333 0.000000
vt 0.416667 0.000000
vt 0.626866 0.000000
vt 0.611940 0.000000
vt 0.597015 0.000000
vt 0.641791 0.000000
vt 0.567164 0.000000
vt 0.552239 0.000000
vt 0.582090 0.000000
vt 0.477612 0.000000
vt 0.522388 0.000000
vt 0.492537 0.000000
vt 0.686567 0.000000
vt 0.671642 0.000000
vt 0.656716 0.000000
vt 0.701493 0.000000
vt 0.432836 0.000000
vt 0.417910 0.000000
vt 0.388060 0.000000
vt 0.402985 0.000000
vt 0.373134 0.000000
vt 0.970149 0.000000
vt 0.955224 0.000000
vt 0.910448 0.000000
vt 0.746269 0.000000
vt 0.716418 0.000000
vt 0.731343 0.000000
vt 0.029851 0.000000
vt 0.014925 0.000000
vt 0.268657 0.000000
vt 0.044776 0.000000
vt 0.149254 0.000000
vt 0.074627 0.000000
vt 0.059701 0.000000
vt 0.164179 0.000000
vt 0.895522 0.000000
vt 0.761194 0.000000
vt 0.850746 0.000000
vt 0.805970 0.000000
vt 0.313433 0.000000
vt 0.298507 0.000000
vt 0.328358 0.000000
vt 0.343284 0.000000
vt 0.208955 0.000000
vt 0.253731 0.000000
vt 0.238806 0.000000
vt 0.223881 0.000000
vt 0.179104 0.000000
vt 0.194030 0.000000
vt 0.835821 0.000000
vt 0.820895 0.000000
vt 0.985075 0.000000
vt 0.358209 0.000000
vt 0.283582 0.000000
vt 0.776119 0.000000
vt 0.791045 0.000000
vt 0.462687 0.000000
vt 0.447761 0.000000
vt 0.119403 0.000000
vt 0.104478 0.000000
vt 0.089552 0.000000
vt 0.134328 0.000000
vt 0.507463 0.000000
vt 0.537313 0.000000
vt 0.880597 0.000000
vt 0.865672 0.000000
vt 0.940298 0.000000
vt 0.925373 0.000000
vt 0.035714 1.000000
vt 0.000000 1.000000
vt 0.071429 1.000000
vt 0.035714 0.000000
vt 0.107143 1.000000
vt 0.071429 0.000000
vt 0.142857 1.000000
vt 0.107143 0.000000
vt 0.178571 1.000000
vt 0.142857 0.000000
vt 0.214286 1.000000
vt 0.178571 0.000000
vt 0.250000 1.000000
vt 0.214286 0.000000
vt 0.285714 1.000000
vt 0.321429 1.000000
vt 0.285714 0.000000
vt 0.357143 1.000000
vt 0.321429 0.000000
vt 0.392857 1.000000
vt 0.357143 0.000000
vt 0.428571 1.000000
vt 0.392857 0.000000
vt 0.464286 1.000000
vt 0.428571 0.000000
vt 0.500000 1.000000
vt 0.464286 0.000000
vt 0.535714 1.000000
vt 0.571429 1.000000
vt 0.535714 0.000000
vt 0.607143 1.000000
vt 0.571429 0.000000
vt 0.642857 1.000000
vt 0.607143 0.000000
vt 0.678571 1.000000
vt 0.642857 0.000000
vt 0.714286 1.000000
vt 0.678571 0.000000
vt 0.750000 1.000000
vt 0.714286 0.000000
vt 0.785714 1.000000
vt 0.821429 1.000000
vt 0.785714 0.000000
vt 0.857143 1.000000
vt 0.821429 0.000000
vt 0.892857 1.000000
vt 0.857143 0.000000
vt 0.928571 1.000000
vt 0.892857 0.000000
vt 0.964286 1.000000
vt 0.928571 0.000000
vt 1.000000 1.000000
vt 0.964286 0.000000
vt 0.031250 1.000000
vt 0.062500 1.000000
vt 0.031250 0.000000
vt 0.093750 1.000000
vt 0.062500 0.000000
vt 0.125000 1.000000
vt 0.093750 0.000000
vt 0.156250 1.000000
vt 0.125000 0.000000
vt 0.187500 1.000000
vt 0.156250 0.000000
vt 0.218750 1.000000
vt 0.187500 0.000000
vt 0.218750 0.000000
vt 0.281250 1.000000
vt 0.312500 1.000000
vt 0.281250 0.000000
vt 0.343750 1.000000
vt 0.312500 0.000000
vt 0.375000 1.000000
vt 0.343750 0.000000
vt 0.406250 1.000000
vt 0.375000 0.000000
vt 0.437500 1.000000
vt 0.406250 0.000000
vt 0.468750 1.000000
vt 0.437500 0.000000
vt 0.468750 0.000000
vt 0.531250 1.000000
vt 0.562500 1.000000
vt 0.531250 0.000000
vt 0.593750 1.000000
vt 0.562500 0.000000
vt 0.625000 1.000000
vt 0.593750 0.000000
vt 0.656250 1.000000
vt 0.625000 0.000000
vt 0.687500 1.000000
vt 0.656250 0.000000
vt 0.718750 1.000000
vt 0.687500 0.000000
vt 0.718750 0.000000
vt 0.781250 1.000000
vt 0.812500 1.000000
vt 0.781250 0.000000
vt 0.843750 1.000000
vt 0.812500 0.000000
vt 0.875000 1.000000
vt 0.843750 0.000000
vt 0.906250 1.000000
vt 0.875000 0.000000
vt 0.937500 1.000000
vt 0.906250 0.000000
vt 0.968750 1.000000
vt 0.937500 0.000000
vt 0.968750 0.000000
vt 0.050000 1.000000
vt 0.100000 1.000000
vt 0.150000 1.000000
vt 0.200000 1.000000
vt 0.300000 1.000000
vt 0.350000 1.000000
vt 0.400000 1.000000
vt 0.450000 1.000000
vt 0.550000 1.000000
vt 0.600000 1.000000
vt 0.650000 1.000000
vt 0.700000 1.000000
vt 0.800000 1.000000
vt 0.850000 1.000000
vt 0.900000 1.000000
vt 0.950000 1.000000
vt 0.076923 1.000000
vt 0.153846 1.000000
vt 0.076923 0.000000
vt 0.230769 1.000000
vt 0.153846 0.000000
vt 0.307692 1.000000
vt 0.230769 0.000000
vt 0.384615 1.000000
vt 0.307692 0.000000
vt 0.461538 1.000000
vt 0.384615 0.000000
vt 0.538462 1.000000
vt 0.461538 0.000000
vt 0.615385 1.000000
vt 0.538462 0.000000
vt 0.692308 1.000000
vt 0.615385 0.000000
vt 0.769231 1.000000
vt 0.692308 0.000000
vt 0.846154 1.000000
vt 0.769231 0.000000
vt 0.923077 1.000000
vt 0.846154 0.000000
vt 0.923077 0.000000
vt 0.058824 1.000000
vt 0.117647 1.000000
vt 0.058824 0.000000
vt 0.176471 1.000000
vt 0.117647 0.000000
vt 0.235294 1.000000
vt 0.176471 0.000000
vt 0.294118 1.000000
vt 0.235294 0.000000
vt 0.352941 1.000000
vt 0.294118 0.000000
vt 0.411765 1.000000
vt 0.352941 0.000000
vt 0.470588 1.000000
vt 0.411765 0.000000
vt 0.529412 1.000000
vt 0.470588 0.000000
vt 0.588235 1.000000
vt 0.529412 0.000000
vt 0.647059 1.000000
vt 0.588235 0.000000
vt 0.705882 1.000000
vt 0.647059 0.000000
vt 0.764706 1.000000
vt 0.705882 0.000000
vt 0.823529 1.000000
vt 0.764706 0.000000
vt 0.882353 1.000000
vt 0.823529 0.000000
vt 0.941176 1.000000
vt 0.882353 0.000000
vt 0.941176 0.000000
s 1
usemtl Material.035
f 1264/266/571 1263/267/571 1265/268/571
f 1273/269/571 1276/270/571 1274/271/571
f 1276/270/571 1273/269/571 1262/272/571
f 1266/273/571 1262/272/571 1273/269/571
f 1273/269/571 1272/274/571 1266/273/571
f 1279/275/571 1277/276/571 1280/277/571
f 1281/278/571 1280/277/571 1277/276/571
f 1265/268/571 1263/267/571 1262/272/571
f 1262/272/571 1266/273/571 1265/268/571
f 1268/279/571 1267/280/571 1266/273/571
f 1287/281/571 1289/282/571 1288/283/571
f 1285/284/571 1284/285/571 1283/286/571
f 1283/286/571 1282/287/571 1285/284/571
f 1289/282/571 1287/281/571 1286/288/571
f 1277/276/571 1279/275/571 1278/289/571
f 1262/272/571 1277/276/571 1276/270/571
f 1275/290/571 1274/271/571 1276/270/571
f 1271/291/571 1270/292/571 1272/274/571
f 1270/292/571 1269/293/571 1272/274/571
f 1266/273/571 1272/274/571 1269/293/571
f 1268/279/571 1266/273/571 1269/293/571
f 1277/276/571 1262/272/571 1281/278/571
f 1305/294/571 1304/295/571 1310/282/571
f 1310/282/571 1304/295/571 1303/296/571
f 1303/296/571 1307/297/571 1310/282/571
f 1305/294/571 1310/282/571 1309/298/571
f 1296/299/571 1299/300/571 1298/301/571
f 1298/301/571 1297/302/571 1296/299/571
f 1290/272/571 1306/303/571 1299/300/571
f 1293/304/571 1290/272/571 1299/300/571
f 1299/300/571 1296/299/571 1293/304/571
f 1294/305/571 1293/304/571 1296/299/571
f 1296/299/571 1295/306/571 1294/305/571
f 1303/296/571 1302/307/571 1301/308/571
f 1301/308/571 1300/309/571 1303/296/571
f 1307/297/571 1303/296/571 1300/309/571
f 1308/310/571 1307/297/571 1300/309/571
f 1300/309/571 1299/300/571 1308/310/571
f 1299/300/571 1306/303/571 1308/310/571
f 1309/298/571 1308/310/571 1306/303/571
f 1290/272/571 1293/304/571 1292/311/571
f 1305/294/571 1309/298/571 1306/303/571
f 1292/311/571 1291/312/571 1290/272/571
f 1313/313/571 1312/314/571 1314/306/571
f 1314/306/571 1312/314/571 1322/315/571
f 1318/316/571 1321/317/571 1320/294/571
f 1320/294/571 1319/277/571 1318/316/571
f 1322/315/571 1312/314/571 1311/272/571
f 1311/272/571 1323/282/571 1322/315/571
f 1314/306/571 1322/315/571 1321/317/571
f 1315/291/571 1314/306/571 1321/317/571
f 1321/317/571 1318/316/571 1315/291/571
f 1318/316/571 1317/309/571 1315/291/571
f 1316/318/571 1315/291/571 1317/309/571
f 1366/319/571 1365/320/571 1364/321/571
f 1364/321/571 1367/322/571 1366/319/571
f 1362/323/571 1361/324/571 1363/325/571
f 1356/326/571 1359/327/571 1357/328/571
f 1370/329/571 1369/330/571 1368/331/571
f 1368/331/571 1371/332/571 1370/329/571
f 1353/333/571 1352/334/571 1350/335/571
f 1350/335/571 1352/334/571 1351/336/571
f 1349/337/571 1389/338/571 1350/335/571
f 1353/333/571 1350/335/571 1389/338/571
f 1389/338/571 1388/339/571 1353/333/571
f 1371/332/571 1368/331/571 1385/340/571
f 1385/340/571 1374/341/571 1371/332/571
f 1372/342/571 1371/332/571 1374/341/571
f 1374/341/571 1373/343/571 1372/342/571
f 1326/344/571 1325/345/571 1324/272/571
f 1391/282/571 1342/346/571 1324/272/571
f 1327/347/571 1324/272/571 1342/346/571
f 1334/348/571 1329/349/571 1328/350/571
f 1328/350/571 1335/351/571 1334/348/571
f 1384/352/571 1375/353/571 1374/341/571
f 1381/354/571 1378/355/571 1375/353/571
f 1345/356/571 1344/357/571 1346/358/571
f 1347/359/571 1346/358/571 1344/357/571
f 1338/360/571 1341/361/571 1340/362/571
f 1340/362/571 1339/363/571 1338/360/571
f 1336/364/571 1338/360/571 1337/365/571
f 1378/355/571 1381/354/571 1380/366/571
f 1380/366/571 1379/367/571 1378/355/571
f 1390/368/571 1348/369/571 1347/359/571
f 1391/282/571 1390/368/571 1347/359/571
f 1347/359/571 1344/357/571 1391/282/571
f 1344/357/571 1343/370/571 1391/282/571
f 1342/346/571 1391/282/571 1343/370/571
f 1327/347/571 1342/346/571 1341/361/571
f 1328/350/571 1327/347/571 1341/361/571
f 1341/361/571 1338/360/571 1328/350/571
f 1335/351/571 1328/350/571 1338/360/571
f 1338/360/571 1336/364/571 1335/351/571
f 1376/371/571 1375/353/571 1378/355/571
f 1378/355/571 1377/372/571 1376/371/571
f 1389/338/571 1349/337/571 1348/369/571
f 1348/369/571 1390/368/571 1389/338/571
f 1391/282/571 1324/272/571 1388/339/571
f 1324/272/571 1355/373/571 1388/339/571
f 1355/373/571 1354/374/571 1388/339/571
f 1353/333/571 1388/339/571 1354/374/571
f 1332/375/571 1331/376/571 1330/377/571
f 1333/378/571 1332/375/571 1330/377/571
f 1330/377/571 1329/349/571 1333/378/571
f 1329/349/571 1334/348/571 1333/378/571
f 1324/272/571 1327/347/571 1326/344/571
f 1358/379/571 1357/328/571 1359/327/571
f 1360/380/571 1363/325/571 1361/324/571
f 1384/352/571 1383/381/571 1382/382/571
f 1382/382/571 1381/354/571 1384/352/571
f 1375/353/571 1384/352/571 1381/354/571
f 1374/341/571 1385/340/571 1384/352/571
f 1368/331/571 1387/383/571 1386/384/571
f 1386/384/571 1385/340/571 1368/331/571
f 1416/288/571 1415/284/571 1412/287/571
f 1394/266/571 1393/267/571 1392/272/571
f 1410/277/571 1417/281/571 1411/278/571
f 1416/288/571 1412/287/571 1411/278/571
f 1411/278/571 1417/281/571 1416/288/571
f 1402/274/571 1395/268/571 1392/272/571
f 1394/266/571 1392/272/571 1395/268/571
f 1400/292/571 1399/293/571 1398/279/571
f 1404/271/571 1407/276/571 1406/270/571
f 1406/270/571 1405/290/571 1404/271/571
f 1418/283/571 1404/271/571 1403/269/571
f 1412/287/571 1415/284/571 1414/285/571
f 1414/285/571 1413/286/571 1412/287/571
f 1410/277/571 1409/275/571 1408/289/571
f 1408/289/571 1407/276/571 1410/277/571
f 1417/281/571 1410/277/571 1407/276/571
f 1407/276/571 1404/271/571 1417/281/571
f 1404/271/571 1418/283/571 1417/281/571
f 1392/272/571 1419/282/571 1402/274/571
f 1418/283/571 1403/269/571 1402/274/571
f 1395/268/571 1402/274/571 1401/291/571
f 1396/273/571 1395/268/571 1401/291/571
f 1401/291/571 1398/279/571 1396/273/571
f 1398/279/571 1397/280/571 1396/273/571
f 1398/279/571 1401/291/571 1400/292/571
f 1418/283/571 1402/274/571 1419/282/571
f 1422/266/572 1423/268/572 1421/267/572
f 1431/269/572 1432/271/572 1434/270/572
f 1434/270/572 1420/272/572 1431/269/572
f 1424/273/572 1431/269/572 1420/272/572
f 1431/269/572 1424/273/572 1430/274/572
f 1437/275/572 1438/277/572 1435/276/572
f 1439/278/572 1435/276/572 1438/277/572
f 1423/268/572 1420/272/572 1421/267/572
f 1420/272/572 1423/268/572 1424/273/572
f 1426/279/572 1424/273/572 1425/280/572
f 1445/281/572 1446/283/572 1447/282/572
f 1443/284/572 1441/286/572 1442/285/572
f 1441/286/572 1443/284/572 1440/287/572
f 1447/282/572 1444/288/572 1445/281/572
f 1435/276/572 1436/289/572 1437/275/572
f 1420/272/572 1434/270/572 1435/276/572
f 1433/290/572 1434/270/572 1432/271/572
f 1429/291/572 1430/274/572 1428/292/572
f 1428/292/572 1430/274/572 1427/293/572
f 1424/273/572 1427/293/572 1430/274/572
f 1426/279/572 1427/293/572 1424/273/572
f 1435/276/572 1439/278/572 1420/272/572
f 1463/294/572 1468/282/572 1462/295/572
f 1468/282/572 1461/296/572 1462/295/572
f 1461/296/572 1468/282/572 1465/297/572
f 1463/294/572 1467/298/572 1468/282/572
f 1454/299/572 1456/301/572 1457/300/572
f 1456/301/572 1454/299/572 1455/302/572
f 1448/272/572 1457/300/572 1464/303/572
f 1451/304/572 1457/300/572 1448/272/572
f 1457/300/572 1451/304/572 1454/299/572
f 1452/305/572 1454/299/572 1451/304/572
f 1454/299/572 1452/305/572 1453/306/572
f 1461/296/572 1459/308/572 1460/307/572
f 1459/308/572 1461/296/572 1458/309/572
f 1465/297/572 1458/309/572 1461/296/572
f 1466/310/572 1458/309/572 1465/297/572
f 1458/309/572 1466/310/572 1457/300/572
f 1457/300/572 1466/310/572 1464/303/572
f 1467/298/572 1464/303/572 1466/310/572
f 1448/272/572 1450/311/572 1451/304/572
f 1463/294/572 1464/303/572 1467/298/572
f 1450/311/572 1448/272/572 1449/312/572
f 1471/313/572 1472/306/572 1470/314/572
f 1472/306/572 1480/315/572 1470/314/572
f 1476/316/572 1478/294/572 1479/317/572
f 1478/294/572 1476/316/572 1477/277/572
f 1480/315/572 1469/272/572 1470/314/572
f 1469/272/572 1480/315/572 1481/282/572
f 1472/306/572 1479/317/572 1480/315/572
f 1473/291/572 1479/317/572 1472/306/572
f 1479/317/572 1473/291/572 1476/316/572
f 1476/316/572 1473/291/572 1475/309/572
f 1474/318/572 1475/309/572 1473/291/572
f 1524/319/572 1522/321/572 1523/320/572
f 1522/321/572 1524/319/572 1525/322/572
f 1520/323/572 1521/325/572 1519/324/572
f 1514/326/572 1515/328/572 1517/327/572
f 1528/329/572 1526/331/572 1527/330/572
f 1526/331/572 1528/329/572 1529/332/572
f 1511/333/572 1508/335/572 1510/334/572
f 1508/335/572 1509/336/572 1510/334/572
f 1507/337/572 1508/335/572 1547/338/572
f 1511/333/572 1547/338/572 1508/335/572
f 1547/338/572 1511/333/572 1546/339/572
f 1529/332/572 1543/340/572 1526/331/572
f 1543/340/572 1529/332/572 1532/341/572
f 1530/342/572 1532/341/572 1529/332/572
f 1532/341/572 1530/342/572 1531/343/572
f 1484/344/572 1482/272/572 1483/345/572
f 1549/282/572 1482/272/572 1500/346/572
f 1485/347/572 1500/346/572 1482/272/572
f 1492/348/572 1486/350/572 1487/349/572
f 1486/350/572 1492/348/572 1493/351/572
f 1542/352/572 1532/341/572 1533/353/572
f 1539/354/572 1533/353/572 1536/355/572
f 1503/356/572 1504/358/572 1502/357/572
f 1505/359/572 1502/357/572 1504/358/572
f 1496/360/572 1498/362/572 1499/361/572
f 1498/362/572 1496/360/572 1497/363/572
f 1494/364/572 1495/365/572 1496/360/572
f 1536/355/572 1538/366/572 1539/354/572
f 1538/366/572 1536/355/572 1537/367/572
f 1548/368/572 1505/359/572 1506/369/572
f 1549/282/572 1505/359/572 1548/368/572
f 1505/359/572 1549/282/572 1502/357/572
f 1502/357/572 1549/282/572 1501/370/572
f 1500/346/572 1501/370/572 1549/282/572
f 1485/347/572 1499/361/572 1500/346/572
f 1486/350/572 1499/361/572 1485/347/572
f 1499/361/572 1486/350/572 1496/360/572
f 1493/351/572 1496/360/572 1486/350/572
f 1496/360/572 1493/351/572 1494/364/572
f 1534/371/572 1536/355/572 1533/353/572
f 1536/355/572 1534/371/572 1535/372/572
f 1547/338/572 1506/369/572 1507/337/572
f 1506/369/572 1547/338/572 1548/368/572
f 1549/282/572 1546/339/572 1482/272/572
f 1482/272/572 1546/339/572 1513/373/572
f 1513/373/572 1546/339/572 1512/374/572
f 1511/333/572 1512/374/572 1546/339/572
f 1490/375/572 1488/377/572 1489/376/572
f 1491/378/572 1488/377/572 1490/375/572
f 1488/377/572 1491/378/572 1487/349/572
f 1487/349/572 1491/378/572 1492/348/572
f 1482/272/572 1484/344/572 1485/347/572
f 1516/379/572 1517/327/572 1515/328/572
f 1518/380/572 1519/324/572 1521/325/572
f 1542/352/572 1540/382/572 1541/381/572
f 1540/382/572 1542/352/572 1539/354/572
f 1533/353/572 1539/354/572 1542/352/572
f 1532/341/572 1542/352/572 1543/340/572
f 1526/331/572 1544/384/572 1545/383/572
f 1544/384/572 1526/331/572 1543/340/572
f 1574/288/572 1570/287/572 1573/284/572
f 1552/266/572 1550/272/572 1551/267/572
f 1568/277/572 1569/278/572 1575/281/572
f 1574/288/572 1569/278/572 1570/287/572
f 1569/278/572 1574/288/572 1575/281/572
f 1560/274/572 1550/272/572 1553/268/572
f 1552/266/572 1553/268/572 1550/272/572
f 1558/292/572 1556/279/572 1557/293/572
f 1562/271/572 1564/270/572 1565/276/572
f 1564/270/572 1562/271/572 1563/290/572
f 1576/283/572 1561/269/572 1562/271/572
f 1570/287/572 1572/285/572 1573/284/572
f 1572/285/572 1570/287/572 1571/286/572
f 1568/277/572 1566/289/572 1567/275/572
f 1566/289/572 1568/277/572 1565/276/572
f 1575/281/572 1565/276/572 1568/277/572
f 1565/276/572 1575/281/572 1562/271/572
f 1562/271/572 1575/281/572 1576/283/572
f 1550/272/572 1560/274/572 1577/282/572
f 1576/283/572 1560/274/572 1561/269/572
f 1553/268/572 1559/291/572 1560/274/572
f 1554/273/572 1559/291/572 1553/268/572
f 1559/291/572 1554/273/572 1556/279/572
f 1556/279/572 1554/273/572 1555/280/572
f 1556/279/572 1558/292/572 1559/291/572
f 1576/283/572 1577/282/572 1560/274/572
f 1581/385/573 1578/272/574 1579/386/575
f 1583/387/576 1580/388/573 1581/385/573
f 1585/389/577 1582/390/576 1583/387/576
f 1587/391/577 1584/392/577 1585/389/577
f 1589/393/578 1586/394/577 1587/391/577
f 1591/395/578 1588/396/579 1589/393/578
f 1593/397/580 1590/398/581 1591/395/578
f 1595/399/582 1592/306/583 1593/397/580
f 1597/400/584 1594/401/582 1595/399/582
f 1599/402/585 1596/403/584 1597/400/584
f 1601/404/586 1598/405/587 1599/402/585
f 1603/406/588 1600/407/586 1601/404/586
f 1605/408/589 1602/409/588 1603/406/588
f 1607/410/590 1604/411/589 1605/408/589
f 1609/412/591 1606/309/590 1607/410/590
f 1611/413/592 1608/414/591 1609/412/591
f 1613/415/593 1610/416/592 1611/413/592
f 1615/417/594 1612/418/595 1613/415/593
f 1617/419/596 1614/420/597 1615/417/594
f 1619/421/598 1616/422/596 1617/419/596
f 1621/423/580 1618/424/599 1619/421/598
f 1623/425/582 1620/294/580 1621/423/580
f 1625/426/600 1622/427/582 1623/425/582
f 1627/428/601 1624/429/602 1625/426/600
f 1629/430/603 1626/431/601 1627/428/601
f 1631/432/604 1628/433/603 1629/430/603
f 1633/434/605 1630/435/604 1631/432/604
f 1579/436/575 1632/437/575 1633/434/605
f 1637/438/606 1634/272/607 1635/386/607
f 1639/439/608 1636/440/606 1637/438/606
f 1641/441/609 1638/442/610 1639/439/608
f 1643/443/611 1640/444/609 1641/441/609
f 1645/445/612 1642/446/611 1643/443/611
f 1647/447/612 1644/448/612 1645/445/612
f 1649/449/613 1646/450/612 1647/447/612
f 1651/397/614 1648/451/615 1649/449/613
f 1653/452/616 1650/306/614 1651/397/614
f 1655/453/616 1652/454/616 1653/452/616
f 1657/455/616 1654/456/616 1655/453/616
f 1659/457/616 1656/458/616 1657/455/616
f 1661/459/617 1658/460/616 1659/457/616
f 1663/461/618 1660/462/617 1661/459/617
f 1665/463/619 1662/464/618 1663/461/618
f 1667/410/620 1664/465/619 1665/463/619
f 1669/466/621 1666/309/622 1667/410/620
f 1671/467/623 1668/468/621 1669/466/621
f 1673/469/616 1670/470/624 1671/467/623
f 1675/471/616 1672/472/616 1673/469/616
f 1677/473/625 1674/474/616 1675/471/616
f 1679/475/626 1676/476/625 1677/473/625
f 1681/477/627 1678/478/628 1679/475/626
f 1683/423/627 1680/479/627 1681/477/627
f 1685/480/627 1682/294/627 1683/423/627
f 1687/481/627 1684/482/627 1685/480/627
f 1689/483/629 1686/484/627 1687/481/627
f 1691/485/630 1688/486/631 1689/483/629
f 1693/487/616 1690/488/632 1691/485/630
f 1695/489/616 1692/490/616 1693/487/616
f 1697/491/633 1694/492/616 1695/489/616
f 1635/436/607 1696/493/633 1697/491/633
f 1701/397/634 1698/272/635 1699/386/636
f 1703/410/637 1700/306/638 1701/397/634
f 1705/423/639 1702/309/640 1703/410/637
f 1699/436/636 1704/294/641 1705/423/639
f 1709/397/634 1706/272/635 1707/386/642
f 1711/410/637 1708/306/638 1709/397/634
f 1713/423/639 1710/309/640 1711/410/637
f 1707/436/642 1712/294/641 1713/423/639
f 1717/397/643 1714/272/644 1715/386/644
f 1719/410/645 1716/306/646 1717/397/643
f 1721/423/647 1718/309/645 1719/410/645
f 1715/436/644 1720/294/648 1721/423/647
f 1725/494/649 1722/272/650 1723/386/649
f 1727/495/651 1724/312/652 1725/494/649
f 1729/496/653 1726/311/654 1727/495/651
f 1731/497/651 1728/304/651 1729/496/653
f 1733/397/598 1730/305/651 1731/497/651
f 1735/498/599 1732/306/599 1733/397/598
f 1737/499/651 1734/299/598 1735/498/599
f 1739/500/651 1736/302/651 1737/499/651
f 1741/501/598 1738/301/651 1739/500/651
f 1743/410/598 1740/300/598 1741/501/598
f 1745/502/599 1742/309/598 1743/410/598
f 1747/503/655 1744/308/599 1745/502/599
f 1749/504/655 1746/307/655 1747/503/655
f 1751/505/655 1748/296/655 1749/504/655
f 1753/423/649 1750/295/656 1751/505/655
f 1755/506/652 1752/294/657 1753/423/649
f 1757/507/655 1754/303/649 1755/506/652
f 1759/508/655 1756/297/655 1757/507/655
f 1761/509/649 1758/310/655 1759/508/655
f 1723/436/649 1760/298/649 1761/509/649
f 1765/397/658 1762/272/659 1763/386/660
f 1767/410/661 1764/306/658 1765/397/658
f 1769/423/662 1766/309/663 1767/410/661
f 1763/436/660 1768/294/662 1769/423/662
f 1773/510/664 1770/272/582 1771/386/582
f 1775/511/665 1772/512/664 1773/510/664
f 1777/513/666 1774/514/667 1775/511/665
f 1779/515/668 1776/516/669 1777/513/666
f 1781/517/670 1778/518/671 1779/515/668
f 1783/519/672 1780/520/673 1781/517/670
f 1785/521/674 1782/522/675 1783/519/672
f 1787/523/676 1784/524/674 1785/521/674
f 1789/525/677 1786/526/678 1787/523/676
f 1791/527/677 1788/528/677 1789/525/677
f 1793/529/580 1790/530/677 1791/527/677
f 1795/531/580 1792/532/679 1793/529/580
f 1771/436/582 1794/533/580 1795/531/580
f 1799/534/573 1796/272/680 1797/386/680
f 1801/535/576 1798/536/573 1799/534/573
f 1803/537/681 1800/538/682 1801/535/576
f 1805/539/683 1802/540/683 1803/537/681
f 1807/541/684 1804/542/683 1805/539/683
f 1809/543/684 1806/544/685 1807/541/684
f 1811/545/583 1808/546/686 1809/543/684
f 1813/547/582 1810/548/580 1811/545/583
f 1815/549/687 1812/550/582 1813/547/582
f 1817/551/688 1814/552/689 1815/549/687
f 1819/553/690 1816/554/688 1817/551/688
f 1821/555/691 1818/556/692 1819/553/690
f 1823/557/691 1820/558/691 1821/555/691
f 1825/559/693 1822/560/691 1823/557/691
f 1827/561/694 1824/562/693 1825/559/693
f 1829/563/695 1826/564/694 1827/561/694
f 1797/436/680 1828/565/696 1829/563/695
f 1833/397/604 1830/272/697 1831/386/697
f 1835/410/698 1832/306/699 1833/397/604
f 1837/423/700 1834/309/698 1835/410/698
f 1831/436/697 1836/294/700 1837/423/700
f 1841/494/573 1838/272/701 1839/386/702
f 1843/495/576 1840/312/703 1841/494/573
f 1845/496/704 1842/311/576 1843/495/576
f 1847/497/705 1844/304/704 1845/496/704
f 1849/397/573 1846/305/706 1847/497/705
f 1851/498/576 1848/306/703 1849/397/573
f 1853/499/707 1850/299/576 1851/498/576
f 1855/500/708 1852/302/709 1853/499/707
f 1857/501/710 1854/301/708 1855/500/708
f 1859/410/711 1856/300/710 1857/501/710
f 1861/502/712 1858/309/711 1859/410/711
f 1863/503/713 1860/308/714 1861/502/712
f 1865/504/582 1862/307/715 1863/503/713
f 1867/505/716 1864/296/582 1865/504/582
f 1869/423/717 1866/295/716 1867/505/716
f 1871/506/718 1868/294/719 1869/423/717
f 1873/507/720 1870/303/721 1871/506/718
f 1875/508/722 1872/297/723 1873/507/720
f 1877/509/724 1874/310/725 1875/508/722
f 1839/436/702 1876/298/724 1877/509/724
f 1881/397/726 1878/272/727 1879/386/727
f 1883/410/728 1880/306/726 1881/397/726
f 1885/423/729 1882/309/728 1883/410/728
f 1879/436/727 1884/294/730 1885/423/729
f 1889/397/628 1886/272/731 1887/386/731
f 1891/410/728 1888/306/628 1889/397/628
f 1893/423/729 1890/309/728 1891/410/728
f 1887/436/731 1892/294/730 1893/423/729
f 1581/385/573 1580/388/573 1578/272/574
f 1583/387/576 1582/390/576 1580/388/573
f 1585/389/577 1584/392/577 1582/390/576
f 1587/391/577 1586/394/577 1584/392/577
f 1589/393/578 1588/396/579 1586/394/577
f 1591/395/578 1590/398/581 1588/396/579
f 1593/397/580 1592/306/583 1590/398/581
f 1595/399/582 1594/401/582 1592/306/583
f 1597/400/584 1596/403/584 1594/401/582
f 1599/402/585 1598/405/587 1596/403/584
f 1601/404/586 1600/407/586 1598/405/587
f 1603/406/588 1602/409/588 1600/407/586
f 1605/408/589 1604/411/589 1602/409/588
f 1607/410/590 1606/309/590 1604/411/589
f 1609/412/591 1608/414/591 1606/309/590
f 1611/413/592 1610/416/592 1608/414/591
f 1613/415/593 1612/418/595 1610/416/592
f 1615/417/594 1614/420/597 1612/418/595
f 1617/419/596 1616/422/596 1614/420/597
f 1619/421/598 1618/424/599 1616/422/596
f 1621/423/580 1620/294/580 1618/424/599
f 1623/425/582 1622/427/582 1620/294/580
f 1625/426/600 1624/429/602 1622/427/582
f 1627/428/601 1626/431/601 1624/429/602
f 1629/430/603 1628/433/603 1626/431/601
f 1631/432/604 1630/435/604 1628/433/603
f 1633/434/605 1632/437/575 1630/435/604
f 1579/436/575 1578/282/574 1632/437/575
f 1637/438/606 1636/440/606 1634/272/607
f 1639/439/608 1638/442/610 1636/440/606
f 1641/441/609 1640/444/609 1638/442/610
f 1643/443/611 1642/446/611 1640/444/609
f 1645/445/612 1644/448/612 1642/446/611
f 1647/447/612 1646/450/612 1644/448/612
f 1649/449/613 1648/451/615 1646/450/612
f 1651/397/614 1650/306/614 1648/451/615
f 1653/452/616 1652/454/616 1650/306/614
f 1655/453/616 1654/456/616 1652/454/616
f 1657/455/616 1656/458/616 1654/456/616
f 1659/457/616 1658/460/616 1656/458/616
f 1661/459/617 1660/462/617 1658/460/616
f 1663/461/618 1662/464/618 1660/462/617
f 1665/463/619 1664/465/619 1662/464/618
f 1667/410/620 1666/309/622 1664/465/619
f 1669/466/621 1668/468/621 1666/309/622
f 1671/467/623 1670/470/624 1668/468/621
f 1673/469/616 1672/472/616 1670/470/624
f 1675/471/616 1674/474/616 1672/472/616
f 1677/473/625 1676/476/625 1674/474/616
f 1679/475/626 1678/478/628 1676/476/625
f 1681/477/627 1680/479/627 1678/478/628
f 1683/423/627 1682/294/627 1680/479/627
f 1685/480/627 1684/482/627 1682/294/627
f 1687/481/627 1686/484/627 1684/482/627
f 1689/483/629 1688/486/631 1686/484/627
f 1691/485/630 1690/488/632 1688/486/631
f 1693/487/616 1692/490/616 1690/488/632
f 1695/489/616 1694/492/616 1692/490/616
f 1697/491/633 1696/493/633 1694/492/616
f 1635/436/607 1634/282/607 1696/493/633
f 1701/397/634 1700/306/638 1698/272/635
f 1703/410/637 1702/309/640 1700/306/638
f 1705/423/639 1704/294/641 1702/309/640
f 1699/436/636 1698/282/635 1704/294/641
f 1709/397/634 1708/306/638 1706/272/635
f 1711/410/637 1710/309/640 1708/306/638
f 1713/423/639 1712/294/641 1710/309/640
f 1707/436/642 1706/282/635 1712/294/641
f 1717/397/643 1716/306/646 1714/272/644
f 1719/410/645 1718/309/645 1716/306/646
f 1721/423/647 1720/294/648 1718/309/645
f 1715/436/644 1714/282/644 1720/294/648
f 1725/494/649 1724/312/652 1722/272/650
f 1727/495/651 1726/311/654 1724/312/652
f 1729/496/653 1728/304/651 1726/311/654
f 1731/497/651 1730/305/651 1728/304/651
f 1733/397/598 1732/306/599 1730/305/651
f 1735/498/599 1734/299/598 1732/306/599
f 1737/499/651 1736/302/651 1734/299/598
f 1739/500/651 1738/301/651 1736/302/651
f 1741/501/598 1740/300/598 1738/301/651
f 1743/410/598 1742/309/598 1740/300/598
f 1745/502/599 1744/308/599 1742/309/598
f 1747/503/655 1746/307/655 1744/308/599
f 1749/504/655 1748/296/655 1746/307/655
f 1751/505/655 1750/295/656 1748/296/655
f 1753/423/649 1752/294/657 1750/295/656
f 1755/506/652 1754/303/649 1752/294/657
f 1757/507/655 1756/297/655 1754/303/649
f 1759/508/655 1758/310/655 1756/297/655
f 1761/509/649 1760/298/649 1758/310/655
f 1723/436/649 1722/282/650 1760/298/649
f 1765/397/658 1764/306/658 1762/272/659
f 1767/410/661 1766/309/663 1764/306/658
f 1769/423/662 1768/294/662 1766/309/663
f 1763/436/660 1762/282/659 1768/294/662
f 1773/510/664 1772/512/664 1770/272/582
f 1775/511/665 1774/514/667 1772/512/664
f 1777/513/666 1776/516/669 1774/514/667
f 1779/515/668 1778/518/671 1776/516/669
f 1781/517/670 1780/520/673 1778/518/671
f 1783/519/672 1782/522/675 1780/520/673
f 1785/521/674 1784/524/674 1782/522/675
f 1787/523/676 1786/526/678 1784/524/674
f 1789/525/677 1788/528/677 1786/526/678
f 1791/527/677 1790/530/677 1788/528/677
f 1793/529/580 1792/532/679 1790/530/677
f 1795/531/580 1794/533/580 1792/532/679
f 1771/436/582 1770/282/582 1794/533/580
f 1799/534/573 1798/536/573 1796/272/680
f 1801/535/576 1800/538/682 1798/536/573
f 1803/537/681 1802/540/683 1800/538/682
f 1805/539/683 1804/542/683 1802/540/683
f 1807/541/684 1806/544/685 1804/542/683
f 1809/543/684 1808/546/686 1806/544/685
f 1811/545/583 1810/548/580 1808/546/686
f 1813/547/582 1812/550/582 1810/548/580
f 1815/549/687 1814/552/689 1812/550/582
f 1817/551/688 1816/554/688 1814/552/689
f 1819/553/690 1818/556/692 1816/554/688
f 1821/555/691 1820/558/691 1818/556/692
f 1823/557/691 1822/560/691 1820/558/691
f 1825/559/693 1824/562/693 1822/560/691
f 1827/561/694 1826/564/694 1824/562/693
f 1829/563/695 1828/565/696 1826/564/694
f 1797/436/680 1796/282/680 1828/565/696
f 1833/397/604 1832/306/699 1830/272/697
f 1835/410/698 1834/309/698 1832/306/699
f 1837/423/700 1836/294/700 1834/309/698
f 1831/436/697 1830/282/697 1836/294/700
f 1841/494/573 1840/312/703 1838/272/701
f 1843/495/576 1842/311/576 1840/312/703
f 1845/496/704 1844/304/704 1842/311/576
f 1847/497/705 1846/305/706 1844/304/704
f 1849/397/573 1848/306/703 1846/305/706
f 1851/498/576 1850/299/576 1848/306/703
f 1853/499/707 1852/302/709 1850/299/576
f 1855/500/708 1854/301/708 1852/302/709
f 1857/501/710 1856/300/710 1854/301/708
f 1859/410/711 1858/309/711 1856/300/710
f 1861/502/712 1860/308/714 1858/309/711
f 1863/503/713 1862/307/715 1860/308/714
f 1865/504/582 1864/296/582 1862/307/715
f 1867/505/716 1866/295/716 1864/296/582
f 1869/423/717 1868/294/719 1866/295/716
f 1871/506/718 1870/303/721 1868/294/719
f 1873/507/720 1872/297/723 1870/303/721
f 1875/508/722 1874/310/725 1872/297/723
f 1877/509/724 1876/298/724 1874/310/725
f 1839/436/702 1838/282/701 1876/298/724
f 1881/397/726 1880/306/726 1878/272/727
f 1883/410/728 1882/309/728 1880/306/726
f 1885/423/729 1884/294/730 1882/309/728
f 1879/436/727 1878/282/727 1884/294/730
f 1889/397/628 1888/306/628 1886/272/731
f 1891/410/728 1890/309/728 1888/306/628
f 1893/423/729 1892/294/730 1890/309/728
f 1887/436/731 1886/282/731 1892/294/730
o Text.003
v -3.074103 0.050000 -0.819922
v -3.118262 0.050000 -0.819922
v -3.109982 0.050000 -0.965506
v -3.065824 0.050000 -0.965506
v -3.022585 0.050000 -0.819922
v -3.066744 0.050000 -0.819922
v -3.058464 0.050000 -0.965506
v -3.014306 0.050000 -0.965506
v -3.423230 0.050000 -0.871670
v -3.568124 0.050000 -0.871670
v -3.565824 0.050000 -0.913068
v -3.422310 0.050000 -0.913068
v -3.420930 0.050000 -0.965506
v -3.317894 0.050000 -0.965506
v -3.319274 0.050000 -0.913068
v -3.166560 0.050000 -0.913068
v -3.168860 0.050000 -0.871670
v -3.320194 0.050000 -0.871670
v -3.323413 0.050000 -0.736436
v -3.173920 0.050000 -0.736436
v -3.176219 0.050000 -0.695037
v -3.324333 0.050000 -0.695037
v -3.327553 0.050000 -0.551523
v -3.430129 0.050000 -0.551523
v -3.426909 0.050000 -0.695037
v -3.575483 0.050000 -0.695037
v -3.573184 0.050000 -0.736436
v -3.425989 0.050000 -0.736436
v -3.636661 0.050000 -0.921348
v -4.032245 0.050000 -0.921348
v -4.029945 0.050000 -0.962746
v -3.634361 0.050000 -0.962746
v -3.878611 0.050000 -0.783354
v -4.048345 0.050000 -0.783354
v -4.046044 0.050000 -0.824752
v -3.635741 0.050000 -0.824752
v -3.638041 0.050000 -0.783354
v -3.775575 0.050000 -0.783354
v -3.828933 0.050000 -0.551523
v -3.931969 0.050000 -0.551523
v -4.157820 0.050000 -0.819922
v -4.201978 0.050000 -0.819922
v -4.193699 0.050000 -0.965506
v -4.149540 0.050000 -0.965506
v -4.106302 0.050000 -0.819922
v -4.150460 0.050000 -0.819922
v -4.142181 0.050000 -0.965506
v -4.098022 0.050000 -0.965506
v -3.074103 -0.050000 -0.819922
v -3.118262 -0.050000 -0.819922
v -3.109982 -0.050000 -0.965506
v -3.065824 -0.050000 -0.965506
v -3.022585 -0.050000 -0.819922
v -3.066744 -0.050000 -0.819922
v -3.058464 -0.050000 -0.965506
v -3.014306 -0.050000 -0.965506
v -3.423230 -0.050000 -0.871670
v -3.568124 -0.050000 -0.871670
v -3.565824 -0.050000 -0.913068
v -3.422310 -0.050000 -0.913068
v -3.420930 -0.050000 -0.965506
v -3.317894 -0.050000 -0.965506
v -3.319274 -0.050000 -0.913068
v -3.166560 -0.050000 -0.913068
v -3.168860 -0.050000 -0.871670
v -3.320194 -0.050000 -0.871670
v -3.323413 -0.050000 -0.736436
v -3.173920 -0.050000 -0.736436
v -3.176219 -0.050000 -0.695037
v -3.324333 -0.050000 -0.695037
v -3.327553 -0.050000 -0.551523
v -3.430129 -0.050000 -0.551523
v -3.426909 -0.050000 -0.695037
v -3.575483 -0.050000 -0.695037
v -3.573184 -0.050000 -0.736436
v -3.425989 -0.050000 -0.736436
v -3.636661 -0.050000 -0.921348
v -4.032245 -0.050000 -0.921348
v -4.029945 -0.050000 -0.962746
v -3.634361 -0.050000 -0.962746
v -3.878611 -0.050000 -0.783354
v -4.048345 -0.050000 -0.783354
v -4.046044 -0.050000 -0.824752
v -3.635741 -0.050000 -0.824752
v -3.638041 -0.050000 -0.783354
v -3.775575 -0.050000 -0.783354
v -3.828933 -0.050000 -0.551523
v -3.931969 -0.050000 -0.551523
v -4.157820 -0.050000 -0.819922
v -4.201978 -0.050000 -0.819922
v -4.193699 -0.050000 -0.965506
v -4.149540 -0.050000 -0.965506
v -4.106302 -0.050000 -0.819922
v -4.150460 -0.050000 -0.819922
v -4.142181 -0.050000 -0.965506
v -4.098022 -0.050000 -0.965506
v -4.157820 -0.050000 -0.819922
v -4.157820 0.050000 -0.819922
v -4.201978 -0.050000 -0.819922
v -4.201978 0.050000 -0.819922
v -4.193699 -0.050000 -0.965506
v -4.193699 0.050000 -0.965506
v -4.149540 -0.050000 -0.965506
v -4.149540 0.050000 -0.965506
v -4.106302 -0.050000 -0.819922
v -4.106302 0.050000 -0.819922
v -4.150460 -0.050000 -0.819922
v -4.150460 0.050000 -0.819922
v -4.142181 -0.050000 -0.965506
v -4.142181 0.050000 -0.965506
v -4.098022 -0.050000 -0.965506
v -4.098022 0.050000 -0.965506
v -3.636661 -0.050000 -0.921348
v -3.636661 0.050000 -0.921348
v -4.032245 -0.050000 -0.921348
v -4.032245 0.050000 -0.921348
v -4.029945 -0.050000 -0.962746
v -4.029945 0.050000 -0.962746
v -3.634361 -0.050000 -0.962746
v -3.634361 0.050000 -0.962746
v -3.878611 -0.050000 -0.783354
v -3.878611 0.050000 -0.783354
v -4.048345 -0.050000 -0.783354
v -4.048345 0.050000 -0.783354
v -4.046044 -0.050000 -0.824752
v -4.046044 0.050000 -0.824752
v -3.635741 -0.050000 -0.824752
v -3.635741 0.050000 -0.824752
v -3.638041 -0.050000 -0.783354
v -3.638041 0.050000 -0.783354
v -3.775575 -0.050000 -0.783354
v -3.775575 0.050000 -0.783354
v -3.828933 -0.050000 -0.551523
v -3.828933 0.050000 -0.551523
v -3.931969 -0.050000 -0.551523
v -3.931969 0.050000 -0.551523
v -3.423230 -0.050000 -0.871670
v -3.423230 0.050000 -0.871670
v -3.568124 -0.050000 -0.871670
v -3.568124 0.050000 -0.871670
v -3.565824 -0.050000 -0.913068
v -3.565824 0.050000 -0.913068
v -3.422310 -0.050000 -0.913068
v -3.422310 0.050000 -0.913068
v -3.420930 -0.050000 -0.965506
v -3.420930 0.050000 -0.965506
v -3.317894 -0.050000 -0.965506
v -3.317894 0.050000 -0.965506
v -3.319274 -0.050000 -0.913068
v -3.319274 0.050000 -0.913068
v -3.166560 -0.050000 -0.913068
v -3.166560 0.050000 -0.913068
v -3.168860 -0.050000 -0.871670
v -3.168860 0.050000 -0.871670
v -3.320194 -0.050000 -0.871670
v -3.320194 0.050000 -0.871670
v -3.323413 -0.050000 -0.736436
v -3.323413 0.050000 -0.736436
v -3.173920 -0.050000 -0.736436
v -3.173920 0.050000 -0.736436
v -3.176219 -0.050000 -0.695037
v -3.176219 0.050000 -0.695037
v -3.324333 -0.050000 -0.695037
v -3.324333 0.050000 -0.695037
v -3.327553 -0.050000 -0.551523
v -3.327553 0.050000 -0.551523
v -3.430129 -0.050000 -0.551523
v -3.430129 0.050000 -0.551523
v -3.426909 -0.050000 -0.695037
v -3.426909 0.050000 -0.695037
v -3.575483 -0.050000 -0.695037
v -3.575483 0.050000 -0.695037
v -3.573184 -0.050000 -0.736436
v -3.573184 0.050000 -0.736436
v -3.425989 -0.050000 -0.736436
v -3.425989 0.050000 -0.736436
v -3.074103 -0.050000 -0.819922
v -3.074103 0.050000 -0.819922
v -3.118262 -0.050000 -0.819922
v -3.118262 0.050000 -0.819922
v -3.109982 -0.050000 -0.965506
v -3.109982 0.050000 -0.965506
v -3.065824 -0.050000 -0.965506
v -3.065824 0.050000 -0.965506
v -3.022585 -0.050000 -0.819922
v -3.022585 0.050000 -0.819922
v -3.066744 -0.050000 -0.819922
v -3.066744 0.050000 -0.819922
v -3.058464 -0.050000 -0.965506
v -3.058464 0.050000 -0.965506
v -3.014306 -0.050000 -0.965506
v -3.014306 0.050000 -0.965506
vn -0.0000 1.0000 -0.0000
vn -0.0000 -1.0000 -0.0000
vn -0.8528 -0.0000 0.5222
vn 0.8092 -0.0000 0.5875
vn -0.8092 -0.0000 -0.5875
vn -0.8529 0.0001 0.5221
vn 0.8528 -0.0000 -0.5222
vn 0.8529 -0.0000 -0.5221
vn -0.8092 -0.0001 -0.5875
vn -0.8529 -0.0000 0.5221
vn -0.8524 -0.0000 0.5229
vn 0.8098 -0.0000 0.5868
vn -0.8098 -0.0000 -0.5868
vn 0.8524 -0.0000 -0.5229
vn -0.8098 -0.0000 -0.5867
vn -0.9032 -0.0000 0.4292
vn -0.8524 0.0001 0.5229
vn 0.8524 0.0001 -0.5229
vn 0.7303 -0.0000 0.6831
vn 0.8098 -0.0000 0.5867
vn 0.7302 -0.0000 0.6832
vn 0.7303 -0.0000 0.6832
vn -0.9032 -0.0000 0.4291
vn -0.8398 -0.0000 0.5429
vn -0.8397 -0.0000 0.5430
vn -0.8098 -0.0001 -0.5868
vn -0.8217 -0.0000 -0.5700
vn -0.8217 -0.0000 -0.5699
vn 0.8419 -0.0000 -0.5397
vn 0.8419 -0.0000 -0.5396
vn 0.8419 0.0001 -0.5396
vn 0.8227 -0.0000 0.5685
vn 0.8410 -0.0000 -0.5410
vn 0.8227 -0.0000 0.5684
vn 0.8524 -0.0000 -0.5230
vn 0.8233 -0.0000 0.5676
vn -0.8405 -0.0000 0.5419
vn -0.8405 -0.0000 0.5418
vn -0.8524 -0.0000 0.5230
vn -0.8241 -0.0000 -0.5664
vn -0.8240 -0.0000 -0.5665
vn 0.8092 -0.0001 0.5875
vn 0.8529 0.0001 -0.5221
vt 0.285714 0.000000
vt 0.142857 0.000000
vt 0.000000 0.000000
vt 0.571429 0.000000
vt 1.000000 0.000000
vt 0.857143 0.000000
vt 0.714286 0.000000
vt 0.428571 0.000000
vt 0.947368 0.000000
vt 0.894737 0.000000
vt 0.842105 0.000000
vt 0.105263 0.000000
vt 0.052632 0.000000
vt 0.157895 0.000000
vt 0.526316 0.000000
vt 0.684211 0.000000
vt 0.631579 0.000000
vt 0.578947 0.000000
vt 0.315789 0.000000
vt 0.473684 0.000000
vt 0.421053 0.000000
vt 0.368421 0.000000
vt 0.789474 0.000000
vt 0.736842 0.000000
vt 0.210526 0.000000
vt 0.263158 0.000000
vt 0.545455 0.000000
vt 0.454545 0.000000
vt 0.363636 0.000000
vt 0.818182 0.000000
vt 0.636364 0.000000
vt 0.727273 0.000000
vt 0.272727 0.000000
vt 0.181818 0.000000
vt 0.909091 0.000000
vt 0.090909 0.000000
vt 0.250000 1.000000
vt 0.000000 1.000000
vt 0.500000 1.000000
vt 0.250000 0.000000
vt 0.750000 1.000000
vt 0.500000 0.000000
vt 1.000000 1.000000
vt 0.750000 0.000000
vt 0.125000 1.000000
vt 0.125000 0.000000
vt 0.375000 1.000000
vt 0.375000 0.000000
vt 0.625000 1.000000
vt 0.625000 0.000000
vt 0.875000 1.000000
vt 0.875000 0.000000
vt 0.050000 1.000000
vt 0.100000 1.000000
vt 0.050000 0.000000
vt 0.150000 1.000000
vt 0.100000 0.000000
vt 0.200000 1.000000
vt 0.150000 0.000000
vt 0.200000 0.000000
vt 0.300000 1.000000
vt 0.350000 1.000000
vt 0.300000 0.000000
vt 0.400000 1.000000
vt 0.350000 0.000000
vt 0.450000 1.000000
vt 0.400000 0.000000
vt 0.450000 0.000000
vt 0.550000 1.000000
vt 0.600000 1.000000
vt 0.550000 0.000000
vt 0.650000 1.000000
vt 0.600000 0.000000
vt 0.700000 1.000000
vt 0.650000 0.000000
vt 0.700000 0.000000
vt 0.800000 1.000000
vt 0.850000 1.000000
vt 0.800000 0.000000
vt 0.900000 1.000000
vt 0.850000 0.000000
vt 0.950000 1.000000
vt 0.900000 0.000000
vt 0.950000 0.000000
s 1
usemtl Material.036
f 1896/566/732 1895/567/732 1894/568/732
f 1898/569/732 1901/570/732 1900/571/732
f 1898/569/732 1900/571/732 1899/572/732
f 1896/566/732 1894/568/732 1897/573/732
f 1920/574/732 1919/575/732 1918/576/732
f 1918/576/732 1921/570/732 1920/574/732
f 1904/577/732 1903/578/732 1902/568/732
f 1902/568/732 1905/579/732 1904/577/732
f 1912/580/732 1915/581/732 1914/582/732
f 1914/582/732 1913/583/732 1912/580/732
f 1908/584/732 1911/585/732 1910/586/732
f 1910/586/732 1909/587/732 1908/584/732
f 1918/576/732 1917/588/732 1916/589/732
f 1916/589/732 1915/581/732 1918/576/732
f 1921/570/732 1918/576/732 1915/581/732
f 1915/581/732 1912/580/732 1921/570/732
f 1902/568/732 1921/570/732 1912/580/732
f 1912/580/732 1911/585/732 1902/568/732
f 1905/579/732 1902/568/732 1911/585/732
f 1911/585/732 1908/584/732 1905/579/732
f 1906/590/732 1905/579/732 1908/584/732
f 1908/584/732 1907/591/732 1906/590/732
f 1928/592/732 1927/593/732 1926/594/732
f 1931/595/732 1929/596/732 1926/594/732
f 1931/595/732 1930/597/732 1929/596/732
f 1922/568/732 1925/598/732 1924/599/732
f 1926/594/732 1933/570/732 1932/600/732
f 1932/600/732 1931/595/732 1926/594/732
f 1924/599/732 1923/601/732 1922/568/732
f 1928/592/732 1926/594/732 1929/596/732
f 1936/566/732 1935/567/732 1934/568/732
f 1938/569/732 1941/570/732 1940/571/732
f 1938/569/732 1940/571/732 1939/572/732
f 1936/566/732 1934/568/732 1937/573/732
f 1944/566/733 1942/568/733 1943/567/733
f 1946/569/733 1948/571/733 1949/570/733
f 1946/569/733 1947/572/733 1948/571/733
f 1944/566/733 1945/573/733 1942/568/733
f 1968/574/733 1966/576/733 1967/575/733
f 1966/576/733 1968/574/733 1969/570/733
f 1952/577/733 1950/568/733 1951/578/733
f 1950/568/733 1952/577/733 1953/579/733
f 1960/580/733 1962/582/733 1963/581/733
f 1962/582/733 1960/580/733 1961/583/733
f 1956/584/733 1958/586/733 1959/585/733
f 1958/586/733 1956/584/733 1957/587/733
f 1966/576/733 1964/589/733 1965/588/733
f 1964/589/733 1966/576/733 1963/581/733
f 1969/570/733 1963/581/733 1966/576/733
f 1963/581/733 1969/570/733 1960/580/733
f 1950/568/733 1960/580/733 1969/570/733
f 1960/580/733 1950/568/733 1959/585/733
f 1953/579/733 1959/585/733 1950/568/733
f 1959/585/733 1953/579/733 1956/584/733
f 1954/590/733 1956/584/733 1953/579/733
f 1956/584/733 1954/590/733 1955/591/733
f 1976/592/733 1974/594/733 1975/593/733
f 1979/595/733 1974/594/733 1977/596/733
f 1979/595/733 1977/596/733 1978/597/733
f 1970/568/733 1972/599/733 1973/598/733
f 1974/594/733 1980/600/733 1981/570/733
f 1980/600/733 1974/594/733 1979/595/733
f 1972/599/733 1970/568/733 1971/601/733
f 1976/592/733 1977/596/733 1974/594/733
f 1984/566/733 1982/568/733 1983/567/733
f 1986/569/733 1988/571/733 1989/570/733
f 1986/569/733 1987/572/733 1988/571/733
f 1984/566/733 1985/573/733 1982/568/733
f 1993/602/734 1990/568/735 1991/603/735
f 1995/604/736 1992/605/737 1993/602/734
f 1997/606/738 1994/607/736 1995/604/736
f 1991/608/735 1996/609/739 1997/606/738
f 2001/602/734 1998/568/735 1999/603/735
f 2003/604/740 2000/605/741 2001/602/734
f 2005/606/738 2002/607/736 2003/604/740
f 1999/608/735 2004/609/739 2005/606/738
f 2009/602/742 2006/568/743 2007/603/743
f 2011/604/744 2008/605/742 2009/602/742
f 2013/606/745 2010/607/746 2011/604/744
f 2007/608/743 2012/609/745 2013/606/745
f 2017/610/742 2014/568/747 2015/603/747
f 2019/602/746 2016/611/748 2017/610/742
f 2021/612/745 2018/605/746 2019/602/746
f 2023/604/743 2020/613/749 2021/612/745
f 2025/614/750 2022/607/751 2023/604/743
f 2027/606/752 2024/615/753 2025/614/750
f 2029/616/754 2026/609/750 2027/606/752
f 2015/608/747 2028/617/747 2029/616/754
f 2033/618/742 2030/568/755 2031/603/756
f 2035/619/757 2032/620/742 2033/618/742
f 2037/621/758 2034/622/746 2035/619/757
f 2039/623/759 2036/624/759 2037/621/758
f 2041/602/760 2038/625/758 2039/623/759
f 2043/626/761 2040/605/761 2041/602/760
f 2045/627/745 2042/628/762 2043/626/761
f 2047/629/743 2044/630/745 2045/627/745
f 2049/631/763 2046/632/751 2047/629/743
f 2051/604/764 2048/633/765 2049/631/763
f 2053/634/745 2050/607/764 2051/604/764
f 2055/635/751 2052/636/766 2053/634/745
f 2057/637/767 2054/638/751 2055/635/751
f 2059/639/767 2056/640/767 2057/637/767
f 2061/606/768 2058/641/767 2059/639/767
f 2063/642/768 2060/609/769 2061/606/768
f 2065/643/742 2062/644/769 2063/642/768
f 2067/645/746 2064/646/770 2065/643/742
f 2069/647/771 2066/648/746 2067/645/746
f 2031/608/756 2068/649/772 2069/647/771
f 2073/602/734 2070/568/735 2071/603/773
f 2075/604/736 2072/605/741 2073/602/734
f 2077/606/738 2074/607/736 2075/604/736
f 2071/608/773 2076/609/774 2077/606/738
f 2081/602/734 2078/568/735 2079/603/773
f 2083/604/736 2080/605/741 2081/602/734
f 2085/606/738 2082/607/736 2083/604/736
f 2079/608/773 2084/609/739 2085/606/738
f 1993/602/734 1992/605/737 1990/568/735
f 1995/604/736 1994/607/736 1992/605/737
f 1997/606/738 1996/609/739 1994/607/736
f 1991/608/735 1990/570/735 1996/609/739
f 2001/602/734 2000/605/741 1998/568/735
f 2003/604/740 2002/607/736 2000/605/741
f 2005/606/738 2004/609/739 2002/607/736
f 1999/608/735 1998/570/735 2004/609/739
f 2009/602/742 2008/605/742 2006/568/743
f 2011/604/744 2010/607/746 2008/605/742
f 2013/606/745 2012/609/745 2010/607/746
f 2007/608/743 2006/570/743 2012/609/745
f 2017/610/742 2016/611/748 2014/568/747
f 2019/602/746 2018/605/746 2016/611/748
f 2021/612/745 2020/613/749 2018/605/746
f 2023/604/743 2022/607/751 2020/613/749
f 2025/614/750 2024/615/753 2022/607/751
f 2027/606/752 2026/609/750 2024/615/753
f 2029/616/754 2028/617/747 2026/609/750
f 2015/608/747 2014/570/747 2028/617/747
f 2033/618/742 2032/620/742 2030/568/755
f 2035/619/757 2034/622/746 2032/620/742
f 2037/621/758 2036/624/759 2034/622/746
f 2039/623/759 2038/625/758 2036/624/759
f 2041/602/760 2040/605/761 2038/625/758
f 2043/626/761 2042/628/762 2040/605/761
f 2045/627/745 2044/630/745 2042/628/762
f 2047/629/743 2046/632/751 2044/630/745
f 2049/631/763 2048/633/765 2046/632/751
f 2051/604/764 2050/607/764 2048/633/765
f 2053/634/745 2052/636/766 2050/607/764
f 2055/635/751 2054/638/751 2052/636/766
f 2057/637/767 2056/640/767 2054/638/751
f 2059/639/767 2058/641/767 2056/640/767
f 2061/606/768 2060/609/769 2058/641/767
f 2063/642/768 2062/644/769 2060/609/769
f 2065/643/742 2064/646/770 2062/644/769
f 2067/645/746 2066/648/746 2064/646/770
f 2069/647/771 2068/649/772 2066/648/746
f 2031/608/756 2030/570/755 2068/649/772
f 2073/602/734 2072/605/741 2070/568/735
f 2075/604/736 2074/607/736 2072/605/741
f 2077/606/738 2076/609/774 2074/607/736
f 2071/608/773 2070/570/735 2076/609/774
f 2081/602/734 2080/605/741 2078/568/735
f 2083/604/736 2082/607/736 2080/605/741
f 2085/606/738 2084/609/739 2082/607/736
f 2079/608/773 2078/570/735 2084/609/739
o Text.004
v -0.072827 0.050000 0.237354
v -0.550610 0.050000 0.237354
v -0.534464 0.050000 -0.044155
v -0.530278 0.050000 -0.044155
v -0.419653 0.050000 -0.072674
v -0.481843 0.050000 -0.303585
v -0.350288 0.050000 -0.303585
v -0.297068 0.050000 -0.103952
v -0.053094 0.050000 -0.166510
v -0.056084 0.050000 -0.112232
v -0.404704 0.050000 -0.022996
v -0.416065 0.050000 0.183076
v -0.069837 0.050000 0.183076
v -0.849598 0.050000 -0.234587
v -1.097758 0.050000 -0.234587
v -1.094768 0.050000 -0.288865
v -0.699506 0.050000 -0.288865
v -0.762891 0.050000 -0.101193
v -0.663627 0.050000 -0.101193
v -0.683360 0.050000 0.237354
v -1.143204 0.050000 0.237354
v -1.131842 0.050000 0.032202
v -0.877703 0.050000 0.032202
v -0.886075 0.050000 0.183076
v -0.811327 0.050000 0.183076
v -0.798172 0.050000 -0.047835
v -1.155761 0.050000 -0.047835
v -1.152772 0.050000 -0.101193
v -0.894446 0.050000 -0.101193
v -1.041548 0.050000 0.086480
v -0.974575 0.050000 0.086480
v -0.979957 0.050000 0.183076
v -1.046332 0.050000 0.183076
v -1.615605 0.050000 0.237354
v -1.747160 0.050000 0.237354
v -1.737592 0.050000 0.067161
v -1.794400 0.050000 0.091080
v -1.790812 0.050000 0.030362
v -1.734004 0.050000 0.006443
v -1.723241 0.050000 -0.183069
v -1.778255 0.050000 -0.183069
v -1.775265 0.050000 -0.236427
v -1.719653 0.050000 -0.236427
v -1.716065 0.050000 -0.303585
v -1.584510 0.050000 -0.303585
v -1.591686 0.050000 -0.176630
v -1.408705 0.050000 -0.236427
v -1.286718 0.050000 -0.236427
v -1.312431 0.050000 0.183076
v -1.273563 0.050000 0.183076
v -1.276553 0.050000 0.237354
v -1.437408 0.050000 0.237354
v -1.413489 0.050000 -0.160990
v -1.595872 0.050000 -0.104872
v -2.234510 0.050000 -0.251147
v -2.253048 0.050000 -0.251147
v -2.250656 0.050000 -0.306344
v -2.037178 0.050000 -0.306344
v -2.040168 0.050000 -0.251147
v -2.143618 0.050000 -0.251147
v -2.163351 0.050000 -0.137991
v -2.126875 0.050000 -0.137991
v -2.129267 0.050000 -0.222628
v -2.055118 0.050000 -0.222628
v -2.051530 0.050000 -0.082793
v -2.096378 0.050000 -0.082793
v -2.111925 0.050000 -0.082793
v -2.116709 0.050000 -0.000917
v -2.055716 0.050000 -0.000917
v -2.058705 0.050000 0.054281
v -2.119101 0.050000 0.054281
v -2.125679 0.050000 0.172036
v -2.062293 0.050000 0.167437
v -2.065283 0.050000 0.222634
v -2.285338 0.050000 0.237354
v -2.282947 0.050000 0.182156
v -2.223747 0.050000 0.178476
v -2.217169 0.050000 0.054281
v -2.273977 0.050000 0.054281
v -2.271585 0.050000 -0.000917
v -2.214777 0.050000 -0.000917
v -2.209993 0.050000 -0.082793
v -2.263811 0.050000 -0.082793
v -2.261419 0.050000 -0.137991
v -2.254244 0.050000 -0.137991
v -1.982762 0.050000 0.137998
v -2.049736 0.050000 0.137998
v -2.025219 0.050000 -0.285185
v -1.958246 0.050000 -0.285185
v -1.884694 0.050000 0.237354
v -1.973195 0.050000 0.237354
v -1.941502 0.050000 -0.314624
v -1.853002 0.050000 -0.314624
v -2.384603 0.050000 -0.037715
v -2.405532 0.050000 -0.037715
v -2.349322 0.050000 -0.314624
v -2.258430 0.050000 -0.314624
v -2.286534 0.050000 -0.176630
v -2.285936 0.050000 -0.176630
v -2.309258 0.050000 0.237354
v -2.400150 0.050000 0.237354
v -2.658475 0.050000 -0.182149
v -2.830693 0.050000 -0.182149
v -2.827703 0.050000 -0.236427
v -2.655486 0.050000 -0.236427
v -2.651300 0.050000 -0.303585
v -2.529313 0.050000 -0.303585
v -2.533499 0.050000 -0.236427
v -2.473701 0.050000 -0.236427
v -2.476691 0.050000 -0.182149
v -2.536488 0.050000 -0.182149
v -2.547850 0.050000 0.017483
v -2.488052 0.050000 0.017483
v -2.491042 0.050000 0.071760
v -2.551438 0.050000 0.071760
v -2.561005 0.050000 0.237354
v -2.849230 0.050000 0.237354
v -2.837270 0.050000 0.017483
v -2.669837 0.050000 0.017483
v -2.886902 0.050000 0.237354
v -3.018457 0.050000 0.237354
v -2.987362 0.050000 -0.303585
v -2.855808 0.050000 -0.303585
v -2.743388 0.050000 0.183076
v -2.680003 0.050000 0.183076
v -2.673425 0.050000 0.071760
v -2.736810 0.050000 0.071760
v -0.072827 -0.050000 0.237354
v -0.550610 -0.050000 0.237354
v -0.534464 -0.050000 -0.044155
v -0.530278 -0.050000 -0.044155
v -0.419653 -0.050000 -0.072674
v -0.481843 -0.050000 -0.303585
v -0.350288 -0.050000 -0.303585
v -0.297068 -0.050000 -0.103952
v -0.053094 -0.050000 -0.166510
v -0.056084 -0.050000 -0.112232
v -0.404704 -0.050000 -0.022996
v -0.416065 -0.050000 0.183076
v -0.069837 -0.050000 0.183076
v -0.849598 -0.050000 -0.234587
v -1.097758 -0.050000 -0.234587
v -1.094768 -0.050000 -0.288865
v -0.699506 -0.050000 -0.288865
v -0.762891 -0.050000 -0.101193
v -0.663627 -0.050000 -0.101193
v -0.683360 -0.050000 0.237354
v -1.143204 -0.050000 0.237354
v -1.131842 -0.050000 0.032202
v -0.877703 -0.050000 0.032202
v -0.886075 -0.050000 0.183076
v -0.811327 -0.050000 0.183076
v -0.798172 -0.050000 -0.047835
v -1.155761 -0.050000 -0.047835
v -1.152772 -0.050000 -0.101193
v -0.894446 -0.050000 -0.101193
v -1.041548 -0.050000 0.086480
v -0.974575 -0.050000 0.086480
v -0.979957 -0.050000 0.183076
v -1.046332 -0.050000 0.183076
v -1.615605 -0.050000 0.237354
v -1.747160 -0.050000 0.237354
v -1.737592 -0.050000 0.067161
v -1.794400 -0.050000 0.091080
v -1.790812 -0.050000 0.030362
v -1.734004 -0.050000 0.006443
v -1.723241 -0.050000 -0.183069
v -1.778255 -0.050000 -0.183069
v -1.775265 -0.050000 -0.236427
v -1.719653 -0.050000 -0.236427
v -1.716065 -0.050000 -0.303585
v -1.584510 -0.050000 -0.303585
v -1.591686 -0.050000 -0.176630
v -1.408705 -0.050000 -0.236427
v -1.286718 -0.050000 -0.236427
v -1.312431 -0.050000 0.183076
v -1.273563 -0.050000 0.183076
v -1.276553 -0.050000 0.237354
v -1.437408 -0.050000 0.237354
v -1.413489 -0.050000 -0.160990
v -1.595872 -0.050000 -0.104872
v -2.234510 -0.050000 -0.251147
v -2.253048 -0.050000 -0.251147
v -2.250656 -0.050000 -0.306344
v -2.037178 -0.050000 -0.306344
v -2.040168 -0.050000 -0.251147
v -2.143618 -0.050000 -0.251147
v -2.163351 -0.050000 -0.137991
v -2.126875 -0.050000 -0.137991
v -2.129267 -0.050000 -0.222628
v -2.055118 -0.050000 -0.222628
v -2.051530 -0.050000 -0.082793
v -2.096378 -0.050000 -0.082793
v -2.111925 -0.050000 -0.082793
v -2.116709 -0.050000 -0.000917
v -2.055716 -0.050000 -0.000917
v -2.058705 -0.050000 0.054281
v -2.119101 -0.050000 0.054281
v -2.125679 -0.050000 0.172036
v -2.062293 -0.050000 0.167437
v -2.065283 -0.050000 0.222634
v -2.285338 -0.050000 0.237354
v -2.282947 -0.050000 0.182156
v -2.223747 -0.050000 0.178476
v -2.217169 -0.050000 0.054281
v -2.273977 -0.050000 0.054281
v -2.271585 -0.050000 -0.000917
v -2.214777 -0.050000 -0.000917
v -2.209993 -0.050000 -0.082793
v -2.263811 -0.050000 -0.082793
v -2.261419 -0.050000 -0.137991
v -2.254244 -0.050000 -0.137991
v -1.982762 -0.050000 0.137998
v -2.049736 -0.050000 0.137998
v -2.025219 -0.050000 -0.285185
v -1.958246 -0.050000 -0.285185
v -1.884694 -0.050000 0.237354
v -1.973195 -0.050000 0.237354
v -1.941502 -0.050000 -0.314624
v -1.853002 -0.050000 -0.314624
v -2.384603 -0.050000 -0.037715
v -2.405532 -0.050000 -0.037715
v -2.349322 -0.050000 -0.314624
v -2.258430 -0.050000 -0.314624
v -2.286534 -0.050000 -0.176630
v -2.285936 -0.050000 -0.176630
v -2.309258 -0.050000 0.237354
v -2.400150 -0.050000 0.237354
v -2.658475 -0.050000 -0.182149
v -2.830693 -0.050000 -0.182149
v -2.827703 -0.050000 -0.236427
v -2.655486 -0.050000 -0.236427
v -2.651300 -0.050000 -0.303585
v -2.529313 -0.050000 -0.303585
v -2.533499 -0.050000 -0.236427
v -2.473701 -0.050000 -0.236427
v -2.476691 -0.050000 -0.182149
v -2.536488 -0.050000 -0.182149
v -2.547850 -0.050000 0.017483
v -2.488052 -0.050000 0.017483
v -2.491042 -0.050000 0.071760
v -2.551438 -0.050000 0.071760
v -2.561005 -0.050000 0.237354
v -2.849230 -0.050000 0.237354
v -2.837270 -0.050000 0.017483
v -2.669837 -0.050000 0.017483
v -2.886902 -0.050000 0.237354
v -3.018457 -0.050000 0.237354
v -2.987362 -0.050000 -0.303585
v -2.855808 -0.050000 -0.303585
v -2.743388 -0.050000 0.183076
v -2.680003 -0.050000 0.183076
v -2.673425 -0.050000 0.071760
v -2.736810 -0.050000 0.071760
v -2.658475 -0.050000 -0.182149
v -2.658475 0.050000 -0.182149
v -2.830693 -0.050000 -0.182149
v -2.830693 0.050000 -0.182149
v -2.827703 -0.050000 -0.236427
v -2.827703 0.050000 -0.236427
v -2.655486 -0.050000 -0.236427
v -2.655486 0.050000 -0.236427
v -2.651300 -0.050000 -0.303585
v -2.651300 0.050000 -0.303585
v -2.529313 -0.050000 -0.303585
v -2.529313 0.050000 -0.303585
v -2.533499 -0.050000 -0.236427
v -2.533499 0.050000 -0.236427
v -2.473701 -0.050000 -0.236427
v -2.473701 0.050000 -0.236427
v -2.476691 -0.050000 -0.182149
v -2.476691 0.050000 -0.182149
v -2.536488 -0.050000 -0.182149
v -2.536488 0.050000 -0.182149
v -2.547850 -0.050000 0.017483
v -2.547850 0.050000 0.017483
v -2.488052 -0.050000 0.017483
v -2.488052 0.050000 0.017483
v -2.491042 -0.050000 0.071760
v -2.491042 0.050000 0.071760
v -2.551438 -0.050000 0.071760
v -2.551438 0.050000 0.071760
v -2.561005 -0.050000 0.237354
v -2.561005 0.050000 0.237354
v -2.849230 -0.050000 0.237354
v -2.849230 0.050000 0.237354
v -2.837270 -0.050000 0.017483
v -2.837270 0.050000 0.017483
v -2.669837 -0.050000 0.017483
v -2.669837 0.050000 0.017483
v -2.886902 -0.050000 0.237354
v -2.886902 0.050000 0.237354
v -3.018457 -0.050000 0.237354
v -3.018457 0.050000 0.237354
v -2.987362 -0.050000 -0.303585
v -2.987362 0.050000 -0.303585
v -2.855808 -0.050000 -0.303585
v -2.855808 0.050000 -0.303585
v -2.743388 -0.050000 0.183076
v -2.743388 0.050000 0.183076
v -2.680003 -0.050000 0.183076
v -2.680003 0.050000 0.183076
v -2.673425 -0.050000 0.071760
v -2.673425 0.050000 0.071760
v -2.736810 -0.050000 0.071760
v -2.736810 0.050000 0.071760
v -2.234510 -0.050000 -0.251147
v -2.234510 0.050000 -0.251147
v -2.253048 -0.050000 -0.251147
v -2.253048 0.050000 -0.251147
v -2.250656 -0.050000 -0.306344
v -2.250656 0.050000 -0.306344
v -2.037178 -0.050000 -0.306344
v -2.037178 0.050000 -0.306344
v -2.040168 -0.050000 -0.251147
v -2.040168 0.050000 -0.251147
v -2.143618 -0.050000 -0.251147
v -2.143618 0.050000 -0.251147
v -2.163351 -0.050000 -0.137991
v -2.163351 0.050000 -0.137991
v -2.126875 -0.050000 -0.137991
v -2.126875 0.050000 -0.137991
v -2.129267 -0.050000 -0.222628
v -2.129267 0.050000 -0.222628
v -2.055118 -0.050000 -0.222628
v -2.055118 0.050000 -0.222628
v -2.051530 -0.050000 -0.082793
v -2.051530 0.050000 -0.082793
v -2.096378 -0.050000 -0.082793
v -2.096378 0.050000 -0.082793
v -2.111925 -0.050000 -0.082793
v -2.111925 0.050000 -0.082793
v -2.116709 -0.050000 -0.000917
v -2.116709 0.050000 -0.000917
v -2.055716 -0.050000 -0.000917
v -2.055716 0.050000 -0.000917
v -2.058705 -0.050000 0.054281
v -2.058705 0.050000 0.054281
v -2.119101 -0.050000 0.054281
v -2.119101 0.050000 0.054281
v -2.125679 -0.050000 0.172036
v -2.125679 0.050000 0.172036
v -2.062293 -0.050000 0.167437
v -2.062293 0.050000 0.167437
v -2.065283 -0.050000 0.222634
v -2.065283 0.050000 0.222634
v -2.285338 -0.050000 0.237354
v -2.285338 0.050000 0.237354
v -2.282947 -0.050000 0.182156
v -2.282947 0.050000 0.182156
v -2.223747 -0.050000 0.178476
v -2.223747 0.050000 0.178476
v -2.217169 -0.050000 0.054281
v -2.217169 0.050000 0.054281
v -2.273977 -0.050000 0.054281
v -2.273977 0.050000 0.054281
v -2.271585 -0.050000 -0.000917
v -2.271585 0.050000 -0.000917
v -2.214777 -0.050000 -0.000917
v -2.214777 0.050000 -0.000917
v -2.209993 -0.050000 -0.082793
v -2.209993 0.050000 -0.082793
v -2.263811 -0.050000 -0.082793
v -2.263811 0.050000 -0.082793
v -2.261419 -0.050000 -0.137991
v -2.261419 0.050000 -0.137991
v -2.254244 -0.050000 -0.137991
v -2.254244 0.050000 -0.137991
v -1.982762 -0.050000 0.137998
v -1.982762 0.050000 0.137998
v -2.049736 -0.050000 0.137998
v -2.049736 0.050000 0.137998
v -2.025219 -0.050000 -0.285185
v -2.025219 0.050000 -0.285185
v -1.958246 -0.050000 -0.285185
v -1.958246 0.050000 -0.285185
v -1.884694 -0.050000 0.237354
v -1.884694 0.050000 0.237354
v -1.973195 -0.050000 0.237354
v -1.973195 0.050000 0.237354
v -1.941502 -0.050000 -0.314624
v -1.941502 0.050000 -0.314624
v -1.853002 -0.050000 -0.314624
v -1.853002 0.050000 -0.314624
v -2.384603 -0.050000 -0.037715
v -2.384603 0.050000 -0.037715
v -2.405532 -0.050000 -0.037715
v -2.405532 0.050000 -0.037715
v -2.349322 -0.050000 -0.314624
v -2.349322 0.050000 -0.314624
v -2.258430 -0.050000 -0.314624
v -2.258430 0.050000 -0.314624
v -2.286534 -0.050000 -0.176630
v -2.286534 0.050000 -0.176630
v -2.285936 -0.050000 -0.176630
v -2.285936 0.050000 -0.176630
v -2.309258 -0.050000 0.237354
v -2.309258 0.050000 0.237354
v -2.400150 -0.050000 0.237354
v -2.400150 0.050000 0.237354
v -1.615605 -0.050000 0.237354
v -1.615605 0.050000 0.237354
v -1.747160 -0.050000 0.237354
v -1.747160 0.050000 0.237354
v -1.737592 -0.050000 0.067161
v -1.737592 0.050000 0.067161
v -1.794400 -0.050000 0.091080
v -1.794400 0.050000 0.091080
v -1.790812 -0.050000 0.030362
v -1.790812 0.050000 0.030362
v -1.734004 -0.050000 0.006443
v -1.734004 0.050000 0.006443
v -1.723241 -0.050000 -0.183069
v -1.723241 0.050000 -0.183069
v -1.778255 -0.050000 -0.183069
v -1.778255 0.050000 -0.183069
v -1.775265 -0.050000 -0.236427
v -1.775265 0.050000 -0.236427
v -1.719653 -0.050000 -0.236427
v -1.719653 0.050000 -0.236427
v -1.716065 -0.050000 -0.303585
v -1.716065 0.050000 -0.303585
v -1.584510 -0.050000 -0.303585
v -1.584510 0.050000 -0.303585
v -1.591686 -0.050000 -0.176630
v -1.591686 0.050000 -0.176630
v -1.408705 -0.050000 -0.236427
v -1.408705 0.050000 -0.236427
v -1.286718 -0.050000 -0.236427
v -1.286718 0.050000 -0.236427
v -1.312431 -0.050000 0.183076
v -1.312431 0.050000 0.183076
v -1.273563 -0.050000 0.183076
v -1.273563 0.050000 0.183076
v -1.276553 -0.050000 0.237354
v -1.276553 0.050000 0.237354
v -1.437408 -0.050000 0.237354
v -1.437408 0.050000 0.237354
v -1.413489 -0.050000 -0.160990
v -1.413489 0.050000 -0.160990
v -1.595872 -0.050000 -0.104872
v -1.595872 0.050000 -0.104872
v -0.849598 -0.050000 -0.234587
v -0.849598 0.050000 -0.234587
v -1.097758 -0.050000 -0.234587
v -1.097758 0.050000 -0.234587
v -1.094768 -0.050000 -0.288865
v -1.094768 0.050000 -0.288865
v -0.699506 -0.050000 -0.288865
v -0.699506 0.050000 -0.288865
v -0.762891 -0.050000 -0.101193
v -0.762891 0.050000 -0.101193
v -0.663627 -0.050000 -0.101193
v -0.663627 0.050000 -0.101193
v -0.683360 -0.050000 0.237354
v -0.683360 0.050000 0.237354
v -1.143204 -0.050000 0.237354
v -1.143204 0.050000 0.237354
v -1.131842 -0.050000 0.032202
v -1.131842 0.050000 0.032202
v -0.877703 -0.050000 0.032202
v -0.877703 0.050000 0.032202
v -0.886075 -0.050000 0.183076
v -0.886075 0.050000 0.183076
v -0.811327 -0.050000 0.183076
v -0.811327 0.050000 0.183076
v -0.798172 -0.050000 -0.047835
v -0.798172 0.050000 -0.047835
v -1.155761 -0.050000 -0.047835
v -1.155761 0.050000 -0.047835
v -1.152772 -0.050000 -0.101193
v -1.152772 0.050000 -0.101193
v -0.894446 -0.050000 -0.101193
v -0.894446 0.050000 -0.101193
v -1.041548 -0.050000 0.086480
v -1.041548 0.050000 0.086480
v -0.974575 -0.050000 0.086480
v -0.974575 0.050000 0.086480
v -0.979957 -0.050000 0.183076
v -0.979957 0.050000 0.183076
v -1.046332 -0.050000 0.183076
v -1.046332 0.050000 0.183076
v -0.072827 -0.050000 0.237354
v -0.072827 0.050000 0.237354
v -0.550610 -0.050000 0.237354
v -0.550610 0.050000 0.237354
v -0.534464 -0.050000 -0.044155
v -0.534464 0.050000 -0.044155
v -0.530278 -0.050000 -0.044155
v -0.530278 0.050000 -0.044155
v -0.419653 -0.050000 -0.072674
v -0.419653 0.050000 -0.072674
v -0.481843 -0.050000 -0.303585
v -0.481843 0.050000 -0.303585
v -0.350288 -0.050000 -0.303585
v -0.350288 0.050000 -0.303585
v -0.297068 -0.050000 -0.103952
v -0.297068 0.050000 -0.103952
v -0.053094 -0.050000 -0.166510
v -0.053094 0.050000 -0.166510
v -0.056084 -0.050000 -0.112232
v -0.056084 0.050000 -0.112232
v -0.404704 -0.050000 -0.022996
v -0.404704 0.050000 -0.022996
v -0.416065 -0.050000 0.183076
v -0.416065 0.050000 0.183076
v -0.069837 -0.050000 0.183076
v -0.069837 0.050000 0.183076
vn -0.0000 1.0000 -0.0000
vn -0.0000 -1.0000 -0.0000
vn -0.8585 -0.0000 0.5127
vn -0.8591 -0.0000 0.5117
vn -0.8164 -0.0000 -0.5775
vn -0.8585 -0.0000 0.5128
vn -0.8133 -0.0000 -0.5818
vn -0.8133 -0.0000 -0.5819
vn 0.8610 -0.0000 -0.5086
vn 0.8585 -0.0000 -0.5129
vn 0.8610 -0.0000 -0.5087
vn 0.8164 -0.0000 0.5775
vn 0.8585 -0.0000 -0.5128
vn 0.8156 -0.0000 0.5786
vn 0.8591 -0.0000 -0.5117
vn 0.8592 -0.0000 -0.5117
vn 0.8152 -0.0000 0.5792
vn 0.8153 -0.0001 0.5791
vn 0.8152 -0.0000 0.5791
vn -0.8583 -0.0000 0.5132
vn 0.8153 -0.0000 0.5791
vn -0.8166 -0.0000 -0.5771
vn -0.8156 -0.0000 -0.5786
vn -0.8156 -0.0000 -0.5787
vn -0.8593 -0.0000 0.5114
vn 0.8154 -0.0000 0.5789
vn 0.8154 -0.0001 0.5789
vn -0.8154 -0.0000 -0.5789
vn 0.8593 -0.0000 -0.5114
vn -0.8147 -0.0001 -0.5799
vn 0.8599 0.0001 -0.5105
vn 0.8599 -0.0000 -0.5105
vn -0.8599 -0.0000 0.5105
vn -0.8147 -0.0000 -0.5799
vn 0.8147 -0.0001 0.5799
vn -0.8599 0.0001 0.5105
vn 0.8147 -0.0000 0.5799
vn -0.8544 -0.0000 0.5197
vn -0.8949 -0.0000 0.4462
vn -0.8949 -0.0000 0.4463
vn -0.8212 -0.0000 -0.5706
vn -0.8544 -0.0000 0.5196
vn 0.8582 -0.0000 -0.5133
vn 0.8167 -0.0000 0.5770
vn 0.8582 -0.0000 -0.5134
vn 0.7629 -0.0000 0.6465
vn 0.8949 -0.0000 -0.4462
vn -0.8490 -0.0000 -0.5284
vn 0.8949 -0.0000 -0.4463
vn -0.8490 -0.0001 -0.5284
vn 0.8284 -0.0000 -0.5602
vn 0.8480 -0.0000 0.5299
vn 0.8284 -0.0000 -0.5601
vn -0.0000 -0.0000 1.0000
vn 0.8481 -0.0000 0.5299
vn 0.8150 -0.0000 0.5795
vn 0.8597 -0.0000 -0.5108
vn 0.8149 -0.0000 0.5795
vn 0.8160 -0.0000 0.5781
vn 0.8167 -0.0000 0.5771
vn 0.8479 -0.0000 -0.5302
vn 0.8160 -0.0000 0.5780
vn 0.8472 -0.0000 -0.5313
vn 0.8478 -0.0000 -0.5303
vn 0.8283 -0.0000 0.5603
vn 0.8472 -0.0000 -0.5312
vn -0.8441 -0.0000 0.5362
vn 0.8284 -0.0000 0.5602
vn -0.8318 -0.0000 -0.5550
vn -0.8280 -0.0000 -0.5607
vn -0.8318 -0.0000 -0.5551
vn -0.8578 -0.0000 0.5140
vn -0.8150 -0.0000 -0.5795
vn -0.8597 -0.0000 0.5108
vn -0.8149 -0.0000 -0.5795
vn -0.7629 -0.0000 -0.6465
vn -0.8212 -0.0000 -0.5707
vn -0.8595 -0.0000 0.5112
vn -0.8152 -0.0001 -0.5792
vn 0.8595 -0.0000 -0.5112
vn -0.8152 -0.0000 -0.5792
vn 0.8595 -0.0000 -0.5111
vn -0.8593 -0.0000 0.5115
vn 0.8154 -0.0000 0.5790
vn 0.8593 -0.0000 -0.5115
vn -0.9022 -0.0000 0.4312
vn -0.8590 -0.0000 0.5120
vn -0.7492 -0.0001 -0.6624
vn -0.9022 -0.0000 0.4314
vn 0.9024 -0.0000 -0.4309
vn -0.7492 -0.0000 -0.6624
vn 0.8590 -0.0000 -0.5120
vn 0.9024 -0.0000 -0.4310
vn 0.8158 -0.0001 0.5784
vn 0.8590 -0.0000 -0.5121
vn 0.8158 -0.0000 0.5783
vn -0.8590 -0.0000 0.5119
vn -0.8589 -0.0000 0.5122
vn 0.8153 -0.0000 0.5790
vn -0.7886 -0.0000 0.6149
vn -0.8589 0.0001 0.5122
vn -0.7899 -0.0000 0.6132
vn -0.8783 -0.0000 -0.4781
vn -0.8790 -0.0000 -0.4768
vn -0.8591 -0.0000 0.5118
vn -0.8159 -0.0001 -0.5781
vn -0.8170 -0.0000 -0.5766
vn -0.8160 -0.0000 -0.5781
vn -0.8171 -0.0000 -0.5766
vn -0.8171 -0.0000 -0.5765
vn 0.8058 -0.0000 -0.5922
vn -0.1595 -0.0000 -0.9872
vn 0.8058 0.0001 -0.5922
vn 0.8606 -0.0000 -0.5092
vn -0.1594 -0.0000 -0.9872
vn -0.8602 -0.0000 0.5099
vn -0.8106 -0.0000 0.5856
vn -0.8602 0.0001 0.5099
vn 0.8640 -0.0000 0.5035
vn -0.8107 0.0001 0.5855
vn -0.9299 -0.0000 0.3678
vn 0.9301 -0.0000 -0.3673
vn 0.8596 -0.0000 -0.5109
vn 0.9301 0.0001 -0.3673
vn 0.8150 -0.0001 0.5794
vn -0.8586 -0.0000 0.5126
vn -0.8162 -0.0000 -0.5778
vn 0.8587 -0.0000 -0.5125
vn -0.8162 -0.0000 -0.5777
vn -0.8155 -0.0001 -0.5787
vn -0.8592 -0.0000 0.5117
vn -0.8588 -0.0000 0.5122
vn -0.8159 -0.0000 -0.5781
vn -0.6835 -0.0000 -0.7300
vn -0.6834 -0.0000 -0.7300
vn -0.8186 -0.0000 -0.5743
vn -0.8187 -0.0001 -0.5742
vn 0.8161 -0.0000 0.5780
vn 0.8587 -0.0000 -0.5124
vn -0.8566 -0.0000 0.5160
vn 0.8161 -0.0000 0.5779
vn -0.8566 -0.0000 0.5161
vn -0.1270 -0.0000 -0.9919
vn -0.8154 -0.0000 -0.5790
vn -0.9408 -0.0000 -0.3388
vn -0.1269 -0.0000 -0.9919
vn -0.9172 -0.0001 -0.3984
vn -0.9408 -0.0000 -0.3389
vn 0.7181 -0.0000 -0.6959
vn -0.9173 -0.0000 -0.3983
vn 0.6507 -0.0000 -0.7593
vn 0.7181 -0.0000 -0.6960
vn 0.8175 -0.0000 -0.5760
vn 0.8575 -0.0000 0.5144
vn 0.8174 0.0001 -0.5760
vn 0.8576 -0.0000 0.5143
vn 0.8576 -0.0000 0.5144
vn 0.8585 -0.0000 -0.5127
vn 0.8585 0.0001 -0.5128
vt 0.166667 0.000000
vt 0.083333 0.000000
vt 0.250000 0.000000
vt 0.916667 0.000000
vt 0.583333 0.000000
vt 0.833333 0.000000
vt 0.750000 0.000000
vt 0.666667 0.000000
vt 0.000000 0.000000
vt 1.000000 0.000000
vt 0.333333 0.000000
vt 0.500000 0.000000
vt 0.416667 0.000000
vt 0.947368 0.000000
vt 0.368421 0.000000
vt 0.421053 0.000000
vt 0.842105 0.000000
vt 0.894737 0.000000
vt 0.315789 0.000000
vt 0.263158 0.000000
vt 0.631579 0.000000
vt 0.210526 0.000000
vt 0.578947 0.000000
vt 0.526316 0.000000
vt 0.789474 0.000000
vt 0.157895 0.000000
vt 0.473684 0.000000
vt 0.105263 0.000000
vt 0.052632 0.000000
vt 0.684211 0.000000
vt 0.736842 0.000000
vt 0.200000 0.000000
vt 0.150000 0.000000
vt 0.100000 0.000000
vt 0.400000 0.000000
vt 0.350000 0.000000
vt 0.300000 0.000000
vt 0.450000 0.000000
vt 0.850000 0.000000
vt 0.800000 0.000000
vt 0.950000 0.000000
vt 0.700000 0.000000
vt 0.650000 0.000000
vt 0.900000 0.000000
vt 0.600000 0.000000
vt 0.050000 0.000000
vt 0.550000 0.000000
vt 0.847826 0.000000
vt 0.891304 0.000000
vt 0.869565 0.000000
vt 0.934783 0.000000
vt 0.630435 0.000000
vt 0.608696 0.000000
vt 0.652174 0.000000
vt 0.586957 0.000000
vt 0.130435 0.000000
vt 0.043478 0.000000
vt 0.021739 0.000000
vt 0.456522 0.000000
vt 0.434783 0.000000
vt 0.478261 0.000000
vt 0.543478 0.000000
vt 0.521739 0.000000
vt 0.565217 0.000000
vt 0.956522 0.000000
vt 0.913043 0.000000
vt 0.413043 0.000000
vt 0.391304 0.000000
vt 0.369565 0.000000
vt 0.282609 0.000000
vt 0.347826 0.000000
vt 0.326087 0.000000
vt 0.304348 0.000000
vt 0.260870 0.000000
vt 0.239130 0.000000
vt 0.152174 0.000000
vt 0.086957 0.000000
vt 0.065217 0.000000
vt 0.108696 0.000000
vt 0.760870 0.000000
vt 0.826087 0.000000
vt 0.804348 0.000000
vt 0.673913 0.000000
vt 0.739130 0.000000
vt 0.717391 0.000000
vt 0.217391 0.000000
vt 0.195652 0.000000
vt 0.173913 0.000000
vt 0.695652 0.000000
vt 0.782609 0.000000
vt 0.978261 0.000000
vt 0.960000 0.000000
vt 0.680000 0.000000
vt 0.920000 0.000000
vt 0.880000 0.000000
vt 0.640000 0.000000
vt 0.760000 0.000000
vt 0.720000 0.000000
vt 0.240000 0.000000
vt 0.360000 0.000000
vt 0.320000 0.000000
vt 0.280000 0.000000
vt 0.520000 0.000000
vt 0.480000 0.000000
vt 0.440000 0.000000
vt 0.120000 0.000000
vt 0.160000 0.000000
vt 0.560000 0.000000
vt 0.080000 0.000000
vt 0.040000 0.000000
vt 0.840000 0.000000
vt 0.055556 1.000000
vt 0.000000 1.000000
vt 0.111111 1.000000
vt 0.055556 0.000000
vt 0.166667 1.000000
vt 0.111111 0.000000
vt 0.222222 1.000000
vt 0.277778 1.000000
vt 0.222222 0.000000
vt 0.333333 1.000000
vt 0.277778 0.000000
vt 0.388889 1.000000
vt 0.444444 1.000000
vt 0.388889 0.000000
vt 0.500000 1.000000
vt 0.444444 0.000000
vt 0.555556 1.000000
vt 0.611111 1.000000
vt 0.555556 0.000000
vt 0.666667 1.000000
vt 0.611111 0.000000
vt 0.722222 1.000000
vt 0.777778 1.000000
vt 0.722222 0.000000
vt 0.833333 1.000000
vt 0.777778 0.000000
vt 0.888889 1.000000
vt 0.944444 1.000000
vt 0.888889 0.000000
vt 1.000000 1.000000
vt 0.944444 0.000000
vt 0.250000 1.000000
vt 0.750000 1.000000
vt 0.032258 1.000000
vt 0.064516 1.000000
vt 0.032258 0.000000
vt 0.096774 1.000000
vt 0.064516 0.000000
vt 0.129032 1.000000
vt 0.096774 0.000000
vt 0.161290 1.000000
vt 0.129032 0.000000
vt 0.193548 1.000000
vt 0.161290 0.000000
vt 0.225806 1.000000
vt 0.193548 0.000000
vt 0.258065 1.000000
vt 0.225806 0.000000
vt 0.290323 1.000000
vt 0.258065 0.000000
vt 0.322581 1.000000
vt 0.290323 0.000000
vt 0.354839 1.000000
vt 0.322581 0.000000
vt 0.387097 1.000000
vt 0.354839 0.000000
vt 0.419355 1.000000
vt 0.387097 0.000000
vt 0.451613 1.000000
vt 0.419355 0.000000
vt 0.483871 1.000000
vt 0.451613 0.000000
vt 0.516129 1.000000
vt 0.483871 0.000000
vt 0.548387 1.000000
vt 0.516129 0.000000
vt 0.580645 1.000000
vt 0.548387 0.000000
vt 0.612903 1.000000
vt 0.580645 0.000000
vt 0.645161 1.000000
vt 0.612903 0.000000
vt 0.677419 1.000000
vt 0.645161 0.000000
vt 0.709677 1.000000
vt 0.677419 0.000000
vt 0.741935 1.000000
vt 0.709677 0.000000
vt 0.774194 1.000000
vt 0.741935 0.000000
vt 0.806452 1.000000
vt 0.774194 0.000000
vt 0.838710 1.000000
vt 0.806452 0.000000
vt 0.870968 1.000000
vt 0.838710 0.000000
vt 0.903226 1.000000
vt 0.870968 0.000000
vt 0.935484 1.000000
vt 0.903226 0.000000
vt 0.967742 1.000000
vt 0.935484 0.000000
vt 0.967742 0.000000
vt 0.125000 1.000000
vt 0.125000 0.000000
vt 0.375000 1.000000
vt 0.375000 0.000000
vt 0.625000 1.000000
vt 0.625000 0.000000
vt 0.875000 1.000000
vt 0.875000 0.000000
vt 0.047619 1.000000
vt 0.095238 1.000000
vt 0.047619 0.000000
vt 0.142857 1.000000
vt 0.095238 0.000000
vt 0.190476 1.000000
vt 0.142857 0.000000
vt 0.238095 1.000000
vt 0.190476 0.000000
vt 0.285714 1.000000
vt 0.238095 0.000000
vt 0.285714 0.000000
vt 0.380952 1.000000
vt 0.428571 1.000000
vt 0.380952 0.000000
vt 0.476190 1.000000
vt 0.428571 0.000000
vt 0.523810 1.000000
vt 0.476190 0.000000
vt 0.571429 1.000000
vt 0.523810 0.000000
vt 0.619048 1.000000
vt 0.571429 0.000000
vt 0.619048 0.000000
vt 0.714286 1.000000
vt 0.761905 1.000000
vt 0.714286 0.000000
vt 0.809524 1.000000
vt 0.761905 0.000000
vt 0.857143 1.000000
vt 0.809524 0.000000
vt 0.904762 1.000000
vt 0.857143 0.000000
vt 0.952381 1.000000
vt 0.904762 0.000000
vt 0.952381 0.000000
vt 0.062500 1.000000
vt 0.062500 0.000000
vt 0.187500 1.000000
vt 0.187500 0.000000
vt 0.312500 1.000000
vt 0.312500 0.000000
vt 0.437500 1.000000
vt 0.437500 0.000000
vt 0.562500 1.000000
vt 0.562500 0.000000
vt 0.687500 1.000000
vt 0.687500 0.000000
vt 0.812500 1.000000
vt 0.812500 0.000000
vt 0.937500 1.000000
vt 0.937500 0.000000
vt 0.076923 1.000000
vt 0.153846 1.000000
vt 0.076923 0.000000
vt 0.230769 1.000000
vt 0.153846 0.000000
vt 0.307692 1.000000
vt 0.230769 0.000000
vt 0.384615 1.000000
vt 0.307692 0.000000
vt 0.461538 1.000000
vt 0.384615 0.000000
vt 0.538462 1.000000
vt 0.461538 0.000000
vt 0.615385 1.000000
vt 0.538462 0.000000
vt 0.692308 1.000000
vt 0.615385 0.000000
vt 0.769231 1.000000
vt 0.692308 0.000000
vt 0.846154 1.000000
vt 0.769231 0.000000
vt 0.923077 1.000000
vt 0.846154 0.000000
vt 0.923077 0.000000
s 1
usemtl Material.037
f 2088/650/775 2087/651/775 2089/652/775
f 2089/652/775 2087/651/775 2097/653/775
f 2093/654/775 2096/655/775 2095/656/775
f 2095/656/775 2094/657/775 2093/654/775
f 2097/653/775 2087/651/775 2086/658/775
f 2086/658/775 2098/659/775 2097/653/775
f 2089/652/775 2097/653/775 2096/655/775
f 2090/660/775 2089/652/775 2096/655/775
f 2096/655/775 2093/654/775 2090/660/775
f 2093/654/775 2092/661/775 2090/660/775
f 2091/662/775 2090/660/775 2092/661/775
f 2117/663/775 2118/659/775 2106/664/775
f 2107/665/775 2106/664/775 2118/659/775
f 2118/659/775 2115/666/775 2107/665/775
f 2115/666/775 2116/667/775 2107/665/775
f 2105/668/775 2104/669/775 2111/670/775
f 2103/671/775 2111/670/775 2104/669/775
f 2110/672/775 2109/673/775 2105/668/775
f 2105/668/775 2111/670/775 2110/672/775
f 2099/658/775 2114/674/775 2111/670/775
f 2111/670/775 2103/671/775 2099/658/775
f 2103/671/775 2102/675/775 2099/658/775
f 2105/668/775 2109/673/775 2106/664/775
f 2117/663/775 2106/664/775 2109/673/775
f 2116/667/775 2117/663/775 2109/673/775
f 2109/673/775 2108/676/775 2116/667/775
f 2101/677/775 2100/678/775 2099/658/775
f 2099/658/775 2102/675/775 2101/677/775
f 2116/667/775 2108/676/775 2107/665/775
f 2111/670/775 2114/674/775 2112/679/775
f 2113/680/775 2112/679/775 2114/674/775
f 2123/681/775 2122/682/775 2121/683/775
f 2121/683/775 2124/652/775 2123/681/775
f 2127/684/775 2126/685/775 2125/686/775
f 2125/686/775 2128/687/775 2127/684/775
f 2136/688/775 2135/689/775 2134/656/775
f 2138/690/775 2134/656/775 2133/691/775
f 2132/692/775 2138/690/775 2133/691/775
f 2136/688/775 2134/656/775 2137/693/775
f 2134/656/775 2138/690/775 2137/693/775
f 2131/694/775 2139/659/775 2138/690/775
f 2138/690/775 2132/692/775 2131/694/775
f 2121/683/775 2120/695/775 2119/658/775
f 2119/658/775 2139/659/775 2121/683/775
f 2124/652/775 2121/683/775 2139/659/775
f 2125/686/775 2124/652/775 2139/659/775
f 2139/659/775 2131/694/775 2125/686/775
f 2128/687/775 2125/686/775 2131/694/775
f 2131/694/775 2130/696/775 2128/687/775
f 2129/661/775 2128/687/775 2130/696/775
f 2179/697/775 2181/698/775 2180/699/775
f 2181/698/775 2179/697/775 2183/700/775
f 2169/701/775 2168/702/775 2170/703/775
f 2170/703/775 2168/702/775 2167/704/775
f 2167/704/775 2146/705/775 2170/703/775
f 2146/705/775 2140/658/775 2170/703/775
f 2142/706/775 2141/707/775 2140/658/775
f 2161/708/775 2160/709/775 2162/710/775
f 2165/711/775 2164/712/775 2163/661/775
f 2163/661/775 2166/713/775 2165/711/775
f 2184/714/775 2183/700/775 2179/697/775
f 2181/698/775 2183/700/775 2182/715/775
f 2159/716/775 2158/717/775 2157/718/775
f 2153/719/775 2156/720/775 2155/721/775
f 2155/721/775 2154/722/775 2153/719/775
f 2152/723/775 2151/724/775 2147/725/775
f 2144/726/775 2143/727/775 2145/728/775
f 2175/729/775 2178/730/775 2177/731/775
f 2171/732/775 2174/733/775 2173/734/775
f 2150/735/775 2149/736/775 2151/724/775
f 2147/725/775 2151/724/775 2149/736/775
f 2148/737/775 2147/725/775 2149/736/775
f 2162/710/775 2160/709/775 2159/716/775
f 2159/716/775 2157/718/775 2162/710/775
f 2163/661/775 2162/710/775 2157/718/775
f 2157/718/775 2156/720/775 2163/661/775
f 2166/713/775 2163/661/775 2156/720/775
f 2156/720/775 2153/719/775 2166/713/775
f 2167/704/775 2166/713/775 2153/719/775
f 2153/719/775 2152/723/775 2167/704/775
f 2146/705/775 2167/704/775 2152/723/775
f 2152/723/775 2147/725/775 2146/705/775
f 2140/658/775 2146/705/775 2145/728/775
f 2142/706/775 2140/658/775 2145/728/775
f 2145/728/775 2143/727/775 2142/706/775
f 2172/738/775 2171/732/775 2173/734/775
f 2176/739/775 2175/729/775 2177/731/775
f 2186/659/775 2185/740/775 2179/697/775
f 2185/740/775 2184/714/775 2179/697/775
f 2211/741/775 2204/742/775 2212/659/775
f 2210/743/775 2209/744/775 2202/694/775
f 2203/745/775 2202/694/775 2209/744/775
f 2209/744/775 2212/659/775 2203/745/775
f 2212/659/775 2204/742/775 2203/745/775
f 2207/689/775 2206/746/775 2205/747/775
f 2193/748/775 2196/749/775 2195/750/775
f 2195/750/775 2194/751/775 2193/748/775
f 2197/684/775 2200/752/775 2199/753/775
f 2199/753/775 2198/754/775 2197/684/775
f 2187/658/775 2197/684/775 2196/749/775
f 2190/755/775 2187/658/775 2196/749/775
f 2196/749/775 2193/748/775 2190/755/775
f 2191/756/775 2190/755/775 2193/748/775
f 2193/748/775 2192/681/775 2191/756/775
f 2210/743/775 2202/694/775 2201/757/775
f 2201/757/775 2200/752/775 2210/743/775
f 2211/741/775 2210/743/775 2200/752/775
f 2204/742/775 2211/741/775 2200/752/775
f 2200/752/775 2197/684/775 2204/742/775
f 2197/684/775 2187/658/775 2204/742/775
f 2189/758/775 2188/759/775 2187/658/775
f 2187/658/775 2190/755/775 2189/758/775
f 2208/760/775 2207/689/775 2205/747/775
f 2215/650/776 2216/652/776 2214/651/776
f 2216/652/776 2224/653/776 2214/651/776
f 2220/654/776 2222/656/776 2223/655/776
f 2222/656/776 2220/654/776 2221/657/776
f 2224/653/776 2213/658/776 2214/651/776
f 2213/658/776 2224/653/776 2225/659/776
f 2216/652/776 2223/655/776 2224/653/776
f 2217/660/776 2223/655/776 2216/652/776
f 2223/655/776 2217/660/776 2220/654/776
f 2220/654/776 2217/660/776 2219/661/776
f 2218/662/776 2219/661/776 2217/660/776
f 2244/663/776 2233/664/776 2245/659/776
f 2234/665/776 2245/659/776 2233/664/776
f 2245/659/776 2234/665/776 2242/666/776
f 2242/666/776 2234/665/776 2243/667/776
f 2232/668/776 2238/670/776 2231/669/776
f 2230/671/776 2231/669/776 2238/670/776
f 2237/672/776 2232/668/776 2236/673/776
f 2232/668/776 2237/672/776 2238/670/776
f 2226/658/776 2238/670/776 2241/674/776
f 2238/670/776 2226/658/776 2230/671/776
f 2230/671/776 2226/658/776 2229/675/776
f 2232/668/776 2233/664/776 2236/673/776
f 2244/663/776 2236/673/776 2233/664/776
f 2243/667/776 2236/673/776 2244/663/776
f 2236/673/776 2243/667/776 2235/676/776
f 2228/677/776 2226/658/776 2227/678/776
f 2226/658/776 2228/677/776 2229/675/776
f 2243/667/776 2234/665/776 2235/676/776
f 2238/670/776 2239/679/776 2241/674/776
f 2240/680/776 2241/674/776 2239/679/776
f 2250/681/776 2248/683/776 2249/682/776
f 2248/683/776 2250/681/776 2251/652/776
f 2254/684/776 2252/686/776 2253/685/776
f 2252/686/776 2254/684/776 2255/687/776
f 2263/688/776 2261/656/776 2262/689/776
f 2265/690/776 2260/691/776 2261/656/776
f 2259/692/776 2260/691/776 2265/690/776
f 2263/688/776 2264/693/776 2261/656/776
f 2261/656/776 2264/693/776 2265/690/776
f 2258/694/776 2265/690/776 2266/659/776
f 2265/690/776 2258/694/776 2259/692/776
f 2248/683/776 2246/658/776 2247/695/776
f 2246/658/776 2248/683/776 2266/659/776
f 2251/652/776 2266/659/776 2248/683/776
f 2252/686/776 2266/659/776 2251/652/776
f 2266/659/776 2252/686/776 2258/694/776
f 2255/687/776 2258/694/776 2252/686/776
f 2258/694/776 2255/687/776 2257/696/776
f 2256/661/776 2257/696/776 2255/687/776
f 2306/697/776 2307/699/776 2308/698/776
f 2308/698/776 2310/700/776 2306/697/776
f 2296/701/776 2297/703/776 2295/702/776
f 2297/703/776 2294/704/776 2295/702/776
f 2294/704/776 2297/703/776 2273/705/776
f 2273/705/776 2297/703/776 2267/658/776
f 2269/706/776 2267/658/776 2268/707/776
f 2288/708/776 2289/710/776 2287/709/776
f 2292/711/776 2290/661/776 2291/712/776
f 2290/661/776 2292/711/776 2293/713/776
f 2311/714/776 2306/697/776 2310/700/776
f 2308/698/776 2309/715/776 2310/700/776
f 2286/716/776 2284/718/776 2285/717/776
f 2280/719/776 2282/721/776 2283/720/776
f 2282/721/776 2280/719/776 2281/722/776
f 2279/723/776 2274/725/776 2278/724/776
f 2271/726/776 2272/728/776 2270/727/776
f 2302/729/776 2304/731/776 2305/730/776
f 2298/732/776 2300/734/776 2301/733/776
f 2277/735/776 2278/724/776 2276/736/776
f 2274/725/776 2276/736/776 2278/724/776
f 2275/737/776 2276/736/776 2274/725/776
f 2289/710/776 2286/716/776 2287/709/776
f 2286/716/776 2289/710/776 2284/718/776
f 2290/661/776 2284/718/776 2289/710/776
f 2284/718/776 2290/661/776 2283/720/776
f 2293/713/776 2283/720/776 2290/661/776
f 2283/720/776 2293/713/776 2280/719/776
f 2294/704/776 2280/719/776 2293/713/776
f 2280/719/776 2294/704/776 2279/723/776
f 2273/705/776 2279/723/776 2294/704/776
f 2279/723/776 2273/705/776 2274/725/776
f 2267/658/776 2272/728/776 2273/705/776
f 2269/706/776 2272/728/776 2267/658/776
f 2272/728/776 2269/706/776 2270/727/776
f 2299/738/776 2300/734/776 2298/732/776
f 2303/739/776 2304/731/776 2302/729/776
f 2313/659/776 2306/697/776 2312/740/776
f 2312/740/776 2306/697/776 2311/714/776
f 2338/741/776 2339/659/776 2331/742/776
f 2337/743/776 2329/694/776 2336/744/776
f 2330/745/776 2336/744/776 2329/694/776
f 2336/744/776 2330/745/776 2339/659/776
f 2339/659/776 2330/745/776 2331/742/776
f 2334/689/776 2332/747/776 2333/746/776
f 2320/748/776 2322/750/776 2323/749/776
f 2322/750/776 2320/748/776 2321/751/776
f 2324/684/776 2326/753/776 2327/752/776
f 2326/753/776 2324/684/776 2325/754/776
f 2314/658/776 2323/749/776 2324/684/776
f 2317/755/776 2323/749/776 2314/658/776
f 2323/749/776 2317/755/776 2320/748/776
f 2318/756/776 2320/748/776 2317/755/776
f 2320/748/776 2318/756/776 2319/681/776
f 2337/743/776 2328/757/776 2329/694/776
f 2328/757/776 2337/743/776 2327/752/776
f 2338/741/776 2327/752/776 2337/743/776
f 2331/742/776 2327/752/776 2338/741/776
f 2327/752/776 2331/742/776 2324/684/776
f 2324/684/776 2331/742/776 2314/658/776
f 2316/758/776 2314/658/776 2315/759/776
f 2314/658/776 2316/758/776 2317/755/776
f 2335/760/776 2332/747/776 2334/689/776
f 2343/761/777 2340/658/778 2341/762/778
f 2345/763/779 2342/764/780 2343/761/777
f 2347/765/781 2344/766/779 2345/763/779
f 2349/767/782 2346/650/782 2347/765/781
f 2351/768/783 2348/769/781 2349/767/782
f 2353/770/783 2350/771/783 2351/768/783
f 2355/772/784 2352/660/785 2353/770/783
f 2357/773/786 2354/774/787 2355/772/784
f 2359/775/788 2356/776/786 2357/773/786
f 2361/777/789 2358/661/788 2359/775/788
f 2363/778/784 2360/779/790 2361/777/789
f 2365/780/786 2362/781/787 2363/778/784
f 2367/782/791 2364/657/786 2365/780/786
f 2369/783/792 2366/784/793 2367/782/791
f 2371/785/794 2368/786/795 2369/783/792
f 2373/787/796 2370/655/794 2371/785/794
f 2375/788/797 2372/789/796 2373/787/796
f 2341/790/778 2374/791/798 2375/788/797
f 2379/792/799 2376/658/800 2377/762/801
f 2381/775/802 2378/652/799 2379/792/799
f 2383/793/803 2380/661/802 2381/775/802
f 2377/790/801 2382/656/803 2383/793/803
f 2387/792/804 2384/658/805 2385/762/806
f 2389/775/807 2386/652/808 2387/792/804
f 2391/793/809 2388/661/810 2389/775/807
f 2385/790/806 2390/656/811 2391/793/809
f 2395/794/812 2392/658/813 2393/762/814
f 2397/795/815 2394/796/816 2395/794/812
f 2399/797/817 2396/798/815 2397/795/815
f 2401/799/818 2398/800/819 2399/797/817
f 2403/801/820 2400/802/818 2401/799/818
f 2405/803/821 2402/804/820 2403/801/820
f 2407/805/822 2404/806/823 2405/803/821
f 2409/807/824 2406/808/822 2407/805/822
f 2411/809/825 2408/810/822 2409/807/824
f 2413/811/826 2410/812/827 2411/809/825
f 2415/813/828 2412/814/829 2413/811/826
f 2417/815/830 2414/816/828 2415/813/828
f 2419/817/831 2416/818/832 2417/815/830
f 2421/819/819 2418/820/831 2419/817/831
f 2423/821/818 2420/822/817 2421/819/819
f 2425/823/833 2422/824/834 2423/821/818
f 2427/825/835 2424/826/836 2425/823/833
f 2429/827/837 2426/828/838 2427/825/835
f 2431/829/839 2428/830/840 2429/827/837
f 2433/831/841 2430/832/842 2431/829/839
f 2435/833/843 2432/834/841 2433/831/841
f 2437/835/844 2434/836/845 2435/833/843
f 2439/837/846 2436/838/844 2437/835/844
f 2441/839/812 2438/840/846 2439/837/846
f 2443/841/815 2440/842/816 2441/839/812
f 2445/843/847 2442/844/815 2443/841/815
f 2447/845/848 2444/846/849 2445/843/847
f 2449/847/816 2446/848/848 2447/845/848
f 2451/849/815 2448/850/816 2449/847/816
f 2453/851/850 2450/852/851 2451/849/815
f 2393/790/814 2452/853/850 2453/851/850
f 2457/792/852 2454/658/791 2455/762/791
f 2459/775/853 2456/652/852 2457/792/852
f 2461/793/854 2458/661/855 2459/775/853
f 2455/790/791 2460/656/856 2461/793/854
f 2465/792/857 2462/658/858 2463/762/800
f 2467/775/802 2464/652/799 2465/792/857
f 2469/793/859 2466/661/802 2467/775/802
f 2463/790/800 2468/656/859 2469/793/859
f 2473/854/860 2470/658/861 2471/762/861
f 2475/792/862 2472/855/863 2473/854/860
f 2477/856/864 2474/652/865 2475/792/862
f 2479/775/864 2476/857/864 2477/856/864
f 2481/858/866 2478/661/867 2479/775/864
f 2483/793/868 2480/859/869 2481/858/866
f 2485/860/861 2482/656/870 2483/793/868
f 2471/790/861 2484/861/871 2485/860/861
f 2489/862/872 2486/658/873 2487/762/795
f 2491/863/874 2488/864/875 2489/862/872
f 2493/865/876 2490/866/874 2491/863/874
f 2495/867/877 2492/868/876 2493/865/876
f 2497/869/878 2494/870/877 2495/867/877
f 2499/871/879 2496/872/878 2497/869/878
f 2501/770/872 2498/873/879 2499/871/879
f 2503/874/880 2500/660/875 2501/770/872
f 2505/875/881 2502/876/882 2503/874/880
f 2507/877/883 2504/878/884 2505/875/881
f 2509/879/866 2506/880/884 2507/877/883
f 2511/881/885 2508/882/866 2509/879/866
f 2513/883/886 2510/884/887 2511/881/885
f 2515/780/888 2512/885/889 2513/883/886
f 2517/886/888 2514/657/888 2515/780/888
f 2519/887/787 2516/888/888 2517/886/888
f 2521/889/786 2518/890/787 2519/887/787
f 2523/891/890 2520/892/786 2521/889/786
f 2525/893/891 2522/894/892 2523/891/890
f 2527/895/893 2524/896/894 2525/893/891
f 2487/790/795 2526/897/893 2527/895/893
f 2531/898/780 2528/658/895 2529/762/895
f 2533/854/779 2530/899/780 2531/898/780
f 2535/900/896 2532/855/779 2533/854/779
f 2537/792/896 2534/901/896 2535/900/896
f 2539/902/897 2536/652/898 2537/792/896
f 2541/856/899 2538/903/897 2539/902/897
f 2543/904/900 2540/857/830 2541/856/899
f 2545/775/901 2542/905/900 2543/904/900
f 2547/906/902 2544/661/903 2545/775/901
f 2549/858/902 2546/907/902 2547/906/902
f 2551/908/904 2548/859/902 2549/858/902
f 2553/793/905 2550/909/797 2551/908/904
f 2555/910/906 2552/656/778 2553/793/905
f 2557/860/907 2554/911/872 2555/910/906
f 2559/912/908 2556/861/882 2557/860/907
f 2529/790/895 2558/913/909 2559/912/908
f 2563/792/902 2560/658/910 2561/762/911
f 2565/775/912 2562/652/913 2563/792/902
f 2567/793/914 2564/661/915 2565/775/912
f 2561/790/911 2566/656/916 2567/793/914
f 2571/914/857 2568/658/786 2569/762/786
f 2573/915/802 2570/916/857 2571/914/857
f 2575/917/917 2572/918/918 2573/915/802
f 2577/919/919 2574/920/920 2575/917/917
f 2579/921/921 2576/922/922 2577/919/919
f 2581/923/923 2578/924/924 2579/921/921
f 2583/925/925 2580/926/926 2581/923/923
f 2585/927/927 2582/928/925 2583/925/925
f 2587/929/928 2584/930/929 2585/927/927
f 2589/931/928 2586/932/930 2587/929/928
f 2591/933/787 2588/934/931 2589/931/928
f 2593/935/787 2590/936/932 2591/933/787
f 2569/790/786 2592/937/933 2593/935/787
f 2343/761/777 2342/764/780 2340/658/778
f 2345/763/779 2344/766/779 2342/764/780
f 2347/765/781 2346/650/782 2344/766/779
f 2349/767/782 2348/769/781 2346/650/782
f 2351/768/783 2350/771/783 2348/769/781
f 2353/770/783 2352/660/785 2350/771/783
f 2355/772/784 2354/774/787 2352/660/785
f 2357/773/786 2356/776/786 2354/774/787
f 2359/775/788 2358/661/788 2356/776/786
f 2361/777/789 2360/779/790 2358/661/788
f 2363/778/784 2362/781/787 2360/779/790
f 2365/780/786 2364/657/786 2362/781/787
f 2367/782/791 2366/784/793 2364/657/786
f 2369/783/792 2368/786/795 2366/784/793
f 2371/785/794 2370/655/794 2368/786/795
f 2373/787/796 2372/789/796 2370/655/794
f 2375/788/797 2374/791/798 2372/789/796
f 2341/790/778 2340/659/778 2374/791/798
f 2379/792/799 2378/652/799 2376/658/800
f 2381/775/802 2380/661/802 2378/652/799
f 2383/793/803 2382/656/803 2380/661/802
f 2377/790/801 2376/659/800 2382/656/803
f 2387/792/804 2386/652/808 2384/658/805
f 2389/775/807 2388/661/810 2386/652/808
f 2391/793/809 2390/656/811 2388/661/810
f 2385/790/806 2384/659/805 2390/656/811
f 2395/794/812 2394/796/816 2392/658/813
f 2397/795/815 2396/798/815 2394/796/816
f 2399/797/817 2398/800/819 2396/798/815
f 2401/799/818 2400/802/818 2398/800/819
f 2403/801/820 2402/804/820 2400/802/818
f 2405/803/821 2404/806/823 2402/804/820
f 2407/805/822 2406/808/822 2404/806/823
f 2409/807/824 2408/810/822 2406/808/822
f 2411/809/825 2410/812/827 2408/810/822
f 2413/811/826 2412/814/829 2410/812/827
f 2415/813/828 2414/816/828 2412/814/829
f 2417/815/830 2416/818/832 2414/816/828
f 2419/817/831 2418/820/831 2416/818/832
f 2421/819/819 2420/822/817 2418/820/831
f 2423/821/818 2422/824/834 2420/822/817
f 2425/823/833 2424/826/836 2422/824/834
f 2427/825/835 2426/828/838 2424/826/836
f 2429/827/837 2428/830/840 2426/828/838
f 2431/829/839 2430/832/842 2428/830/840
f 2433/831/841 2432/834/841 2430/832/842
f 2435/833/843 2434/836/845 2432/834/841
f 2437/835/844 2436/838/844 2434/836/845
f 2439/837/846 2438/840/846 2436/838/844
f 2441/839/812 2440/842/816 2438/840/846
f 2443/841/815 2442/844/815 2440/842/816
f 2445/843/847 2444/846/849 2442/844/815
f 2447/845/848 2446/848/848 2444/846/849
f 2449/847/816 2448/850/816 2446/848/848
f 2451/849/815 2450/852/851 2448/850/816
f 2453/851/850 2452/853/850 2450/852/851
f 2393/790/814 2392/659/813 2452/853/850
f 2457/792/852 2456/652/852 2454/658/791
f 2459/775/853 2458/661/855 2456/652/852
f 2461/793/854 2460/656/856 2458/661/855
f 2455/790/791 2454/659/791 2460/656/856
f 2465/792/857 2464/652/799 2462/658/858
f 2467/775/802 2466/661/802 2464/652/799
f 2469/793/859 2468/656/859 2466/661/802
f 2463/790/800 2462/659/858 2468/656/859
f 2473/854/860 2472/855/863 2470/658/861
f 2475/792/862 2474/652/865 2472/855/863
f 2477/856/864 2476/857/864 2474/652/865
f 2479/775/864 2478/661/867 2476/857/864
f 2481/858/866 2480/859/869 2478/661/867
f 2483/793/868 2482/656/870 2480/859/869
f 2485/860/861 2484/861/871 2482/656/870
f 2471/790/861 2470/659/861 2484/861/871
f 2489/862/872 2488/864/875 2486/658/873
f 2491/863/874 2490/866/874 2488/864/875
f 2493/865/876 2492/868/876 2490/866/874
f 2495/867/877 2494/870/877 2492/868/876
f 2497/869/878 2496/872/878 2494/870/877
f 2499/871/879 2498/873/879 2496/872/878
f 2501/770/872 2500/660/875 2498/873/879
f 2503/874/880 2502/876/882 2500/660/875
f 2505/875/881 2504/878/884 2502/876/882
f 2507/877/883 2506/880/884 2504/878/884
f 2509/879/866 2508/882/866 2506/880/884
f 2511/881/885 2510/884/887 2508/882/866
f 2513/883/886 2512/885/889 2510/884/887
f 2515/780/888 2514/657/888 2512/885/889
f 2517/886/888 2516/888/888 2514/657/888
f 2519/887/787 2518/890/787 2516/888/888
f 2521/889/786 2520/892/786 2518/890/787
f 2523/891/890 2522/894/892 2520/892/786
f 2525/893/891 2524/896/894 2522/894/892
f 2527/895/893 2526/897/893 2524/896/894
f 2487/790/795 2486/659/873 2526/897/893
f 2531/898/780 2530/899/780 2528/658/895
f 2533/854/779 2532/855/779 2530/899/780
f 2535/900/896 2534/901/896 2532/855/779
f 2537/792/896 2536/652/898 2534/901/896
f 2539/902/897 2538/903/897 2536/652/898
f 2541/856/899 2540/857/830 2538/903/897
f 2543/904/900 2542/905/900 2540/857/830
f 2545/775/901 2544/661/903 2542/905/900
f 2547/906/902 2546/907/902 2544/661/903
f 2549/858/902 2548/859/902 2546/907/902
f 2551/908/904 2550/909/797 2548/859/902
f 2553/793/905 2552/656/778 2550/909/797
f 2555/910/906 2554/911/872 2552/656/778
f 2557/860/907 2556/861/882 2554/911/872
f 2559/912/908 2558/913/909 2556/861/882
f 2529/790/895 2528/659/895 2558/913/909
f 2563/792/902 2562/652/913 2560/658/910
f 2565/775/912 2564/661/915 2562/652/913
f 2567/793/914 2566/656/916 2564/661/915
f 2561/790/911 2560/659/910 2566/656/916
f 2571/914/857 2570/916/857 2568/658/786
f 2573/915/802 2572/918/918 2570/916/857
f 2575/917/917 2574/920/920 2572/918/918
f 2577/919/919 2576/922/922 2574/920/920
f 2579/921/921 2578/924/924 2576/922/922
f 2581/923/923 2580/926/926 2578/924/924
f 2583/925/925 2582/928/925 2580/926/926
f 2585/927/927 2584/930/929 2582/928/925
f 2587/929/928 2586/932/930 2584/930/929
f 2589/931/928 2588/934/931 2586/932/930
f 2591/933/787 2590/936/932 2588/934/931
f 2593/935/787 2592/937/933 2590/936/932
f 2569/790/786 2568/659/786 2592/937/933
o Text.005
v 1.122050 0.050000 -0.819922
v 1.077891 0.050000 -0.819922
v 1.086171 0.050000 -0.965506
v 1.130329 0.050000 -0.965506
v 1.173568 0.050000 -0.819922
v 1.129409 0.050000 -0.819922
v 1.137689 0.050000 -0.965506
v 1.181847 0.050000 -0.965506
v 0.705766 0.050000 -0.551523
v 0.610090 0.050000 -0.551523
v 0.689207 0.050000 -0.965506
v 0.784883 0.050000 -0.965506
v 1.007514 0.050000 -0.551523
v 0.911838 0.050000 -0.551523
v 0.873200 0.050000 -0.965506
v 0.968876 0.050000 -0.965506
v 1.040173 0.050000 -0.965506
v 1.036033 0.050000 -0.896509
v 0.980835 0.050000 -0.896509
v 0.984975 0.050000 -0.965506
v 1.017174 0.050000 -0.917208
v 1.018554 0.050000 -0.944807
v 1.003834 0.050000 -0.944807
v 1.002454 0.050000 -0.917208
v 0.263724 0.050000 -0.551523
v 0.161148 0.050000 -0.551523
v 0.185067 0.050000 -0.965506
v 0.288103 0.050000 -0.965506
v 0.278443 0.050000 -0.799913
v 0.537873 0.050000 -0.799913
v 0.535573 0.050000 -0.758515
v 0.276144 0.050000 -0.758515
v 0.569152 0.050000 -0.965506
v 0.565012 0.050000 -0.896509
v 0.544773 0.050000 -0.896509
v 0.548913 0.050000 -0.965506
v 0.534193 0.050000 -0.965506
v 0.530053 0.050000 -0.896509
v 0.509814 0.050000 -0.896509
v 0.513954 0.050000 -0.965506
v 0.038333 0.050000 -0.819922
v -0.005825 0.050000 -0.819922
v 0.002454 0.050000 -0.965506
v 0.046613 0.050000 -0.965506
v 0.089851 0.050000 -0.819922
v 0.045693 0.050000 -0.819922
v 0.053972 0.050000 -0.965506
v 0.098131 0.050000 -0.965506
v 1.122050 -0.050000 -0.819922
v 1.077891 -0.050000 -0.819922
v 1.086171 -0.050000 -0.965506
v 1.130329 -0.050000 -0.965506
v 1.173568 -0.050000 -0.819922
v 1.129409 -0.050000 -0.819922
v 1.137689 -0.050000 -0.965506
v 1.181847 -0.050000 -0.965506
v 0.705766 -0.050000 -0.551523
v 0.610090 -0.050000 -0.551523
v 0.689207 -0.050000 -0.965506
v 0.784883 -0.050000 -0.965506
v 1.007514 -0.050000 -0.551523
v 0.911838 -0.050000 -0.551523
v 0.873200 -0.050000 -0.965506
v 0.968876 -0.050000 -0.965506
v 1.040173 -0.050000 -0.965506
v 1.036033 -0.050000 -0.896509
v 0.980835 -0.050000 -0.896509
v 0.984975 -0.050000 -0.965506
v 1.017174 -0.050000 -0.917208
v 1.018554 -0.050000 -0.944807
v 1.003834 -0.050000 -0.944807
v 1.002454 -0.050000 -0.917208
v 0.263724 -0.050000 -0.551523
v 0.161148 -0.050000 -0.551523
v 0.185067 -0.050000 -0.965506
v 0.288103 -0.050000 -0.965506
v 0.278443 -0.050000 -0.799913
v 0.537873 -0.050000 -0.799913
v 0.535573 -0.050000 -0.758515
v 0.276144 -0.050000 -0.758515
v 0.569152 -0.050000 -0.965506
v 0.565012 -0.050000 -0.896509
v 0.544773 -0.050000 -0.896509
v 0.548913 -0.050000 -0.965506
v 0.534193 -0.050000 -0.965506
v 0.530053 -0.050000 -0.896509
v 0.509814 -0.050000 -0.896509
v 0.513954 -0.050000 -0.965506
v 0.038333 -0.050000 -0.819922
v -0.005825 -0.050000 -0.819922
v 0.002454 -0.050000 -0.965506
v 0.046613 -0.050000 -0.965506
v 0.089851 -0.050000 -0.819922
v 0.045693 -0.050000 -0.819922
v 0.053972 -0.050000 -0.965506
v 0.098131 -0.050000 -0.965506
v 0.038333 -0.050000 -0.819922
v 0.038333 0.050000 -0.819922
v -0.005825 -0.050000 -0.819922
v -0.005825 0.050000 -0.819922
v 0.002454 -0.050000 -0.965506
v 0.002454 0.050000 -0.965506
v 0.046613 -0.050000 -0.965506
v 0.046613 0.050000 -0.965506
v 0.089851 -0.050000 -0.819922
v 0.089851 0.050000 -0.819922
v 0.045693 -0.050000 -0.819922
v 0.045693 0.050000 -0.819922
v 0.053972 -0.050000 -0.965506
v 0.053972 0.050000 -0.965506
v 0.098131 -0.050000 -0.965506
v 0.098131 0.050000 -0.965506
v 0.263724 -0.050000 -0.551523
v 0.263724 0.050000 -0.551523
v 0.161148 -0.050000 -0.551523
v 0.161148 0.050000 -0.551523
v 0.185067 -0.050000 -0.965506
v 0.185067 0.050000 -0.965506
v 0.288103 -0.050000 -0.965506
v 0.288103 0.050000 -0.965506
v 0.278443 -0.050000 -0.799913
v 0.278443 0.050000 -0.799913
v 0.537873 -0.050000 -0.799913
v 0.537873 0.050000 -0.799913
v 0.535573 -0.050000 -0.758515
v 0.535573 0.050000 -0.758515
v 0.276144 -0.050000 -0.758515
v 0.276144 0.050000 -0.758515
v 0.569152 -0.050000 -0.965506
v 0.569152 0.050000 -0.965506
v 0.565012 -0.050000 -0.896509
v 0.565012 0.050000 -0.896509
v 0.544773 -0.050000 -0.896509
v 0.544773 0.050000 -0.896509
v 0.548913 -0.050000 -0.965506
v 0.548913 0.050000 -0.965506
v 0.534193 -0.050000 -0.965506
v 0.534193 0.050000 -0.965506
v 0.530053 -0.050000 -0.896509
v 0.530053 0.050000 -0.896509
v 0.509814 -0.050000 -0.896509
v 0.509814 0.050000 -0.896509
v 0.513954 -0.050000 -0.965506
v 0.513954 0.050000 -0.965506
v 0.705766 -0.050000 -0.551523
v 0.705766 0.050000 -0.551523
v 0.610090 -0.050000 -0.551523
v 0.610090 0.050000 -0.551523
v 0.689207 -0.050000 -0.965506
v 0.689207 0.050000 -0.965506
v 0.784883 -0.050000 -0.965506
v 0.784883 0.050000 -0.965506
v 1.007514 -0.050000 -0.551523
v 1.007514 0.050000 -0.551523
v 0.911838 -0.050000 -0.551523
v 0.911838 0.050000 -0.551523
v 0.873200 -0.050000 -0.965506
v 0.873200 0.050000 -0.965506
v 0.968876 -0.050000 -0.965506
v 0.968876 0.050000 -0.965506
v 1.040173 -0.050000 -0.965506
v 1.040173 0.050000 -0.965506
v 1.036033 -0.050000 -0.896509
v 1.036033 0.050000 -0.896509
v 0.980835 -0.050000 -0.896509
v 0.980835 0.050000 -0.896509
v 0.984975 -0.050000 -0.965506
v 0.984975 0.050000 -0.965506
v 1.017174 -0.050000 -0.917208
v 1.017174 0.050000 -0.917208
v 1.018554 -0.050000 -0.944807
v 1.018554 0.050000 -0.944807
v 1.003834 -0.050000 -0.944807
v 1.003834 0.050000 -0.944807
v 1.002454 -0.050000 -0.917208
v 1.002454 0.050000 -0.917208
v 1.122050 -0.050000 -0.819922
v 1.122050 0.050000 -0.819922
v 1.077891 -0.050000 -0.819922
v 1.077891 0.050000 -0.819922
v 1.086171 -0.050000 -0.965506
v 1.086171 0.050000 -0.965506
v 1.130329 -0.050000 -0.965506
v 1.130329 0.050000 -0.965506
v 1.173568 -0.050000 -0.819922
v 1.173568 0.050000 -0.819922
v 1.129409 -0.050000 -0.819922
v 1.129409 0.050000 -0.819922
v 1.137689 -0.050000 -0.965506
v 1.137689 0.050000 -0.965506
v 1.181847 -0.050000 -0.965506
v 1.181847 0.050000 -0.965506
vn -0.0000 1.0000 -0.0000
vn -0.0000 -1.0000 -0.0000
vn -0.8528 -0.0000 0.5222
vn 0.8092 -0.0000 0.5875
vn -0.8092 -0.0000 -0.5875
vn -0.8529 0.0001 0.5221
vn 0.8528 -0.0000 -0.5222
vn 0.8529 -0.0000 -0.5221
vn -0.8532 -0.0000 0.5216
vn 0.8079 -0.0000 0.5894
vn -0.8088 -0.0000 -0.5880
vn -0.8532 0.0001 0.5216
vn 0.8533 -0.0000 -0.5213
vn 0.8534 -0.0000 -0.5213
vn 0.8524 -0.0000 -0.5229
vn 0.8098 -0.0000 0.5868
vn 0.8079 -0.0001 0.5893
vn 0.8098 -0.0000 0.5867
vn 0.8079 -0.0000 0.5893
vn 0.8540 -0.0000 -0.5203
vn -0.8540 -0.0000 0.5203
vn -0.8079 -0.0000 -0.5893
vn -0.8079 -0.0000 -0.5894
vn 0.8540 0.0001 -0.5203
vn -0.8540 0.0001 0.5203
vn -0.8936 -0.0000 0.4489
vn 0.7490 -0.0000 0.6626
vn -0.7490 -0.0000 -0.6626
vn -0.8936 -0.0000 0.4490
vn 0.8936 -0.0000 -0.4489
vn 0.8936 -0.0000 -0.4490
vn -0.7937 -0.0000 0.6084
vn 0.8651 -0.0000 0.5016
vn -0.8651 -0.0001 -0.5016
vn -0.7936 -0.0000 0.6084
vn 0.7937 -0.0000 -0.6084
vn -0.8651 -0.0000 -0.5016
vn 0.7936 0.0001 -0.6084
vn 0.8539 -0.0000 -0.5204
vn -0.8539 -0.0000 0.5204
vn -0.8504 -0.0000 0.5261
vn -0.8121 -0.0000 -0.5835
vn 0.8121 -0.0000 0.5835
vn -0.8505 -0.0000 0.5260
vn 0.8504 -0.0000 -0.5261
vn 0.8505 -0.0000 -0.5260
vn -0.8529 -0.0000 0.5221
vt 0.285714 0.000000
vt 0.142857 0.000000
vt 0.000000 0.000000
vt 0.571429 0.000000
vt 1.000000 0.000000
vt 0.857143 0.000000
vt 0.714286 0.000000
vt 0.428571 0.000000
vt 0.133333 0.000000
vt 0.066667 0.000000
vt 0.200000 0.000000
vt 0.400000 0.000000
vt 0.333333 0.000000
vt 0.466667 0.000000
vt 0.733333 0.000000
vt 0.933333 0.000000
vt 0.866667 0.000000
vt 0.800000 0.000000
vt 0.600000 0.000000
vt 0.533333 0.000000
vt 0.666667 0.000000
vt 0.266667 0.000000
vt 0.250000 1.000000
vt 0.000000 1.000000
vt 0.500000 1.000000
vt 0.250000 0.000000
vt 0.750000 1.000000
vt 0.500000 0.000000
vt 1.000000 1.000000
vt 0.750000 0.000000
vt 0.125000 1.000000
vt 0.125000 0.000000
vt 0.375000 1.000000
vt 0.375000 0.000000
vt 0.625000 1.000000
vt 0.625000 0.000000
vt 0.875000 1.000000
vt 0.875000 0.000000
s 1
usemtl Material.038
f 2596/938/934 2595/939/934 2594/940/934
f 2598/941/934 2601/942/934 2600/943/934
f 2598/941/934 2600/943/934 2599/944/934
f 2596/938/934 2594/940/934 2597/945/934
f 2604/946/934 2603/947/934 2602/940/934
f 2602/940/934 2605/948/934 2604/946/934
f 2608/949/934 2607/950/934 2609/951/934
f 2613/952/934 2617/942/934 2616/953/934
f 2615/954/934 2614/955/934 2611/956/934
f 2611/956/934 2610/957/934 2615/954/934
f 2611/956/934 2614/955/934 2617/942/934
f 2613/952/934 2616/953/934 2615/954/934
f 2615/954/934 2610/957/934 2613/952/934
f 2611/956/934 2617/942/934 2612/958/934
f 2617/942/934 2613/952/934 2612/958/934
f 2607/950/934 2606/959/934 2609/951/934
f 2618/940/934 2625/951/934 2619/947/934
f 2620/946/934 2619/947/934 2625/951/934
f 2620/946/934 2625/951/934 2622/959/934
f 2622/959/934 2621/948/934 2620/946/934
f 2629/952/934 2628/958/934 2627/956/934
f 2627/956/934 2626/957/934 2629/952/934
f 2622/959/934 2625/951/934 2624/949/934
f 2624/949/934 2623/950/934 2622/959/934
f 2633/942/934 2632/953/934 2631/954/934
f 2631/954/934 2630/955/934 2633/942/934
f 2636/938/934 2635/939/934 2634/940/934
f 2638/941/934 2641/942/934 2640/943/934
f 2638/941/934 2640/943/934 2639/944/934
f 2636/938/934 2634/940/934 2637/945/934
f 2644/938/935 2642/940/935 2643/939/935
f 2646/941/935 2648/943/935 2649/942/935
f 2646/941/935 2647/944/935 2648/943/935
f 2644/938/935 2645/945/935 2642/940/935
f 2652/946/935 2650/940/935 2651/947/935
f 2650/940/935 2652/946/935 2653/948/935
f 2656/949/935 2657/951/935 2655/950/935
f 2661/952/935 2664/953/935 2665/942/935
f 2663/954/935 2659/956/935 2662/955/935
f 2659/956/935 2663/954/935 2658/957/935
f 2659/956/935 2665/942/935 2662/955/935
f 2661/952/935 2663/954/935 2664/953/935
f 2663/954/935 2661/952/935 2658/957/935
f 2659/956/935 2660/958/935 2665/942/935
f 2665/942/935 2660/958/935 2661/952/935
f 2655/950/935 2657/951/935 2654/959/935
f 2666/940/935 2667/947/935 2673/951/935
f 2668/946/935 2673/951/935 2667/947/935
f 2668/946/935 2670/959/935 2673/951/935
f 2670/959/935 2668/946/935 2669/948/935
f 2677/952/935 2675/956/935 2676/958/935
f 2675/956/935 2677/952/935 2674/957/935
f 2670/959/935 2672/949/935 2673/951/935
f 2672/949/935 2670/959/935 2671/950/935
f 2681/942/935 2679/954/935 2680/953/935
f 2679/954/935 2681/942/935 2678/955/935
f 2684/938/935 2682/940/935 2683/939/935
f 2686/941/935 2688/943/935 2689/942/935
f 2686/941/935 2687/944/935 2688/943/935
f 2684/938/935 2685/945/935 2682/940/935
f 2693/960/936 2690/940/937 2691/961/937
f 2695/962/938 2692/963/939 2693/960/936
f 2697/964/940 2694/965/938 2695/962/938
f 2691/966/937 2696/967/941 2697/964/940
f 2701/960/936 2698/940/937 2699/961/937
f 2703/962/938 2700/963/939 2701/960/936
f 2705/964/940 2702/965/938 2703/962/938
f 2699/966/937 2704/967/941 2705/964/940
f 2709/968/942 2706/940/943 2707/961/943
f 2711/960/944 2708/969/945 2709/968/942
f 2713/970/946 2710/963/944 2711/960/944
f 2715/962/947 2712/971/947 2713/970/946
f 2717/972/948 2714/965/947 2715/962/947
f 2719/964/949 2716/973/948 2717/972/948
f 2721/974/950 2718/967/951 2719/964/949
f 2707/966/943 2720/975/952 2721/974/950
f 2725/960/952 2722/940/953 2723/961/953
f 2727/962/954 2724/963/943 2725/960/952
f 2729/964/955 2726/965/954 2727/962/954
f 2723/966/953 2728/967/956 2729/964/955
f 2733/960/952 2730/940/957 2731/961/953
f 2735/962/954 2732/963/943 2733/960/952
f 2737/964/955 2734/965/958 2735/962/954
f 2731/966/953 2736/967/956 2737/964/955
f 2741/960/959 2738/940/960 2739/961/960
f 2743/962/961 2740/963/962 2741/960/959
f 2745/964/963 2742/965/961 2743/962/961
f 2739/966/960 2744/967/964 2745/964/963
f 2749/960/965 2746/940/966 2747/961/966
f 2751/962/967 2748/963/968 2749/960/965
f 2753/964/969 2750/965/970 2751/962/967
f 2747/966/966 2752/967/971 2753/964/969
f 2757/960/952 2754/940/953 2755/961/972
f 2759/962/973 2756/963/952 2757/960/952
f 2761/964/955 2758/965/958 2759/962/973
f 2755/966/972 2760/967/955 2761/964/955
f 2765/960/974 2762/940/975 2763/961/975
f 2767/962/976 2764/963/977 2765/960/974
f 2769/964/978 2766/965/976 2767/962/976
f 2763/966/975 2768/967/979 2769/964/978
f 2773/960/936 2770/940/937 2771/961/937
f 2775/962/938 2772/963/980 2773/960/936
f 2777/964/940 2774/965/938 2775/962/938
f 2771/966/937 2776/967/941 2777/964/940
f 2781/960/936 2778/940/937 2779/961/937
f 2783/962/938 2780/963/980 2781/960/936
f 2785/964/940 2782/965/938 2783/962/938
f 2779/966/937 2784/967/941 2785/964/940
f 2693/960/936 2692/963/939 2690/940/937
f 2695/962/938 2694/965/938 2692/963/939
f 2697/964/940 2696/967/941 2694/965/938
f 2691/966/937 2690/942/937 2696/967/941
f 2701/960/936 2700/963/939 2698/940/937
f 2703/962/938 2702/965/938 2700/963/939
f 2705/964/940 2704/967/941 2702/965/938
f 2699/966/937 2698/942/937 2704/967/941
f 2709/968/942 2708/969/945 2706/940/943
f 2711/960/944 2710/963/944 2708/969/945
f 2713/970/946 2712/971/947 2710/963/944
f 2715/962/947 2714/965/947 2712/971/947
f 2717/972/948 2716/973/948 2714/965/947
f 2719/964/949 2718/967/951 2716/973/948
f 2721/974/950 2720/975/952 2718/967/951
f 2707/966/943 2706/942/943 2720/975/952
f 2725/960/952 2724/963/943 2722/940/953
f 2727/962/954 2726/965/954 2724/963/943
f 2729/964/955 2728/967/956 2726/965/954
f 2723/966/953 2722/942/953 2728/967/956
f 2733/960/952 2732/963/943 2730/940/957
f 2735/962/954 2734/965/958 2732/963/943
f 2737/964/955 2736/967/956 2734/965/958
f 2731/966/953 2730/942/957 2736/967/956
f 2741/960/959 2740/963/962 2738/940/960
f 2743/962/961 2742/965/961 2740/963/962
f 2745/964/963 2744/967/964 2742/965/961
f 2739/966/960 2738/942/960 2744/967/964
f 2749/960/965 2748/963/968 2746/940/966
f 2751/962/967 2750/965/970 2748/963/968
f 2753/964/969 2752/967/971 2750/965/970
f 2747/966/966 2746/942/966 2752/967/971
f 2757/960/952 2756/963/952 2754/940/953
f 2759/962/973 2758/965/958 2756/963/952
f 2761/964/955 2760/967/955 2758/965/958
f 2755/966/972 2754/942/953 2760/967/955
f 2765/960/974 2764/963/977 2762/940/975
f 2767/962/976 2766/965/976 2764/963/977
f 2769/964/978 2768/967/979 2766/965/976
f 2763/966/975 2762/942/975 2768/967/979
f 2773/960/936 2772/963/980 2770/940/937
f 2775/962/938 2774/965/938 2772/963/980
f 2777/964/940 2776/967/941 2774/965/938
f 2771/966/937 2770/942/937 2776/967/941
f 2781/960/936 2780/963/980 2778/940/937
f 2783/962/938 2782/965/938 2780/963/980
f 2785/964/940 2784/967/941 2782/965/938
f 2779/966/937 2778/942/937 2784/967/941
