# Blender 5.2.1 LTS
# www.blender.org
mtllib tutorialText1.mtl
o Sphere
v -3.319690 0.313279 -0.020585
v -3.319690 0.313279 -0.020585
v -3.319690 0.313279 -0.020585
v -3.319690 0.313279 -0.020585
v -3.319690 0.313279 -0.020585
v -3.319690 0.058147 -0.490962
v -3.319690 0.058147 -0.490962
v -3.319690 0.058147 -0.490962
v -3.319690 0.058147 -0.490962
v -3.002203 -0.012921 -0.100814
v -3.002203 -0.012921 -0.100814
v -3.002203 -0.012921 -0.100814
v -3.002203 -0.012921 -0.100814
v -3.002203 -0.012921 -0.100814
v -3.002203 -0.012921 -0.100814
v -3.002203 -0.012921 -0.100814
v -3.319690 -0.039473 0.531723
v -3.319690 -0.039473 0.531723
v -3.319690 -0.039473 0.531723
v -3.319690 -0.039473 0.531723
v -3.319690 -0.039473 0.531723
v -3.319690 -0.039473 0.531723
v -3.319690 -0.039473 0.531723
v -3.319690 -0.230890 -0.072528
v -3.319690 -0.230890 -0.072528
v -3.319690 -0.230890 -0.072528
v -3.319690 -0.230890 -0.072528
v -3.319690 -0.230890 -0.072528
v -3.319690 -0.230890 -0.072528
v -3.611872 0.153916 0.132026
v -3.611872 0.153916 0.132026
v -3.611872 0.153916 0.132026
v -3.611872 0.153916 0.132026
v -3.611872 0.153916 0.132026
v -3.124595 -0.199745 0.096493
v -3.124595 -0.199745 0.096493
v -3.124595 -0.199745 0.096493
v -3.057606 0.154633 0.123378
v -3.057606 0.154633 0.123378
v -3.057606 0.154633 0.123378
v -3.581378 -0.121592 -0.184984
v -3.581378 -0.121592 -0.184984
v -3.581378 -0.121592 -0.184984
v -3.581378 -0.121592 -0.184984
v -3.322728 0.058264 -0.486868
v -3.322728 0.058264 -0.486868
v -3.322728 0.058264 -0.486868
v -3.322728 0.058264 -0.486868
v -3.319690 0.059789 -0.487935
v -3.319690 0.059789 -0.487935
v -3.319690 0.059789 -0.487935
v -3.319690 0.059789 -0.487935
v -3.607023 -0.215878 0.172994
v -3.607023 -0.215878 0.172994
v -3.607023 -0.215878 0.172994
v -3.607023 -0.215878 0.172994
vn 0.6163 0.6922 -0.3755
vn 0.2097 0.8240 0.5263
vn 0.4573 -0.7317 -0.5054
vn 0.8896 -0.1164 0.4416
vn -0.1045 -0.8159 -0.5686
vn -0.1045 -0.8159 -0.5687
vn -0.2733 -0.9252 -0.2633
vn -0.5199 0.7509 -0.4073
vn -0.1757 0.8297 0.5299
vn -0.1088 -0.9477 0.3002
vn 0.8630 -0.2786 0.4215
vn 0.6206 0.6939 -0.3652
vn 0.4874 -0.7646 -0.4217
vn -0.9968 -0.0216 -0.0771
vn -0.5881 0.7112 -0.3851
vn -0.5885 0.7108 -0.3853
vn -0.7983 0.4145 -0.4370
vn 0.2039 -0.9333 0.2957
vn -0.7927 0.0568 0.6070
vt 0.750000 0.500212
vt 0.500000 0.500212
vt 0.625804 0.035351
vt 0.625000 0.032340
vt 0.750000 0.517319
vt 0.625000 0.977472
vt 0.637462 0.517319
vt 0.250000 0.500212
vt 0.375000 0.032340
vt 0.500000 0.517319
vt 0.375000 0.977472
vt 0.361167 0.517319
vt 0.125000 0.032340
vt 0.140581 0.500212
vt 0.124169 0.035452
vt 0.250000 0.517319
vt 0.136348 0.642329
vt 0.140581 0.517319
vt 0.875000 0.032340
vt 0.875831 0.035452
vt 0.874196 0.035351
vt 1.000000 0.517319
vt 0.875000 0.977472
vt 0.637462 0.500212
vt 0.361167 0.500212
vt 0.000000 0.517319
vt 1.000000 0.500212
vt 0.000000 0.500212
vt 0.125000 0.977472
s 0
usemtl マテリアル
f 2/1/1 12/2/1 49/3/1
f 13/2/1 7/4/1 50/3/1
f 1/5/2 18/6/2 38/7/2
f 10/2/3 25/8/3 6/9/3
f 16/10/4 20/11/4 36/12/4
s 1
f 8/13/5 27/8/6 41/14/6
f 8/13/5 41/14/6 45/15/5
s 0
f 29/16/7 54/17/7 42/18/7
f 9/19/8 46/20/8 51/21/8
f 30/22/9 22/23/9 4/5/9
f 37/12/10 21/11/10 28/16/10
f 40/7/11 19/6/11 15/10/11
f 3/1/12 39/24/12 14/2/12
f 11/2/13 35/25/13 26/8/13
f 44/18/14 56/17/14 34/26/14
s 1
f 52/21/15 47/20/15 31/27/16
f 52/21/15 31/27/16 5/1/15
s 0
f 48/15/17 43/14/17 33/28/17
f 53/17/18 24/16/18 17/29/18
f 32/26/19 55/17/19 23/29/19
o Text.001
v -3.966677 0.050000 -0.153974
v -4.138894 0.050000 -0.153974
v -4.135904 0.050000 -0.208252
v -3.963687 0.050000 -0.208252
v -3.959501 0.050000 -0.275410
v -3.837514 0.050000 -0.275410
v -3.841700 0.050000 -0.208252
v -3.781903 0.050000 -0.208252
v -3.784893 0.050000 -0.153974
v -3.844690 0.050000 -0.153974
v -3.856051 0.050000 0.045658
v -3.796254 0.050000 0.045658
v -3.799244 0.050000 0.099935
v -3.859639 0.050000 0.099935
v -3.869207 0.050000 0.265529
v -4.157432 0.050000 0.265529
v -4.145472 0.050000 0.045658
v -3.978039 0.050000 0.045658
v -4.195104 0.050000 0.265529
v -4.326659 0.050000 0.265529
v -4.295564 0.050000 -0.275410
v -4.164009 0.050000 -0.275410
v -4.051590 0.050000 0.211251
v -3.988204 0.050000 0.211251
v -3.981627 0.050000 0.099935
v -4.045012 0.050000 0.099935
v -4.760789 0.050000 0.265529
v -4.892344 0.050000 0.265529
v -4.882776 0.050000 0.095336
v -4.939584 0.050000 0.119255
v -4.935996 0.050000 0.058537
v -4.879189 0.050000 0.034618
v -4.868425 0.050000 -0.154894
v -4.923439 0.050000 -0.154894
v -4.920449 0.050000 -0.208252
v -4.864837 0.050000 -0.208252
v -4.861249 0.050000 -0.275410
v -4.729694 0.050000 -0.275410
v -4.736870 0.050000 -0.148455
v -4.553889 0.050000 -0.208252
v -4.431902 0.050000 -0.208252
v -4.457615 0.050000 0.211251
v -4.418747 0.050000 0.211251
v -4.421737 0.050000 0.265529
v -4.582592 0.050000 0.265529
v -4.558673 0.050000 -0.132815
v -4.741056 0.050000 -0.076697
v -5.050210 0.050000 -0.185253
v -5.502878 0.050000 -0.185253
v -5.499887 0.050000 -0.238611
v -5.047220 0.050000 -0.238611
v -5.407799 0.050000 0.212171
v -5.056190 0.050000 0.212171
v -5.059179 0.050000 0.265529
v -5.542344 0.050000 0.265529
v -5.534570 0.050000 0.130294
v -5.403016 0.050000 0.130294
v -3.966677 -0.050000 -0.153974
v -4.138894 -0.050000 -0.153974
v -4.135904 -0.050000 -0.208252
v -3.963687 -0.050000 -0.208252
v -3.959501 -0.050000 -0.275410
v -3.837514 -0.050000 -0.275410
v -3.841700 -0.050000 -0.208252
v -3.781903 -0.050000 -0.208252
v -3.784893 -0.050000 -0.153974
v -3.844690 -0.050000 -0.153974
v -3.856051 -0.050000 0.045658
v -3.796254 -0.050000 0.045658
v -3.799244 -0.050000 0.099935
v -3.859639 -0.050000 0.099935
v -3.869207 -0.050000 0.265529
v -4.157432 -0.050000 0.265529
v -4.145472 -0.050000 0.045658
v -3.978039 -0.050000 0.045658
v -4.195104 -0.050000 0.265529
v -4.326659 -0.050000 0.265529
v -4.295564 -0.050000 -0.275410
v -4.164009 -0.050000 -0.275410
v -4.051590 -0.050000 0.211251
v -3.988204 -0.050000 0.211251
v -3.981627 -0.050000 0.099935
v -4.045012 -0.050000 0.099935
v -4.760789 -0.050000 0.265529
v -4.892344 -0.050000 0.265529
v -4.882776 -0.050000 0.095336
v -4.939584 -0.050000 0.119255
v -4.935996 -0.050000 0.058537
v -4.879189 -0.050000 0.034618
v -4.868425 -0.050000 -0.154894
v -4.923439 -0.050000 -0.154894
v -4.920449 -0.050000 -0.208252
v -4.864837 -0.050000 -0.208252
v -4.861249 -0.050000 -0.275410
v -4.729694 -0.050000 -0.275410
v -4.736870 -0.050000 -0.148455
v -4.553889 -0.050000 -0.208252
v -4.431902 -0.050000 -0.208252
v -4.457615 -0.050000 0.211251
v -4.418747 -0.050000 0.211251
v -4.421737 -0.050000 0.265529
v -4.582592 -0.050000 0.265529
v -4.558673 -0.050000 -0.132815
v -4.741056 -0.050000 -0.076697
v -5.050210 -0.050000 -0.185253
v -5.502878 -0.050000 -0.185253
v -5.499887 -0.050000 -0.238611
v -5.047220 -0.050000 -0.238611
v -5.407799 -0.050000 0.212171
v -5.056190 -0.050000 0.212171
v -5.059179 -0.050000 0.265529
v -5.542344 -0.050000 0.265529
v -5.534570 -0.050000 0.130294
v -5.403016 -0.050000 0.130294
v -5.050210 -0.050000 -0.185253
v -5.050210 0.050000 -0.185253
v -5.502878 -0.050000 -0.185253
v -5.502878 0.050000 -0.185253
v -5.499887 -0.050000 -0.238611
v -5.499887 0.050000 -0.238611
v -5.047220 -0.050000 -0.238611
v -5.047220 0.050000 -0.238611
v -5.407799 -0.050000 0.212171
v -5.407799 0.050000 0.212171
v -5.056190 -0.050000 0.212171
v -5.056190 0.050000 0.212171
v -5.059179 -0.050000 0.265529
v -5.059179 0.050000 0.265529
v -5.542344 -0.050000 0.265529
v -5.542344 0.050000 0.265529
v -5.534570 -0.050000 0.130294
v -5.534570 0.050000 0.130294
v -5.403016 -0.050000 0.130294
v -5.403016 0.050000 0.130294
v -4.760789 -0.050000 0.265529
v -4.760789 0.050000 0.265529
v -4.892344 -0.050000 0.265529
v -4.892344 0.050000 0.265529
v -4.882776 -0.050000 0.095336
v -4.882776 0.050000 0.095336
v -4.939584 -0.050000 0.119255
v -4.939584 0.050000 0.119255
v -4.935996 -0.050000 0.058537
v -4.935996 0.050000 0.058537
v -4.879189 -0.050000 0.034618
v -4.879189 0.050000 0.034618
v -4.868425 -0.050000 -0.154894
v -4.868425 0.050000 -0.154894
v -4.923439 -0.050000 -0.154894
v -4.923439 0.050000 -0.154894
v -4.920449 -0.050000 -0.208252
v -4.920449 0.050000 -0.208252
v -4.864837 -0.050000 -0.208252
v -4.864837 0.050000 -0.208252
v -4.861249 -0.050000 -0.275410
v -4.861249 0.050000 -0.275410
v -4.729694 -0.050000 -0.275410
v -4.729694 0.050000 -0.275410
v -4.736870 -0.050000 -0.148455
v -4.736870 0.050000 -0.148455
v -4.553889 -0.050000 -0.208252
v -4.553889 0.050000 -0.208252
v -4.431902 -0.050000 -0.208252
v -4.431902 0.050000 -0.208252
v -4.457615 -0.050000 0.211251
v -4.457615 0.050000 0.211251
v -4.418747 -0.050000 0.211251
v -4.418747 0.050000 0.211251
v -4.421737 -0.050000 0.265529
v -4.421737 0.050000 0.265529
v -4.582592 -0.050000 0.265529
v -4.582592 0.050000 0.265529
v -4.558673 -0.050000 -0.132815
v -4.558673 0.050000 -0.132815
v -4.741056 -0.050000 -0.076697
v -4.741056 0.050000 -0.076697
v -3.966677 -0.050000 -0.153974
v -3.966677 0.050000 -0.153974
v -4.138894 -0.050000 -0.153974
v -4.138894 0.050000 -0.153974
v -4.135904 -0.050000 -0.208252
v -4.135904 0.050000 -0.208252
v -3.963687 -0.050000 -0.208252
v -3.963687 0.050000 -0.208252
v -3.959501 -0.050000 -0.275410
v -3.959501 0.050000 -0.275410
v -3.837514 -0.050000 -0.275410
v -3.837514 0.050000 -0.275410
v -3.841700 -0.050000 -0.208252
v -3.841700 0.050000 -0.208252
v -3.781903 -0.050000 -0.208252
v -3.781903 0.050000 -0.208252
v -3.784893 -0.050000 -0.153974
v -3.784893 0.050000 -0.153974
v -3.844690 -0.050000 -0.153974
v -3.844690 0.050000 -0.153974
v -3.856051 -0.050000 0.045658
v -3.856051 0.050000 0.045658
v -3.796254 -0.050000 0.045658
v -3.796254 0.050000 0.045658
v -3.799244 -0.050000 0.099935
v -3.799244 0.050000 0.099935
v -3.859639 -0.050000 0.099935
v -3.859639 0.050000 0.099935
v -3.869207 -0.050000 0.265529
v -3.869207 0.050000 0.265529
v -4.157432 -0.050000 0.265529
v -4.157432 0.050000 0.265529
v -4.145472 -0.050000 0.045658
v -4.145472 0.050000 0.045658
v -3.978039 -0.050000 0.045658
v -3.978039 0.050000 0.045658
v -4.195104 -0.050000 0.265529
v -4.195104 0.050000 0.265529
v -4.326659 -0.050000 0.265529
v -4.326659 0.050000 0.265529
v -4.295564 -0.050000 -0.275410
v -4.295564 0.050000 -0.275410
v -4.164009 -0.050000 -0.275410
v -4.164009 0.050000 -0.275410
v -4.051590 -0.050000 0.211251
v -4.051590 0.050000 0.211251
v -3.988204 -0.050000 0.211251
v -3.988204 0.050000 0.211251
v -3.981627 -0.050000 0.099935
v -3.981627 0.050000 0.099935
v -4.045012 -0.050000 0.099935
v -4.045012 0.050000 0.099935
vn -0.0000 1.0000 -0.0000
vn -0.0000 -1.0000 -0.0000
vn -0.8589 -0.0000 0.5122
vn 0.8160 -0.0000 0.5781
vn -0.8160 -0.0000 -0.5781
vn 0.8589 -0.0000 -0.5122
vn 0.8597 -0.0000 -0.5108
vn -0.8594 -0.0000 0.5114
vn -0.8154 -0.0000 -0.5789
vn -0.8589 -0.0000 0.5121
vn 0.8153 -0.0000 0.5790
vn 0.8153 -0.0000 0.5791
vn -0.7886 -0.0000 0.6149
vn -0.7899 -0.0000 0.6132
vn -0.8783 -0.0000 -0.4781
vn -0.7900 -0.0000 0.6132
vn -0.8790 -0.0000 -0.4768
vn -0.8591 -0.0000 0.5118
vn -0.8171 -0.0000 -0.5766
vn -0.8171 -0.0000 -0.5765
vn 0.8590 -0.0000 -0.5119
vn 0.8058 -0.0000 -0.5922
vn -0.1595 -0.0000 -0.9872
vn 0.8607 -0.0000 -0.5092
vn 0.8585 -0.0000 -0.5128
vn 0.8164 -0.0000 0.5775
vn -0.8603 -0.0000 0.5099
vn -0.8106 -0.0000 0.5856
vn -0.8602 -0.0000 0.5099
vn 0.8640 -0.0000 0.5035
vn -0.8107 -0.0000 0.5855
vn -0.8585 -0.0000 0.5127
vn -0.8592 -0.0000 0.5117
vn -0.8164 -0.0000 -0.5775
vn -0.8585 -0.0000 0.5128
vn -0.8134 -0.0000 -0.5818
vn -0.8133 -0.0000 -0.5818
vn 0.8610 -0.0000 -0.5086
vn 0.8156 -0.0000 0.5786
vn 0.8592 -0.0000 -0.5117
vn 0.8152 -0.0000 0.5791
vn -0.8583 -0.0000 0.5131
vn -0.8167 -0.0000 -0.5771
vn -0.8583 -0.0000 0.5132
vn -0.8156 -0.0000 -0.5786
vn 0.8154 -0.0000 0.5789
vn 0.8594 -0.0000 -0.5114
vn -0.8147 -0.0000 -0.5799
vn 0.8599 -0.0000 -0.5105
vn 0.8599 -0.0000 -0.5104
vn -0.8599 -0.0000 0.5104
vn 0.8147 -0.0000 0.5799
vn -0.8599 -0.0000 0.5105
vt 0.960000 0.000000
vt 0.680000 0.000000
vt 1.000000 0.000000
vt 0.920000 0.000000
vt 0.880000 0.000000
vt 0.600000 0.000000
vt 0.640000 0.000000
vt 0.800000 0.000000
vt 0.760000 0.000000
vt 0.720000 0.000000
vt 0.240000 0.000000
vt 0.360000 0.000000
vt 0.320000 0.000000
vt 0.280000 0.000000
vt 0.400000 0.000000
vt 0.520000 0.000000
vt 0.480000 0.000000
vt 0.440000 0.000000
vt 0.000000 0.000000
vt 0.120000 0.000000
vt 0.160000 0.000000
vt 0.200000 0.000000
vt 0.560000 0.000000
vt 0.080000 0.000000
vt 0.040000 0.000000
vt 0.840000 0.000000
vt 0.150000 0.000000
vt 0.100000 0.000000
vt 0.250000 0.000000
vt 0.350000 0.000000
vt 0.300000 0.000000
vt 0.450000 0.000000
vt 0.850000 0.000000
vt 0.750000 0.000000
vt 0.950000 0.000000
vt 0.700000 0.000000
vt 0.650000 0.000000
vt 0.900000 0.000000
vt 0.050000 0.000000
vt 0.550000 0.000000
vt 0.500000 0.000000
vt 0.888889 0.000000
vt 0.777778 0.000000
vt 0.444444 0.000000
vt 0.666667 0.000000
vt 0.555556 0.000000
vt 0.222222 0.000000
vt 0.111111 0.000000
vt 0.333333 0.000000
vt 0.250000 1.000000
vt 0.000000 1.000000
vt 0.500000 1.000000
vt 0.750000 1.000000
vt 1.000000 1.000000
vt 0.166667 1.000000
vt 0.333333 1.000000
vt 0.166667 0.000000
vt 0.666667 1.000000
vt 0.833333 1.000000
vt 0.833333 0.000000
vt 0.047619 1.000000
vt 0.095238 1.000000
vt 0.047619 0.000000
vt 0.142857 1.000000
vt 0.095238 0.000000
vt 0.190476 1.000000
vt 0.142857 0.000000
vt 0.238095 1.000000
vt 0.190476 0.000000
vt 0.285714 1.000000
vt 0.238095 0.000000
vt 0.285714 0.000000
vt 0.380952 1.000000
vt 0.428571 1.000000
vt 0.380952 0.000000
vt 0.476190 1.000000
vt 0.428571 0.000000
vt 0.523810 1.000000
vt 0.476190 0.000000
vt 0.571429 1.000000
vt 0.523810 0.000000
vt 0.619048 1.000000
vt 0.571429 0.000000
vt 0.619048 0.000000
vt 0.714286 1.000000
vt 0.761905 1.000000
vt 0.714286 0.000000
vt 0.809524 1.000000
vt 0.761905 0.000000
vt 0.857143 1.000000
vt 0.809524 0.000000
vt 0.904762 1.000000
vt 0.857143 0.000000
vt 0.952381 1.000000
vt 0.904762 0.000000
vt 0.952381 0.000000
vt 0.055556 1.000000
vt 0.111111 1.000000
vt 0.055556 0.000000
vt 0.222222 1.000000
vt 0.277778 1.000000
vt 0.277778 0.000000
vt 0.388889 1.000000
vt 0.444444 1.000000
vt 0.388889 0.000000
vt 0.555556 1.000000
vt 0.611111 1.000000
vt 0.611111 0.000000
vt 0.722222 1.000000
vt 0.777778 1.000000
vt 0.722222 0.000000
vt 0.888889 1.000000
vt 0.944444 1.000000
vt 0.944444 0.000000
s 0
usemtl Material.006
f 81/30/20 74/31/20 82/32/20
f 80/33/20 79/34/20 72/35/20
f 73/36/20 72/35/20 79/34/20
f 79/34/20 82/32/20 73/36/20
f 82/32/20 74/31/20 73/36/20
f 77/37/20 76/38/20 75/39/20
f 63/40/20 66/41/20 65/42/20
f 65/42/20 64/43/20 63/40/20
f 67/44/20 70/45/20 69/46/20
f 69/46/20 68/47/20 67/44/20
f 57/48/20 67/44/20 66/41/20
f 60/49/20 57/48/20 66/41/20
f 66/41/20 63/40/20 60/49/20
f 61/50/20 60/49/20 63/40/20
f 63/40/20 62/51/20 61/50/20
f 80/33/20 72/35/20 71/52/20
f 71/52/20 70/45/20 80/33/20
f 81/30/20 80/33/20 70/45/20
f 74/31/20 81/30/20 70/45/20
f 70/45/20 67/44/20 74/31/20
f 67/44/20 57/48/20 74/31/20
f 59/53/20 58/54/20 57/48/20
f 57/48/20 60/49/20 59/53/20
f 78/55/20 77/37/20 75/39/20
f 87/51/20 86/56/20 85/57/20
f 85/57/20 88/58/20 87/51/20
f 91/44/20 90/59/20 89/60/20
f 89/60/20 92/61/20 91/44/20
f 100/62/20 99/37/20 98/63/20
f 102/64/20 98/63/20 97/65/20
f 96/66/20 102/64/20 97/65/20
f 100/62/20 98/63/20 101/67/20
f 98/63/20 102/64/20 101/67/20
f 95/35/20 103/32/20 102/64/20
f 102/64/20 96/66/20 95/35/20
f 85/57/20 84/68/20 83/48/20
f 83/48/20 103/32/20 85/57/20
f 88/58/20 85/57/20 103/32/20
f 89/60/20 88/58/20 103/32/20
f 103/32/20 95/35/20 89/60/20
f 92/61/20 89/60/20 95/35/20
f 95/35/20 94/69/20 92/61/20
f 93/70/20 92/61/20 94/69/20
f 112/71/20 111/72/20 108/73/20
f 108/73/20 111/72/20 110/74/20
f 110/74/20 109/75/20 108/73/20
f 112/71/20 108/73/20 113/32/20
f 106/76/20 105/77/20 104/48/20
f 104/48/20 107/78/20 106/76/20
f 138/30/21 139/32/21 131/31/21
f 137/33/21 129/35/21 136/34/21
f 130/36/21 136/34/21 129/35/21
f 136/34/21 130/36/21 139/32/21
f 139/32/21 130/36/21 131/31/21
f 134/37/21 132/39/21 133/38/21
f 120/40/21 122/42/21 123/41/21
f 122/42/21 120/40/21 121/43/21
f 124/44/21 126/46/21 127/45/21
f 126/46/21 124/44/21 125/47/21
f 114/48/21 123/41/21 124/44/21
f 117/49/21 123/41/21 114/48/21
f 123/41/21 117/49/21 120/40/21
f 118/50/21 120/40/21 117/49/21
f 120/40/21 118/50/21 119/51/21
f 137/33/21 128/52/21 129/35/21
f 128/52/21 137/33/21 127/45/21
f 138/30/21 127/45/21 137/33/21
f 131/31/21 127/45/21 138/30/21
f 127/45/21 131/31/21 124/44/21
f 124/44/21 131/31/21 114/48/21
f 116/53/21 114/48/21 115/54/21
f 114/48/21 116/53/21 117/49/21
f 135/55/21 132/39/21 134/37/21
f 144/51/21 142/57/21 143/56/21
f 142/57/21 144/51/21 145/58/21
f 148/44/21 146/60/21 147/59/21
f 146/60/21 148/44/21 149/61/21
f 157/62/21 155/63/21 156/37/21
f 159/64/21 154/65/21 155/63/21
f 153/66/21 154/65/21 159/64/21
f 157/62/21 158/67/21 155/63/21
f 155/63/21 158/67/21 159/64/21
f 152/35/21 159/64/21 160/32/21
f 159/64/21 152/35/21 153/66/21
f 142/57/21 140/48/21 141/68/21
f 140/48/21 142/57/21 160/32/21
f 145/58/21 160/32/21 142/57/21
f 146/60/21 160/32/21 145/58/21
f 160/32/21 146/60/21 152/35/21
f 149/61/21 152/35/21 146/60/21
f 152/35/21 149/61/21 151/69/21
f 150/70/21 151/69/21 149/61/21
f 169/71/21 165/73/21 168/72/21
f 165/73/21 167/74/21 168/72/21
f 167/74/21 165/73/21 166/75/21
f 169/71/21 170/32/21 165/73/21
f 163/76/21 161/48/21 162/77/21
f 161/48/21 163/76/21 164/78/21
s 1
f 174/79/22 171/48/23 172/80/23
f 176/81/24 173/58/22 174/79/22
f 178/82/25 175/70/24 176/81/24
f 172/83/23 177/63/25 178/82/25
f 182/84/25 179/48/26 180/80/26
f 184/85/23 181/86/25 182/84/25
f 186/81/27 183/78/23 184/85/23
f 188/87/28 185/70/27 186/81/27
f 190/88/26 187/74/28 188/87/28
f 180/83/26 189/89/26 190/88/26
f 194/90/29 191/48/30 192/80/31
f 196/91/32 193/92/29 194/90/29
f 198/93/33 195/94/32 196/91/32
f 200/95/34 197/96/35 198/93/33
f 202/97/36 199/98/34 200/95/34
f 204/99/37 201/100/36 202/97/36
f 206/85/22 203/101/37 204/99/37
f 208/102/24 205/78/22 206/85/22
f 210/103/38 207/104/24 208/102/24
f 212/105/39 209/106/39 210/103/38
f 214/107/40 211/108/39 212/105/39
f 216/109/41 213/110/40 214/107/40
f 218/111/42 215/112/41 216/109/41
f 220/87/43 217/113/42 218/111/42
f 222/114/43 219/74/43 220/87/43
f 224/115/44 221/116/43 222/114/43
f 226/117/45 223/118/44 224/115/44
f 228/119/46 225/120/45 226/117/45
f 230/121/47 227/122/48 228/119/46
f 232/123/49 229/124/50 230/121/47
f 192/83/31 231/125/49 232/123/49
f 236/126/51 233/48/52 234/80/52
f 238/127/53 235/128/54 236/126/51
f 240/84/55 237/77/53 238/127/53
f 242/129/56 239/86/56 240/84/55
f 244/130/57 241/76/56 242/129/56
f 246/85/57 243/131/57 244/130/57
f 248/132/44 245/78/57 246/85/57
f 250/133/45 247/134/44 248/132/44
f 252/81/58 249/73/45 250/133/45
f 254/135/59 251/70/58 252/81/58
f 256/136/44 253/75/59 254/135/59
f 258/87/45 255/137/44 256/136/44
f 260/138/60 257/74/45 258/87/45
f 262/139/31 259/140/31 260/138/60
f 264/88/61 261/72/31 262/139/31
f 266/141/62 263/89/63 264/88/61
f 268/142/64 265/71/62 266/141/62
f 234/83/52 267/143/64 268/142/64
f 272/79/27 269/48/65 270/80/65
f 274/81/28 271/58/27 272/79/27
f 276/82/66 273/70/28 274/81/28
f 270/83/65 275/63/66 276/82/66
f 280/79/67 277/48/68 278/80/69
f 282/81/70 279/58/67 280/79/67
f 284/82/71 281/70/72 282/81/70
f 278/83/69 283/63/71 284/82/71
f 174/79/22 173/58/22 171/48/23
f 176/81/24 175/70/24 173/58/22
f 178/82/25 177/63/25 175/70/24
f 172/83/23 171/32/23 177/63/25
f 182/84/25 181/86/25 179/48/26
f 184/85/23 183/78/23 181/86/25
f 186/81/27 185/70/27 183/78/23
f 188/87/28 187/74/28 185/70/27
f 190/88/26 189/89/26 187/74/28
f 180/83/26 179/32/26 189/89/26
f 194/90/29 193/92/29 191/48/30
f 196/91/32 195/94/32 193/92/29
f 198/93/33 197/96/35 195/94/32
f 200/95/34 199/98/34 197/96/35
f 202/97/36 201/100/36 199/98/34
f 204/99/37 203/101/37 201/100/36
f 206/85/22 205/78/22 203/101/37
f 208/102/24 207/104/24 205/78/22
f 210/103/38 209/106/39 207/104/24
f 212/105/39 211/108/39 209/106/39
f 214/107/40 213/110/40 211/108/39
f 216/109/41 215/112/41 213/110/40
f 218/111/42 217/113/42 215/112/41
f 220/87/43 219/74/43 217/113/42
f 222/114/43 221/116/43 219/74/43
f 224/115/44 223/118/44 221/116/43
f 226/117/45 225/120/45 223/118/44
f 228/119/46 227/122/48 225/120/45
f 230/121/47 229/124/50 227/122/48
f 232/123/49 231/125/49 229/124/50
f 192/83/31 191/32/30 231/125/49
f 236/126/51 235/128/54 233/48/52
f 238/127/53 237/77/53 235/128/54
f 240/84/55 239/86/56 237/77/53
f 242/129/56 241/76/56 239/86/56
f 244/130/57 243/131/57 241/76/56
f 246/85/57 245/78/57 243/131/57
f 248/132/44 247/134/44 245/78/57
f 250/133/45 249/73/45 247/134/44
f 252/81/58 251/70/58 249/73/45
f 254/135/59 253/75/59 251/70/58
f 256/136/44 255/137/44 253/75/59
f 258/87/45 257/74/45 255/137/44
f 260/138/60 259/140/31 257/74/45
f 262/139/31 261/72/31 259/140/31
f 264/88/61 263/89/63 261/72/31
f 266/141/62 265/71/62 263/89/63
f 268/142/64 267/143/64 265/71/62
f 234/83/52 233/32/52 267/143/64
f 272/79/27 271/58/27 269/48/65
f 274/81/28 273/70/28 271/58/27
f 276/82/66 275/63/66 273/70/28
f 270/83/65 269/32/65 275/63/66
f 280/79/67 279/58/67 277/48/68
f 282/81/70 281/70/72 279/58/67
f 284/82/71 283/63/71 281/70/72
f 278/83/69 277/32/68 283/63/71
o Text.003
v -2.775531 0.050000 -0.749393
v -2.819690 0.050000 -0.749393
v -2.811410 0.050000 -0.885271
v -2.767252 0.050000 -0.885271
v -2.724013 0.050000 -0.749393
v -2.768172 0.050000 -0.749393
v -2.759892 0.050000 -0.885271
v -2.715734 0.050000 -0.885271
v -3.191815 0.050000 -0.498887
v -3.287491 0.050000 -0.498887
v -3.208374 0.050000 -0.885271
v -3.112698 0.050000 -0.885271
v -2.890067 0.050000 -0.498887
v -2.985743 0.050000 -0.498887
v -3.024382 0.050000 -0.885271
v -2.928705 0.050000 -0.885271
v -2.857408 0.050000 -0.885271
v -2.861548 0.050000 -0.820874
v -2.916746 0.050000 -0.820874
v -2.912606 0.050000 -0.885271
v -2.880407 0.050000 -0.840193
v -2.879027 0.050000 -0.865952
v -2.893747 0.050000 -0.865952
v -2.895127 0.050000 -0.840193
v -3.633857 0.050000 -0.498887
v -3.736433 0.050000 -0.498887
v -3.712514 0.050000 -0.885271
v -3.609478 0.050000 -0.885271
v -3.619138 0.050000 -0.730717
v -3.359708 0.050000 -0.730717
v -3.362008 0.050000 -0.692079
v -3.621438 0.050000 -0.692079
v -3.328429 0.050000 -0.885271
v -3.332569 0.050000 -0.820874
v -3.352808 0.050000 -0.820874
v -3.348669 0.050000 -0.885271
v -3.363388 0.050000 -0.885271
v -3.367528 0.050000 -0.820874
v -3.387767 0.050000 -0.820874
v -3.383627 0.050000 -0.885271
v -3.859248 0.050000 -0.749393
v -3.903406 0.050000 -0.749393
v -3.895127 0.050000 -0.885271
v -3.850968 0.050000 -0.885271
v -3.807730 0.050000 -0.749393
v -3.851888 0.050000 -0.749393
v -3.843609 0.050000 -0.885271
v -3.799450 0.050000 -0.885271
v -2.775531 -0.050000 -0.749393
v -2.819690 -0.050000 -0.749393
v -2.811410 -0.050000 -0.885271
v -2.767252 -0.050000 -0.885271
v -2.724013 -0.050000 -0.749393
v -2.768172 -0.050000 -0.749393
v -2.759892 -0.050000 -0.885271
v -2.715734 -0.050000 -0.885271
v -3.191815 -0.050000 -0.498887
v -3.287491 -0.050000 -0.498887
v -3.208374 -0.050000 -0.885271
v -3.112698 -0.050000 -0.885271
v -2.890067 -0.050000 -0.498887
v -2.985743 -0.050000 -0.498887
v -3.024382 -0.050000 -0.885271
v -2.928705 -0.050000 -0.885271
v -2.857408 -0.050000 -0.885271
v -2.861548 -0.050000 -0.820874
v -2.916746 -0.050000 -0.820874
v -2.912606 -0.050000 -0.885271
v -2.880407 -0.050000 -0.840193
v -2.879027 -0.050000 -0.865952
v -2.893747 -0.050000 -0.865952
v -2.895127 -0.050000 -0.840193
v -3.633857 -0.050000 -0.498887
v -3.736433 -0.050000 -0.498887
v -3.712514 -0.050000 -0.885271
v -3.609478 -0.050000 -0.885271
v -3.619138 -0.050000 -0.730717
v -3.359708 -0.050000 -0.730717
v -3.362008 -0.050000 -0.692079
v -3.621438 -0.050000 -0.692079
v -3.328429 -0.050000 -0.885271
v -3.332569 -0.050000 -0.820874
v -3.352808 -0.050000 -0.820874
v -3.348669 -0.050000 -0.885271
v -3.363388 -0.050000 -0.885271
v -3.367528 -0.050000 -0.820874
v -3.387767 -0.050000 -0.820874
v -3.383627 -0.050000 -0.885271
v -3.859248 -0.050000 -0.749393
v -3.903406 -0.050000 -0.749393
v -3.895127 -0.050000 -0.885271
v -3.850968 -0.050000 -0.885271
v -3.807730 -0.050000 -0.749393
v -3.851888 -0.050000 -0.749393
v -3.843609 -0.050000 -0.885271
v -3.799450 -0.050000 -0.885271
v -3.859248 -0.050000 -0.749393
v -3.859248 0.050000 -0.749393
v -3.903406 -0.050000 -0.749393
v -3.903406 0.050000 -0.749393
v -3.895127 -0.050000 -0.885271
v -3.895127 0.050000 -0.885271
v -3.850968 -0.050000 -0.885271
v -3.850968 0.050000 -0.885271
v -3.807730 -0.050000 -0.749393
v -3.807730 0.050000 -0.749393
v -3.851888 -0.050000 -0.749393
v -3.851888 0.050000 -0.749393
v -3.843609 -0.050000 -0.885271
v -3.843609 0.050000 -0.885271
v -3.799450 -0.050000 -0.885271
v -3.799450 0.050000 -0.885271
v -3.633857 -0.050000 -0.498887
v -3.633857 0.050000 -0.498887
v -3.736433 -0.050000 -0.498887
v -3.736433 0.050000 -0.498887
v -3.712514 -0.050000 -0.885271
v -3.712514 0.050000 -0.885271
v -3.609478 -0.050000 -0.885271
v -3.609478 0.050000 -0.885271
v -3.619138 -0.050000 -0.730717
v -3.619138 0.050000 -0.730717
v -3.359708 -0.050000 -0.730717
v -3.359708 0.050000 -0.730717
v -3.362008 -0.050000 -0.692079
v -3.362008 0.050000 -0.692079
v -3.621438 -0.050000 -0.692079
v -3.621438 0.050000 -0.692079
v -3.328429 -0.050000 -0.885271
v -3.328429 0.050000 -0.885271
v -3.332569 -0.050000 -0.820874
v -3.332569 0.050000 -0.820874
v -3.352808 -0.050000 -0.820874
v -3.352808 0.050000 -0.820874
v -3.348669 -0.050000 -0.885271
v -3.348669 0.050000 -0.885271
v -3.363388 -0.050000 -0.885271
v -3.363388 0.050000 -0.885271
v -3.367528 -0.050000 -0.820874
v -3.367528 0.050000 -0.820874
v -3.387767 -0.050000 -0.820874
v -3.387767 0.050000 -0.820874
v -3.383627 -0.050000 -0.885271
v -3.383627 0.050000 -0.885271
v -3.191815 -0.050000 -0.498887
v -3.191815 0.050000 -0.498887
v -3.287491 -0.050000 -0.498887
v -3.287491 0.050000 -0.498887
v -3.208374 -0.050000 -0.885271
v -3.208374 0.050000 -0.885271
v -3.112698 -0.050000 -0.885271
v -3.112698 0.050000 -0.885271
v -2.890067 -0.050000 -0.498887
v -2.890067 0.050000 -0.498887
v -2.985743 -0.050000 -0.498887
v -2.985743 0.050000 -0.498887
v -3.024382 -0.050000 -0.885271
v -3.024382 0.050000 -0.885271
v -2.928705 -0.050000 -0.885271
v -2.928705 0.050000 -0.885271
v -2.857408 -0.050000 -0.885271
v -2.857408 0.050000 -0.885271
v -2.861548 -0.050000 -0.820874
v -2.861548 0.050000 -0.820874
v -2.916746 -0.050000 -0.820874
v -2.916746 0.050000 -0.820874
v -2.912606 -0.050000 -0.885271
v -2.912606 0.050000 -0.885271
v -2.880407 -0.050000 -0.840193
v -2.880407 0.050000 -0.840193
v -2.879027 -0.050000 -0.865952
v -2.879027 0.050000 -0.865952
v -2.893747 -0.050000 -0.865952
v -2.893747 0.050000 -0.865952
v -2.895127 -0.050000 -0.840193
v -2.895127 0.050000 -0.840193
v -2.775531 -0.050000 -0.749393
v -2.775531 0.050000 -0.749393
v -2.819690 -0.050000 -0.749393
v -2.819690 0.050000 -0.749393
v -2.811410 -0.050000 -0.885271
v -2.811410 0.050000 -0.885271
v -2.767252 -0.050000 -0.885271
v -2.767252 0.050000 -0.885271
v -2.724013 -0.050000 -0.749393
v -2.724013 0.050000 -0.749393
v -2.768172 -0.050000 -0.749393
v -2.768172 0.050000 -0.749393
v -2.759892 -0.050000 -0.885271
v -2.759892 0.050000 -0.885271
v -2.715734 -0.050000 -0.885271
v -2.715734 0.050000 -0.885271
vn -0.0000 1.0000 -0.0000
vn -0.0000 -1.0000 -0.0000
vn -0.8362 -0.0000 0.5485
vn 0.7893 -0.0000 0.6140
vn -0.7893 -0.0000 -0.6140
vn 0.8362 -0.0000 -0.5485
vn -0.8365 -0.0000 0.5479
vn 0.7880 -0.0000 0.6157
vn 0.7879 -0.0000 0.6158
vn -0.7889 -0.0000 -0.6145
vn -0.8365 -0.0000 0.5480
vn 0.8367 -0.0000 -0.5476
vn 0.8367 -0.0000 -0.5477
vn 0.8357 -0.0000 -0.5492
vn 0.7899 -0.0000 0.6132
vn 0.8374 -0.0000 -0.5467
vn -0.8374 -0.0000 0.5467
vn -0.7880 -0.0000 -0.6157
vn -0.8805 -0.0000 0.4740
vn 0.7258 -0.0000 0.6879
vn -0.7258 -0.0000 -0.6879
vn 0.8805 -0.0000 -0.4740
vn -0.7728 -0.0000 0.6346
vn 0.8494 -0.0000 0.5277
vn -0.8494 -0.0000 -0.5277
vn -0.7728 -0.0000 0.6347
vn 0.7728 -0.0000 -0.6346
vn 0.7728 -0.0000 -0.6347
vn 0.8373 -0.0000 -0.5467
vn -0.8373 -0.0000 0.5467
vn -0.7879 -0.0000 -0.6158
vn -0.8335 -0.0000 0.5524
vn -0.7924 -0.0000 -0.6100
vn 0.7924 -0.0000 0.6100
vn -0.8336 -0.0000 0.5524
vn 0.8336 -0.0000 -0.5524
vt 0.285714 0.000000
vt 0.142857 0.000000
vt 0.000000 0.000000
vt 0.571429 0.000000
vt 1.000000 0.000000
vt 0.857143 0.000000
vt 0.714286 0.000000
vt 0.428571 0.000000
vt 0.133333 0.000000
vt 0.066667 0.000000
vt 0.200000 0.000000
vt 0.400000 0.000000
vt 0.333333 0.000000
vt 0.466667 0.000000
vt 0.733333 0.000000
vt 0.933333 0.000000
vt 0.866667 0.000000
vt 0.800000 0.000000
vt 0.600000 0.000000
vt 0.533333 0.000000
vt 0.666667 0.000000
vt 0.266667 0.000000
vt 0.250000 1.000000
vt 0.000000 1.000000
vt 0.500000 1.000000
vt 0.250000 0.000000
vt 0.750000 1.000000
vt 0.500000 0.000000
vt 1.000000 1.000000
vt 0.750000 0.000000
vt 0.125000 1.000000
vt 0.125000 0.000000
vt 0.375000 1.000000
vt 0.375000 0.000000
vt 0.625000 1.000000
vt 0.625000 0.000000
vt 0.875000 1.000000
vt 0.875000 0.000000
s 0
usemtl Material.007
f 287/144/73 286/145/73 285/146/73
f 289/147/73 292/148/73 291/149/73
f 289/147/73 291/149/73 290/150/73
f 287/144/73 285/146/73 288/151/73
f 295/152/73 294/153/73 293/146/73
f 293/146/73 296/154/73 295/152/73
f 299/155/73 298/156/73 300/157/73
f 304/158/73 308/148/73 307/159/73
f 306/160/73 305/161/73 302/162/73
f 302/162/73 301/163/73 306/160/73
f 302/162/73 305/161/73 308/148/73
f 304/158/73 307/159/73 306/160/73
f 306/160/73 301/163/73 304/158/73
f 302/162/73 308/148/73 303/164/73
f 308/148/73 304/158/73 303/164/73
f 298/156/73 297/165/73 300/157/73
f 309/146/73 316/157/73 310/153/73
f 311/152/73 310/153/73 316/157/73
f 311/152/73 316/157/73 313/165/73
f 313/165/73 312/154/73 311/152/73
f 320/158/73 319/164/73 318/162/73
f 318/162/73 317/163/73 320/158/73
f 313/165/73 316/157/73 315/155/73
f 315/155/73 314/156/73 313/165/73
f 324/148/73 323/159/73 322/160/73
f 322/160/73 321/161/73 324/148/73
f 327/144/73 326/145/73 325/146/73
f 329/147/73 332/148/73 331/149/73
f 329/147/73 331/149/73 330/150/73
f 327/144/73 325/146/73 328/151/73
f 335/144/74 333/146/74 334/145/74
f 337/147/74 339/149/74 340/148/74
f 337/147/74 338/150/74 339/149/74
f 335/144/74 336/151/74 333/146/74
f 343/152/74 341/146/74 342/153/74
f 341/146/74 343/152/74 344/154/74
f 347/155/74 348/157/74 346/156/74
f 352/158/74 355/159/74 356/148/74
f 354/160/74 350/162/74 353/161/74
f 350/162/74 354/160/74 349/163/74
f 350/162/74 356/148/74 353/161/74
f 352/158/74 354/160/74 355/159/74
f 354/160/74 352/158/74 349/163/74
f 350/162/74 351/164/74 356/148/74
f 356/148/74 351/164/74 352/158/74
f 346/156/74 348/157/74 345/165/74
f 357/146/74 358/153/74 364/157/74
f 359/152/74 364/157/74 358/153/74
f 359/152/74 361/165/74 364/157/74
f 361/165/74 359/152/74 360/154/74
f 368/158/74 366/162/74 367/164/74
f 366/162/74 368/158/74 365/163/74
f 361/165/74 363/155/74 364/157/74
f 363/155/74 361/165/74 362/156/74
f 372/148/74 370/160/74 371/159/74
f 370/160/74 372/148/74 369/161/74
f 375/144/74 373/146/74 374/145/74
f 377/147/74 379/149/74 380/148/74
f 377/147/74 378/150/74 379/149/74
f 375/144/74 376/151/74 373/146/74
s 1
f 384/166/75 381/146/76 382/167/76
f 386/168/77 383/169/75 384/166/75
f 388/170/78 385/171/77 386/168/77
f 382/172/76 387/173/78 388/170/78
f 392/166/75 389/146/76 390/167/76
f 394/168/77 391/169/75 392/166/75
f 396/170/78 393/171/77 394/168/77
f 390/172/76 395/173/78 396/170/78
f 400/174/79 397/146/80 398/167/81
f 402/166/82 399/175/83 400/174/79
f 404/176/84 401/169/82 402/166/82
f 406/168/85 403/177/85 404/176/84
f 408/178/86 405/171/84 406/168/85
f 410/170/87 407/179/86 408/178/86
f 412/180/80 409/173/87 410/170/87
f 398/172/81 411/181/81 412/180/80
f 416/166/80 413/146/88 414/167/88
f 418/168/89 415/169/80 416/166/80
f 420/170/90 417/171/89 418/168/89
f 414/172/88 419/173/90 420/170/90
f 424/166/80 421/146/88 422/167/88
f 426/168/89 423/169/80 424/166/80
f 428/170/90 425/171/89 426/168/89
f 422/172/88 427/173/90 428/170/90
f 432/166/91 429/146/92 430/167/92
f 434/168/93 431/169/91 432/166/91
f 436/170/94 433/171/93 434/168/93
f 430/172/92 435/173/94 436/170/94
f 440/166/95 437/146/96 438/167/96
f 442/168/97 439/169/98 440/166/95
f 444/170/99 441/171/97 442/168/97
f 438/172/96 443/173/100 444/170/99
f 448/166/80 445/146/88 446/167/101
f 450/168/102 447/169/81 448/166/80
f 452/170/90 449/171/89 450/168/102
f 446/172/101 451/173/103 452/170/90
f 456/166/104 453/146/105 454/167/105
f 458/168/106 455/169/107 456/166/104
f 460/170/108 457/171/106 458/168/106
f 454/172/105 459/173/108 460/170/108
f 464/166/75 461/146/76 462/167/76
f 466/168/77 463/169/75 464/166/75
f 468/170/78 465/171/77 466/168/77
f 462/172/76 467/173/78 468/170/78
f 472/166/75 469/146/76 470/167/76
f 474/168/77 471/169/75 472/166/75
f 476/170/78 473/171/77 474/168/77
f 470/172/76 475/173/78 476/170/78
f 384/166/75 383/169/75 381/146/76
f 386/168/77 385/171/77 383/169/75
f 388/170/78 387/173/78 385/171/77
f 382/172/76 381/148/76 387/173/78
f 392/166/75 391/169/75 389/146/76
f 394/168/77 393/171/77 391/169/75
f 396/170/78 395/173/78 393/171/77
f 390/172/76 389/148/76 395/173/78
f 400/174/79 399/175/83 397/146/80
f 402/166/82 401/169/82 399/175/83
f 404/176/84 403/177/85 401/169/82
f 406/168/85 405/171/84 403/177/85
f 408/178/86 407/179/86 405/171/84
f 410/170/87 409/173/87 407/179/86
f 412/180/80 411/181/81 409/173/87
f 398/172/81 397/148/80 411/181/81
f 416/166/80 415/169/80 413/146/88
f 418/168/89 417/171/89 415/169/80
f 420/170/90 419/173/90 417/171/89
f 414/172/88 413/148/88 419/173/90
f 424/166/80 423/169/80 421/146/88
f 426/168/89 425/171/89 423/169/80
f 428/170/90 427/173/90 425/171/89
f 422/172/88 421/148/88 427/173/90
f 432/166/91 431/169/91 429/146/92
f 434/168/93 433/171/93 431/169/91
f 436/170/94 435/173/94 433/171/93
f 430/172/92 429/148/92 435/173/94
f 440/166/95 439/169/98 437/146/96
f 442/168/97 441/171/97 439/169/98
f 444/170/99 443/173/100 441/171/97
f 438/172/96 437/148/96 443/173/100
f 448/166/80 447/169/81 445/146/88
f 450/168/102 449/171/89 447/169/81
f 452/170/90 451/173/103 449/171/89
f 446/172/101 445/148/88 451/173/103
f 456/166/104 455/169/107 453/146/105
f 458/168/106 457/171/106 455/169/107
f 460/170/108 459/173/108 457/171/106
f 454/172/105 453/148/105 459/173/108
f 464/166/75 463/169/75 461/146/76
f 466/168/77 465/171/77 463/169/75
f 468/170/78 467/173/78 465/171/77
f 462/172/76 461/148/76 467/173/78
f 472/166/75 471/169/75 469/146/76
f 474/168/77 473/171/77 471/169/75
f 476/170/78 475/173/78 473/171/77
f 470/172/76 469/148/76 475/173/78
o Text.004
v 5.250329 0.050000 -0.176897
v 5.209069 0.050000 -0.176897
v 5.212059 0.050000 -0.231175
v 5.256308 0.050000 -0.231175
v 5.260495 0.050000 -0.270734
v 5.392049 0.050000 -0.270734
v 5.387864 0.050000 -0.231175
v 5.638415 0.050000 -0.231175
v 5.635425 0.050000 -0.176897
v 5.381883 0.050000 -0.176897
v 5.333447 0.050000 0.270205
v 5.201892 0.050000 0.270205
v 5.701203 0.050000 0.270205
v 5.415370 0.050000 0.241686
v 5.418360 0.050000 0.187408
v 5.704193 0.050000 0.215927
v 5.694026 0.050000 -0.014984
v 5.441082 0.050000 -0.014984
v 5.444073 0.050000 -0.068342
v 5.697016 0.050000 -0.068342
v 5.731102 0.050000 -0.270734
v 5.725719 0.050000 -0.180577
v 5.700006 0.050000 -0.180577
v 5.705389 0.050000 -0.270734
v 5.686253 0.050000 -0.270734
v 5.681469 0.050000 -0.180577
v 5.655756 0.050000 -0.180577
v 5.660540 0.050000 -0.270734
v 5.094855 0.050000 0.064133
v 4.580595 0.050000 0.064133
v 4.583585 0.050000 0.008935
v 5.097845 0.050000 0.008935
v 4.511828 0.050000 -0.281773
v 4.506446 0.050000 -0.189777
v 4.496879 0.050000 -0.189777
v 4.495085 0.050000 -0.156658
v 4.298351 0.050000 -0.156658
v 4.294165 0.050000 0.023655
v 4.488507 0.050000 0.023655
v 4.485518 0.050000 0.078852
v 4.292969 0.050000 0.078852
v 4.288783 0.050000 0.270205
v 4.155434 0.050000 0.270205
v 4.159620 0.050000 0.078852
v 3.966474 0.050000 0.078852
v 3.969464 0.050000 0.023655
v 4.160816 0.050000 0.023655
v 4.164404 0.050000 -0.156658
v 3.976042 0.050000 -0.156658
v 3.979032 0.050000 -0.211856
v 4.165600 0.050000 -0.211856
v 4.167394 0.050000 -0.281773
v 4.301341 0.050000 -0.281773
v 4.299547 0.050000 -0.211856
v 4.415554 0.050000 -0.211856
v 4.414358 0.050000 -0.189777
v 4.434689 0.050000 -0.189777
v 4.440071 0.050000 -0.281773
v 4.466382 0.050000 -0.281773
v 4.461000 0.050000 -0.189777
v 4.480135 0.050000 -0.189777
v 4.485518 0.050000 -0.281773
v 3.464772 0.050000 0.270205
v 3.340393 0.050000 0.270205
v 3.400190 0.050000 -0.219216
v 3.524570 0.050000 -0.219216
v 3.869602 0.050000 0.270205
v 3.581975 0.050000 0.270205
v 3.613070 0.050000 -0.281773
v 3.747016 0.050000 -0.281773
v 3.718314 0.050000 0.215007
v 3.872591 0.050000 0.215007
v 3.037219 0.050000 -0.175057
v 2.772913 0.050000 -0.175057
v 2.775903 0.050000 -0.230255
v 2.949317 0.050000 -0.230255
v 2.951708 0.050000 -0.281773
v 3.085655 0.050000 -0.281773
v 3.083263 0.050000 -0.230255
v 3.092831 0.050000 -0.230255
v 3.094027 0.050000 -0.231175
v 3.256676 0.050000 -0.231175
v 3.255480 0.050000 -0.230255
v 3.256676 0.050000 -0.230255
v 3.244119 0.050000 -0.219216
v 3.098811 0.050000 -0.074781
v 3.265048 0.050000 0.132210
v 3.131699 0.050000 0.132210
v 3.075490 0.050000 0.058613
v 3.063530 0.050000 0.270205
v 2.930181 0.050000 0.270205
v 2.940945 0.050000 0.080692
v 2.888921 0.050000 0.132210
v 2.726870 0.050000 0.132210
v 2.335196 0.050000 -0.200816
v 2.172546 0.050000 -0.200816
v 2.175536 0.050000 -0.256014
v 2.637174 0.050000 -0.256014
v 2.634183 0.050000 -0.200816
v 2.469142 0.050000 -0.200816
v 2.445223 0.050000 0.215007
v 2.634781 0.050000 0.215007
v 2.631792 0.050000 0.270205
v 2.118130 0.050000 0.270205
v 2.121120 0.050000 0.215007
v 2.311874 0.050000 0.215007
v 1.826916 0.050000 -0.175977
v 1.537495 0.050000 -0.175977
v 1.540485 0.050000 -0.230255
v 1.830503 0.050000 -0.230255
v 1.832895 0.050000 -0.272574
v 1.954285 0.050000 -0.272574
v 1.951892 0.050000 -0.230255
v 2.043981 0.050000 -0.230255
v 2.040991 0.050000 -0.175977
v 1.948903 0.050000 -0.175977
v 1.930964 0.050000 0.133130
v 1.912426 0.050000 0.270205
v 1.790439 0.050000 0.270205
v 1.808976 0.050000 0.133130
v 1.563208 0.050000 0.133130
v 1.575168 0.050000 -0.086741
v 1.822132 0.050000 -0.086741
v 1.811966 0.050000 0.078852
v 1.818544 0.050000 -0.032463
v 1.694165 0.050000 -0.032463
v 1.688185 0.050000 0.078852
v 1.256446 0.050000 -0.149298
v 1.084229 0.050000 -0.149298
v 1.087219 0.050000 -0.203576
v 1.259436 0.050000 -0.203576
v 1.263622 0.050000 -0.270734
v 1.354515 0.050000 -0.270734
v 1.349133 0.050000 -0.180577
v 1.368866 0.050000 -0.180577
v 1.374248 0.050000 -0.270734
v 1.399961 0.050000 -0.270734
v 1.394579 0.050000 -0.180577
v 1.413714 0.050000 -0.180577
v 1.419096 0.050000 -0.270734
v 1.444809 0.050000 -0.270734
v 1.439427 0.050000 -0.180577
v 1.438231 0.050000 -0.149298
v 1.379031 0.050000 -0.149298
v 1.367072 0.050000 0.050334
v 1.426870 0.050000 0.050334
v 1.423880 0.050000 0.104611
v 1.364082 0.050000 0.104611
v 1.353917 0.050000 0.270205
v 1.065692 0.050000 0.270205
v 1.077652 0.050000 0.050334
v 1.245085 0.050000 0.050334
v 1.028019 0.050000 0.270205
v 0.896465 0.050000 0.270205
v 0.927560 0.050000 -0.270734
v 1.059114 0.050000 -0.270734
v 1.171534 0.050000 0.215927
v 1.234919 0.050000 0.215927
v 1.241497 0.050000 0.104611
v 1.178112 0.050000 0.104611
v 0.663852 0.050000 -0.226575
v 0.317026 0.050000 -0.226575
v 0.320016 0.050000 -0.281773
v 0.666842 0.050000 -0.281773
v 0.772086 0.050000 -0.281773
v 0.770890 0.050000 -0.264294
v 0.837265 0.050000 -0.270734
v 0.834873 0.050000 -0.215536
v 0.767900 0.050000 -0.208176
v 0.766704 0.050000 -0.188857
v 0.832481 0.050000 -0.186097
v 0.830089 0.050000 -0.130899
v 0.763714 0.050000 -0.133659
v 0.761920 0.050000 -0.107900
v 0.828295 0.050000 -0.107900
v 0.825305 0.050000 -0.052702
v 0.758930 0.050000 -0.052702
v 0.666842 0.050000 -0.052702
v 0.653686 0.050000 -0.052702
v 0.314634 0.050000 0.023655
v 0.284735 0.050000 0.023655
v 0.287725 0.050000 -0.031543
v 0.321810 0.050000 -0.031543
v 0.331377 0.050000 -0.106060
v 0.306262 0.050000 -0.101460
v 0.309252 0.050000 -0.156658
v 0.470706 0.050000 -0.186097
v 0.467716 0.050000 -0.130899
v 0.434229 0.050000 -0.124459
v 0.422270 0.050000 -0.031543
v 0.480871 0.050000 -0.031543
v 0.489841 0.050000 -0.189777
v 0.599869 0.050000 -0.189777
v 0.590899 0.050000 -0.031543
v 0.651892 0.050000 -0.031543
v 0.757136 0.050000 -0.031543
v 0.753548 0.050000 0.026415
v 0.821120 0.050000 0.012615
v 0.818728 0.050000 0.067813
v 0.750558 0.050000 0.081612
v 0.748765 0.050000 0.112891
v 0.815738 0.050000 0.119331
v 0.813346 0.050000 0.174529
v 0.745177 0.050000 0.168089
v 0.742187 0.050000 0.215007
v 0.810356 0.050000 0.215007
v 0.807366 0.050000 0.270205
v 0.739197 0.050000 0.270205
v 0.647109 0.050000 0.270205
v 0.633953 0.050000 0.270205
v 0.648903 0.050000 0.023655
v 0.587909 0.050000 0.023655
v 0.573558 0.050000 0.270205
v 0.463530 0.050000 0.270205
v 0.477881 0.050000 0.023655
v 0.415094 0.050000 0.023655
v 0.382205 0.050000 0.270205
v 0.281745 0.050000 0.270205
v -0.186470 0.050000 -0.177817
v -0.283342 0.050000 -0.177817
v -0.280352 0.050000 -0.232095
v -0.148199 0.050000 -0.232095
v -0.121291 0.050000 -0.270734
v 0.000099 0.050000 -0.270734
v -0.026810 0.050000 -0.232095
v 0.183677 0.050000 -0.232095
v 0.180687 0.050000 -0.177817
v -0.064483 0.050000 -0.177817
v -0.131456 0.050000 -0.082141
v 0.058700 0.050000 -0.082141
v 0.053916 0.050000 -0.004864
v 0.196833 0.050000 -0.014064
v 0.193843 0.050000 0.040214
v 0.050927 0.050000 0.049414
v 0.045545 0.050000 0.134970
v -0.076442 0.050000 0.134970
v -0.071658 0.050000 0.056773
v -0.143416 0.050000 0.061373
v -0.151787 0.050000 0.215927
v 0.156768 0.050000 0.215927
v 0.153779 0.050000 0.270205
v -0.276764 0.050000 0.270205
v -0.263011 0.050000 0.015375
v -0.068071 0.050000 0.002495
v -0.066277 0.050000 -0.027863
v -0.291116 0.050000 -0.027863
v -0.783848 0.050000 0.270205
v -0.917197 0.050000 0.270205
v -0.886102 0.050000 -0.281773
v -0.752155 0.050000 -0.281773
v -0.764713 0.050000 -0.060982
v -0.427454 0.050000 -0.060982
v -0.430444 0.050000 -0.005784
v -0.767703 0.050000 -0.005784
v -1.405743 0.050000 0.064133
v -1.515173 0.050000 0.064133
v -1.513977 0.050000 -0.145619
v -1.403949 0.050000 -0.145619
v -1.110941 0.050000 0.270205
v -1.240104 0.050000 0.270205
v -1.149809 0.050000 -0.145619
v -1.020646 0.050000 -0.145619
v -1.243094 0.050000 0.064133
v -1.352523 0.050000 0.064133
v -1.351327 0.050000 -0.145619
v -1.241300 0.050000 -0.145619
v -1.759147 0.050000 0.270205
v -1.893094 0.050000 0.270205
v -1.826120 0.050000 -0.160338
v -2.001327 0.050000 -0.160338
v -2.019865 0.050000 -0.005784
v -2.153811 0.050000 -0.005784
v -2.120923 0.050000 -0.278093
v -1.986976 0.050000 -0.278093
v -1.994750 0.050000 -0.215536
v -1.614437 0.050000 -0.215536
v -1.617427 0.050000 -0.160338
v -1.692174 0.050000 -0.160338
v -2.266829 0.050000 0.270205
v -2.780490 0.050000 0.270205
v -2.749395 0.050000 -0.252334
v -2.235136 0.050000 -0.252334
v -2.372072 0.050000 -0.197137
v -2.619037 0.050000 -0.197137
v -2.643554 0.050000 0.215007
v -2.397187 0.050000 0.215007
v 5.250329 -0.050000 -0.176897
v 5.209069 -0.050000 -0.176897
v 5.212059 -0.050000 -0.231175
v 5.256308 -0.050000 -0.231175
v 5.260495 -0.050000 -0.270734
v 5.392049 -0.050000 -0.270734
v 5.387864 -0.050000 -0.231175
v 5.638415 -0.050000 -0.231175
v 5.635425 -0.050000 -0.176897
v 5.381883 -0.050000 -0.176897
v 5.333447 -0.050000 0.270205
v 5.201892 -0.050000 0.270205
v 5.701203 -0.050000 0.270205
v 5.415370 -0.050000 0.241686
v 5.418360 -0.050000 0.187408
v 5.704193 -0.050000 0.215927
v 5.694026 -0.050000 -0.014984
v 5.441082 -0.050000 -0.014984
v 5.444073 -0.050000 -0.068342
v 5.697016 -0.050000 -0.068342
v 5.731102 -0.050000 -0.270734
v 5.725719 -0.050000 -0.180577
v 5.700006 -0.050000 -0.180577
v 5.705389 -0.050000 -0.270734
v 5.686253 -0.050000 -0.270734
v 5.681469 -0.050000 -0.180577
v 5.655756 -0.050000 -0.180577
v 5.660540 -0.050000 -0.270734
v 5.094855 -0.050000 0.064133
v 4.580595 -0.050000 0.064133
v 4.583585 -0.050000 0.008935
v 5.097845 -0.050000 0.008935
v 4.511828 -0.050000 -0.281773
v 4.506446 -0.050000 -0.189777
v 4.496879 -0.050000 -0.189777
v 4.495085 -0.050000 -0.156658
v 4.298351 -0.050000 -0.156658
v 4.294165 -0.050000 0.023655
v 4.488507 -0.050000 0.023655
v 4.485518 -0.050000 0.078852
v 4.292969 -0.050000 0.078852
v 4.288783 -0.050000 0.270205
v 4.155434 -0.050000 0.270205
v 4.159620 -0.050000 0.078852
v 3.966474 -0.050000 0.078852
v 3.969464 -0.050000 0.023655
v 4.160816 -0.050000 0.023655
v 4.164404 -0.050000 -0.156658
v 3.976042 -0.050000 -0.156658
v 3.979032 -0.050000 -0.211856
v 4.165600 -0.050000 -0.211856
v 4.167394 -0.050000 -0.281773
v 4.301341 -0.050000 -0.281773
v 4.299547 -0.050000 -0.211856
v 4.415554 -0.050000 -0.211856
v 4.414358 -0.050000 -0.189777
v 4.434689 -0.050000 -0.189777
v 4.440071 -0.050000 -0.281773
v 4.466382 -0.050000 -0.281773
v 4.461000 -0.050000 -0.189777
v 4.480135 -0.050000 -0.189777
v 4.485518 -0.050000 -0.281773
v 3.464772 -0.050000 0.270205
v 3.340393 -0.050000 0.270205
v 3.400190 -0.050000 -0.219216
v 3.524570 -0.050000 -0.219216
v 3.869602 -0.050000 0.270205
v 3.581975 -0.050000 0.270205
v 3.613070 -0.050000 -0.281773
v 3.747016 -0.050000 -0.281773
v 3.718314 -0.050000 0.215007
v 3.872591 -0.050000 0.215007
v 3.037219 -0.050000 -0.175057
v 2.772913 -0.050000 -0.175057
v 2.775903 -0.050000 -0.230255
v 2.949317 -0.050000 -0.230255
v 2.951708 -0.050000 -0.281773
v 3.085655 -0.050000 -0.281773
v 3.083263 -0.050000 -0.230255
v 3.092831 -0.050000 -0.230255
v 3.094027 -0.050000 -0.231175
v 3.256676 -0.050000 -0.231175
v 3.255480 -0.050000 -0.230255
v 3.256676 -0.050000 -0.230255
v 3.244119 -0.050000 -0.219216
v 3.098811 -0.050000 -0.074781
v 3.265048 -0.050000 0.132210
v 3.131699 -0.050000 0.132210
v 3.075490 -0.050000 0.058613
v 3.063530 -0.050000 0.270205
v 2.930181 -0.050000 0.270205
v 2.940945 -0.050000 0.080692
v 2.888921 -0.050000 0.132210
v 2.726870 -0.050000 0.132210
v 2.335196 -0.050000 -0.200816
v 2.172546 -0.050000 -0.200816
v 2.175536 -0.050000 -0.256014
v 2.637174 -0.050000 -0.256014
v 2.634183 -0.050000 -0.200816
v 2.469142 -0.050000 -0.200816
v 2.445223 -0.050000 0.215007
v 2.634781 -0.050000 0.215007
v 2.631792 -0.050000 0.270205
v 2.118130 -0.050000 0.270205
v 2.121120 -0.050000 0.215007
v 2.311874 -0.050000 0.215007
v 1.826916 -0.050000 -0.175977
v 1.537495 -0.050000 -0.175977
v 1.540485 -0.050000 -0.230255
v 1.830503 -0.050000 -0.230255
v 1.832895 -0.050000 -0.272574
v 1.954285 -0.050000 -0.272574
v 1.951892 -0.050000 -0.230255
v 2.043981 -0.050000 -0.230255
v 2.040991 -0.050000 -0.175977
v 1.948903 -0.050000 -0.175977
v 1.930964 -0.050000 0.133130
v 1.912426 -0.050000 0.270205
v 1.790439 -0.050000 0.270205
v 1.808976 -0.050000 0.133130
v 1.563208 -0.050000 0.133130
v 1.575168 -0.050000 -0.086741
v 1.822132 -0.050000 -0.086741
v 1.811966 -0.050000 0.078852
v 1.818544 -0.050000 -0.032463
v 1.694165 -0.050000 -0.032463
v 1.688185 -0.050000 0.078852
v 1.256446 -0.050000 -0.149298
v 1.084229 -0.050000 -0.149298
v 1.087219 -0.050000 -0.203576
v 1.259436 -0.050000 -0.203576
v 1.263622 -0.050000 -0.270734
v 1.354515 -0.050000 -0.270734
v 1.349133 -0.050000 -0.180577
v 1.368866 -0.050000 -0.180577
v 1.374248 -0.050000 -0.270734
v 1.399961 -0.050000 -0.270734
v 1.394579 -0.050000 -0.180577
v 1.413714 -0.050000 -0.180577
v 1.419096 -0.050000 -0.270734
v 1.444809 -0.050000 -0.270734
v 1.439427 -0.050000 -0.180577
v 1.438231 -0.050000 -0.149298
v 1.379031 -0.050000 -0.149298
v 1.367072 -0.050000 0.050334
v 1.426870 -0.050000 0.050334
v 1.423880 -0.050000 0.104611
v 1.364082 -0.050000 0.104611
v 1.353917 -0.050000 0.270205
v 1.065692 -0.050000 0.270205
v 1.077652 -0.050000 0.050334
v 1.245085 -0.050000 0.050334
v 1.028019 -0.050000 0.270205
v 0.896465 -0.050000 0.270205
v 0.927560 -0.050000 -0.270734
v 1.059114 -0.050000 -0.270734
v 1.171534 -0.050000 0.215927
v 1.234919 -0.050000 0.215927
v 1.241497 -0.050000 0.104611
v 1.178112 -0.050000 0.104611
v 0.663852 -0.050000 -0.226575
v 0.317026 -0.050000 -0.226575
v 0.320016 -0.050000 -0.281773
v 0.666842 -0.050000 -0.281773
v 0.772086 -0.050000 -0.281773
v 0.770890 -0.050000 -0.264294
v 0.837265 -0.050000 -0.270734
v 0.834873 -0.050000 -0.215536
v 0.767900 -0.050000 -0.208176
v 0.766704 -0.050000 -0.188857
v 0.832481 -0.050000 -0.186097
v 0.830089 -0.050000 -0.130899
v 0.763714 -0.050000 -0.133659
v 0.761920 -0.050000 -0.107900
v 0.828295 -0.050000 -0.107900
v 0.825305 -0.050000 -0.052702
v 0.758930 -0.050000 -0.052702
v 0.666842 -0.050000 -0.052702
v 0.653686 -0.050000 -0.052702
v 0.314634 -0.050000 0.023655
v 0.284735 -0.050000 0.023655
v 0.287725 -0.050000 -0.031543
v 0.321810 -0.050000 -0.031543
v 0.331377 -0.050000 -0.106060
v 0.306262 -0.050000 -0.101460
v 0.309252 -0.050000 -0.156658
v 0.470706 -0.050000 -0.186097
v 0.467716 -0.050000 -0.130899
v 0.434229 -0.050000 -0.124459
v 0.422270 -0.050000 -0.031543
v 0.480871 -0.050000 -0.031543
v 0.489841 -0.050000 -0.189777
v 0.599869 -0.050000 -0.189777
v 0.590899 -0.050000 -0.031543
v 0.651892 -0.050000 -0.031543
v 0.757136 -0.050000 -0.031543
v 0.753548 -0.050000 0.026415
v 0.821120 -0.050000 0.012615
v 0.818728 -0.050000 0.067813
v 0.750558 -0.050000 0.081612
v 0.748765 -0.050000 0.112891
v 0.815738 -0.050000 0.119331
v 0.813346 -0.050000 0.174529
v 0.745177 -0.050000 0.168089
v 0.742187 -0.050000 0.215007
v 0.810356 -0.050000 0.215007
v 0.807366 -0.050000 0.270205
v 0.739197 -0.050000 0.270205
v 0.647109 -0.050000 0.270205
v 0.633953 -0.050000 0.270205
v 0.648903 -0.050000 0.023655
v 0.587909 -0.050000 0.023655
v 0.573558 -0.050000 0.270205
v 0.463530 -0.050000 0.270205
v 0.477881 -0.050000 0.023655
v 0.415094 -0.050000 0.023655
v 0.382205 -0.050000 0.270205
v 0.281745 -0.050000 0.270205
v -0.186470 -0.050000 -0.177817
v -0.283342 -0.050000 -0.177817
v -0.280352 -0.050000 -0.232095
v -0.148199 -0.050000 -0.232095
v -0.121291 -0.050000 -0.270734
v 0.000099 -0.050000 -0.270734
v -0.026810 -0.050000 -0.232095
v 0.183677 -0.050000 -0.232095
v 0.180687 -0.050000 -0.177817
v -0.064483 -0.050000 -0.177817
v -0.131456 -0.050000 -0.082141
v 0.058700 -0.050000 -0.082141
v 0.053916 -0.050000 -0.004864
v 0.196833 -0.050000 -0.014064
v 0.193843 -0.050000 0.040214
v 0.050927 -0.050000 0.049414
v 0.045545 -0.050000 0.134970
v -0.076442 -0.050000 0.134970
v -0.071658 -0.050000 0.056773
v -0.143416 -0.050000 0.061373
v -0.151787 -0.050000 0.215927
v 0.156768 -0.050000 0.215927
v 0.153779 -0.050000 0.270205
v -0.276764 -0.050000 0.270205
v -0.263011 -0.050000 0.015375
v -0.068071 -0.050000 0.002495
v -0.066277 -0.050000 -0.027863
v -0.291116 -0.050000 -0.027863
v -0.783848 -0.050000 0.270205
v -0.917197 -0.050000 0.270205
v -0.886102 -0.050000 -0.281773
v -0.752155 -0.050000 -0.281773
v -0.764713 -0.050000 -0.060982
v -0.427454 -0.050000 -0.060982
v -0.430444 -0.050000 -0.005784
v -0.767703 -0.050000 -0.005784
v -1.405743 -0.050000 0.064133
v -1.515173 -0.050000 0.064133
v -1.513977 -0.050000 -0.145619
v -1.403949 -0.050000 -0.145619
v -1.110941 -0.050000 0.270205
v -1.240104 -0.050000 0.270205
v -1.149809 -0.050000 -0.145619
v -1.020646 -0.050000 -0.145619
v -1.243094 -0.050000 0.064133
v -1.352523 -0.050000 0.064133
v -1.351327 -0.050000 -0.145619
v -1.241300 -0.050000 -0.145619
v -1.759147 -0.050000 0.270205
v -1.893094 -0.050000 0.270205
v -1.826120 -0.050000 -0.160338
v -2.001327 -0.050000 -0.160338
v -2.019865 -0.050000 -0.005784
v -2.153811 -0.050000 -0.005784
v -2.120923 -0.050000 -0.278093
v -1.986976 -0.050000 -0.278093
v -1.994750 -0.050000 -0.215536
v -1.614437 -0.050000 -0.215536
v -1.617427 -0.050000 -0.160338
v -1.692174 -0.050000 -0.160338
v -2.266829 -0.050000 0.270205
v -2.780490 -0.050000 0.270205
v -2.749395 -0.050000 -0.252334
v -2.235136 -0.050000 -0.252334
v -2.372072 -0.050000 -0.197137
v -2.619037 -0.050000 -0.197137
v -2.643554 -0.050000 0.215007
v -2.397187 -0.050000 0.215007
v -2.266829 -0.050000 0.270205
v -2.266829 0.050000 0.270205
v -2.780490 -0.050000 0.270205
v -2.780490 0.050000 0.270205
v -2.749395 -0.050000 -0.252334
v -2.749395 0.050000 -0.252334
v -2.235136 -0.050000 -0.252334
v -2.235136 0.050000 -0.252334
v -2.372072 -0.050000 -0.197137
v -2.372072 0.050000 -0.197137
v -2.619037 -0.050000 -0.197137
v -2.619037 0.050000 -0.197137
v -2.643554 -0.050000 0.215007
v -2.643554 0.050000 0.215007
v -2.397187 -0.050000 0.215007
v -2.397187 0.050000 0.215007
v -1.759147 -0.050000 0.270205
v -1.759147 0.050000 0.270205
v -1.893094 -0.050000 0.270205
v -1.893094 0.050000 0.270205
v -1.826120 -0.050000 -0.160338
v -1.826120 0.050000 -0.160338
v -2.001327 -0.050000 -0.160338
v -2.001327 0.050000 -0.160338
v -2.019865 -0.050000 -0.005784
v -2.019865 0.050000 -0.005784
v -2.153811 -0.050000 -0.005784
v -2.153811 0.050000 -0.005784
v -2.120923 -0.050000 -0.278093
v -2.120923 0.050000 -0.278093
v -1.986976 -0.050000 -0.278093
v -1.986976 0.050000 -0.278093
v -1.994750 -0.050000 -0.215536
v -1.994750 0.050000 -0.215536
v -1.614437 -0.050000 -0.215536
v -1.614437 0.050000 -0.215536
v -1.617427 -0.050000 -0.160338
v -1.617427 0.050000 -0.160338
v -1.692174 -0.050000 -0.160338
v -1.692174 0.050000 -0.160338
v -1.405743 -0.050000 0.064133
v -1.405743 0.050000 0.064133
v -1.515173 -0.050000 0.064133
v -1.515173 0.050000 0.064133
v -1.513977 -0.050000 -0.145619
v -1.513977 0.050000 -0.145619
v -1.403949 -0.050000 -0.145619
v -1.403949 0.050000 -0.145619
v -1.110941 -0.050000 0.270205
v -1.110941 0.050000 0.270205
v -1.240104 -0.050000 0.270205
v -1.240104 0.050000 0.270205
v -1.149809 -0.050000 -0.145619
v -1.149809 0.050000 -0.145619
v -1.020646 -0.050000 -0.145619
v -1.020646 0.050000 -0.145619
v -1.243094 -0.050000 0.064133
v -1.243094 0.050000 0.064133
v -1.352523 -0.050000 0.064133
v -1.352523 0.050000 0.064133
v -1.351327 -0.050000 -0.145619
v -1.351327 0.050000 -0.145619
v -1.241300 -0.050000 -0.145619
v -1.241300 0.050000 -0.145619
v -0.783848 -0.050000 0.270205
v -0.783848 0.050000 0.270205
v -0.917197 -0.050000 0.270205
v -0.917197 0.050000 0.270205
v -0.886102 -0.050000 -0.281773
v -0.886102 0.050000 -0.281773
v -0.752155 -0.050000 -0.281773
v -0.752155 0.050000 -0.281773
v -0.764713 -0.050000 -0.060982
v -0.764713 0.050000 -0.060982
v -0.427454 -0.050000 -0.060982
v -0.427454 0.050000 -0.060982
v -0.430444 -0.050000 -0.005784
v -0.430444 0.050000 -0.005784
v -0.767703 -0.050000 -0.005784
v -0.767703 0.050000 -0.005784
v -0.186470 -0.050000 -0.177817
v -0.186470 0.050000 -0.177817
v -0.283342 -0.050000 -0.177817
v -0.283342 0.050000 -0.177817
v -0.280352 -0.050000 -0.232095
v -0.280352 0.050000 -0.232095
v -0.148199 -0.050000 -0.232095
v -0.148199 0.050000 -0.232095
v -0.121291 -0.050000 -0.270734
v -0.121291 0.050000 -0.270734
v 0.000099 -0.050000 -0.270734
v 0.000099 0.050000 -0.270734
v -0.026810 -0.050000 -0.232095
v -0.026810 0.050000 -0.232095
v 0.183677 -0.050000 -0.232095
v 0.183677 0.050000 -0.232095
v 0.180687 -0.050000 -0.177817
v 0.180687 0.050000 -0.177817
v -0.064483 -0.050000 -0.177817
v -0.064483 0.050000 -0.177817
v -0.131456 -0.050000 -0.082141
v -0.131456 0.050000 -0.082141
v 0.058700 -0.050000 -0.082141
v 0.058700 0.050000 -0.082141
v 0.053916 -0.050000 -0.004864
v 0.053916 0.050000 -0.004864
v 0.196833 -0.050000 -0.014064
v 0.196833 0.050000 -0.014064
v 0.193843 -0.050000 0.040214
v 0.193843 0.050000 0.040214
v 0.050927 -0.050000 0.049414
v 0.050927 0.050000 0.049414
v 0.045545 -0.050000 0.134970
v 0.045545 0.050000 0.134970
v -0.076442 -0.050000 0.134970
v -0.076442 0.050000 0.134970
v -0.071658 -0.050000 0.056773
v -0.071658 0.050000 0.056773
v -0.143416 -0.050000 0.061373
v -0.143416 0.050000 0.061373
v -0.151787 -0.050000 0.215927
v -0.151787 0.050000 0.215927
v 0.156768 -0.050000 0.215927
v 0.156768 0.050000 0.215927
v 0.153779 -0.050000 0.270205
v 0.153779 0.050000 0.270205
v -0.276764 -0.050000 0.270205
v -0.276764 0.050000 0.270205
v -0.263011 -0.050000 0.015375
v -0.263011 0.050000 0.015375
v -0.068071 -0.050000 0.002495
v -0.068071 0.050000 0.002495
v -0.066277 -0.050000 -0.027863
v -0.066277 0.050000 -0.027863
v -0.291116 -0.050000 -0.027863
v -0.291116 0.050000 -0.027863
v 0.663852 -0.050000 -0.226575
v 0.663852 0.050000 -0.226575
v 0.317026 -0.050000 -0.226575
v 0.317026 0.050000 -0.226575
v 0.320016 -0.050000 -0.281773
v 0.320016 0.050000 -0.281773
v 0.666842 -0.050000 -0.281773
v 0.666842 0.050000 -0.281773
v 0.772086 -0.050000 -0.281773
v 0.772086 0.050000 -0.281773
v 0.770890 -0.050000 -0.264294
v 0.770890 0.050000 -0.264294
v 0.837265 -0.050000 -0.270734
v 0.837265 0.050000 -0.270734
v 0.834873 -0.050000 -0.215536
v 0.834873 0.050000 -0.215536
v 0.767900 -0.050000 -0.208176
v 0.767900 0.050000 -0.208176
v 0.766704 -0.050000 -0.188857
v 0.766704 0.050000 -0.188857
v 0.832481 -0.050000 -0.186097
v 0.832481 0.050000 -0.186097
v 0.830089 -0.050000 -0.130899
v 0.830089 0.050000 -0.130899
v 0.763714 -0.050000 -0.133659
v 0.763714 0.050000 -0.133659
v 0.761920 -0.050000 -0.107900
v 0.761920 0.050000 -0.107900
v 0.828295 -0.050000 -0.107900
v 0.828295 0.050000 -0.107900
v 0.825305 -0.050000 -0.052702
v 0.825305 0.050000 -0.052702
v 0.758930 -0.050000 -0.052702
v 0.758930 0.050000 -0.052702
v 0.666842 -0.050000 -0.052702
v 0.666842 0.050000 -0.052702
v 0.653686 -0.050000 -0.052702
v 0.653686 0.050000 -0.052702
v 0.314634 -0.050000 0.023655
v 0.314634 0.050000 0.023655
v 0.284735 -0.050000 0.023655
v 0.284735 0.050000 0.023655
v 0.287725 -0.050000 -0.031543
v 0.287725 0.050000 -0.031543
v 0.321810 -0.050000 -0.031543
v 0.321810 0.050000 -0.031543
v 0.331377 -0.050000 -0.106060
v 0.331377 0.050000 -0.106060
v 0.306262 -0.050000 -0.101460
v 0.306262 0.050000 -0.101460
v 0.309252 -0.050000 -0.156658
v 0.309252 0.050000 -0.156658
v 0.470706 -0.050000 -0.186097
v 0.470706 0.050000 -0.186097
v 0.467716 -0.050000 -0.130899
v 0.467716 0.050000 -0.130899
v 0.434229 -0.050000 -0.124459
v 0.434229 0.050000 -0.124459
v 0.422270 -0.050000 -0.031543
v 0.422270 0.050000 -0.031543
v 0.480871 -0.050000 -0.031543
v 0.480871 0.050000 -0.031543
v 0.489841 -0.050000 -0.189777
v 0.489841 0.050000 -0.189777
v 0.599869 -0.050000 -0.189777
v 0.599869 0.050000 -0.189777
v 0.590899 -0.050000 -0.031543
v 0.590899 0.050000 -0.031543
v 0.651892 -0.050000 -0.031543
v 0.651892 0.050000 -0.031543
v 0.757136 -0.050000 -0.031543
v 0.757136 0.050000 -0.031543
v 0.753548 -0.050000 0.026415
v 0.753548 0.050000 0.026415
v 0.821120 -0.050000 0.012615
v 0.821120 0.050000 0.012615
v 0.818728 -0.050000 0.067813
v 0.818728 0.050000 0.067813
v 0.750558 -0.050000 0.081612
v 0.750558 0.050000 0.081612
v 0.748765 -0.050000 0.112891
v 0.748765 0.050000 0.112891
v 0.815738 -0.050000 0.119331
v 0.815738 0.050000 0.119331
v 0.813346 -0.050000 0.174529
v 0.813346 0.050000 0.174529
v 0.745177 -0.050000 0.168089
v 0.745177 0.050000 0.168089
v 0.742187 -0.050000 0.215007
v 0.742187 0.050000 0.215007
v 0.810356 -0.050000 0.215007
v 0.810356 0.050000 0.215007
v 0.807366 -0.050000 0.270205
v 0.807366 0.050000 0.270205
v 0.739197 -0.050000 0.270205
v 0.739197 0.050000 0.270205
v 0.647109 -0.050000 0.270205
v 0.647109 0.050000 0.270205
v 0.633953 -0.050000 0.270205
v 0.633953 0.050000 0.270205
v 0.648903 -0.050000 0.023655
v 0.648903 0.050000 0.023655
v 0.587909 -0.050000 0.023655
v 0.587909 0.050000 0.023655
v 0.573558 -0.050000 0.270205
v 0.573558 0.050000 0.270205
v 0.463530 -0.050000 0.270205
v 0.463530 0.050000 0.270205
v 0.477881 -0.050000 0.023655
v 0.477881 0.050000 0.023655
v 0.415094 -0.050000 0.023655
v 0.415094 0.050000 0.023655
v 0.382205 -0.050000 0.270205
v 0.382205 0.050000 0.270205
v 0.281745 -0.050000 0.270205
v 0.281745 0.050000 0.270205
v 1.256446 -0.050000 -0.149298
v 1.256446 0.050000 -0.149298
v 1.084229 -0.050000 -0.149298
v 1.084229 0.050000 -0.149298
v 1.087219 -0.050000 -0.203576
v 1.087219 0.050000 -0.203576
v 1.259436 -0.050000 -0.203576
v 1.259436 0.050000 -0.203576
v 1.263622 -0.050000 -0.270734
v 1.263622 0.050000 -0.270734
v 1.354515 -0.050000 -0.270734
v 1.354515 0.050000 -0.270734
v 1.349133 -0.050000 -0.180577
v 1.349133 0.050000 -0.180577
v 1.368866 -0.050000 -0.180577
v 1.368866 0.050000 -0.180577
v 1.374248 -0.050000 -0.270734
v 1.374248 0.050000 -0.270734
v 1.399961 -0.050000 -0.270734
v 1.399961 0.050000 -0.270734
v 1.394579 -0.050000 -0.180577
v 1.394579 0.050000 -0.180577
v 1.413714 -0.050000 -0.180577
v 1.413714 0.050000 -0.180577
v 1.419096 -0.050000 -0.270734
v 1.419096 0.050000 -0.270734
v 1.444809 -0.050000 -0.270734
v 1.444809 0.050000 -0.270734
v 1.439427 -0.050000 -0.180577
v 1.439427 0.050000 -0.180577
v 1.438231 -0.050000 -0.149298
v 1.438231 0.050000 -0.149298
v 1.379031 -0.050000 -0.149298
v 1.379031 0.050000 -0.149298
v 1.367072 -0.050000 0.050334
v 1.367072 0.050000 0.050334
v 1.426870 -0.050000 0.050334
v 1.426870 0.050000 0.050334
v 1.423880 -0.050000 0.104611
v 1.423880 0.050000 0.104611
v 1.364082 -0.050000 0.104611
v 1.364082 0.050000 0.104611
v 1.353917 -0.050000 0.270205
v 1.353917 0.050000 0.270205
v 1.065692 -0.050000 0.270205
v 1.065692 0.050000 0.270205
v 1.077652 -0.050000 0.050334
v 1.077652 0.050000 0.050334
v 1.245085 -0.050000 0.050334
v 1.245085 0.050000 0.050334
v 1.028019 -0.050000 0.270205
v 1.028019 0.050000 0.270205
v 0.896465 -0.050000 0.270205
v 0.896465 0.050000 0.270205
v 0.927560 -0.050000 -0.270734
v 0.927560 0.050000 -0.270734
v 1.059114 -0.050000 -0.270734
v 1.059114 0.050000 -0.270734
v 1.171534 -0.050000 0.215927
v 1.171534 0.050000 0.215927
v 1.234919 -0.050000 0.215927
v 1.234919 0.050000 0.215927
v 1.241497 -0.050000 0.104611
v 1.241497 0.050000 0.104611
v 1.178112 -0.050000 0.104611
v 1.178112 0.050000 0.104611
v 1.826916 -0.050000 -0.175977
v 1.826916 0.050000 -0.175977
v 1.537495 -0.050000 -0.175977
v 1.537495 0.050000 -0.175977
v 1.540485 -0.050000 -0.230255
v 1.540485 0.050000 -0.230255
v 1.830503 -0.050000 -0.230255
v 1.830503 0.050000 -0.230255
v 1.832895 -0.050000 -0.272574
v 1.832895 0.050000 -0.272574
v 1.954285 -0.050000 -0.272574
v 1.954285 0.050000 -0.272574
v 1.951892 -0.050000 -0.230255
v 1.951892 0.050000 -0.230255
v 2.043981 -0.050000 -0.230255
v 2.043981 0.050000 -0.230255
v 2.040991 -0.050000 -0.175977
v 2.040991 0.050000 -0.175977
v 1.948903 -0.050000 -0.175977
v 1.948903 0.050000 -0.175977
v 1.930964 -0.050000 0.133130
v 1.930964 0.050000 0.133130
v 1.912426 -0.050000 0.270205
v 1.912426 0.050000 0.270205
v 1.790439 -0.050000 0.270205
v 1.790439 0.050000 0.270205
v 1.808976 -0.050000 0.133130
v 1.808976 0.050000 0.133130
v 1.563208 -0.050000 0.133130
v 1.563208 0.050000 0.133130
v 1.575168 -0.050000 -0.086741
v 1.575168 0.050000 -0.086741
v 1.822132 -0.050000 -0.086741
v 1.822132 0.050000 -0.086741
v 1.811966 -0.050000 0.078852
v 1.811966 0.050000 0.078852
v 1.818544 -0.050000 -0.032463
v 1.818544 0.050000 -0.032463
v 1.694165 -0.050000 -0.032463
v 1.694165 0.050000 -0.032463
v 1.688185 -0.050000 0.078852
v 1.688185 0.050000 0.078852
v 2.335196 -0.050000 -0.200816
v 2.335196 0.050000 -0.200816
v 2.172546 -0.050000 -0.200816
v 2.172546 0.050000 -0.200816
v 2.175536 -0.050000 -0.256014
v 2.175536 0.050000 -0.256014
v 2.637174 -0.050000 -0.256014
v 2.637174 0.050000 -0.256014
v 2.634183 -0.050000 -0.200816
v 2.634183 0.050000 -0.200816
v 2.469142 -0.050000 -0.200816
v 2.469142 0.050000 -0.200816
v 2.445223 -0.050000 0.215007
v 2.445223 0.050000 0.215007
v 2.634781 -0.050000 0.215007
v 2.634781 0.050000 0.215007
v 2.631792 -0.050000 0.270205
v 2.631792 0.050000 0.270205
v 2.118130 -0.050000 0.270205
v 2.118130 0.050000 0.270205
v 2.121120 -0.050000 0.215007
v 2.121120 0.050000 0.215007
v 2.311874 -0.050000 0.215007
v 2.311874 0.050000 0.215007
v 3.037219 -0.050000 -0.175057
v 3.037219 0.050000 -0.175057
v 2.772913 -0.050000 -0.175057
v 2.772913 0.050000 -0.175057
v 2.775903 -0.050000 -0.230255
v 2.775903 0.050000 -0.230255
v 2.949317 -0.050000 -0.230255
v 2.949317 0.050000 -0.230255
v 2.951708 -0.050000 -0.281773
v 2.951708 0.050000 -0.281773
v 3.085655 -0.050000 -0.281773
v 3.085655 0.050000 -0.281773
v 3.083263 -0.050000 -0.230255
v 3.083263 0.050000 -0.230255
v 3.092831 -0.050000 -0.230255
v 3.092831 0.050000 -0.230255
v 3.094027 -0.050000 -0.231175
v 3.094027 0.050000 -0.231175
v 3.256676 -0.050000 -0.231175
v 3.256676 0.050000 -0.231175
v 3.255480 -0.050000 -0.230255
v 3.255480 0.050000 -0.230255
v 3.256676 -0.050000 -0.230255
v 3.256676 0.050000 -0.230255
v 3.244119 -0.050000 -0.219216
v 3.244119 0.050000 -0.219216
v 3.098811 -0.050000 -0.074781
v 3.098811 0.050000 -0.074781
v 3.265048 -0.050000 0.132210
v 3.265048 0.050000 0.132210
v 3.131699 -0.050000 0.132210
v 3.131699 0.050000 0.132210
v 3.075490 -0.050000 0.058613
v 3.075490 0.050000 0.058613
v 3.063530 -0.050000 0.270205
v 3.063530 0.050000 0.270205
v 2.930181 -0.050000 0.270205
v 2.930181 0.050000 0.270205
v 2.940945 -0.050000 0.080692
v 2.940945 0.050000 0.080692
v 2.888921 -0.050000 0.132210
v 2.888921 0.050000 0.132210
v 2.726870 -0.050000 0.132210
v 2.726870 0.050000 0.132210
v 3.464772 -0.050000 0.270205
v 3.464772 0.050000 0.270205
v 3.340393 -0.050000 0.270205
v 3.340393 0.050000 0.270205
v 3.400190 -0.050000 -0.219216
v 3.400190 0.050000 -0.219216
v 3.524570 -0.050000 -0.219216
v 3.524570 0.050000 -0.219216
v 3.869602 -0.050000 0.270205
v 3.869602 0.050000 0.270205
v 3.581975 -0.050000 0.270205
v 3.581975 0.050000 0.270205
v 3.613070 -0.050000 -0.281773
v 3.613070 0.050000 -0.281773
v 3.747016 -0.050000 -0.281773
v 3.747016 0.050000 -0.281773
v 3.718314 -0.050000 0.215007
v 3.718314 0.050000 0.215007
v 3.872591 -0.050000 0.215007
v 3.872591 0.050000 0.215007
v 4.511828 -0.050000 -0.281773
v 4.511828 0.050000 -0.281773
v 4.506446 -0.050000 -0.189777
v 4.506446 0.050000 -0.189777
v 4.496879 -0.050000 -0.189777
v 4.496879 0.050000 -0.189777
v 4.495085 -0.050000 -0.156658
v 4.495085 0.050000 -0.156658
v 4.298351 -0.050000 -0.156658
v 4.298351 0.050000 -0.156658
v 4.294165 -0.050000 0.023655
v 4.294165 0.050000 0.023655
v 4.488507 -0.050000 0.023655
v 4.488507 0.050000 0.023655
v 4.485518 -0.050000 0.078852
v 4.485518 0.050000 0.078852
v 4.292969 -0.050000 0.078852
v 4.292969 0.050000 0.078852
v 4.288783 -0.050000 0.270205
v 4.288783 0.050000 0.270205
v 4.155434 -0.050000 0.270205
v 4.155434 0.050000 0.270205
v 4.159620 -0.050000 0.078852
v 4.159620 0.050000 0.078852
v 3.966474 -0.050000 0.078852
v 3.966474 0.050000 0.078852
v 3.969464 -0.050000 0.023655
v 3.969464 0.050000 0.023655
v 4.160816 -0.050000 0.023655
v 4.160816 0.050000 0.023655
v 4.164404 -0.050000 -0.156658
v 4.164404 0.050000 -0.156658
v 3.976042 -0.050000 -0.156658
v 3.976042 0.050000 -0.156658
v 3.979032 -0.050000 -0.211856
v 3.979032 0.050000 -0.211856
v 4.165600 -0.050000 -0.211856
v 4.165600 0.050000 -0.211856
v 4.167394 -0.050000 -0.281773
v 4.167394 0.050000 -0.281773
v 4.301341 -0.050000 -0.281773
v 4.301341 0.050000 -0.281773
v 4.299547 -0.050000 -0.211856
v 4.299547 0.050000 -0.211856
v 4.415554 -0.050000 -0.211856
v 4.415554 0.050000 -0.211856
v 4.414358 -0.050000 -0.189777
v 4.414358 0.050000 -0.189777
v 4.434689 -0.050000 -0.189777
v 4.434689 0.050000 -0.189777
v 4.440071 -0.050000 -0.281773
v 4.440071 0.050000 -0.281773
v 4.466382 -0.050000 -0.281773
v 4.466382 0.050000 -0.281773
v 4.461000 -0.050000 -0.189777
v 4.461000 0.050000 -0.189777
v 4.480135 -0.050000 -0.189777
v 4.480135 0.050000 -0.189777
v 4.485518 -0.050000 -0.281773
v 4.485518 0.050000 -0.281773
v 5.094855 -0.050000 0.064133
v 5.094855 0.050000 0.064133
v 4.580595 -0.050000 0.064133
v 4.580595 0.050000 0.064133
v 4.583585 -0.050000 0.008935
v 4.583585 0.050000 0.008935
v 5.097845 -0.050000 0.008935
v 5.097845 0.050000 0.008935
v 5.250329 -0.050000 -0.176897
v 5.250329 0.050000 -0.176897
v 5.209069 -0.050000 -0.176897
v 5.209069 0.050000 -0.176897
v 5.212059 -0.050000 -0.231175
v 5.212059 0.050000 -0.231175
v 5.256308 -0.050000 -0.231175
v 5.256308 0.050000 -0.231175
v 5.260495 -0.050000 -0.270734
v 5.260495 0.050000 -0.270734
v 5.392049 -0.050000 -0.270734
v 5.392049 0.050000 -0.270734
v 5.387864 -0.050000 -0.231175
v 5.387864 0.050000 -0.231175
v 5.638415 -0.050000 -0.231175
v 5.638415 0.050000 -0.231175
v 5.635425 -0.050000 -0.176897
v 5.635425 0.050000 -0.176897
v 5.381883 -0.050000 -0.176897
v 5.381883 0.050000 -0.176897
v 5.333447 -0.050000 0.270205
v 5.333447 0.050000 0.270205
v 5.201892 -0.050000 0.270205
v 5.201892 0.050000 0.270205
v 5.701203 -0.050000 0.270205
v 5.701203 0.050000 0.270205
v 5.415370 -0.050000 0.241686
v 5.415370 0.050000 0.241686
v 5.418360 -0.050000 0.187408
v 5.418360 0.050000 0.187408
v 5.704193 -0.050000 0.215927
v 5.704193 0.050000 0.215927
v 5.694026 -0.050000 -0.014984
v 5.694026 0.050000 -0.014984
v 5.441082 -0.050000 -0.014984
v 5.441082 0.050000 -0.014984
v 5.444073 -0.050000 -0.068342
v 5.444073 0.050000 -0.068342
v 5.697016 -0.050000 -0.068342
v 5.697016 0.050000 -0.068342
v 5.731102 -0.050000 -0.270734
v 5.731102 0.050000 -0.270734
v 5.725719 -0.050000 -0.180577
v 5.725719 0.050000 -0.180577
v 5.700006 -0.050000 -0.180577
v 5.700006 0.050000 -0.180577
v 5.705389 -0.050000 -0.270734
v 5.705389 0.050000 -0.270734
v 5.686253 -0.050000 -0.270734
v 5.686253 0.050000 -0.270734
v 5.681469 -0.050000 -0.180577
v 5.681469 0.050000 -0.180577
v 5.655756 -0.050000 -0.180577
v 5.655756 0.050000 -0.180577
v 5.660540 -0.050000 -0.270734
v 5.660540 0.050000 -0.270734
vn -0.0000 1.0000 -0.0000
vn -0.0000 -1.0000 -0.0000
vn -0.8601 -0.0000 0.5102
vn 0.8140 -0.0000 0.5808
vn -0.8145 -0.0000 -0.5801
vn 0.8604 -0.0000 -0.5095
vn 0.8145 -0.0000 0.5801
vn -0.8606 -0.0000 0.5094
vn -0.8605 -0.0000 0.5094
vn 0.8600 -0.0000 -0.5102
vn -0.8139 -0.0000 -0.5810
vn 0.8601 -0.0000 -0.5102
vn -0.8898 -0.0000 0.4563
vn 0.7718 -0.0000 0.6359
vn 0.7882 -0.0000 0.6155
vn -0.8798 -0.0000 0.4754
vn -0.7878 -0.0000 -0.6160
vn 0.8808 -0.0000 -0.4734
vn 0.8582 -0.0000 -0.5133
vn 0.8168 -0.0000 0.5770
vn 0.8167 -0.0000 0.5770
vn -0.8406 -0.0000 0.5416
vn 0.8351 -0.0000 0.5500
vn -0.8362 -0.0000 -0.5484
vn 0.8417 -0.0000 -0.5399
vn -0.8363 -0.0000 -0.5483
vn 0.8417 -0.0000 -0.5400
vn -0.9057 -0.0000 0.4240
vn 0.7424 -0.0000 0.6700
vn -0.7424 -0.0000 -0.6700
vn 0.9057 -0.0000 -0.4240
vn -0.8590 -0.0000 0.5120
vn 0.8150 -0.0000 0.5795
vn 0.8149 -0.0000 0.5796
vn -0.8159 -0.0000 -0.5783
vn 0.8592 -0.0000 -0.5117
vn -0.8159 -0.0000 -0.5782
vn 0.8591 -0.0000 -0.5117
vn -0.8585 -0.0000 0.5128
vn -0.9688 -0.0000 0.2479
vn -0.8164 -0.0000 -0.5775
vn -0.5185 -0.0000 -0.8551
vn 0.9687 -0.0000 -0.2482
vn 0.8585 -0.0000 -0.5127
vn 0.9687 -0.0000 -0.2481
vn 0.8164 -0.0000 0.5775
vn 0.8585 -0.0000 -0.5128
vn 0.5171 -0.0000 0.8559
vn 0.9689 -0.0000 -0.2473
vn 0.8609 -0.0000 -0.5088
vn 0.8513 -0.0000 -0.5247
vn 0.8489 -0.0000 -0.5286
vn 0.8275 -0.0000 0.5614
vn 0.8488 -0.0000 -0.5287
vn 0.8244 -0.0000 0.5660
vn 0.8276 -0.0000 0.5614
vn 0.8131 -0.0000 0.5821
vn -0.8606 -0.0000 0.5092
vn -0.8511 -0.0000 0.5250
vn 0.8279 -0.0000 0.5609
vn -0.8511 -0.0000 0.5251
vn -0.8582 -0.0000 0.5134
vn -0.8283 -0.0000 -0.5603
vn -0.8581 -0.0000 0.5134
vn -0.8262 -0.0000 -0.5633
vn -0.8599 -0.0000 0.5105
vn -0.9688 -0.0000 0.2478
vn -0.8599 -0.0000 0.5104
vn -0.8582 -0.0000 0.5133
vn -0.8597 -0.0000 0.5108
vn -0.8168 -0.0000 -0.5770
vn -0.0000 -0.0000 -1.0000
vn 0.8631 -0.0000 -0.5050
vn 0.8486 -0.0000 -0.5290
vn 0.8631 -0.0000 -0.5051
vn 0.8393 -0.0000 -0.5436
vn 0.8396 -0.0000 0.5432
vn 0.8325 -0.0000 0.5541
vn 0.8669 -0.0000 -0.4985
vn 0.8606 -0.0000 -0.5092
vn 0.8139 -0.0000 0.5810
vn 0.8025 -0.0000 0.5966
vn 0.8635 -0.0000 -0.5044
vn 0.8026 -0.0000 0.5966
vn -0.0000 -0.0000 1.0000
vn -0.8835 -0.0000 0.4684
vn -0.7843 -0.0000 -0.6204
vn -0.8567 -0.0000 0.5158
vn -0.7843 -0.0000 -0.6203
vn -0.8295 -0.0000 0.5585
vn -0.8469 -0.0000 -0.5317
vn -0.8295 -0.0000 0.5586
vn 0.8296 -0.0000 -0.5583
vn -0.8470 -0.0000 -0.5317
vn 0.8485 -0.0000 0.5292
vn 0.8296 -0.0000 -0.5584
vn 0.8200 -0.0000 0.5723
vn 0.8822 -0.0000 -0.4710
vn -0.8157 -0.0000 -0.5785
vn 0.8821 -0.0000 -0.4710
vn 0.8591 -0.0000 -0.5118
vn 0.8591 -0.0000 -0.5119
vn 0.8290 -0.0000 -0.5592
vn 0.8215 -0.0000 -0.5702
vn 0.8539 -0.0000 0.5205
vn 0.8215 -0.0000 -0.5701
vn 0.8488 -0.0000 0.5287
vn 0.8729 -0.0000 -0.4879
vn 0.8488 -0.0000 0.5286
vn 0.8683 -0.0000 -0.4960
vn 0.8042 -0.0000 0.5943
vn 0.7952 -0.0000 0.6064
vn 0.8615 -0.0000 -0.5078
vn -0.8605 -0.0000 0.5095
vn -0.8604 -0.0000 0.5096
vn 0.8151 -0.0000 0.5794
vn -0.8596 -0.0000 0.5109
vn -0.8596 -0.0000 0.5110
vn 0.7820 -0.0000 0.6233
vn 0.7820 -0.0000 0.6232
vn -0.8586 -0.0000 0.5127
vn -0.8592 -0.0000 0.5117
vn -0.8134 -0.0000 -0.5818
vn -0.8133 -0.0000 -0.5818
vn 0.8601 -0.0000 -0.5101
vn -0.8145 -0.0000 -0.5802
vn 0.9988 -0.0000 0.0489
vn 0.8233 -0.0000 0.5676
vn 0.8143 -0.0000 0.5804
vn 0.8602 -0.0000 -0.5100
vn 0.8144 -0.0000 0.5804
vn 0.8137 -0.0000 0.5813
vn 0.8137 -0.0000 0.5812
vn -0.8583 -0.0000 0.5131
vn -0.8167 -0.0000 -0.5771
vn -0.8583 -0.0000 0.5132
vn -0.8156 -0.0000 -0.5786
vn -0.8594 -0.0000 0.5114
vn 0.8154 -0.0000 0.5789
vn -0.8154 -0.0000 -0.5789
vn 0.8594 -0.0000 -0.5114
vn -0.8147 -0.0000 -0.5799
vn 0.8599 -0.0000 -0.5105
vn 0.8599 -0.0000 -0.5104
vn 0.8147 -0.0000 0.5799
vn -0.8585 -0.0000 0.5127
vn -0.8580 -0.0000 0.5136
vn -0.8158 -0.0000 -0.5783
vn -0.8158 -0.0000 -0.5784
vn 0.8590 -0.0000 -0.5119
vn 0.8151 -0.0000 0.5793
vn 0.9954 -0.0000 0.0959
vn 0.7812 -0.0000 0.6243
vn -0.8841 -0.0000 0.4674
vn -0.8170 -0.0000 -0.5766
vn 0.8170 -0.0000 0.5767
vn 0.8581 -0.0000 -0.5135
vn -0.8589 -0.0000 0.5122
vn 0.8153 -0.0000 0.5790
vn 0.8594 -0.0000 -0.5113
vn -0.8160 -0.0000 -0.5781
vn -0.9822 -0.0000 0.1876
vn -0.9822 -0.0000 0.1877
vn -0.8200 -0.0000 -0.5724
vn 0.8555 -0.0000 -0.5178
vn -0.3413 -0.0000 -0.9400
vn -0.3416 -0.0000 -0.9398
vn 0.9884 -0.0000 -0.1516
vn 0.9884 -0.0000 -0.1518
vn 0.9854 -0.0000 -0.1701
vn 0.6832 -0.0000 0.7302
vn 0.9994 -0.0000 0.0347
vn 0.9745 -0.0000 0.2243
vn -0.4926 -0.0000 0.8703
vn 0.9745 -0.0000 0.2242
vn 0.5339 -0.0000 0.8456
vn -0.4926 -0.0000 0.8702
vn 0.8158 -0.0000 0.5784
vn -0.8591 -0.0000 0.5118
vn -0.6804 -0.0000 0.7328
vn 0.4121 -0.0000 0.9111
vn -0.6804 -0.0000 0.7329
vn -0.8802 -0.0000 0.4746
vn 0.7871 -0.0000 0.6168
vn -0.7871 -0.0000 -0.6168
vn 0.8802 -0.0000 -0.4746
vn 0.8168 -0.0000 0.5769
vn 0.8595 -0.0000 -0.5112
vn 0.8597 -0.0000 -0.5108
vn 0.8149 -0.0000 0.5795
vn 0.8294 -0.0000 0.5587
vn 0.8472 -0.0000 -0.5313
vn 0.8299 -0.0000 0.5579
vn -0.8467 -0.0000 0.5321
vn -0.8307 -0.0000 -0.5567
vn -0.8459 -0.0000 0.5333
vn -0.8284 -0.0000 -0.5601
vn 0.8481 -0.0000 -0.5299
vn -0.8150 -0.0000 -0.5795
vn -0.8760 -0.0000 0.4823
vn -0.8760 -0.0000 0.4824
vn -0.7945 -0.0000 -0.6073
vn 0.8752 -0.0000 -0.4837
vn 0.8752 -0.0000 -0.4838
vn 0.7934 -0.0000 0.6087
vn 0.7934 -0.0000 0.6088
vn -0.8727 -0.0000 0.4883
vn 0.7981 -0.0000 0.6026
vn 0.7980 -0.0000 0.6026
vn -0.7980 -0.0000 -0.6026
vn 0.8727 -0.0000 -0.4883
vn 0.8160 -0.0000 0.5781
vn 0.8589 -0.0000 -0.5122
vn 0.8145 -0.0000 0.5802
vn -0.8601 -0.0000 0.5101
vn 0.8172 -0.0000 0.5763
vn 0.8578 -0.0000 -0.5139
vn -0.8579 -0.0000 0.5139
vn -0.8172 -0.0000 -0.5763
vn -0.8578 -0.0000 0.5139
vt 0.370370 0.000000
vt 0.000000 0.000000
vt 0.407407 0.000000
vt 0.074074 0.000000
vt 0.037037 0.000000
vt 0.111111 0.000000
vt 0.333333 0.000000
vt 0.222222 0.000000
vt 0.148148 0.000000
vt 0.185185 0.000000
vt 1.000000 0.000000
vt 0.925926 0.000000
vt 0.888889 0.000000
vt 0.962963 0.000000
vt 0.777778 0.000000
vt 0.740741 0.000000
vt 0.851852 0.000000
vt 0.814815 0.000000
vt 0.518519 0.000000
vt 0.481481 0.000000
vt 0.444444 0.000000
vt 0.555556 0.000000
vt 0.666667 0.000000
vt 0.629630 0.000000
vt 0.592593 0.000000
vt 0.296296 0.000000
vt 0.259259 0.000000
vt 0.703704 0.000000
vt 0.448276 0.000000
vt 0.413793 0.000000
vt 0.379310 0.000000
vt 0.482759 0.000000
vt 0.172414 0.000000
vt 0.137931 0.000000
vt 0.517241 0.000000
vt 0.620690 0.000000
vt 0.724138 0.000000
vt 0.655172 0.000000
vt 0.344828 0.000000
vt 0.310345 0.000000
vt 0.275862 0.000000
vt 0.586207 0.000000
vt 0.551724 0.000000
vt 0.862069 0.000000
vt 0.827586 0.000000
vt 0.931035 0.000000
vt 0.896552 0.000000
vt 0.034483 0.000000
vt 0.068966 0.000000
vt 0.103448 0.000000
vt 0.965517 0.000000
vt 0.793103 0.000000
vt 0.241379 0.000000
vt 0.206897 0.000000
vt 0.758621 0.000000
vt 0.689655 0.000000
vt 0.952381 0.000000
vt 0.904762 0.000000
vt 0.809524 0.000000
vt 0.761905 0.000000
vt 0.142857 0.000000
vt 0.047619 0.000000
vt 0.190476 0.000000
vt 0.857143 0.000000
vt 0.095238 0.000000
vt 0.380952 0.000000
vt 0.619048 0.000000
vt 0.285714 0.000000
vt 0.476190 0.000000
vt 0.571429 0.000000
vt 0.523810 0.000000
vt 0.714286 0.000000
vt 0.238095 0.000000
vt 0.428571 0.000000
vt 0.909091 0.000000
vt 0.818182 0.000000
vt 0.181818 0.000000
vt 0.090909 0.000000
vt 0.545455 0.000000
vt 0.727273 0.000000
vt 0.636364 0.000000
vt 0.363636 0.000000
vt 0.272727 0.000000
vt 0.454545 0.000000
vt 0.750000 0.000000
vt 0.700000 0.000000
vt 0.650000 0.000000
vt 0.850000 0.000000
vt 0.950000 0.000000
vt 0.300000 0.000000
vt 0.450000 0.000000
vt 0.400000 0.000000
vt 0.350000 0.000000
vt 0.800000 0.000000
vt 0.150000 0.000000
vt 0.200000 0.000000
vt 0.250000 0.000000
vt 0.600000 0.000000
vt 0.550000 0.000000
vt 0.500000 0.000000
vt 0.900000 0.000000
vt 0.100000 0.000000
vt 0.050000 0.000000
vt 0.843750 0.000000
vt 0.812500 0.000000
vt 0.781250 0.000000
vt 0.968750 0.000000
vt 0.937500 0.000000
vt 0.906250 0.000000
vt 0.687500 0.000000
vt 0.718750 0.000000
vt 0.062500 0.000000
vt 0.031250 0.000000
vt 0.093750 0.000000
vt 0.218750 0.000000
vt 0.187500 0.000000
vt 0.468750 0.000000
vt 0.437500 0.000000
vt 0.343750 0.000000
vt 0.375000 0.000000
vt 0.406250 0.000000
vt 0.531250 0.000000
vt 0.625000 0.000000
vt 0.593750 0.000000
vt 0.562500 0.000000
vt 0.312500 0.000000
vt 0.281250 0.000000
vt 0.656250 0.000000
vt 0.125000 0.000000
vt 0.156250 0.000000
vt 0.875000 0.000000
vt 0.368421 0.000000
vt 0.350877 0.000000
vt 0.964912 0.000000
vt 0.508772 0.000000
vt 0.385965 0.000000
vt 0.403509 0.000000
vt 0.491228 0.000000
vt 0.982456 0.000000
vt 0.438596 0.000000
vt 0.421053 0.000000
vt 0.912281 0.000000
vt 0.947368 0.000000
vt 0.929825 0.000000
vt 0.842105 0.000000
vt 0.877193 0.000000
vt 0.859649 0.000000
vt 0.578947 0.000000
vt 0.894737 0.000000
vt 0.596491 0.000000
vt 0.526316 0.000000
vt 0.543860 0.000000
vt 0.561404 0.000000
vt 0.473684 0.000000
vt 0.456140 0.000000
vt 0.280702 0.000000
vt 0.228070 0.000000
vt 0.298246 0.000000
vt 0.210526 0.000000
vt 0.157895 0.000000
vt 0.087719 0.000000
vt 0.140351 0.000000
vt 0.122807 0.000000
vt 0.105263 0.000000
vt 0.771930 0.000000
vt 0.824561 0.000000
vt 0.807018 0.000000
vt 0.789474 0.000000
vt 0.701754 0.000000
vt 0.754386 0.000000
vt 0.736842 0.000000
vt 0.719298 0.000000
vt 0.631579 0.000000
vt 0.684211 0.000000
vt 0.649123 0.000000
vt 0.263158 0.000000
vt 0.245614 0.000000
vt 0.192982 0.000000
vt 0.175439 0.000000
vt 0.052632 0.000000
vt 0.070175 0.000000
vt 0.315789 0.000000
vt 0.035088 0.000000
vt 0.017544 0.000000
vt 0.614035 0.000000
vt 0.250000 1.000000
vt 0.000000 1.000000
vt 0.500000 1.000000
vt 0.750000 1.000000
vt 1.000000 1.000000
vt 0.083333 1.000000
vt 0.166667 1.000000
vt 0.083333 0.000000
vt 0.166667 0.000000
vt 0.333333 1.000000
vt 0.416667 1.000000
vt 0.416667 0.000000
vt 0.583333 1.000000
vt 0.666667 1.000000
vt 0.583333 0.000000
vt 0.833333 1.000000
vt 0.916667 1.000000
vt 0.833333 0.000000
vt 0.916667 0.000000
vt 0.125000 1.000000
vt 0.375000 1.000000
vt 0.625000 1.000000
vt 0.875000 1.000000
vt 0.035714 1.000000
vt 0.071429 1.000000
vt 0.035714 0.000000
vt 0.107143 1.000000
vt 0.071429 0.000000
vt 0.142857 1.000000
vt 0.107143 0.000000
vt 0.178571 1.000000
vt 0.214286 1.000000
vt 0.178571 0.000000
vt 0.214286 0.000000
vt 0.285714 1.000000
vt 0.321429 1.000000
vt 0.357143 1.000000
vt 0.321429 0.000000
vt 0.392857 1.000000
vt 0.357143 0.000000
vt 0.428571 1.000000
vt 0.392857 0.000000
vt 0.464286 1.000000
vt 0.464286 0.000000
vt 0.535714 1.000000
vt 0.571429 1.000000
vt 0.535714 0.000000
vt 0.607143 1.000000
vt 0.642857 1.000000
vt 0.607143 0.000000
vt 0.678571 1.000000
vt 0.642857 0.000000
vt 0.714286 1.000000
vt 0.678571 0.000000
vt 0.785714 1.000000
vt 0.821429 1.000000
vt 0.785714 0.000000
vt 0.857143 1.000000
vt 0.821429 0.000000
vt 0.892857 1.000000
vt 0.928571 1.000000
vt 0.892857 0.000000
vt 0.964286 1.000000
vt 0.928571 0.000000
vt 0.964286 0.000000
vt 0.052632 1.000000
vt 0.105263 1.000000
vt 0.157895 1.000000
vt 0.210526 1.000000
vt 0.263158 1.000000
vt 0.315789 1.000000
vt 0.368421 1.000000
vt 0.421053 1.000000
vt 0.473684 1.000000
vt 0.526316 1.000000
vt 0.578947 1.000000
vt 0.631579 1.000000
vt 0.684211 1.000000
vt 0.736842 1.000000
vt 0.789474 1.000000
vt 0.842105 1.000000
vt 0.894737 1.000000
vt 0.947368 1.000000
vt 0.025641 1.000000
vt 0.051282 1.000000
vt 0.025641 0.000000
vt 0.076923 1.000000
vt 0.051282 0.000000
vt 0.102564 1.000000
vt 0.076923 0.000000
vt 0.128205 1.000000
vt 0.102564 0.000000
vt 0.153846 1.000000
vt 0.128205 0.000000
vt 0.179487 1.000000
vt 0.153846 0.000000
vt 0.205128 1.000000
vt 0.179487 0.000000
vt 0.230769 1.000000
vt 0.205128 0.000000
vt 0.256410 1.000000
vt 0.230769 0.000000
vt 0.282051 1.000000
vt 0.256410 0.000000
vt 0.307692 1.000000
vt 0.282051 0.000000
vt 0.307692 0.000000
vt 0.358974 1.000000
vt 0.384615 1.000000
vt 0.358974 0.000000
vt 0.410256 1.000000
vt 0.384615 0.000000
vt 0.435897 1.000000
vt 0.410256 0.000000
vt 0.461538 1.000000
vt 0.435897 0.000000
vt 0.487179 1.000000
vt 0.461538 0.000000
vt 0.512821 1.000000
vt 0.487179 0.000000
vt 0.538462 1.000000
vt 0.512821 0.000000
vt 0.564103 1.000000
vt 0.538462 0.000000
vt 0.589744 1.000000
vt 0.564103 0.000000
vt 0.615385 1.000000
vt 0.589744 0.000000
vt 0.641026 1.000000
vt 0.615385 0.000000
vt 0.641026 0.000000
vt 0.692308 1.000000
vt 0.717949 1.000000
vt 0.692308 0.000000
vt 0.743590 1.000000
vt 0.717949 0.000000
vt 0.769231 1.000000
vt 0.743590 0.000000
vt 0.794872 1.000000
vt 0.769231 0.000000
vt 0.820513 1.000000
vt 0.794872 0.000000
vt 0.846154 1.000000
vt 0.820513 0.000000
vt 0.871795 1.000000
vt 0.846154 0.000000
vt 0.897436 1.000000
vt 0.871795 0.000000
vt 0.923077 1.000000
vt 0.897436 0.000000
vt 0.948718 1.000000
vt 0.923077 0.000000
vt 0.974359 1.000000
vt 0.948718 0.000000
vt 0.974359 0.000000
vt 0.040000 1.000000
vt 0.080000 1.000000
vt 0.040000 0.000000
vt 0.120000 1.000000
vt 0.080000 0.000000
vt 0.160000 1.000000
vt 0.120000 0.000000
vt 0.200000 1.000000
vt 0.160000 0.000000
vt 0.240000 1.000000
vt 0.280000 1.000000
vt 0.240000 0.000000
vt 0.320000 1.000000
vt 0.280000 0.000000
vt 0.360000 1.000000
vt 0.320000 0.000000
vt 0.400000 1.000000
vt 0.360000 0.000000
vt 0.440000 1.000000
vt 0.480000 1.000000
vt 0.440000 0.000000
vt 0.520000 1.000000
vt 0.480000 0.000000
vt 0.560000 1.000000
vt 0.520000 0.000000
vt 0.600000 1.000000
vt 0.560000 0.000000
vt 0.640000 1.000000
vt 0.680000 1.000000
vt 0.640000 0.000000
vt 0.720000 1.000000
vt 0.680000 0.000000
vt 0.760000 1.000000
vt 0.720000 0.000000
vt 0.800000 1.000000
vt 0.760000 0.000000
vt 0.840000 1.000000
vt 0.880000 1.000000
vt 0.840000 0.000000
vt 0.920000 1.000000
vt 0.880000 0.000000
vt 0.960000 1.000000
vt 0.920000 0.000000
vt 0.960000 0.000000
vt 0.058824 1.000000
vt 0.117647 1.000000
vt 0.058824 0.000000
vt 0.176471 1.000000
vt 0.117647 0.000000
vt 0.235294 1.000000
vt 0.176471 0.000000
vt 0.294118 1.000000
vt 0.235294 0.000000
vt 0.352941 1.000000
vt 0.294118 0.000000
vt 0.411765 1.000000
vt 0.352941 0.000000
vt 0.470588 1.000000
vt 0.411765 0.000000
vt 0.529412 1.000000
vt 0.470588 0.000000
vt 0.588235 1.000000
vt 0.529412 0.000000
vt 0.647059 1.000000
vt 0.588235 0.000000
vt 0.705882 1.000000
vt 0.647059 0.000000
vt 0.764706 1.000000
vt 0.705882 0.000000
vt 0.823529 1.000000
vt 0.764706 0.000000
vt 0.882353 1.000000
vt 0.823529 0.000000
vt 0.941176 1.000000
vt 0.882353 0.000000
vt 0.941176 0.000000
vt 0.045455 1.000000
vt 0.090909 1.000000
vt 0.045455 0.000000
vt 0.136364 1.000000
vt 0.181818 1.000000
vt 0.136364 0.000000
vt 0.227273 1.000000
vt 0.272727 1.000000
vt 0.227273 0.000000
vt 0.318182 1.000000
vt 0.363636 1.000000
vt 0.318182 0.000000
vt 0.409091 1.000000
vt 0.454545 1.000000
vt 0.409091 0.000000
vt 0.545455 1.000000
vt 0.590909 1.000000
vt 0.636364 1.000000
vt 0.590909 0.000000
vt 0.681818 1.000000
vt 0.727273 1.000000
vt 0.681818 0.000000
vt 0.772727 1.000000
vt 0.818182 1.000000
vt 0.772727 0.000000
vt 0.863636 1.000000
vt 0.909091 1.000000
vt 0.863636 0.000000
vt 0.954545 1.000000
vt 0.954545 0.000000
vt 0.033333 1.000000
vt 0.066667 1.000000
vt 0.033333 0.000000
vt 0.100000 1.000000
vt 0.066667 0.000000
vt 0.133333 1.000000
vt 0.133333 0.000000
vt 0.233333 1.000000
vt 0.266667 1.000000
vt 0.233333 0.000000
vt 0.300000 1.000000
vt 0.266667 0.000000
vt 0.366667 1.000000
vt 0.366667 0.000000
vt 0.433333 1.000000
vt 0.466667 1.000000
vt 0.433333 0.000000
vt 0.466667 0.000000
vt 0.533333 1.000000
vt 0.566667 1.000000
vt 0.533333 0.000000
vt 0.566667 0.000000
vt 0.633333 1.000000
vt 0.633333 0.000000
vt 0.700000 1.000000
vt 0.733333 1.000000
vt 0.766667 1.000000
vt 0.733333 0.000000
vt 0.766667 0.000000
vt 0.866667 1.000000
vt 0.900000 1.000000
vt 0.866667 0.000000
vt 0.933333 1.000000
vt 0.966667 1.000000
vt 0.933333 0.000000
vt 0.966667 0.000000
s 0
usemtl Material.008
f 487/182/109 477/183/109 488/184/109
f 479/185/109 478/186/109 477/183/109
f 477/183/109 480/187/109 479/185/109
f 477/183/109 487/182/109 486/188/109
f 480/187/109 477/183/109 486/188/109
f 486/188/109 483/189/109 480/187/109
f 481/190/109 480/187/109 483/189/109
f 483/189/109 482/191/109 481/190/109
f 504/192/109 502/193/109 501/194/109
f 502/193/109 504/192/109 503/195/109
f 498/196/109 497/197/109 500/198/109
f 498/196/109 500/198/109 499/199/109
f 491/200/109 490/201/109 489/202/109
f 489/202/109 492/203/109 491/200/109
f 495/204/109 494/205/109 493/206/109
f 485/207/109 484/208/109 483/189/109
f 483/189/109 486/188/109 485/207/109
f 493/206/109 496/209/109 495/204/109
f 507/204/109 506/188/109 505/183/109
f 505/183/109 508/192/109 507/204/109
f 522/210/109 521/211/109 520/212/109
f 520/212/109 523/213/109 522/210/109
f 514/214/109 513/215/109 524/216/109
f 527/217/109 524/216/109 513/215/109
f 513/215/109 530/218/109 527/217/109
f 528/219/109 527/217/109 530/218/109
f 520/212/109 519/220/109 518/221/109
f 518/221/109 517/222/109 520/212/109
f 523/213/109 520/212/109 517/222/109
f 517/222/109 514/214/109 523/213/109
f 514/214/109 524/216/109 523/213/109
f 526/223/109 525/224/109 524/216/109
f 524/216/109 527/217/109 526/223/109
f 534/225/109 533/226/109 536/227/109
f 536/227/109 535/228/109 534/225/109
f 510/229/109 509/183/109 511/230/109
f 512/231/109 511/230/109 537/232/109
f 538/192/109 537/232/109 511/230/109
f 511/230/109 509/183/109 538/192/109
f 533/226/109 532/233/109 512/231/109
f 536/227/109 533/226/109 512/231/109
f 512/231/109 537/232/109 536/227/109
f 514/214/109 517/222/109 516/234/109
f 516/234/109 515/235/109 514/214/109
f 530/218/109 513/215/109 532/233/109
f 532/233/109 531/236/109 530/218/109
f 528/219/109 530/218/109 529/237/109
f 532/233/109 513/215/109 512/231/109
f 541/189/109 540/187/109 539/183/109
f 539/183/109 542/188/109 541/189/109
f 543/202/109 548/192/109 547/194/109
f 545/204/109 547/194/109 546/196/109
f 543/202/109 547/194/109 544/203/109
f 547/194/109 545/204/109 544/203/109
f 570/192/109 569/238/109 568/239/109
f 566/240/109 565/241/109 568/239/109
f 565/241/109 549/183/109 568/239/109
f 549/183/109 552/242/109 550/243/109
f 553/244/109 552/242/109 549/183/109
f 566/240/109 568/239/109 567/245/109
f 551/246/109 550/243/109 552/242/109
f 557/247/109 556/188/109 562/248/109
f 562/248/109 556/188/109 555/249/109
f 559/250/109 561/251/109 560/252/109
f 564/253/109 563/204/109 562/248/109
f 557/247/109 562/248/109 561/251/109
f 561/251/109 559/250/109 557/247/109
f 564/253/109 562/248/109 565/241/109
f 549/183/109 565/241/109 562/248/109
f 562/248/109 555/249/109 549/183/109
f 555/249/109 554/254/109 549/183/109
f 553/244/109 549/183/109 554/254/109
f 559/250/109 558/255/109 557/247/109
f 568/239/109 549/183/109 570/192/109
f 581/256/109 580/257/109 582/192/109
f 571/183/109 573/258/109 572/259/109
f 577/260/109 579/261/109 578/262/109
f 575/263/109 574/264/109 576/265/109
f 582/192/109 580/257/109 579/261/109
f 579/261/109 577/260/109 582/192/109
f 571/183/109 582/192/109 577/260/109
f 577/260/109 576/265/109 571/183/109
f 573/258/109 571/183/109 576/265/109
f 576/265/109 574/264/109 573/258/109
f 598/266/109 597/267/109 603/192/109
f 603/192/109 597/267/109 596/268/109
f 596/268/109 600/269/109 603/192/109
f 598/266/109 603/192/109 602/270/109
f 589/271/109 592/272/109 591/273/109
f 591/273/109 590/274/109 589/271/109
f 583/183/109 599/275/109 592/272/109
f 586/276/109 583/183/109 592/272/109
f 592/272/109 589/271/109 586/276/109
f 587/277/109 586/276/109 589/271/109
f 589/271/109 588/278/109 587/277/109
f 596/268/109 595/279/109 594/280/109
f 594/280/109 593/281/109 596/268/109
f 600/269/109 596/268/109 593/281/109
f 601/282/109 600/269/109 593/281/109
f 593/281/109 592/272/109 601/282/109
f 592/272/109 599/275/109 601/282/109
f 602/270/109 601/282/109 599/275/109
f 583/183/109 586/276/109 585/283/109
f 598/266/109 602/270/109 599/275/109
f 585/283/109 584/284/109 583/183/109
f 631/285/109 630/286/109 629/287/109
f 636/192/109 635/288/109 628/266/109
f 634/289/109 633/290/109 626/291/109
f 627/292/109 626/291/109 633/290/109
f 633/290/109 636/192/109 627/292/109
f 636/192/109 628/266/109 627/292/109
f 606/293/109 605/294/109 604/183/109
f 604/183/109 607/295/109 606/293/109
f 620/281/109 611/296/109 610/297/109
f 619/298/109 618/299/109 615/300/109
f 616/301/109 615/300/109 618/299/109
f 618/299/109 617/302/109 616/301/109
f 621/303/109 624/304/109 623/305/109
f 623/305/109 622/306/109 621/303/109
f 619/298/109 615/300/109 620/281/109
f 615/300/109 614/307/109 620/281/109
f 611/296/109 620/281/109 614/307/109
f 612/278/109 611/296/109 614/307/109
f 614/307/109 613/308/109 612/278/109
f 634/289/109 626/291/109 625/309/109
f 625/309/109 624/304/109 634/289/109
f 635/288/109 634/289/109 624/304/109
f 628/266/109 635/288/109 624/304/109
f 624/304/109 621/303/109 628/266/109
f 604/183/109 628/266/109 621/303/109
f 621/303/109 620/281/109 604/183/109
f 620/281/109 610/297/109 604/183/109
f 607/295/109 604/183/109 610/297/109
f 608/310/109 607/295/109 610/297/109
f 610/297/109 609/311/109 608/310/109
f 632/312/109 631/285/109 629/287/109
f 658/313/109 657/314/109 656/188/109
f 692/315/109 666/316/109 659/317/109
f 660/318/109 659/317/109 666/316/109
f 666/316/109 665/319/109 660/318/109
f 656/188/109 694/192/109 693/320/109
f 693/320/109 692/315/109 656/188/109
f 692/315/109 659/317/109 656/188/109
f 658/313/109 656/188/109 659/317/109
f 662/321/109 661/322/109 660/318/109
f 660/318/109 665/319/109 662/321/109
f 689/323/109 691/324/109 690/325/109
f 685/326/109 687/327/109 686/328/109
f 670/329/109 688/330/109 687/327/109
f 687/327/109 671/331/109 670/329/109
f 691/324/109 689/323/109 688/330/109
f 667/332/109 691/324/109 688/330/109
f 688/330/109 670/329/109 667/332/109
f 667/332/109 670/329/109 668/333/109
f 670/329/109 669/334/109 668/333/109
f 666/316/109 692/315/109 691/324/109
f 691/324/109 667/332/109 666/316/109
f 664/335/109 663/336/109 665/319/109
f 653/337/109 650/338/109 654/339/109
f 650/338/109 649/340/109 654/339/109
f 637/183/109 654/339/109 649/340/109
f 649/340/109 646/341/109 637/183/109
f 642/342/109 645/343/109 644/344/109
f 644/344/109 643/345/109 642/342/109
f 681/346/109 684/347/109 683/348/109
f 683/348/109 682/349/109 681/346/109
f 677/350/109 680/351/109 679/352/109
f 679/352/109 678/353/109 677/350/109
f 673/354/109 676/355/109 675/204/109
f 675/204/109 674/356/109 673/354/109
f 650/338/109 653/337/109 652/357/109
f 652/357/109 651/358/109 650/338/109
f 646/341/109 649/340/109 648/359/109
f 648/359/109 647/360/109 646/341/109
f 637/183/109 646/341/109 645/343/109
f 645/343/109 642/342/109 637/183/109
f 640/361/109 637/183/109 642/342/109
f 642/342/109 641/362/109 640/361/109
f 684/347/109 681/346/109 685/326/109
f 681/346/109 680/351/109 685/326/109
f 687/327/109 685/326/109 680/351/109
f 680/351/109 677/350/109 687/327/109
f 677/350/109 676/355/109 687/327/109
f 676/355/109 673/354/109 687/327/109
f 671/331/109 687/327/109 673/354/109
f 654/339/109 637/183/109 655/363/109
f 637/183/109 640/361/109 639/364/109
f 639/364/109 638/365/109 637/183/109
f 665/319/109 663/336/109 662/321/109
f 673/354/109 672/366/109 671/331/109
f 719/194/109 718/198/109 715/197/109
f 697/185/109 696/186/109 695/183/109
f 713/204/109 720/193/109 714/209/109
f 719/194/109 715/197/109 714/209/109
f 714/209/109 720/193/109 719/194/109
f 705/182/109 698/187/109 695/183/109
f 697/185/109 695/183/109 698/187/109
f 703/207/109 702/208/109 701/189/109
f 707/202/109 710/203/109 709/200/109
f 709/200/109 708/201/109 707/202/109
f 721/195/109 707/202/109 706/184/109
f 715/197/109 718/198/109 717/199/109
f 717/199/109 716/196/109 715/197/109
f 713/204/109 712/205/109 711/206/109
f 711/206/109 710/203/109 713/204/109
f 720/193/109 713/204/109 710/203/109
f 710/203/109 707/202/109 720/193/109
f 707/202/109 721/195/109 720/193/109
f 695/183/109 722/192/109 705/182/109
f 721/195/109 706/184/109 705/182/109
f 698/187/109 705/182/109 704/188/109
f 699/190/109 698/187/109 704/188/109
f 704/188/109 701/189/109 699/190/109
f 701/189/109 700/191/109 699/190/109
f 701/189/109 704/188/109 703/207/109
f 721/195/109 705/182/109 722/192/109
f 723/183/109 730/192/109 724/242/109
f 725/249/109 724/242/109 730/192/109
f 729/245/109 728/253/109 727/251/109
f 729/245/109 727/251/109 730/192/109
f 725/249/109 730/192/109 727/251/109
f 727/251/109 726/255/109 725/249/109
f 733/258/109 732/259/109 731/183/109
f 733/258/109 731/183/109 734/264/109
f 737/260/109 735/263/109 738/262/109
f 735/263/109 737/260/109 736/265/109
f 741/256/109 740/257/109 739/261/109
f 739/261/109 742/192/109 741/256/109
f 748/265/109 747/263/109 746/264/109
f 749/260/109 748/265/109 746/264/109
f 746/264/109 751/261/109 749/260/109
f 751/261/109 750/262/109 749/260/109
f 745/258/109 744/259/109 743/183/109
f 754/192/109 753/256/109 752/257/109
f 745/258/109 743/183/109 754/192/109
f 754/192/109 752/257/109 745/258/109
f 751/261/109 746/264/109 745/258/109
f 745/258/109 752/257/109 751/261/109
f 757/249/109 756/242/109 761/245/109
f 761/245/109 760/253/109 757/249/109
f 759/251/109 762/192/109 755/183/109
f 755/183/109 758/255/109 759/251/109
f 761/245/109 756/242/109 755/183/109
f 755/183/109 762/192/109 761/245/109
f 757/249/109 760/253/109 759/251/109
f 759/251/109 758/255/109 757/249/109
f 773/182/110 774/184/110 763/183/110
f 765/185/110 763/183/110 764/186/110
f 763/183/110 765/185/110 766/187/110
f 763/183/110 772/188/110 773/182/110
f 766/187/110 772/188/110 763/183/110
f 772/188/110 766/187/110 769/189/110
f 767/190/110 769/189/110 766/187/110
f 769/189/110 767/190/110 768/191/110
f 790/192/110 787/194/110 788/193/110
f 788/193/110 789/195/110 790/192/110
f 784/196/110 786/198/110 783/197/110
f 784/196/110 785/199/110 786/198/110
f 777/200/110 775/202/110 776/201/110
f 775/202/110 777/200/110 778/203/110
f 781/204/110 779/206/110 780/205/110
f 771/207/110 769/189/110 770/208/110
f 769/189/110 771/207/110 772/188/110
f 779/206/110 781/204/110 782/209/110
f 793/204/110 791/183/110 792/188/110
f 791/183/110 793/204/110 794/192/110
f 808/210/110 806/212/110 807/211/110
f 806/212/110 808/210/110 809/213/110
f 800/214/110 810/216/110 799/215/110
f 813/217/110 799/215/110 810/216/110
f 799/215/110 813/217/110 816/218/110
f 814/219/110 816/218/110 813/217/110
f 806/212/110 804/221/110 805/220/110
f 804/221/110 806/212/110 803/222/110
f 809/213/110 803/222/110 806/212/110
f 803/222/110 809/213/110 800/214/110
f 800/214/110 809/213/110 810/216/110
f 812/223/110 810/216/110 811/224/110
f 810/216/110 812/223/110 813/217/110
f 820/225/110 822/227/110 819/226/110
f 822/227/110 820/225/110 821/228/110
f 796/229/110 797/230/110 795/183/110
f 798/231/110 823/232/110 797/230/110
f 824/192/110 797/230/110 823/232/110
f 797/230/110 824/192/110 795/183/110
f 819/226/110 798/231/110 818/233/110
f 822/227/110 798/231/110 819/226/110
f 798/231/110 822/227/110 823/232/110
f 800/214/110 802/234/110 803/222/110
f 802/234/110 800/214/110 801/235/110
f 816/218/110 818/233/110 799/215/110
f 818/233/110 816/218/110 817/236/110
f 814/219/110 815/237/110 816/218/110
f 818/233/110 798/231/110 799/215/110
f 827/189/110 825/183/110 826/187/110
f 825/183/110 827/189/110 828/188/110
f 829/202/110 833/194/110 834/192/110
f 831/204/110 832/196/110 833/194/110
f 829/202/110 830/203/110 833/194/110
f 833/194/110 830/203/110 831/204/110
f 856/192/110 854/239/110 855/238/110
f 852/240/110 854/239/110 851/241/110
f 851/241/110 854/239/110 835/183/110
f 835/183/110 836/243/110 838/242/110
f 839/244/110 835/183/110 838/242/110
f 852/240/110 853/245/110 854/239/110
f 837/246/110 838/242/110 836/243/110
f 843/247/110 848/248/110 842/188/110
f 848/248/110 841/249/110 842/188/110
f 845/250/110 846/252/110 847/251/110
f 850/253/110 848/248/110 849/204/110
f 843/247/110 847/251/110 848/248/110
f 847/251/110 843/247/110 845/250/110
f 850/253/110 851/241/110 848/248/110
f 835/183/110 848/248/110 851/241/110
f 848/248/110 835/183/110 841/249/110
f 841/249/110 835/183/110 840/254/110
f 839/244/110 840/254/110 835/183/110
f 845/250/110 843/247/110 844/255/110
f 854/239/110 856/192/110 835/183/110
f 867/256/110 868/192/110 866/257/110
f 857/183/110 858/259/110 859/258/110
f 863/260/110 864/262/110 865/261/110
f 861/263/110 862/265/110 860/264/110
f 868/192/110 865/261/110 866/257/110
f 865/261/110 868/192/110 863/260/110
f 857/183/110 863/260/110 868/192/110
f 863/260/110 857/183/110 862/265/110
f 859/258/110 862/265/110 857/183/110
f 862/265/110 859/258/110 860/264/110
f 884/266/110 889/192/110 883/267/110
f 889/192/110 882/268/110 883/267/110
f 882/268/110 889/192/110 886/269/110
f 884/266/110 888/270/110 889/192/110
f 875/271/110 877/273/110 878/272/110
f 877/273/110 875/271/110 876/274/110
f 869/183/110 878/272/110 885/275/110
f 872/276/110 878/272/110 869/183/110
f 878/272/110 872/276/110 875/271/110
f 873/277/110 875/271/110 872/276/110
f 875/271/110 873/277/110 874/278/110
f 882/268/110 880/280/110 881/279/110
f 880/280/110 882/268/110 879/281/110
f 886/269/110 879/281/110 882/268/110
f 887/282/110 879/281/110 886/269/110
f 879/281/110 887/282/110 878/272/110
f 878/272/110 887/282/110 885/275/110
f 888/270/110 885/275/110 887/282/110
f 869/183/110 871/283/110 872/276/110
f 884/266/110 885/275/110 888/270/110
f 871/283/110 869/183/110 870/284/110
f 917/285/110 915/287/110 916/286/110
f 922/192/110 914/266/110 921/288/110
f 920/289/110 912/291/110 919/290/110
f 913/292/110 919/290/110 912/291/110
f 919/290/110 913/292/110 922/192/110
f 922/192/110 913/292/110 914/266/110
f 892/293/110 890/183/110 891/294/110
f 890/183/110 892/293/110 893/295/110
f 906/281/110 896/297/110 897/296/110
f 905/298/110 901/300/110 904/299/110
f 902/301/110 904/299/110 901/300/110
f 904/299/110 902/301/110 903/302/110
f 907/303/110 909/305/110 910/304/110
f 909/305/110 907/303/110 908/306/110
f 905/298/110 906/281/110 901/300/110
f 901/300/110 906/281/110 900/307/110
f 897/296/110 900/307/110 906/281/110
f 898/278/110 900/307/110 897/296/110
f 900/307/110 898/278/110 899/308/110
f 920/289/110 911/309/110 912/291/110
f 911/309/110 920/289/110 910/304/110
f 921/288/110 910/304/110 920/289/110
f 914/266/110 910/304/110 921/288/110
f 910/304/110 914/266/110 907/303/110
f 890/183/110 907/303/110 914/266/110
f 907/303/110 890/183/110 906/281/110
f 906/281/110 890/183/110 896/297/110
f 893/295/110 896/297/110 890/183/110
f 894/310/110 896/297/110 893/295/110
f 896/297/110 894/310/110 895/311/110
f 918/312/110 915/287/110 917/285/110
f 944/313/110 942/188/110 943/314/110
f 978/315/110 945/317/110 952/316/110
f 946/318/110 952/316/110 945/317/110
f 952/316/110 946/318/110 951/319/110
f 942/188/110 979/320/110 980/192/110
f 979/320/110 942/188/110 978/315/110
f 978/315/110 942/188/110 945/317/110
f 944/313/110 945/317/110 942/188/110
f 948/321/110 946/318/110 947/322/110
f 946/318/110 948/321/110 951/319/110
f 975/323/110 976/325/110 977/324/110
f 971/326/110 972/328/110 973/327/110
f 956/329/110 973/327/110 974/330/110
f 973/327/110 956/329/110 957/331/110
f 977/324/110 974/330/110 975/323/110
f 953/332/110 974/330/110 977/324/110
f 974/330/110 953/332/110 956/329/110
f 953/332/110 954/333/110 956/329/110
f 956/329/110 954/333/110 955/334/110
f 952/316/110 977/324/110 978/315/110
f 977/324/110 952/316/110 953/332/110
f 950/335/110 951/319/110 949/336/110
f 939/337/110 940/339/110 936/338/110
f 936/338/110 940/339/110 935/340/110
f 923/183/110 935/340/110 940/339/110
f 935/340/110 923/183/110 932/341/110
f 928/342/110 930/344/110 931/343/110
f 930/344/110 928/342/110 929/345/110
f 967/346/110 969/348/110 970/347/110
f 969/348/110 967/346/110 968/349/110
f 963/350/110 965/352/110 966/351/110
f 965/352/110 963/350/110 964/353/110
f 959/354/110 961/204/110 962/355/110
f 961/204/110 959/354/110 960/356/110
f 936/338/110 938/357/110 939/337/110
f 938/357/110 936/338/110 937/358/110
f 932/341/110 934/359/110 935/340/110
f 934/359/110 932/341/110 933/360/110
f 923/183/110 931/343/110 932/341/110
f 931/343/110 923/183/110 928/342/110
f 926/361/110 928/342/110 923/183/110
f 928/342/110 926/361/110 927/362/110
f 970/347/110 971/326/110 967/346/110
f 967/346/110 971/326/110 966/351/110
f 973/327/110 966/351/110 971/326/110
f 966/351/110 973/327/110 963/350/110
f 963/350/110 973/327/110 962/355/110
f 962/355/110 973/327/110 959/354/110
f 957/331/110 959/354/110 973/327/110
f 940/339/110 941/363/110 923/183/110
f 923/183/110 925/364/110 926/361/110
f 925/364/110 923/183/110 924/365/110
f 951/319/110 948/321/110 949/336/110
f 959/354/110 957/331/110 958/366/110
f 1005/194/110 1001/197/110 1004/198/110
f 983/185/110 981/183/110 982/186/110
f 999/204/110 1000/209/110 1006/193/110
f 1005/194/110 1000/209/110 1001/197/110
f 1000/209/110 1005/194/110 1006/193/110
f 991/182/110 981/183/110 984/187/110
f 983/185/110 984/187/110 981/183/110
f 989/207/110 987/189/110 988/208/110
f 993/202/110 995/200/110 996/203/110
f 995/200/110 993/202/110 994/201/110
f 1007/195/110 992/184/110 993/202/110
f 1001/197/110 1003/199/110 1004/198/110
f 1003/199/110 1001/197/110 1002/196/110
f 999/204/110 997/206/110 998/205/110
f 997/206/110 999/204/110 996/203/110
f 1006/193/110 996/203/110 999/204/110
f 996/203/110 1006/193/110 993/202/110
f 993/202/110 1006/193/110 1007/195/110
f 981/183/110 991/182/110 1008/192/110
f 1007/195/110 991/182/110 992/184/110
f 984/187/110 990/188/110 991/182/110
f 985/190/110 990/188/110 984/187/110
f 990/188/110 985/190/110 987/189/110
f 987/189/110 985/190/110 986/191/110
f 987/189/110 989/207/110 990/188/110
f 1007/195/110 1008/192/110 991/182/110
f 1009/183/110 1010/242/110 1016/192/110
f 1011/249/110 1016/192/110 1010/242/110
f 1015/245/110 1013/251/110 1014/253/110
f 1015/245/110 1016/192/110 1013/251/110
f 1011/249/110 1013/251/110 1016/192/110
f 1013/251/110 1011/249/110 1012/255/110
f 1019/258/110 1017/183/110 1018/259/110
f 1019/258/110 1020/264/110 1017/183/110
f 1023/260/110 1024/262/110 1021/263/110
f 1021/263/110 1022/265/110 1023/260/110
f 1027/256/110 1025/261/110 1026/257/110
f 1025/261/110 1027/256/110 1028/192/110
f 1034/265/110 1032/264/110 1033/263/110
f 1035/260/110 1032/264/110 1034/265/110
f 1032/264/110 1035/260/110 1037/261/110
f 1037/261/110 1035/260/110 1036/262/110
f 1031/258/110 1029/183/110 1030/259/110
f 1040/192/110 1038/257/110 1039/256/110
f 1031/258/110 1040/192/110 1029/183/110
f 1040/192/110 1031/258/110 1038/257/110
f 1037/261/110 1031/258/110 1032/264/110
f 1031/258/110 1037/261/110 1038/257/110
f 1043/249/110 1047/245/110 1042/242/110
f 1047/245/110 1043/249/110 1046/253/110
f 1045/251/110 1041/183/110 1048/192/110
f 1041/183/110 1045/251/110 1044/255/110
f 1047/245/110 1041/183/110 1042/242/110
f 1041/183/110 1047/245/110 1048/192/110
f 1043/249/110 1045/251/110 1046/253/110
f 1045/251/110 1043/249/110 1044/255/110
s 1
f 1052/367/111 1049/183/112 1050/368/112
f 1054/369/113 1051/278/111 1052/367/111
f 1056/370/114 1053/281/113 1054/369/113
f 1050/371/112 1055/266/114 1056/370/114
f 1060/367/115 1057/183/116 1058/368/117
f 1062/369/118 1059/278/115 1060/367/115
f 1064/370/119 1061/281/120 1062/369/118
f 1058/371/117 1063/266/119 1064/370/119
f 1068/372/121 1065/183/122 1066/368/122
f 1070/373/121 1067/374/121 1068/372/121
f 1072/367/123 1069/375/121 1070/373/121
f 1074/376/123 1071/278/123 1072/367/123
f 1076/377/124 1073/188/123 1074/376/123
f 1078/369/125 1075/378/124 1076/377/124
f 1080/379/126 1077/281/125 1078/369/125
f 1082/380/126 1079/381/126 1080/379/126
f 1084/370/127 1081/204/126 1082/380/126
f 1086/382/128 1083/266/127 1084/370/127
f 1088/383/122 1085/384/129 1086/382/128
f 1066/371/122 1087/385/122 1088/383/122
f 1092/367/130 1089/183/131 1090/368/131
f 1094/369/132 1091/278/130 1092/367/130
f 1096/370/133 1093/281/134 1094/369/132
f 1090/371/131 1095/266/135 1096/370/133
f 1100/367/136 1097/183/137 1098/368/137
f 1102/369/138 1099/278/136 1100/367/136
f 1104/370/139 1101/281/138 1102/369/138
f 1098/371/137 1103/266/139 1104/370/139
f 1108/367/130 1105/183/131 1106/368/131
f 1110/369/132 1107/278/130 1108/367/130
f 1112/370/133 1109/281/134 1110/369/132
f 1106/371/131 1111/266/135 1112/370/133
f 1116/386/140 1113/183/141 1114/368/142
f 1118/367/143 1115/310/140 1116/386/140
f 1120/387/144 1117/278/145 1118/367/143
f 1122/369/146 1119/301/146 1120/387/144
f 1124/388/127 1121/281/144 1122/369/146
f 1126/370/128 1123/304/127 1124/388/127
f 1128/389/141 1125/266/128 1126/370/128
f 1114/371/142 1127/312/142 1128/389/141
f 1132/390/147 1129/183/148 1130/368/148
f 1134/391/149 1131/392/147 1132/390/147
f 1136/393/150 1133/394/149 1134/391/149
f 1138/395/150 1135/396/150 1136/393/150
f 1140/397/151 1137/242/150 1138/395/150
f 1142/398/151 1139/399/151 1140/397/151
f 1144/367/152 1141/400/153 1142/398/151
f 1146/401/154 1143/278/155 1144/367/152
f 1148/402/156 1145/249/154 1146/401/154
f 1150/403/157 1147/404/156 1148/402/156
f 1152/405/158 1149/406/157 1150/403/157
f 1154/407/159 1151/408/158 1152/405/158
f 1156/409/160 1153/255/159 1154/407/159
f 1158/369/161 1155/410/162 1156/409/160
f 1160/411/163 1157/281/164 1158/369/161
f 1162/412/165 1159/413/163 1160/411/163
f 1164/414/166 1161/251/165 1162/412/165
f 1166/415/167 1163/416/166 1164/414/166
f 1168/417/168 1165/418/169 1166/415/167
f 1170/419/127 1167/420/168 1168/417/168
f 1172/370/152 1169/253/127 1170/419/127
f 1174/421/154 1171/266/155 1172/370/152
f 1176/422/170 1173/423/154 1174/421/154
f 1178/424/171 1175/425/172 1176/422/170
f 1180/426/173 1177/245/171 1178/424/171
f 1182/427/174 1179/428/173 1180/426/173
f 1184/429/175 1181/430/176 1182/427/174
f 1130/371/148 1183/431/148 1184/429/175
f 1188/432/177 1185/183/178 1186/368/178
f 1190/433/179 1187/361/177 1188/432/177
f 1192/434/180 1189/345/179 1190/433/179
f 1194/435/181 1191/341/180 1192/434/180
f 1196/436/182 1193/340/183 1194/435/181
f 1198/437/184 1195/357/182 1196/436/182
f 1200/438/185 1197/363/184 1198/437/184
f 1202/439/186 1199/313/185 1200/438/185
f 1204/440/187 1201/322/186 1202/439/186
f 1206/441/188 1203/335/187 1204/440/187
f 1208/442/189 1205/332/188 1206/441/188
f 1210/443/190 1207/329/189 1208/442/189
f 1212/444/191 1209/354/192 1210/443/190
f 1214/445/127 1211/355/191 1212/444/191
f 1216/446/128 1213/352/127 1214/445/127
f 1218/447/193 1215/349/129 1216/446/128
f 1220/448/193 1217/326/193 1218/447/193
f 1222/449/178 1219/330/193 1220/448/193
f 1186/371/178 1221/324/178 1222/449/178
f 1226/450/177 1223/183/194 1224/368/194
f 1228/451/179 1225/452/177 1226/450/177
f 1230/453/195 1227/454/179 1228/451/179
f 1232/455/196 1229/456/197 1230/453/195
f 1234/457/198 1231/458/196 1232/455/196
f 1236/459/199 1233/460/200 1234/457/198
f 1238/461/201 1235/462/202 1236/459/199
f 1240/463/203 1237/464/204 1238/461/201
f 1242/465/205 1239/466/203 1240/463/203
f 1244/467/206 1241/468/205 1242/465/205
f 1246/469/207 1243/470/208 1244/467/206
f 1248/471/207 1245/472/207 1246/469/207
f 1250/376/209 1247/473/207 1248/471/207
f 1252/474/209 1249/188/209 1250/376/209
f 1254/475/180 1251/476/210 1252/474/209
f 1256/477/158 1253/478/180 1254/475/180
f 1258/479/211 1255/480/158 1256/477/158
f 1260/481/212 1257/482/211 1258/479/211
f 1262/483/213 1259/484/214 1260/481/212
f 1264/485/215 1261/486/213 1262/483/213
f 1266/487/216 1263/488/217 1264/485/215
f 1268/489/218 1265/490/216 1266/487/216
f 1270/491/219 1267/492/218 1268/489/218
f 1272/493/220 1269/494/219 1270/491/219
f 1274/495/221 1271/496/220 1272/493/220
f 1276/380/127 1273/497/221 1274/495/221
f 1278/498/128 1275/204/127 1276/380/127
f 1280/499/193 1277/500/128 1278/498/128
f 1282/501/193 1279/502/193 1280/499/193
f 1284/503/222 1281/504/193 1282/501/193
f 1286/505/223 1283/506/223 1284/503/222
f 1288/507/224 1285/508/223 1286/505/223
f 1290/509/224 1287/510/224 1288/507/224
f 1292/511/225 1289/512/224 1290/509/224
f 1294/513/226 1291/514/226 1292/511/225
f 1296/515/227 1293/516/226 1294/513/226
f 1298/517/227 1295/518/227 1296/515/227
f 1300/519/194 1297/520/228 1298/517/227
f 1224/371/194 1299/521/194 1300/519/194
f 1304/522/229 1301/183/230 1302/368/230
f 1306/523/149 1303/524/147 1304/522/229
f 1308/525/231 1305/526/149 1306/523/149
f 1310/527/232 1307/528/232 1308/525/231
f 1312/529/233 1309/530/232 1310/527/232
f 1314/531/233 1311/277/233 1312/529/233
f 1316/532/234 1313/533/233 1314/531/233
f 1318/534/234 1315/535/234 1316/532/234
f 1320/536/233 1317/537/234 1318/534/234
f 1322/538/233 1319/539/233 1320/536/233
f 1324/540/234 1321/273/233 1322/538/233
f 1326/541/234 1323/542/234 1324/540/234
f 1328/543/233 1325/544/234 1326/541/234
f 1330/545/235 1327/546/233 1328/543/233
f 1332/547/236 1329/548/235 1330/545/235
f 1334/549/237 1331/279/236 1332/547/236
f 1336/550/238 1333/551/239 1334/549/237
f 1338/552/155 1335/553/238 1336/550/238
f 1340/554/154 1337/555/155 1338/552/155
f 1342/556/240 1339/557/154 1340/554/154
f 1344/558/241 1341/275/241 1342/556/240
f 1346/559/242 1343/560/241 1344/558/241
f 1348/561/243 1345/562/244 1346/559/242
f 1350/563/245 1347/564/243 1348/561/243
f 1302/371/230 1349/565/245 1350/563/245
f 1354/367/246 1351/183/247 1352/368/247
f 1356/369/248 1353/278/246 1354/367/246
f 1358/370/249 1355/281/248 1356/369/248
f 1352/371/247 1357/266/249 1358/370/249
f 1362/367/250 1359/183/251 1360/368/252
f 1364/369/176 1361/278/250 1362/367/250
f 1366/370/253 1363/281/174 1364/369/176
f 1360/371/252 1365/266/253 1366/370/253
f 1370/566/254 1367/183/255 1368/368/255
f 1372/567/149 1369/568/147 1370/566/254
f 1374/569/256 1371/570/149 1372/567/149
f 1376/571/257 1373/572/257 1374/569/256
f 1378/573/258 1375/574/257 1376/571/257
f 1380/575/258 1377/576/258 1378/573/258
f 1382/577/155 1379/578/258 1380/575/258
f 1384/579/154 1381/580/155 1382/577/155
f 1386/581/259 1383/582/154 1384/579/154
f 1388/583/260 1385/584/259 1386/581/259
f 1390/585/261 1387/586/260 1388/583/260
f 1392/587/262 1389/588/261 1390/585/261
f 1394/589/262 1391/590/262 1392/587/262
f 1396/591/242 1393/592/262 1394/589/262
f 1398/593/243 1395/594/244 1396/591/242
f 1400/595/263 1397/596/243 1398/593/243
f 1368/371/255 1399/597/263 1400/595/263
f 1404/367/176 1401/183/250 1402/368/250
f 1406/369/264 1403/278/176 1404/367/176
f 1408/370/265 1405/281/264 1406/369/264
f 1402/371/250 1407/266/265 1408/370/265
f 1412/372/177 1409/183/266 1410/368/266
f 1414/373/179 1411/374/177 1412/372/177
f 1416/367/127 1413/375/179 1414/373/179
f 1418/376/128 1415/278/127 1416/367/127
f 1420/377/247 1417/188/128 1418/376/128
f 1422/369/249 1419/378/267 1420/377/247
f 1424/379/127 1421/281/268 1422/369/249
f 1426/380/128 1423/381/127 1424/379/127
f 1428/370/177 1425/204/128 1426/380/128
f 1430/382/179 1427/266/177 1428/370/177
f 1432/383/269 1429/384/179 1430/382/179
f 1410/371/266 1431/385/269 1432/383/269
f 1436/598/177 1433/183/270 1434/368/271
f 1438/599/179 1435/600/177 1436/598/177
f 1440/601/272 1437/259/179 1438/599/179
f 1442/602/272 1439/603/272 1440/601/272
f 1444/604/273 1441/258/272 1442/602/272
f 1446/605/273 1443/606/273 1444/604/273
f 1448/607/274 1445/264/273 1446/605/273
f 1450/608/274 1447/609/275 1448/607/274
f 1452/610/276 1449/263/275 1450/608/274
f 1454/611/276 1451/612/277 1452/610/276
f 1456/369/278 1453/265/277 1454/611/276
f 1458/613/279 1455/281/278 1456/369/278
f 1460/614/280 1457/260/279 1458/613/279
f 1462/615/281 1459/616/280 1460/614/280
f 1464/617/282 1461/262/283 1462/615/281
f 1466/618/284 1463/619/285 1464/617/282
f 1468/620/286 1465/261/284 1466/618/284
f 1470/621/287 1467/622/286 1468/620/286
f 1472/623/288 1469/257/287 1470/621/287
f 1474/624/289 1471/625/290 1472/623/288
f 1476/626/270 1473/256/289 1474/624/289
f 1434/371/271 1475/627/271 1476/626/270
f 1480/367/291 1477/183/292 1478/368/292
f 1482/369/293 1479/278/291 1480/367/291
f 1484/370/294 1481/281/293 1482/369/293
f 1478/371/292 1483/266/294 1484/370/294
f 1488/373/140 1485/183/295 1486/368/128
f 1490/376/143 1487/375/140 1488/373/140
f 1492/369/296 1489/188/145 1490/376/143
f 1494/380/296 1491/281/296 1492/369/296
f 1496/382/127 1493/204/296 1494/380/296
f 1486/371/128 1495/384/127 1496/382/127
f 1500/628/141 1497/183/297 1498/368/297
f 1502/629/128 1499/630/298 1500/628/141
f 1504/631/129 1501/632/128 1502/629/128
f 1506/633/299 1503/283/295 1504/631/129
f 1508/373/300 1505/634/299 1506/633/299
f 1510/529/127 1507/375/300 1508/373/300
f 1512/635/128 1509/277/127 1510/529/127
f 1514/636/301 1511/637/128 1512/635/128
f 1516/638/301 1513/639/301 1514/636/301
f 1518/376/302 1515/271/301 1516/638/301
f 1520/640/302 1517/188/302 1518/376/302
f 1522/538/177 1519/641/302 1520/640/302
f 1524/642/179 1521/273/177 1522/538/177
f 1526/643/303 1523/644/179 1524/642/179
f 1528/369/304 1525/645/303 1526/643/303
f 1530/646/177 1527/281/304 1528/369/304
f 1532/647/179 1529/648/177 1530/646/177
f 1534/547/305 1531/649/179 1532/647/179
f 1536/650/305 1533/279/305 1534/547/305
f 1538/380/306 1535/651/305 1536/650/305
f 1540/652/306 1537/204/306 1538/380/306
f 1542/653/127 1539/267/306 1540/652/306
f 1544/654/127 1541/655/127 1542/653/127
f 1546/556/307 1543/656/127 1544/654/127
f 1548/382/307 1545/275/307 1546/556/307
f 1550/657/297 1547/384/307 1548/382/307
f 1552/658/297 1549/659/297 1550/657/297
f 1554/660/307 1551/282/297 1552/658/297
f 1556/661/307 1553/662/307 1554/660/307
f 1498/371/297 1555/663/307 1556/661/307
f 1560/367/177 1557/183/128 1558/368/128
f 1562/369/179 1559/278/177 1560/367/177
f 1564/370/127 1561/281/179 1562/369/179
f 1558/371/128 1563/266/127 1564/370/127
f 1568/372/254 1565/183/308 1566/368/309
f 1570/373/149 1567/374/147 1568/372/254
f 1572/367/310 1569/375/149 1570/373/149
f 1574/376/310 1571/278/310 1572/367/310
f 1576/377/311 1573/188/310 1574/376/310
f 1578/369/312 1575/378/312 1576/377/311
f 1580/379/155 1577/281/311 1578/369/312
f 1582/380/154 1579/381/155 1580/379/155
f 1584/370/313 1581/204/154 1582/380/154
f 1586/382/314 1583/266/314 1584/370/313
f 1588/383/308 1585/384/313 1586/382/314
f 1566/371/309 1587/385/309 1588/383/308
f 1592/367/315 1589/183/316 1590/368/317
f 1594/369/318 1591/278/315 1592/367/315
f 1596/370/319 1593/281/318 1594/369/318
f 1590/371/317 1595/266/319 1596/370/319
f 1600/367/266 1597/183/320 1598/368/320
f 1602/369/269 1599/278/266 1600/367/266
f 1604/370/321 1601/281/269 1602/369/269
f 1598/371/320 1603/266/321 1604/370/321
f 1608/367/322 1605/183/233 1606/368/233
f 1610/369/323 1607/278/322 1608/367/322
f 1612/370/234 1609/281/323 1610/369/323
f 1606/371/233 1611/266/234 1612/370/234
f 1616/367/324 1613/183/325 1614/368/325
f 1618/369/326 1615/278/324 1616/367/324
f 1620/370/327 1617/281/328 1618/369/326
f 1614/371/325 1619/266/327 1620/370/327
f 1052/367/111 1051/278/111 1049/183/112
f 1054/369/113 1053/281/113 1051/278/111
f 1056/370/114 1055/266/114 1053/281/113
f 1050/371/112 1049/192/112 1055/266/114
f 1060/367/115 1059/278/115 1057/183/116
f 1062/369/118 1061/281/120 1059/278/115
f 1064/370/119 1063/266/119 1061/281/120
f 1058/371/117 1057/192/116 1063/266/119
f 1068/372/121 1067/374/121 1065/183/122
f 1070/373/121 1069/375/121 1067/374/121
f 1072/367/123 1071/278/123 1069/375/121
f 1074/376/123 1073/188/123 1071/278/123
f 1076/377/124 1075/378/124 1073/188/123
f 1078/369/125 1077/281/125 1075/378/124
f 1080/379/126 1079/381/126 1077/281/125
f 1082/380/126 1081/204/126 1079/381/126
f 1084/370/127 1083/266/127 1081/204/126
f 1086/382/128 1085/384/129 1083/266/127
f 1088/383/122 1087/385/122 1085/384/129
f 1066/371/122 1065/192/122 1087/385/122
f 1092/367/130 1091/278/130 1089/183/131
f 1094/369/132 1093/281/134 1091/278/130
f 1096/370/133 1095/266/135 1093/281/134
f 1090/371/131 1089/192/131 1095/266/135
f 1100/367/136 1099/278/136 1097/183/137
f 1102/369/138 1101/281/138 1099/278/136
f 1104/370/139 1103/266/139 1101/281/138
f 1098/371/137 1097/192/137 1103/266/139
f 1108/367/130 1107/278/130 1105/183/131
f 1110/369/132 1109/281/134 1107/278/130
f 1112/370/133 1111/266/135 1109/281/134
f 1106/371/131 1105/192/131 1111/266/135
f 1116/386/140 1115/310/140 1113/183/141
f 1118/367/143 1117/278/145 1115/310/140
f 1120/387/144 1119/301/146 1117/278/145
f 1122/369/146 1121/281/144 1119/301/146
f 1124/388/127 1123/304/127 1121/281/144
f 1126/370/128 1125/266/128 1123/304/127
f 1128/389/141 1127/312/142 1125/266/128
f 1114/371/142 1113/192/141 1127/312/142
f 1132/390/147 1131/392/147 1129/183/148
f 1134/391/149 1133/394/149 1131/392/147
f 1136/393/150 1135/396/150 1133/394/149
f 1138/395/150 1137/242/150 1135/396/150
f 1140/397/151 1139/399/151 1137/242/150
f 1142/398/151 1141/400/153 1139/399/151
f 1144/367/152 1143/278/155 1141/400/153
f 1146/401/154 1145/249/154 1143/278/155
f 1148/402/156 1147/404/156 1145/249/154
f 1150/403/157 1149/406/157 1147/404/156
f 1152/405/158 1151/408/158 1149/406/157
f 1154/407/159 1153/255/159 1151/408/158
f 1156/409/160 1155/410/162 1153/255/159
f 1158/369/161 1157/281/164 1155/410/162
f 1160/411/163 1159/413/163 1157/281/164
f 1162/412/165 1161/251/165 1159/413/163
f 1164/414/166 1163/416/166 1161/251/165
f 1166/415/167 1165/418/169 1163/416/166
f 1168/417/168 1167/420/168 1165/418/169
f 1170/419/127 1169/253/127 1167/420/168
f 1172/370/152 1171/266/155 1169/253/127
f 1174/421/154 1173/423/154 1171/266/155
f 1176/422/170 1175/425/172 1173/423/154
f 1178/424/171 1177/245/171 1175/425/172
f 1180/426/173 1179/428/173 1177/245/171
f 1182/427/174 1181/430/176 1179/428/173
f 1184/429/175 1183/431/148 1181/430/176
f 1130/371/148 1129/192/148 1183/431/148
f 1188/432/177 1187/361/177 1185/183/178
f 1190/433/179 1189/345/179 1187/361/177
f 1192/434/180 1191/341/180 1189/345/179
f 1194/435/181 1193/340/183 1191/341/180
f 1196/436/182 1195/357/182 1193/340/183
f 1198/437/184 1197/363/184 1195/357/182
f 1200/438/185 1199/313/185 1197/363/184
f 1202/439/186 1201/322/186 1199/313/185
f 1204/440/187 1203/335/187 1201/322/186
f 1206/441/188 1205/332/188 1203/335/187
f 1208/442/189 1207/329/189 1205/332/188
f 1210/443/190 1209/354/192 1207/329/189
f 1212/444/191 1211/355/191 1209/354/192
f 1214/445/127 1213/352/127 1211/355/191
f 1216/446/128 1215/349/129 1213/352/127
f 1218/447/193 1217/326/193 1215/349/129
f 1220/448/193 1219/330/193 1217/326/193
f 1222/449/178 1221/324/178 1219/330/193
f 1186/371/178 1185/192/178 1221/324/178
f 1226/450/177 1225/452/177 1223/183/194
f 1228/451/179 1227/454/179 1225/452/177
f 1230/453/195 1229/456/197 1227/454/179
f 1232/455/196 1231/458/196 1229/456/197
f 1234/457/198 1233/460/200 1231/458/196
f 1236/459/199 1235/462/202 1233/460/200
f 1238/461/201 1237/464/204 1235/462/202
f 1240/463/203 1239/466/203 1237/464/204
f 1242/465/205 1241/468/205 1239/466/203
f 1244/467/206 1243/470/208 1241/468/205
f 1246/469/207 1245/472/207 1243/470/208
f 1248/471/207 1247/473/207 1245/472/207
f 1250/376/209 1249/188/209 1247/473/207
f 1252/474/209 1251/476/210 1249/188/209
f 1254/475/180 1253/478/180 1251/476/210
f 1256/477/158 1255/480/158 1253/478/180
f 1258/479/211 1257/482/211 1255/480/158
f 1260/481/212 1259/484/214 1257/482/211
f 1262/483/213 1261/486/213 1259/484/214
f 1264/485/215 1263/488/217 1261/486/213
f 1266/487/216 1265/490/216 1263/488/217
f 1268/489/218 1267/492/218 1265/490/216
f 1270/491/219 1269/494/219 1267/492/218
f 1272/493/220 1271/496/220 1269/494/219
f 1274/495/221 1273/497/221 1271/496/220
f 1276/380/127 1275/204/127 1273/497/221
f 1278/498/128 1277/500/128 1275/204/127
f 1280/499/193 1279/502/193 1277/500/128
f 1282/501/193 1281/504/193 1279/502/193
f 1284/503/222 1283/506/223 1281/504/193
f 1286/505/223 1285/508/223 1283/506/223
f 1288/507/224 1287/510/224 1285/508/223
f 1290/509/224 1289/512/224 1287/510/224
f 1292/511/225 1291/514/226 1289/512/224
f 1294/513/226 1293/516/226 1291/514/226
f 1296/515/227 1295/518/227 1293/516/226
f 1298/517/227 1297/520/228 1295/518/227
f 1300/519/194 1299/521/194 1297/520/228
f 1224/371/194 1223/192/194 1299/521/194
f 1304/522/229 1303/524/147 1301/183/230
f 1306/523/149 1305/526/149 1303/524/147
f 1308/525/231 1307/528/232 1305/526/149
f 1310/527/232 1309/530/232 1307/528/232
f 1312/529/233 1311/277/233 1309/530/232
f 1314/531/233 1313/533/233 1311/277/233
f 1316/532/234 1315/535/234 1313/533/233
f 1318/534/234 1317/537/234 1315/535/234
f 1320/536/233 1319/539/233 1317/537/234
f 1322/538/233 1321/273/233 1319/539/233
f 1324/540/234 1323/542/234 1321/273/233
f 1326/541/234 1325/544/234 1323/542/234
f 1328/543/233 1327/546/233 1325/544/234
f 1330/545/235 1329/548/235 1327/546/233
f 1332/547/236 1331/279/236 1329/548/235
f 1334/549/237 1333/551/239 1331/279/236
f 1336/550/238 1335/553/238 1333/551/239
f 1338/552/155 1337/555/155 1335/553/238
f 1340/554/154 1339/557/154 1337/555/155
f 1342/556/240 1341/275/241 1339/557/154
f 1344/558/241 1343/560/241 1341/275/241
f 1346/559/242 1345/562/244 1343/560/241
f 1348/561/243 1347/564/243 1345/562/244
f 1350/563/245 1349/565/245 1347/564/243
f 1302/371/230 1301/192/230 1349/565/245
f 1354/367/246 1353/278/246 1351/183/247
f 1356/369/248 1355/281/248 1353/278/246
f 1358/370/249 1357/266/249 1355/281/248
f 1352/371/247 1351/192/247 1357/266/249
f 1362/367/250 1361/278/250 1359/183/251
f 1364/369/176 1363/281/174 1361/278/250
f 1366/370/253 1365/266/253 1363/281/174
f 1360/371/252 1359/192/251 1365/266/253
f 1370/566/254 1369/568/147 1367/183/255
f 1372/567/149 1371/570/149 1369/568/147
f 1374/569/256 1373/572/257 1371/570/149
f 1376/571/257 1375/574/257 1373/572/257
f 1378/573/258 1377/576/258 1375/574/257
f 1380/575/258 1379/578/258 1377/576/258
f 1382/577/155 1381/580/155 1379/578/258
f 1384/579/154 1383/582/154 1381/580/155
f 1386/581/259 1385/584/259 1383/582/154
f 1388/583/260 1387/586/260 1385/584/259
f 1390/585/261 1389/588/261 1387/586/260
f 1392/587/262 1391/590/262 1389/588/261
f 1394/589/262 1393/592/262 1391/590/262
f 1396/591/242 1395/594/244 1393/592/262
f 1398/593/243 1397/596/243 1395/594/244
f 1400/595/263 1399/597/263 1397/596/243
f 1368/371/255 1367/192/255 1399/597/263
f 1404/367/176 1403/278/176 1401/183/250
f 1406/369/264 1405/281/264 1403/278/176
f 1408/370/265 1407/266/265 1405/281/264
f 1402/371/250 1401/192/250 1407/266/265
f 1412/372/177 1411/374/177 1409/183/266
f 1414/373/179 1413/375/179 1411/374/177
f 1416/367/127 1415/278/127 1413/375/179
f 1418/376/128 1417/188/128 1415/278/127
f 1420/377/247 1419/378/267 1417/188/128
f 1422/369/249 1421/281/268 1419/378/267
f 1424/379/127 1423/381/127 1421/281/268
f 1426/380/128 1425/204/128 1423/381/127
f 1428/370/177 1427/266/177 1425/204/128
f 1430/382/179 1429/384/179 1427/266/177
f 1432/383/269 1431/385/269 1429/384/179
f 1410/371/266 1409/192/266 1431/385/269
f 1436/598/177 1435/600/177 1433/183/270
f 1438/599/179 1437/259/179 1435/600/177
f 1440/601/272 1439/603/272 1437/259/179
f 1442/602/272 1441/258/272 1439/603/272
f 1444/604/273 1443/606/273 1441/258/272
f 1446/605/273 1445/264/273 1443/606/273
f 1448/607/274 1447/609/275 1445/264/273
f 1450/608/274 1449/263/275 1447/609/275
f 1452/610/276 1451/612/277 1449/263/275
f 1454/611/276 1453/265/277 1451/612/277
f 1456/369/278 1455/281/278 1453/265/277
f 1458/613/279 1457/260/279 1455/281/278
f 1460/614/280 1459/616/280 1457/260/279
f 1462/615/281 1461/262/283 1459/616/280
f 1464/617/282 1463/619/285 1461/262/283
f 1466/618/284 1465/261/284 1463/619/285
f 1468/620/286 1467/622/286 1465/261/284
f 1470/621/287 1469/257/287 1467/622/286
f 1472/623/288 1471/625/290 1469/257/287
f 1474/624/289 1473/256/289 1471/625/290
f 1476/626/270 1475/627/271 1473/256/289
f 1434/371/271 1433/192/270 1475/627/271
f 1480/367/291 1479/278/291 1477/183/292
f 1482/369/293 1481/281/293 1479/278/291
f 1484/370/294 1483/266/294 1481/281/293
f 1478/371/292 1477/192/292 1483/266/294
f 1488/373/140 1487/375/140 1485/183/295
f 1490/376/143 1489/188/145 1487/375/140
f 1492/369/296 1491/281/296 1489/188/145
f 1494/380/296 1493/204/296 1491/281/296
f 1496/382/127 1495/384/127 1493/204/296
f 1486/371/128 1485/192/295 1495/384/127
f 1500/628/141 1499/630/298 1497/183/297
f 1502/629/128 1501/632/128 1499/630/298
f 1504/631/129 1503/283/295 1501/632/128
f 1506/633/299 1505/634/299 1503/283/295
f 1508/373/300 1507/375/300 1505/634/299
f 1510/529/127 1509/277/127 1507/375/300
f 1512/635/128 1511/637/128 1509/277/127
f 1514/636/301 1513/639/301 1511/637/128
f 1516/638/301 1515/271/301 1513/639/301
f 1518/376/302 1517/188/302 1515/271/301
f 1520/640/302 1519/641/302 1517/188/302
f 1522/538/177 1521/273/177 1519/641/302
f 1524/642/179 1523/644/179 1521/273/177
f 1526/643/303 1525/645/303 1523/644/179
f 1528/369/304 1527/281/304 1525/645/303
f 1530/646/177 1529/648/177 1527/281/304
f 1532/647/179 1531/649/179 1529/648/177
f 1534/547/305 1533/279/305 1531/649/179
f 1536/650/305 1535/651/305 1533/279/305
f 1538/380/306 1537/204/306 1535/651/305
f 1540/652/306 1539/267/306 1537/204/306
f 1542/653/127 1541/655/127 1539/267/306
f 1544/654/127 1543/656/127 1541/655/127
f 1546/556/307 1545/275/307 1543/656/127
f 1548/382/307 1547/384/307 1545/275/307
f 1550/657/297 1549/659/297 1547/384/307
f 1552/658/297 1551/282/297 1549/659/297
f 1554/660/307 1553/662/307 1551/282/297
f 1556/661/307 1555/663/307 1553/662/307
f 1498/371/297 1497/192/297 1555/663/307
f 1560/367/177 1559/278/177 1557/183/128
f 1562/369/179 1561/281/179 1559/278/177
f 1564/370/127 1563/266/127 1561/281/179
f 1558/371/128 1557/192/128 1563/266/127
f 1568/372/254 1567/374/147 1565/183/308
f 1570/373/149 1569/375/149 1567/374/147
f 1572/367/310 1571/278/310 1569/375/149
f 1574/376/310 1573/188/310 1571/278/310
f 1576/377/311 1575/378/312 1573/188/310
f 1578/369/312 1577/281/311 1575/378/312
f 1580/379/155 1579/381/155 1577/281/311
f 1582/380/154 1581/204/154 1579/381/155
f 1584/370/313 1583/266/314 1581/204/154
f 1586/382/314 1585/384/313 1583/266/314
f 1588/383/308 1587/385/309 1585/384/313
f 1566/371/309 1565/192/308 1587/385/309
f 1592/367/315 1591/278/315 1589/183/316
f 1594/369/318 1593/281/318 1591/278/315
f 1596/370/319 1595/266/319 1593/281/318
f 1590/371/317 1589/192/316 1595/266/319
f 1600/367/266 1599/278/266 1597/183/320
f 1602/369/269 1601/281/269 1599/278/266
f 1604/370/321 1603/266/321 1601/281/269
f 1598/371/320 1597/192/320 1603/266/321
f 1608/367/322 1607/278/322 1605/183/233
f 1610/369/323 1609/281/323 1607/278/322
f 1612/370/234 1611/266/234 1609/281/323
f 1606/371/233 1605/192/233 1611/266/234
f 1616/367/324 1615/278/324 1613/183/325
f 1618/369/326 1617/281/328 1615/278/324
f 1620/370/327 1619/266/327 1617/281/328
f 1614/371/325 1613/192/325 1619/266/327
