# Blender 5.2.1 LTS
# www.blender.org
mtllib Enemy.mtl
o トーラス.004
v -0.635205 0.366736 -0.454022
v -0.625202 0.360960 -0.474028
v -0.605195 0.349409 -0.474028
v -0.595192 0.343634 -0.454022
v -0.605195 0.349409 -0.434015
v -0.625202 0.360960 -0.434015
v -0.551453 0.483611 -0.454022
v -0.542769 0.475995 -0.474028
v -0.525400 0.460763 -0.474028
v -0.516716 0.453148 -0.454022
v -0.525400 0.460763 -0.434015
v -0.542769 0.475995 -0.434015
v -0.446509 0.581902 -0.454022
v -0.439478 0.572738 -0.474028
v -0.425414 0.554411 -0.474028
v -0.418383 0.545247 -0.454022
v -0.425414 0.554411 -0.434015
v -0.439478 0.572738 -0.434015
v -0.324406 0.657831 -0.454022
v -0.319298 0.647471 -0.474028
v -0.309080 0.626752 -0.474028
v -0.303971 0.616392 -0.454022
v -0.309080 0.626752 -0.434015
v -0.319298 0.647471 -0.434015
v -0.189837 0.708479 -0.454022
v -0.186847 0.697322 -0.474028
v -0.180868 0.675008 -0.474028
v -0.177878 0.663850 -0.454022
v -0.180868 0.675008 -0.434015
v -0.186847 0.697322 -0.434015
v -0.047971 0.731901 -0.454022
v -0.047216 0.720375 -0.474028
v -0.045705 0.697323 -0.474028
v -0.044950 0.685797 -0.454022
v -0.045705 0.697323 -0.434015
v -0.047216 0.720375 -0.434015
v 0.095737 0.727197 -0.454022
v 0.094229 0.715745 -0.474028
v 0.091214 0.692841 -0.474028
v 0.089706 0.681389 -0.454022
v 0.091214 0.692841 -0.434015
v 0.094229 0.715745 -0.434015
v 0.235766 0.694546 -0.454022
v 0.232054 0.683609 -0.474028
v 0.224628 0.661733 -0.474028
v 0.220915 0.650795 -0.454022
v 0.224628 0.661733 -0.434015
v 0.232054 0.683609 -0.434015
v 0.366735 0.635205 -0.454022
v 0.360960 0.625202 -0.474028
v 0.349409 0.605195 -0.474028
v 0.343634 0.595192 -0.454022
v 0.349409 0.605195 -0.434015
v 0.360960 0.625202 -0.434015
v 0.483611 0.551453 -0.454022
v 0.475995 0.542769 -0.474028
v 0.460763 0.525400 -0.474028
v 0.453148 0.516716 -0.454022
v 0.460763 0.525400 -0.434015
v 0.475995 0.542769 -0.434015
v 0.581902 0.446509 -0.454022
v 0.572738 0.439478 -0.474028
v 0.554411 0.425414 -0.474028
v 0.545247 0.418383 -0.454022
v 0.554411 0.425414 -0.434015
v 0.572738 0.439478 -0.434015
v 0.657830 0.324407 -0.454022
v 0.647471 0.319298 -0.474028
v 0.626752 0.309080 -0.474028
v 0.616392 0.303971 -0.454022
v 0.626752 0.309080 -0.434015
v 0.647471 0.319298 -0.434015
v 0.708479 0.189836 -0.454022
v 0.697322 0.186847 -0.474028
v 0.675008 0.180868 -0.474028
v 0.663850 0.177878 -0.454022
v 0.675008 0.180868 -0.434015
v 0.697322 0.186847 -0.434015
v 0.731901 0.047972 -0.454022
v 0.720375 0.047216 -0.474028
v 0.697323 0.045705 -0.474028
v 0.685797 0.044950 -0.454022
v 0.697323 0.045705 -0.434015
v 0.720375 0.047216 -0.434015
v 0.727197 -0.095737 -0.454022
v 0.715745 -0.094229 -0.474028
v 0.692841 -0.091214 -0.474028
v 0.681389 -0.089706 -0.454022
v 0.692841 -0.091214 -0.434015
v 0.715745 -0.094229 -0.434015
v 0.694546 -0.235767 -0.454022
v 0.683609 -0.232054 -0.474028
v 0.661733 -0.224628 -0.474028
v 0.650795 -0.220915 -0.454022
v 0.661733 -0.224628 -0.434015
v 0.683609 -0.232054 -0.434015
v 0.635205 -0.366736 -0.454022
v 0.625202 -0.360960 -0.474028
v 0.605195 -0.349409 -0.474028
v 0.595192 -0.343634 -0.454022
v 0.605195 -0.349409 -0.434015
v 0.625202 -0.360960 -0.434015
v 0.551453 -0.483611 -0.454022
v 0.542769 -0.475995 -0.474028
v 0.525400 -0.460763 -0.474028
v 0.516716 -0.453148 -0.454022
v 0.525400 -0.460763 -0.434015
v 0.542769 -0.475995 -0.434015
v 0.446510 -0.581902 -0.454022
v 0.439478 -0.572738 -0.474028
v 0.425415 -0.554410 -0.474028
v 0.418383 -0.545247 -0.454022
v 0.425415 -0.554410 -0.434015
v 0.439478 -0.572738 -0.434015
v 0.324406 -0.657831 -0.454022
v 0.319297 -0.647471 -0.474028
v 0.309080 -0.626752 -0.474028
v 0.303971 -0.616392 -0.454022
v 0.309080 -0.626752 -0.434015
v 0.319297 -0.647471 -0.434015
v 0.189837 -0.708479 -0.454022
v 0.186847 -0.697322 -0.474028
v 0.180868 -0.675008 -0.474028
v 0.177879 -0.663850 -0.454022
v 0.180868 -0.675008 -0.434015
v 0.186847 -0.697322 -0.434015
v 0.047972 -0.731901 -0.454022
v 0.047217 -0.720375 -0.474028
v 0.045706 -0.697323 -0.474028
v 0.044950 -0.685797 -0.454022
v 0.045706 -0.697323 -0.434015
v 0.047217 -0.720375 -0.434015
v -0.095737 -0.727197 -0.454022
v -0.094229 -0.715745 -0.474028
v -0.091214 -0.692841 -0.474028
v -0.089706 -0.681389 -0.454022
v -0.091214 -0.692841 -0.434015
v -0.094229 -0.715745 -0.434015
v -0.235766 -0.694546 -0.454022
v -0.232053 -0.683609 -0.474028
v -0.224628 -0.661733 -0.474028
v -0.220915 -0.650796 -0.454022
v -0.224628 -0.661733 -0.434015
v -0.232053 -0.683609 -0.434015
v -0.366736 -0.635205 -0.454022
v -0.360960 -0.625202 -0.474028
v -0.349410 -0.605195 -0.474028
v -0.343634 -0.595192 -0.454022
v -0.349410 -0.605195 -0.434015
v -0.360960 -0.625202 -0.434015
v -0.483611 -0.551453 -0.454021
v -0.475995 -0.542769 -0.474028
v -0.460763 -0.525400 -0.474028
v -0.453147 -0.516716 -0.454022
v -0.460763 -0.525400 -0.434015
v -0.475995 -0.542769 -0.434015
v -0.581902 -0.446509 -0.454021
v -0.572738 -0.439478 -0.474028
v -0.554411 -0.425414 -0.474028
v -0.545247 -0.418383 -0.454021
v -0.554411 -0.425414 -0.434015
v -0.572738 -0.439478 -0.434015
v -0.657830 -0.324406 -0.454021
v -0.647471 -0.319298 -0.474028
v -0.626752 -0.309080 -0.474028
v -0.616392 -0.303971 -0.454021
v -0.626752 -0.309080 -0.434015
v -0.647471 -0.319298 -0.434015
v -0.708479 -0.189837 -0.454021
v -0.697322 -0.186847 -0.474028
v -0.675008 -0.180868 -0.474028
v -0.663850 -0.177879 -0.454021
v -0.675008 -0.180868 -0.434015
v -0.697322 -0.186847 -0.434015
v -0.731901 -0.047972 -0.454021
v -0.720375 -0.047216 -0.474028
v -0.697323 -0.045705 -0.474028
v -0.685797 -0.044950 -0.454021
v -0.697323 -0.045705 -0.434015
v -0.720375 -0.047216 -0.434015
v -0.727197 0.095737 -0.454021
v -0.715745 0.094229 -0.474028
v -0.692841 0.091214 -0.474028
v -0.681389 0.089706 -0.454021
v -0.692841 0.091214 -0.434015
v -0.715745 0.094229 -0.434015
v -0.694546 0.235767 -0.454021
v -0.683609 0.232054 -0.474028
v -0.661733 0.224628 -0.474028
v -0.650795 0.220915 -0.454022
v -0.661733 0.224628 -0.434015
v -0.683609 0.232054 -0.434015
v -0.546276 0.315393 -0.147123
v -0.537673 0.310426 -0.167129
v -0.520468 0.300492 -0.167129
v -0.511865 0.295525 -0.147123
v -0.520468 0.300492 -0.127116
v -0.537673 0.310426 -0.127116
v -0.474250 0.415906 -0.147123
v -0.466781 0.409356 -0.167129
v -0.451844 0.396257 -0.167129
v -0.444376 0.389707 -0.147123
v -0.451844 0.396257 -0.127116
v -0.466781 0.409356 -0.127116
v -0.383998 0.500436 -0.147123
v -0.377951 0.492555 -0.167129
v -0.365856 0.476793 -0.167129
v -0.359809 0.468912 -0.147123
v -0.365856 0.476793 -0.127116
v -0.377951 0.492555 -0.127116
v -0.278989 0.565734 -0.147123
v -0.274596 0.556825 -0.167129
v -0.265809 0.539007 -0.167129
v -0.261415 0.530097 -0.147123
v -0.265809 0.539007 -0.127116
v -0.274596 0.556825 -0.127116
v -0.163259 0.609292 -0.147123
v -0.160688 0.599697 -0.167129
v -0.155546 0.580507 -0.167129
v -0.152975 0.570911 -0.147123
v -0.155546 0.580507 -0.127116
v -0.160688 0.599697 -0.127116
v -0.041255 0.629435 -0.147123
v -0.040606 0.619523 -0.167129
v -0.039306 0.599698 -0.167129
v -0.038657 0.589786 -0.147123
v -0.039306 0.599698 -0.127116
v -0.040606 0.619523 -0.127116
v 0.082334 0.625389 -0.147123
v 0.081037 0.615541 -0.167129
v 0.078444 0.595843 -0.167129
v 0.077147 0.585995 -0.147123
v 0.078444 0.595843 -0.127116
v 0.081037 0.615541 -0.127116
v 0.202759 0.597310 -0.147123
v 0.199566 0.587903 -0.167129
v 0.193180 0.569091 -0.167129
v 0.189987 0.559684 -0.147123
v 0.193180 0.569091 -0.127116
v 0.199566 0.587903 -0.127116
v 0.315393 0.546276 -0.147123
v 0.310426 0.537674 -0.167129
v 0.300492 0.520468 -0.167129
v 0.295525 0.511865 -0.147123
v 0.300492 0.520468 -0.127116
v 0.310426 0.537674 -0.127116
v 0.415906 0.474250 -0.147123
v 0.409356 0.466781 -0.167129
v 0.396257 0.451844 -0.167129
v 0.389707 0.444376 -0.147123
v 0.396257 0.451844 -0.127116
v 0.409356 0.466781 -0.127116
v 0.500436 0.383998 -0.147123
v 0.492555 0.377951 -0.167129
v 0.476793 0.365856 -0.167129
v 0.468912 0.359809 -0.147123
v 0.476793 0.365856 -0.127116
v 0.492555 0.377951 -0.127116
v 0.565734 0.278990 -0.147123
v 0.556825 0.274596 -0.167129
v 0.539007 0.265809 -0.167129
v 0.530097 0.261416 -0.147123
v 0.539007 0.265809 -0.127116
v 0.556825 0.274596 -0.127116
v 0.609292 0.163259 -0.147123
v 0.599697 0.160688 -0.167129
v 0.580507 0.155546 -0.167129
v 0.570911 0.152975 -0.147123
v 0.580507 0.155546 -0.127116
v 0.599697 0.160688 -0.127116
v 0.629435 0.041256 -0.147123
v 0.619523 0.040606 -0.167129
v 0.599698 0.039307 -0.167129
v 0.589786 0.038657 -0.147123
v 0.599698 0.039307 -0.127116
v 0.619523 0.040606 -0.127116
v 0.625389 -0.082334 -0.147123
v 0.615541 -0.081037 -0.167129
v 0.595843 -0.078444 -0.167129
v 0.585995 -0.077147 -0.147123
v 0.595843 -0.078444 -0.127116
v 0.615541 -0.081037 -0.127116
v 0.597310 -0.202759 -0.147123
v 0.587903 -0.199566 -0.167129
v 0.569091 -0.193180 -0.167129
v 0.559684 -0.189987 -0.147123
v 0.569091 -0.193180 -0.127116
v 0.587903 -0.199566 -0.127116
v 0.546276 -0.315393 -0.147123
v 0.537674 -0.310426 -0.167129
v 0.520468 -0.300492 -0.167129
v 0.511865 -0.295525 -0.147123
v 0.520468 -0.300492 -0.127116
v 0.537674 -0.310426 -0.127116
v 0.474250 -0.415906 -0.147123
v 0.466781 -0.409356 -0.167129
v 0.451844 -0.396257 -0.167129
v 0.444376 -0.389707 -0.147123
v 0.451844 -0.396257 -0.127116
v 0.466781 -0.409356 -0.127116
v 0.383998 -0.500436 -0.147123
v 0.377951 -0.492555 -0.167129
v 0.365857 -0.476793 -0.167129
v 0.359809 -0.468912 -0.147123
v 0.365857 -0.476793 -0.127116
v 0.377951 -0.492555 -0.127116
v 0.278989 -0.565734 -0.147123
v 0.274596 -0.556825 -0.167129
v 0.265809 -0.539007 -0.167129
v 0.261415 -0.530098 -0.147123
v 0.265809 -0.539007 -0.127116
v 0.274596 -0.556825 -0.127116
v 0.163260 -0.609292 -0.147123
v 0.160689 -0.599697 -0.167129
v 0.155547 -0.580507 -0.167129
v 0.152976 -0.570911 -0.147123
v 0.155547 -0.580507 -0.127116
v 0.160689 -0.599697 -0.127116
v 0.041256 -0.629435 -0.147123
v 0.040606 -0.619523 -0.167129
v 0.039307 -0.599698 -0.167129
v 0.038657 -0.589786 -0.147123
v 0.039307 -0.599698 -0.127116
v 0.040606 -0.619523 -0.127116
v -0.082334 -0.625389 -0.147123
v -0.081037 -0.615541 -0.167129
v -0.078444 -0.595843 -0.167129
v -0.077147 -0.585995 -0.147123
v -0.078444 -0.595843 -0.127116
v -0.081037 -0.615541 -0.127116
v -0.202759 -0.597310 -0.147123
v -0.199566 -0.587903 -0.167129
v -0.193180 -0.569091 -0.167129
v -0.189987 -0.559684 -0.147123
v -0.193180 -0.569091 -0.127116
v -0.199566 -0.587903 -0.127116
v -0.315393 -0.546276 -0.147123
v -0.310426 -0.537674 -0.167129
v -0.300492 -0.520468 -0.167129
v -0.295525 -0.511865 -0.147123
v -0.300492 -0.520468 -0.127116
v -0.310426 -0.537674 -0.127116
v -0.415905 -0.474250 -0.147123
v -0.409356 -0.466781 -0.167129
v -0.396256 -0.451844 -0.167129
v -0.389707 -0.444376 -0.147123
v -0.396256 -0.451844 -0.127116
v -0.409356 -0.466781 -0.127116
v -0.500436 -0.383998 -0.147123
v -0.492555 -0.377951 -0.167129
v -0.476793 -0.365856 -0.167129
v -0.468912 -0.359809 -0.147123
v -0.476793 -0.365856 -0.127116
v -0.492555 -0.377951 -0.127116
v -0.565734 -0.278990 -0.147123
v -0.556825 -0.274596 -0.167129
v -0.539007 -0.265809 -0.167129
v -0.530097 -0.261415 -0.147123
v -0.539007 -0.265809 -0.127116
v -0.556825 -0.274596 -0.127116
v -0.609292 -0.163260 -0.147123
v -0.599697 -0.160689 -0.167129
v -0.580506 -0.155547 -0.167129
v -0.570911 -0.152976 -0.147123
v -0.580506 -0.155547 -0.127116
v -0.599697 -0.160689 -0.127116
v -0.629435 -0.041256 -0.147123
v -0.619523 -0.040606 -0.167129
v -0.599698 -0.039306 -0.167129
v -0.589785 -0.038657 -0.147123
v -0.599698 -0.039306 -0.127116
v -0.619523 -0.040606 -0.127116
v -0.625389 0.082334 -0.147123
v -0.615540 0.081037 -0.167129
v -0.595843 0.078444 -0.167129
v -0.585994 0.077147 -0.147123
v -0.595843 0.078444 -0.127116
v -0.615540 0.081037 -0.127116
v -0.597310 0.202759 -0.147123
v -0.587903 0.199566 -0.167129
v -0.569090 0.193180 -0.167129
v -0.559684 0.189987 -0.147123
v -0.569090 0.193180 -0.127116
v -0.587903 0.199566 -0.127116
v -0.457347 0.264050 0.159776
v -0.450145 0.259891 0.139770
v -0.435741 0.251575 0.139770
v -0.428538 0.247417 0.159776
v -0.435741 0.251575 0.179783
v -0.450145 0.259891 0.179783
v -0.397046 0.348200 0.159776
v -0.390794 0.342717 0.139770
v -0.378288 0.331750 0.139770
v -0.372035 0.326266 0.159776
v -0.378288 0.331750 0.179783
v -0.390793 0.342717 0.179783
v -0.321487 0.418969 0.159776
v -0.316424 0.412371 0.139770
v -0.306298 0.399176 0.139770
v -0.301235 0.392578 0.159776
v -0.306298 0.399176 0.179783
v -0.316424 0.412371 0.179783
v -0.233572 0.473638 0.159776
v -0.229894 0.466179 0.139770
v -0.222538 0.451261 0.139770
v -0.218859 0.443803 0.159776
v -0.222538 0.451261 0.179783
v -0.229894 0.466179 0.179783
v -0.136682 0.510105 0.159776
v -0.134530 0.502072 0.139770
v -0.130225 0.486006 0.139770
v -0.128072 0.477972 0.159776
v -0.130225 0.486006 0.179783
v -0.134530 0.502072 0.179783
v -0.034539 0.526969 0.159776
v -0.033995 0.518670 0.139770
v -0.032908 0.502073 0.139770
v -0.032364 0.493774 0.159776
v -0.032908 0.502073 0.179783
v -0.033995 0.518670 0.179783
v 0.068931 0.523582 0.159776
v 0.067845 0.515336 0.139770
v 0.065674 0.498846 0.139770
v 0.064589 0.490600 0.159776
v 0.065674 0.498846 0.179783
v 0.067845 0.515336 0.179783
v 0.169752 0.500073 0.159776
v 0.167079 0.492198 0.139770
v 0.161732 0.476448 0.139770
v 0.159059 0.468573 0.159776
v 0.161732 0.476448 0.179783
v 0.167079 0.492198 0.179783
v 0.264050 0.457348 0.159776
v 0.259891 0.450145 0.139770
v 0.251575 0.435741 0.139770
v 0.247417 0.428538 0.159776
v 0.251575 0.435741 0.179783
v 0.259891 0.450145 0.179783
v 0.348200 0.397046 0.159776
v 0.342717 0.390794 0.139770
v 0.331750 0.378288 0.139770
v 0.326266 0.372036 0.159776
v 0.331750 0.378288 0.179783
v 0.342717 0.390794 0.179783
v 0.418970 0.321487 0.159776
v 0.412372 0.316424 0.139770
v 0.399176 0.306298 0.139770
v 0.392578 0.301236 0.159776
v 0.399176 0.306298 0.179783
v 0.412372 0.316424 0.179783
v 0.473638 0.233573 0.159776
v 0.466179 0.229894 0.139770
v 0.451261 0.222538 0.139770
v 0.443803 0.218860 0.159776
v 0.451261 0.222538 0.179783
v 0.466179 0.229894 0.179783
v 0.510105 0.136682 0.159776
v 0.502072 0.134530 0.139770
v 0.486006 0.130225 0.139770
v 0.477972 0.128072 0.159776
v 0.486006 0.130225 0.179783
v 0.502072 0.134530 0.179783
v 0.526969 0.034540 0.159776
v 0.518670 0.033996 0.139770
v 0.502073 0.032908 0.139770
v 0.493774 0.032364 0.159776
v 0.502073 0.032908 0.179783
v 0.518670 0.033996 0.179783
v 0.523582 -0.068931 0.159776
v 0.515336 -0.067845 0.139770
v 0.498845 -0.065674 0.139770
v 0.490600 -0.064588 0.159776
v 0.498845 -0.065674 0.179783
v 0.515336 -0.067845 0.179783
v 0.500073 -0.169752 0.159776
v 0.492198 -0.167079 0.139770
v 0.476448 -0.161732 0.139770
v 0.468573 -0.159059 0.159776
v 0.476448 -0.161732 0.179783
v 0.492198 -0.167079 0.179783
v 0.457348 -0.264050 0.159776
v 0.450145 -0.259891 0.139770
v 0.435741 -0.251575 0.139770
v 0.428538 -0.247416 0.159776
v 0.435741 -0.251575 0.179783
v 0.450145 -0.259891 0.179783
v 0.397046 -0.348200 0.159776
v 0.390794 -0.342717 0.139770
v 0.378288 -0.331750 0.139770
v 0.372036 -0.326266 0.159776
v 0.378288 -0.331750 0.179783
v 0.390794 -0.342717 0.179783
v 0.321487 -0.418969 0.159776
v 0.316424 -0.412371 0.139770
v 0.306299 -0.399175 0.139770
v 0.301236 -0.392577 0.159776
v 0.306299 -0.399175 0.179783
v 0.316424 -0.412371 0.179783
v 0.233572 -0.473638 0.159776
v 0.229894 -0.466179 0.139770
v 0.222538 -0.451261 0.139770
v 0.218859 -0.443803 0.159776
v 0.222538 -0.451261 0.179783
v 0.229894 -0.466179 0.179783
v 0.136682 -0.510105 0.159776
v 0.134530 -0.502072 0.139770
v 0.130225 -0.486005 0.139770
v 0.128073 -0.477972 0.159776
v 0.130225 -0.486005 0.179783
v 0.134530 -0.502072 0.179783
v 0.034540 -0.526969 0.159776
v 0.033996 -0.518670 0.139770
v 0.032908 -0.502073 0.139770
v 0.032364 -0.493774 0.159776
v 0.032908 -0.502073 0.179783
v 0.033996 -0.518670 0.179783
v -0.068931 -0.523582 0.159776
v -0.067845 -0.515336 0.139770
v -0.065674 -0.498845 0.139770
v -0.064588 -0.490600 0.159776
v -0.065674 -0.498845 0.179783
v -0.067845 -0.515336 0.179783
v -0.169752 -0.500073 0.159776
v -0.167078 -0.492198 0.139770
v -0.161732 -0.476448 0.139770
v -0.159059 -0.468573 0.159776
v -0.161732 -0.476448 0.179783
v -0.167078 -0.492198 0.179783
v -0.264050 -0.457348 0.159776
v -0.259891 -0.450145 0.139770
v -0.251575 -0.435741 0.139770
v -0.247417 -0.428538 0.159776
v -0.251575 -0.435741 0.179783
v -0.259891 -0.450145 0.179783
v -0.348200 -0.397046 0.159776
v -0.342716 -0.390794 0.139770
v -0.331750 -0.378288 0.139770
v -0.326266 -0.372036 0.159776
v -0.331749 -0.378288 0.179783
v -0.342716 -0.390794 0.179783
v -0.418969 -0.321487 0.159776
v -0.412371 -0.316424 0.139770
v -0.399176 -0.306298 0.139770
v -0.392578 -0.301236 0.159776
v -0.399176 -0.306298 0.179783
v -0.412371 -0.316424 0.179783
v -0.473638 -0.233573 0.159776
v -0.466179 -0.229894 0.139770
v -0.451261 -0.222538 0.139770
v -0.443802 -0.218859 0.159776
v -0.451261 -0.222538 0.179783
v -0.466179 -0.229894 0.179783
v -0.510105 -0.136683 0.159776
v -0.502072 -0.134530 0.139770
v -0.486005 -0.130225 0.139770
v -0.477972 -0.128073 0.159776
v -0.486005 -0.130225 0.179783
v -0.502072 -0.134530 0.179783
v -0.526969 -0.034540 0.159776
v -0.518670 -0.033996 0.139770
v -0.502073 -0.032908 0.139770
v -0.493774 -0.032364 0.159776
v -0.502073 -0.032908 0.179783
v -0.518670 -0.033996 0.179783
v -0.523581 0.068930 0.159776
v -0.515336 0.067845 0.139770
v -0.498845 0.065674 0.139770
v -0.490600 0.064588 0.159776
v -0.498845 0.065674 0.179783
v -0.515336 0.067845 0.179783
v -0.500073 0.169752 0.159776
v -0.492198 0.167079 0.139770
v -0.476448 0.161732 0.139770
v -0.468573 0.159059 0.159776
v -0.476448 0.161732 0.179783
v -0.492198 0.167079 0.179783
v -0.368419 0.212707 0.466675
v -0.362617 0.209357 0.446669
v -0.351013 0.202657 0.446669
v -0.345211 0.199308 0.466675
v -0.351013 0.202657 0.486682
v -0.362617 0.209357 0.486682
v -0.319843 0.280494 0.466675
v -0.314806 0.276077 0.446669
v -0.304732 0.267243 0.446669
v -0.299695 0.262826 0.466675
v -0.304732 0.267243 0.486682
v -0.314806 0.276077 0.486682
v -0.258975 0.337503 0.466675
v -0.254897 0.332188 0.446669
v -0.246740 0.321558 0.446669
v -0.242662 0.316243 0.466675
v -0.246740 0.321558 0.486682
v -0.254897 0.332188 0.486682
v -0.188155 0.381542 0.466675
v -0.185192 0.375533 0.446669
v -0.179266 0.363516 0.446669
v -0.176303 0.357508 0.466675
v -0.179266 0.363516 0.486682
v -0.185192 0.375533 0.486682
v -0.110105 0.410918 0.466675
v -0.108371 0.404447 0.446669
v -0.104903 0.391504 0.446669
v -0.103169 0.385033 0.466675
v -0.104903 0.391504 0.486682
v -0.108371 0.404447 0.486682
v -0.027823 0.424503 0.466675
v -0.027385 0.417818 0.446669
v -0.026509 0.404447 0.446669
v -0.026071 0.397762 0.466675
v -0.026509 0.404447 0.486682
v -0.027385 0.417818 0.486682
v 0.055528 0.421774 0.466675
v 0.054653 0.415132 0.446669
v 0.052904 0.401848 0.446669
v 0.052030 0.395206 0.466675
v 0.052904 0.401848 0.486682
v 0.054653 0.415132 0.486682
v 0.136745 0.402837 0.466675
v 0.134591 0.396493 0.446669
v 0.130284 0.383805 0.446669
v 0.128131 0.377461 0.466675
v 0.130284 0.383805 0.486682
v 0.134591 0.396493 0.486682
v 0.212707 0.368419 0.466675
v 0.209357 0.362617 0.446669
v 0.202658 0.351013 0.446669
v 0.199308 0.345212 0.466675
v 0.202658 0.351013 0.486682
v 0.209357 0.362617 0.486682
v 0.280495 0.319843 0.466675
v 0.276077 0.314806 0.446669
v 0.267243 0.304732 0.446669
v 0.262826 0.299695 0.466675
v 0.267243 0.304732 0.486682
v 0.276077 0.314806 0.486682
v 0.337503 0.258976 0.466675
v 0.332188 0.254897 0.446669
v 0.321558 0.246740 0.446669
v 0.316243 0.242662 0.466675
v 0.321558 0.246740 0.486682
v 0.332188 0.254897 0.486682
v 0.381542 0.188156 0.466675
v 0.375533 0.185193 0.446669
v 0.363516 0.179267 0.446669
v 0.357508 0.176304 0.466675
v 0.363516 0.179267 0.486682
v 0.375533 0.185193 0.486682
v 0.410918 0.110105 0.466675
v 0.404447 0.108371 0.446669
v 0.391504 0.104903 0.446669
v 0.385033 0.103170 0.466675
v 0.391504 0.104903 0.486682
v 0.404447 0.108371 0.486682
v 0.424503 0.027824 0.466675
v 0.417818 0.027386 0.446669
v 0.404447 0.026509 0.446669
v 0.397762 0.026071 0.466675
v 0.404447 0.026509 0.486682
v 0.417818 0.027386 0.486682
v 0.421774 -0.055527 0.466675
v 0.415132 -0.054653 0.446669
v 0.401848 -0.052904 0.446669
v 0.395206 -0.052030 0.466675
v 0.401848 -0.052904 0.486682
v 0.415132 -0.054653 0.486682
v 0.402837 -0.136744 0.466675
v 0.396493 -0.134591 0.446669
v 0.383805 -0.130284 0.446669
v 0.377461 -0.128131 0.466675
v 0.383805 -0.130284 0.486682
v 0.396493 -0.134591 0.486682
v 0.368419 -0.212707 0.466675
v 0.362617 -0.209357 0.446669
v 0.351013 -0.202657 0.446669
v 0.345212 -0.199308 0.466675
v 0.351013 -0.202657 0.486682
v 0.362617 -0.209357 0.486682
v 0.319843 -0.280494 0.466675
v 0.314806 -0.276077 0.446669
v 0.304732 -0.267243 0.446669
v 0.299695 -0.262825 0.466675
v 0.304732 -0.267243 0.486682
v 0.314806 -0.276077 0.486682
v 0.258976 -0.337503 0.466675
v 0.254897 -0.332188 0.446669
v 0.246741 -0.321558 0.446669
v 0.242662 -0.316243 0.466675
v 0.246741 -0.321558 0.486682
v 0.254897 -0.332188 0.486682
v 0.188156 -0.381542 0.466675
v 0.185193 -0.375533 0.446669
v 0.179266 -0.363516 0.446669
v 0.176303 -0.357508 0.466675
v 0.179266 -0.363516 0.486682
v 0.185193 -0.375533 0.486682
v 0.110105 -0.410918 0.466675
v 0.108371 -0.404447 0.446669
v 0.104904 -0.391504 0.446669
v 0.103170 -0.385033 0.466675
v 0.104904 -0.391504 0.486682
v 0.108371 -0.404447 0.486682
v 0.027824 -0.424503 0.466675
v 0.027386 -0.417818 0.446669
v 0.026509 -0.404447 0.446669
v 0.026071 -0.397762 0.466675
v 0.026509 -0.404447 0.486682
v 0.027386 -0.417818 0.486682
v -0.055527 -0.421774 0.466675
v -0.054653 -0.415132 0.446669
v -0.052904 -0.401848 0.446669
v -0.052030 -0.395206 0.466675
v -0.052904 -0.401848 0.486682
v -0.054653 -0.415132 0.486682
v -0.136744 -0.402837 0.466675
v -0.134591 -0.396493 0.446669
v -0.130284 -0.383805 0.446669
v -0.128130 -0.377461 0.466675
v -0.130284 -0.383805 0.486682
v -0.134591 -0.396493 0.486682
v -0.212707 -0.368419 0.466675
v -0.209357 -0.362617 0.446669
v -0.202657 -0.351013 0.446669
v -0.199308 -0.345211 0.466675
v -0.202657 -0.351013 0.486682
v -0.209357 -0.362617 0.486682
v -0.280494 -0.319843 0.466675
v -0.276077 -0.314806 0.446669
v -0.267243 -0.304732 0.446669
v -0.262825 -0.299695 0.466675
v -0.267243 -0.304732 0.486682
v -0.276077 -0.314806 0.486682
v -0.337503 -0.258975 0.466675
v -0.332188 -0.254897 0.446669
v -0.321558 -0.246740 0.446669
v -0.316243 -0.242662 0.466675
v -0.321558 -0.246740 0.486682
v -0.332188 -0.254897 0.486682
v -0.381541 -0.188156 0.466675
v -0.375533 -0.185193 0.446669
v -0.363516 -0.179267 0.446669
v -0.357507 -0.176303 0.466675
v -0.363516 -0.179267 0.486682
v -0.375533 -0.185193 0.486682
v -0.410918 -0.110106 0.466675
v -0.404446 -0.108372 0.446669
v -0.391504 -0.104904 0.446669
v -0.385033 -0.103170 0.466675
v -0.391504 -0.104904 0.486682
v -0.404446 -0.108372 0.486682
v -0.424502 -0.027824 0.466675
v -0.417817 -0.027385 0.446669
v -0.404447 -0.026509 0.446669
v -0.397762 -0.026071 0.466675
v -0.404447 -0.026509 0.486682
v -0.417817 -0.027385 0.486682
v -0.421774 0.055527 0.466675
v -0.415132 0.054653 0.446669
v -0.401847 0.052904 0.446669
v -0.395205 0.052029 0.466675
v -0.401847 0.052904 0.486682
v -0.415132 0.054653 0.486682
v -0.402837 0.136745 0.466675
v -0.396493 0.134591 0.446669
v -0.383805 0.130284 0.446669
v -0.377461 0.128131 0.466675
v -0.383805 0.130284 0.486682
v -0.396493 0.134591 0.486682
v -0.279490 0.161364 0.773574
v -0.275088 0.158822 0.753568
v -0.266286 0.153740 0.753568
v -0.261884 0.151199 0.773574
v -0.266286 0.153740 0.793581
v -0.275088 0.158822 0.793581
v -0.242639 0.212789 0.773574
v -0.238818 0.209438 0.753568
v -0.231176 0.202736 0.753568
v -0.227355 0.199385 0.773574
v -0.231176 0.202736 0.793581
v -0.238818 0.209438 0.793581
v -0.196464 0.256037 0.773574
v -0.193370 0.252005 0.753568
v -0.187182 0.243941 0.753568
v -0.184088 0.239909 0.773574
v -0.187182 0.243941 0.793581
v -0.193370 0.252005 0.793581
v -0.142738 0.289445 0.773574
v -0.140491 0.284887 0.753568
v -0.135995 0.275771 0.753568
v -0.133747 0.271213 0.773574
v -0.135995 0.275771 0.793581
v -0.140491 0.284887 0.793581
v -0.083528 0.311731 0.773574
v -0.082212 0.306822 0.753568
v -0.079582 0.297003 0.753568
v -0.078266 0.292094 0.773574
v -0.079582 0.297003 0.793581
v -0.082212 0.306822 0.793581
v -0.021107 0.322037 0.773574
v -0.020775 0.316965 0.753568
v -0.020110 0.306822 0.753568
v -0.019778 0.301751 0.773574
v -0.020110 0.306822 0.793581
v -0.020775 0.316965 0.793581
v 0.042125 0.319967 0.773574
v 0.041461 0.314928 0.753568
v 0.040134 0.304850 0.753568
v 0.039471 0.299811 0.773574
v 0.040134 0.304850 0.793581
v 0.041461 0.314928 0.793581
v 0.103737 0.305601 0.773574
v 0.102104 0.300788 0.753568
v 0.098837 0.291163 0.753568
v 0.097203 0.286350 0.773574
v 0.098837 0.291163 0.793581
v 0.102104 0.300788 0.793581
v 0.161364 0.279490 0.773574
v 0.158823 0.275089 0.753568
v 0.153740 0.266286 0.753568
v 0.151199 0.261885 0.773574
v 0.153740 0.266286 0.793581
v 0.158823 0.275089 0.793581
v 0.212789 0.242640 0.773574
v 0.209438 0.238818 0.753568
v 0.202736 0.231176 0.753568
v 0.199385 0.227355 0.773574
v 0.202736 0.231176 0.793581
v 0.209438 0.238818 0.793581
v 0.256037 0.196464 0.773574
v 0.252005 0.193370 0.753568
v 0.243941 0.187183 0.753568
v 0.239909 0.184089 0.773574
v 0.243941 0.187183 0.793581
v 0.252005 0.193370 0.793581
v 0.289446 0.142739 0.773574
v 0.284887 0.140491 0.753568
v 0.275771 0.135995 0.753568
v 0.271213 0.133748 0.773574
v 0.275771 0.135995 0.793581
v 0.284887 0.140491 0.793581
v 0.311731 0.083528 0.773574
v 0.306822 0.082213 0.753568
v 0.297003 0.079582 0.753568
v 0.292094 0.078267 0.773574
v 0.297003 0.079582 0.793581
v 0.306822 0.082213 0.793581
v 0.322037 0.021108 0.773574
v 0.316965 0.020775 0.753568
v 0.306822 0.020110 0.753568
v 0.301751 0.019778 0.773574
v 0.306822 0.020110 0.793581
v 0.316965 0.020775 0.793581
v 0.319967 -0.042124 0.773574
v 0.314928 -0.041461 0.753568
v 0.304850 -0.040134 0.753568
v 0.299811 -0.039471 0.773574
v 0.304850 -0.040134 0.793581
v 0.314928 -0.041461 0.793581
v 0.305600 -0.103737 0.773574
v 0.300788 -0.102103 0.753568
v 0.291163 -0.098836 0.753568
v 0.286350 -0.097202 0.773574
v 0.291163 -0.098836 0.793581
v 0.300788 -0.102103 0.793581
v 0.279490 -0.161363 0.773574
v 0.275089 -0.158822 0.753568
v 0.266286 -0.153740 0.753568
v 0.261885 -0.151199 0.773574
v 0.266286 -0.153740 0.793581
v 0.275089 -0.158822 0.793581
v 0.242639 -0.212789 0.773574
v 0.238818 -0.209438 0.753568
v 0.231176 -0.202736 0.753568
v 0.227355 -0.199385 0.773574
v 0.231176 -0.202736 0.793581
v 0.238818 -0.209438 0.793581
v 0.196464 -0.256037 0.773574
v 0.193370 -0.252005 0.753568
v 0.187182 -0.243940 0.753568
v 0.184089 -0.239908 0.773574
v 0.187182 -0.243940 0.793581
v 0.193370 -0.252005 0.793581
v 0.142739 -0.289445 0.773574
v 0.140491 -0.284887 0.753568
v 0.135995 -0.275771 0.753568
v 0.133747 -0.271213 0.773574
v 0.135995 -0.275771 0.793581
v 0.140491 -0.284887 0.793581
v 0.083528 -0.311731 0.773574
v 0.082213 -0.306822 0.753568
v 0.079582 -0.297003 0.753568
v 0.078267 -0.292094 0.773574
v 0.079582 -0.297003 0.793581
v 0.082213 -0.306822 0.793581
v 0.021108 -0.322036 0.773574
v 0.020775 -0.316965 0.753568
v 0.020111 -0.306822 0.753568
v 0.019778 -0.301751 0.773574
v 0.020111 -0.306822 0.793581
v 0.020775 -0.316965 0.793581
v -0.042124 -0.319966 0.773574
v -0.041461 -0.314928 0.753568
v -0.040134 -0.304850 0.753568
v -0.039471 -0.299811 0.773574
v -0.040134 -0.304850 0.793581
v -0.041461 -0.314928 0.793581
v -0.103737 -0.305600 0.773574
v -0.102103 -0.300788 0.753568
v -0.098836 -0.291163 0.753568
v -0.097202 -0.286350 0.773574
v -0.098836 -0.291163 0.793581
v -0.102103 -0.300788 0.793581
v -0.161364 -0.279490 0.773574
v -0.158822 -0.275089 0.753568
v -0.153740 -0.266286 0.753568
v -0.151199 -0.261885 0.773574
v -0.153740 -0.266286 0.793581
v -0.158822 -0.275089 0.793581
v -0.212789 -0.242640 0.773574
v -0.209438 -0.238818 0.753568
v -0.202736 -0.231176 0.753568
v -0.199385 -0.227355 0.773574
v -0.202736 -0.231176 0.793581
v -0.209438 -0.238818 0.793581
v -0.256037 -0.196464 0.773574
v -0.252005 -0.193370 0.753568
v -0.243940 -0.187182 0.753568
v -0.239908 -0.184088 0.773574
v -0.243940 -0.187182 0.793581
v -0.252005 -0.193370 0.793581
v -0.289445 -0.142739 0.773574
v -0.284887 -0.140491 0.753568
v -0.275771 -0.135995 0.753568
v -0.271212 -0.133748 0.773574
v -0.275771 -0.135995 0.793581
v -0.284887 -0.140491 0.793581
v -0.311730 -0.083528 0.773574
v -0.306821 -0.082213 0.753568
v -0.297003 -0.079582 0.753568
v -0.292094 -0.078267 0.773574
v -0.297003 -0.079582 0.793581
v -0.306821 -0.082213 0.793581
v -0.322036 -0.021108 0.773574
v -0.316965 -0.020775 0.753568
v -0.306822 -0.020110 0.753568
v -0.301750 -0.019778 0.773574
v -0.306822 -0.020110 0.793581
v -0.316965 -0.020775 0.793581
v -0.319966 0.042124 0.773574
v -0.314927 0.041461 0.753568
v -0.304850 0.040134 0.753568
v -0.299811 0.039471 0.773574
v -0.304850 0.040134 0.793581
v -0.314927 0.041461 0.793581
v -0.305600 0.103737 0.773574
v -0.300787 0.102104 0.753568
v -0.291162 0.098836 0.753568
v -0.286350 0.097203 0.773574
v -0.291162 0.098836 0.793581
v -0.300787 0.102104 0.793581
v -0.190561 0.110021 1.080473
v -0.187560 0.108288 1.060467
v -0.181558 0.104823 1.060467
v -0.178557 0.103090 1.080473
v -0.181558 0.104823 1.100480
v -0.187560 0.108288 1.100480
v -0.165435 0.145083 1.080473
v -0.162830 0.142799 1.060467
v -0.157620 0.138229 1.060467
v -0.155014 0.135944 1.080473
v -0.157620 0.138229 1.100480
v -0.162830 0.142799 1.100480
v -0.133952 0.174571 1.080473
v -0.131843 0.171821 1.060467
v -0.127624 0.166323 1.060467
v -0.125514 0.163574 1.080473
v -0.127624 0.166323 1.100480
v -0.131843 0.171821 1.100480
v -0.097321 0.197349 1.080473
v -0.095789 0.194241 1.060467
v -0.092724 0.188026 1.060467
v -0.091191 0.184918 1.080473
v -0.092724 0.188026 1.100480
v -0.095789 0.194241 1.100480
v -0.056951 0.212544 1.080473
v -0.056054 0.209197 1.060467
v -0.054260 0.202502 1.060467
v -0.053363 0.199155 1.080473
v -0.054260 0.202502 1.100480
v -0.056054 0.209197 1.100480
v -0.014391 0.219570 1.080473
v -0.014164 0.216113 1.060467
v -0.013711 0.209197 1.060467
v -0.013484 0.205739 1.080473
v -0.013711 0.209197 1.100480
v -0.014164 0.216113 1.100480
v 0.028721 0.218159 1.080473
v 0.028269 0.214724 1.060467
v 0.027365 0.207852 1.060467
v 0.026912 0.204417 1.080473
v 0.027365 0.207852 1.100480
v 0.028269 0.214724 1.100480
v 0.070730 0.208364 1.080473
v 0.069616 0.205083 1.060467
v 0.067389 0.198520 1.060467
v 0.066275 0.195239 1.080473
v 0.067389 0.198520 1.100480
v 0.069616 0.205083 1.100480
v 0.110021 0.190562 1.080473
v 0.108288 0.187561 1.060467
v 0.104823 0.181559 1.060467
v 0.103091 0.178558 1.080473
v 0.104823 0.181559 1.100480
v 0.108288 0.187561 1.100480
v 0.145084 0.165436 1.080473
v 0.142799 0.162831 1.060467
v 0.138229 0.157620 1.060467
v 0.135945 0.155015 1.080473
v 0.138229 0.157620 1.100480
v 0.142799 0.162831 1.100480
v 0.174571 0.133953 1.080473
v 0.171822 0.131844 1.060467
v 0.166323 0.127625 1.060467
v 0.163574 0.125515 1.080473
v 0.166323 0.127625 1.100480
v 0.171822 0.131844 1.100480
v 0.197349 0.097322 1.080473
v 0.194241 0.095790 1.060467
v 0.188026 0.092724 1.060467
v 0.184918 0.091192 1.080473
v 0.188026 0.092724 1.100480
v 0.194241 0.095790 1.100480
v 0.212544 0.056951 1.080473
v 0.209197 0.056054 1.060467
v 0.202502 0.054261 1.060467
v 0.199155 0.053364 1.080473
v 0.202502 0.054261 1.100480
v 0.209197 0.056054 1.100480
v 0.219570 0.014392 1.080473
v 0.216113 0.014165 1.060467
v 0.209197 0.013712 1.060467
v 0.205739 0.013485 1.080473
v 0.209197 0.013712 1.100480
v 0.216113 0.014165 1.100480
v 0.218159 -0.028721 1.080473
v 0.214724 -0.028269 1.060467
v 0.207852 -0.027364 1.060467
v 0.204417 -0.026912 1.080473
v 0.207852 -0.027364 1.100480
v 0.214724 -0.028269 1.100480
v 0.208364 -0.070730 1.080473
v 0.205083 -0.069616 1.060467
v 0.198520 -0.067388 1.060467
v 0.195239 -0.066274 1.080473
v 0.198520 -0.067388 1.100480
v 0.205083 -0.069616 1.100480
v 0.190562 -0.110020 1.080473
v 0.187561 -0.108288 1.060467
v 0.181559 -0.104823 1.060467
v 0.178558 -0.103090 1.080473
v 0.181559 -0.104823 1.100480
v 0.187561 -0.108288 1.100480
v 0.165436 -0.145083 1.080473
v 0.162831 -0.142798 1.060467
v 0.157620 -0.138229 1.060467
v 0.155015 -0.135944 1.080473
v 0.157620 -0.138229 1.100480
v 0.162831 -0.142798 1.100480
v 0.133953 -0.174570 1.080473
v 0.131843 -0.171821 1.060467
v 0.127624 -0.166323 1.060467
v 0.125515 -0.163574 1.080473
v 0.127624 -0.166323 1.100480
v 0.131843 -0.171821 1.100480
v 0.097322 -0.197349 1.080473
v 0.095789 -0.194241 1.060467
v 0.092724 -0.188026 1.060467
v 0.091191 -0.184918 1.080473
v 0.092724 -0.188026 1.100480
v 0.095789 -0.194241 1.100480
v 0.056951 -0.212544 1.080473
v 0.056054 -0.209196 1.060467
v 0.054260 -0.202502 1.060467
v 0.053364 -0.199155 1.080473
v 0.054261 -0.202502 1.100480
v 0.056054 -0.209196 1.100480
v 0.014392 -0.219570 1.080473
v 0.014165 -0.216112 1.060467
v 0.013712 -0.209197 1.060467
v 0.013485 -0.205739 1.080473
v 0.013712 -0.209197 1.100480
v 0.014165 -0.216112 1.100480
v -0.028721 -0.218159 1.080473
v -0.028269 -0.214723 1.060467
v -0.027364 -0.207852 1.060467
v -0.026912 -0.204417 1.080473
v -0.027364 -0.207852 1.100480
v -0.028269 -0.214723 1.100480
v -0.070730 -0.208364 1.080473
v -0.069616 -0.205083 1.060467
v -0.067388 -0.198520 1.060467
v -0.066274 -0.195239 1.080473
v -0.067388 -0.198520 1.100480
v -0.069616 -0.205083 1.100480
v -0.110021 -0.190562 1.080473
v -0.108288 -0.187561 1.060467
v -0.104823 -0.181559 1.060467
v -0.103090 -0.178558 1.080473
v -0.104823 -0.181559 1.100480
v -0.108288 -0.187561 1.100480
v -0.145083 -0.165436 1.080473
v -0.142798 -0.162831 1.060467
v -0.138229 -0.157620 1.060467
v -0.135944 -0.155015 1.080473
v -0.138229 -0.157620 1.100480
v -0.142798 -0.162831 1.100480
v -0.174570 -0.133953 1.080473
v -0.171821 -0.131843 1.060467
v -0.166323 -0.127624 1.060467
v -0.163574 -0.125515 1.080473
v -0.166323 -0.127624 1.100480
v -0.171821 -0.131843 1.100480
v -0.197349 -0.097322 1.080473
v -0.194241 -0.095789 1.060467
v -0.188025 -0.092724 1.060467
v -0.184917 -0.091192 1.080473
v -0.188025 -0.092724 1.100480
v -0.194241 -0.095789 1.100480
v -0.212543 -0.056951 1.080473
v -0.209196 -0.056054 1.060467
v -0.202502 -0.054261 1.060467
v -0.199155 -0.053364 1.080473
v -0.202502 -0.054261 1.100480
v -0.209196 -0.056054 1.100480
v -0.219570 -0.014392 1.080473
v -0.216112 -0.014165 1.060467
v -0.209197 -0.013712 1.060467
v -0.205739 -0.013485 1.080473
v -0.209197 -0.013712 1.100480
v -0.216112 -0.014165 1.100480
v -0.218159 0.028721 1.080473
v -0.214723 0.028269 1.060467
v -0.207852 0.027364 1.060467
v -0.204416 0.026912 1.080473
v -0.207852 0.027364 1.100480
v -0.214723 0.028269 1.100480
v -0.208363 0.070730 1.080473
v -0.205082 0.069616 1.060467
v -0.198520 0.067388 1.060467
v -0.195238 0.066274 1.080473
v -0.198520 0.067388 1.100480
v -0.205082 0.069616 1.100480
vn -0.7048 0.5050 -0.4982
vn -0.0000 -0.0000 -1.0000
vn 0.7048 -0.5050 -0.4982
vn 0.7048 -0.5051 0.4982
vn -0.0000 -0.0000 1.0000
vn -0.7048 0.5051 0.4982
vn -0.5927 0.6328 -0.4982
vn 0.5927 -0.6328 -0.4982
vn 0.5927 -0.6329 0.4982
vn -0.5927 0.6328 0.4982
vn -0.4579 0.7363 -0.4982
vn 0.4579 -0.7363 -0.4982
vn 0.4579 -0.7363 0.4982
vn -0.4579 0.7363 0.4982
vn -0.3054 0.8115 -0.4982
vn 0.3054 -0.8115 -0.4982
vn 0.3054 -0.8115 0.4982
vn -0.3054 0.8115 0.4982
vn -0.1412 0.8555 -0.4982
vn 0.1412 -0.8555 -0.4982
vn 0.1412 -0.8555 0.4982
vn -0.1412 0.8555 0.4982
vn 0.0284 0.8666 -0.4982
vn -0.0284 -0.8666 -0.4982
vn -0.0284 -0.8666 0.4982
vn 0.0284 0.8666 0.4982
vn 0.1969 0.8444 -0.4982
vn -0.1969 -0.8444 -0.4982
vn -0.1969 -0.8444 0.4982
vn 0.1969 0.8444 0.4982
vn 0.3578 0.7898 -0.4982
vn -0.3578 -0.7898 -0.4982
vn -0.3578 -0.7898 0.4982
vn 0.3579 0.7898 0.4982
vn 0.5050 0.7048 -0.4982
vn -0.5050 -0.7048 -0.4982
vn -0.5051 -0.7048 0.4982
vn 0.5051 0.7048 0.4982
vn 0.6328 0.5927 -0.4982
vn -0.6328 -0.5927 -0.4982
vn -0.6329 -0.5927 0.4982
vn 0.6328 0.5927 0.4982
vn 0.7363 0.4579 -0.4982
vn -0.7363 -0.4579 -0.4982
vn -0.7363 -0.4579 0.4982
vn 0.7363 0.4579 0.4982
vn 0.8115 0.3054 -0.4982
vn -0.8115 -0.3054 -0.4982
vn -0.8115 -0.3054 0.4982
vn 0.8115 0.3054 0.4982
vn 0.8555 0.1412 -0.4982
vn -0.8555 -0.1412 -0.4982
vn -0.8555 -0.1412 0.4982
vn 0.8555 0.1412 0.4982
vn 0.8666 -0.0284 -0.4982
vn -0.8666 0.0284 -0.4982
vn -0.8666 0.0284 0.4982
vn 0.8666 -0.0284 0.4982
vn 0.8444 -0.1969 -0.4982
vn -0.8444 0.1969 -0.4982
vn -0.8444 0.1969 0.4982
vn 0.8444 -0.1969 0.4982
vn 0.7898 -0.3578 -0.4982
vn -0.7898 0.3578 -0.4982
vn -0.7898 0.3578 0.4982
vn 0.7898 -0.3579 0.4982
vn -0.5927 0.6329 0.4982
vn 0.5927 -0.6328 0.4982
vn -0.5051 -0.7048 -0.4982
vn -0.5050 -0.7048 0.4982
vn -0.6328 -0.5927 0.4982
vn 0.7898 -0.3578 0.4982
vn -0.7287 0.5222 -0.4430
vn 0.7287 -0.5222 -0.4430
vn 0.7287 -0.5222 0.4430
vn -0.7287 0.5222 0.4430
vn -0.6129 0.6543 -0.4430
vn 0.6129 -0.6543 -0.4430
vn 0.6129 -0.6543 0.4430
vn -0.6129 0.6543 0.4430
vn -0.4734 0.7613 -0.4430
vn 0.4734 -0.7613 -0.4430
vn 0.4734 -0.7613 0.4430
vn -0.4734 0.7613 0.4430
vn -0.3158 0.8391 -0.4430
vn 0.3158 -0.8390 -0.4430
vn 0.3158 -0.8391 0.4430
vn -0.3158 0.8391 0.4430
vn -0.1460 0.8845 -0.4430
vn 0.1460 -0.8845 -0.4430
vn 0.1460 -0.8845 0.4430
vn -0.1460 0.8846 0.4430
vn 0.0293 0.8960 -0.4430
vn -0.0293 -0.8960 -0.4430
vn -0.0293 -0.8961 0.4430
vn 0.0293 0.8961 0.4430
vn 0.2036 0.8731 -0.4430
vn -0.2036 -0.8731 -0.4430
vn -0.2036 -0.8731 0.4430
vn 0.2036 0.8731 0.4430
vn 0.3700 0.8166 -0.4430
vn -0.3700 -0.8166 -0.4430
vn -0.3700 -0.8166 0.4430
vn 0.3700 0.8166 0.4430
vn 0.5222 0.7287 -0.4430
vn -0.5222 -0.7287 -0.4430
vn -0.5222 -0.7287 0.4430
vn 0.5222 0.7287 0.4430
vn 0.6543 0.6129 -0.4430
vn -0.6543 -0.6129 -0.4430
vn -0.6543 -0.6129 0.4430
vn 0.6543 0.6129 0.4430
vn 0.7613 0.4734 -0.4430
vn -0.7613 -0.4734 -0.4430
vn -0.7613 -0.4734 0.4430
vn 0.7613 0.4734 0.4430
vn 0.8391 0.3158 -0.4430
vn -0.8390 -0.3158 -0.4430
vn -0.8391 -0.3158 0.4430
vn 0.8391 0.3158 0.4430
vn 0.8845 0.1460 -0.4430
vn -0.8845 -0.1460 -0.4430
vn -0.8845 -0.1460 0.4430
vn 0.8846 0.1460 0.4430
vn 0.8960 -0.0293 -0.4430
vn -0.8960 0.0293 -0.4430
vn -0.8961 0.0293 0.4430
vn 0.8961 -0.0293 0.4430
vn 0.8731 -0.2036 -0.4430
vn -0.8731 0.2036 -0.4430
vn -0.8731 0.2036 0.4430
vn 0.8731 -0.2036 0.4430
vn 0.8166 -0.3700 -0.4430
vn -0.8166 0.3700 -0.4430
vn -0.8166 0.3700 0.4430
vn 0.8166 -0.3700 0.4430
vn -0.6128 0.6543 -0.4430
vn 0.3158 -0.8391 -0.4430
vn -0.1460 0.8845 0.4430
vn 0.1460 -0.8846 0.4430
vn -0.8391 -0.3158 -0.4430
vn 0.8845 0.1460 0.4430
vn -0.8846 -0.1460 0.4430
vn 0.8960 -0.0293 0.4430
vn -0.8960 0.0293 0.4430
vn -0.7511 0.5382 -0.3823
vn 0.7511 -0.5382 -0.3823
vn 0.7511 -0.5382 0.3823
vn -0.7511 0.5382 0.3823
vn -0.6317 0.6744 -0.3823
vn 0.6317 -0.6744 -0.3823
vn 0.6317 -0.6744 0.3823
vn -0.6317 0.6744 0.3823
vn -0.4880 0.7847 -0.3823
vn 0.4880 -0.7847 -0.3823
vn 0.4880 -0.7847 0.3823
vn -0.4880 0.7847 0.3823
vn -0.3255 0.8648 -0.3823
vn 0.3255 -0.8648 -0.3823
vn 0.3255 -0.8648 0.3823
vn -0.3255 0.8648 0.3823
vn -0.1505 0.9117 -0.3823
vn 0.1505 -0.9117 -0.3823
vn 0.1505 -0.9117 0.3823
vn -0.1505 0.9117 0.3823
vn 0.0302 0.9235 -0.3823
vn -0.0302 -0.9235 -0.3823
vn -0.0302 -0.9236 0.3823
vn 0.0302 0.9236 0.3823
vn 0.2098 0.8999 -0.3823
vn -0.2098 -0.8999 -0.3823
vn -0.2098 -0.8999 0.3823
vn 0.2098 0.8999 0.3823
vn 0.3814 0.8417 -0.3823
vn -0.3814 -0.8417 -0.3823
vn -0.3814 -0.8417 0.3823
vn 0.3814 0.8417 0.3823
vn 0.5382 0.7511 -0.3823
vn -0.5382 -0.7511 -0.3823
vn -0.5382 -0.7511 0.3823
vn 0.5382 0.7511 0.3823
vn 0.6744 0.6317 -0.3823
vn -0.6744 -0.6317 -0.3823
vn -0.6744 -0.6317 0.3823
vn 0.6744 0.6317 0.3822
vn 0.7847 0.4880 -0.3823
vn -0.7847 -0.4880 -0.3823
vn -0.7847 -0.4880 0.3822
vn 0.7847 0.4880 0.3823
vn 0.8648 0.3255 -0.3823
vn -0.8648 -0.3255 -0.3823
vn -0.8648 -0.3255 0.3823
vn 0.8648 0.3255 0.3823
vn 0.9117 0.1505 -0.3823
vn -0.9117 -0.1505 -0.3823
vn -0.9117 -0.1505 0.3823
vn 0.9117 0.1505 0.3823
vn 0.9235 -0.0302 -0.3823
vn -0.9236 0.0302 -0.3823
vn -0.9236 0.0302 0.3823
vn 0.9236 -0.0302 0.3823
vn 0.8999 -0.2098 -0.3823
vn -0.8999 0.2098 -0.3823
vn -0.8999 0.2098 0.3823
vn 0.8999 -0.2098 0.3823
vn 0.8417 -0.3814 -0.3823
vn -0.8417 0.3814 -0.3823
vn -0.8417 0.3814 0.3823
vn 0.8417 -0.3814 0.3823
vn 0.6317 -0.6744 0.3822
vn -0.3255 0.8648 0.3822
vn 0.0302 0.9236 -0.3823
vn -0.7847 -0.4880 0.3823
vn 0.9236 -0.0302 -0.3823
vn -0.8999 0.2098 0.3822
vn -0.7711 0.5526 -0.3162
vn 0.7712 -0.5526 -0.3162
vn 0.7712 -0.5526 0.3161
vn -0.7712 0.5526 0.3162
vn -0.6485 0.6924 -0.3162
vn 0.6485 -0.6924 -0.3162
vn 0.6485 -0.6924 0.3161
vn -0.6485 0.6924 0.3161
vn -0.5010 0.8056 -0.3162
vn 0.5010 -0.8056 -0.3161
vn 0.5010 -0.8056 0.3161
vn -0.5010 0.8056 0.3162
vn -0.3342 0.8879 -0.3162
vn 0.3342 -0.8879 -0.3162
vn 0.3342 -0.8879 0.3161
vn -0.3342 0.8879 0.3162
vn -0.1545 0.9360 -0.3162
vn 0.1545 -0.9360 -0.3162
vn 0.1545 -0.9360 0.3161
vn -0.1545 0.9360 0.3161
vn 0.0310 0.9482 -0.3162
vn -0.0310 -0.9482 -0.3162
vn -0.0310 -0.9482 0.3161
vn 0.0310 0.9482 0.3161
vn 0.2154 0.9239 -0.3162
vn -0.2154 -0.9239 -0.3162
vn -0.2154 -0.9239 0.3161
vn 0.2154 0.9239 0.3162
vn 0.3915 0.8641 -0.3162
vn -0.3915 -0.8641 -0.3161
vn -0.3915 -0.8642 0.3161
vn 0.3915 0.8641 0.3162
vn 0.5526 0.7711 -0.3162
vn -0.5526 -0.7712 -0.3162
vn -0.5526 -0.7712 0.3161
vn 0.5526 0.7712 0.3162
vn 0.6924 0.6485 -0.3162
vn -0.6924 -0.6485 -0.3162
vn -0.6924 -0.6485 0.3161
vn 0.6924 0.6485 0.3162
vn 0.8056 0.5010 -0.3162
vn -0.8056 -0.5010 -0.3161
vn -0.8056 -0.5010 0.3161
vn 0.8056 0.5010 0.3162
vn 0.8879 0.3342 -0.3162
vn -0.8879 -0.3342 -0.3161
vn -0.8879 -0.3342 0.3161
vn 0.8879 0.3342 0.3162
vn 0.9360 0.1545 -0.3162
vn -0.9360 -0.1545 -0.3162
vn -0.9360 -0.1545 0.3161
vn 0.9360 0.1545 0.3161
vn 0.9482 -0.0310 -0.3162
vn -0.9482 0.0310 -0.3162
vn -0.9482 0.0310 0.3161
vn 0.9482 -0.0310 0.3161
vn 0.9239 -0.2154 -0.3162
vn -0.9239 0.2154 -0.3162
vn -0.9239 0.2154 0.3161
vn 0.9239 -0.2154 0.3161
vn 0.8641 -0.3915 -0.3162
vn -0.8642 0.3915 -0.3161
vn -0.8642 0.3915 0.3161
vn 0.8641 -0.3915 0.3162
vn 0.7711 -0.5526 -0.3162
vn -0.7712 0.5526 -0.3162
vn -0.7712 0.5526 0.3161
vn 0.7712 -0.5526 0.3162
vn -0.6485 0.6924 0.3162
vn 0.6485 -0.6924 0.3162
vn 0.5010 -0.8056 -0.3162
vn -0.5010 0.8056 0.3161
vn 0.5010 -0.8056 0.3162
vn -0.3342 0.8879 -0.3161
vn -0.3342 0.8879 0.3161
vn 0.3342 -0.8879 0.3162
vn 0.2154 0.9239 0.3161
vn -0.3915 -0.8641 -0.3162
vn -0.3915 -0.8641 0.3162
vn -0.5526 -0.7711 -0.3162
vn 0.5526 0.7712 -0.3162
vn -0.5526 -0.7712 0.3162
vn -0.8879 -0.3342 -0.3162
vn -0.8879 -0.3342 0.3162
vn -0.9360 -0.1545 0.3162
vn 0.9239 -0.2154 0.3162
vn -0.9239 0.2154 0.3162
vn -0.8641 0.3915 -0.3162
vn 0.8641 -0.3915 0.3161
vn -0.8641 0.3915 0.3162
vn -0.7880 0.5647 -0.2451
vn 0.7881 -0.5647 -0.2451
vn 0.7881 -0.5647 0.2451
vn -0.7881 0.5647 0.2451
vn -0.6627 0.7076 -0.2451
vn 0.6627 -0.7076 -0.2451
vn 0.6627 -0.7076 0.2451
vn -0.6627 0.7076 0.2451
vn -0.5120 0.8233 -0.2451
vn 0.5120 -0.8233 -0.2451
vn 0.5120 -0.8233 0.2451
vn -0.5120 0.8233 0.2451
vn -0.3415 0.9074 -0.2451
vn 0.3415 -0.9074 -0.2451
vn 0.3415 -0.9074 0.2451
vn -0.3415 0.9074 0.2451
vn -0.1579 0.9565 -0.2451
vn 0.1579 -0.9565 -0.2451
vn 0.1579 -0.9566 0.2451
vn -0.1579 0.9565 0.2451
vn 0.0317 0.9690 -0.2451
vn -0.0317 -0.9690 -0.2451
vn -0.0317 -0.9690 0.2451
vn 0.0317 0.9690 0.2451
vn 0.2202 0.9442 -0.2451
vn -0.2201 -0.9442 -0.2451
vn -0.2201 -0.9442 0.2451
vn 0.2202 0.9442 0.2451
vn 0.4001 0.8831 -0.2451
vn -0.4001 -0.8831 -0.2451
vn -0.4001 -0.8831 0.2451
vn 0.4001 0.8831 0.2451
vn 0.5647 0.7880 -0.2451
vn -0.5647 -0.7881 -0.2451
vn -0.5647 -0.7881 0.2451
vn 0.5647 0.7881 0.2451
vn 0.7076 0.6627 -0.2451
vn -0.7076 -0.6627 -0.2451
vn -0.7076 -0.6628 0.2451
vn 0.7076 0.6627 0.2451
vn 0.8233 0.5120 -0.2451
vn -0.8233 -0.5120 -0.2451
vn -0.8233 -0.5120 0.2451
vn 0.8233 0.5120 0.2451
vn 0.9074 0.3415 -0.2451
vn -0.9074 -0.3415 -0.2451
vn -0.9074 -0.3415 0.2451
vn 0.9074 0.3415 0.2451
vn 0.9565 0.1579 -0.2451
vn -0.9566 -0.1579 -0.2451
vn -0.9566 -0.1579 0.2451
vn 0.9565 0.1579 0.2451
vn 0.9690 -0.0317 -0.2451
vn -0.9690 0.0317 -0.2451
vn -0.9690 0.0317 0.2451
vn 0.9690 -0.0317 0.2451
vn 0.9442 -0.2202 -0.2451
vn -0.9442 0.2201 -0.2451
vn -0.9442 0.2201 0.2451
vn 0.9442 -0.2202 0.2451
vn 0.8831 -0.4001 -0.2451
vn -0.8831 0.4001 -0.2451
vn -0.8831 0.4001 0.2451
vn 0.8831 -0.4001 0.2451
vn -0.7881 0.5647 -0.2451
vn 0.1579 -0.9566 -0.2451
vn -0.1579 0.9566 0.2451
vn -0.2202 -0.9442 -0.2451
vn 0.2201 0.9442 -0.2451
vn 0.2201 0.9442 0.2451
vn -0.2202 -0.9442 0.2451
vn -0.5647 -0.7880 -0.2451
vn 0.5647 0.7881 -0.2451
vn -0.7076 -0.6627 0.2451
vn -0.9565 -0.1579 -0.2451
vn -0.8010 0.5740 -0.1699
vn 0.8010 -0.5740 -0.1699
vn 0.8010 -0.5740 0.1699
vn -0.8010 0.5740 0.1699
vn -0.6737 0.7193 -0.1699
vn 0.6737 -0.7193 -0.1699
vn 0.6737 -0.7193 0.1699
vn -0.6737 0.7193 0.1698
vn -0.5204 0.8369 -0.1699
vn 0.5204 -0.8369 -0.1699
vn 0.5204 -0.8369 0.1699
vn -0.5204 0.8369 0.1699
vn -0.3471 0.9223 -0.1699
vn 0.3471 -0.9223 -0.1699
vn 0.3471 -0.9223 0.1699
vn -0.3471 0.9223 0.1699
vn -0.1605 0.9723 -0.1699
vn 0.1605 -0.9723 -0.1699
vn 0.1605 -0.9723 0.1699
vn -0.1605 0.9723 0.1698
vn 0.0322 0.9849 -0.1698
vn -0.0322 -0.9849 -0.1699
vn -0.0322 -0.9849 0.1699
vn 0.0322 0.9849 0.1698
vn 0.2238 0.9597 -0.1698
vn -0.2238 -0.9597 -0.1699
vn -0.2238 -0.9597 0.1698
vn 0.2238 0.9597 0.1698
vn 0.4067 0.8976 -0.1699
vn -0.4067 -0.8976 -0.1699
vn -0.4067 -0.8976 0.1699
vn 0.4067 0.8976 0.1699
vn 0.5740 0.8010 -0.1699
vn -0.5740 -0.8010 -0.1698
vn -0.5740 -0.8010 0.1698
vn 0.5740 0.8010 0.1699
vn 0.7193 0.6737 -0.1699
vn -0.7193 -0.6737 -0.1699
vn -0.7193 -0.6737 0.1698
vn 0.7193 0.6737 0.1698
vn 0.8369 0.5204 -0.1699
vn -0.8369 -0.5204 -0.1699
vn -0.8369 -0.5204 0.1699
vn 0.8369 0.5204 0.1698
vn 0.9223 0.3471 -0.1699
vn -0.9223 -0.3471 -0.1699
vn -0.9223 -0.3471 0.1699
vn 0.9223 0.3471 0.1699
vn 0.9723 0.1605 -0.1698
vn -0.9723 -0.1605 -0.1699
vn -0.9723 -0.1605 0.1699
vn 0.9723 0.1605 0.1698
vn 0.9849 -0.0322 -0.1698
vn -0.9849 0.0322 -0.1699
vn -0.9849 0.0322 0.1699
vn 0.9849 -0.0322 0.1698
vn 0.9597 -0.2238 -0.1698
vn -0.9597 0.2238 -0.1698
vn -0.9597 0.2238 0.1698
vn 0.9597 -0.2238 0.1698
vn 0.8976 -0.4067 -0.1699
vn -0.8976 0.4067 -0.1699
vn -0.8976 0.4067 0.1699
vn 0.8976 -0.4067 0.1699
vn -0.6737 0.7193 0.1699
vn -0.1605 0.9723 0.1699
vn 0.0322 0.9849 -0.1699
vn 0.0322 0.9849 0.1699
vn -0.2238 -0.9597 0.1699
vn -0.5740 -0.8010 -0.1699
vn -0.5740 -0.8010 0.1699
vn 0.7193 0.6737 0.1699
vn -0.7193 -0.6737 0.1699
vn 0.9723 0.1605 -0.1699
vn 0.9723 0.1605 0.1699
vn 0.9849 -0.0323 -0.1699
vn 0.9849 -0.0323 0.1699
vn -0.9597 0.2238 -0.1699
vn 0.9597 -0.2238 -0.1699
vn 0.9597 -0.2238 0.1699
vn -0.9597 0.2238 0.1699
vt 0.500000 0.500000
vt 0.531250 0.500000
vt 0.531250 0.666667
vt 0.500000 0.666667
vt 0.531250 0.833333
vt 0.500000 0.833333
vt 0.531250 1.000000
vt 0.500000 1.000000
vt 0.500000 -0.000000
vt 0.531250 -0.000000
vt 0.531250 0.166667
vt 0.500000 0.166667
vt 0.531250 0.333333
vt 0.500000 0.333333
vt 0.562500 0.500000
vt 0.562500 0.666667
vt 0.562500 0.833333
vt 0.562500 1.000000
vt 0.562500 -0.000000
vt 0.562500 0.166667
vt 0.562500 0.333333
vt 0.593750 0.500000
vt 0.593750 0.666667
vt 0.593750 0.833333
vt 0.593750 1.000000
vt 0.593750 -0.000000
vt 0.593750 0.166667
vt 0.593750 0.333333
vt 0.625000 0.500000
vt 0.625000 0.666667
vt 0.625000 0.833333
vt 0.625000 1.000000
vt 0.625000 -0.000000
vt 0.625000 0.166667
vt 0.625000 0.333333
vt 0.656250 0.500000
vt 0.656250 0.666667
vt 0.656250 0.833333
vt 0.656250 1.000000
vt 0.656250 -0.000000
vt 0.656250 0.166667
vt 0.656250 0.333333
vt 0.687500 0.500000
vt 0.687500 0.666667
vt 0.687500 0.833333
vt 0.687500 1.000000
vt 0.687500 -0.000000
vt 0.687500 0.166667
vt 0.687500 0.333333
vt 0.718750 0.500000
vt 0.718750 0.666667
vt 0.718750 0.833333
vt 0.718750 1.000000
vt 0.718750 -0.000000
vt 0.718750 0.166667
vt 0.718750 0.333333
vt 0.750000 0.500000
vt 0.750000 0.666667
vt 0.750000 0.833333
vt 0.750000 1.000000
vt 0.750000 -0.000000
vt 0.750000 0.166667
vt 0.750000 0.333333
vt 0.781250 0.500000
vt 0.781250 0.666667
vt 0.781250 0.833333
vt 0.781250 1.000000
vt 0.781250 -0.000000
vt 0.781250 0.166667
vt 0.781250 0.333333
vt 0.812500 0.500000
vt 0.812500 0.666667
vt 0.812500 0.833333
vt 0.812500 1.000000
vt 0.812500 -0.000000
vt 0.812500 0.166667
vt 0.812500 0.333333
vt 0.843750 0.500000
vt 0.843750 0.666667
vt 0.843750 0.833333
vt 0.843750 1.000000
vt 0.843750 -0.000000
vt 0.843750 0.166667
vt 0.843750 0.333333
vt 0.875000 0.500000
vt 0.875000 0.666667
vt 0.875000 0.833333
vt 0.875000 1.000000
vt 0.875000 -0.000000
vt 0.875000 0.166667
vt 0.875000 0.333333
vt 0.906250 0.500000
vt 0.906250 0.666667
vt 0.906250 0.833333
vt 0.906250 1.000000
vt 0.906250 -0.000000
vt 0.906250 0.166667
vt 0.906250 0.333333
vt 0.937500 0.500000
vt 0.937500 0.666667
vt 0.937500 0.833333
vt 0.937500 1.000000
vt 0.937500 -0.000000
vt 0.937500 0.166667
vt 0.937500 0.333333
vt 0.968750 0.500000
vt 0.968750 0.666667
vt 0.968750 0.833333
vt 0.968750 1.000000
vt 0.968750 -0.000000
vt 0.968750 0.166667
vt 0.968750 0.333333
vt 1.000000 0.500000
vt 1.000000 0.666667
vt 1.000000 0.833333
vt 1.000000 1.000000
vt 1.000000 -0.000000
vt 1.000000 0.166667
vt 1.000000 0.333333
vt 0.000000 0.500000
vt 0.031250 0.500000
vt 0.031250 0.666667
vt 0.000000 0.666667
vt 0.031250 0.833333
vt 0.000000 0.833333
vt 0.031250 1.000000
vt 0.000000 1.000000
vt 0.000000 -0.000000
vt 0.031250 -0.000000
vt 0.031250 0.166667
vt 0.000000 0.166667
vt 0.031250 0.333333
vt 0.000000 0.333333
vt 0.062500 0.500000
vt 0.062500 0.666667
vt 0.062500 0.833333
vt 0.062500 1.000000
vt 0.062500 -0.000000
vt 0.062500 0.166667
vt 0.062500 0.333333
vt 0.093750 0.500000
vt 0.093750 0.666667
vt 0.093750 0.833333
vt 0.093750 1.000000
vt 0.093750 -0.000000
vt 0.093750 0.166667
vt 0.093750 0.333333
vt 0.125000 0.500000
vt 0.125000 0.666667
vt 0.125000 0.833333
vt 0.125000 1.000000
vt 0.125000 -0.000000
vt 0.125000 0.166667
vt 0.125000 0.333333
vt 0.156250 0.500000
vt 0.156250 0.666667
vt 0.156250 0.833333
vt 0.156250 1.000000
vt 0.156250 -0.000000
vt 0.156250 0.166667
vt 0.156250 0.333333
vt 0.187500 0.500000
vt 0.187500 0.666667
vt 0.187500 0.833333
vt 0.187500 1.000000
vt 0.187500 -0.000000
vt 0.187500 0.166667
vt 0.187500 0.333333
vt 0.218750 0.500000
vt 0.218750 0.666667
vt 0.218750 0.833333
vt 0.218750 1.000000
vt 0.218750 -0.000000
vt 0.218750 0.166667
vt 0.218750 0.333333
vt 0.250000 0.500000
vt 0.250000 0.666667
vt 0.250000 0.833333
vt 0.250000 1.000000
vt 0.250000 -0.000000
vt 0.250000 0.166667
vt 0.250000 0.333333
vt 0.281250 0.500000
vt 0.281250 0.666667
vt 0.281250 0.833333
vt 0.281250 1.000000
vt 0.281250 -0.000000
vt 0.281250 0.166667
vt 0.281250 0.333333
vt 0.312500 0.500000
vt 0.312500 0.666667
vt 0.312500 0.833333
vt 0.312500 1.000000
vt 0.312500 -0.000000
vt 0.312500 0.166667
vt 0.312500 0.333333
vt 0.343750 0.500000
vt 0.343750 0.666667
vt 0.343750 0.833333
vt 0.343750 1.000000
vt 0.343750 -0.000000
vt 0.343750 0.166667
vt 0.343750 0.333333
vt 0.375000 0.500000
vt 0.375000 0.666667
vt 0.375000 0.833333
vt 0.375000 1.000000
vt 0.375000 -0.000000
vt 0.375000 0.166667
vt 0.375000 0.333333
vt 0.406250 0.500000
vt 0.406250 0.666667
vt 0.406250 0.833333
vt 0.406250 1.000000
vt 0.406250 -0.000000
vt 0.406250 0.166667
vt 0.406250 0.333333
vt 0.437500 0.500000
vt 0.437500 0.666667
vt 0.437500 0.833333
vt 0.437500 1.000000
vt 0.437500 -0.000000
vt 0.437500 0.166667
vt 0.437500 0.333333
vt 0.468750 0.500000
vt 0.468750 0.666667
vt 0.468750 0.833333
vt 0.468750 1.000000
vt 0.468750 -0.000000
vt 0.468750 0.166667
vt 0.468750 0.333333
s 1
usemtl Ring
f 1/1/1 7/2/1 8/3/1 2/4/1
f 2/4/2 8/3/2 9/5/2 3/6/2
f 3/6/3 9/5/3 10/7/3 4/8/3
f 4/9/4 10/10/4 11/11/4 5/12/4
f 5/12/5 11/11/5 12/13/5 6/14/5
f 6/14/6 12/13/6 7/2/6 1/1/6
f 7/2/7 13/15/7 14/16/7 8/3/7
f 8/3/2 14/16/2 15/17/2 9/5/2
f 9/5/8 15/17/8 16/18/8 10/7/8
f 10/10/9 16/19/9 17/20/9 11/11/9
f 11/11/5 17/20/5 18/21/5 12/13/5
f 12/13/10 18/21/10 13/15/10 7/2/10
f 13/15/11 19/22/11 20/23/11 14/16/11
f 14/16/2 20/23/2 21/24/2 15/17/2
f 15/17/12 21/24/12 22/25/12 16/18/12
f 16/19/13 22/26/13 23/27/13 17/20/13
f 17/20/5 23/27/5 24/28/5 18/21/5
f 18/21/14 24/28/14 19/22/14 13/15/14
f 19/22/15 25/29/15 26/30/15 20/23/15
f 20/23/2 26/30/2 27/31/2 21/24/2
f 21/24/16 27/31/16 28/32/16 22/25/16
f 22/26/17 28/33/17 29/34/17 23/27/17
f 23/27/5 29/34/5 30/35/5 24/28/5
f 24/28/18 30/35/18 25/29/18 19/22/18
f 25/29/19 31/36/19 32/37/19 26/30/19
f 26/30/2 32/37/2 33/38/2 27/31/2
f 27/31/20 33/38/20 34/39/20 28/32/20
f 28/33/21 34/40/21 35/41/21 29/34/21
f 29/34/5 35/41/5 36/42/5 30/35/5
f 30/35/22 36/42/22 31/36/22 25/29/22
f 31/36/23 37/43/23 38/44/23 32/37/23
f 32/37/2 38/44/2 39/45/2 33/38/2
f 33/38/24 39/45/24 40/46/24 34/39/24
f 34/40/25 40/47/25 41/48/25 35/41/25
f 35/41/5 41/48/5 42/49/5 36/42/5
f 36/42/26 42/49/26 37/43/26 31/36/26
f 37/43/27 43/50/27 44/51/27 38/44/27
f 38/44/2 44/51/2 45/52/2 39/45/2
f 39/45/28 45/52/28 46/53/28 40/46/28
f 40/47/29 46/54/29 47/55/29 41/48/29
f 41/48/5 47/55/5 48/56/5 42/49/5
f 42/49/30 48/56/30 43/50/30 37/43/30
f 43/50/31 49/57/31 50/58/31 44/51/31
f 44/51/2 50/58/2 51/59/2 45/52/2
f 45/52/32 51/59/32 52/60/32 46/53/32
f 46/54/33 52/61/33 53/62/33 47/55/33
f 47/55/5 53/62/5 54/63/5 48/56/5
f 48/56/34 54/63/34 49/57/34 43/50/34
f 49/57/35 55/64/35 56/65/35 50/58/35
f 50/58/2 56/65/2 57/66/2 51/59/2
f 51/59/36 57/66/36 58/67/36 52/60/36
f 52/61/37 58/68/37 59/69/37 53/62/37
f 53/62/5 59/69/5 60/70/5 54/63/5
f 54/63/38 60/70/38 55/64/38 49/57/38
f 55/64/39 61/71/39 62/72/39 56/65/39
f 56/65/2 62/72/2 63/73/2 57/66/2
f 57/66/40 63/73/40 64/74/40 58/67/40
f 58/68/41 64/75/41 65/76/41 59/69/41
f 59/69/5 65/76/5 66/77/5 60/70/5
f 60/70/42 66/77/42 61/71/42 55/64/42
f 61/71/43 67/78/43 68/79/43 62/72/43
f 62/72/2 68/79/2 69/80/2 63/73/2
f 63/73/44 69/80/44 70/81/44 64/74/44
f 64/75/45 70/82/45 71/83/45 65/76/45
f 65/76/5 71/83/5 72/84/5 66/77/5
f 66/77/46 72/84/46 67/78/46 61/71/46
f 67/78/47 73/85/47 74/86/47 68/79/47
f 68/79/2 74/86/2 75/87/2 69/80/2
f 69/80/48 75/87/48 76/88/48 70/81/48
f 70/82/49 76/89/49 77/90/49 71/83/49
f 71/83/5 77/90/5 78/91/5 72/84/5
f 72/84/50 78/91/50 73/85/50 67/78/50
f 73/85/51 79/92/51 80/93/51 74/86/51
f 74/86/2 80/93/2 81/94/2 75/87/2
f 75/87/52 81/94/52 82/95/52 76/88/52
f 76/89/53 82/96/53 83/97/53 77/90/53
f 77/90/5 83/97/5 84/98/5 78/91/5
f 78/91/54 84/98/54 79/92/54 73/85/54
f 79/92/55 85/99/55 86/100/55 80/93/55
f 80/93/2 86/100/2 87/101/2 81/94/2
f 81/94/56 87/101/56 88/102/56 82/95/56
f 82/96/57 88/103/57 89/104/57 83/97/57
f 83/97/5 89/104/5 90/105/5 84/98/5
f 84/98/58 90/105/58 85/99/58 79/92/58
f 85/99/59 91/106/59 92/107/59 86/100/59
f 86/100/2 92/107/2 93/108/2 87/101/2
f 87/101/60 93/108/60 94/109/60 88/102/60
f 88/103/61 94/110/61 95/111/61 89/104/61
f 89/104/5 95/111/5 96/112/5 90/105/5
f 90/105/62 96/112/62 91/106/62 85/99/62
f 91/106/63 97/113/63 98/114/63 92/107/63
f 92/107/2 98/114/2 99/115/2 93/108/2
f 93/108/64 99/115/64 100/116/64 94/109/64
f 94/110/65 100/117/65 101/118/65 95/111/65
f 95/111/5 101/118/5 102/119/5 96/112/5
f 96/112/66 102/119/66 97/113/66 91/106/66
f 97/120/3 103/121/3 104/122/3 98/123/3
f 98/123/2 104/122/2 105/124/2 99/125/2
f 99/125/1 105/124/1 106/126/1 100/127/1
f 100/128/6 106/129/6 107/130/6 101/131/6
f 101/131/5 107/130/5 108/132/5 102/133/5
f 102/133/4 108/132/4 103/121/4 97/120/4
f 103/121/8 109/134/8 110/135/8 104/122/8
f 104/122/2 110/135/2 111/136/2 105/124/2
f 105/124/7 111/136/7 112/137/7 106/126/7
f 106/129/67 112/138/67 113/139/67 107/130/67
f 107/130/5 113/139/5 114/140/5 108/132/5
f 108/132/68 114/140/68 109/134/68 103/121/68
f 109/134/12 115/141/12 116/142/12 110/135/12
f 110/135/2 116/142/2 117/143/2 111/136/2
f 111/136/11 117/143/11 118/144/11 112/137/11
f 112/138/14 118/145/14 119/146/14 113/139/14
f 113/139/5 119/146/5 120/147/5 114/140/5
f 114/140/13 120/147/13 115/141/13 109/134/13
f 115/141/16 121/148/16 122/149/16 116/142/16
f 116/142/2 122/149/2 123/150/2 117/143/2
f 117/143/15 123/150/15 124/151/15 118/144/15
f 118/145/18 124/152/18 125/153/18 119/146/18
f 119/146/5 125/153/5 126/154/5 120/147/5
f 120/147/17 126/154/17 121/148/17 115/141/17
f 121/148/20 127/155/20 128/156/20 122/149/20
f 122/149/2 128/156/2 129/157/2 123/150/2
f 123/150/19 129/157/19 130/158/19 124/151/19
f 124/152/22 130/159/22 131/160/22 125/153/22
f 125/153/5 131/160/5 132/161/5 126/154/5
f 126/154/21 132/161/21 127/155/21 121/148/21
f 127/155/24 133/162/24 134/163/24 128/156/24
f 128/156/2 134/163/2 135/164/2 129/157/2
f 129/157/23 135/164/23 136/165/23 130/158/23
f 130/159/26 136/166/26 137/167/26 131/160/26
f 131/160/5 137/167/5 138/168/5 132/161/5
f 132/161/25 138/168/25 133/162/25 127/155/25
f 133/162/28 139/169/28 140/170/28 134/163/28
f 134/163/2 140/170/2 141/171/2 135/164/2
f 135/164/27 141/171/27 142/172/27 136/165/27
f 136/166/30 142/173/30 143/174/30 137/167/30
f 137/167/5 143/174/5 144/175/5 138/168/5
f 138/168/29 144/175/29 139/169/29 133/162/29
f 139/169/32 145/176/32 146/177/32 140/170/32
f 140/170/2 146/177/2 147/178/2 141/171/2
f 141/171/31 147/178/31 148/179/31 142/172/31
f 142/173/34 148/180/34 149/181/34 143/174/34
f 143/174/5 149/181/5 150/182/5 144/175/5
f 144/175/33 150/182/33 145/176/33 139/169/33
f 145/176/69 151/183/69 152/184/69 146/177/69
f 146/177/2 152/184/2 153/185/2 147/178/2
f 147/178/35 153/185/35 154/186/35 148/179/35
f 148/180/38 154/187/38 155/188/38 149/181/38
f 149/181/5 155/188/5 156/189/5 150/182/5
f 150/182/70 156/189/70 151/183/70 145/176/70
f 151/183/40 157/190/40 158/191/40 152/184/40
f 152/184/2 158/191/2 159/192/2 153/185/2
f 153/185/39 159/192/39 160/193/39 154/186/39
f 154/187/42 160/194/42 161/195/42 155/188/42
f 155/188/5 161/195/5 162/196/5 156/189/5
f 156/189/71 162/196/71 157/190/71 151/183/71
f 157/190/44 163/197/44 164/198/44 158/191/44
f 158/191/2 164/198/2 165/199/2 159/192/2
f 159/192/43 165/199/43 166/200/43 160/193/43
f 160/194/46 166/201/46 167/202/46 161/195/46
f 161/195/5 167/202/5 168/203/5 162/196/5
f 162/196/45 168/203/45 163/197/45 157/190/45
f 163/197/48 169/204/48 170/205/48 164/198/48
f 164/198/2 170/205/2 171/206/2 165/199/2
f 165/199/47 171/206/47 172/207/47 166/200/47
f 166/201/50 172/208/50 173/209/50 167/202/50
f 167/202/5 173/209/5 174/210/5 168/203/5
f 168/203/49 174/210/49 169/204/49 163/197/49
f 169/204/52 175/211/52 176/212/52 170/205/52
f 170/205/2 176/212/2 177/213/2 171/206/2
f 171/206/51 177/213/51 178/214/51 172/207/51
f 172/208/54 178/215/54 179/216/54 173/209/54
f 173/209/5 179/216/5 180/217/5 174/210/5
f 174/210/53 180/217/53 175/211/53 169/204/53
f 175/211/56 181/218/56 182/219/56 176/212/56
f 176/212/2 182/219/2 183/220/2 177/213/2
f 177/213/55 183/220/55 184/221/55 178/214/55
f 178/215/58 184/222/58 185/223/58 179/216/58
f 179/216/5 185/223/5 186/224/5 180/217/5
f 180/217/57 186/224/57 181/218/57 175/211/57
f 181/218/60 187/225/60 188/226/60 182/219/60
f 182/219/2 188/226/2 189/227/2 183/220/2
f 183/220/59 189/227/59 190/228/59 184/221/59
f 184/222/62 190/229/62 191/230/62 185/223/62
f 185/223/5 191/230/5 192/231/5 186/224/5
f 186/224/61 192/231/61 187/225/61 181/218/61
f 187/225/64 1/1/64 2/4/64 188/226/64
f 188/226/2 2/4/2 3/6/2 189/227/2
f 189/227/63 3/6/63 4/8/63 190/228/63
f 190/229/72 4/9/72 5/12/72 191/230/72
f 191/230/5 5/12/5 6/14/5 192/231/5
f 192/231/65 6/14/65 1/1/65 187/225/65
f 193/1/73 199/2/73 200/3/73 194/4/73
f 194/4/2 200/3/2 201/5/2 195/6/2
f 195/6/74 201/5/74 202/7/74 196/8/74
f 196/9/75 202/10/75 203/11/75 197/12/75
f 197/12/5 203/11/5 204/13/5 198/14/5
f 198/14/76 204/13/76 199/2/76 193/1/76
f 199/2/77 205/15/77 206/16/77 200/3/77
f 200/3/2 206/16/2 207/17/2 201/5/2
f 201/5/78 207/17/78 208/18/78 202/7/78
f 202/10/79 208/19/79 209/20/79 203/11/79
f 203/11/5 209/20/5 210/21/5 204/13/5
f 204/13/80 210/21/80 205/15/80 199/2/80
f 205/15/81 211/22/81 212/23/81 206/16/81
f 206/16/2 212/23/2 213/24/2 207/17/2
f 207/17/82 213/24/82 214/25/82 208/18/82
f 208/19/83 214/26/83 215/27/83 209/20/83
f 209/20/5 215/27/5 216/28/5 210/21/5
f 210/21/84 216/28/84 211/22/84 205/15/84
f 211/22/85 217/29/85 218/30/85 212/23/85
f 212/23/2 218/30/2 219/31/2 213/24/2
f 213/24/86 219/31/86 220/32/86 214/25/86
f 214/26/87 220/33/87 221/34/87 215/27/87
f 215/27/5 221/34/5 222/35/5 216/28/5
f 216/28/88 222/35/88 217/29/88 211/22/88
f 217/29/89 223/36/89 224/37/89 218/30/89
f 218/30/2 224/37/2 225/38/2 219/31/2
f 219/31/90 225/38/90 226/39/90 220/32/90
f 220/33/91 226/40/91 227/41/91 221/34/91
f 221/34/5 227/41/5 228/42/5 222/35/5
f 222/35/92 228/42/92 223/36/92 217/29/92
f 223/36/93 229/43/93 230/44/93 224/37/93
f 224/37/2 230/44/2 231/45/2 225/38/2
f 225/38/94 231/45/94 232/46/94 226/39/94
f 226/40/95 232/47/95 233/48/95 227/41/95
f 227/41/5 233/48/5 234/49/5 228/42/5
f 228/42/96 234/49/96 229/43/96 223/36/96
f 229/43/97 235/50/97 236/51/97 230/44/97
f 230/44/2 236/51/2 237/52/2 231/45/2
f 231/45/98 237/52/98 238/53/98 232/46/98
f 232/47/99 238/54/99 239/55/99 233/48/99
f 233/48/5 239/55/5 240/56/5 234/49/5
f 234/49/100 240/56/100 235/50/100 229/43/100
f 235/50/101 241/57/101 242/58/101 236/51/101
f 236/51/2 242/58/2 243/59/2 237/52/2
f 237/52/102 243/59/102 244/60/102 238/53/102
f 238/54/103 244/61/103 245/62/103 239/55/103
f 239/55/5 245/62/5 246/63/5 240/56/5
f 240/56/104 246/63/104 241/57/104 235/50/104
f 241/57/105 247/64/105 248/65/105 242/58/105
f 242/58/2 248/65/2 249/66/2 243/59/2
f 243/59/106 249/66/106 250/67/106 244/60/106
f 244/61/107 250/68/107 251/69/107 245/62/107
f 245/62/5 251/69/5 252/70/5 246/63/5
f 246/63/108 252/70/108 247/64/108 241/57/108
f 247/64/109 253/71/109 254/72/109 248/65/109
f 248/65/2 254/72/2 255/73/2 249/66/2
f 249/66/110 255/73/110 256/74/110 250/67/110
f 250/68/111 256/75/111 257/76/111 251/69/111
f 251/69/5 257/76/5 258/77/5 252/70/5
f 252/70/112 258/77/112 253/71/112 247/64/112
f 253/71/113 259/78/113 260/79/113 254/72/113
f 254/72/2 260/79/2 261/80/2 255/73/2
f 255/73/114 261/80/114 262/81/114 256/74/114
f 256/75/115 262/82/115 263/83/115 257/76/115
f 257/76/5 263/83/5 264/84/5 258/77/5
f 258/77/116 264/84/116 259/78/116 253/71/116
f 259/78/117 265/85/117 266/86/117 260/79/117
f 260/79/2 266/86/2 267/87/2 261/80/2
f 261/80/118 267/87/118 268/88/118 262/81/118
f 262/82/119 268/89/119 269/90/119 263/83/119
f 263/83/5 269/90/5 270/91/5 264/84/5
f 264/84/120 270/91/120 265/85/120 259/78/120
f 265/85/121 271/92/121 272/93/121 266/86/121
f 266/86/2 272/93/2 273/94/2 267/87/2
f 267/87/122 273/94/122 274/95/122 268/88/122
f 268/89/123 274/96/123 275/97/123 269/90/123
f 269/90/5 275/97/5 276/98/5 270/91/5
f 270/91/124 276/98/124 271/92/124 265/85/124
f 271/92/125 277/99/125 278/100/125 272/93/125
f 272/93/2 278/100/2 279/101/2 273/94/2
f 273/94/126 279/101/126 280/102/126 274/95/126
f 274/96/127 280/103/127 281/104/127 275/97/127
f 275/97/5 281/104/5 282/105/5 276/98/5
f 276/98/128 282/105/128 277/99/128 271/92/128
f 277/99/129 283/106/129 284/107/129 278/100/129
f 278/100/2 284/107/2 285/108/2 279/101/2
f 279/101/130 285/108/130 286/109/130 280/102/130
f 280/103/131 286/110/131 287/111/131 281/104/131
f 281/104/5 287/111/5 288/112/5 282/105/5
f 282/105/132 288/112/132 283/106/132 277/99/132
f 283/106/133 289/113/133 290/114/133 284/107/133
f 284/107/2 290/114/2 291/115/2 285/108/2
f 285/108/134 291/115/134 292/116/134 286/109/134
f 286/110/135 292/117/135 293/118/135 287/111/135
f 287/111/5 293/118/5 294/119/5 288/112/5
f 288/112/136 294/119/136 289/113/136 283/106/136
f 289/120/74 295/121/74 296/122/74 290/123/74
f 290/123/2 296/122/2 297/124/2 291/125/2
f 291/125/73 297/124/73 298/126/73 292/127/73
f 292/128/76 298/129/76 299/130/76 293/131/76
f 293/131/5 299/130/5 300/132/5 294/133/5
f 294/133/75 300/132/75 295/121/75 289/120/75
f 295/121/78 301/134/78 302/135/78 296/122/78
f 296/122/2 302/135/2 303/136/2 297/124/2
f 297/124/137 303/136/137 304/137/137 298/126/137
f 298/129/80 304/138/80 305/139/80 299/130/80
f 299/130/5 305/139/5 306/140/5 300/132/5
f 300/132/79 306/140/79 301/134/79 295/121/79
f 301/134/82 307/141/82 308/142/82 302/135/82
f 302/135/2 308/142/2 309/143/2 303/136/2
f 303/136/81 309/143/81 310/144/81 304/137/81
f 304/138/84 310/145/84 311/146/84 305/139/84
f 305/139/5 311/146/5 312/147/5 306/140/5
f 306/140/83 312/147/83 307/141/83 301/134/83
f 307/141/138 313/148/138 314/149/138 308/142/138
f 308/142/2 314/149/2 315/150/2 309/143/2
f 309/143/85 315/150/85 316/151/85 310/144/85
f 310/145/88 316/152/88 317/153/88 311/146/88
f 311/146/5 317/153/5 318/154/5 312/147/5
f 312/147/87 318/154/87 313/148/87 307/141/87
f 313/148/90 319/155/90 320/156/90 314/149/90
f 314/149/2 320/156/2 321/157/2 315/150/2
f 315/150/89 321/157/89 322/158/89 316/151/89
f 316/152/139 322/159/139 323/160/139 317/153/139
f 317/153/5 323/160/5 324/161/5 318/154/5
f 318/154/140 324/161/140 319/155/140 313/148/140
f 319/155/94 325/162/94 326/163/94 320/156/94
f 320/156/2 326/163/2 327/164/2 321/157/2
f 321/157/93 327/164/93 328/165/93 322/158/93
f 322/159/96 328/166/96 329/167/96 323/160/96
f 323/160/5 329/167/5 330/168/5 324/161/5
f 324/161/95 330/168/95 325/162/95 319/155/95
f 325/162/98 331/169/98 332/170/98 326/163/98
f 326/163/2 332/170/2 333/171/2 327/164/2
f 327/164/97 333/171/97 334/172/97 328/165/97
f 328/166/100 334/173/100 335/174/100 329/167/100
f 329/167/5 335/174/5 336/175/5 330/168/5
f 330/168/99 336/175/99 331/169/99 325/162/99
f 331/169/102 337/176/102 338/177/102 332/170/102
f 332/170/2 338/177/2 339/178/2 333/171/2
f 333/171/101 339/178/101 340/179/101 334/172/101
f 334/173/104 340/180/104 341/181/104 335/174/104
f 335/174/5 341/181/5 342/182/5 336/175/5
f 336/175/103 342/182/103 337/176/103 331/169/103
f 337/176/106 343/183/106 344/184/106 338/177/106
f 338/177/2 344/184/2 345/185/2 339/178/2
f 339/178/105 345/185/105 346/186/105 340/179/105
f 340/180/108 346/187/108 347/188/108 341/181/108
f 341/181/5 347/188/5 348/189/5 342/182/5
f 342/182/107 348/189/107 343/183/107 337/176/107
f 343/183/110 349/190/110 350/191/110 344/184/110
f 344/184/2 350/191/2 351/192/2 345/185/2
f 345/185/109 351/192/109 352/193/109 346/186/109
f 346/187/112 352/194/112 353/195/112 347/188/112
f 347/188/5 353/195/5 354/196/5 348/189/5
f 348/189/111 354/196/111 349/190/111 343/183/111
f 349/190/114 355/197/114 356/198/114 350/191/114
f 350/191/2 356/198/2 357/199/2 351/192/2
f 351/192/113 357/199/113 358/200/113 352/193/113
f 352/194/116 358/201/116 359/202/116 353/195/116
f 353/195/5 359/202/5 360/203/5 354/196/5
f 354/196/115 360/203/115 355/197/115 349/190/115
f 355/197/141 361/204/141 362/205/141 356/198/141
f 356/198/2 362/205/2 363/206/2 357/199/2
f 357/199/117 363/206/117 364/207/117 358/200/117
f 358/201/120 364/208/120 365/209/120 359/202/120
f 359/202/5 365/209/5 366/210/5 360/203/5
f 360/203/119 366/210/119 361/204/119 355/197/119
f 361/204/122 367/211/122 368/212/122 362/205/122
f 362/205/2 368/212/2 369/213/2 363/206/2
f 363/206/121 369/213/121 370/214/121 364/207/121
f 364/208/142 370/215/142 371/216/142 365/209/142
f 365/209/5 371/216/5 372/217/5 366/210/5
f 366/210/143 372/217/143 367/211/143 361/204/143
f 367/211/126 373/218/126 374/219/126 368/212/126
f 368/212/2 374/219/2 375/220/2 369/213/2
f 369/213/125 375/220/125 376/221/125 370/214/125
f 370/215/144 376/222/144 377/223/144 371/216/144
f 371/216/5 377/223/5 378/224/5 372/217/5
f 372/217/145 378/224/145 373/218/145 367/211/145
f 373/218/130 379/225/130 380/226/130 374/219/130
f 374/219/2 380/226/2 381/227/2 375/220/2
f 375/220/129 381/227/129 382/228/129 376/221/129
f 376/222/132 382/229/132 383/230/132 377/223/132
f 377/223/5 383/230/5 384/231/5 378/224/5
f 378/224/131 384/231/131 379/225/131 373/218/131
f 379/225/134 193/1/134 194/4/134 380/226/134
f 380/226/2 194/4/2 195/6/2 381/227/2
f 381/227/133 195/6/133 196/8/133 382/228/133
f 382/229/136 196/9/136 197/12/136 383/230/136
f 383/230/5 197/12/5 198/14/5 384/231/5
f 384/231/135 198/14/135 193/1/135 379/225/135
f 385/1/146 391/2/146 392/3/146 386/4/146
f 386/4/2 392/3/2 393/5/2 387/6/2
f 387/6/147 393/5/147 394/7/147 388/8/147
f 388/9/148 394/10/148 395/11/148 389/12/148
f 389/12/5 395/11/5 396/13/5 390/14/5
f 390/14/149 396/13/149 391/2/149 385/1/149
f 391/2/150 397/15/150 398/16/150 392/3/150
f 392/3/2 398/16/2 399/17/2 393/5/2
f 393/5/151 399/17/151 400/18/151 394/7/151
f 394/10/152 400/19/152 401/20/152 395/11/152
f 395/11/5 401/20/5 402/21/5 396/13/5
f 396/13/153 402/21/153 397/15/153 391/2/153
f 397/15/154 403/22/154 404/23/154 398/16/154
f 398/16/2 404/23/2 405/24/2 399/17/2
f 399/17/155 405/24/155 406/25/155 400/18/155
f 400/19/156 406/26/156 407/27/156 401/20/156
f 401/20/5 407/27/5 408/28/5 402/21/5
f 402/21/157 408/28/157 403/22/157 397/15/157
f 403/22/158 409/29/158 410/30/158 404/23/158
f 404/23/2 410/30/2 411/31/2 405/24/2
f 405/24/159 411/31/159 412/32/159 406/25/159
f 406/26/160 412/33/160 413/34/160 407/27/160
f 407/27/5 413/34/5 414/35/5 408/28/5
f 408/28/161 414/35/161 409/29/161 403/22/161
f 409/29/162 415/36/162 416/37/162 410/30/162
f 410/30/2 416/37/2 417/38/2 411/31/2
f 411/31/163 417/38/163 418/39/163 412/32/163
f 412/33/164 418/40/164 419/41/164 413/34/164
f 413/34/5 419/41/5 420/42/5 414/35/5
f 414/35/165 420/42/165 415/36/165 409/29/165
f 415/36/166 421/43/166 422/44/166 416/37/166
f 416/37/2 422/44/2 423/45/2 417/38/2
f 417/38/167 423/45/167 424/46/167 418/39/167
f 418/40/168 424/47/168 425/48/168 419/41/168
f 419/41/5 425/48/5 426/49/5 420/42/5
f 420/42/169 426/49/169 421/43/169 415/36/169
f 421/43/170 427/50/170 428/51/170 422/44/170
f 422/44/2 428/51/2 429/52/2 423/45/2
f 423/45/171 429/52/171 430/53/171 424/46/171
f 424/47/172 430/54/172 431/55/172 425/48/172
f 425/48/5 431/55/5 432/56/5 426/49/5
f 426/49/173 432/56/173 427/50/173 421/43/173
f 427/50/174 433/57/174 434/58/174 428/51/174
f 428/51/2 434/58/2 435/59/2 429/52/2
f 429/52/175 435/59/175 436/60/175 430/53/175
f 430/54/176 436/61/176 437/62/176 431/55/176
f 431/55/5 437/62/5 438/63/5 432/56/5
f 432/56/177 438/63/177 433/57/177 427/50/177
f 433/57/178 439/64/178 440/65/178 434/58/178
f 434/58/2 440/65/2 441/66/2 435/59/2
f 435/59/179 441/66/179 442/67/179 436/60/179
f 436/61/180 442/68/180 443/69/180 437/62/180
f 437/62/5 443/69/5 444/70/5 438/63/5
f 438/63/181 444/70/181 439/64/181 433/57/181
f 439/64/182 445/71/182 446/72/182 440/65/182
f 440/65/2 446/72/2 447/73/2 441/66/2
f 441/66/183 447/73/183 448/74/183 442/67/183
f 442/68/184 448/75/184 449/76/184 443/69/184
f 443/69/5 449/76/5 450/77/5 444/70/5
f 444/70/185 450/77/185 445/71/185 439/64/185
f 445/71/186 451/78/186 452/79/186 446/72/186
f 446/72/2 452/79/2 453/80/2 447/73/2
f 447/73/187 453/80/187 454/81/187 448/74/187
f 448/75/188 454/82/188 455/83/188 449/76/188
f 449/76/5 455/83/5 456/84/5 450/77/5
f 450/77/189 456/84/189 451/78/189 445/71/189
f 451/78/190 457/85/190 458/86/190 452/79/190
f 452/79/2 458/86/2 459/87/2 453/80/2
f 453/80/191 459/87/191 460/88/191 454/81/191
f 454/82/192 460/89/192 461/90/192 455/83/192
f 455/83/5 461/90/5 462/91/5 456/84/5
f 456/84/193 462/91/193 457/85/193 451/78/193
f 457/85/194 463/92/194 464/93/194 458/86/194
f 458/86/2 464/93/2 465/94/2 459/87/2
f 459/87/195 465/94/195 466/95/195 460/88/195
f 460/89/196 466/96/196 467/97/196 461/90/196
f 461/90/5 467/97/5 468/98/5 462/91/5
f 462/91/197 468/98/197 463/92/197 457/85/197
f 463/92/198 469/99/198 470/100/198 464/93/198
f 464/93/2 470/100/2 471/101/2 465/94/2
f 465/94/199 471/101/199 472/102/199 466/95/199
f 466/96/200 472/103/200 473/104/200 467/97/200
f 467/97/5 473/104/5 474/105/5 468/98/5
f 468/98/201 474/105/201 469/99/201 463/92/201
f 469/99/202 475/106/202 476/107/202 470/100/202
f 470/100/2 476/107/2 477/108/2 471/101/2
f 471/101/203 477/108/203 478/109/203 472/102/203
f 472/103/204 478/110/204 479/111/204 473/104/204
f 473/104/5 479/111/5 480/112/5 474/105/5
f 474/105/205 480/112/205 475/106/205 469/99/205
f 475/106/206 481/113/206 482/114/206 476/107/206
f 476/107/2 482/114/2 483/115/2 477/108/2
f 477/108/207 483/115/207 484/116/207 478/109/207
f 478/110/208 484/117/208 485/118/208 479/111/208
f 479/111/5 485/118/5 486/119/5 480/112/5
f 480/112/209 486/119/209 481/113/209 475/106/209
f 481/120/147 487/121/147 488/122/147 482/123/147
f 482/123/2 488/122/2 489/124/2 483/125/2
f 483/125/146 489/124/146 490/126/146 484/127/146
f 484/128/149 490/129/149 491/130/149 485/131/149
f 485/131/5 491/130/5 492/132/5 486/133/5
f 486/133/148 492/132/148 487/121/148 481/120/148
f 487/121/151 493/134/151 494/135/151 488/122/151
f 488/122/2 494/135/2 495/136/2 489/124/2
f 489/124/150 495/136/150 496/137/150 490/126/150
f 490/129/153 496/138/153 497/139/153 491/130/153
f 491/130/5 497/139/5 498/140/5 492/132/5
f 492/132/210 498/140/210 493/134/210 487/121/210
f 493/134/155 499/141/155 500/142/155 494/135/155
f 494/135/2 500/142/2 501/143/2 495/136/2
f 495/136/154 501/143/154 502/144/154 496/137/154
f 496/138/157 502/145/157 503/146/157 497/139/157
f 497/139/5 503/146/5 504/147/5 498/140/5
f 498/140/156 504/147/156 499/141/156 493/134/156
f 499/141/159 505/148/159 506/149/159 500/142/159
f 500/142/2 506/149/2 507/150/2 501/143/2
f 501/143/158 507/150/158 508/151/158 502/144/158
f 502/145/211 508/152/211 509/153/211 503/146/211
f 503/146/5 509/153/5 510/154/5 504/147/5
f 504/147/160 510/154/160 505/148/160 499/141/160
f 505/148/163 511/155/163 512/156/163 506/149/163
f 506/149/2 512/156/2 513/157/2 507/150/2
f 507/150/162 513/157/162 514/158/162 508/151/162
f 508/152/165 514/159/165 515/160/165 509/153/165
f 509/153/5 515/160/5 516/161/5 510/154/5
f 510/154/164 516/161/164 511/155/164 505/148/164
f 511/155/167 517/162/167 518/163/167 512/156/167
f 512/156/2 518/163/2 519/164/2 513/157/2
f 513/157/212 519/164/212 520/165/212 514/158/212
f 514/159/169 520/166/169 521/167/169 515/160/169
f 515/160/5 521/167/5 522/168/5 516/161/5
f 516/161/168 522/168/168 517/162/168 511/155/168
f 517/162/171 523/169/171 524/170/171 518/163/171
f 518/163/2 524/170/2 525/171/2 519/164/2
f 519/164/170 525/171/170 526/172/170 520/165/170
f 520/166/173 526/173/173 527/174/173 521/167/173
f 521/167/5 527/174/5 528/175/5 522/168/5
f 522/168/172 528/175/172 523/169/172 517/162/172
f 523/169/175 529/176/175 530/177/175 524/170/175
f 524/170/2 530/177/2 531/178/2 525/171/2
f 525/171/174 531/178/174 532/179/174 526/172/174
f 526/173/177 532/180/177 533/181/177 527/174/177
f 527/174/5 533/181/5 534/182/5 528/175/5
f 528/175/176 534/182/176 529/176/176 523/169/176
f 529/176/179 535/183/179 536/184/179 530/177/179
f 530/177/2 536/184/2 537/185/2 531/178/2
f 531/178/178 537/185/178 538/186/178 532/179/178
f 532/180/181 538/187/181 539/188/181 533/181/181
f 533/181/5 539/188/5 540/189/5 534/182/5
f 534/182/180 540/189/180 535/183/180 529/176/180
f 535/183/183 541/190/183 542/191/183 536/184/183
f 536/184/2 542/191/2 543/192/2 537/185/2
f 537/185/182 543/192/182 544/193/182 538/186/182
f 538/187/185 544/194/185 545/195/185 539/188/185
f 539/188/5 545/195/5 546/196/5 540/189/5
f 540/189/184 546/196/184 541/190/184 535/183/184
f 541/190/187 547/197/187 548/198/187 542/191/187
f 542/191/2 548/198/2 549/199/2 543/192/2
f 543/192/186 549/199/186 550/200/186 544/193/186
f 544/194/189 550/201/189 551/202/189 545/195/189
f 545/195/5 551/202/5 552/203/5 546/196/5
f 546/196/213 552/203/213 547/197/213 541/190/213
f 547/197/191 553/204/191 554/205/191 548/198/191
f 548/198/2 554/205/2 555/206/2 549/199/2
f 549/199/190 555/206/190 556/207/190 550/200/190
f 550/201/193 556/208/193 557/209/193 551/202/193
f 551/202/5 557/209/5 558/210/5 552/203/5
f 552/203/192 558/210/192 553/204/192 547/197/192
f 553/204/195 559/211/195 560/212/195 554/205/195
f 554/205/2 560/212/2 561/213/2 555/206/2
f 555/206/194 561/213/194 562/214/194 556/207/194
f 556/208/197 562/215/197 563/216/197 557/209/197
f 557/209/5 563/216/5 564/217/5 558/210/5
f 558/210/196 564/217/196 559/211/196 553/204/196
f 559/211/199 565/218/199 566/219/199 560/212/199
f 560/212/2 566/219/2 567/220/2 561/213/2
f 561/213/214 567/220/214 568/221/214 562/214/214
f 562/215/201 568/222/201 569/223/201 563/216/201
f 563/216/5 569/223/5 570/224/5 564/217/5
f 564/217/200 570/224/200 565/218/200 559/211/200
f 565/218/203 571/225/203 572/226/203 566/219/203
f 566/219/2 572/226/2 573/227/2 567/220/2
f 567/220/202 573/227/202 574/228/202 568/221/202
f 568/222/205 574/229/205 575/230/205 569/223/205
f 569/223/5 575/230/5 576/231/5 570/224/5
f 570/224/215 576/231/215 571/225/215 565/218/215
f 571/225/207 385/1/207 386/4/207 572/226/207
f 572/226/2 386/4/2 387/6/2 573/227/2
f 573/227/206 387/6/206 388/8/206 574/228/206
f 574/229/209 388/9/209 389/12/209 575/230/209
f 575/230/5 389/12/5 390/14/5 576/231/5
f 576/231/208 390/14/208 385/1/208 571/225/208
f 577/1/216 583/2/216 584/3/216 578/4/216
f 578/4/2 584/3/2 585/5/2 579/6/2
f 579/6/217 585/5/217 586/7/217 580/8/217
f 580/9/218 586/10/218 587/11/218 581/12/218
f 581/12/5 587/11/5 588/13/5 582/14/5
f 582/14/219 588/13/219 583/2/219 577/1/219
f 583/2/220 589/15/220 590/16/220 584/3/220
f 584/3/2 590/16/2 591/17/2 585/5/2
f 585/5/221 591/17/221 592/18/221 586/7/221
f 586/10/222 592/19/222 593/20/222 587/11/222
f 587/11/5 593/20/5 594/21/5 588/13/5
f 588/13/223 594/21/223 589/15/223 583/2/223
f 589/15/224 595/22/224 596/23/224 590/16/224
f 590/16/2 596/23/2 597/24/2 591/17/2
f 591/17/225 597/24/225 598/25/225 592/18/225
f 592/19/226 598/26/226 599/27/226 593/20/226
f 593/20/5 599/27/5 600/28/5 594/21/5
f 594/21/227 600/28/227 595/22/227 589/15/227
f 595/22/228 601/29/228 602/30/228 596/23/228
f 596/23/2 602/30/2 603/31/2 597/24/2
f 597/24/229 603/31/229 604/32/229 598/25/229
f 598/26/230 604/33/230 605/34/230 599/27/230
f 599/27/5 605/34/5 606/35/5 600/28/5
f 600/28/231 606/35/231 601/29/231 595/22/231
f 601/29/232 607/36/232 608/37/232 602/30/232
f 602/30/2 608/37/2 609/38/2 603/31/2
f 603/31/233 609/38/233 610/39/233 604/32/233
f 604/33/234 610/40/234 611/41/234 605/34/234
f 605/34/5 611/41/5 612/42/5 606/35/5
f 606/35/235 612/42/235 607/36/235 601/29/235
f 607/36/236 613/43/236 614/44/236 608/37/236
f 608/37/2 614/44/2 615/45/2 609/38/2
f 609/38/237 615/45/237 616/46/237 610/39/237
f 610/40/238 616/47/238 617/48/238 611/41/238
f 611/41/5 617/48/5 618/49/5 612/42/5
f 612/42/239 618/49/239 613/43/239 607/36/239
f 613/43/240 619/50/240 620/51/240 614/44/240
f 614/44/2 620/51/2 621/52/2 615/45/2
f 615/45/241 621/52/241 622/53/241 616/46/241
f 616/47/242 622/54/242 623/55/242 617/48/242
f 617/48/5 623/55/5 624/56/5 618/49/5
f 618/49/243 624/56/243 619/50/243 613/43/243
f 619/50/244 625/57/244 626/58/244 620/51/244
f 620/51/2 626/58/2 627/59/2 621/52/2
f 621/52/245 627/59/245 628/60/245 622/53/245
f 622/54/246 628/61/246 629/62/246 623/55/246
f 623/55/5 629/62/5 630/63/5 624/56/5
f 624/56/247 630/63/247 625/57/247 619/50/247
f 625/57/248 631/64/248 632/65/248 626/58/248
f 626/58/2 632/65/2 633/66/2 627/59/2
f 627/59/249 633/66/249 634/67/249 628/60/249
f 628/61/250 634/68/250 635/69/250 629/62/250
f 629/62/5 635/69/5 636/70/5 630/63/5
f 630/63/251 636/70/251 631/64/251 625/57/251
f 631/64/252 637/71/252 638/72/252 632/65/252
f 632/65/2 638/72/2 639/73/2 633/66/2
f 633/66/253 639/73/253 640/74/253 634/67/253
f 634/68/254 640/75/254 641/76/254 635/69/254
f 635/69/5 641/76/5 642/77/5 636/70/5
f 636/70/255 642/77/255 637/71/255 631/64/255
f 637/71/256 643/78/256 644/79/256 638/72/256
f 638/72/2 644/79/2 645/80/2 639/73/2
f 639/73/257 645/80/257 646/81/257 640/74/257
f 640/75/258 646/82/258 647/83/258 641/76/258
f 641/76/5 647/83/5 648/84/5 642/77/5
f 642/77/259 648/84/259 643/78/259 637/71/259
f 643/78/260 649/85/260 650/86/260 644/79/260
f 644/79/2 650/86/2 651/87/2 645/80/2
f 645/80/261 651/87/261 652/88/261 646/81/261
f 646/82/262 652/89/262 653/90/262 647/83/262
f 647/83/5 653/90/5 654/91/5 648/84/5
f 648/84/263 654/91/263 649/85/263 643/78/263
f 649/85/264 655/92/264 656/93/264 650/86/264
f 650/86/2 656/93/2 657/94/2 651/87/2
f 651/87/265 657/94/265 658/95/265 652/88/265
f 652/89/266 658/96/266 659/97/266 653/90/266
f 653/90/5 659/97/5 660/98/5 654/91/5
f 654/91/267 660/98/267 655/92/267 649/85/267
f 655/92/268 661/99/268 662/100/268 656/93/268
f 656/93/2 662/100/2 663/101/2 657/94/2
f 657/94/269 663/101/269 664/102/269 658/95/269
f 658/96/270 664/103/270 665/104/270 659/97/270
f 659/97/5 665/104/5 666/105/5 660/98/5
f 660/98/271 666/105/271 661/99/271 655/92/271
f 661/99/272 667/106/272 668/107/272 662/100/272
f 662/100/2 668/107/2 669/108/2 663/101/2
f 663/101/273 669/108/273 670/109/273 664/102/273
f 664/103/274 670/110/274 671/111/274 665/104/274
f 665/104/5 671/111/5 672/112/5 666/105/5
f 666/105/275 672/112/275 667/106/275 661/99/275
f 667/106/276 673/113/276 674/114/276 668/107/276
f 668/107/2 674/114/2 675/115/2 669/108/2
f 669/108/277 675/115/277 676/116/277 670/109/277
f 670/110/278 676/117/278 677/118/278 671/111/278
f 671/111/5 677/118/5 678/119/5 672/112/5
f 672/112/279 678/119/279 673/113/279 667/106/279
f 673/120/280 679/121/280 680/122/280 674/123/280
f 674/123/2 680/122/2 681/124/2 675/125/2
f 675/125/281 681/124/281 682/126/281 676/127/281
f 676/128/282 682/129/282 683/130/282 677/131/282
f 677/131/5 683/130/5 684/132/5 678/133/5
f 678/133/283 684/132/283 679/121/283 673/120/283
f 679/121/221 685/134/221 686/135/221 680/122/221
f 680/122/2 686/135/2 687/136/2 681/124/2
f 681/124/220 687/136/220 688/137/220 682/126/220
f 682/129/284 688/138/284 689/139/284 683/130/284
f 683/130/5 689/139/5 690/140/5 684/132/5
f 684/132/285 690/140/285 685/134/285 679/121/285
f 685/134/286 691/141/286 692/142/286 686/135/286
f 686/135/2 692/142/2 693/143/2 687/136/2
f 687/136/224 693/143/224 694/144/224 688/137/224
f 688/138/287 694/145/287 695/146/287 689/139/287
f 689/139/5 695/146/5 696/147/5 690/140/5
f 690/140/288 696/147/288 691/141/288 685/134/288
f 691/141/229 697/148/229 698/149/229 692/142/229
f 692/142/2 698/149/2 699/150/2 693/143/2
f 693/143/289 699/150/289 700/151/289 694/144/289
f 694/145/290 700/152/290 701/153/290 695/146/290
f 695/146/5 701/153/5 702/154/5 696/147/5
f 696/147/291 702/154/291 697/148/291 691/141/291
f 697/148/233 703/155/233 704/156/233 698/149/233
f 698/149/2 704/156/2 705/157/2 699/150/2
f 699/150/232 705/157/232 706/158/232 700/151/232
f 700/152/235 706/159/235 707/160/235 701/153/235
f 701/153/5 707/160/5 708/161/5 702/154/5
f 702/154/234 708/161/234 703/155/234 697/148/234
f 703/155/237 709/162/237 710/163/237 704/156/237
f 704/156/2 710/163/2 711/164/2 705/157/2
f 705/157/236 711/164/236 712/165/236 706/158/236
f 706/159/239 712/166/239 713/167/239 707/160/239
f 707/160/5 713/167/5 714/168/5 708/161/5
f 708/161/238 714/168/238 709/162/238 703/155/238
f 709/162/241 715/169/241 716/170/241 710/163/241
f 710/163/2 716/170/2 717/171/2 711/164/2
f 711/164/240 717/171/240 718/172/240 712/165/240
f 712/166/292 718/173/292 719/174/292 713/167/292
f 713/167/5 719/174/5 720/175/5 714/168/5
f 714/168/242 720/175/242 715/169/242 709/162/242
f 715/169/293 721/176/293 722/177/293 716/170/293
f 716/170/2 722/177/2 723/178/2 717/171/2
f 717/171/244 723/178/244 724/179/244 718/172/244
f 718/173/247 724/180/247 725/181/247 719/174/247
f 719/174/5 725/181/5 726/182/5 720/175/5
f 720/175/294 726/182/294 721/176/294 715/169/294
f 721/176/295 727/183/295 728/184/295 722/177/295
f 722/177/2 728/184/2 729/185/2 723/178/2
f 723/178/296 729/185/296 730/186/296 724/179/296
f 724/180/251 730/187/251 731/188/251 725/181/251
f 725/181/5 731/188/5 732/189/5 726/182/5
f 726/182/297 732/189/297 727/183/297 721/176/297
f 727/183/253 733/190/253 734/191/253 728/184/253
f 728/184/2 734/191/2 735/192/2 729/185/2
f 729/185/252 735/192/252 736/193/252 730/186/252
f 730/187/255 736/194/255 737/195/255 731/188/255
f 731/188/5 737/195/5 738/196/5 732/189/5
f 732/189/254 738/196/254 733/190/254 727/183/254
f 733/190/257 739/197/257 740/198/257 734/191/257
f 734/191/2 740/198/2 741/199/2 735/192/2
f 735/192/256 741/199/256 742/200/256 736/193/256
f 736/194/259 742/201/259 743/202/259 737/195/259
f 737/195/5 743/202/5 744/203/5 738/196/5
f 738/196/258 744/203/258 739/197/258 733/190/258
f 739/197/298 745/204/298 746/205/298 740/198/298
f 740/198/2 746/205/2 747/206/2 741/199/2
f 741/199/260 747/206/260 748/207/260 742/200/260
f 742/201/263 748/208/263 749/209/263 743/202/263
f 743/202/5 749/209/5 750/210/5 744/203/5
f 744/203/299 750/210/299 745/204/299 739/197/299
f 745/204/265 751/211/265 752/212/265 746/205/265
f 746/205/2 752/212/2 753/213/2 747/206/2
f 747/206/264 753/213/264 754/214/264 748/207/264
f 748/208/267 754/215/267 755/216/267 749/209/267
f 749/209/5 755/216/5 756/217/5 750/210/5
f 750/210/300 756/217/300 751/211/300 745/204/300
f 751/211/269 757/218/269 758/219/269 752/212/269
f 752/212/2 758/219/2 759/220/2 753/213/2
f 753/213/268 759/220/268 760/221/268 754/214/268
f 754/215/271 760/222/271 761/223/271 755/216/271
f 755/216/5 761/223/5 762/224/5 756/217/5
f 756/217/270 762/224/270 757/218/270 751/211/270
f 757/218/273 763/225/273 764/226/273 758/219/273
f 758/219/2 764/226/2 765/227/2 759/220/2
f 759/220/272 765/227/272 766/228/272 760/221/272
f 760/222/301 766/229/301 767/230/301 761/223/301
f 761/223/5 767/230/5 768/231/5 762/224/5
f 762/224/302 768/231/302 763/225/302 757/218/302
f 763/225/303 577/1/303 578/4/303 764/226/303
f 764/226/2 578/4/2 579/6/2 765/227/2
f 765/227/276 579/6/276 580/8/276 766/228/276
f 766/229/304 580/9/304 581/12/304 767/230/304
f 767/230/5 581/12/5 582/14/5 768/231/5
f 768/231/305 582/14/305 577/1/305 763/225/305
f 769/1/306 775/2/306 776/3/306 770/4/306
f 770/4/2 776/3/2 777/5/2 771/6/2
f 771/6/307 777/5/307 778/7/307 772/8/307
f 772/9/308 778/10/308 779/11/308 773/12/308
f 773/12/5 779/11/5 780/13/5 774/14/5
f 774/14/309 780/13/309 775/2/309 769/1/309
f 775/2/310 781/15/310 782/16/310 776/3/310
f 776/3/2 782/16/2 783/17/2 777/5/2
f 777/5/311 783/17/311 784/18/311 778/7/311
f 778/10/312 784/19/312 785/20/312 779/11/312
f 779/11/5 785/20/5 786/21/5 780/13/5
f 780/13/313 786/21/313 781/15/313 775/2/313
f 781/15/314 787/22/314 788/23/314 782/16/314
f 782/16/2 788/23/2 789/24/2 783/17/2
f 783/17/315 789/24/315 790/25/315 784/18/315
f 784/19/316 790/26/316 791/27/316 785/20/316
f 785/20/5 791/27/5 792/28/5 786/21/5
f 786/21/317 792/28/317 787/22/317 781/15/317
f 787/22/318 793/29/318 794/30/318 788/23/318
f 788/23/2 794/30/2 795/31/2 789/24/2
f 789/24/319 795/31/319 796/32/319 790/25/319
f 790/26/320 796/33/320 797/34/320 791/27/320
f 791/27/5 797/34/5 798/35/5 792/28/5
f 792/28/321 798/35/321 793/29/321 787/22/321
f 793/29/322 799/36/322 800/37/322 794/30/322
f 794/30/2 800/37/2 801/38/2 795/31/2
f 795/31/323 801/38/323 802/39/323 796/32/323
f 796/33/324 802/40/324 803/41/324 797/34/324
f 797/34/5 803/41/5 804/42/5 798/35/5
f 798/35/325 804/42/325 799/36/325 793/29/325
f 799/36/326 805/43/326 806/44/326 800/37/326
f 800/37/2 806/44/2 807/45/2 801/38/2
f 801/38/327 807/45/327 808/46/327 802/39/327
f 802/40/328 808/47/328 809/48/328 803/41/328
f 803/41/5 809/48/5 810/49/5 804/42/5
f 804/42/329 810/49/329 805/43/329 799/36/329
f 805/43/330 811/50/330 812/51/330 806/44/330
f 806/44/2 812/51/2 813/52/2 807/45/2
f 807/45/331 813/52/331 814/53/331 808/46/331
f 808/47/332 814/54/332 815/55/332 809/48/332
f 809/48/5 815/55/5 816/56/5 810/49/5
f 810/49/333 816/56/333 811/50/333 805/43/333
f 811/50/334 817/57/334 818/58/334 812/51/334
f 812/51/2 818/58/2 819/59/2 813/52/2
f 813/52/335 819/59/335 820/60/335 814/53/335
f 814/54/336 820/61/336 821/62/336 815/55/336
f 815/55/5 821/62/5 822/63/5 816/56/5
f 816/56/337 822/63/337 817/57/337 811/50/337
f 817/57/338 823/64/338 824/65/338 818/58/338
f 818/58/2 824/65/2 825/66/2 819/59/2
f 819/59/339 825/66/339 826/67/339 820/60/339
f 820/61/340 826/68/340 827/69/340 821/62/340
f 821/62/5 827/69/5 828/70/5 822/63/5
f 822/63/341 828/70/341 823/64/341 817/57/341
f 823/64/342 829/71/342 830/72/342 824/65/342
f 824/65/2 830/72/2 831/73/2 825/66/2
f 825/66/343 831/73/343 832/74/343 826/67/343
f 826/68/344 832/75/344 833/76/344 827/69/344
f 827/69/5 833/76/5 834/77/5 828/70/5
f 828/70/345 834/77/345 829/71/345 823/64/345
f 829/71/346 835/78/346 836/79/346 830/72/346
f 830/72/2 836/79/2 837/80/2 831/73/2
f 831/73/347 837/80/347 838/81/347 832/74/347
f 832/75/348 838/82/348 839/83/348 833/76/348
f 833/76/5 839/83/5 840/84/5 834/77/5
f 834/77/349 840/84/349 835/78/349 829/71/349
f 835/78/350 841/85/350 842/86/350 836/79/350
f 836/79/2 842/86/2 843/87/2 837/80/2
f 837/80/351 843/87/351 844/88/351 838/81/351
f 838/82/352 844/89/352 845/90/352 839/83/352
f 839/83/5 845/90/5 846/91/5 840/84/5
f 840/84/353 846/91/353 841/85/353 835/78/353
f 841/85/354 847/92/354 848/93/354 842/86/354
f 842/86/2 848/93/2 849/94/2 843/87/2
f 843/87/355 849/94/355 850/95/355 844/88/355
f 844/89/356 850/96/356 851/97/356 845/90/356
f 845/90/5 851/97/5 852/98/5 846/91/5
f 846/91/357 852/98/357 847/92/357 841/85/357
f 847/92/358 853/99/358 854/100/358 848/93/358
f 848/93/2 854/100/2 855/101/2 849/94/2
f 849/94/359 855/101/359 856/102/359 850/95/359
f 850/96/360 856/103/360 857/104/360 851/97/360
f 851/97/5 857/104/5 858/105/5 852/98/5
f 852/98/361 858/105/361 853/99/361 847/92/361
f 853/99/362 859/106/362 860/107/362 854/100/362
f 854/100/2 860/107/2 861/108/2 855/101/2
f 855/101/363 861/108/363 862/109/363 856/102/363
f 856/103/364 862/110/364 863/111/364 857/104/364
f 857/104/5 863/111/5 864/112/5 858/105/5
f 858/105/365 864/112/365 859/106/365 853/99/365
f 859/106/366 865/113/366 866/114/366 860/107/366
f 860/107/2 866/114/2 867/115/2 861/108/2
f 861/108/367 867/115/367 868/116/367 862/109/367
f 862/110/368 868/117/368 869/118/368 863/111/368
f 863/111/5 869/118/5 870/119/5 864/112/5
f 864/112/369 870/119/369 865/113/369 859/106/369
f 865/120/307 871/121/307 872/122/307 866/123/307
f 866/123/2 872/122/2 873/124/2 867/125/2
f 867/125/370 873/124/370 874/126/370 868/127/370
f 868/128/309 874/129/309 875/130/309 869/131/309
f 869/131/5 875/130/5 876/132/5 870/133/5
f 870/133/308 876/132/308 871/121/308 865/120/308
f 871/121/311 877/134/311 878/135/311 872/122/311
f 872/122/2 878/135/2 879/136/2 873/124/2
f 873/124/310 879/136/310 880/137/310 874/126/310
f 874/129/313 880/138/313 881/139/313 875/130/313
f 875/130/5 881/139/5 882/140/5 876/132/5
f 876/132/312 882/140/312 877/134/312 871/121/312
f 877/134/315 883/141/315 884/142/315 878/135/315
f 878/135/2 884/142/2 885/143/2 879/136/2
f 879/136/314 885/143/314 886/144/314 880/137/314
f 880/138/317 886/145/317 887/146/317 881/139/317
f 881/139/5 887/146/5 888/147/5 882/140/5
f 882/140/316 888/147/316 883/141/316 877/134/316
f 883/141/319 889/148/319 890/149/319 884/142/319
f 884/142/2 890/149/2 891/150/2 885/143/2
f 885/143/318 891/150/318 892/151/318 886/144/318
f 886/145/321 892/152/321 893/153/321 887/146/321
f 887/146/5 893/153/5 894/154/5 888/147/5
f 888/147/320 894/154/320 889/148/320 883/141/320
f 889/148/371 895/155/371 896/156/371 890/149/371
f 890/149/2 896/156/2 897/157/2 891/150/2
f 891/150/322 897/157/322 898/158/322 892/151/322
f 892/152/372 898/159/372 899/160/372 893/153/372
f 893/153/5 899/160/5 900/161/5 894/154/5
f 894/154/324 900/161/324 895/155/324 889/148/324
f 895/155/327 901/162/327 902/163/327 896/156/327
f 896/156/2 902/163/2 903/164/2 897/157/2
f 897/157/326 903/164/326 904/165/326 898/158/326
f 898/159/329 904/166/329 905/167/329 899/160/329
f 899/160/5 905/167/5 906/168/5 900/161/5
f 900/161/328 906/168/328 901/162/328 895/155/328
f 901/162/373 907/169/373 908/170/373 902/163/373
f 902/163/2 908/170/2 909/171/2 903/164/2
f 903/164/374 909/171/374 910/172/374 904/165/374
f 904/166/375 910/173/375 911/174/375 905/167/375
f 905/167/5 911/174/5 912/175/5 906/168/5
f 906/168/376 912/175/376 907/169/376 901/162/376
f 907/169/335 913/176/335 914/177/335 908/170/335
f 908/170/2 914/177/2 915/178/2 909/171/2
f 909/171/334 915/178/334 916/179/334 910/172/334
f 910/173/337 916/180/337 917/181/337 911/174/337
f 911/174/5 917/181/5 918/182/5 912/175/5
f 912/175/336 918/182/336 913/176/336 907/169/336
f 913/176/377 919/183/377 920/184/377 914/177/377
f 914/177/2 920/184/2 921/185/2 915/178/2
f 915/178/378 921/185/378 922/186/378 916/179/378
f 916/180/341 922/187/341 923/188/341 917/181/341
f 917/181/5 923/188/5 924/189/5 918/182/5
f 918/182/340 924/189/340 919/183/340 913/176/340
f 919/183/343 925/190/343 926/191/343 920/184/343
f 920/184/2 926/191/2 927/192/2 921/185/2
f 921/185/342 927/192/342 928/193/342 922/186/342
f 922/187/345 928/194/345 929/195/345 923/188/345
f 923/188/5 929/195/5 930/196/5 924/189/5
f 924/189/379 930/196/379 925/190/379 919/183/379
f 925/190/347 931/197/347 932/198/347 926/191/347
f 926/191/2 932/198/2 933/199/2 927/192/2
f 927/192/346 933/199/346 934/200/346 928/193/346
f 928/194/349 934/201/349 935/202/349 929/195/349
f 929/195/5 935/202/5 936/203/5 930/196/5
f 930/196/348 936/203/348 931/197/348 925/190/348
f 931/197/351 937/204/351 938/205/351 932/198/351
f 932/198/2 938/205/2 939/206/2 933/199/2
f 933/199/350 939/206/350 940/207/350 934/200/350
f 934/201/353 940/208/353 941/209/353 935/202/353
f 935/202/5 941/209/5 942/210/5 936/203/5
f 936/203/352 942/210/352 937/204/352 931/197/352
f 937/204/380 943/211/380 944/212/380 938/205/380
f 938/205/2 944/212/2 945/213/2 939/206/2
f 939/206/354 945/213/354 946/214/354 940/207/354
f 940/208/357 946/215/357 947/216/357 941/209/357
f 941/209/5 947/216/5 948/217/5 942/210/5
f 942/210/356 948/217/356 943/211/356 937/204/356
f 943/211/359 949/218/359 950/219/359 944/212/359
f 944/212/2 950/219/2 951/220/2 945/213/2
f 945/213/358 951/220/358 952/221/358 946/214/358
f 946/215/361 952/222/361 953/223/361 947/216/361
f 947/216/5 953/223/5 954/224/5 948/217/5
f 948/217/360 954/224/360 949/218/360 943/211/360
f 949/218/363 955/225/363 956/226/363 950/219/363
f 950/219/2 956/226/2 957/227/2 951/220/2
f 951/220/362 957/227/362 958/228/362 952/221/362
f 952/222/365 958/229/365 959/230/365 953/223/365
f 953/223/5 959/230/5 960/231/5 954/224/5
f 954/224/364 960/231/364 955/225/364 949/218/364
f 955/225/367 769/1/367 770/4/367 956/226/367
f 956/226/2 770/4/2 771/6/2 957/227/2
f 957/227/366 771/6/366 772/8/366 958/228/366
f 958/229/369 772/9/369 773/12/369 959/230/369
f 959/230/5 773/12/5 774/14/5 960/231/5
f 960/231/368 774/14/368 769/1/368 955/225/368
f 961/1/381 967/2/381 968/3/381 962/4/381
f 962/4/2 968/3/2 969/5/2 963/6/2
f 963/6/382 969/5/382 970/7/382 964/8/382
f 964/9/383 970/10/383 971/11/383 965/12/383
f 965/12/5 971/11/5 972/13/5 966/14/5
f 966/14/384 972/13/384 967/2/384 961/1/384
f 967/2/385 973/15/385 974/16/385 968/3/385
f 968/3/2 974/16/2 975/17/2 969/5/2
f 969/5/386 975/17/386 976/18/386 970/7/386
f 970/10/387 976/19/387 977/20/387 971/11/387
f 971/11/5 977/20/5 978/21/5 972/13/5
f 972/13/388 978/21/388 973/15/388 967/2/388
f 973/15/389 979/22/389 980/23/389 974/16/389
f 974/16/2 980/23/2 981/24/2 975/17/2
f 975/17/390 981/24/390 982/25/390 976/18/390
f 976/19/391 982/26/391 983/27/391 977/20/391
f 977/20/5 983/27/5 984/28/5 978/21/5
f 978/21/392 984/28/392 979/22/392 973/15/392
f 979/22/393 985/29/393 986/30/393 980/23/393
f 980/23/2 986/30/2 987/31/2 981/24/2
f 981/24/394 987/31/394 988/32/394 982/25/394
f 982/26/395 988/33/395 989/34/395 983/27/395
f 983/27/5 989/34/5 990/35/5 984/28/5
f 984/28/396 990/35/396 985/29/396 979/22/396
f 985/29/397 991/36/397 992/37/397 986/30/397
f 986/30/2 992/37/2 993/38/2 987/31/2
f 987/31/398 993/38/398 994/39/398 988/32/398
f 988/33/399 994/40/399 995/41/399 989/34/399
f 989/34/5 995/41/5 996/42/5 990/35/5
f 990/35/400 996/42/400 991/36/400 985/29/400
f 991/36/401 997/43/401 998/44/401 992/37/401
f 992/37/2 998/44/2 999/45/2 993/38/2
f 993/38/402 999/45/402 1000/46/402 994/39/402
f 994/40/403 1000/47/403 1001/48/403 995/41/403
f 995/41/5 1001/48/5 1002/49/5 996/42/5
f 996/42/404 1002/49/404 997/43/404 991/36/404
f 997/43/405 1003/50/405 1004/51/405 998/44/405
f 998/44/2 1004/51/2 1005/52/2 999/45/2
f 999/45/406 1005/52/406 1006/53/406 1000/46/406
f 1000/47/407 1006/54/407 1007/55/407 1001/48/407
f 1001/48/5 1007/55/5 1008/56/5 1002/49/5
f 1002/49/408 1008/56/408 1003/50/408 997/43/408
f 1003/50/409 1009/57/409 1010/58/409 1004/51/409
f 1004/51/2 1010/58/2 1011/59/2 1005/52/2
f 1005/52/410 1011/59/410 1012/60/410 1006/53/410
f 1006/54/411 1012/61/411 1013/62/411 1007/55/411
f 1007/55/5 1013/62/5 1014/63/5 1008/56/5
f 1008/56/412 1014/63/412 1009/57/412 1003/50/412
f 1009/57/413 1015/64/413 1016/65/413 1010/58/413
f 1010/58/2 1016/65/2 1017/66/2 1011/59/2
f 1011/59/414 1017/66/414 1018/67/414 1012/60/414
f 1012/61/415 1018/68/415 1019/69/415 1013/62/415
f 1013/62/5 1019/69/5 1020/70/5 1014/63/5
f 1014/63/416 1020/70/416 1015/64/416 1009/57/416
f 1015/64/417 1021/71/417 1022/72/417 1016/65/417
f 1016/65/2 1022/72/2 1023/73/2 1017/66/2
f 1017/66/418 1023/73/418 1024/74/418 1018/67/418
f 1018/68/419 1024/75/419 1025/76/419 1019/69/419
f 1019/69/5 1025/76/5 1026/77/5 1020/70/5
f 1020/70/420 1026/77/420 1021/71/420 1015/64/420
f 1021/71/421 1027/78/421 1028/79/421 1022/72/421
f 1022/72/2 1028/79/2 1029/80/2 1023/73/2
f 1023/73/422 1029/80/422 1030/81/422 1024/74/422
f 1024/75/423 1030/82/423 1031/83/423 1025/76/423
f 1025/76/5 1031/83/5 1032/84/5 1026/77/5
f 1026/77/424 1032/84/424 1027/78/424 1021/71/424
f 1027/78/425 1033/85/425 1034/86/425 1028/79/425
f 1028/79/2 1034/86/2 1035/87/2 1029/80/2
f 1029/80/426 1035/87/426 1036/88/426 1030/81/426
f 1030/82/427 1036/89/427 1037/90/427 1031/83/427
f 1031/83/5 1037/90/5 1038/91/5 1032/84/5
f 1032/84/428 1038/91/428 1033/85/428 1027/78/428
f 1033/85/429 1039/92/429 1040/93/429 1034/86/429
f 1034/86/2 1040/93/2 1041/94/2 1035/87/2
f 1035/87/430 1041/94/430 1042/95/430 1036/88/430
f 1036/89/431 1042/96/431 1043/97/431 1037/90/431
f 1037/90/5 1043/97/5 1044/98/5 1038/91/5
f 1038/91/432 1044/98/432 1039/92/432 1033/85/432
f 1039/92/433 1045/99/433 1046/100/433 1040/93/433
f 1040/93/2 1046/100/2 1047/101/2 1041/94/2
f 1041/94/434 1047/101/434 1048/102/434 1042/95/434
f 1042/96/435 1048/103/435 1049/104/435 1043/97/435
f 1043/97/5 1049/104/5 1050/105/5 1044/98/5
f 1044/98/436 1050/105/436 1045/99/436 1039/92/436
f 1045/99/437 1051/106/437 1052/107/437 1046/100/437
f 1046/100/2 1052/107/2 1053/108/2 1047/101/2
f 1047/101/438 1053/108/438 1054/109/438 1048/102/438
f 1048/103/439 1054/110/439 1055/111/439 1049/104/439
f 1049/104/5 1055/111/5 1056/112/5 1050/105/5
f 1050/105/440 1056/112/440 1051/106/440 1045/99/440
f 1051/106/441 1057/113/441 1058/114/441 1052/107/441
f 1052/107/2 1058/114/2 1059/115/2 1053/108/2
f 1053/108/442 1059/115/442 1060/116/442 1054/109/442
f 1054/110/443 1060/117/443 1061/118/443 1055/111/443
f 1055/111/5 1061/118/5 1062/119/5 1056/112/5
f 1056/112/444 1062/119/444 1057/113/444 1051/106/444
f 1057/120/382 1063/121/382 1064/122/382 1058/123/382
f 1058/123/2 1064/122/2 1065/124/2 1059/125/2
f 1059/125/381 1065/124/381 1066/126/381 1060/127/381
f 1060/128/384 1066/129/384 1067/130/384 1061/131/384
f 1061/131/5 1067/130/5 1068/132/5 1062/133/5
f 1062/133/383 1068/132/383 1063/121/383 1057/120/383
f 1063/121/386 1069/134/386 1070/135/386 1064/122/386
f 1064/122/2 1070/135/2 1071/136/2 1065/124/2
f 1065/124/385 1071/136/385 1072/137/385 1066/126/385
f 1066/129/445 1072/138/445 1073/139/445 1067/130/445
f 1067/130/5 1073/139/5 1074/140/5 1068/132/5
f 1068/132/387 1074/140/387 1069/134/387 1063/121/387
f 1069/134/390 1075/141/390 1076/142/390 1070/135/390
f 1070/135/2 1076/142/2 1077/143/2 1071/136/2
f 1071/136/389 1077/143/389 1078/144/389 1072/137/389
f 1072/138/392 1078/145/392 1079/146/392 1073/139/392
f 1073/139/5 1079/146/5 1080/147/5 1074/140/5
f 1074/140/391 1080/147/391 1075/141/391 1069/134/391
f 1075/141/394 1081/148/394 1082/149/394 1076/142/394
f 1076/142/2 1082/149/2 1083/150/2 1077/143/2
f 1077/143/393 1083/150/393 1084/151/393 1078/144/393
f 1078/145/396 1084/152/396 1085/153/396 1079/146/396
f 1079/146/5 1085/153/5 1086/154/5 1080/147/5
f 1080/147/395 1086/154/395 1081/148/395 1075/141/395
f 1081/148/398 1087/155/398 1088/156/398 1082/149/398
f 1082/149/2 1088/156/2 1089/157/2 1083/150/2
f 1083/150/397 1089/157/397 1090/158/397 1084/151/397
f 1084/152/446 1090/159/446 1091/160/446 1085/153/446
f 1085/153/5 1091/160/5 1092/161/5 1086/154/5
f 1086/154/399 1092/161/399 1087/155/399 1081/148/399
f 1087/155/402 1093/162/402 1094/163/402 1088/156/402
f 1088/156/2 1094/163/2 1095/164/2 1089/157/2
f 1089/157/447 1095/164/447 1096/165/447 1090/158/447
f 1090/159/448 1096/166/448 1097/167/448 1091/160/448
f 1091/160/5 1097/167/5 1098/168/5 1092/161/5
f 1092/161/403 1098/168/403 1093/162/403 1087/155/403
f 1093/162/406 1099/169/406 1100/170/406 1094/163/406
f 1094/163/2 1100/170/2 1101/171/2 1095/164/2
f 1095/164/405 1101/171/405 1102/172/405 1096/165/405
f 1096/166/408 1102/173/408 1103/174/408 1097/167/408
f 1097/167/5 1103/174/5 1104/175/5 1098/168/5
f 1098/168/449 1104/175/449 1099/169/449 1093/162/449
f 1099/169/410 1105/176/410 1106/177/410 1100/170/410
f 1100/170/2 1106/177/2 1107/178/2 1101/171/2
f 1101/171/409 1107/178/409 1108/179/409 1102/172/409
f 1102/173/412 1108/180/412 1109/181/412 1103/174/412
f 1103/174/5 1109/181/5 1110/182/5 1104/175/5
f 1104/175/411 1110/182/411 1105/176/411 1099/169/411
f 1105/176/450 1111/183/450 1112/184/450 1106/177/450
f 1106/177/2 1112/184/2 1113/185/2 1107/178/2
f 1107/178/413 1113/185/413 1114/186/413 1108/179/413
f 1108/180/416 1114/187/416 1115/188/416 1109/181/416
f 1109/181/5 1115/188/5 1116/189/5 1110/182/5
f 1110/182/451 1116/189/451 1111/183/451 1105/176/451
f 1111/183/418 1117/190/418 1118/191/418 1112/184/418
f 1112/184/2 1118/191/2 1119/192/2 1113/185/2
f 1113/185/417 1119/192/417 1120/193/417 1114/186/417
f 1114/187/452 1120/194/452 1121/195/452 1115/188/452
f 1115/188/5 1121/195/5 1122/196/5 1116/189/5
f 1116/189/453 1122/196/453 1117/190/453 1111/183/453
f 1117/190/422 1123/197/422 1124/198/422 1118/191/422
f 1118/191/2 1124/198/2 1125/199/2 1119/192/2
f 1119/192/421 1125/199/421 1126/200/421 1120/193/421
f 1120/194/424 1126/201/424 1127/202/424 1121/195/424
f 1121/195/5 1127/202/5 1128/203/5 1122/196/5
f 1122/196/423 1128/203/423 1123/197/423 1117/190/423
f 1123/197/426 1129/204/426 1130/205/426 1124/198/426
f 1124/198/2 1130/205/2 1131/206/2 1125/199/2
f 1125/199/425 1131/206/425 1132/207/425 1126/200/425
f 1126/201/428 1132/208/428 1133/209/428 1127/202/428
f 1127/202/5 1133/209/5 1134/210/5 1128/203/5
f 1128/203/427 1134/210/427 1129/204/427 1123/197/427
f 1129/204/430 1135/211/430 1136/212/430 1130/205/430
f 1130/205/2 1136/212/2 1137/213/2 1131/206/2
f 1131/206/454 1137/213/454 1138/214/454 1132/207/454
f 1132/208/455 1138/215/455 1139/216/455 1133/209/455
f 1133/209/5 1139/216/5 1140/217/5 1134/210/5
f 1134/210/431 1140/217/431 1135/211/431 1129/204/431
f 1135/211/434 1141/218/434 1142/219/434 1136/212/434
f 1136/212/2 1142/219/2 1143/220/2 1137/213/2
f 1137/213/456 1143/220/456 1144/221/456 1138/214/456
f 1138/215/457 1144/222/457 1145/223/457 1139/216/457
f 1139/216/5 1145/223/5 1146/224/5 1140/217/5
f 1140/217/435 1146/224/435 1141/218/435 1135/211/435
f 1141/218/458 1147/225/458 1148/226/458 1142/219/458
f 1142/219/2 1148/226/2 1149/227/2 1143/220/2
f 1143/220/459 1149/227/459 1150/228/459 1144/221/459
f 1144/222/460 1150/229/460 1151/230/460 1145/223/460
f 1145/223/5 1151/230/5 1152/231/5 1146/224/5
f 1146/224/461 1152/231/461 1147/225/461 1141/218/461
f 1147/225/442 961/1/442 962/4/442 1148/226/442
f 1148/226/2 962/4/2 963/6/2 1149/227/2
f 1149/227/441 963/6/441 964/8/441 1150/228/441
f 1150/229/444 964/9/444 965/12/444 1151/230/444
f 1151/230/5 965/12/5 966/14/5 1152/231/5
f 1152/231/443 966/14/443 961/1/443 1147/225/443
o 立方体
v 0.550664 0.422539 -0.622631
v -0.422539 0.550664 -0.622631
v 0.000000 0.000000 1.377369
v 0.422539 -0.550664 -0.622631
v -0.550664 -0.422539 -0.622631
v 0.660937 0.507155 -0.793338
v -0.507155 0.660937 -0.793338
v 0.507155 -0.660937 -0.793338
v -0.660937 -0.507155 -0.793338
v 0.264473 0.202938 -0.966519
v -0.202938 0.264474 -0.966519
v 0.202938 -0.264474 -0.966519
v -0.264474 -0.202938 -0.966519
vn 0.1268 0.9629 0.2383
vn -0.1268 -0.9629 0.2383
vn 0.8592 -0.1131 0.4990
vn 0.9629 -0.1268 0.2383
vn -0.9629 0.1268 0.2383
vn -0.4363 0.0574 -0.8980
vn 0.1131 0.8592 0.4990
vn -0.8592 0.1131 0.4990
vn -0.1131 -0.8592 0.4990
vn -0.0000 -0.0000 -1.0000
vn -0.0574 -0.4363 -0.8980
vn 0.4363 -0.0574 -0.8980
vn 0.0574 0.4363 -0.8980
vt 0.375000 0.000000
vt 0.625000 0.000000
vt 0.375000 0.250000
vt 0.625000 0.500000
vt 0.625000 0.750000
vt 0.375000 0.750000
vt 0.125000 0.750000
vt 0.375000 0.500000
vt 0.875000 0.500000
vt 0.875000 0.750000
vt 0.625000 1.000000
vt 0.375000 1.000000
s 1
usemtl Material.003
f 1153/232/462 1154/233/462 1155/234/462
f 1155/235/463 1157/236/463 1156/237/463
f 1153/238/464 1156/237/464 1160/237/464 1158/238/464
f 1155/239/465 1156/237/465 1153/238/465
f 1155/240/466 1154/241/466 1157/236/466
f 1161/236/467 1159/241/467 1163/241/467 1165/236/467
f 1154/233/468 1153/232/468 1158/232/468 1159/233/468
f 1157/236/469 1154/241/469 1159/241/469 1161/236/469
f 1156/237/470 1157/236/470 1161/236/470 1160/237/470
f 1164/237/471 1165/236/471 1163/242/471 1162/243/471
f 1160/237/472 1161/236/472 1165/236/472 1164/237/472
f 1158/238/473 1160/237/473 1164/237/473 1162/238/473
f 1159/233/474 1158/232/474 1162/232/474 1163/233/474
o 立方体.001
v 0.925983 0.219770 -1.067291
v 1.278455 0.391889 -0.923781
v 0.747834 0.365185 -0.196329
v 0.742706 0.595090 -1.067291
v 1.095177 0.767210 -0.923781
v 0.810170 -0.499369 -1.067291
v 1.181112 -0.626896 -0.923781
v 0.787023 -0.270574 -0.196329
v 0.945965 -0.104380 -1.067291
v 1.316906 -0.231908 -0.923781
v 0.219770 -0.925984 -1.067291
v 0.391889 -1.278455 -0.923781
v 0.365185 -0.747834 -0.196329
v 0.595090 -0.742706 -1.067291
v 0.767210 -1.095177 -0.923781
v -0.499369 -0.810170 -1.067291
v -0.626896 -1.181112 -0.923781
v -0.270574 -0.787023 -0.196329
v -0.104380 -0.945965 -1.067291
v -0.231908 -1.316906 -0.923781
v -0.925984 -0.219770 -1.067291
v -1.278455 -0.391889 -0.923781
v -0.747834 -0.365185 -0.196329
v -0.742706 -0.595090 -1.067291
v -1.095177 -0.767210 -0.923781
v -0.810170 0.499369 -1.067291
v -1.181112 0.626897 -0.923781
v -0.787023 0.270574 -0.196329
v -0.945965 0.104380 -1.067291
v -1.316906 0.231908 -0.923781
v -0.219770 0.925984 -1.067291
v -0.391889 1.278455 -0.923781
v -0.365185 0.747834 -0.196329
v -0.595090 0.742706 -1.067291
v -0.767210 1.095177 -0.923781
v 0.499369 0.810170 -1.067291
v 0.626897 1.181112 -0.923781
v 0.270574 0.787023 -0.196329
v 0.104380 0.945965 -1.067291
v 0.231908 1.316906 -0.923781
vn 0.3526 -0.9086 0.2238
vn -0.4997 0.8368 0.2238
vn 0.3087 0.1508 -0.9391
vn -0.8931 -0.4361 -0.1099
vn 0.7460 0.3643 0.5575
vn -0.3932 -0.8918 0.2238
vn 0.2383 0.9450 0.2238
vn 0.3249 -0.1117 -0.9391
vn -0.9399 0.3231 -0.1099
vn 0.7851 -0.2699 0.5575
vn -0.9086 -0.3526 0.2238
vn 0.8368 0.4997 0.2238
vn 0.1508 -0.3087 -0.9391
vn -0.4361 0.8931 -0.1099
vn 0.3643 -0.7460 0.5575
vn -0.8918 0.3932 0.2238
vn 0.9450 -0.2383 0.2238
vn -0.1117 -0.3249 -0.9391
vn 0.3231 0.9399 -0.1099
vn -0.2699 -0.7851 0.5575
vn -0.3526 0.9086 0.2238
vn 0.4997 -0.8368 0.2238
vn -0.3087 -0.1508 -0.9391
vn 0.8931 0.4361 -0.1099
vn -0.7460 -0.3643 0.5575
vn 0.3932 0.8918 0.2238
vn -0.2383 -0.9450 0.2238
vn -0.3249 0.1117 -0.9391
vn 0.9399 -0.3231 -0.1099
vn -0.7851 0.2699 0.5575
vn 0.9086 0.3526 0.2238
vn -0.8368 -0.4997 0.2238
vn -0.1508 0.3087 -0.9391
vn 0.4361 -0.8931 -0.1099
vn -0.3643 0.7460 0.5575
vn 0.8918 -0.3932 0.2238
vn -0.9450 0.2383 0.2238
vn 0.1117 0.3249 -0.9391
vn -0.3231 -0.9399 -0.1099
vn 0.2699 0.7851 0.5575
vt 0.375000 0.000000
vt 0.625000 0.000000
vt 0.375000 0.250000
vt 0.625000 0.500000
vt 0.625000 0.750000
vt 0.375000 0.750000
vt 0.625000 1.000000
vt 0.375000 1.000000
vt 0.375000 0.500000
vt 0.125000 0.750000
vt 0.875000 0.500000
vt 0.875000 0.750000
s 1
usemtl マテリアル
f 1166/244/475 1167/245/475 1168/246/475
f 1168/247/476 1170/248/476 1169/249/476
f 1169/249/477 1170/248/477 1167/250/477 1166/251/477
f 1168/252/478 1169/249/478 1166/253/478
f 1168/254/479 1167/255/479 1170/248/479
f 1171/244/480 1172/245/480 1173/246/480
f 1173/247/481 1175/248/481 1174/249/481
f 1174/249/482 1175/248/482 1172/250/482 1171/251/482
f 1173/252/483 1174/249/483 1171/253/483
f 1173/254/484 1172/255/484 1175/248/484
f 1176/244/485 1177/245/485 1178/246/485
f 1178/247/486 1180/248/486 1179/249/486
f 1179/249/487 1180/248/487 1177/250/487 1176/251/487
f 1178/252/488 1179/249/488 1176/253/488
f 1178/254/489 1177/255/489 1180/248/489
f 1181/244/490 1182/245/490 1183/246/490
f 1183/247/491 1185/248/491 1184/249/491
f 1184/249/492 1185/248/492 1182/250/492 1181/251/492
f 1183/252/493 1184/249/493 1181/253/493
f 1183/254/494 1182/255/494 1185/248/494
f 1186/244/495 1187/245/495 1188/246/495
f 1188/247/496 1190/248/496 1189/249/496
f 1189/249/497 1190/248/497 1187/250/497 1186/251/497
f 1188/252/498 1189/249/498 1186/253/498
f 1188/254/499 1187/255/499 1190/248/499
f 1191/244/500 1192/245/500 1193/246/500
f 1193/247/501 1195/248/501 1194/249/501
f 1194/249/502 1195/248/502 1192/250/502 1191/251/502
f 1193/252/503 1194/249/503 1191/253/503
f 1193/254/504 1192/255/504 1195/248/504
f 1196/244/505 1197/245/505 1198/246/505
f 1198/247/506 1200/248/506 1199/249/506
f 1199/249/507 1200/248/507 1197/250/507 1196/251/507
f 1198/252/508 1199/249/508 1196/253/508
f 1198/254/509 1197/255/509 1200/248/509
f 1201/244/510 1202/245/510 1203/246/510
f 1203/247/511 1205/248/511 1204/249/511
f 1204/249/512 1205/248/512 1202/250/512 1201/251/512
f 1203/252/513 1204/249/513 1201/253/513
f 1203/254/514 1202/255/514 1205/248/514
